config,model,feature,importance,method,target
target_a_btc_30d_gt_15__logistic_regression,logistic_regression,equity_realized_vol_21d,-1.206260466138757,coefficient,target_a_btc_30d_gt_15
target_a_btc_30d_gt_15__logistic_regression,logistic_regression,vix_level,0.9614473819887608,coefficient,target_a_btc_30d_gt_15
target_a_btc_30d_gt_15__logistic_regression,logistic_regression,eth_btc_relative_strength_30d,-0.6666187115224371,coefficient,target_a_btc_30d_gt_15
target_a_btc_30d_gt_15__logistic_regression,logistic_regression,dow_vol_level,0.5853736769703458,coefficient,target_a_btc_30d_gt_15
target_a_btc_30d_gt_15__logistic_regression,logistic_regression,falling_vix_after_high_vix,0.5824256075255309,coefficient,target_a_btc_30d_gt_15
target_a_btc_30d_gt_15__logistic_regression,logistic_regression,downside_to_upside_volatility_ratio,-0.5293124605318615,coefficient,target_a_btc_30d_gt_15
target_a_btc_30d_gt_15__logistic_regression,logistic_regression,volatility_of_volatility,0.4747345441686093,coefficient,target_a_btc_30d_gt_15
target_a_btc_30d_gt_15__logistic_regression,logistic_regression,eth_btc_relative_strength_14d,0.45615527137060974,coefficient,target_a_btc_30d_gt_15
target_a_btc_30d_gt_15__logistic_regression,logistic_regression,tvl_percentile,0.4043897515345988,coefficient,target_a_btc_30d_gt_15
target_a_btc_30d_gt_15__logistic_regression,logistic_regression,equity_momentum_21d,-0.35361110398562556,coefficient,target_a_btc_30d_gt_15
target_a_btc_30d_gt_15__logistic_regression,logistic_regression,risk_appetite_recovery_score,-0.3328689374045603,coefficient,target_a_btc_30d_gt_15
target_a_btc_30d_gt_15__logistic_regression,logistic_regression,jump_intensity,0.29379842405390844,coefficient,target_a_btc_30d_gt_15
target_a_btc_30d_gt_15__logistic_regression,logistic_regression,distance_from_90d_lows,-0.28745437152305325,coefficient,target_a_btc_30d_gt_15
target_a_btc_30d_gt_15__logistic_regression,logistic_regression,recovery_from_drawdown,-0.2744617835368324,coefficient,target_a_btc_30d_gt_15
target_a_btc_30d_gt_15__logistic_regression,logistic_regression,upside_semivariance,-0.266646800084812,coefficient,target_a_btc_30d_gt_15
target_a_btc_30d_gt_15__logistic_regression,logistic_regression,top20_above_30dma_pct,0.22591058911276307,coefficient,target_a_btc_30d_gt_15
target_a_btc_30d_gt_15__logistic_regression,logistic_regression,volume_confirmation_of_price_trend,-0.20868692583246873,coefficient,target_a_btc_30d_gt_15
target_a_btc_30d_gt_15__logistic_regression,logistic_regression,vix_change_5d,-0.16500103375272956,coefficient,target_a_btc_30d_gt_15
target_a_btc_30d_gt_15__logistic_regression,logistic_regression,funding_rate_btc_eth_mean,0.15470315774021529,coefficient,target_a_btc_30d_gt_15
target_a_btc_30d_gt_15__logistic_regression,logistic_regression,vix_change_21d,0.12027907889340878,coefficient,target_a_btc_30d_gt_15
target_a_btc_30d_gt_15__logistic_regression,logistic_regression,tvl_acceleration,-0.10654776920901782,coefficient,target_a_btc_30d_gt_15
target_a_btc_30d_gt_15__logistic_regression,logistic_regression,dispersion_acceleration,-0.09745650706408532,coefficient,target_a_btc_30d_gt_15
target_a_btc_30d_gt_15__logistic_regression,logistic_regression,market_dollar_volume_growth_30d,-0.07202371146108404,coefficient,target_a_btc_30d_gt_15
target_a_btc_30d_gt_15__logistic_regression,logistic_regression,stablecoin_supply_acceleration,0.06107657778424609,coefficient,target_a_btc_30d_gt_15
target_a_btc_30d_gt_15__logistic_regression,logistic_regression,basis_close_btc_eth_mean,0.053978082626344084,coefficient,target_a_btc_30d_gt_15
target_a_btc_30d_gt_15__logistic_regression,logistic_regression,top20_30d_high_pct,0.03774796697831163,coefficient,target_a_btc_30d_gt_15
target_a_btc_30d_gt_15__logistic_regression,logistic_regression,stablecoin_supply_percentile,0.02087355441491015,coefficient,target_a_btc_30d_gt_15
target_a_btc_30d_gt_15__logistic_regression,logistic_regression,combined_crypto_liquidity_impulse,-0.008116914743282121,coefficient,target_a_btc_30d_gt_15
target_a_btc_30d_gt_15__logistic_regression,logistic_regression,open_interest_growth_7d,0.0,coefficient,target_a_btc_30d_gt_15
target_a_btc_30d_gt_15__logistic_regression,logistic_regression,long_short_ratio_btc_eth_mean,0.0,coefficient,target_a_btc_30d_gt_15
target_a_btc_30d_gt_15__logistic_regression,logistic_regression,taker_imbalance_btc_eth_mean,0.0,coefficient,target_a_btc_30d_gt_15
target_a_btc_30d_gt_15__elastic_net_logistic,elastic_net_logistic,equity_realized_vol_21d,-0.9748279108083926,coefficient,target_a_btc_30d_gt_15
target_a_btc_30d_gt_15__elastic_net_logistic,elastic_net_logistic,vix_level,0.811296376440069,coefficient,target_a_btc_30d_gt_15
target_a_btc_30d_gt_15__elastic_net_logistic,elastic_net_logistic,eth_btc_relative_strength_30d,-0.5665218465140615,coefficient,target_a_btc_30d_gt_15
target_a_btc_30d_gt_15__elastic_net_logistic,elastic_net_logistic,dow_vol_level,0.4753876551885841,coefficient,target_a_btc_30d_gt_15
target_a_btc_30d_gt_15__elastic_net_logistic,elastic_net_logistic,falling_vix_after_high_vix,0.4717799779046451,coefficient,target_a_btc_30d_gt_15
target_a_btc_30d_gt_15__elastic_net_logistic,elastic_net_logistic,downside_to_upside_volatility_ratio,-0.41182746378818685,coefficient,target_a_btc_30d_gt_15
target_a_btc_30d_gt_15__elastic_net_logistic,elastic_net_logistic,volatility_of_volatility,0.37740970139124574,coefficient,target_a_btc_30d_gt_15
target_a_btc_30d_gt_15__elastic_net_logistic,elastic_net_logistic,tvl_percentile,0.3692968320346454,coefficient,target_a_btc_30d_gt_15
target_a_btc_30d_gt_15__elastic_net_logistic,elastic_net_logistic,eth_btc_relative_strength_14d,0.3573278166132802,coefficient,target_a_btc_30d_gt_15
target_a_btc_30d_gt_15__elastic_net_logistic,elastic_net_logistic,risk_appetite_recovery_score,-0.3074863302806195,coefficient,target_a_btc_30d_gt_15
target_a_btc_30d_gt_15__elastic_net_logistic,elastic_net_logistic,equity_momentum_21d,-0.30024860488549454,coefficient,target_a_btc_30d_gt_15
target_a_btc_30d_gt_15__elastic_net_logistic,elastic_net_logistic,distance_from_90d_lows,-0.26452895532026344,coefficient,target_a_btc_30d_gt_15
target_a_btc_30d_gt_15__elastic_net_logistic,elastic_net_logistic,jump_intensity,0.19918280638830727,coefficient,target_a_btc_30d_gt_15
target_a_btc_30d_gt_15__elastic_net_logistic,elastic_net_logistic,recovery_from_drawdown,-0.18330624412512544,coefficient,target_a_btc_30d_gt_15
target_a_btc_30d_gt_15__elastic_net_logistic,elastic_net_logistic,upside_semivariance,-0.16325710344649938,coefficient,target_a_btc_30d_gt_15
target_a_btc_30d_gt_15__elastic_net_logistic,elastic_net_logistic,top20_above_30dma_pct,0.16181557865802892,coefficient,target_a_btc_30d_gt_15
target_a_btc_30d_gt_15__elastic_net_logistic,elastic_net_logistic,volume_confirmation_of_price_trend,-0.12707895522040613,coefficient,target_a_btc_30d_gt_15
target_a_btc_30d_gt_15__elastic_net_logistic,elastic_net_logistic,funding_rate_btc_eth_mean,0.11696403968741412,coefficient,target_a_btc_30d_gt_15
target_a_btc_30d_gt_15__elastic_net_logistic,elastic_net_logistic,vix_change_5d,-0.11667624054669881,coefficient,target_a_btc_30d_gt_15
target_a_btc_30d_gt_15__elastic_net_logistic,elastic_net_logistic,dispersion_acceleration,-0.08783783133825344,coefficient,target_a_btc_30d_gt_15
target_a_btc_30d_gt_15__elastic_net_logistic,elastic_net_logistic,tvl_acceleration,-0.07764171745528567,coefficient,target_a_btc_30d_gt_15
target_a_btc_30d_gt_15__elastic_net_logistic,elastic_net_logistic,vix_change_21d,0.04634527926921879,coefficient,target_a_btc_30d_gt_15
target_a_btc_30d_gt_15__elastic_net_logistic,elastic_net_logistic,stablecoin_supply_acceleration,0.040096677771781594,coefficient,target_a_btc_30d_gt_15
target_a_btc_30d_gt_15__elastic_net_logistic,elastic_net_logistic,basis_close_btc_eth_mean,0.03564926726466991,coefficient,target_a_btc_30d_gt_15
target_a_btc_30d_gt_15__elastic_net_logistic,elastic_net_logistic,market_dollar_volume_growth_30d,-0.03514500751565889,coefficient,target_a_btc_30d_gt_15
target_a_btc_30d_gt_15__elastic_net_logistic,elastic_net_logistic,top20_30d_high_pct,0.0,coefficient,target_a_btc_30d_gt_15
target_a_btc_30d_gt_15__elastic_net_logistic,elastic_net_logistic,stablecoin_supply_percentile,0.0,coefficient,target_a_btc_30d_gt_15
target_a_btc_30d_gt_15__elastic_net_logistic,elastic_net_logistic,combined_crypto_liquidity_impulse,0.0,coefficient,target_a_btc_30d_gt_15
target_a_btc_30d_gt_15__elastic_net_logistic,elastic_net_logistic,open_interest_growth_7d,0.0,coefficient,target_a_btc_30d_gt_15
target_a_btc_30d_gt_15__elastic_net_logistic,elastic_net_logistic,long_short_ratio_btc_eth_mean,0.0,coefficient,target_a_btc_30d_gt_15
target_a_btc_30d_gt_15__elastic_net_logistic,elastic_net_logistic,taker_imbalance_btc_eth_mean,0.0,coefficient,target_a_btc_30d_gt_15
target_a_btc_30d_gt_15__random_forest,random_forest,vix_level,0.08560492868633127,model_importance,target_a_btc_30d_gt_15
target_a_btc_30d_gt_15__random_forest,random_forest,dow_vol_level,0.08190399736282684,model_importance,target_a_btc_30d_gt_15
target_a_btc_30d_gt_15__random_forest,random_forest,vix_change_21d,0.07040481999417443,model_importance,target_a_btc_30d_gt_15
target_a_btc_30d_gt_15__random_forest,random_forest,recovery_from_drawdown,0.06204015376279267,model_importance,target_a_btc_30d_gt_15
target_a_btc_30d_gt_15__random_forest,random_forest,equity_realized_vol_21d,0.04980470468415912,model_importance,target_a_btc_30d_gt_15
target_a_btc_30d_gt_15__random_forest,random_forest,tvl_percentile,0.0452019894946075,model_importance,target_a_btc_30d_gt_15
target_a_btc_30d_gt_15__random_forest,random_forest,upside_semivariance,0.0415646627528626,model_importance,target_a_btc_30d_gt_15
target_a_btc_30d_gt_15__random_forest,random_forest,basis_close_btc_eth_mean,0.040894706010142466,model_importance,target_a_btc_30d_gt_15
target_a_btc_30d_gt_15__random_forest,random_forest,volatility_of_volatility,0.04023019415259159,model_importance,target_a_btc_30d_gt_15
target_a_btc_30d_gt_15__random_forest,random_forest,eth_btc_relative_strength_30d,0.039409052350633356,model_importance,target_a_btc_30d_gt_15
target_a_btc_30d_gt_15__random_forest,random_forest,downside_to_upside_volatility_ratio,0.03850960770207351,model_importance,target_a_btc_30d_gt_15
target_a_btc_30d_gt_15__random_forest,random_forest,distance_from_90d_lows,0.03773926521284387,model_importance,target_a_btc_30d_gt_15
target_a_btc_30d_gt_15__random_forest,random_forest,dispersion_acceleration,0.03524828977225773,model_importance,target_a_btc_30d_gt_15
target_a_btc_30d_gt_15__random_forest,random_forest,risk_appetite_recovery_score,0.03413623514661722,model_importance,target_a_btc_30d_gt_15
target_a_btc_30d_gt_15__random_forest,random_forest,tvl_acceleration,0.031216256735868364,model_importance,target_a_btc_30d_gt_15
target_a_btc_30d_gt_15__random_forest,random_forest,funding_rate_btc_eth_mean,0.02972471575897032,model_importance,target_a_btc_30d_gt_15
target_a_btc_30d_gt_15__random_forest,random_forest,equity_momentum_21d,0.028995283358715693,model_importance,target_a_btc_30d_gt_15
target_a_btc_30d_gt_15__random_forest,random_forest,volume_confirmation_of_price_trend,0.028724705024185254,model_importance,target_a_btc_30d_gt_15
target_a_btc_30d_gt_15__random_forest,random_forest,stablecoin_supply_acceleration,0.027397270829859044,model_importance,target_a_btc_30d_gt_15
target_a_btc_30d_gt_15__random_forest,random_forest,eth_btc_relative_strength_14d,0.026678793046196844,model_importance,target_a_btc_30d_gt_15
target_a_btc_30d_gt_15__random_forest,random_forest,market_dollar_volume_growth_30d,0.02536291026926758,model_importance,target_a_btc_30d_gt_15
target_a_btc_30d_gt_15__random_forest,random_forest,vix_change_5d,0.025275685884089242,model_importance,target_a_btc_30d_gt_15
target_a_btc_30d_gt_15__random_forest,random_forest,stablecoin_supply_percentile,0.020293828403908754,model_importance,target_a_btc_30d_gt_15
target_a_btc_30d_gt_15__random_forest,random_forest,combined_crypto_liquidity_impulse,0.019446960574540817,model_importance,target_a_btc_30d_gt_15
target_a_btc_30d_gt_15__random_forest,random_forest,top20_above_30dma_pct,0.0174916608209809,model_importance,target_a_btc_30d_gt_15
target_a_btc_30d_gt_15__random_forest,random_forest,jump_intensity,0.009278409278058196,model_importance,target_a_btc_30d_gt_15
target_a_btc_30d_gt_15__random_forest,random_forest,top20_30d_high_pct,0.006432327913940194,model_importance,target_a_btc_30d_gt_15
target_a_btc_30d_gt_15__random_forest,random_forest,falling_vix_after_high_vix,0.0009885850165047842,model_importance,target_a_btc_30d_gt_15
target_a_btc_30d_gt_15__random_forest,random_forest,open_interest_growth_7d,0.0,model_importance,target_a_btc_30d_gt_15
target_a_btc_30d_gt_15__random_forest,random_forest,long_short_ratio_btc_eth_mean,0.0,model_importance,target_a_btc_30d_gt_15
target_a_btc_30d_gt_15__random_forest,random_forest,taker_imbalance_btc_eth_mean,0.0,model_importance,target_a_btc_30d_gt_15
target_a_btc_30d_gt_15__gradient_boosting,gradient_boosting,distance_from_90d_lows,0.1590515766743928,model_importance,target_a_btc_30d_gt_15
target_a_btc_30d_gt_15__gradient_boosting,gradient_boosting,vix_level,0.14245613541370697,model_importance,target_a_btc_30d_gt_15
target_a_btc_30d_gt_15__gradient_boosting,gradient_boosting,upside_semivariance,0.07389625309065442,model_importance,target_a_btc_30d_gt_15
target_a_btc_30d_gt_15__gradient_boosting,gradient_boosting,downside_to_upside_volatility_ratio,0.07187154007633488,model_importance,target_a_btc_30d_gt_15
target_a_btc_30d_gt_15__gradient_boosting,gradient_boosting,vix_change_21d,0.06688602137864444,model_importance,target_a_btc_30d_gt_15
target_a_btc_30d_gt_15__gradient_boosting,gradient_boosting,equity_realized_vol_21d,0.06139378870062649,model_importance,target_a_btc_30d_gt_15
target_a_btc_30d_gt_15__gradient_boosting,gradient_boosting,stablecoin_supply_percentile,0.04436294570734972,model_importance,target_a_btc_30d_gt_15
target_a_btc_30d_gt_15__gradient_boosting,gradient_boosting,dispersion_acceleration,0.04352708187013667,model_importance,target_a_btc_30d_gt_15
target_a_btc_30d_gt_15__gradient_boosting,gradient_boosting,dow_vol_level,0.039914573893513945,model_importance,target_a_btc_30d_gt_15
target_a_btc_30d_gt_15__gradient_boosting,gradient_boosting,eth_btc_relative_strength_30d,0.03854349772456191,model_importance,target_a_btc_30d_gt_15
target_a_btc_30d_gt_15__gradient_boosting,gradient_boosting,volatility_of_volatility,0.0347870112030601,model_importance,target_a_btc_30d_gt_15
target_a_btc_30d_gt_15__gradient_boosting,gradient_boosting,basis_close_btc_eth_mean,0.03283296804899633,model_importance,target_a_btc_30d_gt_15
target_a_btc_30d_gt_15__gradient_boosting,gradient_boosting,market_dollar_volume_growth_30d,0.03248511773086091,model_importance,target_a_btc_30d_gt_15
target_a_btc_30d_gt_15__gradient_boosting,gradient_boosting,recovery_from_drawdown,0.0322121508926753,model_importance,target_a_btc_30d_gt_15
target_a_btc_30d_gt_15__gradient_boosting,gradient_boosting,funding_rate_btc_eth_mean,0.025603628376134877,model_importance,target_a_btc_30d_gt_15
target_a_btc_30d_gt_15__gradient_boosting,gradient_boosting,vix_change_5d,0.025547553025838353,model_importance,target_a_btc_30d_gt_15
target_a_btc_30d_gt_15__gradient_boosting,gradient_boosting,eth_btc_relative_strength_14d,0.018997524093010202,model_importance,target_a_btc_30d_gt_15
target_a_btc_30d_gt_15__gradient_boosting,gradient_boosting,equity_momentum_21d,0.017601840404015103,model_importance,target_a_btc_30d_gt_15
target_a_btc_30d_gt_15__gradient_boosting,gradient_boosting,jump_intensity,0.016031622367014862,model_importance,target_a_btc_30d_gt_15
target_a_btc_30d_gt_15__gradient_boosting,gradient_boosting,tvl_percentile,0.012926967677740032,model_importance,target_a_btc_30d_gt_15
target_a_btc_30d_gt_15__gradient_boosting,gradient_boosting,risk_appetite_recovery_score,0.009070201650731599,model_importance,target_a_btc_30d_gt_15
target_a_btc_30d_gt_15__gradient_boosting,gradient_boosting,top20_30d_high_pct,0.0,model_importance,target_a_btc_30d_gt_15
target_a_btc_30d_gt_15__gradient_boosting,gradient_boosting,volume_confirmation_of_price_trend,0.0,model_importance,target_a_btc_30d_gt_15
target_a_btc_30d_gt_15__gradient_boosting,gradient_boosting,combined_crypto_liquidity_impulse,0.0,model_importance,target_a_btc_30d_gt_15
target_a_btc_30d_gt_15__gradient_boosting,gradient_boosting,tvl_acceleration,0.0,model_importance,target_a_btc_30d_gt_15
target_a_btc_30d_gt_15__gradient_boosting,gradient_boosting,top20_above_30dma_pct,0.0,model_importance,target_a_btc_30d_gt_15
target_a_btc_30d_gt_15__gradient_boosting,gradient_boosting,stablecoin_supply_acceleration,0.0,model_importance,target_a_btc_30d_gt_15
target_a_btc_30d_gt_15__gradient_boosting,gradient_boosting,falling_vix_after_high_vix,0.0,model_importance,target_a_btc_30d_gt_15
target_a_btc_30d_gt_15__gradient_boosting,gradient_boosting,open_interest_growth_7d,0.0,model_importance,target_a_btc_30d_gt_15
target_a_btc_30d_gt_15__gradient_boosting,gradient_boosting,long_short_ratio_btc_eth_mean,0.0,model_importance,target_a_btc_30d_gt_15
target_a_btc_30d_gt_15__gradient_boosting,gradient_boosting,taker_imbalance_btc_eth_mean,0.0,model_importance,target_a_btc_30d_gt_15
target_a_btc_30d_gt_15__xgboost,xgboost,dow_vol_level,0.050752267241477966,model_importance,target_a_btc_30d_gt_15
target_a_btc_30d_gt_15__xgboost,xgboost,vix_level,0.0449826680123806,model_importance,target_a_btc_30d_gt_15
target_a_btc_30d_gt_15__xgboost,xgboost,upside_semivariance,0.04476236552000046,model_importance,target_a_btc_30d_gt_15
target_a_btc_30d_gt_15__xgboost,xgboost,vix_change_21d,0.04462120309472084,model_importance,target_a_btc_30d_gt_15
target_a_btc_30d_gt_15__xgboost,xgboost,distance_from_90d_lows,0.0442451648414135,model_importance,target_a_btc_30d_gt_15
target_a_btc_30d_gt_15__xgboost,xgboost,top20_above_30dma_pct,0.04362935572862625,model_importance,target_a_btc_30d_gt_15
target_a_btc_30d_gt_15__xgboost,xgboost,downside_to_upside_volatility_ratio,0.04315660521388054,model_importance,target_a_btc_30d_gt_15
target_a_btc_30d_gt_15__xgboost,xgboost,eth_btc_relative_strength_30d,0.04024672135710716,model_importance,target_a_btc_30d_gt_15
target_a_btc_30d_gt_15__xgboost,xgboost,tvl_percentile,0.04022233933210373,model_importance,target_a_btc_30d_gt_15
target_a_btc_30d_gt_15__xgboost,xgboost,equity_realized_vol_21d,0.039511118084192276,model_importance,target_a_btc_30d_gt_15
target_a_btc_30d_gt_15__xgboost,xgboost,basis_close_btc_eth_mean,0.039352916181087494,model_importance,target_a_btc_30d_gt_15
target_a_btc_30d_gt_15__xgboost,xgboost,funding_rate_btc_eth_mean,0.0389796607196331,model_importance,target_a_btc_30d_gt_15
target_a_btc_30d_gt_15__xgboost,xgboost,stablecoin_supply_percentile,0.038221780210733414,model_importance,target_a_btc_30d_gt_15
target_a_btc_30d_gt_15__xgboost,xgboost,equity_momentum_21d,0.03766343370079994,model_importance,target_a_btc_30d_gt_15
target_a_btc_30d_gt_15__xgboost,xgboost,eth_btc_relative_strength_14d,0.03753883019089699,model_importance,target_a_btc_30d_gt_15
target_a_btc_30d_gt_15__xgboost,xgboost,jump_intensity,0.03681568428874016,model_importance,target_a_btc_30d_gt_15
target_a_btc_30d_gt_15__xgboost,xgboost,recovery_from_drawdown,0.03678799048066139,model_importance,target_a_btc_30d_gt_15
target_a_btc_30d_gt_15__xgboost,xgboost,market_dollar_volume_growth_30d,0.03635288029909134,model_importance,target_a_btc_30d_gt_15
target_a_btc_30d_gt_15__xgboost,xgboost,volatility_of_volatility,0.03562861308455467,model_importance,target_a_btc_30d_gt_15
target_a_btc_30d_gt_15__xgboost,xgboost,vix_change_5d,0.03282012790441513,model_importance,target_a_btc_30d_gt_15
target_a_btc_30d_gt_15__xgboost,xgboost,dispersion_acceleration,0.03176405280828476,model_importance,target_a_btc_30d_gt_15
target_a_btc_30d_gt_15__xgboost,xgboost,volume_confirmation_of_price_trend,0.031233999878168106,model_importance,target_a_btc_30d_gt_15
target_a_btc_30d_gt_15__xgboost,xgboost,risk_appetite_recovery_score,0.028733238577842712,model_importance,target_a_btc_30d_gt_15
target_a_btc_30d_gt_15__xgboost,xgboost,top20_30d_high_pct,0.02811543084681034,model_importance,target_a_btc_30d_gt_15
target_a_btc_30d_gt_15__xgboost,xgboost,stablecoin_supply_acceleration,0.027869846671819687,model_importance,target_a_btc_30d_gt_15
target_a_btc_30d_gt_15__xgboost,xgboost,combined_crypto_liquidity_impulse,0.024404486641287804,model_importance,target_a_btc_30d_gt_15
target_a_btc_30d_gt_15__xgboost,xgboost,tvl_acceleration,0.02158709056675434,model_importance,target_a_btc_30d_gt_15
target_a_btc_30d_gt_15__xgboost,xgboost,falling_vix_after_high_vix,0.0,model_importance,target_a_btc_30d_gt_15
target_a_btc_30d_gt_15__xgboost,xgboost,open_interest_growth_7d,0.0,model_importance,target_a_btc_30d_gt_15
target_a_btc_30d_gt_15__xgboost,xgboost,long_short_ratio_btc_eth_mean,0.0,model_importance,target_a_btc_30d_gt_15
target_a_btc_30d_gt_15__xgboost,xgboost,taker_imbalance_btc_eth_mean,0.0,model_importance,target_a_btc_30d_gt_15
target_a_btc_30d_gt_15__shallow_mlp,shallow_mlp,equity_realized_vol_21d,0.0,not_available,target_a_btc_30d_gt_15
target_a_btc_30d_gt_15__shallow_mlp,shallow_mlp,equity_momentum_21d,0.0,not_available,target_a_btc_30d_gt_15
target_a_btc_30d_gt_15__shallow_mlp,shallow_mlp,dow_vol_level,0.0,not_available,target_a_btc_30d_gt_15
target_a_btc_30d_gt_15__shallow_mlp,shallow_mlp,vix_level,0.0,not_available,target_a_btc_30d_gt_15
target_a_btc_30d_gt_15__shallow_mlp,shallow_mlp,vix_change_5d,0.0,not_available,target_a_btc_30d_gt_15
target_a_btc_30d_gt_15__shallow_mlp,shallow_mlp,vix_change_21d,0.0,not_available,target_a_btc_30d_gt_15
target_a_btc_30d_gt_15__shallow_mlp,shallow_mlp,recovery_from_drawdown,0.0,not_available,target_a_btc_30d_gt_15
target_a_btc_30d_gt_15__shallow_mlp,shallow_mlp,tvl_percentile,0.0,not_available,target_a_btc_30d_gt_15
target_a_btc_30d_gt_15__shallow_mlp,shallow_mlp,jump_intensity,0.0,not_available,target_a_btc_30d_gt_15
target_a_btc_30d_gt_15__shallow_mlp,shallow_mlp,stablecoin_supply_percentile,0.0,not_available,target_a_btc_30d_gt_15
target_a_btc_30d_gt_15__shallow_mlp,shallow_mlp,eth_btc_relative_strength_30d,0.0,not_available,target_a_btc_30d_gt_15
target_a_btc_30d_gt_15__shallow_mlp,shallow_mlp,upside_semivariance,0.0,not_available,target_a_btc_30d_gt_15
target_a_btc_30d_gt_15__shallow_mlp,shallow_mlp,distance_from_90d_lows,0.0,not_available,target_a_btc_30d_gt_15
target_a_btc_30d_gt_15__shallow_mlp,shallow_mlp,top20_30d_high_pct,0.0,not_available,target_a_btc_30d_gt_15
target_a_btc_30d_gt_15__shallow_mlp,shallow_mlp,downside_to_upside_volatility_ratio,0.0,not_available,target_a_btc_30d_gt_15
target_a_btc_30d_gt_15__shallow_mlp,shallow_mlp,top20_above_30dma_pct,0.0,not_available,target_a_btc_30d_gt_15
target_a_btc_30d_gt_15__shallow_mlp,shallow_mlp,dispersion_acceleration,0.0,not_available,target_a_btc_30d_gt_15
target_a_btc_30d_gt_15__shallow_mlp,shallow_mlp,risk_appetite_recovery_score,0.0,not_available,target_a_btc_30d_gt_15
target_a_btc_30d_gt_15__shallow_mlp,shallow_mlp,volume_confirmation_of_price_trend,0.0,not_available,target_a_btc_30d_gt_15
target_a_btc_30d_gt_15__shallow_mlp,shallow_mlp,volatility_of_volatility,0.0,not_available,target_a_btc_30d_gt_15
target_a_btc_30d_gt_15__shallow_mlp,shallow_mlp,tvl_acceleration,0.0,not_available,target_a_btc_30d_gt_15
target_a_btc_30d_gt_15__shallow_mlp,shallow_mlp,market_dollar_volume_growth_30d,0.0,not_available,target_a_btc_30d_gt_15
target_a_btc_30d_gt_15__shallow_mlp,shallow_mlp,combined_crypto_liquidity_impulse,0.0,not_available,target_a_btc_30d_gt_15
target_a_btc_30d_gt_15__shallow_mlp,shallow_mlp,stablecoin_supply_acceleration,0.0,not_available,target_a_btc_30d_gt_15
target_a_btc_30d_gt_15__shallow_mlp,shallow_mlp,eth_btc_relative_strength_14d,0.0,not_available,target_a_btc_30d_gt_15
target_a_btc_30d_gt_15__shallow_mlp,shallow_mlp,falling_vix_after_high_vix,0.0,not_available,target_a_btc_30d_gt_15
target_a_btc_30d_gt_15__shallow_mlp,shallow_mlp,funding_rate_btc_eth_mean,0.0,not_available,target_a_btc_30d_gt_15
target_a_btc_30d_gt_15__shallow_mlp,shallow_mlp,basis_close_btc_eth_mean,0.0,not_available,target_a_btc_30d_gt_15
target_a_btc_30d_gt_15__shallow_mlp,shallow_mlp,open_interest_growth_7d,0.0,not_available,target_a_btc_30d_gt_15
target_a_btc_30d_gt_15__shallow_mlp,shallow_mlp,long_short_ratio_btc_eth_mean,0.0,not_available,target_a_btc_30d_gt_15
target_a_btc_30d_gt_15__shallow_mlp,shallow_mlp,taker_imbalance_btc_eth_mean,0.0,not_available,target_a_btc_30d_gt_15
target_b_eth_30d_gt_20__logistic_regression,logistic_regression,eth_btc_relative_strength_30d,-1.0405401059671449,coefficient,target_b_eth_30d_gt_20
target_b_eth_30d_gt_20__logistic_regression,logistic_regression,downside_to_upside_volatility_ratio,-0.7965299611248805,coefficient,target_b_eth_30d_gt_20
target_b_eth_30d_gt_20__logistic_regression,logistic_regression,dow_vol_level,0.7071758816364204,coefficient,target_b_eth_30d_gt_20
target_b_eth_30d_gt_20__logistic_regression,logistic_regression,equity_realized_vol_21d,-0.6508793851629432,coefficient,target_b_eth_30d_gt_20
target_b_eth_30d_gt_20__logistic_regression,logistic_regression,volume_confirmation_of_price_trend,-0.6347563647362874,coefficient,target_b_eth_30d_gt_20
target_b_eth_30d_gt_20__logistic_regression,logistic_regression,eth_btc_relative_strength_14d,0.5509850570825695,coefficient,target_b_eth_30d_gt_20
target_b_eth_30d_gt_20__logistic_regression,logistic_regression,basis_close_btc_eth_mean,0.47727303650993896,coefficient,target_b_eth_30d_gt_20
target_b_eth_30d_gt_20__logistic_regression,logistic_regression,stablecoin_supply_percentile,0.4624826491793273,coefficient,target_b_eth_30d_gt_20
target_b_eth_30d_gt_20__logistic_regression,logistic_regression,combined_crypto_liquidity_impulse,0.4321436585112789,coefficient,target_b_eth_30d_gt_20
target_b_eth_30d_gt_20__logistic_regression,logistic_regression,equity_momentum_21d,-0.3711318469389932,coefficient,target_b_eth_30d_gt_20
target_b_eth_30d_gt_20__logistic_regression,logistic_regression,volatility_of_volatility,0.3674499190806479,coefficient,target_b_eth_30d_gt_20
target_b_eth_30d_gt_20__logistic_regression,logistic_regression,dispersion_acceleration,-0.341476801611186,coefficient,target_b_eth_30d_gt_20
target_b_eth_30d_gt_20__logistic_regression,logistic_regression,stablecoin_supply_acceleration,-0.33407337758985156,coefficient,target_b_eth_30d_gt_20
target_b_eth_30d_gt_20__logistic_regression,logistic_regression,vix_level,0.2894118835874165,coefficient,target_b_eth_30d_gt_20
target_b_eth_30d_gt_20__logistic_regression,logistic_regression,upside_semivariance,-0.2764113786541555,coefficient,target_b_eth_30d_gt_20
target_b_eth_30d_gt_20__logistic_regression,logistic_regression,falling_vix_after_high_vix,0.2551909994809344,coefficient,target_b_eth_30d_gt_20
target_b_eth_30d_gt_20__logistic_regression,logistic_regression,funding_rate_btc_eth_mean,0.24139267550866392,coefficient,target_b_eth_30d_gt_20
target_b_eth_30d_gt_20__logistic_regression,logistic_regression,vix_change_21d,0.202723555707868,coefficient,target_b_eth_30d_gt_20
target_b_eth_30d_gt_20__logistic_regression,logistic_regression,recovery_from_drawdown,-0.18708099250121055,coefficient,target_b_eth_30d_gt_20
target_b_eth_30d_gt_20__logistic_regression,logistic_regression,vix_change_5d,-0.1744530219779406,coefficient,target_b_eth_30d_gt_20
target_b_eth_30d_gt_20__logistic_regression,logistic_regression,tvl_acceleration,-0.1557603179041303,coefficient,target_b_eth_30d_gt_20
target_b_eth_30d_gt_20__logistic_regression,logistic_regression,risk_appetite_recovery_score,0.14744158617993525,coefficient,target_b_eth_30d_gt_20
target_b_eth_30d_gt_20__logistic_regression,logistic_regression,distance_from_90d_lows,0.1458238919622589,coefficient,target_b_eth_30d_gt_20
target_b_eth_30d_gt_20__logistic_regression,logistic_regression,top20_30d_high_pct,0.11054352574514092,coefficient,target_b_eth_30d_gt_20
target_b_eth_30d_gt_20__logistic_regression,logistic_regression,tvl_percentile,-0.09327264151202075,coefficient,target_b_eth_30d_gt_20
target_b_eth_30d_gt_20__logistic_regression,logistic_regression,jump_intensity,0.08293185019466609,coefficient,target_b_eth_30d_gt_20
target_b_eth_30d_gt_20__logistic_regression,logistic_regression,top20_above_30dma_pct,0.035270432303496954,coefficient,target_b_eth_30d_gt_20
target_b_eth_30d_gt_20__logistic_regression,logistic_regression,market_dollar_volume_growth_30d,0.027374137626954915,coefficient,target_b_eth_30d_gt_20
target_b_eth_30d_gt_20__logistic_regression,logistic_regression,open_interest_growth_7d,0.0,coefficient,target_b_eth_30d_gt_20
target_b_eth_30d_gt_20__logistic_regression,logistic_regression,long_short_ratio_btc_eth_mean,0.0,coefficient,target_b_eth_30d_gt_20
target_b_eth_30d_gt_20__logistic_regression,logistic_regression,taker_imbalance_btc_eth_mean,0.0,coefficient,target_b_eth_30d_gt_20
target_b_eth_30d_gt_20__elastic_net_logistic,elastic_net_logistic,eth_btc_relative_strength_30d,-0.9228646361338206,coefficient,target_b_eth_30d_gt_20
target_b_eth_30d_gt_20__elastic_net_logistic,elastic_net_logistic,downside_to_upside_volatility_ratio,-0.6400322202989056,coefficient,target_b_eth_30d_gt_20
target_b_eth_30d_gt_20__elastic_net_logistic,elastic_net_logistic,dow_vol_level,0.5310478456213484,coefficient,target_b_eth_30d_gt_20
target_b_eth_30d_gt_20__elastic_net_logistic,elastic_net_logistic,volume_confirmation_of_price_trend,-0.4830248234533781,coefficient,target_b_eth_30d_gt_20
target_b_eth_30d_gt_20__elastic_net_logistic,elastic_net_logistic,basis_close_btc_eth_mean,0.45563018919058845,coefficient,target_b_eth_30d_gt_20
target_b_eth_30d_gt_20__elastic_net_logistic,elastic_net_logistic,eth_btc_relative_strength_14d,0.44657705707631373,coefficient,target_b_eth_30d_gt_20
target_b_eth_30d_gt_20__elastic_net_logistic,elastic_net_logistic,equity_realized_vol_21d,-0.43423975199238274,coefficient,target_b_eth_30d_gt_20
target_b_eth_30d_gt_20__elastic_net_logistic,elastic_net_logistic,stablecoin_supply_percentile,0.32561442682021213,coefficient,target_b_eth_30d_gt_20
target_b_eth_30d_gt_20__elastic_net_logistic,elastic_net_logistic,dispersion_acceleration,-0.31286330645598426,coefficient,target_b_eth_30d_gt_20
target_b_eth_30d_gt_20__elastic_net_logistic,elastic_net_logistic,combined_crypto_liquidity_impulse,0.29745637886398546,coefficient,target_b_eth_30d_gt_20
target_b_eth_30d_gt_20__elastic_net_logistic,elastic_net_logistic,equity_momentum_21d,-0.28956855914839974,coefficient,target_b_eth_30d_gt_20
target_b_eth_30d_gt_20__elastic_net_logistic,elastic_net_logistic,volatility_of_volatility,0.28480361435534085,coefficient,target_b_eth_30d_gt_20
target_b_eth_30d_gt_20__elastic_net_logistic,elastic_net_logistic,stablecoin_supply_acceleration,-0.25643035276949905,coefficient,target_b_eth_30d_gt_20
target_b_eth_30d_gt_20__elastic_net_logistic,elastic_net_logistic,vix_level,0.23593944272812004,coefficient,target_b_eth_30d_gt_20
target_b_eth_30d_gt_20__elastic_net_logistic,elastic_net_logistic,funding_rate_btc_eth_mean,0.21351705976665303,coefficient,target_b_eth_30d_gt_20
target_b_eth_30d_gt_20__elastic_net_logistic,elastic_net_logistic,upside_semivariance,-0.1591866648101054,coefficient,target_b_eth_30d_gt_20
target_b_eth_30d_gt_20__elastic_net_logistic,elastic_net_logistic,vix_change_5d,-0.12997352395510975,coefficient,target_b_eth_30d_gt_20
target_b_eth_30d_gt_20__elastic_net_logistic,elastic_net_logistic,falling_vix_after_high_vix,0.10109176323251037,coefficient,target_b_eth_30d_gt_20
target_b_eth_30d_gt_20__elastic_net_logistic,elastic_net_logistic,recovery_from_drawdown,-0.09661385575639082,coefficient,target_b_eth_30d_gt_20
target_b_eth_30d_gt_20__elastic_net_logistic,elastic_net_logistic,distance_from_90d_lows,0.07031597992825578,coefficient,target_b_eth_30d_gt_20
target_b_eth_30d_gt_20__elastic_net_logistic,elastic_net_logistic,tvl_acceleration,-0.06726447302299195,coefficient,target_b_eth_30d_gt_20
target_b_eth_30d_gt_20__elastic_net_logistic,elastic_net_logistic,risk_appetite_recovery_score,0.0625507795171824,coefficient,target_b_eth_30d_gt_20
target_b_eth_30d_gt_20__elastic_net_logistic,elastic_net_logistic,top20_30d_high_pct,0.05417452450379937,coefficient,target_b_eth_30d_gt_20
target_b_eth_30d_gt_20__elastic_net_logistic,elastic_net_logistic,vix_change_21d,0.0504440650359672,coefficient,target_b_eth_30d_gt_20
target_b_eth_30d_gt_20__elastic_net_logistic,elastic_net_logistic,tvl_percentile,0.0,coefficient,target_b_eth_30d_gt_20
target_b_eth_30d_gt_20__elastic_net_logistic,elastic_net_logistic,jump_intensity,0.0,coefficient,target_b_eth_30d_gt_20
target_b_eth_30d_gt_20__elastic_net_logistic,elastic_net_logistic,top20_above_30dma_pct,0.0,coefficient,target_b_eth_30d_gt_20
target_b_eth_30d_gt_20__elastic_net_logistic,elastic_net_logistic,market_dollar_volume_growth_30d,0.0,coefficient,target_b_eth_30d_gt_20
target_b_eth_30d_gt_20__elastic_net_logistic,elastic_net_logistic,open_interest_growth_7d,0.0,coefficient,target_b_eth_30d_gt_20
target_b_eth_30d_gt_20__elastic_net_logistic,elastic_net_logistic,long_short_ratio_btc_eth_mean,0.0,coefficient,target_b_eth_30d_gt_20
target_b_eth_30d_gt_20__elastic_net_logistic,elastic_net_logistic,taker_imbalance_btc_eth_mean,0.0,coefficient,target_b_eth_30d_gt_20
target_b_eth_30d_gt_20__random_forest,random_forest,dow_vol_level,0.07677031517673609,model_importance,target_b_eth_30d_gt_20
target_b_eth_30d_gt_20__random_forest,random_forest,eth_btc_relative_strength_30d,0.06545978676959757,model_importance,target_b_eth_30d_gt_20
target_b_eth_30d_gt_20__random_forest,random_forest,tvl_percentile,0.06483387172894706,model_importance,target_b_eth_30d_gt_20
target_b_eth_30d_gt_20__random_forest,random_forest,dispersion_acceleration,0.06144004873267615,model_importance,target_b_eth_30d_gt_20
target_b_eth_30d_gt_20__random_forest,random_forest,stablecoin_supply_percentile,0.05895554633699842,model_importance,target_b_eth_30d_gt_20
target_b_eth_30d_gt_20__random_forest,random_forest,vix_level,0.05649377821954995,model_importance,target_b_eth_30d_gt_20
target_b_eth_30d_gt_20__random_forest,random_forest,recovery_from_drawdown,0.04953114880302288,model_importance,target_b_eth_30d_gt_20
target_b_eth_30d_gt_20__random_forest,random_forest,upside_semivariance,0.046234108263471324,model_importance,target_b_eth_30d_gt_20
target_b_eth_30d_gt_20__random_forest,random_forest,funding_rate_btc_eth_mean,0.04515189348080933,model_importance,target_b_eth_30d_gt_20
target_b_eth_30d_gt_20__random_forest,random_forest,volatility_of_volatility,0.04353606176219599,model_importance,target_b_eth_30d_gt_20
target_b_eth_30d_gt_20__random_forest,random_forest,basis_close_btc_eth_mean,0.04323210052701921,model_importance,target_b_eth_30d_gt_20
target_b_eth_30d_gt_20__random_forest,random_forest,stablecoin_supply_acceleration,0.0422499981799041,model_importance,target_b_eth_30d_gt_20
target_b_eth_30d_gt_20__random_forest,random_forest,downside_to_upside_volatility_ratio,0.041001525345762395,model_importance,target_b_eth_30d_gt_20
target_b_eth_30d_gt_20__random_forest,random_forest,equity_realized_vol_21d,0.03772327083395203,model_importance,target_b_eth_30d_gt_20
target_b_eth_30d_gt_20__random_forest,random_forest,vix_change_5d,0.03464479937896528,model_importance,target_b_eth_30d_gt_20
target_b_eth_30d_gt_20__random_forest,random_forest,tvl_acceleration,0.03304247009689903,model_importance,target_b_eth_30d_gt_20
target_b_eth_30d_gt_20__random_forest,random_forest,combined_crypto_liquidity_impulse,0.029512264680920598,model_importance,target_b_eth_30d_gt_20
target_b_eth_30d_gt_20__random_forest,random_forest,vix_change_21d,0.026833760382563382,model_importance,target_b_eth_30d_gt_20
target_b_eth_30d_gt_20__random_forest,random_forest,distance_from_90d_lows,0.024346094028678503,model_importance,target_b_eth_30d_gt_20
target_b_eth_30d_gt_20__random_forest,random_forest,market_dollar_volume_growth_30d,0.023922714553920484,model_importance,target_b_eth_30d_gt_20
target_b_eth_30d_gt_20__random_forest,random_forest,equity_momentum_21d,0.022050237927392403,model_importance,target_b_eth_30d_gt_20
target_b_eth_30d_gt_20__random_forest,random_forest,eth_btc_relative_strength_14d,0.014897482577383813,model_importance,target_b_eth_30d_gt_20
target_b_eth_30d_gt_20__random_forest,random_forest,top20_above_30dma_pct,0.01467644481767505,model_importance,target_b_eth_30d_gt_20
target_b_eth_30d_gt_20__random_forest,random_forest,risk_appetite_recovery_score,0.013547644353957663,model_importance,target_b_eth_30d_gt_20
target_b_eth_30d_gt_20__random_forest,random_forest,volume_confirmation_of_price_trend,0.012058535540923962,model_importance,target_b_eth_30d_gt_20
target_b_eth_30d_gt_20__random_forest,random_forest,jump_intensity,0.008938644711689116,model_importance,target_b_eth_30d_gt_20
target_b_eth_30d_gt_20__random_forest,random_forest,top20_30d_high_pct,0.005708467066019939,model_importance,target_b_eth_30d_gt_20
target_b_eth_30d_gt_20__random_forest,random_forest,falling_vix_after_high_vix,0.0032069857223680593,model_importance,target_b_eth_30d_gt_20
target_b_eth_30d_gt_20__random_forest,random_forest,open_interest_growth_7d,0.0,model_importance,target_b_eth_30d_gt_20
target_b_eth_30d_gt_20__random_forest,random_forest,long_short_ratio_btc_eth_mean,0.0,model_importance,target_b_eth_30d_gt_20
target_b_eth_30d_gt_20__random_forest,random_forest,taker_imbalance_btc_eth_mean,0.0,model_importance,target_b_eth_30d_gt_20
target_b_eth_30d_gt_20__gradient_boosting,gradient_boosting,basis_close_btc_eth_mean,0.17543546674797486,model_importance,target_b_eth_30d_gt_20
target_b_eth_30d_gt_20__gradient_boosting,gradient_boosting,dispersion_acceleration,0.10744026944586381,model_importance,target_b_eth_30d_gt_20
target_b_eth_30d_gt_20__gradient_boosting,gradient_boosting,eth_btc_relative_strength_30d,0.0874177751398936,model_importance,target_b_eth_30d_gt_20
target_b_eth_30d_gt_20__gradient_boosting,gradient_boosting,volatility_of_volatility,0.08447795610151422,model_importance,target_b_eth_30d_gt_20
target_b_eth_30d_gt_20__gradient_boosting,gradient_boosting,dow_vol_level,0.07700854631740142,model_importance,target_b_eth_30d_gt_20
target_b_eth_30d_gt_20__gradient_boosting,gradient_boosting,upside_semivariance,0.07019486941133903,model_importance,target_b_eth_30d_gt_20
target_b_eth_30d_gt_20__gradient_boosting,gradient_boosting,stablecoin_supply_acceleration,0.06531013473404072,model_importance,target_b_eth_30d_gt_20
target_b_eth_30d_gt_20__gradient_boosting,gradient_boosting,vix_change_5d,0.0489275635688276,model_importance,target_b_eth_30d_gt_20
target_b_eth_30d_gt_20__gradient_boosting,gradient_boosting,downside_to_upside_volatility_ratio,0.03977481374894878,model_importance,target_b_eth_30d_gt_20
target_b_eth_30d_gt_20__gradient_boosting,gradient_boosting,eth_btc_relative_strength_14d,0.03156996381352829,model_importance,target_b_eth_30d_gt_20
target_b_eth_30d_gt_20__gradient_boosting,gradient_boosting,tvl_percentile,0.031079881066866627,model_importance,target_b_eth_30d_gt_20
target_b_eth_30d_gt_20__gradient_boosting,gradient_boosting,stablecoin_supply_percentile,0.030380664426610565,model_importance,target_b_eth_30d_gt_20
target_b_eth_30d_gt_20__gradient_boosting,gradient_boosting,vix_change_21d,0.02939158057202516,model_importance,target_b_eth_30d_gt_20
target_b_eth_30d_gt_20__gradient_boosting,gradient_boosting,tvl_acceleration,0.02930213007110648,model_importance,target_b_eth_30d_gt_20
target_b_eth_30d_gt_20__gradient_boosting,gradient_boosting,distance_from_90d_lows,0.021422498077659453,model_importance,target_b_eth_30d_gt_20
target_b_eth_30d_gt_20__gradient_boosting,gradient_boosting,equity_realized_vol_21d,0.020330429253480945,model_importance,target_b_eth_30d_gt_20
target_b_eth_30d_gt_20__gradient_boosting,gradient_boosting,jump_intensity,0.01809188040991445,model_importance,target_b_eth_30d_gt_20
target_b_eth_30d_gt_20__gradient_boosting,gradient_boosting,vix_level,0.00855211847855475,model_importance,target_b_eth_30d_gt_20
target_b_eth_30d_gt_20__gradient_boosting,gradient_boosting,volume_confirmation_of_price_trend,0.00747041573873728,model_importance,target_b_eth_30d_gt_20
target_b_eth_30d_gt_20__gradient_boosting,gradient_boosting,recovery_from_drawdown,0.006249875159980947,model_importance,target_b_eth_30d_gt_20
target_b_eth_30d_gt_20__gradient_boosting,gradient_boosting,funding_rate_btc_eth_mean,0.004620149804585477,model_importance,target_b_eth_30d_gt_20
target_b_eth_30d_gt_20__gradient_boosting,gradient_boosting,market_dollar_volume_growth_30d,0.003719383551050832,model_importance,target_b_eth_30d_gt_20
target_b_eth_30d_gt_20__gradient_boosting,gradient_boosting,combined_crypto_liquidity_impulse,0.0018316343600946615,model_importance,target_b_eth_30d_gt_20
target_b_eth_30d_gt_20__gradient_boosting,gradient_boosting,top20_30d_high_pct,0.0,model_importance,target_b_eth_30d_gt_20
target_b_eth_30d_gt_20__gradient_boosting,gradient_boosting,equity_momentum_21d,0.0,model_importance,target_b_eth_30d_gt_20
target_b_eth_30d_gt_20__gradient_boosting,gradient_boosting,top20_above_30dma_pct,0.0,model_importance,target_b_eth_30d_gt_20
target_b_eth_30d_gt_20__gradient_boosting,gradient_boosting,risk_appetite_recovery_score,0.0,model_importance,target_b_eth_30d_gt_20
target_b_eth_30d_gt_20__gradient_boosting,gradient_boosting,falling_vix_after_high_vix,0.0,model_importance,target_b_eth_30d_gt_20
target_b_eth_30d_gt_20__gradient_boosting,gradient_boosting,open_interest_growth_7d,0.0,model_importance,target_b_eth_30d_gt_20
target_b_eth_30d_gt_20__gradient_boosting,gradient_boosting,long_short_ratio_btc_eth_mean,0.0,model_importance,target_b_eth_30d_gt_20
target_b_eth_30d_gt_20__gradient_boosting,gradient_boosting,taker_imbalance_btc_eth_mean,0.0,model_importance,target_b_eth_30d_gt_20
target_b_eth_30d_gt_20__xgboost,xgboost,dow_vol_level,0.05557185411453247,model_importance,target_b_eth_30d_gt_20
target_b_eth_30d_gt_20__xgboost,xgboost,basis_close_btc_eth_mean,0.04976809024810791,model_importance,target_b_eth_30d_gt_20
target_b_eth_30d_gt_20__xgboost,xgboost,upside_semivariance,0.047931887209415436,model_importance,target_b_eth_30d_gt_20
target_b_eth_30d_gt_20__xgboost,xgboost,eth_btc_relative_strength_30d,0.046535689383745193,model_importance,target_b_eth_30d_gt_20
target_b_eth_30d_gt_20__xgboost,xgboost,distance_from_90d_lows,0.04591779038310051,model_importance,target_b_eth_30d_gt_20
target_b_eth_30d_gt_20__xgboost,xgboost,stablecoin_supply_percentile,0.04507717862725258,model_importance,target_b_eth_30d_gt_20
target_b_eth_30d_gt_20__xgboost,xgboost,stablecoin_supply_acceleration,0.044383518397808075,model_importance,target_b_eth_30d_gt_20
target_b_eth_30d_gt_20__xgboost,xgboost,eth_btc_relative_strength_14d,0.042902082204818726,model_importance,target_b_eth_30d_gt_20
target_b_eth_30d_gt_20__xgboost,xgboost,recovery_from_drawdown,0.04242073744535446,model_importance,target_b_eth_30d_gt_20
target_b_eth_30d_gt_20__xgboost,xgboost,volatility_of_volatility,0.04064127430319786,model_importance,target_b_eth_30d_gt_20
target_b_eth_30d_gt_20__xgboost,xgboost,dispersion_acceleration,0.03989724442362785,model_importance,target_b_eth_30d_gt_20
target_b_eth_30d_gt_20__xgboost,xgboost,tvl_acceleration,0.03960016742348671,model_importance,target_b_eth_30d_gt_20
target_b_eth_30d_gt_20__xgboost,xgboost,tvl_percentile,0.03891749307513237,model_importance,target_b_eth_30d_gt_20
target_b_eth_30d_gt_20__xgboost,xgboost,top20_30d_high_pct,0.03852424770593643,model_importance,target_b_eth_30d_gt_20
target_b_eth_30d_gt_20__xgboost,xgboost,downside_to_upside_volatility_ratio,0.03769624978303909,model_importance,target_b_eth_30d_gt_20
target_b_eth_30d_gt_20__xgboost,xgboost,funding_rate_btc_eth_mean,0.03746896982192993,model_importance,target_b_eth_30d_gt_20
target_b_eth_30d_gt_20__xgboost,xgboost,vix_change_21d,0.036171238869428635,model_importance,target_b_eth_30d_gt_20
target_b_eth_30d_gt_20__xgboost,xgboost,equity_realized_vol_21d,0.03480737283825874,model_importance,target_b_eth_30d_gt_20
target_b_eth_30d_gt_20__xgboost,xgboost,vix_change_5d,0.033668290823698044,model_importance,target_b_eth_30d_gt_20
target_b_eth_30d_gt_20__xgboost,xgboost,equity_momentum_21d,0.033556677401065826,model_importance,target_b_eth_30d_gt_20
target_b_eth_30d_gt_20__xgboost,xgboost,combined_crypto_liquidity_impulse,0.033282939344644547,model_importance,target_b_eth_30d_gt_20
target_b_eth_30d_gt_20__xgboost,xgboost,market_dollar_volume_growth_30d,0.032871026545763016,model_importance,target_b_eth_30d_gt_20
target_b_eth_30d_gt_20__xgboost,xgboost,vix_level,0.025784432888031006,model_importance,target_b_eth_30d_gt_20
target_b_eth_30d_gt_20__xgboost,xgboost,jump_intensity,0.02447003312408924,model_importance,target_b_eth_30d_gt_20
target_b_eth_30d_gt_20__xgboost,xgboost,risk_appetite_recovery_score,0.02175111509859562,model_importance,target_b_eth_30d_gt_20
target_b_eth_30d_gt_20__xgboost,xgboost,top20_above_30dma_pct,0.018991589546203613,model_importance,target_b_eth_30d_gt_20
target_b_eth_30d_gt_20__xgboost,xgboost,volume_confirmation_of_price_trend,0.011390787549316883,model_importance,target_b_eth_30d_gt_20
target_b_eth_30d_gt_20__xgboost,xgboost,falling_vix_after_high_vix,0.0,model_importance,target_b_eth_30d_gt_20
target_b_eth_30d_gt_20__xgboost,xgboost,open_interest_growth_7d,0.0,model_importance,target_b_eth_30d_gt_20
target_b_eth_30d_gt_20__xgboost,xgboost,long_short_ratio_btc_eth_mean,0.0,model_importance,target_b_eth_30d_gt_20
target_b_eth_30d_gt_20__xgboost,xgboost,taker_imbalance_btc_eth_mean,0.0,model_importance,target_b_eth_30d_gt_20
target_b_eth_30d_gt_20__shallow_mlp,shallow_mlp,equity_realized_vol_21d,0.0,not_available,target_b_eth_30d_gt_20
target_b_eth_30d_gt_20__shallow_mlp,shallow_mlp,equity_momentum_21d,0.0,not_available,target_b_eth_30d_gt_20
target_b_eth_30d_gt_20__shallow_mlp,shallow_mlp,dow_vol_level,0.0,not_available,target_b_eth_30d_gt_20
target_b_eth_30d_gt_20__shallow_mlp,shallow_mlp,vix_level,0.0,not_available,target_b_eth_30d_gt_20
target_b_eth_30d_gt_20__shallow_mlp,shallow_mlp,vix_change_5d,0.0,not_available,target_b_eth_30d_gt_20
target_b_eth_30d_gt_20__shallow_mlp,shallow_mlp,vix_change_21d,0.0,not_available,target_b_eth_30d_gt_20
target_b_eth_30d_gt_20__shallow_mlp,shallow_mlp,recovery_from_drawdown,0.0,not_available,target_b_eth_30d_gt_20
target_b_eth_30d_gt_20__shallow_mlp,shallow_mlp,tvl_percentile,0.0,not_available,target_b_eth_30d_gt_20
target_b_eth_30d_gt_20__shallow_mlp,shallow_mlp,jump_intensity,0.0,not_available,target_b_eth_30d_gt_20
target_b_eth_30d_gt_20__shallow_mlp,shallow_mlp,stablecoin_supply_percentile,0.0,not_available,target_b_eth_30d_gt_20
target_b_eth_30d_gt_20__shallow_mlp,shallow_mlp,eth_btc_relative_strength_30d,0.0,not_available,target_b_eth_30d_gt_20
target_b_eth_30d_gt_20__shallow_mlp,shallow_mlp,upside_semivariance,0.0,not_available,target_b_eth_30d_gt_20
target_b_eth_30d_gt_20__shallow_mlp,shallow_mlp,distance_from_90d_lows,0.0,not_available,target_b_eth_30d_gt_20
target_b_eth_30d_gt_20__shallow_mlp,shallow_mlp,top20_30d_high_pct,0.0,not_available,target_b_eth_30d_gt_20
target_b_eth_30d_gt_20__shallow_mlp,shallow_mlp,downside_to_upside_volatility_ratio,0.0,not_available,target_b_eth_30d_gt_20
target_b_eth_30d_gt_20__shallow_mlp,shallow_mlp,top20_above_30dma_pct,0.0,not_available,target_b_eth_30d_gt_20
target_b_eth_30d_gt_20__shallow_mlp,shallow_mlp,dispersion_acceleration,0.0,not_available,target_b_eth_30d_gt_20
target_b_eth_30d_gt_20__shallow_mlp,shallow_mlp,risk_appetite_recovery_score,0.0,not_available,target_b_eth_30d_gt_20
target_b_eth_30d_gt_20__shallow_mlp,shallow_mlp,volume_confirmation_of_price_trend,0.0,not_available,target_b_eth_30d_gt_20
target_b_eth_30d_gt_20__shallow_mlp,shallow_mlp,volatility_of_volatility,0.0,not_available,target_b_eth_30d_gt_20
target_b_eth_30d_gt_20__shallow_mlp,shallow_mlp,tvl_acceleration,0.0,not_available,target_b_eth_30d_gt_20
target_b_eth_30d_gt_20__shallow_mlp,shallow_mlp,market_dollar_volume_growth_30d,0.0,not_available,target_b_eth_30d_gt_20
target_b_eth_30d_gt_20__shallow_mlp,shallow_mlp,combined_crypto_liquidity_impulse,0.0,not_available,target_b_eth_30d_gt_20
target_b_eth_30d_gt_20__shallow_mlp,shallow_mlp,stablecoin_supply_acceleration,0.0,not_available,target_b_eth_30d_gt_20
target_b_eth_30d_gt_20__shallow_mlp,shallow_mlp,eth_btc_relative_strength_14d,0.0,not_available,target_b_eth_30d_gt_20
target_b_eth_30d_gt_20__shallow_mlp,shallow_mlp,falling_vix_after_high_vix,0.0,not_available,target_b_eth_30d_gt_20
target_b_eth_30d_gt_20__shallow_mlp,shallow_mlp,funding_rate_btc_eth_mean,0.0,not_available,target_b_eth_30d_gt_20
target_b_eth_30d_gt_20__shallow_mlp,shallow_mlp,basis_close_btc_eth_mean,0.0,not_available,target_b_eth_30d_gt_20
target_b_eth_30d_gt_20__shallow_mlp,shallow_mlp,open_interest_growth_7d,0.0,not_available,target_b_eth_30d_gt_20
target_b_eth_30d_gt_20__shallow_mlp,shallow_mlp,long_short_ratio_btc_eth_mean,0.0,not_available,target_b_eth_30d_gt_20
target_b_eth_30d_gt_20__shallow_mlp,shallow_mlp,taker_imbalance_btc_eth_mean,0.0,not_available,target_b_eth_30d_gt_20
target_c_eth_beats_btc_30d_gt_5__logistic_regression,logistic_regression,risk_appetite_recovery_score,1.0731837871462286,coefficient,target_c_eth_beats_btc_30d_gt_5
target_c_eth_beats_btc_30d_gt_5__logistic_regression,logistic_regression,vix_change_21d,0.9448445303560066,coefficient,target_c_eth_beats_btc_30d_gt_5
target_c_eth_beats_btc_30d_gt_5__logistic_regression,logistic_regression,jump_intensity,-0.8230097651681184,coefficient,target_c_eth_beats_btc_30d_gt_5
target_c_eth_beats_btc_30d_gt_5__logistic_regression,logistic_regression,eth_btc_relative_strength_30d,-0.7833179263952003,coefficient,target_c_eth_beats_btc_30d_gt_5
target_c_eth_beats_btc_30d_gt_5__logistic_regression,logistic_regression,distance_from_90d_lows,0.6161761099739272,coefficient,target_c_eth_beats_btc_30d_gt_5
target_c_eth_beats_btc_30d_gt_5__logistic_regression,logistic_regression,equity_momentum_21d,-0.6026541056872552,coefficient,target_c_eth_beats_btc_30d_gt_5
target_c_eth_beats_btc_30d_gt_5__logistic_regression,logistic_regression,basis_close_btc_eth_mean,0.45541664629604217,coefficient,target_c_eth_beats_btc_30d_gt_5
target_c_eth_beats_btc_30d_gt_5__logistic_regression,logistic_regression,equity_realized_vol_21d,0.4134071037646041,coefficient,target_c_eth_beats_btc_30d_gt_5
target_c_eth_beats_btc_30d_gt_5__logistic_regression,logistic_regression,tvl_percentile,0.3733206495676928,coefficient,target_c_eth_beats_btc_30d_gt_5
target_c_eth_beats_btc_30d_gt_5__logistic_regression,logistic_regression,downside_to_upside_volatility_ratio,-0.371444270486704,coefficient,target_c_eth_beats_btc_30d_gt_5
target_c_eth_beats_btc_30d_gt_5__logistic_regression,logistic_regression,volume_confirmation_of_price_trend,-0.28258003422539035,coefficient,target_c_eth_beats_btc_30d_gt_5
target_c_eth_beats_btc_30d_gt_5__logistic_regression,logistic_regression,dispersion_acceleration,-0.2654244487519878,coefficient,target_c_eth_beats_btc_30d_gt_5
target_c_eth_beats_btc_30d_gt_5__logistic_regression,logistic_regression,vix_change_5d,-0.24814261223731085,coefficient,target_c_eth_beats_btc_30d_gt_5
target_c_eth_beats_btc_30d_gt_5__logistic_regression,logistic_regression,vix_level,0.221203392682705,coefficient,target_c_eth_beats_btc_30d_gt_5
target_c_eth_beats_btc_30d_gt_5__logistic_regression,logistic_regression,tvl_acceleration,0.21845823710102036,coefficient,target_c_eth_beats_btc_30d_gt_5
target_c_eth_beats_btc_30d_gt_5__logistic_regression,logistic_regression,falling_vix_after_high_vix,0.18885133665081624,coefficient,target_c_eth_beats_btc_30d_gt_5
target_c_eth_beats_btc_30d_gt_5__logistic_regression,logistic_regression,upside_semivariance,0.17808013400410627,coefficient,target_c_eth_beats_btc_30d_gt_5
target_c_eth_beats_btc_30d_gt_5__logistic_regression,logistic_regression,recovery_from_drawdown,0.1775037770873324,coefficient,target_c_eth_beats_btc_30d_gt_5
target_c_eth_beats_btc_30d_gt_5__logistic_regression,logistic_regression,eth_btc_relative_strength_14d,0.14324355749377887,coefficient,target_c_eth_beats_btc_30d_gt_5
target_c_eth_beats_btc_30d_gt_5__logistic_regression,logistic_regression,funding_rate_btc_eth_mean,-0.14209413244381733,coefficient,target_c_eth_beats_btc_30d_gt_5
target_c_eth_beats_btc_30d_gt_5__logistic_regression,logistic_regression,top20_30d_high_pct,0.10608811742535834,coefficient,target_c_eth_beats_btc_30d_gt_5
target_c_eth_beats_btc_30d_gt_5__logistic_regression,logistic_regression,stablecoin_supply_percentile,0.0787478456835453,coefficient,target_c_eth_beats_btc_30d_gt_5
target_c_eth_beats_btc_30d_gt_5__logistic_regression,logistic_regression,market_dollar_volume_growth_30d,0.07162984216474504,coefficient,target_c_eth_beats_btc_30d_gt_5
target_c_eth_beats_btc_30d_gt_5__logistic_regression,logistic_regression,top20_above_30dma_pct,0.06974545868412223,coefficient,target_c_eth_beats_btc_30d_gt_5
target_c_eth_beats_btc_30d_gt_5__logistic_regression,logistic_regression,dow_vol_level,0.053365767642880355,coefficient,target_c_eth_beats_btc_30d_gt_5
target_c_eth_beats_btc_30d_gt_5__logistic_regression,logistic_regression,volatility_of_volatility,-0.050769032284616024,coefficient,target_c_eth_beats_btc_30d_gt_5
target_c_eth_beats_btc_30d_gt_5__logistic_regression,logistic_regression,stablecoin_supply_acceleration,-0.049790058983379876,coefficient,target_c_eth_beats_btc_30d_gt_5
target_c_eth_beats_btc_30d_gt_5__logistic_regression,logistic_regression,combined_crypto_liquidity_impulse,-0.013314946946466049,coefficient,target_c_eth_beats_btc_30d_gt_5
target_c_eth_beats_btc_30d_gt_5__logistic_regression,logistic_regression,open_interest_growth_7d,0.0,coefficient,target_c_eth_beats_btc_30d_gt_5
target_c_eth_beats_btc_30d_gt_5__logistic_regression,logistic_regression,long_short_ratio_btc_eth_mean,0.0,coefficient,target_c_eth_beats_btc_30d_gt_5
target_c_eth_beats_btc_30d_gt_5__logistic_regression,logistic_regression,taker_imbalance_btc_eth_mean,0.0,coefficient,target_c_eth_beats_btc_30d_gt_5
target_c_eth_beats_btc_30d_gt_5__elastic_net_logistic,elastic_net_logistic,risk_appetite_recovery_score,0.8368041621310416,coefficient,target_c_eth_beats_btc_30d_gt_5
target_c_eth_beats_btc_30d_gt_5__elastic_net_logistic,elastic_net_logistic,jump_intensity,-0.7607318859456085,coefficient,target_c_eth_beats_btc_30d_gt_5
target_c_eth_beats_btc_30d_gt_5__elastic_net_logistic,elastic_net_logistic,eth_btc_relative_strength_30d,-0.665994670103984,coefficient,target_c_eth_beats_btc_30d_gt_5
target_c_eth_beats_btc_30d_gt_5__elastic_net_logistic,elastic_net_logistic,vix_change_21d,0.6423777717788854,coefficient,target_c_eth_beats_btc_30d_gt_5
target_c_eth_beats_btc_30d_gt_5__elastic_net_logistic,elastic_net_logistic,distance_from_90d_lows,0.5391175842941872,coefficient,target_c_eth_beats_btc_30d_gt_5
target_c_eth_beats_btc_30d_gt_5__elastic_net_logistic,elastic_net_logistic,equity_momentum_21d,-0.49128594414616983,coefficient,target_c_eth_beats_btc_30d_gt_5
target_c_eth_beats_btc_30d_gt_5__elastic_net_logistic,elastic_net_logistic,basis_close_btc_eth_mean,0.41927619685634676,coefficient,target_c_eth_beats_btc_30d_gt_5
target_c_eth_beats_btc_30d_gt_5__elastic_net_logistic,elastic_net_logistic,downside_to_upside_volatility_ratio,-0.3498938582513631,coefficient,target_c_eth_beats_btc_30d_gt_5
target_c_eth_beats_btc_30d_gt_5__elastic_net_logistic,elastic_net_logistic,tvl_percentile,0.2834290032000563,coefficient,target_c_eth_beats_btc_30d_gt_5
target_c_eth_beats_btc_30d_gt_5__elastic_net_logistic,elastic_net_logistic,equity_realized_vol_21d,0.280764974792769,coefficient,target_c_eth_beats_btc_30d_gt_5
target_c_eth_beats_btc_30d_gt_5__elastic_net_logistic,elastic_net_logistic,vix_level,0.2435788381997963,coefficient,target_c_eth_beats_btc_30d_gt_5
target_c_eth_beats_btc_30d_gt_5__elastic_net_logistic,elastic_net_logistic,vix_change_5d,-0.22423293759666518,coefficient,target_c_eth_beats_btc_30d_gt_5
target_c_eth_beats_btc_30d_gt_5__elastic_net_logistic,elastic_net_logistic,dispersion_acceleration,-0.19899523413268452,coefficient,target_c_eth_beats_btc_30d_gt_5
target_c_eth_beats_btc_30d_gt_5__elastic_net_logistic,elastic_net_logistic,tvl_acceleration,0.17851258226593064,coefficient,target_c_eth_beats_btc_30d_gt_5
target_c_eth_beats_btc_30d_gt_5__elastic_net_logistic,elastic_net_logistic,recovery_from_drawdown,0.16539053330392217,coefficient,target_c_eth_beats_btc_30d_gt_5
target_c_eth_beats_btc_30d_gt_5__elastic_net_logistic,elastic_net_logistic,volume_confirmation_of_price_trend,-0.1455313263556642,coefficient,target_c_eth_beats_btc_30d_gt_5
target_c_eth_beats_btc_30d_gt_5__elastic_net_logistic,elastic_net_logistic,upside_semivariance,0.12992310793863715,coefficient,target_c_eth_beats_btc_30d_gt_5
target_c_eth_beats_btc_30d_gt_5__elastic_net_logistic,elastic_net_logistic,stablecoin_supply_percentile,0.09196651762844345,coefficient,target_c_eth_beats_btc_30d_gt_5
target_c_eth_beats_btc_30d_gt_5__elastic_net_logistic,elastic_net_logistic,eth_btc_relative_strength_14d,0.08241581543065035,coefficient,target_c_eth_beats_btc_30d_gt_5
target_c_eth_beats_btc_30d_gt_5__elastic_net_logistic,elastic_net_logistic,funding_rate_btc_eth_mean,-0.07637723133532517,coefficient,target_c_eth_beats_btc_30d_gt_5
target_c_eth_beats_btc_30d_gt_5__elastic_net_logistic,elastic_net_logistic,top20_30d_high_pct,0.06436971165090741,coefficient,target_c_eth_beats_btc_30d_gt_5
target_c_eth_beats_btc_30d_gt_5__elastic_net_logistic,elastic_net_logistic,dow_vol_level,0.04628901289219365,coefficient,target_c_eth_beats_btc_30d_gt_5
target_c_eth_beats_btc_30d_gt_5__elastic_net_logistic,elastic_net_logistic,falling_vix_after_high_vix,0.01963106080572876,coefficient,target_c_eth_beats_btc_30d_gt_5
target_c_eth_beats_btc_30d_gt_5__elastic_net_logistic,elastic_net_logistic,stablecoin_supply_acceleration,-0.015527675401705798,coefficient,target_c_eth_beats_btc_30d_gt_5
target_c_eth_beats_btc_30d_gt_5__elastic_net_logistic,elastic_net_logistic,market_dollar_volume_growth_30d,0.0,coefficient,target_c_eth_beats_btc_30d_gt_5
target_c_eth_beats_btc_30d_gt_5__elastic_net_logistic,elastic_net_logistic,volatility_of_volatility,0.0,coefficient,target_c_eth_beats_btc_30d_gt_5
target_c_eth_beats_btc_30d_gt_5__elastic_net_logistic,elastic_net_logistic,top20_above_30dma_pct,0.0,coefficient,target_c_eth_beats_btc_30d_gt_5
target_c_eth_beats_btc_30d_gt_5__elastic_net_logistic,elastic_net_logistic,combined_crypto_liquidity_impulse,0.0,coefficient,target_c_eth_beats_btc_30d_gt_5
target_c_eth_beats_btc_30d_gt_5__elastic_net_logistic,elastic_net_logistic,open_interest_growth_7d,0.0,coefficient,target_c_eth_beats_btc_30d_gt_5
target_c_eth_beats_btc_30d_gt_5__elastic_net_logistic,elastic_net_logistic,long_short_ratio_btc_eth_mean,0.0,coefficient,target_c_eth_beats_btc_30d_gt_5
target_c_eth_beats_btc_30d_gt_5__elastic_net_logistic,elastic_net_logistic,taker_imbalance_btc_eth_mean,0.0,coefficient,target_c_eth_beats_btc_30d_gt_5
target_c_eth_beats_btc_30d_gt_5__random_forest,random_forest,recovery_from_drawdown,0.1005347451137706,model_importance,target_c_eth_beats_btc_30d_gt_5
target_c_eth_beats_btc_30d_gt_5__random_forest,random_forest,stablecoin_supply_percentile,0.0775591783626826,model_importance,target_c_eth_beats_btc_30d_gt_5
target_c_eth_beats_btc_30d_gt_5__random_forest,random_forest,dow_vol_level,0.06264595153912104,model_importance,target_c_eth_beats_btc_30d_gt_5
target_c_eth_beats_btc_30d_gt_5__random_forest,random_forest,basis_close_btc_eth_mean,0.06261051941674413,model_importance,target_c_eth_beats_btc_30d_gt_5
target_c_eth_beats_btc_30d_gt_5__random_forest,random_forest,jump_intensity,0.05419300690135189,model_importance,target_c_eth_beats_btc_30d_gt_5
target_c_eth_beats_btc_30d_gt_5__random_forest,random_forest,tvl_percentile,0.05165247159399297,model_importance,target_c_eth_beats_btc_30d_gt_5
target_c_eth_beats_btc_30d_gt_5__random_forest,random_forest,upside_semivariance,0.05018879486709987,model_importance,target_c_eth_beats_btc_30d_gt_5
target_c_eth_beats_btc_30d_gt_5__random_forest,random_forest,vix_level,0.04688871150978108,model_importance,target_c_eth_beats_btc_30d_gt_5
target_c_eth_beats_btc_30d_gt_5__random_forest,random_forest,eth_btc_relative_strength_30d,0.046338821282709594,model_importance,target_c_eth_beats_btc_30d_gt_5
target_c_eth_beats_btc_30d_gt_5__random_forest,random_forest,vix_change_5d,0.04040683936011519,model_importance,target_c_eth_beats_btc_30d_gt_5
target_c_eth_beats_btc_30d_gt_5__random_forest,random_forest,equity_realized_vol_21d,0.03530974918830577,model_importance,target_c_eth_beats_btc_30d_gt_5
target_c_eth_beats_btc_30d_gt_5__random_forest,random_forest,downside_to_upside_volatility_ratio,0.035186862389740094,model_importance,target_c_eth_beats_btc_30d_gt_5
target_c_eth_beats_btc_30d_gt_5__random_forest,random_forest,eth_btc_relative_strength_14d,0.031370269924532915,model_importance,target_c_eth_beats_btc_30d_gt_5
target_c_eth_beats_btc_30d_gt_5__random_forest,random_forest,vix_change_21d,0.029187032912304726,model_importance,target_c_eth_beats_btc_30d_gt_5
target_c_eth_beats_btc_30d_gt_5__random_forest,random_forest,distance_from_90d_lows,0.027812568341748216,model_importance,target_c_eth_beats_btc_30d_gt_5
target_c_eth_beats_btc_30d_gt_5__random_forest,random_forest,top20_30d_high_pct,0.02770360129350012,model_importance,target_c_eth_beats_btc_30d_gt_5
target_c_eth_beats_btc_30d_gt_5__random_forest,random_forest,volatility_of_volatility,0.025751868704489506,model_importance,target_c_eth_beats_btc_30d_gt_5
target_c_eth_beats_btc_30d_gt_5__random_forest,random_forest,equity_momentum_21d,0.025051372299444576,model_importance,target_c_eth_beats_btc_30d_gt_5
target_c_eth_beats_btc_30d_gt_5__random_forest,random_forest,risk_appetite_recovery_score,0.02329579137715848,model_importance,target_c_eth_beats_btc_30d_gt_5
target_c_eth_beats_btc_30d_gt_5__random_forest,random_forest,tvl_acceleration,0.023172660784827975,model_importance,target_c_eth_beats_btc_30d_gt_5
target_c_eth_beats_btc_30d_gt_5__random_forest,random_forest,stablecoin_supply_acceleration,0.022674500555865333,model_importance,target_c_eth_beats_btc_30d_gt_5
target_c_eth_beats_btc_30d_gt_5__random_forest,random_forest,combined_crypto_liquidity_impulse,0.01881487498354771,model_importance,target_c_eth_beats_btc_30d_gt_5
target_c_eth_beats_btc_30d_gt_5__random_forest,random_forest,top20_above_30dma_pct,0.018408353889872442,model_importance,target_c_eth_beats_btc_30d_gt_5
target_c_eth_beats_btc_30d_gt_5__random_forest,random_forest,volume_confirmation_of_price_trend,0.01831780460682337,model_importance,target_c_eth_beats_btc_30d_gt_5
target_c_eth_beats_btc_30d_gt_5__random_forest,random_forest,funding_rate_btc_eth_mean,0.018035396387610685,model_importance,target_c_eth_beats_btc_30d_gt_5
target_c_eth_beats_btc_30d_gt_5__random_forest,random_forest,dispersion_acceleration,0.014134373409171322,model_importance,target_c_eth_beats_btc_30d_gt_5
target_c_eth_beats_btc_30d_gt_5__random_forest,random_forest,market_dollar_volume_growth_30d,0.010843792022534828,model_importance,target_c_eth_beats_btc_30d_gt_5
target_c_eth_beats_btc_30d_gt_5__random_forest,random_forest,falling_vix_after_high_vix,0.0019100869811529567,model_importance,target_c_eth_beats_btc_30d_gt_5
target_c_eth_beats_btc_30d_gt_5__random_forest,random_forest,open_interest_growth_7d,0.0,model_importance,target_c_eth_beats_btc_30d_gt_5
target_c_eth_beats_btc_30d_gt_5__random_forest,random_forest,long_short_ratio_btc_eth_mean,0.0,model_importance,target_c_eth_beats_btc_30d_gt_5
target_c_eth_beats_btc_30d_gt_5__random_forest,random_forest,taker_imbalance_btc_eth_mean,0.0,model_importance,target_c_eth_beats_btc_30d_gt_5
target_c_eth_beats_btc_30d_gt_5__gradient_boosting,gradient_boosting,recovery_from_drawdown,0.1555679048302171,model_importance,target_c_eth_beats_btc_30d_gt_5
target_c_eth_beats_btc_30d_gt_5__gradient_boosting,gradient_boosting,eth_btc_relative_strength_30d,0.13959590196785157,model_importance,target_c_eth_beats_btc_30d_gt_5
target_c_eth_beats_btc_30d_gt_5__gradient_boosting,gradient_boosting,jump_intensity,0.08681755758404916,model_importance,target_c_eth_beats_btc_30d_gt_5
target_c_eth_beats_btc_30d_gt_5__gradient_boosting,gradient_boosting,distance_from_90d_lows,0.0713032849025947,model_importance,target_c_eth_beats_btc_30d_gt_5
target_c_eth_beats_btc_30d_gt_5__gradient_boosting,gradient_boosting,basis_close_btc_eth_mean,0.0536892866303429,model_importance,target_c_eth_beats_btc_30d_gt_5
target_c_eth_beats_btc_30d_gt_5__gradient_boosting,gradient_boosting,upside_semivariance,0.05309418137773541,model_importance,target_c_eth_beats_btc_30d_gt_5
target_c_eth_beats_btc_30d_gt_5__gradient_boosting,gradient_boosting,vix_change_21d,0.052955786728297365,model_importance,target_c_eth_beats_btc_30d_gt_5
target_c_eth_beats_btc_30d_gt_5__gradient_boosting,gradient_boosting,vix_level,0.05228079934120041,model_importance,target_c_eth_beats_btc_30d_gt_5
target_c_eth_beats_btc_30d_gt_5__gradient_boosting,gradient_boosting,equity_realized_vol_21d,0.0509331095034986,model_importance,target_c_eth_beats_btc_30d_gt_5
target_c_eth_beats_btc_30d_gt_5__gradient_boosting,gradient_boosting,dow_vol_level,0.03688205789394777,model_importance,target_c_eth_beats_btc_30d_gt_5
target_c_eth_beats_btc_30d_gt_5__gradient_boosting,gradient_boosting,vix_change_5d,0.035425431905333524,model_importance,target_c_eth_beats_btc_30d_gt_5
target_c_eth_beats_btc_30d_gt_5__gradient_boosting,gradient_boosting,stablecoin_supply_percentile,0.033432718215796096,model_importance,target_c_eth_beats_btc_30d_gt_5
target_c_eth_beats_btc_30d_gt_5__gradient_boosting,gradient_boosting,volatility_of_volatility,0.030865211749290897,model_importance,target_c_eth_beats_btc_30d_gt_5
target_c_eth_beats_btc_30d_gt_5__gradient_boosting,gradient_boosting,top20_30d_high_pct,0.026891795141758754,model_importance,target_c_eth_beats_btc_30d_gt_5
target_c_eth_beats_btc_30d_gt_5__gradient_boosting,gradient_boosting,tvl_percentile,0.023759071030676267,model_importance,target_c_eth_beats_btc_30d_gt_5
target_c_eth_beats_btc_30d_gt_5__gradient_boosting,gradient_boosting,downside_to_upside_volatility_ratio,0.022931471955898716,model_importance,target_c_eth_beats_btc_30d_gt_5
target_c_eth_beats_btc_30d_gt_5__gradient_boosting,gradient_boosting,top20_above_30dma_pct,0.020175565274582623,model_importance,target_c_eth_beats_btc_30d_gt_5
target_c_eth_beats_btc_30d_gt_5__gradient_boosting,gradient_boosting,dispersion_acceleration,0.01646460457524208,model_importance,target_c_eth_beats_btc_30d_gt_5
target_c_eth_beats_btc_30d_gt_5__gradient_boosting,gradient_boosting,equity_momentum_21d,0.012380994038227133,model_importance,target_c_eth_beats_btc_30d_gt_5
target_c_eth_beats_btc_30d_gt_5__gradient_boosting,gradient_boosting,combined_crypto_liquidity_impulse,0.00938744162840809,model_importance,target_c_eth_beats_btc_30d_gt_5
target_c_eth_beats_btc_30d_gt_5__gradient_boosting,gradient_boosting,eth_btc_relative_strength_14d,0.008828866750193095,model_importance,target_c_eth_beats_btc_30d_gt_5
target_c_eth_beats_btc_30d_gt_5__gradient_boosting,gradient_boosting,volume_confirmation_of_price_trend,0.004274321093548551,model_importance,target_c_eth_beats_btc_30d_gt_5
target_c_eth_beats_btc_30d_gt_5__gradient_boosting,gradient_boosting,risk_appetite_recovery_score,0.0020626358813093165,model_importance,target_c_eth_beats_btc_30d_gt_5
target_c_eth_beats_btc_30d_gt_5__gradient_boosting,gradient_boosting,market_dollar_volume_growth_30d,0.0,model_importance,target_c_eth_beats_btc_30d_gt_5
target_c_eth_beats_btc_30d_gt_5__gradient_boosting,gradient_boosting,tvl_acceleration,0.0,model_importance,target_c_eth_beats_btc_30d_gt_5
target_c_eth_beats_btc_30d_gt_5__gradient_boosting,gradient_boosting,falling_vix_after_high_vix,0.0,model_importance,target_c_eth_beats_btc_30d_gt_5
target_c_eth_beats_btc_30d_gt_5__gradient_boosting,gradient_boosting,stablecoin_supply_acceleration,0.0,model_importance,target_c_eth_beats_btc_30d_gt_5
target_c_eth_beats_btc_30d_gt_5__gradient_boosting,gradient_boosting,funding_rate_btc_eth_mean,0.0,model_importance,target_c_eth_beats_btc_30d_gt_5
target_c_eth_beats_btc_30d_gt_5__gradient_boosting,gradient_boosting,open_interest_growth_7d,0.0,model_importance,target_c_eth_beats_btc_30d_gt_5
target_c_eth_beats_btc_30d_gt_5__gradient_boosting,gradient_boosting,long_short_ratio_btc_eth_mean,0.0,model_importance,target_c_eth_beats_btc_30d_gt_5
target_c_eth_beats_btc_30d_gt_5__gradient_boosting,gradient_boosting,taker_imbalance_btc_eth_mean,0.0,model_importance,target_c_eth_beats_btc_30d_gt_5
target_c_eth_beats_btc_30d_gt_5__xgboost,xgboost,recovery_from_drawdown,0.06127987429499626,model_importance,target_c_eth_beats_btc_30d_gt_5
target_c_eth_beats_btc_30d_gt_5__xgboost,xgboost,basis_close_btc_eth_mean,0.0496506467461586,model_importance,target_c_eth_beats_btc_30d_gt_5
target_c_eth_beats_btc_30d_gt_5__xgboost,xgboost,stablecoin_supply_percentile,0.04909961670637131,model_importance,target_c_eth_beats_btc_30d_gt_5
target_c_eth_beats_btc_30d_gt_5__xgboost,xgboost,top20_30d_high_pct,0.048025526106357574,model_importance,target_c_eth_beats_btc_30d_gt_5
target_c_eth_beats_btc_30d_gt_5__xgboost,xgboost,eth_btc_relative_strength_30d,0.046572405844926834,model_importance,target_c_eth_beats_btc_30d_gt_5
target_c_eth_beats_btc_30d_gt_5__xgboost,xgboost,jump_intensity,0.04579189047217369,model_importance,target_c_eth_beats_btc_30d_gt_5
target_c_eth_beats_btc_30d_gt_5__xgboost,xgboost,vix_level,0.04522465914487839,model_importance,target_c_eth_beats_btc_30d_gt_5
target_c_eth_beats_btc_30d_gt_5__xgboost,xgboost,equity_realized_vol_21d,0.04391368851065636,model_importance,target_c_eth_beats_btc_30d_gt_5
target_c_eth_beats_btc_30d_gt_5__xgboost,xgboost,distance_from_90d_lows,0.0432811863720417,model_importance,target_c_eth_beats_btc_30d_gt_5
target_c_eth_beats_btc_30d_gt_5__xgboost,xgboost,dow_vol_level,0.04094502702355385,model_importance,target_c_eth_beats_btc_30d_gt_5
target_c_eth_beats_btc_30d_gt_5__xgboost,xgboost,upside_semivariance,0.03951267525553703,model_importance,target_c_eth_beats_btc_30d_gt_5
target_c_eth_beats_btc_30d_gt_5__xgboost,xgboost,dispersion_acceleration,0.03757104650139809,model_importance,target_c_eth_beats_btc_30d_gt_5
target_c_eth_beats_btc_30d_gt_5__xgboost,xgboost,combined_crypto_liquidity_impulse,0.03715243190526962,model_importance,target_c_eth_beats_btc_30d_gt_5
target_c_eth_beats_btc_30d_gt_5__xgboost,xgboost,volatility_of_volatility,0.03603944182395935,model_importance,target_c_eth_beats_btc_30d_gt_5
target_c_eth_beats_btc_30d_gt_5__xgboost,xgboost,tvl_percentile,0.03491976857185364,model_importance,target_c_eth_beats_btc_30d_gt_5
target_c_eth_beats_btc_30d_gt_5__xgboost,xgboost,vix_change_5d,0.03394575044512749,model_importance,target_c_eth_beats_btc_30d_gt_5
target_c_eth_beats_btc_30d_gt_5__xgboost,xgboost,vix_change_21d,0.03383323922753334,model_importance,target_c_eth_beats_btc_30d_gt_5
target_c_eth_beats_btc_30d_gt_5__xgboost,xgboost,downside_to_upside_volatility_ratio,0.033195096999406815,model_importance,target_c_eth_beats_btc_30d_gt_5
target_c_eth_beats_btc_30d_gt_5__xgboost,xgboost,equity_momentum_21d,0.032999686896800995,model_importance,target_c_eth_beats_btc_30d_gt_5
target_c_eth_beats_btc_30d_gt_5__xgboost,xgboost,market_dollar_volume_growth_30d,0.032605238258838654,model_importance,target_c_eth_beats_btc_30d_gt_5
target_c_eth_beats_btc_30d_gt_5__xgboost,xgboost,eth_btc_relative_strength_14d,0.03226162865757942,model_importance,target_c_eth_beats_btc_30d_gt_5
target_c_eth_beats_btc_30d_gt_5__xgboost,xgboost,risk_appetite_recovery_score,0.03185892850160599,model_importance,target_c_eth_beats_btc_30d_gt_5
target_c_eth_beats_btc_30d_gt_5__xgboost,xgboost,top20_above_30dma_pct,0.03059597685933113,model_importance,target_c_eth_beats_btc_30d_gt_5
target_c_eth_beats_btc_30d_gt_5__xgboost,xgboost,tvl_acceleration,0.027819275856018066,model_importance,target_c_eth_beats_btc_30d_gt_5
target_c_eth_beats_btc_30d_gt_5__xgboost,xgboost,stablecoin_supply_acceleration,0.02691832184791565,model_importance,target_c_eth_beats_btc_30d_gt_5
target_c_eth_beats_btc_30d_gt_5__xgboost,xgboost,funding_rate_btc_eth_mean,0.024986999109387398,model_importance,target_c_eth_beats_btc_30d_gt_5
target_c_eth_beats_btc_30d_gt_5__xgboost,xgboost,volume_confirmation_of_price_trend,0.0,model_importance,target_c_eth_beats_btc_30d_gt_5
target_c_eth_beats_btc_30d_gt_5__xgboost,xgboost,falling_vix_after_high_vix,0.0,model_importance,target_c_eth_beats_btc_30d_gt_5
target_c_eth_beats_btc_30d_gt_5__xgboost,xgboost,open_interest_growth_7d,0.0,model_importance,target_c_eth_beats_btc_30d_gt_5
target_c_eth_beats_btc_30d_gt_5__xgboost,xgboost,long_short_ratio_btc_eth_mean,0.0,model_importance,target_c_eth_beats_btc_30d_gt_5
target_c_eth_beats_btc_30d_gt_5__xgboost,xgboost,taker_imbalance_btc_eth_mean,0.0,model_importance,target_c_eth_beats_btc_30d_gt_5
target_c_eth_beats_btc_30d_gt_5__shallow_mlp,shallow_mlp,equity_realized_vol_21d,0.0,not_available,target_c_eth_beats_btc_30d_gt_5
target_c_eth_beats_btc_30d_gt_5__shallow_mlp,shallow_mlp,equity_momentum_21d,0.0,not_available,target_c_eth_beats_btc_30d_gt_5
target_c_eth_beats_btc_30d_gt_5__shallow_mlp,shallow_mlp,dow_vol_level,0.0,not_available,target_c_eth_beats_btc_30d_gt_5
target_c_eth_beats_btc_30d_gt_5__shallow_mlp,shallow_mlp,vix_level,0.0,not_available,target_c_eth_beats_btc_30d_gt_5
target_c_eth_beats_btc_30d_gt_5__shallow_mlp,shallow_mlp,vix_change_5d,0.0,not_available,target_c_eth_beats_btc_30d_gt_5
target_c_eth_beats_btc_30d_gt_5__shallow_mlp,shallow_mlp,vix_change_21d,0.0,not_available,target_c_eth_beats_btc_30d_gt_5
target_c_eth_beats_btc_30d_gt_5__shallow_mlp,shallow_mlp,recovery_from_drawdown,0.0,not_available,target_c_eth_beats_btc_30d_gt_5
target_c_eth_beats_btc_30d_gt_5__shallow_mlp,shallow_mlp,tvl_percentile,0.0,not_available,target_c_eth_beats_btc_30d_gt_5
target_c_eth_beats_btc_30d_gt_5__shallow_mlp,shallow_mlp,jump_intensity,0.0,not_available,target_c_eth_beats_btc_30d_gt_5
target_c_eth_beats_btc_30d_gt_5__shallow_mlp,shallow_mlp,stablecoin_supply_percentile,0.0,not_available,target_c_eth_beats_btc_30d_gt_5
target_c_eth_beats_btc_30d_gt_5__shallow_mlp,shallow_mlp,eth_btc_relative_strength_30d,0.0,not_available,target_c_eth_beats_btc_30d_gt_5
target_c_eth_beats_btc_30d_gt_5__shallow_mlp,shallow_mlp,upside_semivariance,0.0,not_available,target_c_eth_beats_btc_30d_gt_5
target_c_eth_beats_btc_30d_gt_5__shallow_mlp,shallow_mlp,distance_from_90d_lows,0.0,not_available,target_c_eth_beats_btc_30d_gt_5
target_c_eth_beats_btc_30d_gt_5__shallow_mlp,shallow_mlp,top20_30d_high_pct,0.0,not_available,target_c_eth_beats_btc_30d_gt_5
target_c_eth_beats_btc_30d_gt_5__shallow_mlp,shallow_mlp,downside_to_upside_volatility_ratio,0.0,not_available,target_c_eth_beats_btc_30d_gt_5
target_c_eth_beats_btc_30d_gt_5__shallow_mlp,shallow_mlp,top20_above_30dma_pct,0.0,not_available,target_c_eth_beats_btc_30d_gt_5
target_c_eth_beats_btc_30d_gt_5__shallow_mlp,shallow_mlp,dispersion_acceleration,0.0,not_available,target_c_eth_beats_btc_30d_gt_5
target_c_eth_beats_btc_30d_gt_5__shallow_mlp,shallow_mlp,risk_appetite_recovery_score,0.0,not_available,target_c_eth_beats_btc_30d_gt_5
target_c_eth_beats_btc_30d_gt_5__shallow_mlp,shallow_mlp,volume_confirmation_of_price_trend,0.0,not_available,target_c_eth_beats_btc_30d_gt_5
target_c_eth_beats_btc_30d_gt_5__shallow_mlp,shallow_mlp,volatility_of_volatility,0.0,not_available,target_c_eth_beats_btc_30d_gt_5
target_c_eth_beats_btc_30d_gt_5__shallow_mlp,shallow_mlp,tvl_acceleration,0.0,not_available,target_c_eth_beats_btc_30d_gt_5
target_c_eth_beats_btc_30d_gt_5__shallow_mlp,shallow_mlp,market_dollar_volume_growth_30d,0.0,not_available,target_c_eth_beats_btc_30d_gt_5
target_c_eth_beats_btc_30d_gt_5__shallow_mlp,shallow_mlp,combined_crypto_liquidity_impulse,0.0,not_available,target_c_eth_beats_btc_30d_gt_5
target_c_eth_beats_btc_30d_gt_5__shallow_mlp,shallow_mlp,stablecoin_supply_acceleration,0.0,not_available,target_c_eth_beats_btc_30d_gt_5
target_c_eth_beats_btc_30d_gt_5__shallow_mlp,shallow_mlp,eth_btc_relative_strength_14d,0.0,not_available,target_c_eth_beats_btc_30d_gt_5
target_c_eth_beats_btc_30d_gt_5__shallow_mlp,shallow_mlp,falling_vix_after_high_vix,0.0,not_available,target_c_eth_beats_btc_30d_gt_5
target_c_eth_beats_btc_30d_gt_5__shallow_mlp,shallow_mlp,funding_rate_btc_eth_mean,0.0,not_available,target_c_eth_beats_btc_30d_gt_5
target_c_eth_beats_btc_30d_gt_5__shallow_mlp,shallow_mlp,basis_close_btc_eth_mean,0.0,not_available,target_c_eth_beats_btc_30d_gt_5
target_c_eth_beats_btc_30d_gt_5__shallow_mlp,shallow_mlp,open_interest_growth_7d,0.0,not_available,target_c_eth_beats_btc_30d_gt_5
target_c_eth_beats_btc_30d_gt_5__shallow_mlp,shallow_mlp,long_short_ratio_btc_eth_mean,0.0,not_available,target_c_eth_beats_btc_30d_gt_5
target_c_eth_beats_btc_30d_gt_5__shallow_mlp,shallow_mlp,taker_imbalance_btc_eth_mean,0.0,not_available,target_c_eth_beats_btc_30d_gt_5
target_d_top20_leadership__logistic_regression,logistic_regression,tvl_percentile,-1.0944417716644308,coefficient,target_d_top20_leadership
target_d_top20_leadership__logistic_regression,logistic_regression,stablecoin_supply_percentile,1.0594010950113442,coefficient,target_d_top20_leadership
target_d_top20_leadership__logistic_regression,logistic_regression,funding_rate_btc_eth_mean,0.5457839603189752,coefficient,target_d_top20_leadership
target_d_top20_leadership__logistic_regression,logistic_regression,upside_semivariance,-0.4977686082927452,coefficient,target_d_top20_leadership
target_d_top20_leadership__logistic_regression,logistic_regression,equity_realized_vol_21d,-0.49233397602737716,coefficient,target_d_top20_leadership
target_d_top20_leadership__logistic_regression,logistic_regression,top20_above_30dma_pct,0.44307444517290206,coefficient,target_d_top20_leadership
target_d_top20_leadership__logistic_regression,logistic_regression,recovery_from_drawdown,-0.40843016766603246,coefficient,target_d_top20_leadership
target_d_top20_leadership__logistic_regression,logistic_regression,jump_intensity,0.3748170481912558,coefficient,target_d_top20_leadership
target_d_top20_leadership__logistic_regression,logistic_regression,dow_vol_level,0.37381308938883895,coefficient,target_d_top20_leadership
target_d_top20_leadership__logistic_regression,logistic_regression,vix_change_21d,0.33524248912058424,coefficient,target_d_top20_leadership
target_d_top20_leadership__logistic_regression,logistic_regression,top20_30d_high_pct,-0.30873746860989515,coefficient,target_d_top20_leadership
target_d_top20_leadership__logistic_regression,logistic_regression,distance_from_90d_lows,0.30691008791073615,coefficient,target_d_top20_leadership
target_d_top20_leadership__logistic_regression,logistic_regression,falling_vix_after_high_vix,0.27425409578262533,coefficient,target_d_top20_leadership
target_d_top20_leadership__logistic_regression,logistic_regression,equity_momentum_21d,0.26420575242509087,coefficient,target_d_top20_leadership
target_d_top20_leadership__logistic_regression,logistic_regression,vix_level,-0.20129932488604352,coefficient,target_d_top20_leadership
target_d_top20_leadership__logistic_regression,logistic_regression,risk_appetite_recovery_score,-0.1908691126188052,coefficient,target_d_top20_leadership
target_d_top20_leadership__logistic_regression,logistic_regression,eth_btc_relative_strength_30d,-0.1769457866262563,coefficient,target_d_top20_leadership
target_d_top20_leadership__logistic_regression,logistic_regression,volatility_of_volatility,0.16981642823438167,coefficient,target_d_top20_leadership
target_d_top20_leadership__logistic_regression,logistic_regression,stablecoin_supply_acceleration,0.14544930994029834,coefficient,target_d_top20_leadership
target_d_top20_leadership__logistic_regression,logistic_regression,volume_confirmation_of_price_trend,-0.13444556195808688,coefficient,target_d_top20_leadership
target_d_top20_leadership__logistic_regression,logistic_regression,combined_crypto_liquidity_impulse,-0.11236973251572657,coefficient,target_d_top20_leadership
target_d_top20_leadership__logistic_regression,logistic_regression,dispersion_acceleration,0.10961137706165221,coefficient,target_d_top20_leadership
target_d_top20_leadership__logistic_regression,logistic_regression,vix_change_5d,-0.08290072805277883,coefficient,target_d_top20_leadership
target_d_top20_leadership__logistic_regression,logistic_regression,downside_to_upside_volatility_ratio,-0.07773798000977676,coefficient,target_d_top20_leadership
target_d_top20_leadership__logistic_regression,logistic_regression,market_dollar_volume_growth_30d,0.0554415886749012,coefficient,target_d_top20_leadership
target_d_top20_leadership__logistic_regression,logistic_regression,eth_btc_relative_strength_14d,-0.053586634106446325,coefficient,target_d_top20_leadership
target_d_top20_leadership__logistic_regression,logistic_regression,basis_close_btc_eth_mean,-0.04091504078163677,coefficient,target_d_top20_leadership
target_d_top20_leadership__logistic_regression,logistic_regression,tvl_acceleration,0.029879003969360295,coefficient,target_d_top20_leadership
target_d_top20_leadership__logistic_regression,logistic_regression,open_interest_growth_7d,0.0,coefficient,target_d_top20_leadership
target_d_top20_leadership__logistic_regression,logistic_regression,long_short_ratio_btc_eth_mean,0.0,coefficient,target_d_top20_leadership
target_d_top20_leadership__logistic_regression,logistic_regression,taker_imbalance_btc_eth_mean,0.0,coefficient,target_d_top20_leadership
target_d_top20_leadership__elastic_net_logistic,elastic_net_logistic,stablecoin_supply_percentile,0.7989650633779777,coefficient,target_d_top20_leadership
target_d_top20_leadership__elastic_net_logistic,elastic_net_logistic,tvl_percentile,-0.7771499787042463,coefficient,target_d_top20_leadership
target_d_top20_leadership__elastic_net_logistic,elastic_net_logistic,funding_rate_btc_eth_mean,0.47519542955196464,coefficient,target_d_top20_leadership
target_d_top20_leadership__elastic_net_logistic,elastic_net_logistic,recovery_from_drawdown,-0.3515622993495839,coefficient,target_d_top20_leadership
target_d_top20_leadership__elastic_net_logistic,elastic_net_logistic,upside_semivariance,-0.3395146744386295,coefficient,target_d_top20_leadership
target_d_top20_leadership__elastic_net_logistic,elastic_net_logistic,equity_realized_vol_21d,-0.31361476339853256,coefficient,target_d_top20_leadership
target_d_top20_leadership__elastic_net_logistic,elastic_net_logistic,top20_above_30dma_pct,0.30963405028957486,coefficient,target_d_top20_leadership
target_d_top20_leadership__elastic_net_logistic,elastic_net_logistic,top20_30d_high_pct,-0.27599788270234954,coefficient,target_d_top20_leadership
target_d_top20_leadership__elastic_net_logistic,elastic_net_logistic,jump_intensity,0.2650152367358196,coefficient,target_d_top20_leadership
target_d_top20_leadership__elastic_net_logistic,elastic_net_logistic,distance_from_90d_lows,0.21424883403535872,coefficient,target_d_top20_leadership
target_d_top20_leadership__elastic_net_logistic,elastic_net_logistic,falling_vix_after_high_vix,0.1619059706033743,coefficient,target_d_top20_leadership
target_d_top20_leadership__elastic_net_logistic,elastic_net_logistic,eth_btc_relative_strength_30d,-0.16092389110511812,coefficient,target_d_top20_leadership
target_d_top20_leadership__elastic_net_logistic,elastic_net_logistic,risk_appetite_recovery_score,-0.1354117957811501,coefficient,target_d_top20_leadership
target_d_top20_leadership__elastic_net_logistic,elastic_net_logistic,dispersion_acceleration,0.11576858723486882,coefficient,target_d_top20_leadership
target_d_top20_leadership__elastic_net_logistic,elastic_net_logistic,vix_change_21d,0.10899529604045056,coefficient,target_d_top20_leadership
target_d_top20_leadership__elastic_net_logistic,elastic_net_logistic,equity_momentum_21d,0.0973265380583863,coefficient,target_d_top20_leadership
target_d_top20_leadership__elastic_net_logistic,elastic_net_logistic,stablecoin_supply_acceleration,0.09505789740417017,coefficient,target_d_top20_leadership
target_d_top20_leadership__elastic_net_logistic,elastic_net_logistic,volatility_of_volatility,0.07297459945083323,coefficient,target_d_top20_leadership
target_d_top20_leadership__elastic_net_logistic,elastic_net_logistic,vix_change_5d,-0.04595919274204821,coefficient,target_d_top20_leadership
target_d_top20_leadership__elastic_net_logistic,elastic_net_logistic,dow_vol_level,0.04468524666779021,coefficient,target_d_top20_leadership
target_d_top20_leadership__elastic_net_logistic,elastic_net_logistic,combined_crypto_liquidity_impulse,-0.04189861374357378,coefficient,target_d_top20_leadership
target_d_top20_leadership__elastic_net_logistic,elastic_net_logistic,eth_btc_relative_strength_14d,-0.027454440790998895,coefficient,target_d_top20_leadership
target_d_top20_leadership__elastic_net_logistic,elastic_net_logistic,volume_confirmation_of_price_trend,-0.02319231653499277,coefficient,target_d_top20_leadership
target_d_top20_leadership__elastic_net_logistic,elastic_net_logistic,downside_to_upside_volatility_ratio,0.0,coefficient,target_d_top20_leadership
target_d_top20_leadership__elastic_net_logistic,elastic_net_logistic,vix_level,0.0,coefficient,target_d_top20_leadership
target_d_top20_leadership__elastic_net_logistic,elastic_net_logistic,market_dollar_volume_growth_30d,0.0,coefficient,target_d_top20_leadership
target_d_top20_leadership__elastic_net_logistic,elastic_net_logistic,tvl_acceleration,0.0,coefficient,target_d_top20_leadership
target_d_top20_leadership__elastic_net_logistic,elastic_net_logistic,basis_close_btc_eth_mean,0.0,coefficient,target_d_top20_leadership
target_d_top20_leadership__elastic_net_logistic,elastic_net_logistic,open_interest_growth_7d,0.0,coefficient,target_d_top20_leadership
target_d_top20_leadership__elastic_net_logistic,elastic_net_logistic,long_short_ratio_btc_eth_mean,0.0,coefficient,target_d_top20_leadership
target_d_top20_leadership__elastic_net_logistic,elastic_net_logistic,taker_imbalance_btc_eth_mean,0.0,coefficient,target_d_top20_leadership
target_d_top20_leadership__random_forest,random_forest,distance_from_90d_lows,0.10096054022601891,model_importance,target_d_top20_leadership
target_d_top20_leadership__random_forest,random_forest,downside_to_upside_volatility_ratio,0.07676075654778802,model_importance,target_d_top20_leadership
target_d_top20_leadership__random_forest,random_forest,recovery_from_drawdown,0.05793353826810205,model_importance,target_d_top20_leadership
target_d_top20_leadership__random_forest,random_forest,basis_close_btc_eth_mean,0.054312298117202944,model_importance,target_d_top20_leadership
target_d_top20_leadership__random_forest,random_forest,risk_appetite_recovery_score,0.053163364180363805,model_importance,target_d_top20_leadership
target_d_top20_leadership__random_forest,random_forest,equity_realized_vol_21d,0.051529464014347215,model_importance,target_d_top20_leadership
target_d_top20_leadership__random_forest,random_forest,volume_confirmation_of_price_trend,0.0443491808230188,model_importance,target_d_top20_leadership
target_d_top20_leadership__random_forest,random_forest,dow_vol_level,0.04396923297648434,model_importance,target_d_top20_leadership
target_d_top20_leadership__random_forest,random_forest,funding_rate_btc_eth_mean,0.04364702070719122,model_importance,target_d_top20_leadership
target_d_top20_leadership__random_forest,random_forest,equity_momentum_21d,0.0346008410342936,model_importance,target_d_top20_leadership
target_d_top20_leadership__random_forest,random_forest,stablecoin_supply_acceleration,0.034137813691149085,model_importance,target_d_top20_leadership
target_d_top20_leadership__random_forest,random_forest,vix_change_21d,0.03351944023568827,model_importance,target_d_top20_leadership
target_d_top20_leadership__random_forest,random_forest,vix_level,0.03256088489852389,model_importance,target_d_top20_leadership
target_d_top20_leadership__random_forest,random_forest,vix_change_5d,0.03207494589838553,model_importance,target_d_top20_leadership
target_d_top20_leadership__random_forest,random_forest,eth_btc_relative_strength_14d,0.03205863353652367,model_importance,target_d_top20_leadership
target_d_top20_leadership__random_forest,random_forest,upside_semivariance,0.03181953928939367,model_importance,target_d_top20_leadership
target_d_top20_leadership__random_forest,random_forest,eth_btc_relative_strength_30d,0.030792910127682177,model_importance,target_d_top20_leadership
target_d_top20_leadership__random_forest,random_forest,volatility_of_volatility,0.029656931937856214,model_importance,target_d_top20_leadership
target_d_top20_leadership__random_forest,random_forest,market_dollar_volume_growth_30d,0.029535456827545544,model_importance,target_d_top20_leadership
target_d_top20_leadership__random_forest,random_forest,tvl_percentile,0.02527474254075525,model_importance,target_d_top20_leadership
target_d_top20_leadership__random_forest,random_forest,stablecoin_supply_percentile,0.024563830715863762,model_importance,target_d_top20_leadership
target_d_top20_leadership__random_forest,random_forest,dispersion_acceleration,0.023033241035526914,model_importance,target_d_top20_leadership
target_d_top20_leadership__random_forest,random_forest,tvl_acceleration,0.022601229958201824,model_importance,target_d_top20_leadership
target_d_top20_leadership__random_forest,random_forest,top20_above_30dma_pct,0.022240456550585506,model_importance,target_d_top20_leadership
target_d_top20_leadership__random_forest,random_forest,combined_crypto_liquidity_impulse,0.016867635192312224,model_importance,target_d_top20_leadership
target_d_top20_leadership__random_forest,random_forest,jump_intensity,0.008924984606926032,model_importance,target_d_top20_leadership
target_d_top20_leadership__random_forest,random_forest,top20_30d_high_pct,0.007984985286576258,model_importance,target_d_top20_leadership
target_d_top20_leadership__random_forest,random_forest,falling_vix_after_high_vix,0.001126100775693222,model_importance,target_d_top20_leadership
target_d_top20_leadership__random_forest,random_forest,open_interest_growth_7d,0.0,model_importance,target_d_top20_leadership
target_d_top20_leadership__random_forest,random_forest,long_short_ratio_btc_eth_mean,0.0,model_importance,target_d_top20_leadership
target_d_top20_leadership__random_forest,random_forest,taker_imbalance_btc_eth_mean,0.0,model_importance,target_d_top20_leadership
target_d_top20_leadership__gradient_boosting,gradient_boosting,distance_from_90d_lows,0.20119291393473399,model_importance,target_d_top20_leadership
target_d_top20_leadership__gradient_boosting,gradient_boosting,downside_to_upside_volatility_ratio,0.15820931625018864,model_importance,target_d_top20_leadership
target_d_top20_leadership__gradient_boosting,gradient_boosting,basis_close_btc_eth_mean,0.07498442877075064,model_importance,target_d_top20_leadership
target_d_top20_leadership__gradient_boosting,gradient_boosting,dispersion_acceleration,0.06546437529353391,model_importance,target_d_top20_leadership
target_d_top20_leadership__gradient_boosting,gradient_boosting,equity_realized_vol_21d,0.06193194871141639,model_importance,target_d_top20_leadership
target_d_top20_leadership__gradient_boosting,gradient_boosting,market_dollar_volume_growth_30d,0.04906011124469426,model_importance,target_d_top20_leadership
target_d_top20_leadership__gradient_boosting,gradient_boosting,funding_rate_btc_eth_mean,0.04891509102096948,model_importance,target_d_top20_leadership
target_d_top20_leadership__gradient_boosting,gradient_boosting,dow_vol_level,0.04414128042777116,model_importance,target_d_top20_leadership
target_d_top20_leadership__gradient_boosting,gradient_boosting,eth_btc_relative_strength_30d,0.030777062050686234,model_importance,target_d_top20_leadership
target_d_top20_leadership__gradient_boosting,gradient_boosting,vix_level,0.029024865218815123,model_importance,target_d_top20_leadership
target_d_top20_leadership__gradient_boosting,gradient_boosting,volume_confirmation_of_price_trend,0.027265781138300017,model_importance,target_d_top20_leadership
target_d_top20_leadership__gradient_boosting,gradient_boosting,stablecoin_supply_acceleration,0.022287869391981095,model_importance,target_d_top20_leadership
target_d_top20_leadership__gradient_boosting,gradient_boosting,recovery_from_drawdown,0.022037807428687127,model_importance,target_d_top20_leadership
target_d_top20_leadership__gradient_boosting,gradient_boosting,combined_crypto_liquidity_impulse,0.019569938183665155,model_importance,target_d_top20_leadership
target_d_top20_leadership__gradient_boosting,gradient_boosting,volatility_of_volatility,0.019212644295345156,model_importance,target_d_top20_leadership
target_d_top20_leadership__gradient_boosting,gradient_boosting,eth_btc_relative_strength_14d,0.019076507674094544,model_importance,target_d_top20_leadership
target_d_top20_leadership__gradient_boosting,gradient_boosting,vix_change_5d,0.018939374996293185,model_importance,target_d_top20_leadership
target_d_top20_leadership__gradient_boosting,gradient_boosting,risk_appetite_recovery_score,0.01751759513797441,model_importance,target_d_top20_leadership
target_d_top20_leadership__gradient_boosting,gradient_boosting,equity_momentum_21d,0.015469022642584089,model_importance,target_d_top20_leadership
target_d_top20_leadership__gradient_boosting,gradient_boosting,upside_semivariance,0.01364396988605051,model_importance,target_d_top20_leadership
target_d_top20_leadership__gradient_boosting,gradient_boosting,top20_above_30dma_pct,0.013639400872729515,model_importance,target_d_top20_leadership
target_d_top20_leadership__gradient_boosting,gradient_boosting,tvl_acceleration,0.012459897365950205,model_importance,target_d_top20_leadership
target_d_top20_leadership__gradient_boosting,gradient_boosting,jump_intensity,0.008284023285572368,model_importance,target_d_top20_leadership
target_d_top20_leadership__gradient_boosting,gradient_boosting,tvl_percentile,0.005233279508215358,model_importance,target_d_top20_leadership
target_d_top20_leadership__gradient_boosting,gradient_boosting,stablecoin_supply_percentile,0.001661495268997489,model_importance,target_d_top20_leadership
target_d_top20_leadership__gradient_boosting,gradient_boosting,top20_30d_high_pct,0.0,model_importance,target_d_top20_leadership
target_d_top20_leadership__gradient_boosting,gradient_boosting,vix_change_21d,0.0,model_importance,target_d_top20_leadership
target_d_top20_leadership__gradient_boosting,gradient_boosting,falling_vix_after_high_vix,0.0,model_importance,target_d_top20_leadership
target_d_top20_leadership__gradient_boosting,gradient_boosting,open_interest_growth_7d,0.0,model_importance,target_d_top20_leadership
target_d_top20_leadership__gradient_boosting,gradient_boosting,long_short_ratio_btc_eth_mean,0.0,model_importance,target_d_top20_leadership
target_d_top20_leadership__gradient_boosting,gradient_boosting,taker_imbalance_btc_eth_mean,0.0,model_importance,target_d_top20_leadership
target_d_top20_leadership__xgboost,xgboost,distance_from_90d_lows,0.05205414071679115,model_importance,target_d_top20_leadership
target_d_top20_leadership__xgboost,xgboost,dispersion_acceleration,0.047728199511766434,model_importance,target_d_top20_leadership
target_d_top20_leadership__xgboost,xgboost,funding_rate_btc_eth_mean,0.04580990597605705,model_importance,target_d_top20_leadership
target_d_top20_leadership__xgboost,xgboost,risk_appetite_recovery_score,0.04572061449289322,model_importance,target_d_top20_leadership
target_d_top20_leadership__xgboost,xgboost,basis_close_btc_eth_mean,0.04561765864491463,model_importance,target_d_top20_leadership
target_d_top20_leadership__xgboost,xgboost,dow_vol_level,0.04559537395834923,model_importance,target_d_top20_leadership
target_d_top20_leadership__xgboost,xgboost,downside_to_upside_volatility_ratio,0.04380463436245918,model_importance,target_d_top20_leadership
target_d_top20_leadership__xgboost,xgboost,equity_momentum_21d,0.041527342051267624,model_importance,target_d_top20_leadership
target_d_top20_leadership__xgboost,xgboost,combined_crypto_liquidity_impulse,0.04143591970205307,model_importance,target_d_top20_leadership
target_d_top20_leadership__xgboost,xgboost,vix_change_5d,0.04133232310414314,model_importance,target_d_top20_leadership
target_d_top20_leadership__xgboost,xgboost,upside_semivariance,0.04043950140476227,model_importance,target_d_top20_leadership
target_d_top20_leadership__xgboost,xgboost,jump_intensity,0.039415061473846436,model_importance,target_d_top20_leadership
target_d_top20_leadership__xgboost,xgboost,top20_above_30dma_pct,0.03838388994336128,model_importance,target_d_top20_leadership
target_d_top20_leadership__xgboost,xgboost,stablecoin_supply_acceleration,0.03800060600042343,model_importance,target_d_top20_leadership
target_d_top20_leadership__xgboost,xgboost,eth_btc_relative_strength_30d,0.03773072361946106,model_importance,target_d_top20_leadership
target_d_top20_leadership__xgboost,xgboost,equity_realized_vol_21d,0.037630658596754074,model_importance,target_d_top20_leadership
target_d_top20_leadership__xgboost,xgboost,market_dollar_volume_growth_30d,0.037460073828697205,model_importance,target_d_top20_leadership
target_d_top20_leadership__xgboost,xgboost,vix_change_21d,0.03681030869483948,model_importance,target_d_top20_leadership
target_d_top20_leadership__xgboost,xgboost,volume_confirmation_of_price_trend,0.03641076758503914,model_importance,target_d_top20_leadership
target_d_top20_leadership__xgboost,xgboost,stablecoin_supply_percentile,0.036392226815223694,model_importance,target_d_top20_leadership
target_d_top20_leadership__xgboost,xgboost,tvl_percentile,0.0332120917737484,model_importance,target_d_top20_leadership
target_d_top20_leadership__xgboost,xgboost,eth_btc_relative_strength_14d,0.031115330755710602,model_importance,target_d_top20_leadership
target_d_top20_leadership__xgboost,xgboost,recovery_from_drawdown,0.028479324653744698,model_importance,target_d_top20_leadership
target_d_top20_leadership__xgboost,xgboost,volatility_of_volatility,0.02709716185927391,model_importance,target_d_top20_leadership
target_d_top20_leadership__xgboost,xgboost,vix_level,0.026059096679091454,model_importance,target_d_top20_leadership
target_d_top20_leadership__xgboost,xgboost,tvl_acceleration,0.02473701909184456,model_importance,target_d_top20_leadership
target_d_top20_leadership__xgboost,xgboost,top20_30d_high_pct,0.0,model_importance,target_d_top20_leadership
target_d_top20_leadership__xgboost,xgboost,falling_vix_after_high_vix,0.0,model_importance,target_d_top20_leadership
target_d_top20_leadership__xgboost,xgboost,open_interest_growth_7d,0.0,model_importance,target_d_top20_leadership
target_d_top20_leadership__xgboost,xgboost,long_short_ratio_btc_eth_mean,0.0,model_importance,target_d_top20_leadership
target_d_top20_leadership__xgboost,xgboost,taker_imbalance_btc_eth_mean,0.0,model_importance,target_d_top20_leadership
target_d_top20_leadership__shallow_mlp,shallow_mlp,equity_realized_vol_21d,0.0,not_available,target_d_top20_leadership
target_d_top20_leadership__shallow_mlp,shallow_mlp,equity_momentum_21d,0.0,not_available,target_d_top20_leadership
target_d_top20_leadership__shallow_mlp,shallow_mlp,dow_vol_level,0.0,not_available,target_d_top20_leadership
target_d_top20_leadership__shallow_mlp,shallow_mlp,vix_level,0.0,not_available,target_d_top20_leadership
target_d_top20_leadership__shallow_mlp,shallow_mlp,vix_change_5d,0.0,not_available,target_d_top20_leadership
target_d_top20_leadership__shallow_mlp,shallow_mlp,vix_change_21d,0.0,not_available,target_d_top20_leadership
target_d_top20_leadership__shallow_mlp,shallow_mlp,recovery_from_drawdown,0.0,not_available,target_d_top20_leadership
target_d_top20_leadership__shallow_mlp,shallow_mlp,tvl_percentile,0.0,not_available,target_d_top20_leadership
target_d_top20_leadership__shallow_mlp,shallow_mlp,jump_intensity,0.0,not_available,target_d_top20_leadership
target_d_top20_leadership__shallow_mlp,shallow_mlp,stablecoin_supply_percentile,0.0,not_available,target_d_top20_leadership
target_d_top20_leadership__shallow_mlp,shallow_mlp,eth_btc_relative_strength_30d,0.0,not_available,target_d_top20_leadership
target_d_top20_leadership__shallow_mlp,shallow_mlp,upside_semivariance,0.0,not_available,target_d_top20_leadership
target_d_top20_leadership__shallow_mlp,shallow_mlp,distance_from_90d_lows,0.0,not_available,target_d_top20_leadership
target_d_top20_leadership__shallow_mlp,shallow_mlp,top20_30d_high_pct,0.0,not_available,target_d_top20_leadership
target_d_top20_leadership__shallow_mlp,shallow_mlp,downside_to_upside_volatility_ratio,0.0,not_available,target_d_top20_leadership
target_d_top20_leadership__shallow_mlp,shallow_mlp,top20_above_30dma_pct,0.0,not_available,target_d_top20_leadership
target_d_top20_leadership__shallow_mlp,shallow_mlp,dispersion_acceleration,0.0,not_available,target_d_top20_leadership
target_d_top20_leadership__shallow_mlp,shallow_mlp,risk_appetite_recovery_score,0.0,not_available,target_d_top20_leadership
target_d_top20_leadership__shallow_mlp,shallow_mlp,volume_confirmation_of_price_trend,0.0,not_available,target_d_top20_leadership
target_d_top20_leadership__shallow_mlp,shallow_mlp,volatility_of_volatility,0.0,not_available,target_d_top20_leadership
target_d_top20_leadership__shallow_mlp,shallow_mlp,tvl_acceleration,0.0,not_available,target_d_top20_leadership
target_d_top20_leadership__shallow_mlp,shallow_mlp,market_dollar_volume_growth_30d,0.0,not_available,target_d_top20_leadership
target_d_top20_leadership__shallow_mlp,shallow_mlp,combined_crypto_liquidity_impulse,0.0,not_available,target_d_top20_leadership
target_d_top20_leadership__shallow_mlp,shallow_mlp,stablecoin_supply_acceleration,0.0,not_available,target_d_top20_leadership
target_d_top20_leadership__shallow_mlp,shallow_mlp,eth_btc_relative_strength_14d,0.0,not_available,target_d_top20_leadership
target_d_top20_leadership__shallow_mlp,shallow_mlp,falling_vix_after_high_vix,0.0,not_available,target_d_top20_leadership
target_d_top20_leadership__shallow_mlp,shallow_mlp,funding_rate_btc_eth_mean,0.0,not_available,target_d_top20_leadership
target_d_top20_leadership__shallow_mlp,shallow_mlp,basis_close_btc_eth_mean,0.0,not_available,target_d_top20_leadership
target_d_top20_leadership__shallow_mlp,shallow_mlp,open_interest_growth_7d,0.0,not_available,target_d_top20_leadership
target_d_top20_leadership__shallow_mlp,shallow_mlp,long_short_ratio_btc_eth_mean,0.0,not_available,target_d_top20_leadership
target_d_top20_leadership__shallow_mlp,shallow_mlp,taker_imbalance_btc_eth_mean,0.0,not_available,target_d_top20_leadership
target_e_top20_asset_top_quintile__logistic_regression,logistic_regression,asset_volatility_30d,-0.3002881355098128,coefficient,target_e_top20_asset_top_quintile
target_e_top20_asset_top_quintile__logistic_regression,logistic_regression,asset_momentum_21d,0.210495402447217,coefficient,target_e_top20_asset_top_quintile
target_e_top20_asset_top_quintile__logistic_regression,logistic_regression,asset_volume_expansion,0.18570954761509956,coefficient,target_e_top20_asset_top_quintile
target_e_top20_asset_top_quintile__logistic_regression,logistic_regression,upside_semivariance,0.1667037174214742,coefficient,target_e_top20_asset_top_quintile
target_e_top20_asset_top_quintile__logistic_regression,logistic_regression,downside_to_upside_volatility_ratio,0.0911071481885307,coefficient,target_e_top20_asset_top_quintile
target_e_top20_asset_top_quintile__logistic_regression,logistic_regression,asset_momentum_126d,0.080765214408502,coefficient,target_e_top20_asset_top_quintile
target_e_top20_asset_top_quintile__logistic_regression,logistic_regression,top20_above_30dma_pct,-0.0731337172614676,coefficient,target_e_top20_asset_top_quintile
target_e_top20_asset_top_quintile__logistic_regression,logistic_regression,stablecoin_supply_percentile,0.05499964114944938,coefficient,target_e_top20_asset_top_quintile
target_e_top20_asset_top_quintile__logistic_regression,logistic_regression,asset_momentum_63d,-0.05176740601345019,coefficient,target_e_top20_asset_top_quintile
target_e_top20_asset_top_quintile__logistic_regression,logistic_regression,tvl_percentile,-0.03311543975506857,coefficient,target_e_top20_asset_top_quintile
target_e_top20_asset_top_quintile__logistic_regression,logistic_regression,eth_btc_relative_strength_30d,-0.02757512463618938,coefficient,target_e_top20_asset_top_quintile
target_e_top20_asset_top_quintile__logistic_regression,logistic_regression,jump_intensity,0.02145021331693082,coefficient,target_e_top20_asset_top_quintile
target_e_top20_asset_top_quintile__logistic_regression,logistic_regression,market_dollar_volume_growth_30d,-0.01879895917090742,coefficient,target_e_top20_asset_top_quintile
target_e_top20_asset_top_quintile__logistic_regression,logistic_regression,vix_change_21d,0.018597909015419918,coefficient,target_e_top20_asset_top_quintile
target_e_top20_asset_top_quintile__logistic_regression,logistic_regression,volatility_of_volatility,0.01685326269888329,coefficient,target_e_top20_asset_top_quintile
target_e_top20_asset_top_quintile__logistic_regression,logistic_regression,eth_btc_relative_strength_14d,0.016492437696965873,coefficient,target_e_top20_asset_top_quintile
target_e_top20_asset_top_quintile__logistic_regression,logistic_regression,distance_from_90d_lows,-0.015458724049651694,coefficient,target_e_top20_asset_top_quintile
target_e_top20_asset_top_quintile__logistic_regression,logistic_regression,funding_rate_btc_eth_mean,-0.01403731142908004,coefficient,target_e_top20_asset_top_quintile
target_e_top20_asset_top_quintile__logistic_regression,logistic_regression,top20_30d_high_pct,-0.011824995478257624,coefficient,target_e_top20_asset_top_quintile
target_e_top20_asset_top_quintile__logistic_regression,logistic_regression,falling_vix_after_high_vix,-0.011716980372179227,coefficient,target_e_top20_asset_top_quintile
target_e_top20_asset_top_quintile__logistic_regression,logistic_regression,combined_crypto_liquidity_impulse,0.011701521036605154,coefficient,target_e_top20_asset_top_quintile
target_e_top20_asset_top_quintile__logistic_regression,logistic_regression,dispersion_acceleration,-0.010930112291206074,coefficient,target_e_top20_asset_top_quintile
target_e_top20_asset_top_quintile__logistic_regression,logistic_regression,recovery_from_drawdown,0.00809357993649595,coefficient,target_e_top20_asset_top_quintile
target_e_top20_asset_top_quintile__logistic_regression,logistic_regression,dow_vol_level,-0.00699919249312725,coefficient,target_e_top20_asset_top_quintile
target_e_top20_asset_top_quintile__logistic_regression,logistic_regression,risk_appetite_recovery_score,-0.006096992021028844,coefficient,target_e_top20_asset_top_quintile
target_e_top20_asset_top_quintile__logistic_regression,logistic_regression,vix_change_5d,-0.006052682353457645,coefficient,target_e_top20_asset_top_quintile
target_e_top20_asset_top_quintile__logistic_regression,logistic_regression,stablecoin_supply_acceleration,0.0048389076340576995,coefficient,target_e_top20_asset_top_quintile
target_e_top20_asset_top_quintile__logistic_regression,logistic_regression,tvl_acceleration,0.00376719961871852,coefficient,target_e_top20_asset_top_quintile
target_e_top20_asset_top_quintile__logistic_regression,logistic_regression,volume_confirmation_of_price_trend,-0.003736203480037776,coefficient,target_e_top20_asset_top_quintile
target_e_top20_asset_top_quintile__logistic_regression,logistic_regression,equity_realized_vol_21d,0.002549783214525385,coefficient,target_e_top20_asset_top_quintile
target_e_top20_asset_top_quintile__logistic_regression,logistic_regression,basis_close_btc_eth_mean,-0.0017072678642187002,coefficient,target_e_top20_asset_top_quintile
target_e_top20_asset_top_quintile__logistic_regression,logistic_regression,equity_momentum_21d,0.0008166424105483607,coefficient,target_e_top20_asset_top_quintile
target_e_top20_asset_top_quintile__logistic_regression,logistic_regression,vix_level,-0.00043486570445465134,coefficient,target_e_top20_asset_top_quintile
target_e_top20_asset_top_quintile__logistic_regression,logistic_regression,open_interest_growth_7d,0.0,coefficient,target_e_top20_asset_top_quintile
target_e_top20_asset_top_quintile__logistic_regression,logistic_regression,long_short_ratio_btc_eth_mean,0.0,coefficient,target_e_top20_asset_top_quintile
target_e_top20_asset_top_quintile__logistic_regression,logistic_regression,taker_imbalance_btc_eth_mean,0.0,coefficient,target_e_top20_asset_top_quintile
target_e_top20_asset_top_quintile__elastic_net_logistic,elastic_net_logistic,asset_volatility_30d,-0.29568579453530713,coefficient,target_e_top20_asset_top_quintile
target_e_top20_asset_top_quintile__elastic_net_logistic,elastic_net_logistic,asset_momentum_21d,0.20775644960813533,coefficient,target_e_top20_asset_top_quintile
target_e_top20_asset_top_quintile__elastic_net_logistic,elastic_net_logistic,upside_semivariance,0.16293363899188518,coefficient,target_e_top20_asset_top_quintile
target_e_top20_asset_top_quintile__elastic_net_logistic,elastic_net_logistic,asset_volume_expansion,0.11137491926098822,coefficient,target_e_top20_asset_top_quintile
target_e_top20_asset_top_quintile__elastic_net_logistic,elastic_net_logistic,downside_to_upside_volatility_ratio,0.088121098486183,coefficient,target_e_top20_asset_top_quintile
target_e_top20_asset_top_quintile__elastic_net_logistic,elastic_net_logistic,asset_momentum_126d,0.07835992090311786,coefficient,target_e_top20_asset_top_quintile
target_e_top20_asset_top_quintile__elastic_net_logistic,elastic_net_logistic,top20_above_30dma_pct,-0.07277561549113444,coefficient,target_e_top20_asset_top_quintile
target_e_top20_asset_top_quintile__elastic_net_logistic,elastic_net_logistic,stablecoin_supply_percentile,0.04998932152291486,coefficient,target_e_top20_asset_top_quintile
target_e_top20_asset_top_quintile__elastic_net_logistic,elastic_net_logistic,asset_momentum_63d,-0.041402108233568845,coefficient,target_e_top20_asset_top_quintile
target_e_top20_asset_top_quintile__elastic_net_logistic,elastic_net_logistic,tvl_percentile,-0.027031254626336456,coefficient,target_e_top20_asset_top_quintile
target_e_top20_asset_top_quintile__elastic_net_logistic,elastic_net_logistic,eth_btc_relative_strength_30d,-0.025001103317057273,coefficient,target_e_top20_asset_top_quintile
target_e_top20_asset_top_quintile__elastic_net_logistic,elastic_net_logistic,jump_intensity,0.02065648076072851,coefficient,target_e_top20_asset_top_quintile
target_e_top20_asset_top_quintile__elastic_net_logistic,elastic_net_logistic,market_dollar_volume_growth_30d,-0.017952913647779435,coefficient,target_e_top20_asset_top_quintile
target_e_top20_asset_top_quintile__elastic_net_logistic,elastic_net_logistic,vix_change_21d,0.017949134323885712,coefficient,target_e_top20_asset_top_quintile
target_e_top20_asset_top_quintile__elastic_net_logistic,elastic_net_logistic,volatility_of_volatility,0.017111928716297284,coefficient,target_e_top20_asset_top_quintile
target_e_top20_asset_top_quintile__elastic_net_logistic,elastic_net_logistic,distance_from_90d_lows,-0.014001030520827695,coefficient,target_e_top20_asset_top_quintile
target_e_top20_asset_top_quintile__elastic_net_logistic,elastic_net_logistic,eth_btc_relative_strength_14d,0.013719969951230822,coefficient,target_e_top20_asset_top_quintile
target_e_top20_asset_top_quintile__elastic_net_logistic,elastic_net_logistic,funding_rate_btc_eth_mean,-0.012954951510324763,coefficient,target_e_top20_asset_top_quintile
target_e_top20_asset_top_quintile__elastic_net_logistic,elastic_net_logistic,combined_crypto_liquidity_impulse,0.010939803713657856,coefficient,target_e_top20_asset_top_quintile
target_e_top20_asset_top_quintile__elastic_net_logistic,elastic_net_logistic,top20_30d_high_pct,-0.010633991840944936,coefficient,target_e_top20_asset_top_quintile
target_e_top20_asset_top_quintile__elastic_net_logistic,elastic_net_logistic,dispersion_acceleration,-0.009754739644002575,coefficient,target_e_top20_asset_top_quintile
target_e_top20_asset_top_quintile__elastic_net_logistic,elastic_net_logistic,falling_vix_after_high_vix,-0.009527920051275878,coefficient,target_e_top20_asset_top_quintile
target_e_top20_asset_top_quintile__elastic_net_logistic,elastic_net_logistic,volume_confirmation_of_price_trend,-0.005249649698555066,coefficient,target_e_top20_asset_top_quintile
target_e_top20_asset_top_quintile__elastic_net_logistic,elastic_net_logistic,vix_change_5d,-0.005216345404671222,coefficient,target_e_top20_asset_top_quintile
target_e_top20_asset_top_quintile__elastic_net_logistic,elastic_net_logistic,recovery_from_drawdown,0.0046378696349614135,coefficient,target_e_top20_asset_top_quintile
target_e_top20_asset_top_quintile__elastic_net_logistic,elastic_net_logistic,risk_appetite_recovery_score,-0.004309274296064937,coefficient,target_e_top20_asset_top_quintile
target_e_top20_asset_top_quintile__elastic_net_logistic,elastic_net_logistic,stablecoin_supply_acceleration,0.004043490807157063,coefficient,target_e_top20_asset_top_quintile
target_e_top20_asset_top_quintile__elastic_net_logistic,elastic_net_logistic,tvl_acceleration,0.003940706169289767,coefficient,target_e_top20_asset_top_quintile
target_e_top20_asset_top_quintile__elastic_net_logistic,elastic_net_logistic,dow_vol_level,-0.002521220349685828,coefficient,target_e_top20_asset_top_quintile
target_e_top20_asset_top_quintile__elastic_net_logistic,elastic_net_logistic,basis_close_btc_eth_mean,-0.001853115614819069,coefficient,target_e_top20_asset_top_quintile
target_e_top20_asset_top_quintile__elastic_net_logistic,elastic_net_logistic,equity_momentum_21d,-0.0008217089528330426,coefficient,target_e_top20_asset_top_quintile
target_e_top20_asset_top_quintile__elastic_net_logistic,elastic_net_logistic,vix_level,0.0,coefficient,target_e_top20_asset_top_quintile
target_e_top20_asset_top_quintile__elastic_net_logistic,elastic_net_logistic,equity_realized_vol_21d,0.0,coefficient,target_e_top20_asset_top_quintile
target_e_top20_asset_top_quintile__elastic_net_logistic,elastic_net_logistic,open_interest_growth_7d,0.0,coefficient,target_e_top20_asset_top_quintile
target_e_top20_asset_top_quintile__elastic_net_logistic,elastic_net_logistic,long_short_ratio_btc_eth_mean,0.0,coefficient,target_e_top20_asset_top_quintile
target_e_top20_asset_top_quintile__elastic_net_logistic,elastic_net_logistic,taker_imbalance_btc_eth_mean,0.0,coefficient,target_e_top20_asset_top_quintile
target_e_top20_asset_top_quintile__random_forest,random_forest,asset_volatility_30d,0.1739800222749718,model_importance,target_e_top20_asset_top_quintile
target_e_top20_asset_top_quintile__random_forest,random_forest,asset_momentum_126d,0.11791130872021262,model_importance,target_e_top20_asset_top_quintile
target_e_top20_asset_top_quintile__random_forest,random_forest,asset_momentum_21d,0.10201815950039182,model_importance,target_e_top20_asset_top_quintile
target_e_top20_asset_top_quintile__random_forest,random_forest,asset_momentum_63d,0.10077383630020852,model_importance,target_e_top20_asset_top_quintile
target_e_top20_asset_top_quintile__random_forest,random_forest,asset_volume_expansion,0.08474624796510039,model_importance,target_e_top20_asset_top_quintile
target_e_top20_asset_top_quintile__random_forest,random_forest,distance_from_90d_lows,0.02718465697949985,model_importance,target_e_top20_asset_top_quintile
target_e_top20_asset_top_quintile__random_forest,random_forest,downside_to_upside_volatility_ratio,0.02522429238592978,model_importance,target_e_top20_asset_top_quintile
target_e_top20_asset_top_quintile__random_forest,random_forest,dow_vol_level,0.02229694546744713,model_importance,target_e_top20_asset_top_quintile
target_e_top20_asset_top_quintile__random_forest,random_forest,upside_semivariance,0.02079075937966619,model_importance,target_e_top20_asset_top_quintile
target_e_top20_asset_top_quintile__random_forest,random_forest,basis_close_btc_eth_mean,0.018687874912603118,model_importance,target_e_top20_asset_top_quintile
target_e_top20_asset_top_quintile__random_forest,random_forest,eth_btc_relative_strength_30d,0.018596604751394925,model_importance,target_e_top20_asset_top_quintile
target_e_top20_asset_top_quintile__random_forest,random_forest,equity_realized_vol_21d,0.01767262303214304,model_importance,target_e_top20_asset_top_quintile
target_e_top20_asset_top_quintile__random_forest,random_forest,vix_change_21d,0.017464155148427904,model_importance,target_e_top20_asset_top_quintile
target_e_top20_asset_top_quintile__random_forest,random_forest,tvl_percentile,0.017403983948056926,model_importance,target_e_top20_asset_top_quintile
target_e_top20_asset_top_quintile__random_forest,random_forest,recovery_from_drawdown,0.017320205985743797,model_importance,target_e_top20_asset_top_quintile
target_e_top20_asset_top_quintile__random_forest,random_forest,top20_above_30dma_pct,0.017054509705163274,model_importance,target_e_top20_asset_top_quintile
target_e_top20_asset_top_quintile__random_forest,random_forest,vix_change_5d,0.016746443782716783,model_importance,target_e_top20_asset_top_quintile
target_e_top20_asset_top_quintile__random_forest,random_forest,volume_confirmation_of_price_trend,0.016219255521463253,model_importance,target_e_top20_asset_top_quintile
target_e_top20_asset_top_quintile__random_forest,random_forest,stablecoin_supply_percentile,0.016007285668041344,model_importance,target_e_top20_asset_top_quintile
target_e_top20_asset_top_quintile__random_forest,random_forest,volatility_of_volatility,0.01548660740958704,model_importance,target_e_top20_asset_top_quintile
target_e_top20_asset_top_quintile__random_forest,random_forest,funding_rate_btc_eth_mean,0.015428505254446608,model_importance,target_e_top20_asset_top_quintile
target_e_top20_asset_top_quintile__random_forest,random_forest,dispersion_acceleration,0.014154647129687555,model_importance,target_e_top20_asset_top_quintile
target_e_top20_asset_top_quintile__random_forest,random_forest,market_dollar_volume_growth_30d,0.014074593989867448,model_importance,target_e_top20_asset_top_quintile
target_e_top20_asset_top_quintile__random_forest,random_forest,eth_btc_relative_strength_14d,0.013969833334881242,model_importance,target_e_top20_asset_top_quintile
target_e_top20_asset_top_quintile__random_forest,random_forest,equity_momentum_21d,0.01382529977859431,model_importance,target_e_top20_asset_top_quintile
target_e_top20_asset_top_quintile__random_forest,random_forest,stablecoin_supply_acceleration,0.012177092253132182,model_importance,target_e_top20_asset_top_quintile
target_e_top20_asset_top_quintile__random_forest,random_forest,combined_crypto_liquidity_impulse,0.011791318490266081,model_importance,target_e_top20_asset_top_quintile
target_e_top20_asset_top_quintile__random_forest,random_forest,vix_level,0.008667087618422638,model_importance,target_e_top20_asset_top_quintile
target_e_top20_asset_top_quintile__random_forest,random_forest,risk_appetite_recovery_score,0.008016132856592258,model_importance,target_e_top20_asset_top_quintile
target_e_top20_asset_top_quintile__random_forest,random_forest,jump_intensity,0.007637076683199678,model_importance,target_e_top20_asset_top_quintile
target_e_top20_asset_top_quintile__random_forest,random_forest,tvl_acceleration,0.00628533460759343,model_importance,target_e_top20_asset_top_quintile
target_e_top20_asset_top_quintile__random_forest,random_forest,falling_vix_after_high_vix,0.005347493312810357,model_importance,target_e_top20_asset_top_quintile
target_e_top20_asset_top_quintile__random_forest,random_forest,top20_30d_high_pct,0.005039805851736769,model_importance,target_e_top20_asset_top_quintile
target_e_top20_asset_top_quintile__random_forest,random_forest,open_interest_growth_7d,0.0,model_importance,target_e_top20_asset_top_quintile
target_e_top20_asset_top_quintile__random_forest,random_forest,long_short_ratio_btc_eth_mean,0.0,model_importance,target_e_top20_asset_top_quintile
target_e_top20_asset_top_quintile__random_forest,random_forest,taker_imbalance_btc_eth_mean,0.0,model_importance,target_e_top20_asset_top_quintile
target_e_top20_asset_top_quintile__gradient_boosting,gradient_boosting,asset_volatility_30d,0.24095757283153313,model_importance,target_e_top20_asset_top_quintile
target_e_top20_asset_top_quintile__gradient_boosting,gradient_boosting,asset_momentum_126d,0.22171176374482068,model_importance,target_e_top20_asset_top_quintile
target_e_top20_asset_top_quintile__gradient_boosting,gradient_boosting,asset_momentum_63d,0.16785441910671797,model_importance,target_e_top20_asset_top_quintile
target_e_top20_asset_top_quintile__gradient_boosting,gradient_boosting,asset_momentum_21d,0.10055634756890257,model_importance,target_e_top20_asset_top_quintile
target_e_top20_asset_top_quintile__gradient_boosting,gradient_boosting,upside_semivariance,0.0926717377748917,model_importance,target_e_top20_asset_top_quintile
target_e_top20_asset_top_quintile__gradient_boosting,gradient_boosting,asset_volume_expansion,0.09047463672531161,model_importance,target_e_top20_asset_top_quintile
target_e_top20_asset_top_quintile__gradient_boosting,gradient_boosting,eth_btc_relative_strength_30d,0.02922601271029807,model_importance,target_e_top20_asset_top_quintile
target_e_top20_asset_top_quintile__gradient_boosting,gradient_boosting,distance_from_90d_lows,0.01021210501811849,model_importance,target_e_top20_asset_top_quintile
target_e_top20_asset_top_quintile__gradient_boosting,gradient_boosting,downside_to_upside_volatility_ratio,0.009745948892625832,model_importance,target_e_top20_asset_top_quintile
target_e_top20_asset_top_quintile__gradient_boosting,gradient_boosting,equity_momentum_21d,0.00966275090387375,model_importance,target_e_top20_asset_top_quintile
target_e_top20_asset_top_quintile__gradient_boosting,gradient_boosting,volume_confirmation_of_price_trend,0.009514471114595574,model_importance,target_e_top20_asset_top_quintile
target_e_top20_asset_top_quintile__gradient_boosting,gradient_boosting,top20_above_30dma_pct,0.0048530705238491924,model_importance,target_e_top20_asset_top_quintile
target_e_top20_asset_top_quintile__gradient_boosting,gradient_boosting,vix_level,0.004009792778105782,model_importance,target_e_top20_asset_top_quintile
target_e_top20_asset_top_quintile__gradient_boosting,gradient_boosting,market_dollar_volume_growth_30d,0.0037607865684040126,model_importance,target_e_top20_asset_top_quintile
target_e_top20_asset_top_quintile__gradient_boosting,gradient_boosting,recovery_from_drawdown,0.0028656080255323436,model_importance,target_e_top20_asset_top_quintile
target_e_top20_asset_top_quintile__gradient_boosting,gradient_boosting,dow_vol_level,0.0018826175616672065,model_importance,target_e_top20_asset_top_quintile
target_e_top20_asset_top_quintile__gradient_boosting,gradient_boosting,risk_appetite_recovery_score,3.0099347500566846e-05,model_importance,target_e_top20_asset_top_quintile
target_e_top20_asset_top_quintile__gradient_boosting,gradient_boosting,tvl_percentile,1.0258803251608939e-05,model_importance,target_e_top20_asset_top_quintile
target_e_top20_asset_top_quintile__gradient_boosting,gradient_boosting,equity_realized_vol_21d,0.0,model_importance,target_e_top20_asset_top_quintile
target_e_top20_asset_top_quintile__gradient_boosting,gradient_boosting,vix_change_5d,0.0,model_importance,target_e_top20_asset_top_quintile
target_e_top20_asset_top_quintile__gradient_boosting,gradient_boosting,top20_30d_high_pct,0.0,model_importance,target_e_top20_asset_top_quintile
target_e_top20_asset_top_quintile__gradient_boosting,gradient_boosting,stablecoin_supply_percentile,0.0,model_importance,target_e_top20_asset_top_quintile
target_e_top20_asset_top_quintile__gradient_boosting,gradient_boosting,jump_intensity,0.0,model_importance,target_e_top20_asset_top_quintile
target_e_top20_asset_top_quintile__gradient_boosting,gradient_boosting,vix_change_21d,0.0,model_importance,target_e_top20_asset_top_quintile
target_e_top20_asset_top_quintile__gradient_boosting,gradient_boosting,dispersion_acceleration,0.0,model_importance,target_e_top20_asset_top_quintile
target_e_top20_asset_top_quintile__gradient_boosting,gradient_boosting,volatility_of_volatility,0.0,model_importance,target_e_top20_asset_top_quintile
target_e_top20_asset_top_quintile__gradient_boosting,gradient_boosting,tvl_acceleration,0.0,model_importance,target_e_top20_asset_top_quintile
target_e_top20_asset_top_quintile__gradient_boosting,gradient_boosting,combined_crypto_liquidity_impulse,0.0,model_importance,target_e_top20_asset_top_quintile
target_e_top20_asset_top_quintile__gradient_boosting,gradient_boosting,stablecoin_supply_acceleration,0.0,model_importance,target_e_top20_asset_top_quintile
target_e_top20_asset_top_quintile__gradient_boosting,gradient_boosting,eth_btc_relative_strength_14d,0.0,model_importance,target_e_top20_asset_top_quintile
target_e_top20_asset_top_quintile__gradient_boosting,gradient_boosting,falling_vix_after_high_vix,0.0,model_importance,target_e_top20_asset_top_quintile
target_e_top20_asset_top_quintile__gradient_boosting,gradient_boosting,funding_rate_btc_eth_mean,0.0,model_importance,target_e_top20_asset_top_quintile
target_e_top20_asset_top_quintile__gradient_boosting,gradient_boosting,basis_close_btc_eth_mean,0.0,model_importance,target_e_top20_asset_top_quintile
target_e_top20_asset_top_quintile__gradient_boosting,gradient_boosting,open_interest_growth_7d,0.0,model_importance,target_e_top20_asset_top_quintile
target_e_top20_asset_top_quintile__gradient_boosting,gradient_boosting,long_short_ratio_btc_eth_mean,0.0,model_importance,target_e_top20_asset_top_quintile
target_e_top20_asset_top_quintile__gradient_boosting,gradient_boosting,taker_imbalance_btc_eth_mean,0.0,model_importance,target_e_top20_asset_top_quintile
target_e_top20_asset_top_quintile__xgboost,xgboost,distance_from_90d_lows,0.05741800740361214,model_importance,target_e_top20_asset_top_quintile
target_e_top20_asset_top_quintile__xgboost,xgboost,upside_semivariance,0.053587574511766434,model_importance,target_e_top20_asset_top_quintile
target_e_top20_asset_top_quintile__xgboost,xgboost,stablecoin_supply_acceleration,0.05220102146267891,model_importance,target_e_top20_asset_top_quintile
target_e_top20_asset_top_quintile__xgboost,xgboost,asset_volatility_30d,0.04917224124073982,model_importance,target_e_top20_asset_top_quintile
target_e_top20_asset_top_quintile__xgboost,xgboost,asset_momentum_63d,0.047419242560863495,model_importance,target_e_top20_asset_top_quintile
target_e_top20_asset_top_quintile__xgboost,xgboost,downside_to_upside_volatility_ratio,0.04634572193026543,model_importance,target_e_top20_asset_top_quintile
target_e_top20_asset_top_quintile__xgboost,xgboost,dow_vol_level,0.04514249041676521,model_importance,target_e_top20_asset_top_quintile
target_e_top20_asset_top_quintile__xgboost,xgboost,eth_btc_relative_strength_30d,0.04413982853293419,model_importance,target_e_top20_asset_top_quintile
target_e_top20_asset_top_quintile__xgboost,xgboost,asset_momentum_126d,0.04378940537571907,model_importance,target_e_top20_asset_top_quintile
target_e_top20_asset_top_quintile__xgboost,xgboost,stablecoin_supply_percentile,0.04258253425359726,model_importance,target_e_top20_asset_top_quintile
target_e_top20_asset_top_quintile__xgboost,xgboost,equity_momentum_21d,0.04135962948203087,model_importance,target_e_top20_asset_top_quintile
target_e_top20_asset_top_quintile__xgboost,xgboost,asset_momentum_21d,0.04000188410282135,model_importance,target_e_top20_asset_top_quintile
target_e_top20_asset_top_quintile__xgboost,xgboost,equity_realized_vol_21d,0.038537804037332535,model_importance,target_e_top20_asset_top_quintile
target_e_top20_asset_top_quintile__xgboost,xgboost,tvl_percentile,0.037364039570093155,model_importance,target_e_top20_asset_top_quintile
target_e_top20_asset_top_quintile__xgboost,xgboost,asset_volume_expansion,0.036538783460855484,model_importance,target_e_top20_asset_top_quintile
target_e_top20_asset_top_quintile__xgboost,xgboost,top20_above_30dma_pct,0.03543456643819809,model_importance,target_e_top20_asset_top_quintile
target_e_top20_asset_top_quintile__xgboost,xgboost,vix_level,0.035287342965602875,model_importance,target_e_top20_asset_top_quintile
target_e_top20_asset_top_quintile__xgboost,xgboost,dispersion_acceleration,0.034282755106687546,model_importance,target_e_top20_asset_top_quintile
target_e_top20_asset_top_quintile__xgboost,xgboost,funding_rate_btc_eth_mean,0.032700587064027786,model_importance,target_e_top20_asset_top_quintile
target_e_top20_asset_top_quintile__xgboost,xgboost,volume_confirmation_of_price_trend,0.03191586211323738,model_importance,target_e_top20_asset_top_quintile
target_e_top20_asset_top_quintile__xgboost,xgboost,vix_change_21d,0.030603520572185516,model_importance,target_e_top20_asset_top_quintile
target_e_top20_asset_top_quintile__xgboost,xgboost,market_dollar_volume_growth_30d,0.027774959802627563,model_importance,target_e_top20_asset_top_quintile
target_e_top20_asset_top_quintile__xgboost,xgboost,recovery_from_drawdown,0.02757301740348339,model_importance,target_e_top20_asset_top_quintile
target_e_top20_asset_top_quintile__xgboost,xgboost,eth_btc_relative_strength_14d,0.027212468907237053,model_importance,target_e_top20_asset_top_quintile
target_e_top20_asset_top_quintile__xgboost,xgboost,volatility_of_volatility,0.024210045114159584,model_importance,target_e_top20_asset_top_quintile
target_e_top20_asset_top_quintile__xgboost,xgboost,top20_30d_high_pct,0.017404697835445404,model_importance,target_e_top20_asset_top_quintile
target_e_top20_asset_top_quintile__xgboost,xgboost,jump_intensity,0.0,model_importance,target_e_top20_asset_top_quintile
target_e_top20_asset_top_quintile__xgboost,xgboost,vix_change_5d,0.0,model_importance,target_e_top20_asset_top_quintile
target_e_top20_asset_top_quintile__xgboost,xgboost,combined_crypto_liquidity_impulse,0.0,model_importance,target_e_top20_asset_top_quintile
target_e_top20_asset_top_quintile__xgboost,xgboost,tvl_acceleration,0.0,model_importance,target_e_top20_asset_top_quintile
target_e_top20_asset_top_quintile__xgboost,xgboost,risk_appetite_recovery_score,0.0,model_importance,target_e_top20_asset_top_quintile
target_e_top20_asset_top_quintile__xgboost,xgboost,falling_vix_after_high_vix,0.0,model_importance,target_e_top20_asset_top_quintile
target_e_top20_asset_top_quintile__xgboost,xgboost,basis_close_btc_eth_mean,0.0,model_importance,target_e_top20_asset_top_quintile
target_e_top20_asset_top_quintile__xgboost,xgboost,open_interest_growth_7d,0.0,model_importance,target_e_top20_asset_top_quintile
target_e_top20_asset_top_quintile__xgboost,xgboost,long_short_ratio_btc_eth_mean,0.0,model_importance,target_e_top20_asset_top_quintile
target_e_top20_asset_top_quintile__xgboost,xgboost,taker_imbalance_btc_eth_mean,0.0,model_importance,target_e_top20_asset_top_quintile
target_e_top20_asset_top_quintile__shallow_mlp,shallow_mlp,asset_momentum_21d,0.0,not_available,target_e_top20_asset_top_quintile
target_e_top20_asset_top_quintile__shallow_mlp,shallow_mlp,asset_momentum_63d,0.0,not_available,target_e_top20_asset_top_quintile
target_e_top20_asset_top_quintile__shallow_mlp,shallow_mlp,asset_momentum_126d,0.0,not_available,target_e_top20_asset_top_quintile
target_e_top20_asset_top_quintile__shallow_mlp,shallow_mlp,asset_volatility_30d,0.0,not_available,target_e_top20_asset_top_quintile
target_e_top20_asset_top_quintile__shallow_mlp,shallow_mlp,asset_volume_expansion,0.0,not_available,target_e_top20_asset_top_quintile
target_e_top20_asset_top_quintile__shallow_mlp,shallow_mlp,equity_realized_vol_21d,0.0,not_available,target_e_top20_asset_top_quintile
target_e_top20_asset_top_quintile__shallow_mlp,shallow_mlp,equity_momentum_21d,0.0,not_available,target_e_top20_asset_top_quintile
target_e_top20_asset_top_quintile__shallow_mlp,shallow_mlp,dow_vol_level,0.0,not_available,target_e_top20_asset_top_quintile
target_e_top20_asset_top_quintile__shallow_mlp,shallow_mlp,vix_level,0.0,not_available,target_e_top20_asset_top_quintile
target_e_top20_asset_top_quintile__shallow_mlp,shallow_mlp,vix_change_5d,0.0,not_available,target_e_top20_asset_top_quintile
target_e_top20_asset_top_quintile__shallow_mlp,shallow_mlp,vix_change_21d,0.0,not_available,target_e_top20_asset_top_quintile
target_e_top20_asset_top_quintile__shallow_mlp,shallow_mlp,recovery_from_drawdown,0.0,not_available,target_e_top20_asset_top_quintile
target_e_top20_asset_top_quintile__shallow_mlp,shallow_mlp,tvl_percentile,0.0,not_available,target_e_top20_asset_top_quintile
target_e_top20_asset_top_quintile__shallow_mlp,shallow_mlp,jump_intensity,0.0,not_available,target_e_top20_asset_top_quintile
target_e_top20_asset_top_quintile__shallow_mlp,shallow_mlp,stablecoin_supply_percentile,0.0,not_available,target_e_top20_asset_top_quintile
target_e_top20_asset_top_quintile__shallow_mlp,shallow_mlp,eth_btc_relative_strength_30d,0.0,not_available,target_e_top20_asset_top_quintile
target_e_top20_asset_top_quintile__shallow_mlp,shallow_mlp,upside_semivariance,0.0,not_available,target_e_top20_asset_top_quintile
target_e_top20_asset_top_quintile__shallow_mlp,shallow_mlp,distance_from_90d_lows,0.0,not_available,target_e_top20_asset_top_quintile
target_e_top20_asset_top_quintile__shallow_mlp,shallow_mlp,top20_30d_high_pct,0.0,not_available,target_e_top20_asset_top_quintile
target_e_top20_asset_top_quintile__shallow_mlp,shallow_mlp,downside_to_upside_volatility_ratio,0.0,not_available,target_e_top20_asset_top_quintile
target_e_top20_asset_top_quintile__shallow_mlp,shallow_mlp,top20_above_30dma_pct,0.0,not_available,target_e_top20_asset_top_quintile
target_e_top20_asset_top_quintile__shallow_mlp,shallow_mlp,dispersion_acceleration,0.0,not_available,target_e_top20_asset_top_quintile
target_e_top20_asset_top_quintile__shallow_mlp,shallow_mlp,risk_appetite_recovery_score,0.0,not_available,target_e_top20_asset_top_quintile
target_e_top20_asset_top_quintile__shallow_mlp,shallow_mlp,volume_confirmation_of_price_trend,0.0,not_available,target_e_top20_asset_top_quintile
target_e_top20_asset_top_quintile__shallow_mlp,shallow_mlp,volatility_of_volatility,0.0,not_available,target_e_top20_asset_top_quintile
target_e_top20_asset_top_quintile__shallow_mlp,shallow_mlp,tvl_acceleration,0.0,not_available,target_e_top20_asset_top_quintile
target_e_top20_asset_top_quintile__shallow_mlp,shallow_mlp,market_dollar_volume_growth_30d,0.0,not_available,target_e_top20_asset_top_quintile
target_e_top20_asset_top_quintile__shallow_mlp,shallow_mlp,combined_crypto_liquidity_impulse,0.0,not_available,target_e_top20_asset_top_quintile
target_e_top20_asset_top_quintile__shallow_mlp,shallow_mlp,stablecoin_supply_acceleration,0.0,not_available,target_e_top20_asset_top_quintile
target_e_top20_asset_top_quintile__shallow_mlp,shallow_mlp,eth_btc_relative_strength_14d,0.0,not_available,target_e_top20_asset_top_quintile
target_e_top20_asset_top_quintile__shallow_mlp,shallow_mlp,falling_vix_after_high_vix,0.0,not_available,target_e_top20_asset_top_quintile
target_e_top20_asset_top_quintile__shallow_mlp,shallow_mlp,funding_rate_btc_eth_mean,0.0,not_available,target_e_top20_asset_top_quintile
target_e_top20_asset_top_quintile__shallow_mlp,shallow_mlp,basis_close_btc_eth_mean,0.0,not_available,target_e_top20_asset_top_quintile
target_e_top20_asset_top_quintile__shallow_mlp,shallow_mlp,open_interest_growth_7d,0.0,not_available,target_e_top20_asset_top_quintile
target_e_top20_asset_top_quintile__shallow_mlp,shallow_mlp,long_short_ratio_btc_eth_mean,0.0,not_available,target_e_top20_asset_top_quintile
target_e_top20_asset_top_quintile__shallow_mlp,shallow_mlp,taker_imbalance_btc_eth_mean,0.0,not_available,target_e_top20_asset_top_quintile
