date,frozen_exposure,overlay_exposure,expansion_probability,exposure_delta
2019-01-04,0.0,0.0,0.28049033516067295,0.0
2019-01-05,0.0,0.0,0.28049033516067295,0.0
2019-01-06,0.0,0.0,0.28049033516067295,0.0
2019-01-07,0.0,0.0,0.28049033516067295,0.0
2019-01-08,0.0,0.0,0.28049033516067295,0.0
2019-01-09,0.0,0.0,0.28049033516067295,0.0
2019-01-10,0.0,0.0,0.28049033516067295,0.0
2019-01-11,0.0,0.0,0.28049033516067295,0.0
2019-01-12,0.0,0.0,0.28049033516067295,0.0
2019-01-13,0.0,0.0,0.28049033516067295,0.0
2019-01-14,0.0,0.0,0.28049033516067295,0.0
2019-01-15,0.0,0.0,0.28049033516067295,0.0
2019-01-16,0.0,0.0,0.28049033516067295,0.0
2019-01-17,0.0,0.0,0.28049033516067295,0.0
2019-01-18,0.0,0.0,0.28049033516067295,0.0
2019-01-19,0.0,0.0,0.28049033516067295,0.0
2019-01-20,0.0,0.0,0.28049033516067295,0.0
2019-01-21,0.0,0.0,0.28049033516067295,0.0
2019-01-22,0.0,0.0,0.28049033516067295,0.0
2019-01-23,0.0,0.0,0.28049033516067295,0.0
2019-01-24,0.0,0.0,0.28049033516067295,0.0
2019-01-25,0.0,0.0,0.28049033516067295,0.0
2019-01-26,0.0,0.0,0.28049033516067295,0.0
2019-01-27,0.0,0.0,0.28049033516067295,0.0
2019-01-28,0.0,0.0,0.28049033516067295,0.0
2019-01-29,0.0,0.0,0.28049033516067295,0.0
2019-01-30,0.0,0.0,0.28049033516067295,0.0
2019-01-31,0.0,0.0,0.28049033516067295,0.0
2019-02-01,0.0,0.0,0.28049033516067295,0.0
2019-02-02,0.0,0.0,0.28049033516067295,0.0
2019-02-03,0.0,0.0,0.28049033516067295,0.0
2019-02-04,0.0,0.0,0.28049033516067295,0.0
2019-02-05,0.0,0.0,0.28049033516067295,0.0
2019-02-06,0.0,0.0,0.28049033516067295,0.0
2019-02-07,0.0,0.0,0.28049033516067295,0.0
2019-02-08,0.0,0.0,0.28049033516067295,0.0
2019-02-09,0.0,0.0,0.28049033516067295,0.0
2019-02-10,0.0,0.0,0.28049033516067295,0.0
2019-02-11,0.0,0.0,0.28049033516067295,0.0
2019-02-12,0.0,0.0,0.28049033516067295,0.0
2019-02-13,0.0,0.0,0.28049033516067295,0.0
2019-02-14,0.0,0.0,0.28049033516067295,0.0
2019-02-15,0.0,0.0,0.28049033516067295,0.0
2019-02-16,0.0,0.0,0.28049033516067295,0.0
2019-02-17,0.0,0.0,0.28049033516067295,0.0
2019-02-18,0.0,0.0,0.28049033516067295,0.0
2019-02-19,0.0,0.0,0.28049033516067295,0.0
2019-02-20,0.0,0.0,0.28049033516067295,0.0
2019-02-21,0.0,0.0,0.28049033516067295,0.0
2019-02-22,0.0,0.0,0.28049033516067295,0.0
2019-02-23,0.0,0.0,0.28049033516067295,0.0
2019-02-24,0.0,0.0,0.28049033516067295,0.0
2019-02-25,0.0,0.0,0.28049033516067295,0.0
2019-02-26,0.0,0.0,0.28049033516067295,0.0
2019-02-27,0.0,0.0,0.28049033516067295,0.0
2019-02-28,0.0,0.0,0.28049033516067295,0.0
2019-03-01,0.0,0.0,0.28049033516067295,0.0
2019-03-02,0.0,0.0,0.28049033516067295,0.0
2019-03-03,0.0,0.0,0.28049033516067295,0.0
2019-03-04,0.0,0.0,0.28049033516067295,0.0
2019-03-05,0.0,0.0,0.28049033516067295,0.0
2019-03-06,0.0,0.0,0.28049033516067295,0.0
2019-03-07,0.0,0.0,0.28049033516067295,0.0
2019-03-08,0.0,0.0,0.28049033516067295,0.0
2019-03-09,0.0,0.0,0.28049033516067295,0.0
2019-03-10,0.0,0.0,0.28049033516067295,0.0
2019-03-11,0.0,0.0,0.28049033516067295,0.0
2019-03-12,0.0,0.0,0.28049033516067295,0.0
2019-03-13,0.0,0.0,0.28049033516067295,0.0
2019-03-14,0.0,0.0,0.28049033516067295,0.0
2019-03-15,0.0,0.0,0.28049033516067295,0.0
2019-03-16,0.0,0.0,0.28049033516067295,0.0
2019-03-17,0.0,0.0,0.28049033516067295,0.0
2019-03-18,0.0,0.0,0.28049033516067295,0.0
2019-03-19,0.0,0.0,0.28049033516067295,0.0
2019-03-20,0.0,0.0,0.28049033516067295,0.0
2019-03-21,0.0,0.0,0.28049033516067295,0.0
2019-03-22,0.0,0.0,0.28049033516067295,0.0
2019-03-23,0.0,0.0,0.28049033516067295,0.0
2019-03-24,0.0,0.0,0.28049033516067295,0.0
2019-03-25,0.0,0.0,0.28049033516067295,0.0
2019-03-26,0.0,0.0,0.28049033516067295,0.0
2019-03-27,0.0,0.0,0.28049033516067295,0.0
2019-03-28,0.0,0.0,0.28049033516067295,0.0
2019-03-29,0.0,0.0,0.28049033516067295,0.0
2019-03-30,0.0,0.0,0.28049033516067295,0.0
2019-03-31,0.0,0.0,0.28049033516067295,0.0
2019-04-01,0.0,0.0,0.28049033516067295,0.0
2019-04-02,0.0,0.0,0.28049033516067295,0.0
2019-04-03,0.0,0.0,0.28049033516067295,0.0
2019-04-04,0.0,0.0,0.28049033516067295,0.0
2019-04-05,0.0,0.0,0.28049033516067295,0.0
2019-04-06,0.0,0.0,0.28049033516067295,0.0
2019-04-07,0.0,0.0,0.28049033516067295,0.0
2019-04-08,0.0,0.0,0.28049033516067295,0.0
2019-04-09,0.0,0.0,0.28049033516067295,0.0
2019-04-10,0.0,0.0,0.28049033516067295,0.0
2019-04-11,0.0,0.0,0.28049033516067295,0.0
2019-04-12,0.0,0.0,0.28049033516067295,0.0
2019-04-13,0.0,0.0,0.28049033516067295,0.0
2019-04-14,0.0,0.0,0.28049033516067295,0.0
2019-04-15,0.0,0.0,0.28049033516067295,0.0
2019-04-16,0.0,0.0,0.28049033516067295,0.0
2019-04-17,0.0,0.0,0.28049033516067295,0.0
2019-04-18,0.0,0.0,0.28049033516067295,0.0
2019-04-19,0.0,0.0,0.28049033516067295,0.0
2019-04-20,0.0,0.0,0.28049033516067295,0.0
2019-04-21,0.0,0.0,0.28049033516067295,0.0
2019-04-22,0.0,0.0,0.28049033516067295,0.0
2019-04-23,0.0,0.0,0.28049033516067295,0.0
2019-04-24,0.0,0.0,0.28049033516067295,0.0
2019-04-25,0.0,0.0,0.28049033516067295,0.0
2019-04-26,0.0,0.0,0.28049033516067295,0.0
2019-04-27,0.0,0.0,0.28049033516067295,0.0
2019-04-28,0.0,0.0,0.28049033516067295,0.0
2019-04-29,0.0,0.0,0.28049033516067295,0.0
2019-04-30,0.0,0.0,0.28049033516067295,0.0
2019-05-01,0.0,0.0,0.28049033516067295,0.0
2019-05-02,0.0,0.0,0.28049033516067295,0.0
2019-05-03,0.0,0.0,0.28049033516067295,0.0
2019-05-04,0.0,0.0,0.28049033516067295,0.0
2019-05-05,0.0,0.0,0.28049033516067295,0.0
2019-05-06,0.0,0.0,0.28049033516067295,0.0
2019-05-07,0.0,0.0,0.28049033516067295,0.0
2019-05-08,0.0,0.0,0.28049033516067295,0.0
2019-05-09,0.0,0.0,0.28049033516067295,0.0
2019-05-10,0.0,0.0,0.28049033516067295,0.0
2019-05-11,0.0,0.0,0.28049033516067295,0.0
2019-05-12,0.0,0.0,0.28049033516067295,0.0
2019-05-13,0.0,0.0,0.28049033516067295,0.0
2019-05-14,0.0,0.0,0.28049033516067295,0.0
2019-05-15,0.0,0.0,0.28049033516067295,0.0
2019-05-16,0.0,0.0,0.28049033516067295,0.0
2019-05-17,0.0,0.0,0.28049033516067295,0.0
2019-05-18,0.0,0.0,0.28049033516067295,0.0
2019-05-19,0.0,0.0,0.28049033516067295,0.0
2019-05-20,0.0,0.0,0.28049033516067295,0.0
2019-05-21,0.0,0.0,0.28049033516067295,0.0
2019-05-22,0.0,0.0,0.28049033516067295,0.0
2019-05-23,0.0,0.0,0.28049033516067295,0.0
2019-05-24,0.0,0.0,0.28049033516067295,0.0
2019-05-25,0.0,0.0,0.28049033516067295,0.0
2019-05-26,0.0,0.0,0.28049033516067295,0.0
2019-05-27,0.0,0.0,0.28049033516067295,0.0
2019-05-28,0.0,0.0,0.28049033516067295,0.0
2019-05-29,0.0,0.0,0.28049033516067295,0.0
2019-05-30,0.0,0.0,0.28049033516067295,0.0
2019-05-31,0.0,0.0,0.28049033516067295,0.0
2019-06-01,0.0,0.0,0.28049033516067295,0.0
2019-06-02,0.0,0.0,0.28049033516067295,0.0
2019-06-03,0.0,0.0,0.28049033516067295,0.0
2019-06-04,0.0,0.0,0.28049033516067295,0.0
2019-06-05,0.0,0.0,0.28049033516067295,0.0
2019-06-06,0.0,0.0,0.28049033516067295,0.0
2019-06-07,0.0,0.0,0.28049033516067295,0.0
2019-06-08,0.0,0.0,0.28049033516067295,0.0
2019-06-09,0.0,0.0,0.28049033516067295,0.0
2019-06-10,0.0,0.0,0.28049033516067295,0.0
2019-06-11,0.0,0.0,0.28049033516067295,0.0
2019-06-12,0.0,0.0,0.28049033516067295,0.0
2019-06-13,0.0,0.0,0.28049033516067295,0.0
2019-06-14,0.0,0.0,0.28049033516067295,0.0
2019-06-15,0.0,0.0,0.28049033516067295,0.0
2019-06-16,0.0,0.0,0.28049033516067295,0.0
2019-06-17,0.0,0.0,0.28049033516067295,0.0
2019-06-18,0.0,0.0,0.28049033516067295,0.0
2019-06-19,0.0,0.0,0.28049033516067295,0.0
2019-06-20,0.0,0.0,0.28049033516067295,0.0
2019-06-21,0.0,0.0,0.28049033516067295,0.0
2019-06-22,0.0,0.0,0.28049033516067295,0.0
2019-06-23,0.0,0.0,0.28049033516067295,0.0
2019-06-24,0.0,0.0,0.28049033516067295,0.0
2019-06-25,0.0,0.0,0.28049033516067295,0.0
2019-06-26,0.0,0.0,0.28049033516067295,0.0
2019-06-27,0.0,0.0,0.28049033516067295,0.0
2019-06-28,0.0,0.0,0.28049033516067295,0.0
2019-06-29,0.0,0.0,0.28049033516067295,0.0
2019-06-30,0.0,0.0,0.28049033516067295,0.0
2019-07-01,0.0,0.0,0.28049033516067295,0.0
2019-07-02,0.0,0.0,0.28049033516067295,0.0
2019-07-03,0.0,0.0,0.28049033516067295,0.0
2019-07-04,0.0,0.0,0.28049033516067295,0.0
2019-07-05,0.5,0.5,0.29786410054359347,0.0
2019-07-06,0.5,0.5,0.29786410054359347,0.0
2019-07-07,0.5,0.5,0.29786410054359347,0.0
2019-07-08,0.5,0.5,0.29786410054359347,0.0
2019-07-09,0.5,0.5,0.29786410054359347,0.0
2019-07-10,0.5,0.5,0.29786410054359347,0.0
2019-07-11,0.5,0.5,0.29786410054359347,0.0
2019-07-12,0.0,0.0,0.37963914621010403,0.0
2019-07-13,0.0,0.0,0.37963914621010403,0.0
2019-07-14,0.0,0.0,0.37963914621010403,0.0
2019-07-15,0.0,0.0,0.37963914621010403,0.0
2019-07-16,0.0,0.0,0.37963914621010403,0.0
2019-07-17,0.0,0.0,0.37963914621010403,0.0
2019-07-18,0.0,0.0,0.37963914621010403,0.0
2019-07-19,0.0,0.0,0.4124011747568327,0.0
2019-07-20,0.0,0.0,0.4124011747568327,0.0
2019-07-21,0.0,0.0,0.4124011747568327,0.0
2019-07-22,0.0,0.0,0.4124011747568327,0.0
2019-07-23,0.0,0.0,0.4124011747568327,0.0
2019-07-24,0.0,0.0,0.4124011747568327,0.0
2019-07-25,0.0,0.0,0.4124011747568327,0.0
2019-07-26,0.0,0.0,0.41784965091457027,0.0
2019-07-27,0.0,0.0,0.41784965091457027,0.0
2019-07-28,0.0,0.0,0.41784965091457027,0.0
2019-07-29,0.0,0.0,0.41784965091457027,0.0
2019-07-30,0.0,0.0,0.41784965091457027,0.0
2019-07-31,0.0,0.0,0.41784965091457027,0.0
2019-08-01,0.0,0.0,0.41784965091457027,0.0
2019-08-02,0.0,0.0,0.3652960857443905,0.0
2019-08-03,0.0,0.0,0.3652960857443905,0.0
2019-08-04,0.0,0.0,0.3652960857443905,0.0
2019-08-05,0.0,0.0,0.3652960857443905,0.0
2019-08-06,0.0,0.0,0.3652960857443905,0.0
2019-08-07,0.0,0.0,0.3652960857443905,0.0
2019-08-08,0.0,0.0,0.3652960857443905,0.0
2019-08-09,0.0,0.0,0.36811887746799865,0.0
2019-08-10,0.0,0.0,0.36811887746799865,0.0
2019-08-11,0.0,0.0,0.36811887746799865,0.0
2019-08-12,0.0,0.0,0.36811887746799865,0.0
2019-08-13,0.0,0.0,0.36811887746799865,0.0
2019-08-14,0.0,0.0,0.36811887746799865,0.0
2019-08-15,0.0,0.0,0.36811887746799865,0.0
2019-08-16,0.5,0.5,0.34960415480524454,0.0
2019-08-17,0.5,0.5,0.34960415480524454,0.0
2019-08-18,0.5,0.5,0.34960415480524454,0.0
2019-08-19,0.5,0.5,0.34960415480524454,0.0
2019-08-20,0.5,0.5,0.34960415480524454,0.0
2019-08-21,0.5,0.5,0.34960415480524454,0.0
2019-08-22,0.5,0.5,0.34960415480524454,0.0
2019-08-23,0.5,0.5,0.2545863635279421,0.0
2019-08-24,0.5,0.5,0.2545863635279421,0.0
2019-08-25,0.5,0.5,0.2545863635279421,0.0
2019-08-26,0.5,0.5,0.2545863635279421,0.0
2019-08-27,0.5,0.5,0.2545863635279421,0.0
2019-08-28,0.5,0.5,0.2545863635279421,0.0
2019-08-29,0.5,0.5,0.2545863635279421,0.0
2019-08-30,0.0,0.0,0.460577444012418,0.0
2019-08-31,0.0,0.0,0.460577444012418,0.0
2019-09-01,0.0,0.0,0.460577444012418,0.0
2019-09-02,0.0,0.0,0.460577444012418,0.0
2019-09-03,0.0,0.0,0.460577444012418,0.0
2019-09-04,0.0,0.0,0.460577444012418,0.0
2019-09-05,0.0,0.0,0.460577444012418,0.0
2019-09-06,0.75,0.75,0.4301209241293574,0.0
2019-09-07,0.75,0.75,0.4301209241293574,0.0
2019-09-08,0.75,0.75,0.4301209241293574,0.0
2019-09-09,0.75,0.75,0.4301209241293574,0.0
2019-09-10,0.75,0.75,0.4301209241293574,0.0
2019-09-11,0.75,0.75,0.4301209241293574,0.0
2019-09-12,0.75,0.75,0.4301209241293574,0.0
2019-09-13,1.0,0.5,0.1917615983820247,-0.5
2019-09-14,1.0,0.5,0.1917615983820247,-0.5
2019-09-15,1.0,0.5,0.1917615983820247,-0.5
2019-09-16,1.0,0.5,0.1917615983820247,-0.5
2019-09-17,1.0,0.5,0.1917615983820247,-0.5
2019-09-18,1.0,0.5,0.1917615983820247,-0.5
2019-09-19,1.0,0.5,0.1917615983820247,-0.5
2019-09-20,0.25,0.0,0.26088208708515837,-0.25
2019-09-21,0.25,0.0,0.26088208708515837,-0.25
2019-09-22,0.25,0.0,0.26088208708515837,-0.25
2019-09-23,0.25,0.0,0.26088208708515837,-0.25
2019-09-24,0.25,0.0,0.26088208708515837,-0.25
2019-09-25,0.25,0.0,0.26088208708515837,-0.25
2019-09-26,0.25,0.0,0.26088208708515837,-0.25
2019-09-27,0.0,0.0,0.06338851188997541,0.0
2019-09-28,0.0,0.0,0.06338851188997541,0.0
2019-09-29,0.0,0.0,0.06338851188997541,0.0
2019-09-30,0.0,0.0,0.06338851188997541,0.0
2019-10-01,0.0,0.0,0.06338851188997541,0.0
2019-10-02,0.0,0.0,0.06338851188997541,0.0
2019-10-03,0.0,0.0,0.06338851188997541,0.0
2019-10-04,0.0,0.0,0.19962740639036677,0.0
2019-10-05,0.0,0.0,0.19962740639036677,0.0
2019-10-06,0.0,0.0,0.19962740639036677,0.0
2019-10-07,0.0,0.0,0.19962740639036677,0.0
2019-10-08,0.0,0.0,0.19962740639036677,0.0
2019-10-09,0.0,0.0,0.19962740639036677,0.0
2019-10-10,0.0,0.0,0.19962740639036677,0.0
2019-10-11,0.0,0.0,0.4107389491518255,0.0
2019-10-12,0.0,0.0,0.4107389491518255,0.0
2019-10-13,0.0,0.0,0.4107389491518255,0.0
2019-10-14,0.0,0.0,0.4107389491518255,0.0
2019-10-15,0.0,0.0,0.4107389491518255,0.0
2019-10-16,0.0,0.0,0.4107389491518255,0.0
2019-10-17,0.0,0.0,0.4107389491518255,0.0
2019-10-18,0.5,0.5,0.12552419551352018,0.0
2019-10-19,0.5,0.5,0.12552419551352018,0.0
2019-10-20,0.5,0.5,0.12552419551352018,0.0
2019-10-21,0.5,0.5,0.12552419551352018,0.0
2019-10-22,0.5,0.5,0.12552419551352018,0.0
2019-10-23,0.5,0.5,0.12552419551352018,0.0
2019-10-24,0.5,0.5,0.12552419551352018,0.0
2019-10-25,0.5,0.5,0.2672474586464898,0.0
2019-10-26,0.5,0.5,0.2672474586464898,0.0
2019-10-27,0.5,0.5,0.2672474586464898,0.0
2019-10-28,0.5,0.5,0.2672474586464898,0.0
2019-10-29,0.5,0.5,0.2672474586464898,0.0
2019-10-30,0.5,0.5,0.2672474586464898,0.0
2019-10-31,0.5,0.5,0.2672474586464898,0.0
2019-11-01,0.0,0.0,0.37263974237441005,0.0
2019-11-02,0.0,0.0,0.37263974237441005,0.0
2019-11-03,0.0,0.0,0.37263974237441005,0.0
2019-11-04,0.0,0.0,0.37263974237441005,0.0
2019-11-05,0.0,0.0,0.37263974237441005,0.0
2019-11-06,0.0,0.0,0.37263974237441005,0.0
2019-11-07,0.0,0.0,0.37263974237441005,0.0
2019-11-08,0.0,0.0,0.3385554822014301,0.0
2019-11-09,0.0,0.0,0.3385554822014301,0.0
2019-11-10,0.0,0.0,0.3385554822014301,0.0
2019-11-11,0.0,0.0,0.3385554822014301,0.0
2019-11-12,0.0,0.0,0.3385554822014301,0.0
2019-11-13,0.0,0.0,0.3385554822014301,0.0
2019-11-14,0.0,0.0,0.3385554822014301,0.0
2019-11-15,0.0,0.0,0.32989399295507216,0.0
2019-11-16,0.0,0.0,0.32989399295507216,0.0
2019-11-17,0.0,0.0,0.32989399295507216,0.0
2019-11-18,0.0,0.0,0.32989399295507216,0.0
2019-11-19,0.0,0.0,0.32989399295507216,0.0
2019-11-20,0.0,0.0,0.32989399295507216,0.0
2019-11-21,0.0,0.0,0.32989399295507216,0.0
2019-11-22,0.0,0.0,0.4410865709039825,0.0
2019-11-23,0.0,0.0,0.4410865709039825,0.0
2019-11-24,0.0,0.0,0.4410865709039825,0.0
2019-11-25,0.0,0.0,0.4410865709039825,0.0
2019-11-26,0.0,0.0,0.4410865709039825,0.0
2019-11-27,0.0,0.0,0.4410865709039825,0.0
2019-11-28,0.0,0.0,0.4410865709039825,0.0
2019-11-29,0.5,0.5,0.4155339838386132,0.0
2019-11-30,0.5,0.5,0.4155339838386132,0.0
2019-12-01,0.5,0.5,0.4155339838386132,0.0
2019-12-02,0.5,0.5,0.4155339838386132,0.0
2019-12-03,0.5,0.5,0.4155339838386132,0.0
2019-12-04,0.5,0.5,0.4155339838386132,0.0
2019-12-05,0.5,0.5,0.4155339838386132,0.0
2019-12-06,0.0,0.0,0.31187590765821255,0.0
2019-12-07,0.0,0.0,0.31187590765821255,0.0
2019-12-08,0.0,0.0,0.31187590765821255,0.0
2019-12-09,0.0,0.0,0.31187590765821255,0.0
2019-12-10,0.0,0.0,0.31187590765821255,0.0
2019-12-11,0.0,0.0,0.31187590765821255,0.0
2019-12-12,0.0,0.0,0.31187590765821255,0.0
2019-12-13,0.0,0.0,0.18126489548277083,0.0
2019-12-14,0.0,0.0,0.18126489548277083,0.0
2019-12-15,0.0,0.0,0.18126489548277083,0.0
2019-12-16,0.0,0.0,0.18126489548277083,0.0
2019-12-17,0.0,0.0,0.18126489548277083,0.0
2019-12-18,0.0,0.0,0.18126489548277083,0.0
2019-12-19,0.0,0.0,0.18126489548277083,0.0
2019-12-20,0.0,0.0,0.16934778215647844,0.0
2019-12-21,0.0,0.0,0.16934778215647844,0.0
2019-12-22,0.0,0.0,0.16934778215647844,0.0
2019-12-23,0.0,0.0,0.16934778215647844,0.0
2019-12-24,0.0,0.0,0.16934778215647844,0.0
2019-12-25,0.0,0.0,0.16934778215647844,0.0
2019-12-26,0.0,0.0,0.16934778215647844,0.0
2019-12-27,0.0,0.0,0.3297793133587602,0.0
2019-12-28,0.0,0.0,0.3297793133587602,0.0
2019-12-29,0.0,0.0,0.3297793133587602,0.0
2019-12-30,0.0,0.0,0.3297793133587602,0.0
2019-12-31,0.0,0.0,0.3297793133587602,0.0
2020-01-01,0.0,0.0,0.3297793133587602,0.0
2020-01-02,0.0,0.0,0.3297793133587602,0.0
2020-01-03,0.5,0.5,0.16106807364195808,0.0
2020-01-04,0.5,0.5,0.16106807364195808,0.0
2020-01-05,0.5,0.5,0.16106807364195808,0.0
2020-01-06,0.5,0.5,0.16106807364195808,0.0
2020-01-07,0.5,0.5,0.16106807364195808,0.0
2020-01-08,0.5,0.5,0.16106807364195808,0.0
2020-01-09,0.5,0.5,0.16106807364195808,0.0
2020-01-10,0.0,0.0,0.3842095304860018,0.0
2020-01-11,0.0,0.0,0.3842095304860018,0.0
2020-01-12,0.0,0.0,0.3842095304860018,0.0
2020-01-13,0.0,0.0,0.3842095304860018,0.0
2020-01-14,0.0,0.0,0.3842095304860018,0.0
2020-01-15,0.0,0.0,0.3842095304860018,0.0
2020-01-16,0.0,0.0,0.3842095304860018,0.0
2020-01-17,0.5,0.5,0.38460621593975747,0.0
2020-01-18,0.5,0.5,0.38460621593975747,0.0
2020-01-19,0.5,0.5,0.38460621593975747,0.0
2020-01-20,0.5,0.5,0.38460621593975747,0.0
2020-01-21,0.5,0.5,0.38460621593975747,0.0
2020-01-22,0.5,0.5,0.38460621593975747,0.0
2020-01-23,0.5,0.5,0.38460621593975747,0.0
2020-01-24,0.0,0.0,0.3516327908874485,0.0
2020-01-25,0.0,0.0,0.3516327908874485,0.0
2020-01-26,0.0,0.0,0.3516327908874485,0.0
2020-01-27,0.0,0.0,0.3516327908874485,0.0
2020-01-28,0.0,0.0,0.3516327908874485,0.0
2020-01-29,0.0,0.0,0.3516327908874485,0.0
2020-01-30,0.0,0.0,0.3516327908874485,0.0
2020-01-31,0.0,0.0,0.27936761741469773,0.0
2020-02-01,0.0,0.0,0.27936761741469773,0.0
2020-02-02,0.0,0.0,0.27936761741469773,0.0
2020-02-03,0.0,0.0,0.27936761741469773,0.0
2020-02-04,0.0,0.0,0.27936761741469773,0.0
2020-02-05,0.0,0.0,0.27936761741469773,0.0
2020-02-06,0.0,0.0,0.27936761741469773,0.0
2020-02-07,0.0,0.0,0.22055038816027941,0.0
2020-02-08,0.0,0.0,0.22055038816027941,0.0
2020-02-09,0.0,0.0,0.22055038816027941,0.0
2020-02-10,0.0,0.0,0.22055038816027941,0.0
2020-02-11,0.0,0.0,0.22055038816027941,0.0
2020-02-12,0.0,0.0,0.22055038816027941,0.0
2020-02-13,0.0,0.0,0.22055038816027941,0.0
2020-02-14,0.0,0.0,0.29752764022798645,0.0
2020-02-15,0.0,0.0,0.29752764022798645,0.0
2020-02-16,0.0,0.0,0.29752764022798645,0.0
2020-02-17,0.0,0.0,0.29752764022798645,0.0
2020-02-18,0.0,0.0,0.29752764022798645,0.0
2020-02-19,0.0,0.0,0.29752764022798645,0.0
2020-02-20,0.0,0.0,0.29752764022798645,0.0
2020-02-21,0.0,0.0,0.20832119727657292,0.0
2020-02-22,0.0,0.0,0.20832119727657292,0.0
2020-02-23,0.0,0.0,0.20832119727657292,0.0
2020-02-24,0.0,0.0,0.20832119727657292,0.0
2020-02-25,0.0,0.0,0.20832119727657292,0.0
2020-02-26,0.0,0.0,0.20832119727657292,0.0
2020-02-27,0.0,0.0,0.20832119727657292,0.0
2020-02-28,0.5,0.5,0.24190231267516404,0.0
2020-02-29,0.5,0.5,0.24190231267516404,0.0
2020-03-01,0.5,0.5,0.24190231267516404,0.0
2020-03-02,0.5,0.5,0.24190231267516404,0.0
2020-03-03,0.5,0.5,0.24190231267516404,0.0
2020-03-04,0.5,0.5,0.24190231267516404,0.0
2020-03-05,0.5,0.5,0.24190231267516404,0.0
2020-03-06,1.0,0.5,0.3260989690211637,-0.5
2020-03-07,1.0,0.5,0.3260989690211637,-0.5
2020-03-08,1.0,0.5,0.3260989690211637,-0.5
2020-03-09,1.0,0.5,0.3260989690211637,-0.5
2020-03-10,1.0,0.5,0.3260989690211637,-0.5
2020-03-11,1.0,0.5,0.3260989690211637,-0.5
2020-03-12,1.0,0.5,0.3260989690211637,-0.5
2020-03-13,0.5,0.5,0.20538717971342274,0.0
2020-03-14,0.5,0.5,0.20538717971342274,0.0
2020-03-15,0.5,0.5,0.20538717971342274,0.0
2020-03-16,0.5,0.5,0.20538717971342274,0.0
2020-03-17,0.5,0.5,0.20538717971342274,0.0
2020-03-18,0.5,0.5,0.20538717971342274,0.0
2020-03-19,0.5,0.5,0.20538717971342274,0.0
2020-03-20,0.5,0.5,0.5378053801994814,0.0
2020-03-21,0.5,0.5,0.5378053801994814,0.0
2020-03-22,0.5,0.5,0.5378053801994814,0.0
2020-03-23,0.5,0.5,0.5378053801994814,0.0
2020-03-24,0.5,0.5,0.5378053801994814,0.0
2020-03-25,0.5,0.5,0.5378053801994814,0.0
2020-03-26,0.5,0.5,0.5378053801994814,0.0
2020-03-27,1.0,1.0,0.4849945827158151,0.0
2020-03-28,1.0,1.0,0.4849945827158151,0.0
2020-03-29,1.0,1.0,0.4849945827158151,0.0
2020-03-30,1.0,1.0,0.4849945827158151,0.0
2020-03-31,1.0,1.0,0.4849945827158151,0.0
2020-04-01,1.0,1.0,0.4849945827158151,0.0
2020-04-02,1.0,1.0,0.4849945827158151,0.0
2020-04-03,1.0,1.0,0.5190759474468787,0.0
2020-04-04,1.0,1.0,0.5190759474468787,0.0
2020-04-05,1.0,1.0,0.5190759474468787,0.0
2020-04-06,1.0,1.0,0.5190759474468787,0.0
2020-04-07,1.0,1.0,0.5190759474468787,0.0
2020-04-08,1.0,1.0,0.5190759474468787,0.0
2020-04-09,1.0,1.0,0.5190759474468787,0.0
2020-04-10,1.0,1.0,0.5245142141867505,0.0
2020-04-11,1.0,1.0,0.5245142141867505,0.0
2020-04-12,1.0,1.0,0.5245142141867505,0.0
2020-04-13,1.0,1.0,0.5245142141867505,0.0
2020-04-14,1.0,1.0,0.5245142141867505,0.0
2020-04-15,1.0,1.0,0.5245142141867505,0.0
2020-04-16,1.0,1.0,0.5245142141867505,0.0
2020-04-17,1.0,1.0,0.47938714753158446,0.0
2020-04-18,1.0,1.0,0.47938714753158446,0.0
2020-04-19,1.0,1.0,0.47938714753158446,0.0
2020-04-20,1.0,1.0,0.47938714753158446,0.0
2020-04-21,1.0,1.0,0.47938714753158446,0.0
2020-04-22,1.0,1.0,0.47938714753158446,0.0
2020-04-23,1.0,1.0,0.47938714753158446,0.0
2020-04-24,1.0,1.0,0.5045450624810863,0.0
2020-04-25,1.0,1.0,0.5045450624810863,0.0
2020-04-26,1.0,1.0,0.5045450624810863,0.0
2020-04-27,1.0,1.0,0.5045450624810863,0.0
2020-04-28,1.0,1.0,0.5045450624810863,0.0
2020-04-29,1.0,1.0,0.5045450624810863,0.0
2020-04-30,1.0,1.0,0.5045450624810863,0.0
2020-05-01,1.0,0.5,0.3765222901003838,-0.5
2020-05-02,1.0,0.5,0.3765222901003838,-0.5
2020-05-03,1.0,0.5,0.3765222901003838,-0.5
2020-05-04,1.0,0.5,0.3765222901003838,-0.5
2020-05-05,1.0,0.5,0.3765222901003838,-0.5
2020-05-06,1.0,0.5,0.3765222901003838,-0.5
2020-05-07,1.0,0.5,0.3765222901003838,-0.5
2020-05-08,1.0,1.0,0.5358822000581698,0.0
2020-05-09,1.0,1.0,0.5358822000581698,0.0
2020-05-10,1.0,1.0,0.5358822000581698,0.0
2020-05-11,1.0,1.0,0.5358822000581698,0.0
2020-05-12,1.0,1.0,0.5358822000581698,0.0
2020-05-13,1.0,1.0,0.5358822000581698,0.0
2020-05-14,1.0,1.0,0.5358822000581698,0.0
2020-05-15,1.0,0.5,0.3386324598457908,-0.5
2020-05-16,1.0,0.5,0.3386324598457908,-0.5
2020-05-17,1.0,0.5,0.3386324598457908,-0.5
2020-05-18,1.0,0.5,0.3386324598457908,-0.5
2020-05-19,1.0,0.5,0.3386324598457908,-0.5
2020-05-20,1.0,0.5,0.3386324598457908,-0.5
2020-05-21,1.0,0.5,0.3386324598457908,-0.5
2020-05-22,1.0,1.0,0.4426273940318211,0.0
2020-05-23,1.0,1.0,0.4426273940318211,0.0
2020-05-24,1.0,1.0,0.4426273940318211,0.0
2020-05-25,1.0,1.0,0.4426273940318211,0.0
2020-05-26,1.0,1.0,0.4426273940318211,0.0
2020-05-27,1.0,1.0,0.4426273940318211,0.0
2020-05-28,1.0,1.0,0.4426273940318211,0.0
2020-05-29,1.0,1.0,0.42308320565371693,0.0
2020-05-30,1.0,1.0,0.42308320565371693,0.0
2020-05-31,1.0,1.0,0.42308320565371693,0.0
2020-06-01,1.0,1.0,0.42308320565371693,0.0
2020-06-02,1.0,1.0,0.42308320565371693,0.0
2020-06-03,1.0,1.0,0.42308320565371693,0.0
2020-06-04,1.0,1.0,0.42308320565371693,0.0
2020-06-05,1.0,0.5,0.16022872282688344,-0.5
2020-06-06,1.0,0.5,0.16022872282688344,-0.5
2020-06-07,1.0,0.5,0.16022872282688344,-0.5
2020-06-08,1.0,0.5,0.16022872282688344,-0.5
2020-06-09,1.0,0.5,0.16022872282688344,-0.5
2020-06-10,1.0,0.5,0.16022872282688344,-0.5
2020-06-11,1.0,0.5,0.16022872282688344,-0.5
2020-06-12,1.0,0.5,0.2015310657261679,-0.5
2020-06-13,1.0,0.5,0.2015310657261679,-0.5
2020-06-14,1.0,0.5,0.2015310657261679,-0.5
2020-06-15,1.0,0.5,0.2015310657261679,-0.5
2020-06-16,1.0,0.5,0.2015310657261679,-0.5
2020-06-17,1.0,0.5,0.2015310657261679,-0.5
2020-06-18,1.0,0.5,0.2015310657261679,-0.5
2020-06-19,1.0,0.5,0.248488334388887,-0.5
2020-06-20,1.0,0.5,0.248488334388887,-0.5
2020-06-21,1.0,0.5,0.248488334388887,-0.5
2020-06-22,1.0,0.5,0.248488334388887,-0.5
2020-06-23,1.0,0.5,0.248488334388887,-0.5
2020-06-24,1.0,0.5,0.248488334388887,-0.5
2020-06-25,1.0,0.5,0.248488334388887,-0.5
2020-06-26,1.0,0.5,0.2865462308308643,-0.5
2020-06-27,1.0,0.5,0.2865462308308643,-0.5
2020-06-28,1.0,0.5,0.2865462308308643,-0.5
2020-06-29,1.0,0.5,0.2865462308308643,-0.5
2020-06-30,1.0,0.5,0.2865462308308643,-0.5
2020-07-01,1.0,0.5,0.2865462308308643,-0.5
2020-07-02,1.0,0.5,0.2865462308308643,-0.5
2020-07-03,1.0,0.5,0.14398313611291916,-0.5
2020-07-04,1.0,0.5,0.14398313611291916,-0.5
2020-07-05,1.0,0.5,0.14398313611291916,-0.5
2020-07-06,1.0,0.5,0.14398313611291916,-0.5
2020-07-07,1.0,0.5,0.14398313611291916,-0.5
2020-07-08,1.0,0.5,0.14398313611291916,-0.5
2020-07-09,1.0,0.5,0.14398313611291916,-0.5
2020-07-10,1.0,0.5,0.1357998411637737,-0.5
2020-07-11,1.0,0.5,0.1357998411637737,-0.5
2020-07-12,1.0,0.5,0.1357998411637737,-0.5
2020-07-13,1.0,0.5,0.1357998411637737,-0.5
2020-07-14,1.0,0.5,0.1357998411637737,-0.5
2020-07-15,1.0,0.5,0.1357998411637737,-0.5
2020-07-16,1.0,0.5,0.1357998411637737,-0.5
2020-07-17,1.0,0.5,0.09026834679978796,-0.5
2020-07-18,1.0,0.5,0.09026834679978796,-0.5
2020-07-19,1.0,0.5,0.09026834679978796,-0.5
2020-07-20,1.0,0.5,0.09026834679978796,-0.5
2020-07-21,1.0,0.5,0.09026834679978796,-0.5
2020-07-22,1.0,0.5,0.09026834679978796,-0.5
2020-07-23,1.0,0.5,0.09026834679978796,-0.5
2020-07-24,1.0,0.5,0.06079927651734033,-0.5
2020-07-25,1.0,0.5,0.06079927651734033,-0.5
2020-07-26,1.0,0.5,0.06079927651734033,-0.5
2020-07-27,1.0,0.5,0.06079927651734033,-0.5
2020-07-28,1.0,0.5,0.06079927651734033,-0.5
2020-07-29,1.0,0.5,0.06079927651734033,-0.5
2020-07-30,1.0,0.5,0.06079927651734033,-0.5
2020-07-31,1.0,0.5,0.08090224854463948,-0.5
2020-08-01,1.0,0.5,0.08090224854463948,-0.5
2020-08-02,1.0,0.5,0.08090224854463948,-0.5
2020-08-03,1.0,0.5,0.08090224854463948,-0.5
2020-08-04,1.0,0.5,0.08090224854463948,-0.5
2020-08-05,1.0,0.5,0.08090224854463948,-0.5
2020-08-06,1.0,0.5,0.08090224854463948,-0.5
2020-08-07,1.0,0.5,0.0421444630990874,-0.5
2020-08-08,1.0,0.5,0.0421444630990874,-0.5
2020-08-09,1.0,0.5,0.0421444630990874,-0.5
2020-08-10,1.0,0.5,0.0421444630990874,-0.5
2020-08-11,1.0,0.5,0.0421444630990874,-0.5
2020-08-12,1.0,0.5,0.0421444630990874,-0.5
2020-08-13,1.0,0.5,0.0421444630990874,-0.5
2020-08-14,1.0,0.5,0.10694645433668903,-0.5
2020-08-15,1.0,0.5,0.10694645433668903,-0.5
2020-08-16,1.0,0.5,0.10694645433668903,-0.5
2020-08-17,1.0,0.5,0.10694645433668903,-0.5
2020-08-18,1.0,0.5,0.10694645433668903,-0.5
2020-08-19,1.0,0.5,0.10694645433668903,-0.5
2020-08-20,1.0,0.5,0.10694645433668903,-0.5
2020-08-21,1.0,0.5,0.05240098422484366,-0.5
2020-08-22,1.0,0.5,0.05240098422484366,-0.5
2020-08-23,1.0,0.5,0.05240098422484366,-0.5
2020-08-24,1.0,0.5,0.05240098422484366,-0.5
2020-08-25,1.0,0.5,0.05240098422484366,-0.5
2020-08-26,1.0,0.5,0.05240098422484366,-0.5
2020-08-27,1.0,0.5,0.05240098422484366,-0.5
2020-08-28,0.5,0.5,0.06563755483687131,0.0
2020-08-29,0.5,0.5,0.06563755483687131,0.0
2020-08-30,0.5,0.5,0.06563755483687131,0.0
2020-08-31,0.5,0.5,0.06563755483687131,0.0
2020-09-01,0.5,0.5,0.06563755483687131,0.0
2020-09-02,0.5,0.5,0.06563755483687131,0.0
2020-09-03,0.5,0.5,0.06563755483687131,0.0
2020-09-04,1.0,0.5,0.07630851412071983,-0.5
2020-09-05,1.0,0.5,0.07630851412071983,-0.5
2020-09-06,1.0,0.5,0.07630851412071983,-0.5
2020-09-07,1.0,0.5,0.07630851412071983,-0.5
2020-09-08,1.0,0.5,0.07630851412071983,-0.5
2020-09-09,1.0,0.5,0.07630851412071983,-0.5
2020-09-10,1.0,0.5,0.07630851412071983,-0.5
2020-09-11,1.0,0.5,0.3007507567199613,-0.5
2020-09-12,1.0,0.5,0.3007507567199613,-0.5
2020-09-13,1.0,0.5,0.3007507567199613,-0.5
2020-09-14,1.0,0.5,0.3007507567199613,-0.5
2020-09-15,1.0,0.5,0.3007507567199613,-0.5
2020-09-16,1.0,0.5,0.3007507567199613,-0.5
2020-09-17,1.0,0.5,0.3007507567199613,-0.5
2020-09-18,1.0,0.5,0.3135452343571533,-0.5
2020-09-19,1.0,0.5,0.3135452343571533,-0.5
2020-09-20,1.0,0.5,0.3135452343571533,-0.5
2020-09-21,1.0,0.5,0.3135452343571533,-0.5
2020-09-22,1.0,0.5,0.3135452343571533,-0.5
2020-09-23,1.0,0.5,0.3135452343571533,-0.5
2020-09-24,1.0,0.5,0.3135452343571533,-0.5
2020-09-25,1.0,0.5,0.21226851061004842,-0.5
2020-09-26,1.0,0.5,0.21226851061004842,-0.5
2020-09-27,1.0,0.5,0.21226851061004842,-0.5
2020-09-28,1.0,0.5,0.21226851061004842,-0.5
2020-09-29,1.0,0.5,0.21226851061004842,-0.5
2020-09-30,1.0,0.5,0.21226851061004842,-0.5
2020-10-01,1.0,0.5,0.21226851061004842,-0.5
2020-10-02,1.0,0.5,0.21761537068850165,-0.5
2020-10-03,1.0,0.5,0.21761537068850165,-0.5
2020-10-04,1.0,0.5,0.21761537068850165,-0.5
2020-10-05,1.0,0.5,0.21761537068850165,-0.5
2020-10-06,1.0,0.5,0.21761537068850165,-0.5
2020-10-07,1.0,0.5,0.21761537068850165,-0.5
2020-10-08,1.0,0.5,0.21761537068850165,-0.5
2020-10-09,1.0,0.5,0.2767094179832231,-0.5
2020-10-10,1.0,0.5,0.2767094179832231,-0.5
2020-10-11,1.0,0.5,0.2767094179832231,-0.5
2020-10-12,1.0,0.5,0.2767094179832231,-0.5
2020-10-13,1.0,0.5,0.2767094179832231,-0.5
2020-10-14,1.0,0.5,0.2767094179832231,-0.5
2020-10-15,1.0,0.5,0.2767094179832231,-0.5
2020-10-16,1.0,1.0,0.4281410070836597,0.0
2020-10-17,1.0,1.0,0.4281410070836597,0.0
2020-10-18,1.0,1.0,0.4281410070836597,0.0
2020-10-19,1.0,1.0,0.4281410070836597,0.0
2020-10-20,1.0,1.0,0.4281410070836597,0.0
2020-10-21,1.0,1.0,0.4281410070836597,0.0
2020-10-22,1.0,1.0,0.4281410070836597,0.0
2020-10-23,1.0,0.5,0.34675691507259854,-0.5
2020-10-24,1.0,0.5,0.34675691507259854,-0.5
2020-10-25,1.0,0.5,0.34675691507259854,-0.5
2020-10-26,1.0,0.5,0.34675691507259854,-0.5
2020-10-27,1.0,0.5,0.34675691507259854,-0.5
2020-10-28,1.0,0.5,0.34675691507259854,-0.5
2020-10-29,1.0,0.5,0.34675691507259854,-0.5
2020-10-30,0.5,0.5,0.29807376177100264,0.0
2020-10-31,0.5,0.5,0.29807376177100264,0.0
2020-11-01,0.5,0.5,0.29807376177100264,0.0
2020-11-02,0.5,0.5,0.29807376177100264,0.0
2020-11-03,0.5,0.5,0.29807376177100264,0.0
2020-11-04,0.5,0.5,0.29807376177100264,0.0
2020-11-05,0.5,0.5,0.29807376177100264,0.0
2020-11-06,1.0,0.5,0.12902190675121578,-0.5
2020-11-07,1.0,0.5,0.12902190675121578,-0.5
2020-11-08,1.0,0.5,0.12902190675121578,-0.5
2020-11-09,1.0,0.5,0.12902190675121578,-0.5
2020-11-10,1.0,0.5,0.12902190675121578,-0.5
2020-11-11,1.0,0.5,0.12902190675121578,-0.5
2020-11-12,1.0,0.5,0.12902190675121578,-0.5
2020-11-13,1.0,0.5,0.25170803116288926,-0.5
2020-11-14,1.0,0.5,0.25170803116288926,-0.5
2020-11-15,1.0,0.5,0.25170803116288926,-0.5
2020-11-16,1.0,0.5,0.25170803116288926,-0.5
2020-11-17,1.0,0.5,0.25170803116288926,-0.5
2020-11-18,1.0,0.5,0.25170803116288926,-0.5
2020-11-19,1.0,0.5,0.25170803116288926,-0.5
2020-11-20,1.0,0.5,0.10469017922372259,-0.5
2020-11-21,1.0,0.5,0.10469017922372259,-0.5
2020-11-22,1.0,0.5,0.10469017922372259,-0.5
2020-11-23,1.0,0.5,0.10469017922372259,-0.5
2020-11-24,1.0,0.5,0.10469017922372259,-0.5
2020-11-25,1.0,0.5,0.10469017922372259,-0.5
2020-11-26,1.0,0.5,0.10469017922372259,-0.5
2020-11-27,1.0,0.5,0.07279122812411278,-0.5
2020-11-28,1.0,0.5,0.07279122812411278,-0.5
2020-11-29,1.0,0.5,0.07279122812411278,-0.5
2020-11-30,1.0,0.5,0.07279122812411278,-0.5
2020-12-01,1.0,0.5,0.07279122812411278,-0.5
2020-12-02,1.0,0.5,0.07279122812411278,-0.5
2020-12-03,1.0,0.5,0.07279122812411278,-0.5
2020-12-04,1.0,0.5,0.05100646737019576,-0.5
2020-12-05,1.0,0.5,0.05100646737019576,-0.5
2020-12-06,1.0,0.5,0.05100646737019576,-0.5
2020-12-07,1.0,0.5,0.05100646737019576,-0.5
2020-12-08,1.0,0.5,0.05100646737019576,-0.5
2020-12-09,1.0,0.5,0.05100646737019576,-0.5
2020-12-10,1.0,0.5,0.05100646737019576,-0.5
2020-12-11,1.0,0.5,0.29918037061519637,-0.5
2020-12-12,1.0,0.5,0.29918037061519637,-0.5
2020-12-13,1.0,0.5,0.29918037061519637,-0.5
2020-12-14,1.0,0.5,0.29918037061519637,-0.5
2020-12-15,1.0,0.5,0.29918037061519637,-0.5
2020-12-16,1.0,0.5,0.29918037061519637,-0.5
2020-12-17,1.0,0.5,0.29918037061519637,-0.5
2020-12-18,1.0,0.5,0.19943155995963374,-0.5
2020-12-19,1.0,0.5,0.19943155995963374,-0.5
2020-12-20,1.0,0.5,0.19943155995963374,-0.5
2020-12-21,1.0,0.5,0.19943155995963374,-0.5
2020-12-22,1.0,0.5,0.19943155995963374,-0.5
2020-12-23,1.0,0.5,0.19943155995963374,-0.5
2020-12-24,1.0,0.5,0.19943155995963374,-0.5
2020-12-25,0.25,0.0,0.21822483349263652,-0.25
2020-12-26,0.25,0.0,0.21822483349263652,-0.25
2020-12-27,0.25,0.0,0.21822483349263652,-0.25
2020-12-28,0.25,0.0,0.21822483349263652,-0.25
2020-12-29,0.25,0.0,0.21822483349263652,-0.25
2020-12-30,0.25,0.0,0.21822483349263652,-0.25
2020-12-31,0.25,0.0,0.21822483349263652,-0.25
2021-01-01,0.5,0.5,0.33545193573558196,0.0
2021-01-02,0.5,0.5,0.33545193573558196,0.0
2021-01-03,0.5,0.5,0.33545193573558196,0.0
2021-01-04,0.5,0.5,0.33545193573558196,0.0
2021-01-05,0.5,0.5,0.33545193573558196,0.0
2021-01-06,0.5,0.5,0.33545193573558196,0.0
2021-01-07,0.5,0.5,0.33545193573558196,0.0
2021-01-08,1.0,0.5,0.2411713768555755,-0.5
2021-01-09,1.0,0.5,0.2411713768555755,-0.5
2021-01-10,1.0,0.5,0.2411713768555755,-0.5
2021-01-11,1.0,0.5,0.2411713768555755,-0.5
2021-01-12,1.0,0.5,0.2411713768555755,-0.5
2021-01-13,1.0,0.5,0.2411713768555755,-0.5
2021-01-14,1.0,0.5,0.2411713768555755,-0.5
2021-01-15,0.5,0.5,0.20098463057255095,0.0
2021-01-16,0.5,0.5,0.20098463057255095,0.0
2021-01-17,0.5,0.5,0.20098463057255095,0.0
2021-01-18,0.5,0.5,0.20098463057255095,0.0
2021-01-19,0.5,0.5,0.20098463057255095,0.0
2021-01-20,0.5,0.5,0.20098463057255095,0.0
2021-01-21,0.5,0.5,0.20098463057255095,0.0
2021-01-22,1.0,0.5,0.06355858611856949,-0.5
2021-01-23,1.0,0.5,0.06355858611856949,-0.5
2021-01-24,1.0,0.5,0.06355858611856949,-0.5
2021-01-25,1.0,0.5,0.06355858611856949,-0.5
2021-01-26,1.0,0.5,0.06355858611856949,-0.5
2021-01-27,1.0,0.5,0.06355858611856949,-0.5
2021-01-28,1.0,0.5,0.06355858611856949,-0.5
2021-01-29,0.25,0.0,0.2476788771461353,-0.25
2021-01-30,0.25,0.0,0.2476788771461353,-0.25
2021-01-31,0.25,0.0,0.2476788771461353,-0.25
2021-02-01,0.25,0.0,0.2476788771461353,-0.25
2021-02-02,0.25,0.0,0.2476788771461353,-0.25
2021-02-03,0.25,0.0,0.2476788771461353,-0.25
2021-02-04,0.25,0.0,0.2476788771461353,-0.25
2021-02-05,1.0,0.5,0.18249158569918672,-0.5
2021-02-06,1.0,0.5,0.18249158569918672,-0.5
2021-02-07,1.0,0.5,0.18249158569918672,-0.5
2021-02-08,1.0,0.5,0.18249158569918672,-0.5
2021-02-09,1.0,0.5,0.18249158569918672,-0.5
2021-02-10,1.0,0.5,0.18249158569918672,-0.5
2021-02-11,1.0,0.5,0.18249158569918672,-0.5
2021-02-12,1.0,0.5,0.16494550870124386,-0.5
2021-02-13,1.0,0.5,0.16494550870124386,-0.5
2021-02-14,1.0,0.5,0.16494550870124386,-0.5
2021-02-15,1.0,0.5,0.16494550870124386,-0.5
2021-02-16,1.0,0.5,0.16494550870124386,-0.5
2021-02-17,1.0,0.5,0.16494550870124386,-0.5
2021-02-18,1.0,0.5,0.16494550870124386,-0.5
2021-02-19,1.0,0.5,0.1729944538261059,-0.5
2021-02-20,1.0,0.5,0.1729944538261059,-0.5
2021-02-21,1.0,0.5,0.1729944538261059,-0.5
2021-02-22,1.0,0.5,0.1729944538261059,-0.5
2021-02-23,1.0,0.5,0.1729944538261059,-0.5
2021-02-24,1.0,0.5,0.1729944538261059,-0.5
2021-02-25,1.0,0.5,0.1729944538261059,-0.5
2021-02-26,0.25,0.0,0.0757568834653388,-0.25
2021-02-27,0.25,0.0,0.0757568834653388,-0.25
2021-02-28,0.25,0.0,0.0757568834653388,-0.25
2021-03-01,0.25,0.0,0.0757568834653388,-0.25
2021-03-02,0.25,0.0,0.0757568834653388,-0.25
2021-03-03,0.25,0.0,0.0757568834653388,-0.25
2021-03-04,0.25,0.0,0.0757568834653388,-0.25
2021-03-05,0.5,0.5,0.27714905664719636,0.0
2021-03-06,0.5,0.5,0.27714905664719636,0.0
2021-03-07,0.5,0.5,0.27714905664719636,0.0
2021-03-08,0.5,0.5,0.27714905664719636,0.0
2021-03-09,0.5,0.5,0.27714905664719636,0.0
2021-03-10,0.5,0.5,0.27714905664719636,0.0
2021-03-11,0.5,0.5,0.27714905664719636,0.0
2021-03-12,1.0,0.5,0.33788006953708033,-0.5
2021-03-13,1.0,0.5,0.33788006953708033,-0.5
2021-03-14,1.0,0.5,0.33788006953708033,-0.5
2021-03-15,1.0,0.5,0.33788006953708033,-0.5
2021-03-16,1.0,0.5,0.33788006953708033,-0.5
2021-03-17,1.0,0.5,0.33788006953708033,-0.5
2021-03-18,1.0,0.5,0.33788006953708033,-0.5
2021-03-19,1.0,0.5,0.2564914757203017,-0.5
2021-03-20,1.0,0.5,0.2564914757203017,-0.5
2021-03-21,1.0,0.5,0.2564914757203017,-0.5
2021-03-22,1.0,0.5,0.2564914757203017,-0.5
2021-03-23,1.0,0.5,0.2564914757203017,-0.5
2021-03-24,1.0,0.5,0.2564914757203017,-0.5
2021-03-25,1.0,0.5,0.2564914757203017,-0.5
2021-03-26,1.0,0.5,0.26410782752851386,-0.5
2021-03-27,1.0,0.5,0.26410782752851386,-0.5
2021-03-28,1.0,0.5,0.26410782752851386,-0.5
2021-03-29,1.0,0.5,0.26410782752851386,-0.5
2021-03-30,1.0,0.5,0.26410782752851386,-0.5
2021-03-31,1.0,0.5,0.26410782752851386,-0.5
2021-04-01,1.0,0.5,0.26410782752851386,-0.5
2021-04-02,0.5,0.5,0.292301116117082,0.0
2021-04-03,0.5,0.5,0.292301116117082,0.0
2021-04-04,0.5,0.5,0.292301116117082,0.0
2021-04-05,0.5,0.5,0.292301116117082,0.0
2021-04-06,0.5,0.5,0.292301116117082,0.0
2021-04-07,0.5,0.5,0.292301116117082,0.0
2021-04-08,0.5,0.5,0.292301116117082,0.0
2021-04-09,0.5,0.5,0.2728246727581175,0.0
2021-04-10,0.5,0.5,0.2728246727581175,0.0
2021-04-11,0.5,0.5,0.2728246727581175,0.0
2021-04-12,0.5,0.5,0.2728246727581175,0.0
2021-04-13,0.5,0.5,0.2728246727581175,0.0
2021-04-14,0.5,0.5,0.2728246727581175,0.0
2021-04-15,0.5,0.5,0.2728246727581175,0.0
2021-04-16,0.0,0.0,0.028521086225460464,0.0
2021-04-17,0.0,0.0,0.028521086225460464,0.0
2021-04-18,0.0,0.0,0.028521086225460464,0.0
2021-04-19,0.0,0.0,0.028521086225460464,0.0
2021-04-20,0.0,0.0,0.028521086225460464,0.0
2021-04-21,0.0,0.0,0.028521086225460464,0.0
2021-04-22,0.0,0.0,0.028521086225460464,0.0
2021-04-23,0.0,0.0,0.06404275637853064,0.0
2021-04-24,0.0,0.0,0.06404275637853064,0.0
2021-04-25,0.0,0.0,0.06404275637853064,0.0
2021-04-26,0.0,0.0,0.06404275637853064,0.0
2021-04-27,0.0,0.0,0.06404275637853064,0.0
2021-04-28,0.0,0.0,0.06404275637853064,0.0
2021-04-29,0.0,0.0,0.06404275637853064,0.0
2021-04-30,0.0,0.0,0.11958296532054971,0.0
2021-05-01,0.0,0.0,0.11958296532054971,0.0
2021-05-02,0.0,0.0,0.11958296532054971,0.0
2021-05-03,0.0,0.0,0.11958296532054971,0.0
2021-05-04,0.0,0.0,0.11958296532054971,0.0
2021-05-05,0.0,0.0,0.11958296532054971,0.0
2021-05-06,0.0,0.0,0.11958296532054971,0.0
2021-05-07,0.0,0.0,0.5016093529334678,0.0
2021-05-08,0.0,0.0,0.5016093529334678,0.0
2021-05-09,0.0,0.0,0.5016093529334678,0.0
2021-05-10,0.0,0.0,0.5016093529334678,0.0
2021-05-11,0.0,0.0,0.5016093529334678,0.0
2021-05-12,0.0,0.0,0.5016093529334678,0.0
2021-05-13,0.0,0.0,0.5016093529334678,0.0
2021-05-14,0.5,0.5,0.6474504185271375,0.0
2021-05-15,0.5,0.5,0.6474504185271375,0.0
2021-05-16,0.5,0.5,0.6474504185271375,0.0
2021-05-17,0.5,0.5,0.6474504185271375,0.0
2021-05-18,0.5,0.5,0.6474504185271375,0.0
2021-05-19,0.5,0.5,0.6474504185271375,0.0
2021-05-20,0.5,0.5,0.6474504185271375,0.0
2021-05-21,0.5,0.5,0.6568248508600938,0.0
2021-05-22,0.5,0.5,0.6568248508600938,0.0
2021-05-23,0.5,0.5,0.6568248508600938,0.0
2021-05-24,0.5,0.5,0.6568248508600938,0.0
2021-05-25,0.5,0.5,0.6568248508600938,0.0
2021-05-26,0.5,0.5,0.6568248508600938,0.0
2021-05-27,0.5,0.5,0.6568248508600938,0.0
2021-05-28,0.5,0.5,0.5872484313819144,0.0
2021-05-29,0.5,0.5,0.5872484313819144,0.0
2021-05-30,0.5,0.5,0.5872484313819144,0.0
2021-05-31,0.5,0.5,0.5872484313819144,0.0
2021-06-01,0.5,0.5,0.5872484313819144,0.0
2021-06-02,0.5,0.5,0.5872484313819144,0.0
2021-06-03,0.5,0.5,0.5872484313819144,0.0
2021-06-04,0.0,0.0,0.399168021514148,0.0
2021-06-05,0.0,0.0,0.399168021514148,0.0
2021-06-06,0.0,0.0,0.399168021514148,0.0
2021-06-07,0.0,0.0,0.399168021514148,0.0
2021-06-08,0.0,0.0,0.399168021514148,0.0
2021-06-09,0.0,0.0,0.399168021514148,0.0
2021-06-10,0.0,0.0,0.399168021514148,0.0
2021-06-11,0.5,0.5,0.7412435082513598,0.0
2021-06-12,0.5,0.5,0.7412435082513598,0.0
2021-06-13,0.5,0.5,0.7412435082513598,0.0
2021-06-14,0.5,0.5,0.7412435082513598,0.0
2021-06-15,0.5,0.5,0.7412435082513598,0.0
2021-06-16,0.5,0.5,0.7412435082513598,0.0
2021-06-17,0.5,0.5,0.7412435082513598,0.0
2021-06-18,0.0,0.0,0.554559083231661,0.0
2021-06-19,0.0,0.0,0.554559083231661,0.0
2021-06-20,0.0,0.0,0.554559083231661,0.0
2021-06-21,0.0,0.0,0.554559083231661,0.0
2021-06-22,0.0,0.0,0.554559083231661,0.0
2021-06-23,0.0,0.0,0.554559083231661,0.0
2021-06-24,0.0,0.0,0.554559083231661,0.0
2021-06-25,0.5,0.5,0.426671731036223,0.0
2021-06-26,0.5,0.5,0.426671731036223,0.0
2021-06-27,0.5,0.5,0.426671731036223,0.0
2021-06-28,0.5,0.5,0.426671731036223,0.0
2021-06-29,0.5,0.5,0.426671731036223,0.0
2021-06-30,0.5,0.5,0.426671731036223,0.0
2021-07-01,0.5,0.5,0.426671731036223,0.0
2021-07-02,0.0,0.0,0.49664326966169653,0.0
2021-07-03,0.0,0.0,0.49664326966169653,0.0
2021-07-04,0.0,0.0,0.49664326966169653,0.0
2021-07-05,0.0,0.0,0.49664326966169653,0.0
2021-07-06,0.0,0.0,0.49664326966169653,0.0
2021-07-07,0.0,0.0,0.49664326966169653,0.0
2021-07-08,0.0,0.0,0.49664326966169653,0.0
2021-07-09,0.0,0.0,0.36722377416225493,0.0
2021-07-10,0.0,0.0,0.36722377416225493,0.0
2021-07-11,0.0,0.0,0.36722377416225493,0.0
2021-07-12,0.0,0.0,0.36722377416225493,0.0
2021-07-13,0.0,0.0,0.36722377416225493,0.0
2021-07-14,0.0,0.0,0.36722377416225493,0.0
2021-07-15,0.0,0.0,0.36722377416225493,0.0
2021-07-16,0.0,0.0,0.4020343240769435,0.0
2021-07-17,0.0,0.0,0.4020343240769435,0.0
2021-07-18,0.0,0.0,0.4020343240769435,0.0
2021-07-19,0.0,0.0,0.4020343240769435,0.0
2021-07-20,0.0,0.0,0.4020343240769435,0.0
2021-07-21,0.0,0.0,0.4020343240769435,0.0
2021-07-22,0.0,0.0,0.4020343240769435,0.0
2021-07-23,0.0,0.0,0.18814084817223437,0.0
2021-07-24,0.0,0.0,0.18814084817223437,0.0
2021-07-25,0.0,0.0,0.18814084817223437,0.0
2021-07-26,0.0,0.0,0.18814084817223437,0.0
2021-07-27,0.0,0.0,0.18814084817223437,0.0
2021-07-28,0.0,0.0,0.18814084817223437,0.0
2021-07-29,0.0,0.0,0.18814084817223437,0.0
2021-07-30,0.0,0.0,0.6624086780199703,0.0
2021-07-31,0.0,0.0,0.6624086780199703,0.0
2021-08-01,0.0,0.0,0.6624086780199703,0.0
2021-08-02,0.0,0.0,0.6624086780199703,0.0
2021-08-03,0.0,0.0,0.6624086780199703,0.0
2021-08-04,0.0,0.0,0.6624086780199703,0.0
2021-08-05,0.0,0.0,0.6624086780199703,0.0
2021-08-06,0.0,0.0,0.5331620725180819,0.0
2021-08-07,0.0,0.0,0.5331620725180819,0.0
2021-08-08,0.0,0.0,0.5331620725180819,0.0
2021-08-09,0.0,0.0,0.5331620725180819,0.0
2021-08-10,0.0,0.0,0.5331620725180819,0.0
2021-08-11,0.0,0.0,0.5331620725180819,0.0
2021-08-12,0.0,0.0,0.5331620725180819,0.0
2021-08-13,0.5,0.5,0.27450899072210094,0.0
2021-08-14,0.5,0.5,0.27450899072210094,0.0
2021-08-15,0.5,0.5,0.27450899072210094,0.0
2021-08-16,0.5,0.5,0.27450899072210094,0.0
2021-08-17,0.5,0.5,0.27450899072210094,0.0
2021-08-18,0.5,0.5,0.27450899072210094,0.0
2021-08-19,0.5,0.5,0.27450899072210094,0.0
2021-08-20,0.0,0.0,0.1307518482320675,0.0
2021-08-21,0.0,0.0,0.1307518482320675,0.0
2021-08-22,0.0,0.0,0.1307518482320675,0.0
2021-08-23,0.0,0.0,0.1307518482320675,0.0
2021-08-24,0.0,0.0,0.1307518482320675,0.0
2021-08-25,0.0,0.0,0.1307518482320675,0.0
2021-08-26,0.0,0.0,0.1307518482320675,0.0
2021-08-27,0.0,0.0,0.17270806191277263,0.0
2021-08-28,0.0,0.0,0.17270806191277263,0.0
2021-08-29,0.0,0.0,0.17270806191277263,0.0
2021-08-30,0.0,0.0,0.17270806191277263,0.0
2021-08-31,0.0,0.0,0.17270806191277263,0.0
2021-09-01,0.0,0.0,0.17270806191277263,0.0
2021-09-02,0.0,0.0,0.17270806191277263,0.0
2021-09-03,0.0,0.0,0.15464035611077834,0.0
2021-09-04,0.0,0.0,0.15464035611077834,0.0
2021-09-05,0.0,0.0,0.15464035611077834,0.0
2021-09-06,0.0,0.0,0.15464035611077834,0.0
2021-09-07,0.0,0.0,0.15464035611077834,0.0
2021-09-08,0.0,0.0,0.15464035611077834,0.0
2021-09-09,0.0,0.0,0.15464035611077834,0.0
2021-09-10,0.0,0.0,0.15693824031620848,0.0
2021-09-11,0.0,0.0,0.15693824031620848,0.0
2021-09-12,0.0,0.0,0.15693824031620848,0.0
2021-09-13,0.0,0.0,0.15693824031620848,0.0
2021-09-14,0.0,0.0,0.15693824031620848,0.0
2021-09-15,0.0,0.0,0.15693824031620848,0.0
2021-09-16,0.0,0.0,0.15693824031620848,0.0
2021-09-17,0.0,0.0,0.18182388636308966,0.0
2021-09-18,0.0,0.0,0.18182388636308966,0.0
2021-09-19,0.0,0.0,0.18182388636308966,0.0
2021-09-20,0.0,0.0,0.18182388636308966,0.0
2021-09-21,0.0,0.0,0.18182388636308966,0.0
2021-09-22,0.0,0.0,0.18182388636308966,0.0
2021-09-23,0.0,0.0,0.18182388636308966,0.0
2021-09-24,0.0,0.0,0.23432094820441424,0.0
2021-09-25,0.0,0.0,0.23432094820441424,0.0
2021-09-26,0.0,0.0,0.23432094820441424,0.0
2021-09-27,0.0,0.0,0.23432094820441424,0.0
2021-09-28,0.0,0.0,0.23432094820441424,0.0
2021-09-29,0.0,0.0,0.23432094820441424,0.0
2021-09-30,0.0,0.0,0.23432094820441424,0.0
2021-10-01,0.0,0.0,0.2717992314841295,0.0
2021-10-02,0.0,0.0,0.2717992314841295,0.0
2021-10-03,0.0,0.0,0.2717992314841295,0.0
2021-10-04,0.0,0.0,0.2717992314841295,0.0
2021-10-05,0.0,0.0,0.2717992314841295,0.0
2021-10-06,0.0,0.0,0.2717992314841295,0.0
2021-10-07,0.0,0.0,0.2717992314841295,0.0
2021-10-08,0.75,0.5,0.234935768231968,-0.25
2021-10-09,0.75,0.5,0.234935768231968,-0.25
2021-10-10,0.75,0.5,0.234935768231968,-0.25
2021-10-11,0.75,0.5,0.234935768231968,-0.25
2021-10-12,0.75,0.5,0.234935768231968,-0.25
2021-10-13,0.75,0.5,0.234935768231968,-0.25
2021-10-14,0.75,0.5,0.234935768231968,-0.25
2021-10-15,0.5,0.5,0.33283744235271506,0.0
2021-10-16,0.5,0.5,0.33283744235271506,0.0
2021-10-17,0.5,0.5,0.33283744235271506,0.0
2021-10-18,0.5,0.5,0.33283744235271506,0.0
2021-10-19,0.5,0.5,0.33283744235271506,0.0
2021-10-20,0.5,0.5,0.33283744235271506,0.0
2021-10-21,0.5,0.5,0.33283744235271506,0.0
2021-10-22,0.5,0.5,0.2808848619139741,0.0
2021-10-23,0.5,0.5,0.2808848619139741,0.0
2021-10-24,0.5,0.5,0.2808848619139741,0.0
2021-10-25,0.5,0.5,0.2808848619139741,0.0
2021-10-26,0.5,0.5,0.2808848619139741,0.0
2021-10-27,0.5,0.5,0.2808848619139741,0.0
2021-10-28,0.5,0.5,0.2808848619139741,0.0
2021-10-29,0.0,0.0,0.2516851962606419,0.0
2021-10-30,0.0,0.0,0.2516851962606419,0.0
2021-10-31,0.0,0.0,0.2516851962606419,0.0
2021-11-01,0.0,0.0,0.2516851962606419,0.0
2021-11-02,0.0,0.0,0.2516851962606419,0.0
2021-11-03,0.0,0.0,0.2516851962606419,0.0
2021-11-04,0.0,0.0,0.2516851962606419,0.0
2021-11-05,0.5,0.5,0.4881584121984258,0.0
2021-11-06,0.5,0.5,0.4881584121984258,0.0
2021-11-07,0.5,0.5,0.4881584121984258,0.0
2021-11-08,0.5,0.5,0.4881584121984258,0.0
2021-11-09,0.5,0.5,0.4881584121984258,0.0
2021-11-10,0.5,0.5,0.4881584121984258,0.0
2021-11-11,0.5,0.5,0.4881584121984258,0.0
2021-11-12,0.0,0.0,0.36899873586634613,0.0
2021-11-13,0.0,0.0,0.36899873586634613,0.0
2021-11-14,0.0,0.0,0.36899873586634613,0.0
2021-11-15,0.0,0.0,0.36899873586634613,0.0
2021-11-16,0.0,0.0,0.36899873586634613,0.0
2021-11-17,0.0,0.0,0.36899873586634613,0.0
2021-11-18,0.0,0.0,0.36899873586634613,0.0
2021-11-19,0.0,0.0,0.1258104467315238,0.0
2021-11-20,0.0,0.0,0.1258104467315238,0.0
2021-11-21,0.0,0.0,0.1258104467315238,0.0
2021-11-22,0.0,0.0,0.1258104467315238,0.0
2021-11-23,0.0,0.0,0.1258104467315238,0.0
2021-11-24,0.0,0.0,0.1258104467315238,0.0
2021-11-25,0.0,0.0,0.1258104467315238,0.0
2021-11-26,0.0,0.0,0.2386918169977692,0.0
2021-11-27,0.0,0.0,0.2386918169977692,0.0
2021-11-28,0.0,0.0,0.2386918169977692,0.0
2021-11-29,0.0,0.0,0.2386918169977692,0.0
2021-11-30,0.0,0.0,0.2386918169977692,0.0
2021-12-01,0.0,0.0,0.2386918169977692,0.0
2021-12-02,0.0,0.0,0.2386918169977692,0.0
2021-12-03,0.75,0.5,0.3236962067832748,-0.25
2021-12-04,0.75,0.5,0.3236962067832748,-0.25
2021-12-05,0.75,0.5,0.3236962067832748,-0.25
2021-12-06,0.75,0.5,0.3236962067832748,-0.25
2021-12-07,0.75,0.5,0.3236962067832748,-0.25
2021-12-08,0.75,0.5,0.3236962067832748,-0.25
2021-12-09,0.75,0.5,0.3236962067832748,-0.25
2021-12-10,1.0,0.5,0.25273658702907775,-0.5
2021-12-11,1.0,0.5,0.25273658702907775,-0.5
2021-12-12,1.0,0.5,0.25273658702907775,-0.5
2021-12-13,1.0,0.5,0.25273658702907775,-0.5
2021-12-14,1.0,0.5,0.25273658702907775,-0.5
2021-12-15,1.0,0.5,0.25273658702907775,-0.5
2021-12-16,1.0,0.5,0.25273658702907775,-0.5
2021-12-17,0.5,0.5,0.057813404054800024,0.0
2021-12-18,0.5,0.5,0.057813404054800024,0.0
2021-12-19,0.5,0.5,0.057813404054800024,0.0
2021-12-20,0.5,0.5,0.057813404054800024,0.0
2021-12-21,0.5,0.5,0.057813404054800024,0.0
2021-12-22,0.5,0.5,0.057813404054800024,0.0
2021-12-23,0.5,0.5,0.057813404054800024,0.0
2021-12-24,1.0,0.5,0.1534115165006304,-0.5
2021-12-25,1.0,0.5,0.1534115165006304,-0.5
2021-12-26,1.0,0.5,0.1534115165006304,-0.5
2021-12-27,1.0,0.5,0.1534115165006304,-0.5
2021-12-28,1.0,0.5,0.1534115165006304,-0.5
2021-12-29,1.0,0.5,0.1534115165006304,-0.5
2021-12-30,1.0,0.5,0.1534115165006304,-0.5
2021-12-31,1.0,0.5,0.14772623483314903,-0.5
2022-01-01,1.0,0.5,0.14772623483314903,-0.5
2022-01-02,1.0,0.5,0.14772623483314903,-0.5
2022-01-03,1.0,0.5,0.14772623483314903,-0.5
2022-01-04,1.0,0.5,0.14772623483314903,-0.5
2022-01-05,1.0,0.5,0.14772623483314903,-0.5
2022-01-06,1.0,0.5,0.14772623483314903,-0.5
2022-01-07,1.0,0.5,0.26602304436826774,-0.5
2022-01-08,1.0,0.5,0.26602304436826774,-0.5
2022-01-09,1.0,0.5,0.26602304436826774,-0.5
2022-01-10,1.0,0.5,0.26602304436826774,-0.5
2022-01-11,1.0,0.5,0.26602304436826774,-0.5
2022-01-12,1.0,0.5,0.26602304436826774,-0.5
2022-01-13,1.0,0.5,0.26602304436826774,-0.5
2022-01-14,0.25,0.0,0.29285285699770147,-0.25
2022-01-15,0.25,0.0,0.29285285699770147,-0.25
2022-01-16,0.25,0.0,0.29285285699770147,-0.25
2022-01-17,0.25,0.0,0.29285285699770147,-0.25
2022-01-18,0.25,0.0,0.29285285699770147,-0.25
2022-01-19,0.25,0.0,0.29285285699770147,-0.25
2022-01-20,0.25,0.0,0.29285285699770147,-0.25
2022-01-21,0.0,0.0,0.31409000262735537,0.0
2022-01-22,0.0,0.0,0.31409000262735537,0.0
2022-01-23,0.0,0.0,0.31409000262735537,0.0
2022-01-24,0.0,0.0,0.31409000262735537,0.0
2022-01-25,0.0,0.0,0.31409000262735537,0.0
2022-01-26,0.0,0.0,0.31409000262735537,0.0
2022-01-27,0.0,0.0,0.31409000262735537,0.0
2022-01-28,0.0,0.0,0.20861616318409665,0.0
2022-01-29,0.0,0.0,0.20861616318409665,0.0
2022-01-30,0.0,0.0,0.20861616318409665,0.0
2022-01-31,0.0,0.0,0.20861616318409665,0.0
2022-02-01,0.0,0.0,0.20861616318409665,0.0
2022-02-02,0.0,0.0,0.20861616318409665,0.0
2022-02-03,0.0,0.0,0.20861616318409665,0.0
2022-02-04,0.75,0.5,0.17854744771869963,-0.25
2022-02-05,0.75,0.5,0.17854744771869963,-0.25
2022-02-06,0.75,0.5,0.17854744771869963,-0.25
2022-02-07,0.75,0.5,0.17854744771869963,-0.25
2022-02-08,0.75,0.5,0.17854744771869963,-0.25
2022-02-09,0.75,0.5,0.17854744771869963,-0.25
2022-02-10,0.75,0.5,0.17854744771869963,-0.25
2022-02-11,1.0,1.0,0.4627630046448667,0.0
2022-02-12,1.0,1.0,0.4627630046448667,0.0
2022-02-13,1.0,1.0,0.4627630046448667,0.0
2022-02-14,1.0,1.0,0.4627630046448667,0.0
2022-02-15,1.0,1.0,0.4627630046448667,0.0
2022-02-16,1.0,1.0,0.4627630046448667,0.0
2022-02-17,1.0,1.0,0.4627630046448667,0.0
2022-02-18,1.0,0.5,0.27742135986714256,-0.5
2022-02-19,1.0,0.5,0.27742135986714256,-0.5
2022-02-20,1.0,0.5,0.27742135986714256,-0.5
2022-02-21,1.0,0.5,0.27742135986714256,-0.5
2022-02-22,1.0,0.5,0.27742135986714256,-0.5
2022-02-23,1.0,0.5,0.27742135986714256,-0.5
2022-02-24,1.0,0.5,0.27742135986714256,-0.5
2022-02-25,0.5,0.5,0.33025980752648376,0.0
2022-02-26,0.5,0.5,0.33025980752648376,0.0
2022-02-27,0.5,0.5,0.33025980752648376,0.0
2022-02-28,0.5,0.5,0.33025980752648376,0.0
2022-03-01,0.5,0.5,0.33025980752648376,0.0
2022-03-02,0.5,0.5,0.33025980752648376,0.0
2022-03-03,0.5,0.5,0.33025980752648376,0.0
2022-03-04,0.5,0.5,0.4061067412271894,0.0
2022-03-05,0.5,0.5,0.4061067412271894,0.0
2022-03-06,0.5,0.5,0.4061067412271894,0.0
2022-03-07,0.5,0.5,0.4061067412271894,0.0
2022-03-08,0.5,0.5,0.4061067412271894,0.0
2022-03-09,0.5,0.5,0.4061067412271894,0.0
2022-03-10,0.5,0.5,0.4061067412271894,0.0
2022-03-11,1.0,0.5,0.29338943368473414,-0.5
2022-03-12,1.0,0.5,0.29338943368473414,-0.5
2022-03-13,1.0,0.5,0.29338943368473414,-0.5
2022-03-14,1.0,0.5,0.29338943368473414,-0.5
2022-03-15,1.0,0.5,0.29338943368473414,-0.5
2022-03-16,1.0,0.5,0.29338943368473414,-0.5
2022-03-17,1.0,0.5,0.29338943368473414,-0.5
2022-03-18,1.0,0.5,0.31497013981770955,-0.5
2022-03-19,1.0,0.5,0.31497013981770955,-0.5
2022-03-20,1.0,0.5,0.31497013981770955,-0.5
2022-03-21,1.0,0.5,0.31497013981770955,-0.5
2022-03-22,1.0,0.5,0.31497013981770955,-0.5
2022-03-23,1.0,0.5,0.31497013981770955,-0.5
2022-03-24,1.0,0.5,0.31497013981770955,-0.5
2022-03-25,1.0,0.5,0.3961320485437987,-0.5
2022-03-26,1.0,0.5,0.3961320485437987,-0.5
2022-03-27,1.0,0.5,0.3961320485437987,-0.5
2022-03-28,1.0,0.5,0.3961320485437987,-0.5
2022-03-29,1.0,0.5,0.3961320485437987,-0.5
2022-03-30,1.0,0.5,0.3961320485437987,-0.5
2022-03-31,1.0,0.5,0.3961320485437987,-0.5
2022-04-01,1.0,0.5,0.30246423186160615,-0.5
2022-04-02,1.0,0.5,0.30246423186160615,-0.5
2022-04-03,1.0,0.5,0.30246423186160615,-0.5
2022-04-04,1.0,0.5,0.30246423186160615,-0.5
2022-04-05,1.0,0.5,0.30246423186160615,-0.5
2022-04-06,1.0,0.5,0.30246423186160615,-0.5
2022-04-07,1.0,0.5,0.30246423186160615,-0.5
2022-04-08,1.0,0.5,0.2242942506467096,-0.5
2022-04-09,1.0,0.5,0.2242942506467096,-0.5
2022-04-10,1.0,0.5,0.2242942506467096,-0.5
2022-04-11,1.0,0.5,0.2242942506467096,-0.5
2022-04-12,1.0,0.5,0.2242942506467096,-0.5
2022-04-13,1.0,0.5,0.2242942506467096,-0.5
2022-04-14,1.0,0.5,0.2242942506467096,-0.5
2022-04-15,0.25,0.0,0.18124794474521272,-0.25
2022-04-16,0.25,0.0,0.18124794474521272,-0.25
2022-04-17,0.25,0.0,0.18124794474521272,-0.25
2022-04-18,0.25,0.0,0.18124794474521272,-0.25
2022-04-19,0.25,0.0,0.18124794474521272,-0.25
2022-04-20,0.25,0.0,0.18124794474521272,-0.25
2022-04-21,0.25,0.0,0.18124794474521272,-0.25
2022-04-22,0.5,0.5,0.33689533974942315,0.0
2022-04-23,0.5,0.5,0.33689533974942315,0.0
2022-04-24,0.5,0.5,0.33689533974942315,0.0
2022-04-25,0.5,0.5,0.33689533974942315,0.0
2022-04-26,0.5,0.5,0.33689533974942315,0.0
2022-04-27,0.5,0.5,0.33689533974942315,0.0
2022-04-28,0.5,0.5,0.33689533974942315,0.0
2022-04-29,0.5,0.5,0.12349690845211832,0.0
2022-04-30,0.5,0.5,0.12349690845211832,0.0
2022-05-01,0.5,0.5,0.12349690845211832,0.0
2022-05-02,0.5,0.5,0.12349690845211832,0.0
2022-05-03,0.5,0.5,0.12349690845211832,0.0
2022-05-04,0.5,0.5,0.12349690845211832,0.0
2022-05-05,0.5,0.5,0.12349690845211832,0.0
2022-05-06,1.0,0.5,0.1433230482184662,-0.5
2022-05-07,1.0,0.5,0.1433230482184662,-0.5
2022-05-08,1.0,0.5,0.1433230482184662,-0.5
2022-05-09,1.0,0.5,0.1433230482184662,-0.5
2022-05-10,1.0,0.5,0.1433230482184662,-0.5
2022-05-11,1.0,0.5,0.1433230482184662,-0.5
2022-05-12,1.0,0.5,0.1433230482184662,-0.5
2022-05-13,0.5,0.5,0.43227641157377417,0.0
2022-05-14,0.5,0.5,0.43227641157377417,0.0
2022-05-15,0.5,0.5,0.43227641157377417,0.0
2022-05-16,0.5,0.5,0.43227641157377417,0.0
2022-05-17,0.5,0.5,0.43227641157377417,0.0
2022-05-18,0.5,0.5,0.43227641157377417,0.0
2022-05-19,0.5,0.5,0.43227641157377417,0.0
2022-05-20,1.0,0.5,0.33839080091799967,-0.5
2022-05-21,1.0,0.5,0.33839080091799967,-0.5
2022-05-22,1.0,0.5,0.33839080091799967,-0.5
2022-05-23,1.0,0.5,0.33839080091799967,-0.5
2022-05-24,1.0,0.5,0.33839080091799967,-0.5
2022-05-25,1.0,0.5,0.33839080091799967,-0.5
2022-05-26,1.0,0.5,0.33839080091799967,-0.5
2022-05-27,1.0,1.0,0.5795530989927652,0.0
2022-05-28,1.0,1.0,0.5795530989927652,0.0
2022-05-29,1.0,1.0,0.5795530989927652,0.0
2022-05-30,1.0,1.0,0.5795530989927652,0.0
2022-05-31,1.0,1.0,0.5795530989927652,0.0
2022-06-01,1.0,1.0,0.5795530989927652,0.0
2022-06-02,1.0,1.0,0.5795530989927652,0.0
2022-06-03,1.0,0.5,0.3705006805907927,-0.5
2022-06-04,1.0,0.5,0.3705006805907927,-0.5
2022-06-05,1.0,0.5,0.3705006805907927,-0.5
2022-06-06,1.0,0.5,0.3705006805907927,-0.5
2022-06-07,1.0,0.5,0.3705006805907927,-0.5
2022-06-08,1.0,0.5,0.3705006805907927,-0.5
2022-06-09,1.0,0.5,0.3705006805907927,-0.5
2022-06-10,1.0,0.5,0.1165582651389799,-0.5
2022-06-11,1.0,0.5,0.1165582651389799,-0.5
2022-06-12,1.0,0.5,0.1165582651389799,-0.5
2022-06-13,1.0,0.5,0.1165582651389799,-0.5
2022-06-14,1.0,0.5,0.1165582651389799,-0.5
2022-06-15,1.0,0.5,0.1165582651389799,-0.5
2022-06-16,1.0,0.5,0.1165582651389799,-0.5
2022-06-17,0.5,0.5,0.43831429735091954,0.0
2022-06-18,0.5,0.5,0.43831429735091954,0.0
2022-06-19,0.5,0.5,0.43831429735091954,0.0
2022-06-20,0.5,0.5,0.43831429735091954,0.0
2022-06-21,0.5,0.5,0.43831429735091954,0.0
2022-06-22,0.5,0.5,0.43831429735091954,0.0
2022-06-23,0.5,0.5,0.43831429735091954,0.0
2022-06-24,1.0,1.0,0.48163033308357156,0.0
2022-06-25,1.0,1.0,0.48163033308357156,0.0
2022-06-26,1.0,1.0,0.48163033308357156,0.0
2022-06-27,1.0,1.0,0.48163033308357156,0.0
2022-06-28,1.0,1.0,0.48163033308357156,0.0
2022-06-29,1.0,1.0,0.48163033308357156,0.0
2022-06-30,1.0,1.0,0.48163033308357156,0.0
2022-07-01,0.25,0.25,0.5606162671868777,0.0
2022-07-02,0.25,0.25,0.5606162671868777,0.0
2022-07-03,0.25,0.25,0.5606162671868777,0.0
2022-07-04,0.25,0.25,0.5606162671868777,0.0
2022-07-05,0.25,0.25,0.5606162671868777,0.0
2022-07-06,0.25,0.25,0.5606162671868777,0.0
2022-07-07,0.25,0.25,0.5606162671868777,0.0
2022-07-08,1.0,0.5,0.22476125383482232,-0.5
2022-07-09,1.0,0.5,0.22476125383482232,-0.5
2022-07-10,1.0,0.5,0.22476125383482232,-0.5
2022-07-11,1.0,0.5,0.22476125383482232,-0.5
2022-07-12,1.0,0.5,0.22476125383482232,-0.5
2022-07-13,1.0,0.5,0.22476125383482232,-0.5
2022-07-14,1.0,0.5,0.22476125383482232,-0.5
2022-07-15,1.0,0.5,0.2308945551874483,-0.5
2022-07-16,1.0,0.5,0.2308945551874483,-0.5
2022-07-17,1.0,0.5,0.2308945551874483,-0.5
2022-07-18,1.0,0.5,0.2308945551874483,-0.5
2022-07-19,1.0,0.5,0.2308945551874483,-0.5
2022-07-20,1.0,0.5,0.2308945551874483,-0.5
2022-07-21,1.0,0.5,0.2308945551874483,-0.5
2022-07-22,1.0,0.5,0.2382785883817815,-0.5
2022-07-23,1.0,0.5,0.2382785883817815,-0.5
2022-07-24,1.0,0.5,0.2382785883817815,-0.5
2022-07-25,1.0,0.5,0.2382785883817815,-0.5
2022-07-26,1.0,0.5,0.2382785883817815,-0.5
2022-07-27,1.0,0.5,0.2382785883817815,-0.5
2022-07-28,1.0,0.5,0.2382785883817815,-0.5
2022-07-29,1.0,0.5,0.21509349212891382,-0.5
2022-07-30,1.0,0.5,0.21509349212891382,-0.5
2022-07-31,1.0,0.5,0.21509349212891382,-0.5
2022-08-01,1.0,0.5,0.21509349212891382,-0.5
2022-08-02,1.0,0.5,0.21509349212891382,-0.5
2022-08-03,1.0,0.5,0.21509349212891382,-0.5
2022-08-04,1.0,0.5,0.21509349212891382,-0.5
2022-08-05,1.0,0.5,0.15926891664742696,-0.5
2022-08-06,1.0,0.5,0.15926891664742696,-0.5
2022-08-07,1.0,0.5,0.15926891664742696,-0.5
2022-08-08,1.0,0.5,0.15926891664742696,-0.5
2022-08-09,1.0,0.5,0.15926891664742696,-0.5
2022-08-10,1.0,0.5,0.15926891664742696,-0.5
2022-08-11,1.0,0.5,0.15926891664742696,-0.5
2022-08-12,1.0,0.5,0.24206368120351357,-0.5
2022-08-13,1.0,0.5,0.24206368120351357,-0.5
2022-08-14,1.0,0.5,0.24206368120351357,-0.5
2022-08-15,1.0,0.5,0.24206368120351357,-0.5
2022-08-16,1.0,0.5,0.24206368120351357,-0.5
2022-08-17,1.0,0.5,0.24206368120351357,-0.5
2022-08-18,1.0,0.5,0.24206368120351357,-0.5
2022-08-19,1.0,0.5,0.173556493469589,-0.5
2022-08-20,1.0,0.5,0.173556493469589,-0.5
2022-08-21,1.0,0.5,0.173556493469589,-0.5
2022-08-22,1.0,0.5,0.173556493469589,-0.5
2022-08-23,1.0,0.5,0.173556493469589,-0.5
2022-08-24,1.0,0.5,0.173556493469589,-0.5
2022-08-25,1.0,0.5,0.173556493469589,-0.5
2022-08-26,0.5,0.5,0.08858287018414128,0.0
2022-08-27,0.5,0.5,0.08858287018414128,0.0
2022-08-28,0.5,0.5,0.08858287018414128,0.0
2022-08-29,0.5,0.5,0.08858287018414128,0.0
2022-08-30,0.5,0.5,0.08858287018414128,0.0
2022-08-31,0.5,0.5,0.08858287018414128,0.0
2022-09-01,0.5,0.5,0.08858287018414128,0.0
2022-09-02,0.5,0.5,0.11716964856399255,0.0
2022-09-03,0.5,0.5,0.11716964856399255,0.0
2022-09-04,0.5,0.5,0.11716964856399255,0.0
2022-09-05,0.5,0.5,0.11716964856399255,0.0
2022-09-06,0.5,0.5,0.11716964856399255,0.0
2022-09-07,0.5,0.5,0.11716964856399255,0.0
2022-09-08,0.5,0.5,0.11716964856399255,0.0
2022-09-09,1.0,0.5,0.06692267014934639,-0.5
2022-09-10,1.0,0.5,0.06692267014934639,-0.5
2022-09-11,1.0,0.5,0.06692267014934639,-0.5
2022-09-12,1.0,0.5,0.06692267014934639,-0.5
2022-09-13,1.0,0.5,0.06692267014934639,-0.5
2022-09-14,1.0,0.5,0.06692267014934639,-0.5
2022-09-15,1.0,0.5,0.06692267014934639,-0.5
2022-09-16,0.5,0.5,0.12518790919312195,0.0
2022-09-17,0.5,0.5,0.12518790919312195,0.0
2022-09-18,0.5,0.5,0.12518790919312195,0.0
2022-09-19,0.5,0.5,0.12518790919312195,0.0
2022-09-20,0.5,0.5,0.12518790919312195,0.0
2022-09-21,0.5,0.5,0.12518790919312195,0.0
2022-09-22,0.5,0.5,0.12518790919312195,0.0
2022-09-23,0.5,0.5,0.17865964894478772,0.0
2022-09-24,0.5,0.5,0.17865964894478772,0.0
2022-09-25,0.5,0.5,0.17865964894478772,0.0
2022-09-26,0.5,0.5,0.17865964894478772,0.0
2022-09-27,0.5,0.5,0.17865964894478772,0.0
2022-09-28,0.5,0.5,0.17865964894478772,0.0
2022-09-29,0.5,0.5,0.17865964894478772,0.0
2022-09-30,0.5,0.5,0.20969418837378714,0.0
2022-10-01,0.5,0.5,0.20969418837378714,0.0
2022-10-02,0.5,0.5,0.20969418837378714,0.0
2022-10-03,0.5,0.5,0.20969418837378714,0.0
2022-10-04,0.5,0.5,0.20969418837378714,0.0
2022-10-05,0.5,0.5,0.20969418837378714,0.0
2022-10-06,0.5,0.5,0.20969418837378714,0.0
2022-10-07,1.0,0.5,0.19028292224417215,-0.5
2022-10-08,1.0,0.5,0.19028292224417215,-0.5
2022-10-09,1.0,0.5,0.19028292224417215,-0.5
2022-10-10,1.0,0.5,0.19028292224417215,-0.5
2022-10-11,1.0,0.5,0.19028292224417215,-0.5
2022-10-12,1.0,0.5,0.19028292224417215,-0.5
2022-10-13,1.0,0.5,0.19028292224417215,-0.5
2022-10-14,0.5,0.5,0.44132905897341557,0.0
2022-10-15,0.5,0.5,0.44132905897341557,0.0
2022-10-16,0.5,0.5,0.44132905897341557,0.0
2022-10-17,0.5,0.5,0.44132905897341557,0.0
2022-10-18,0.5,0.5,0.44132905897341557,0.0
2022-10-19,0.5,0.5,0.44132905897341557,0.0
2022-10-20,0.5,0.5,0.44132905897341557,0.0
2022-10-21,1.0,0.5,0.23322638441887883,-0.5
2022-10-22,1.0,0.5,0.23322638441887883,-0.5
2022-10-23,1.0,0.5,0.23322638441887883,-0.5
2022-10-24,1.0,0.5,0.23322638441887883,-0.5
2022-10-25,1.0,0.5,0.23322638441887883,-0.5
2022-10-26,1.0,0.5,0.23322638441887883,-0.5
2022-10-27,1.0,0.5,0.23322638441887883,-0.5
2022-10-28,1.0,0.5,0.37081173455175287,-0.5
2022-10-29,1.0,0.5,0.37081173455175287,-0.5
2022-10-30,1.0,0.5,0.37081173455175287,-0.5
2022-10-31,1.0,0.5,0.37081173455175287,-0.5
2022-11-01,1.0,0.5,0.37081173455175287,-0.5
2022-11-02,1.0,0.5,0.37081173455175287,-0.5
2022-11-03,1.0,0.5,0.37081173455175287,-0.5
2022-11-04,1.0,0.5,0.1762562666246022,-0.5
2022-11-05,1.0,0.5,0.1762562666246022,-0.5
2022-11-06,1.0,0.5,0.1762562666246022,-0.5
2022-11-07,1.0,0.5,0.1762562666246022,-0.5
2022-11-08,1.0,0.5,0.1762562666246022,-0.5
2022-11-09,1.0,0.5,0.1762562666246022,-0.5
2022-11-10,1.0,0.5,0.1762562666246022,-0.5
2022-11-11,1.0,1.0,0.4466600693205692,0.0
2022-11-12,1.0,1.0,0.4466600693205692,0.0
2022-11-13,1.0,1.0,0.4466600693205692,0.0
2022-11-14,1.0,1.0,0.4466600693205692,0.0
2022-11-15,1.0,1.0,0.4466600693205692,0.0
2022-11-16,1.0,1.0,0.4466600693205692,0.0
2022-11-17,1.0,1.0,0.4466600693205692,0.0
2022-11-18,1.0,1.0,0.6424204708041656,0.0
2022-11-19,1.0,1.0,0.6424204708041656,0.0
2022-11-20,1.0,1.0,0.6424204708041656,0.0
2022-11-21,1.0,1.0,0.6424204708041656,0.0
2022-11-22,1.0,1.0,0.6424204708041656,0.0
2022-11-23,1.0,1.0,0.6424204708041656,0.0
2022-11-24,1.0,1.0,0.6424204708041656,0.0
2022-11-25,1.0,1.0,0.422165173273335,0.0
2022-11-26,1.0,1.0,0.422165173273335,0.0
2022-11-27,1.0,1.0,0.422165173273335,0.0
2022-11-28,1.0,1.0,0.422165173273335,0.0
2022-11-29,1.0,1.0,0.422165173273335,0.0
2022-11-30,1.0,1.0,0.422165173273335,0.0
2022-12-01,1.0,1.0,0.422165173273335,0.0
2022-12-02,1.0,1.0,0.4534085799052974,0.0
2022-12-03,1.0,1.0,0.4534085799052974,0.0
2022-12-04,1.0,1.0,0.4534085799052974,0.0
2022-12-05,1.0,1.0,0.4534085799052974,0.0
2022-12-06,1.0,1.0,0.4534085799052974,0.0
2022-12-07,1.0,1.0,0.4534085799052974,0.0
2022-12-08,1.0,1.0,0.4534085799052974,0.0
2022-12-09,1.0,0.5,0.23759807644649217,-0.5
2022-12-10,1.0,0.5,0.23759807644649217,-0.5
2022-12-11,1.0,0.5,0.23759807644649217,-0.5
2022-12-12,1.0,0.5,0.23759807644649217,-0.5
2022-12-13,1.0,0.5,0.23759807644649217,-0.5
2022-12-14,1.0,0.5,0.23759807644649217,-0.5
2022-12-15,1.0,0.5,0.23759807644649217,-0.5
2022-12-16,0.5,0.5,0.3084549362539723,0.0
2022-12-17,0.5,0.5,0.3084549362539723,0.0
2022-12-18,0.5,0.5,0.3084549362539723,0.0
2022-12-19,0.5,0.5,0.3084549362539723,0.0
2022-12-20,0.5,0.5,0.3084549362539723,0.0
2022-12-21,0.5,0.5,0.3084549362539723,0.0
2022-12-22,0.5,0.5,0.3084549362539723,0.0
2022-12-23,1.0,0.5,0.23160160655264495,-0.5
2022-12-24,1.0,0.5,0.23160160655264495,-0.5
2022-12-25,1.0,0.5,0.23160160655264495,-0.5
2022-12-26,1.0,0.5,0.23160160655264495,-0.5
2022-12-27,1.0,0.5,0.23160160655264495,-0.5
2022-12-28,1.0,0.5,0.23160160655264495,-0.5
2022-12-29,1.0,0.5,0.23160160655264495,-0.5
2022-12-30,1.0,0.5,0.3750749036041941,-0.5
2022-12-31,1.0,0.5,0.3750749036041941,-0.5
2023-01-01,1.0,0.5,0.3750749036041941,-0.5
2023-01-02,1.0,0.5,0.3750749036041941,-0.5
2023-01-03,1.0,0.5,0.3750749036041941,-0.5
2023-01-04,1.0,0.5,0.3750749036041941,-0.5
2023-01-05,1.0,0.5,0.3750749036041941,-0.5
2023-01-06,1.0,0.5,0.15043024916626785,-0.5
2023-01-07,1.0,0.5,0.15043024916626785,-0.5
2023-01-08,1.0,0.5,0.15043024916626785,-0.5
2023-01-09,1.0,0.5,0.15043024916626785,-0.5
2023-01-10,1.0,0.5,0.15043024916626785,-0.5
2023-01-11,1.0,0.5,0.15043024916626785,-0.5
2023-01-12,1.0,0.5,0.15043024916626785,-0.5
2023-01-13,1.0,0.5,0.18494539361645163,-0.5
2023-01-14,1.0,0.5,0.18494539361645163,-0.5
2023-01-15,1.0,0.5,0.18494539361645163,-0.5
2023-01-16,1.0,0.5,0.18494539361645163,-0.5
2023-01-17,1.0,0.5,0.18494539361645163,-0.5
2023-01-18,1.0,0.5,0.18494539361645163,-0.5
2023-01-19,1.0,0.5,0.18494539361645163,-0.5
2023-01-20,1.0,0.5,0.21004029753767242,-0.5
2023-01-21,1.0,0.5,0.21004029753767242,-0.5
2023-01-22,1.0,0.5,0.21004029753767242,-0.5
2023-01-23,1.0,0.5,0.21004029753767242,-0.5
2023-01-24,1.0,0.5,0.21004029753767242,-0.5
2023-01-25,1.0,0.5,0.21004029753767242,-0.5
2023-01-26,1.0,0.5,0.21004029753767242,-0.5
2023-01-27,1.0,1.0,0.4681433613975394,0.0
2023-01-28,1.0,1.0,0.4681433613975394,0.0
2023-01-29,1.0,1.0,0.4681433613975394,0.0
2023-01-30,1.0,1.0,0.4681433613975394,0.0
2023-01-31,1.0,1.0,0.4681433613975394,0.0
2023-02-01,1.0,1.0,0.4681433613975394,0.0
2023-02-02,1.0,1.0,0.4681433613975394,0.0
2023-02-03,0.25,0.25,0.23008461805067726,0.0
2023-02-04,0.25,0.25,0.23008461805067726,0.0
2023-02-05,0.25,0.25,0.23008461805067726,0.0
2023-02-06,0.25,0.25,0.23008461805067726,0.0
2023-02-07,0.25,0.25,0.23008461805067726,0.0
2023-02-08,0.25,0.25,0.23008461805067726,0.0
2023-02-09,0.25,0.25,0.23008461805067726,0.0
2023-02-10,1.0,0.5,0.240223492893739,-0.5
2023-02-11,1.0,0.5,0.240223492893739,-0.5
2023-02-12,1.0,0.5,0.240223492893739,-0.5
2023-02-13,1.0,0.5,0.240223492893739,-0.5
2023-02-14,1.0,0.5,0.240223492893739,-0.5
2023-02-15,1.0,0.5,0.240223492893739,-0.5
2023-02-16,1.0,0.5,0.240223492893739,-0.5
2023-02-17,0.5,0.5,0.23430260600846084,0.0
2023-02-18,0.5,0.5,0.23430260600846084,0.0
2023-02-19,0.5,0.5,0.23430260600846084,0.0
2023-02-20,0.5,0.5,0.23430260600846084,0.0
2023-02-21,0.5,0.5,0.23430260600846084,0.0
2023-02-22,0.5,0.5,0.23430260600846084,0.0
2023-02-23,0.5,0.5,0.23430260600846084,0.0
2023-02-24,0.0,0.0,0.1700577572932944,0.0
2023-02-25,0.0,0.0,0.1700577572932944,0.0
2023-02-26,0.0,0.0,0.1700577572932944,0.0
2023-02-27,0.0,0.0,0.1700577572932944,0.0
2023-02-28,0.0,0.0,0.1700577572932944,0.0
2023-03-01,0.0,0.0,0.1700577572932944,0.0
2023-03-02,0.0,0.0,0.1700577572932944,0.0
2023-03-03,0.5,0.5,0.16748833864868148,0.0
2023-03-04,0.5,0.5,0.16748833864868148,0.0
2023-03-05,0.5,0.5,0.16748833864868148,0.0
2023-03-06,0.5,0.5,0.16748833864868148,0.0
2023-03-07,0.5,0.5,0.16748833864868148,0.0
2023-03-08,0.5,0.5,0.16748833864868148,0.0
2023-03-09,0.5,0.5,0.16748833864868148,0.0
2023-03-10,0.5,0.5,0.12436410425747213,0.0
2023-03-11,0.5,0.5,0.12436410425747213,0.0
2023-03-12,0.5,0.5,0.12436410425747213,0.0
2023-03-13,0.5,0.5,0.12436410425747213,0.0
2023-03-14,0.5,0.5,0.12436410425747213,0.0
2023-03-15,0.5,0.5,0.12436410425747213,0.0
2023-03-16,0.5,0.5,0.12436410425747213,0.0
2023-03-17,1.0,0.5,0.2439954636765569,-0.5
2023-03-18,1.0,0.5,0.2439954636765569,-0.5
2023-03-19,1.0,0.5,0.2439954636765569,-0.5
2023-03-20,1.0,0.5,0.2439954636765569,-0.5
2023-03-21,1.0,0.5,0.2439954636765569,-0.5
2023-03-22,1.0,0.5,0.2439954636765569,-0.5
2023-03-23,1.0,0.5,0.2439954636765569,-0.5
2023-03-24,1.0,0.5,0.3186325464436365,-0.5
2023-03-25,1.0,0.5,0.3186325464436365,-0.5
2023-03-26,1.0,0.5,0.3186325464436365,-0.5
2023-03-27,1.0,0.5,0.3186325464436365,-0.5
2023-03-28,1.0,0.5,0.3186325464436365,-0.5
2023-03-29,1.0,0.5,0.3186325464436365,-0.5
2023-03-30,1.0,0.5,0.3186325464436365,-0.5
2023-03-31,1.0,0.5,0.21924460036124974,-0.5
2023-04-01,1.0,0.5,0.21924460036124974,-0.5
2023-04-02,1.0,0.5,0.21924460036124974,-0.5
2023-04-03,1.0,0.5,0.21924460036124974,-0.5
2023-04-04,1.0,0.5,0.21924460036124974,-0.5
2023-04-05,1.0,0.5,0.21924460036124974,-0.5
2023-04-06,1.0,0.5,0.21924460036124974,-0.5
2023-04-07,1.0,0.5,0.1977677878557528,-0.5
2023-04-08,1.0,0.5,0.1977677878557528,-0.5
2023-04-09,1.0,0.5,0.1977677878557528,-0.5
2023-04-10,1.0,0.5,0.1977677878557528,-0.5
2023-04-11,1.0,0.5,0.1977677878557528,-0.5
2023-04-12,1.0,0.5,0.1977677878557528,-0.5
2023-04-13,1.0,0.5,0.1977677878557528,-0.5
2023-04-14,0.5,0.5,0.17043081850972158,0.0
2023-04-15,0.5,0.5,0.17043081850972158,0.0
2023-04-16,0.5,0.5,0.17043081850972158,0.0
2023-04-17,0.5,0.5,0.17043081850972158,0.0
2023-04-18,0.5,0.5,0.17043081850972158,0.0
2023-04-19,0.5,0.5,0.17043081850972158,0.0
2023-04-20,0.5,0.5,0.17043081850972158,0.0
2023-04-21,0.0,0.0,0.18218916817104042,0.0
2023-04-22,0.0,0.0,0.18218916817104042,0.0
2023-04-23,0.0,0.0,0.18218916817104042,0.0
2023-04-24,0.0,0.0,0.18218916817104042,0.0
2023-04-25,0.0,0.0,0.18218916817104042,0.0
2023-04-26,0.0,0.0,0.18218916817104042,0.0
2023-04-27,0.0,0.0,0.18218916817104042,0.0
2023-04-28,0.0,0.0,0.3110612945512645,0.0
2023-04-29,0.0,0.0,0.3110612945512645,0.0
2023-04-30,0.0,0.0,0.3110612945512645,0.0
2023-05-01,0.0,0.0,0.3110612945512645,0.0
2023-05-02,0.0,0.0,0.3110612945512645,0.0
2023-05-03,0.0,0.0,0.3110612945512645,0.0
2023-05-04,0.0,0.0,0.3110612945512645,0.0
2023-05-05,0.0,0.0,0.1425766526274411,0.0
2023-05-06,0.0,0.0,0.1425766526274411,0.0
2023-05-07,0.0,0.0,0.1425766526274411,0.0
2023-05-08,0.0,0.0,0.1425766526274411,0.0
2023-05-09,0.0,0.0,0.1425766526274411,0.0
2023-05-10,0.0,0.0,0.1425766526274411,0.0
2023-05-11,0.0,0.0,0.1425766526274411,0.0
2023-05-12,0.5,0.5,0.13624564396961608,0.0
2023-05-13,0.5,0.5,0.13624564396961608,0.0
2023-05-14,0.5,0.5,0.13624564396961608,0.0
2023-05-15,0.5,0.5,0.13624564396961608,0.0
2023-05-16,0.5,0.5,0.13624564396961608,0.0
2023-05-17,0.5,0.5,0.13624564396961608,0.0
2023-05-18,0.5,0.5,0.13624564396961608,0.0
2023-05-19,0.5,0.5,0.1759007362307585,0.0
2023-05-20,0.5,0.5,0.1759007362307585,0.0
2023-05-21,0.5,0.5,0.1759007362307585,0.0
2023-05-22,0.5,0.5,0.1759007362307585,0.0
2023-05-23,0.5,0.5,0.1759007362307585,0.0
2023-05-24,0.5,0.5,0.1759007362307585,0.0
2023-05-25,0.5,0.5,0.1759007362307585,0.0
2023-05-26,0.0,0.0,0.13752276319355472,0.0
2023-05-27,0.0,0.0,0.13752276319355472,0.0
2023-05-28,0.0,0.0,0.13752276319355472,0.0
2023-05-29,0.0,0.0,0.13752276319355472,0.0
2023-05-30,0.0,0.0,0.13752276319355472,0.0
2023-05-31,0.0,0.0,0.13752276319355472,0.0
2023-06-01,0.0,0.0,0.13752276319355472,0.0
2023-06-02,0.5,0.5,0.18197821149664054,0.0
2023-06-03,0.5,0.5,0.18197821149664054,0.0
2023-06-04,0.5,0.5,0.18197821149664054,0.0
2023-06-05,0.5,0.5,0.18197821149664054,0.0
2023-06-06,0.5,0.5,0.18197821149664054,0.0
2023-06-07,0.5,0.5,0.18197821149664054,0.0
2023-06-08,0.5,0.5,0.18197821149664054,0.0
2023-06-09,0.5,0.5,0.2079313679991531,0.0
2023-06-10,0.5,0.5,0.2079313679991531,0.0
2023-06-11,0.5,0.5,0.2079313679991531,0.0
2023-06-12,0.5,0.5,0.2079313679991531,0.0
2023-06-13,0.5,0.5,0.2079313679991531,0.0
2023-06-14,0.5,0.5,0.2079313679991531,0.0
2023-06-15,0.5,0.5,0.2079313679991531,0.0
2023-06-16,0.0,0.0,0.12096983076256118,0.0
2023-06-17,0.0,0.0,0.12096983076256118,0.0
2023-06-18,0.0,0.0,0.12096983076256118,0.0
2023-06-19,0.0,0.0,0.12096983076256118,0.0
2023-06-20,0.0,0.0,0.12096983076256118,0.0
2023-06-21,0.0,0.0,0.12096983076256118,0.0
2023-06-22,0.0,0.0,0.12096983076256118,0.0
2023-06-23,0.5,0.5,0.1999959683487588,0.0
2023-06-24,0.5,0.5,0.1999959683487588,0.0
2023-06-25,0.5,0.5,0.1999959683487588,0.0
2023-06-26,0.5,0.5,0.1999959683487588,0.0
2023-06-27,0.5,0.5,0.1999959683487588,0.0
2023-06-28,0.5,0.5,0.1999959683487588,0.0
2023-06-29,0.5,0.5,0.1999959683487588,0.0
2023-06-30,0.0,0.0,0.13600112967964345,0.0
2023-07-01,0.0,0.0,0.13600112967964345,0.0
2023-07-02,0.0,0.0,0.13600112967964345,0.0
2023-07-03,0.0,0.0,0.13600112967964345,0.0
2023-07-04,0.0,0.0,0.13600112967964345,0.0
2023-07-05,0.0,0.0,0.13600112967964345,0.0
2023-07-06,0.0,0.0,0.13600112967964345,0.0
2023-07-07,0.0,0.0,0.24498704473265423,0.0
2023-07-08,0.0,0.0,0.24498704473265423,0.0
2023-07-09,0.0,0.0,0.24498704473265423,0.0
2023-07-10,0.0,0.0,0.24498704473265423,0.0
2023-07-11,0.0,0.0,0.24498704473265423,0.0
2023-07-12,0.0,0.0,0.24498704473265423,0.0
2023-07-13,0.0,0.0,0.24498704473265423,0.0
2023-07-14,0.0,0.0,0.14094536348917183,0.0
2023-07-15,0.0,0.0,0.14094536348917183,0.0
2023-07-16,0.0,0.0,0.14094536348917183,0.0
2023-07-17,0.0,0.0,0.14094536348917183,0.0
2023-07-18,0.0,0.0,0.14094536348917183,0.0
2023-07-19,0.0,0.0,0.14094536348917183,0.0
2023-07-20,0.0,0.0,0.14094536348917183,0.0
2023-07-21,0.0,0.0,0.11420222155053046,0.0
2023-07-22,0.0,0.0,0.11420222155053046,0.0
2023-07-23,0.0,0.0,0.11420222155053046,0.0
2023-07-24,0.0,0.0,0.11420222155053046,0.0
2023-07-25,0.0,0.0,0.11420222155053046,0.0
2023-07-26,0.0,0.0,0.11420222155053046,0.0
2023-07-27,0.0,0.0,0.11420222155053046,0.0
2023-07-28,0.0,0.0,0.15833122393966836,0.0
2023-07-29,0.0,0.0,0.15833122393966836,0.0
2023-07-30,0.0,0.0,0.15833122393966836,0.0
2023-07-31,0.0,0.0,0.15833122393966836,0.0
2023-08-01,0.0,0.0,0.15833122393966836,0.0
2023-08-02,0.0,0.0,0.15833122393966836,0.0
2023-08-03,0.0,0.0,0.15833122393966836,0.0
2023-08-04,0.0,0.0,0.1756194720136584,0.0
2023-08-05,0.0,0.0,0.1756194720136584,0.0
2023-08-06,0.0,0.0,0.1756194720136584,0.0
2023-08-07,0.0,0.0,0.1756194720136584,0.0
2023-08-08,0.0,0.0,0.1756194720136584,0.0
2023-08-09,0.0,0.0,0.1756194720136584,0.0
2023-08-10,0.0,0.0,0.1756194720136584,0.0
2023-08-11,0.0,0.0,0.23311096028035969,0.0
2023-08-12,0.0,0.0,0.23311096028035969,0.0
2023-08-13,0.0,0.0,0.23311096028035969,0.0
2023-08-14,0.0,0.0,0.23311096028035969,0.0
2023-08-15,0.0,0.0,0.23311096028035969,0.0
2023-08-16,0.0,0.0,0.23311096028035969,0.0
2023-08-17,0.0,0.0,0.23311096028035969,0.0
2023-08-18,0.0,0.0,0.25067207623697174,0.0
2023-08-19,0.0,0.0,0.25067207623697174,0.0
2023-08-20,0.0,0.0,0.25067207623697174,0.0
2023-08-21,0.0,0.0,0.25067207623697174,0.0
2023-08-22,0.0,0.0,0.25067207623697174,0.0
2023-08-23,0.0,0.0,0.25067207623697174,0.0
2023-08-24,0.0,0.0,0.25067207623697174,0.0
2023-08-25,0.0,0.0,0.19297580024337174,0.0
2023-08-26,0.0,0.0,0.19297580024337174,0.0
2023-08-27,0.0,0.0,0.19297580024337174,0.0
2023-08-28,0.0,0.0,0.19297580024337174,0.0
2023-08-29,0.0,0.0,0.19297580024337174,0.0
2023-08-30,0.0,0.0,0.19297580024337174,0.0
2023-08-31,0.0,0.0,0.19297580024337174,0.0
2023-09-01,0.0,0.0,0.1547032086150343,0.0
2023-09-02,0.0,0.0,0.1547032086150343,0.0
2023-09-03,0.0,0.0,0.1547032086150343,0.0
2023-09-04,0.0,0.0,0.1547032086150343,0.0
2023-09-05,0.0,0.0,0.1547032086150343,0.0
2023-09-06,0.0,0.0,0.1547032086150343,0.0
2023-09-07,0.0,0.0,0.1547032086150343,0.0
2023-09-08,0.0,0.0,0.18619408714342917,0.0
2023-09-09,0.0,0.0,0.18619408714342917,0.0
2023-09-10,0.0,0.0,0.18619408714342917,0.0
2023-09-11,0.0,0.0,0.18619408714342917,0.0
2023-09-12,0.0,0.0,0.18619408714342917,0.0
2023-09-13,0.0,0.0,0.18619408714342917,0.0
2023-09-14,0.0,0.0,0.18619408714342917,0.0
2023-09-15,0.5,0.5,0.29325679962821544,0.0
2023-09-16,0.5,0.5,0.29325679962821544,0.0
2023-09-17,0.5,0.5,0.29325679962821544,0.0
2023-09-18,0.5,0.5,0.29325679962821544,0.0
2023-09-19,0.5,0.5,0.29325679962821544,0.0
2023-09-20,0.5,0.5,0.29325679962821544,0.0
2023-09-21,0.5,0.5,0.29325679962821544,0.0
2023-09-22,0.0,0.0,0.2830779981981688,0.0
2023-09-23,0.0,0.0,0.2830779981981688,0.0
2023-09-24,0.0,0.0,0.2830779981981688,0.0
2023-09-25,0.0,0.0,0.2830779981981688,0.0
2023-09-26,0.0,0.0,0.2830779981981688,0.0
2023-09-27,0.0,0.0,0.2830779981981688,0.0
2023-09-28,0.0,0.0,0.2830779981981688,0.0
2023-09-29,0.0,0.0,0.32002448848894344,0.0
2023-09-30,0.0,0.0,0.32002448848894344,0.0
2023-10-01,0.0,0.0,0.32002448848894344,0.0
2023-10-02,0.0,0.0,0.32002448848894344,0.0
2023-10-03,0.0,0.0,0.32002448848894344,0.0
2023-10-04,0.0,0.0,0.32002448848894344,0.0
2023-10-05,0.0,0.0,0.32002448848894344,0.0
2023-10-06,0.0,0.0,0.25757540794859257,0.0
2023-10-07,0.0,0.0,0.25757540794859257,0.0
2023-10-08,0.0,0.0,0.25757540794859257,0.0
2023-10-09,0.0,0.0,0.25757540794859257,0.0
2023-10-10,0.0,0.0,0.25757540794859257,0.0
2023-10-11,0.0,0.0,0.25757540794859257,0.0
2023-10-12,0.0,0.0,0.25757540794859257,0.0
2023-10-13,0.0,0.0,0.2538526561608232,0.0
2023-10-14,0.0,0.0,0.2538526561608232,0.0
2023-10-15,0.0,0.0,0.2538526561608232,0.0
2023-10-16,0.0,0.0,0.2538526561608232,0.0
2023-10-17,0.0,0.0,0.2538526561608232,0.0
2023-10-18,0.0,0.0,0.2538526561608232,0.0
2023-10-19,0.0,0.0,0.2538526561608232,0.0
2023-10-20,0.0,0.0,0.2668852951745385,0.0
2023-10-21,0.0,0.0,0.2668852951745385,0.0
2023-10-22,0.0,0.0,0.2668852951745385,0.0
2023-10-23,0.0,0.0,0.2668852951745385,0.0
2023-10-24,0.0,0.0,0.2668852951745385,0.0
2023-10-25,0.0,0.0,0.2668852951745385,0.0
2023-10-26,0.0,0.0,0.2668852951745385,0.0
2023-10-27,0.5,0.5,0.18394049080288827,0.0
2023-10-28,0.5,0.5,0.18394049080288827,0.0
2023-10-29,0.5,0.5,0.18394049080288827,0.0
2023-10-30,0.5,0.5,0.18394049080288827,0.0
2023-10-31,0.5,0.5,0.18394049080288827,0.0
2023-11-01,0.5,0.5,0.18394049080288827,0.0
2023-11-02,0.5,0.5,0.18394049080288827,0.0
2023-11-03,0.5,0.5,0.11851026145104641,0.0
2023-11-04,0.5,0.5,0.11851026145104641,0.0
2023-11-05,0.5,0.5,0.11851026145104641,0.0
2023-11-06,0.5,0.5,0.11851026145104641,0.0
2023-11-07,0.5,0.5,0.11851026145104641,0.0
2023-11-08,0.5,0.5,0.11851026145104641,0.0
2023-11-09,0.5,0.5,0.11851026145104641,0.0
2023-11-10,0.5,0.5,0.14243628889378307,0.0
2023-11-11,0.5,0.5,0.14243628889378307,0.0
2023-11-12,0.5,0.5,0.14243628889378307,0.0
2023-11-13,0.5,0.5,0.14243628889378307,0.0
2023-11-14,0.5,0.5,0.14243628889378307,0.0
2023-11-15,0.5,0.5,0.14243628889378307,0.0
2023-11-16,0.5,0.5,0.14243628889378307,0.0
2023-11-17,0.0,0.0,0.12746455010968952,0.0
2023-11-18,0.0,0.0,0.12746455010968952,0.0
2023-11-19,0.0,0.0,0.12746455010968952,0.0
2023-11-20,0.0,0.0,0.12746455010968952,0.0
2023-11-21,0.0,0.0,0.12746455010968952,0.0
2023-11-22,0.0,0.0,0.12746455010968952,0.0
2023-11-23,0.0,0.0,0.12746455010968952,0.0
2023-11-24,0.5,0.5,0.1538879423228437,0.0
2023-11-25,0.5,0.5,0.1538879423228437,0.0
2023-11-26,0.5,0.5,0.1538879423228437,0.0
2023-11-27,0.5,0.5,0.1538879423228437,0.0
2023-11-28,0.5,0.5,0.1538879423228437,0.0
2023-11-29,0.5,0.5,0.1538879423228437,0.0
2023-11-30,0.5,0.5,0.1538879423228437,0.0
2023-12-01,0.0,0.0,0.17279744162823338,0.0
2023-12-02,0.0,0.0,0.17279744162823338,0.0
2023-12-03,0.0,0.0,0.17279744162823338,0.0
2023-12-04,0.0,0.0,0.17279744162823338,0.0
2023-12-05,0.0,0.0,0.17279744162823338,0.0
2023-12-06,0.0,0.0,0.17279744162823338,0.0
2023-12-07,0.0,0.0,0.17279744162823338,0.0
2023-12-08,0.0,0.0,0.1926807438258144,0.0
2023-12-09,0.0,0.0,0.1926807438258144,0.0
2023-12-10,0.0,0.0,0.1926807438258144,0.0
2023-12-11,0.0,0.0,0.1926807438258144,0.0
2023-12-12,0.0,0.0,0.1926807438258144,0.0
2023-12-13,0.0,0.0,0.1926807438258144,0.0
2023-12-14,0.0,0.0,0.1926807438258144,0.0
2023-12-15,0.0,0.0,0.2019508909417565,0.0
2023-12-16,0.0,0.0,0.2019508909417565,0.0
2023-12-17,0.0,0.0,0.2019508909417565,0.0
2023-12-18,0.0,0.0,0.2019508909417565,0.0
2023-12-19,0.0,0.0,0.2019508909417565,0.0
2023-12-20,0.0,0.0,0.2019508909417565,0.0
2023-12-21,0.0,0.0,0.2019508909417565,0.0
2023-12-22,0.0,0.0,0.26294917006458146,0.0
2023-12-23,0.0,0.0,0.26294917006458146,0.0
2023-12-24,0.0,0.0,0.26294917006458146,0.0
2023-12-25,0.0,0.0,0.26294917006458146,0.0
2023-12-26,0.0,0.0,0.26294917006458146,0.0
2023-12-27,0.0,0.0,0.26294917006458146,0.0
2023-12-28,0.0,0.0,0.26294917006458146,0.0
2023-12-29,0.75,0.5,0.3182843667494775,-0.25
2023-12-30,0.75,0.5,0.3182843667494775,-0.25
2023-12-31,0.75,0.5,0.3182843667494775,-0.25
2024-01-01,0.75,0.5,0.3182843667494775,-0.25
2024-01-02,0.75,0.5,0.3182843667494775,-0.25
2024-01-03,0.75,0.5,0.3182843667494775,-0.25
2024-01-04,0.75,0.5,0.3182843667494775,-0.25
2024-01-05,0.0,0.0,0.18395670389598898,0.0
2024-01-06,0.0,0.0,0.18395670389598898,0.0
2024-01-07,0.0,0.0,0.18395670389598898,0.0
2024-01-08,0.0,0.0,0.18395670389598898,0.0
2024-01-09,0.0,0.0,0.18395670389598898,0.0
2024-01-10,0.0,0.0,0.18395670389598898,0.0
2024-01-11,0.0,0.0,0.18395670389598898,0.0
2024-01-12,0.0,0.0,0.4029556704149959,0.0
2024-01-13,0.0,0.0,0.4029556704149959,0.0
2024-01-14,0.0,0.0,0.4029556704149959,0.0
2024-01-15,0.0,0.0,0.4029556704149959,0.0
2024-01-16,0.0,0.0,0.4029556704149959,0.0
2024-01-17,0.0,0.0,0.4029556704149959,0.0
2024-01-18,0.0,0.0,0.4029556704149959,0.0
2024-01-19,0.0,0.0,0.0882052591376214,0.0
2024-01-20,0.0,0.0,0.0882052591376214,0.0
2024-01-21,0.0,0.0,0.0882052591376214,0.0
2024-01-22,0.0,0.0,0.0882052591376214,0.0
2024-01-23,0.0,0.0,0.0882052591376214,0.0
2024-01-24,0.0,0.0,0.0882052591376214,0.0
2024-01-25,0.0,0.0,0.0882052591376214,0.0
2024-01-26,0.0,0.0,0.2312687157409691,0.0
2024-01-27,0.0,0.0,0.2312687157409691,0.0
2024-01-28,0.0,0.0,0.2312687157409691,0.0
2024-01-29,0.0,0.0,0.2312687157409691,0.0
2024-01-30,0.0,0.0,0.2312687157409691,0.0
2024-01-31,0.0,0.0,0.2312687157409691,0.0
2024-02-01,0.0,0.0,0.2312687157409691,0.0
2024-02-02,0.0,0.0,0.3579059598447613,0.0
2024-02-03,0.0,0.0,0.3579059598447613,0.0
2024-02-04,0.0,0.0,0.3579059598447613,0.0
2024-02-05,0.0,0.0,0.3579059598447613,0.0
2024-02-06,0.0,0.0,0.3579059598447613,0.0
2024-02-07,0.0,0.0,0.3579059598447613,0.0
2024-02-08,0.0,0.0,0.3579059598447613,0.0
2024-02-09,0.5,0.5,0.49816388982847315,0.0
2024-02-10,0.5,0.5,0.49816388982847315,0.0
2024-02-11,0.5,0.5,0.49816388982847315,0.0
2024-02-12,0.5,0.5,0.49816388982847315,0.0
2024-02-13,0.5,0.5,0.49816388982847315,0.0
2024-02-14,0.5,0.5,0.49816388982847315,0.0
2024-02-15,0.5,0.5,0.49816388982847315,0.0
2024-02-16,0.0,0.0,0.4370457264610157,0.0
2024-02-17,0.0,0.0,0.4370457264610157,0.0
2024-02-18,0.0,0.0,0.4370457264610157,0.0
2024-02-19,0.0,0.0,0.4370457264610157,0.0
2024-02-20,0.0,0.0,0.4370457264610157,0.0
2024-02-21,0.0,0.0,0.4370457264610157,0.0
2024-02-22,0.0,0.0,0.4370457264610157,0.0
2024-02-23,0.0,0.0,0.40673861553660834,0.0
2024-02-24,0.0,0.0,0.40673861553660834,0.0
2024-02-25,0.0,0.0,0.40673861553660834,0.0
2024-02-26,0.0,0.0,0.40673861553660834,0.0
2024-02-27,0.0,0.0,0.40673861553660834,0.0
2024-02-28,0.0,0.0,0.40673861553660834,0.0
2024-02-29,0.0,0.0,0.40673861553660834,0.0
2024-03-01,0.0,0.0,0.4239760789330984,0.0
2024-03-02,0.0,0.0,0.4239760789330984,0.0
2024-03-03,0.0,0.0,0.4239760789330984,0.0
2024-03-04,0.0,0.0,0.4239760789330984,0.0
2024-03-05,0.0,0.0,0.4239760789330984,0.0
2024-03-06,0.0,0.0,0.4239760789330984,0.0
2024-03-07,0.0,0.0,0.4239760789330984,0.0
2024-03-08,0.0,0.0,0.36239947929408267,0.0
2024-03-09,0.0,0.0,0.36239947929408267,0.0
2024-03-10,0.0,0.0,0.36239947929408267,0.0
2024-03-11,0.0,0.0,0.36239947929408267,0.0
2024-03-12,0.0,0.0,0.36239947929408267,0.0
2024-03-13,0.0,0.0,0.36239947929408267,0.0
2024-03-14,0.0,0.0,0.36239947929408267,0.0
2024-03-15,0.0,0.0,0.3428637394920534,0.0
2024-03-16,0.0,0.0,0.3428637394920534,0.0
2024-03-17,0.0,0.0,0.3428637394920534,0.0
2024-03-18,0.0,0.0,0.3428637394920534,0.0
2024-03-19,0.0,0.0,0.3428637394920534,0.0
2024-03-20,0.0,0.0,0.3428637394920534,0.0
2024-03-21,0.0,0.0,0.3428637394920534,0.0
2024-03-22,0.75,0.5,0.31357316714969524,-0.25
2024-03-23,0.75,0.5,0.31357316714969524,-0.25
2024-03-24,0.75,0.5,0.31357316714969524,-0.25
2024-03-25,0.75,0.5,0.31357316714969524,-0.25
2024-03-26,0.75,0.5,0.31357316714969524,-0.25
2024-03-27,0.75,0.5,0.31357316714969524,-0.25
2024-03-28,0.75,0.5,0.31357316714969524,-0.25
2024-03-29,0.0,0.0,0.3681426918745826,0.0
2024-03-30,0.0,0.0,0.3681426918745826,0.0
2024-03-31,0.0,0.0,0.3681426918745826,0.0
2024-04-01,0.0,0.0,0.3681426918745826,0.0
2024-04-02,0.0,0.0,0.3681426918745826,0.0
2024-04-03,0.0,0.0,0.3681426918745826,0.0
2024-04-04,0.0,0.0,0.3681426918745826,0.0
2024-04-05,0.0,0.0,0.44651506635710864,0.0
2024-04-06,0.0,0.0,0.44651506635710864,0.0
2024-04-07,0.0,0.0,0.44651506635710864,0.0
2024-04-08,0.0,0.0,0.44651506635710864,0.0
2024-04-09,0.0,0.0,0.44651506635710864,0.0
2024-04-10,0.0,0.0,0.44651506635710864,0.0
2024-04-11,0.0,0.0,0.44651506635710864,0.0
2024-04-12,0.0,0.0,0.4948670898562442,0.0
2024-04-13,0.0,0.0,0.4948670898562442,0.0
2024-04-14,0.0,0.0,0.4948670898562442,0.0
2024-04-15,0.0,0.0,0.4948670898562442,0.0
2024-04-16,0.0,0.0,0.4948670898562442,0.0
2024-04-17,0.0,0.0,0.4948670898562442,0.0
2024-04-18,0.0,0.0,0.4948670898562442,0.0
2024-04-19,0.0,0.0,0.280185370696415,0.0
2024-04-20,0.0,0.0,0.280185370696415,0.0
2024-04-21,0.0,0.0,0.280185370696415,0.0
2024-04-22,0.0,0.0,0.280185370696415,0.0
2024-04-23,0.0,0.0,0.280185370696415,0.0
2024-04-24,0.0,0.0,0.280185370696415,0.0
2024-04-25,0.0,0.0,0.280185370696415,0.0
2024-04-26,0.5,0.5,0.2958136559081806,0.0
2024-04-27,0.5,0.5,0.2958136559081806,0.0
2024-04-28,0.5,0.5,0.2958136559081806,0.0
2024-04-29,0.5,0.5,0.2958136559081806,0.0
2024-04-30,0.5,0.5,0.2958136559081806,0.0
2024-05-01,0.5,0.5,0.2958136559081806,0.0
2024-05-02,0.5,0.5,0.2958136559081806,0.0
2024-05-03,0.5,0.5,0.24305856213675375,0.0
2024-05-04,0.5,0.5,0.24305856213675375,0.0
2024-05-05,0.5,0.5,0.24305856213675375,0.0
2024-05-06,0.5,0.5,0.24305856213675375,0.0
2024-05-07,0.5,0.5,0.24305856213675375,0.0
2024-05-08,0.5,0.5,0.24305856213675375,0.0
2024-05-09,0.5,0.5,0.24305856213675375,0.0
2024-05-10,0.5,0.5,0.24118146720866035,0.0
2024-05-11,0.5,0.5,0.24118146720866035,0.0
2024-05-12,0.5,0.5,0.24118146720866035,0.0
2024-05-13,0.5,0.5,0.24118146720866035,0.0
2024-05-14,0.5,0.5,0.24118146720866035,0.0
2024-05-15,0.5,0.5,0.24118146720866035,0.0
2024-05-16,0.5,0.5,0.24118146720866035,0.0
2024-05-17,0.0,0.0,0.2379595316679532,0.0
2024-05-18,0.0,0.0,0.2379595316679532,0.0
2024-05-19,0.0,0.0,0.2379595316679532,0.0
2024-05-20,0.0,0.0,0.2379595316679532,0.0
2024-05-21,0.0,0.0,0.2379595316679532,0.0
2024-05-22,0.0,0.0,0.2379595316679532,0.0
2024-05-23,0.0,0.0,0.2379595316679532,0.0
2024-05-24,0.0,0.0,0.29440580186782034,0.0
2024-05-25,0.0,0.0,0.29440580186782034,0.0
2024-05-26,0.0,0.0,0.29440580186782034,0.0
2024-05-27,0.0,0.0,0.29440580186782034,0.0
2024-05-28,0.0,0.0,0.29440580186782034,0.0
2024-05-29,0.0,0.0,0.29440580186782034,0.0
2024-05-30,0.0,0.0,0.29440580186782034,0.0
2024-05-31,0.0,0.0,0.4054886897511091,0.0
2024-06-01,0.0,0.0,0.4054886897511091,0.0
2024-06-02,0.0,0.0,0.4054886897511091,0.0
2024-06-03,0.0,0.0,0.4054886897511091,0.0
2024-06-04,0.0,0.0,0.4054886897511091,0.0
2024-06-05,0.0,0.0,0.4054886897511091,0.0
2024-06-06,0.0,0.0,0.4054886897511091,0.0
2024-06-07,0.0,0.0,0.3778466126038741,0.0
2024-06-08,0.0,0.0,0.3778466126038741,0.0
2024-06-09,0.0,0.0,0.3778466126038741,0.0
2024-06-10,0.0,0.0,0.3778466126038741,0.0
2024-06-11,0.0,0.0,0.3778466126038741,0.0
2024-06-12,0.0,0.0,0.3778466126038741,0.0
2024-06-13,0.0,0.0,0.3778466126038741,0.0
2024-06-14,0.5,0.5,0.19373336249964787,0.0
2024-06-15,0.5,0.5,0.19373336249964787,0.0
2024-06-16,0.5,0.5,0.19373336249964787,0.0
2024-06-17,0.5,0.5,0.19373336249964787,0.0
2024-06-18,0.5,0.5,0.19373336249964787,0.0
2024-06-19,0.5,0.5,0.19373336249964787,0.0
2024-06-20,0.5,0.5,0.19373336249964787,0.0
2024-06-21,0.0,0.0,0.18113267087944834,0.0
2024-06-22,0.0,0.0,0.18113267087944834,0.0
2024-06-23,0.0,0.0,0.18113267087944834,0.0
2024-06-24,0.0,0.0,0.18113267087944834,0.0
2024-06-25,0.0,0.0,0.18113267087944834,0.0
2024-06-26,0.0,0.0,0.18113267087944834,0.0
2024-06-27,0.0,0.0,0.18113267087944834,0.0
2024-06-28,0.5,0.5,0.3190946189050233,0.0
2024-06-29,0.5,0.5,0.3190946189050233,0.0
2024-06-30,0.5,0.5,0.3190946189050233,0.0
2024-07-01,0.5,0.5,0.3190946189050233,0.0
2024-07-02,0.5,0.5,0.3190946189050233,0.0
2024-07-03,0.5,0.5,0.3190946189050233,0.0
2024-07-04,0.5,0.5,0.3190946189050233,0.0
2024-07-05,0.0,0.0,0.13710201537553945,0.0
2024-07-06,0.0,0.0,0.13710201537553945,0.0
2024-07-07,0.0,0.0,0.13710201537553945,0.0
2024-07-08,0.0,0.0,0.13710201537553945,0.0
2024-07-09,0.0,0.0,0.13710201537553945,0.0
2024-07-10,0.0,0.0,0.13710201537553945,0.0
2024-07-11,0.0,0.0,0.13710201537553945,0.0
2024-07-12,0.0,0.0,0.20341612850707874,0.0
2024-07-13,0.0,0.0,0.20341612850707874,0.0
2024-07-14,0.0,0.0,0.20341612850707874,0.0
2024-07-15,0.0,0.0,0.20341612850707874,0.0
2024-07-16,0.0,0.0,0.20341612850707874,0.0
2024-07-17,0.0,0.0,0.20341612850707874,0.0
2024-07-18,0.0,0.0,0.20341612850707874,0.0
2024-07-19,0.0,0.0,0.47608686206438644,0.0
2024-07-20,0.0,0.0,0.47608686206438644,0.0
2024-07-21,0.0,0.0,0.47608686206438644,0.0
2024-07-22,0.0,0.0,0.47608686206438644,0.0
2024-07-23,0.0,0.0,0.47608686206438644,0.0
2024-07-24,0.0,0.0,0.47608686206438644,0.0
2024-07-25,0.0,0.0,0.47608686206438644,0.0
2024-07-26,0.0,0.0,0.5916114082546231,0.0
2024-07-27,0.0,0.0,0.5916114082546231,0.0
2024-07-28,0.0,0.0,0.5916114082546231,0.0
2024-07-29,0.0,0.0,0.5916114082546231,0.0
2024-07-30,0.0,0.0,0.5916114082546231,0.0
2024-07-31,0.0,0.0,0.5916114082546231,0.0
2024-08-01,0.0,0.0,0.5916114082546231,0.0
2024-08-02,0.0,0.0,0.4454833512556517,0.0
2024-08-03,0.0,0.0,0.4454833512556517,0.0
2024-08-04,0.0,0.0,0.4454833512556517,0.0
2024-08-05,0.0,0.0,0.4454833512556517,0.0
2024-08-06,0.0,0.0,0.4454833512556517,0.0
2024-08-07,0.0,0.0,0.4454833512556517,0.0
2024-08-08,0.0,0.0,0.4454833512556517,0.0
2024-08-09,0.5,0.5,0.5820048156031552,0.0
2024-08-10,0.5,0.5,0.5820048156031552,0.0
2024-08-11,0.5,0.5,0.5820048156031552,0.0
2024-08-12,0.5,0.5,0.5820048156031552,0.0
2024-08-13,0.5,0.5,0.5820048156031552,0.0
2024-08-14,0.5,0.5,0.5820048156031552,0.0
2024-08-15,0.5,0.5,0.5820048156031552,0.0
2024-08-16,1.0,1.0,0.44686925458232346,0.0
2024-08-17,1.0,1.0,0.44686925458232346,0.0
2024-08-18,1.0,1.0,0.44686925458232346,0.0
2024-08-19,1.0,1.0,0.44686925458232346,0.0
2024-08-20,1.0,1.0,0.44686925458232346,0.0
2024-08-21,1.0,1.0,0.44686925458232346,0.0
2024-08-22,1.0,1.0,0.44686925458232346,0.0
2024-08-23,0.5,0.5,0.44521647132399034,0.0
2024-08-24,0.5,0.5,0.44521647132399034,0.0
2024-08-25,0.5,0.5,0.44521647132399034,0.0
2024-08-26,0.5,0.5,0.44521647132399034,0.0
2024-08-27,0.5,0.5,0.44521647132399034,0.0
2024-08-28,0.5,0.5,0.44521647132399034,0.0
2024-08-29,0.5,0.5,0.44521647132399034,0.0
2024-08-30,0.5,0.5,0.35732174506705283,0.0
2024-08-31,0.5,0.5,0.35732174506705283,0.0
2024-09-01,0.5,0.5,0.35732174506705283,0.0
2024-09-02,0.5,0.5,0.35732174506705283,0.0
2024-09-03,0.5,0.5,0.35732174506705283,0.0
2024-09-04,0.5,0.5,0.35732174506705283,0.0
2024-09-05,0.5,0.5,0.35732174506705283,0.0
2024-09-06,0.0,0.0,0.43940046904239266,0.0
2024-09-07,0.0,0.0,0.43940046904239266,0.0
2024-09-08,0.0,0.0,0.43940046904239266,0.0
2024-09-09,0.0,0.0,0.43940046904239266,0.0
2024-09-10,0.0,0.0,0.43940046904239266,0.0
2024-09-11,0.0,0.0,0.43940046904239266,0.0
2024-09-12,0.0,0.0,0.43940046904239266,0.0
2024-09-13,0.5,0.5,0.24827191553471195,0.0
2024-09-14,0.5,0.5,0.24827191553471195,0.0
2024-09-15,0.5,0.5,0.24827191553471195,0.0
2024-09-16,0.5,0.5,0.24827191553471195,0.0
2024-09-17,0.5,0.5,0.24827191553471195,0.0
2024-09-18,0.5,0.5,0.24827191553471195,0.0
2024-09-19,0.5,0.5,0.24827191553471195,0.0
2024-09-20,0.5,0.5,0.2686064459385881,0.0
2024-09-21,0.5,0.5,0.2686064459385881,0.0
2024-09-22,0.5,0.5,0.2686064459385881,0.0
2024-09-23,0.5,0.5,0.2686064459385881,0.0
2024-09-24,0.5,0.5,0.2686064459385881,0.0
2024-09-25,0.5,0.5,0.2686064459385881,0.0
2024-09-26,0.5,0.5,0.2686064459385881,0.0
2024-09-27,1.0,0.5,0.3467635549376626,-0.5
2024-09-28,1.0,0.5,0.3467635549376626,-0.5
2024-09-29,1.0,0.5,0.3467635549376626,-0.5
2024-09-30,1.0,0.5,0.3467635549376626,-0.5
2024-10-01,1.0,0.5,0.3467635549376626,-0.5
2024-10-02,1.0,0.5,0.3467635549376626,-0.5
2024-10-03,1.0,0.5,0.3467635549376626,-0.5
2024-10-04,0.5,0.5,0.24210201383337374,0.0
2024-10-05,0.5,0.5,0.24210201383337374,0.0
2024-10-06,0.5,0.5,0.24210201383337374,0.0
2024-10-07,0.5,0.5,0.24210201383337374,0.0
2024-10-08,0.5,0.5,0.24210201383337374,0.0
2024-10-09,0.5,0.5,0.24210201383337374,0.0
2024-10-10,0.5,0.5,0.24210201383337374,0.0
2024-10-11,0.0,0.0,0.20194131992678804,0.0
2024-10-12,0.0,0.0,0.20194131992678804,0.0
2024-10-13,0.0,0.0,0.20194131992678804,0.0
2024-10-14,0.0,0.0,0.20194131992678804,0.0
2024-10-15,0.0,0.0,0.20194131992678804,0.0
2024-10-16,0.0,0.0,0.20194131992678804,0.0
2024-10-17,0.0,0.0,0.20194131992678804,0.0
2024-10-18,0.0,0.0,0.15029629800750738,0.0
2024-10-19,0.0,0.0,0.15029629800750738,0.0
2024-10-20,0.0,0.0,0.15029629800750738,0.0
2024-10-21,0.0,0.0,0.15029629800750738,0.0
2024-10-22,0.0,0.0,0.15029629800750738,0.0
2024-10-23,0.0,0.0,0.15029629800750738,0.0
2024-10-24,0.0,0.0,0.15029629800750738,0.0
2024-10-25,0.0,0.0,0.16141823026670202,0.0
2024-10-26,0.0,0.0,0.16141823026670202,0.0
2024-10-27,0.0,0.0,0.16141823026670202,0.0
2024-10-28,0.0,0.0,0.16141823026670202,0.0
2024-10-29,0.0,0.0,0.16141823026670202,0.0
2024-10-30,0.0,0.0,0.16141823026670202,0.0
2024-10-31,0.0,0.0,0.16141823026670202,0.0
2024-11-01,0.0,0.0,0.26935984168617627,0.0
2024-11-02,0.0,0.0,0.26935984168617627,0.0
2024-11-03,0.0,0.0,0.26935984168617627,0.0
2024-11-04,0.0,0.0,0.26935984168617627,0.0
2024-11-05,0.0,0.0,0.26935984168617627,0.0
2024-11-06,0.0,0.0,0.26935984168617627,0.0
2024-11-07,0.0,0.0,0.26935984168617627,0.0
2024-11-08,0.5,0.5,0.31301665533531703,0.0
2024-11-09,0.5,0.5,0.31301665533531703,0.0
2024-11-10,0.5,0.5,0.31301665533531703,0.0
2024-11-11,0.5,0.5,0.31301665533531703,0.0
2024-11-12,0.5,0.5,0.31301665533531703,0.0
2024-11-13,0.5,0.5,0.31301665533531703,0.0
2024-11-14,0.5,0.5,0.31301665533531703,0.0
2024-11-15,0.5,0.5,0.4417931350691494,0.0
2024-11-16,0.5,0.5,0.4417931350691494,0.0
2024-11-17,0.5,0.5,0.4417931350691494,0.0
2024-11-18,0.5,0.5,0.4417931350691494,0.0
2024-11-19,0.5,0.5,0.4417931350691494,0.0
2024-11-20,0.5,0.5,0.4417931350691494,0.0
2024-11-21,0.5,0.5,0.4417931350691494,0.0
2024-11-22,0.0,0.0,0.43903999031084784,0.0
2024-11-23,0.0,0.0,0.43903999031084784,0.0
2024-11-24,0.0,0.0,0.43903999031084784,0.0
2024-11-25,0.0,0.0,0.43903999031084784,0.0
2024-11-26,0.0,0.0,0.43903999031084784,0.0
2024-11-27,0.0,0.0,0.43903999031084784,0.0
2024-11-28,0.0,0.0,0.43903999031084784,0.0
2024-11-29,0.0,0.0,0.4525314200942395,0.0
2024-11-30,0.0,0.0,0.4525314200942395,0.0
2024-12-01,0.0,0.0,0.4525314200942395,0.0
2024-12-02,0.0,0.0,0.4525314200942395,0.0
2024-12-03,0.0,0.0,0.4525314200942395,0.0
2024-12-04,0.0,0.0,0.4525314200942395,0.0
2024-12-05,0.0,0.0,0.4525314200942395,0.0
2024-12-06,0.0,0.0,0.3298790727094543,0.0
2024-12-07,0.0,0.0,0.3298790727094543,0.0
2024-12-08,0.0,0.0,0.3298790727094543,0.0
2024-12-09,0.0,0.0,0.3298790727094543,0.0
2024-12-10,0.0,0.0,0.3298790727094543,0.0
2024-12-11,0.0,0.0,0.3298790727094543,0.0
2024-12-12,0.0,0.0,0.3298790727094543,0.0
2024-12-13,0.0,0.0,0.2979306569460919,0.0
2024-12-14,0.0,0.0,0.2979306569460919,0.0
2024-12-15,0.0,0.0,0.2979306569460919,0.0
2024-12-16,0.0,0.0,0.2979306569460919,0.0
2024-12-17,0.0,0.0,0.2979306569460919,0.0
2024-12-18,0.0,0.0,0.2979306569460919,0.0
2024-12-19,0.0,0.0,0.2979306569460919,0.0
2024-12-20,0.0,0.0,0.31363870518183534,0.0
2024-12-21,0.0,0.0,0.31363870518183534,0.0
2024-12-22,0.0,0.0,0.31363870518183534,0.0
2024-12-23,0.0,0.0,0.31363870518183534,0.0
2024-12-24,0.0,0.0,0.31363870518183534,0.0
2024-12-25,0.0,0.0,0.31363870518183534,0.0
2024-12-26,0.0,0.0,0.31363870518183534,0.0
2024-12-27,0.0,0.0,0.1950979888681545,0.0
2024-12-28,0.0,0.0,0.1950979888681545,0.0
2024-12-29,0.0,0.0,0.1950979888681545,0.0
2024-12-30,0.0,0.0,0.1950979888681545,0.0
2024-12-31,0.0,0.0,0.1950979888681545,0.0
2025-01-01,0.0,0.0,0.1950979888681545,0.0
2025-01-02,0.0,0.0,0.1950979888681545,0.0
2025-01-03,0.0,0.0,0.13969784986091927,0.0
2025-01-04,0.0,0.0,0.13969784986091927,0.0
2025-01-05,0.0,0.0,0.13969784986091927,0.0
2025-01-06,0.0,0.0,0.13969784986091927,0.0
2025-01-07,0.0,0.0,0.13969784986091927,0.0
2025-01-08,0.0,0.0,0.13969784986091927,0.0
2025-01-09,0.0,0.0,0.13969784986091927,0.0
2025-01-10,0.0,0.0,0.1968853325504423,0.0
2025-01-11,0.0,0.0,0.1968853325504423,0.0
2025-01-12,0.0,0.0,0.1968853325504423,0.0
2025-01-13,0.0,0.0,0.1968853325504423,0.0
2025-01-14,0.0,0.0,0.1968853325504423,0.0
2025-01-15,0.0,0.0,0.1968853325504423,0.0
2025-01-16,0.0,0.0,0.1968853325504423,0.0
2025-01-17,0.0,0.0,0.29614492654029007,0.0
2025-01-18,0.0,0.0,0.29614492654029007,0.0
2025-01-19,0.0,0.0,0.29614492654029007,0.0
2025-01-20,0.0,0.0,0.29614492654029007,0.0
2025-01-21,0.0,0.0,0.29614492654029007,0.0
2025-01-22,0.0,0.0,0.29614492654029007,0.0
2025-01-23,0.0,0.0,0.29614492654029007,0.0
2025-01-24,0.75,0.5,0.29254480064723243,-0.25
2025-01-25,0.75,0.5,0.29254480064723243,-0.25
2025-01-26,0.75,0.5,0.29254480064723243,-0.25
2025-01-27,0.75,0.5,0.29254480064723243,-0.25
2025-01-28,0.75,0.5,0.29254480064723243,-0.25
2025-01-29,0.75,0.5,0.29254480064723243,-0.25
2025-01-30,0.75,0.5,0.29254480064723243,-0.25
2025-01-31,0.5,0.5,0.2810237714315441,0.0
2025-02-01,0.5,0.5,0.2810237714315441,0.0
2025-02-02,0.5,0.5,0.2810237714315441,0.0
2025-02-03,0.5,0.5,0.2810237714315441,0.0
2025-02-04,0.5,0.5,0.2810237714315441,0.0
2025-02-05,0.5,0.5,0.2810237714315441,0.0
2025-02-06,0.5,0.5,0.2810237714315441,0.0
2025-02-07,0.5,0.5,0.26229321568696395,0.0
2025-02-08,0.5,0.5,0.26229321568696395,0.0
2025-02-09,0.5,0.5,0.26229321568696395,0.0
2025-02-10,0.5,0.5,0.26229321568696395,0.0
2025-02-11,0.5,0.5,0.26229321568696395,0.0
2025-02-12,0.5,0.5,0.26229321568696395,0.0
2025-02-13,0.5,0.5,0.26229321568696395,0.0
2025-02-14,0.0,0.0,0.23524406798794328,0.0
2025-02-15,0.0,0.0,0.23524406798794328,0.0
2025-02-16,0.0,0.0,0.23524406798794328,0.0
2025-02-17,0.0,0.0,0.23524406798794328,0.0
2025-02-18,0.0,0.0,0.23524406798794328,0.0
2025-02-19,0.0,0.0,0.23524406798794328,0.0
2025-02-20,0.0,0.0,0.23524406798794328,0.0
2025-02-21,0.0,0.0,0.14244491247953167,0.0
2025-02-22,0.0,0.0,0.14244491247953167,0.0
2025-02-23,0.0,0.0,0.14244491247953167,0.0
2025-02-24,0.0,0.0,0.14244491247953167,0.0
2025-02-25,0.0,0.0,0.14244491247953167,0.0
2025-02-26,0.0,0.0,0.14244491247953167,0.0
2025-02-27,0.0,0.0,0.14244491247953167,0.0
2025-02-28,0.0,0.0,0.11492013830083453,0.0
2025-03-01,0.0,0.0,0.11492013830083453,0.0
2025-03-02,0.0,0.0,0.11492013830083453,0.0
2025-03-03,0.0,0.0,0.11492013830083453,0.0
2025-03-04,0.0,0.0,0.11492013830083453,0.0
2025-03-05,0.0,0.0,0.11492013830083453,0.0
2025-03-06,0.0,0.0,0.11492013830083453,0.0
2025-03-07,0.5,0.5,0.29194247024869624,0.0
2025-03-08,0.5,0.5,0.29194247024869624,0.0
2025-03-09,0.5,0.5,0.29194247024869624,0.0
2025-03-10,0.5,0.5,0.29194247024869624,0.0
2025-03-11,0.5,0.5,0.29194247024869624,0.0
2025-03-12,0.5,0.5,0.29194247024869624,0.0
2025-03-13,0.5,0.5,0.29194247024869624,0.0
2025-03-14,0.5,0.5,0.40929759291146084,0.0
2025-03-15,0.5,0.5,0.40929759291146084,0.0
2025-03-16,0.5,0.5,0.40929759291146084,0.0
2025-03-17,0.5,0.5,0.40929759291146084,0.0
2025-03-18,0.5,0.5,0.40929759291146084,0.0
2025-03-19,0.5,0.5,0.40929759291146084,0.0
2025-03-20,0.5,0.5,0.40929759291146084,0.0
2025-03-21,1.0,1.0,0.4990947496214162,0.0
2025-03-22,1.0,1.0,0.4990947496214162,0.0
2025-03-23,1.0,1.0,0.4990947496214162,0.0
2025-03-24,1.0,1.0,0.4990947496214162,0.0
2025-03-25,1.0,1.0,0.4990947496214162,0.0
2025-03-26,1.0,1.0,0.4990947496214162,0.0
2025-03-27,1.0,1.0,0.4990947496214162,0.0
2025-03-28,0.5,0.5,0.30036266636534953,0.0
2025-03-29,0.5,0.5,0.30036266636534953,0.0
2025-03-30,0.5,0.5,0.30036266636534953,0.0
2025-03-31,0.5,0.5,0.30036266636534953,0.0
2025-04-01,0.5,0.5,0.30036266636534953,0.0
2025-04-02,0.5,0.5,0.30036266636534953,0.0
2025-04-03,0.5,0.5,0.30036266636534953,0.0
2025-04-04,0.5,0.5,0.14082067861869405,0.0
2025-04-05,0.5,0.5,0.14082067861869405,0.0
2025-04-06,0.5,0.5,0.14082067861869405,0.0
2025-04-07,0.5,0.5,0.14082067861869405,0.0
2025-04-08,0.5,0.5,0.14082067861869405,0.0
2025-04-09,0.5,0.5,0.14082067861869405,0.0
2025-04-10,0.5,0.5,0.14082067861869405,0.0
2025-04-11,1.0,1.0,0.5445533684391498,0.0
2025-04-12,1.0,1.0,0.5445533684391498,0.0
2025-04-13,1.0,1.0,0.5445533684391498,0.0
2025-04-14,1.0,1.0,0.5445533684391498,0.0
2025-04-15,1.0,1.0,0.5445533684391498,0.0
2025-04-16,1.0,1.0,0.5445533684391498,0.0
2025-04-17,1.0,1.0,0.5445533684391498,0.0
2025-04-18,1.0,1.0,0.6220676678690503,0.0
2025-04-19,1.0,1.0,0.6220676678690503,0.0
2025-04-20,1.0,1.0,0.6220676678690503,0.0
2025-04-21,1.0,1.0,0.6220676678690503,0.0
2025-04-22,1.0,1.0,0.6220676678690503,0.0
2025-04-23,1.0,1.0,0.6220676678690503,0.0
2025-04-24,1.0,1.0,0.6220676678690503,0.0
2025-04-25,1.0,1.0,0.5817537296293134,0.0
2025-04-26,1.0,1.0,0.5817537296293134,0.0
2025-04-27,1.0,1.0,0.5817537296293134,0.0
2025-04-28,1.0,1.0,0.5817537296293134,0.0
2025-04-29,1.0,1.0,0.5817537296293134,0.0
2025-04-30,1.0,1.0,0.5817537296293134,0.0
2025-05-01,1.0,1.0,0.5817537296293134,0.0
2025-05-02,1.0,0.5,0.37696377820726956,-0.5
2025-05-03,1.0,0.5,0.37696377820726956,-0.5
2025-05-04,1.0,0.5,0.37696377820726956,-0.5
2025-05-05,1.0,0.5,0.37696377820726956,-0.5
2025-05-06,1.0,0.5,0.37696377820726956,-0.5
2025-05-07,1.0,0.5,0.37696377820726956,-0.5
2025-05-08,1.0,0.5,0.37696377820726956,-0.5
2025-05-09,1.0,0.5,0.3119420725000273,-0.5
2025-05-10,1.0,0.5,0.3119420725000273,-0.5
2025-05-11,1.0,0.5,0.3119420725000273,-0.5
2025-05-12,1.0,0.5,0.3119420725000273,-0.5
2025-05-13,1.0,0.5,0.3119420725000273,-0.5
2025-05-14,1.0,0.5,0.3119420725000273,-0.5
2025-05-15,1.0,0.5,0.3119420725000273,-0.5
2025-05-16,0.5,0.5,0.13871544192920218,0.0
2025-05-17,0.5,0.5,0.13871544192920218,0.0
2025-05-18,0.5,0.5,0.13871544192920218,0.0
2025-05-19,0.5,0.5,0.13871544192920218,0.0
2025-05-20,0.5,0.5,0.13871544192920218,0.0
2025-05-21,0.5,0.5,0.13871544192920218,0.0
2025-05-22,0.5,0.5,0.13871544192920218,0.0
2025-05-23,1.0,0.5,0.1780246327110266,-0.5
2025-05-24,1.0,0.5,0.1780246327110266,-0.5
2025-05-25,1.0,0.5,0.1780246327110266,-0.5
2025-05-26,1.0,0.5,0.1780246327110266,-0.5
2025-05-27,1.0,0.5,0.1780246327110266,-0.5
2025-05-28,1.0,0.5,0.1780246327110266,-0.5
2025-05-29,1.0,0.5,0.1780246327110266,-0.5
2025-05-30,1.0,0.5,0.13019736503428078,-0.5
2025-05-31,1.0,0.5,0.13019736503428078,-0.5
2025-06-01,1.0,0.5,0.13019736503428078,-0.5
2025-06-02,1.0,0.5,0.13019736503428078,-0.5
2025-06-03,1.0,0.5,0.13019736503428078,-0.5
2025-06-04,1.0,0.5,0.13019736503428078,-0.5
2025-06-05,1.0,0.5,0.13019736503428078,-0.5
2025-06-06,0.25,0.0,0.1474779761667552,-0.25
2025-06-07,0.25,0.0,0.1474779761667552,-0.25
2025-06-08,0.25,0.0,0.1474779761667552,-0.25
2025-06-09,0.25,0.0,0.1474779761667552,-0.25
2025-06-10,0.25,0.0,0.1474779761667552,-0.25
2025-06-11,0.25,0.0,0.1474779761667552,-0.25
2025-06-12,0.25,0.0,0.1474779761667552,-0.25
2025-06-13,0.0,0.0,0.39829081872288863,0.0
2025-06-14,0.0,0.0,0.39829081872288863,0.0
2025-06-15,0.0,0.0,0.39829081872288863,0.0
2025-06-16,0.0,0.0,0.39829081872288863,0.0
2025-06-17,0.0,0.0,0.39829081872288863,0.0
2025-06-18,0.0,0.0,0.39829081872288863,0.0
2025-06-19,0.0,0.0,0.39829081872288863,0.0
2025-06-20,0.0,0.0,0.19333310854154695,0.0
2025-06-21,0.0,0.0,0.19333310854154695,0.0
2025-06-22,0.0,0.0,0.19333310854154695,0.0
2025-06-23,0.0,0.0,0.19333310854154695,0.0
2025-06-24,0.0,0.0,0.19333310854154695,0.0
2025-06-25,0.0,0.0,0.19333310854154695,0.0
2025-06-26,0.0,0.0,0.19333310854154695,0.0
2025-06-27,0.5,0.5,0.19543785025459098,0.0
2025-06-28,0.5,0.5,0.19543785025459098,0.0
2025-06-29,0.5,0.5,0.19543785025459098,0.0
2025-06-30,0.5,0.5,0.19543785025459098,0.0
2025-07-01,0.5,0.5,0.19543785025459098,0.0
2025-07-02,0.5,0.5,0.19543785025459098,0.0
2025-07-03,0.5,0.5,0.19543785025459098,0.0
2025-07-04,0.0,0.0,0.30180816053020176,0.0
2025-07-05,0.0,0.0,0.30180816053020176,0.0
2025-07-06,0.0,0.0,0.30180816053020176,0.0
2025-07-07,0.0,0.0,0.30180816053020176,0.0
2025-07-08,0.0,0.0,0.30180816053020176,0.0
2025-07-09,0.0,0.0,0.30180816053020176,0.0
2025-07-10,0.0,0.0,0.30180816053020176,0.0
2025-07-11,0.5,0.5,0.35047657218091754,0.0
2025-07-12,0.5,0.5,0.35047657218091754,0.0
2025-07-13,0.5,0.5,0.35047657218091754,0.0
2025-07-14,0.5,0.5,0.35047657218091754,0.0
2025-07-15,0.5,0.5,0.35047657218091754,0.0
2025-07-16,0.5,0.5,0.35047657218091754,0.0
2025-07-17,0.5,0.5,0.35047657218091754,0.0
2025-07-18,0.0,0.0,0.17473665848807224,0.0
2025-07-19,0.0,0.0,0.17473665848807224,0.0
2025-07-20,0.0,0.0,0.17473665848807224,0.0
2025-07-21,0.0,0.0,0.17473665848807224,0.0
2025-07-22,0.0,0.0,0.17473665848807224,0.0
2025-07-23,0.0,0.0,0.17473665848807224,0.0
2025-07-24,0.0,0.0,0.17473665848807224,0.0
2025-07-25,0.0,0.0,0.19760159778308856,0.0
2025-07-26,0.0,0.0,0.19760159778308856,0.0
2025-07-27,0.0,0.0,0.19760159778308856,0.0
2025-07-28,0.0,0.0,0.19760159778308856,0.0
2025-07-29,0.0,0.0,0.19760159778308856,0.0
2025-07-30,0.0,0.0,0.19760159778308856,0.0
2025-07-31,0.0,0.0,0.19760159778308856,0.0
2025-08-01,0.0,0.0,0.20626874723518265,0.0
2025-08-02,0.0,0.0,0.20626874723518265,0.0
2025-08-03,0.0,0.0,0.20626874723518265,0.0
2025-08-04,0.0,0.0,0.20626874723518265,0.0
2025-08-05,0.0,0.0,0.20626874723518265,0.0
2025-08-06,0.0,0.0,0.20626874723518265,0.0
2025-08-07,0.0,0.0,0.20626874723518265,0.0
2025-08-08,0.0,0.0,0.1427963332260243,0.0
2025-08-09,0.0,0.0,0.1427963332260243,0.0
2025-08-10,0.0,0.0,0.1427963332260243,0.0
2025-08-11,0.0,0.0,0.1427963332260243,0.0
2025-08-12,0.0,0.0,0.1427963332260243,0.0
2025-08-13,0.0,0.0,0.1427963332260243,0.0
2025-08-14,0.0,0.0,0.1427963332260243,0.0
2025-08-15,0.5,0.5,0.3415745414168551,0.0
2025-08-16,0.5,0.5,0.3415745414168551,0.0
2025-08-17,0.5,0.5,0.3415745414168551,0.0
2025-08-18,0.5,0.5,0.3415745414168551,0.0
2025-08-19,0.5,0.5,0.3415745414168551,0.0
2025-08-20,0.5,0.5,0.3415745414168551,0.0
2025-08-21,0.5,0.5,0.3415745414168551,0.0
2025-08-22,0.0,0.0,0.13885788310712502,0.0
2025-08-23,0.0,0.0,0.13885788310712502,0.0
2025-08-24,0.0,0.0,0.13885788310712502,0.0
2025-08-25,0.0,0.0,0.13885788310712502,0.0
2025-08-26,0.0,0.0,0.13885788310712502,0.0
2025-08-27,0.0,0.0,0.13885788310712502,0.0
2025-08-28,0.0,0.0,0.13885788310712502,0.0
2025-08-29,0.0,0.0,0.21516428032589907,0.0
2025-08-30,0.0,0.0,0.21516428032589907,0.0
2025-08-31,0.0,0.0,0.21516428032589907,0.0
2025-09-01,0.0,0.0,0.21516428032589907,0.0
2025-09-02,0.0,0.0,0.21516428032589907,0.0
2025-09-03,0.0,0.0,0.21516428032589907,0.0
2025-09-04,0.0,0.0,0.21516428032589907,0.0
2025-09-05,0.0,0.0,0.2424383460927923,0.0
2025-09-06,0.0,0.0,0.2424383460927923,0.0
2025-09-07,0.0,0.0,0.2424383460927923,0.0
2025-09-08,0.0,0.0,0.2424383460927923,0.0
2025-09-09,0.0,0.0,0.2424383460927923,0.0
2025-09-10,0.0,0.0,0.2424383460927923,0.0
2025-09-11,0.0,0.0,0.2424383460927923,0.0
2025-09-12,0.5,0.5,0.34018570581517993,0.0
2025-09-13,0.5,0.5,0.34018570581517993,0.0
2025-09-14,0.5,0.5,0.34018570581517993,0.0
2025-09-15,0.5,0.5,0.34018570581517993,0.0
2025-09-16,0.5,0.5,0.34018570581517993,0.0
2025-09-17,0.5,0.5,0.34018570581517993,0.0
2025-09-18,0.5,0.5,0.34018570581517993,0.0
2025-09-19,0.0,0.0,0.3529821967436476,0.0
2025-09-20,0.0,0.0,0.3529821967436476,0.0
2025-09-21,0.0,0.0,0.3529821967436476,0.0
2025-09-22,0.0,0.0,0.3529821967436476,0.0
2025-09-23,0.0,0.0,0.3529821967436476,0.0
2025-09-24,0.0,0.0,0.3529821967436476,0.0
2025-09-25,0.0,0.0,0.3529821967436476,0.0
2025-09-26,0.0,0.0,0.14507116498609504,0.0
2025-09-27,0.0,0.0,0.14507116498609504,0.0
2025-09-28,0.0,0.0,0.14507116498609504,0.0
2025-09-29,0.0,0.0,0.14507116498609504,0.0
2025-09-30,0.0,0.0,0.14507116498609504,0.0
2025-10-01,0.0,0.0,0.14507116498609504,0.0
2025-10-02,0.0,0.0,0.14507116498609504,0.0
2025-10-03,0.0,0.0,0.5330766417867386,0.0
2025-10-04,0.0,0.0,0.5330766417867386,0.0
2025-10-05,0.0,0.0,0.5330766417867386,0.0
2025-10-06,0.0,0.0,0.5330766417867386,0.0
2025-10-07,0.0,0.0,0.5330766417867386,0.0
2025-10-08,0.0,0.0,0.5330766417867386,0.0
2025-10-09,0.0,0.0,0.5330766417867386,0.0
2025-10-10,0.0,0.0,0.36063685846512633,0.0
2025-10-11,0.0,0.0,0.36063685846512633,0.0
2025-10-12,0.0,0.0,0.36063685846512633,0.0
2025-10-13,0.0,0.0,0.36063685846512633,0.0
2025-10-14,0.0,0.0,0.36063685846512633,0.0
2025-10-15,0.0,0.0,0.36063685846512633,0.0
2025-10-16,0.0,0.0,0.36063685846512633,0.0
2025-10-17,0.5,0.5,0.38681157880925526,0.0
2025-10-18,0.5,0.5,0.38681157880925526,0.0
2025-10-19,0.5,0.5,0.38681157880925526,0.0
2025-10-20,0.5,0.5,0.38681157880925526,0.0
2025-10-21,0.5,0.5,0.38681157880925526,0.0
2025-10-22,0.5,0.5,0.38681157880925526,0.0
2025-10-23,0.5,0.5,0.38681157880925526,0.0
2025-10-24,0.0,0.0,0.38022823498797487,0.0
2025-10-25,0.0,0.0,0.38022823498797487,0.0
2025-10-26,0.0,0.0,0.38022823498797487,0.0
2025-10-27,0.0,0.0,0.38022823498797487,0.0
2025-10-28,0.0,0.0,0.38022823498797487,0.0
2025-10-29,0.0,0.0,0.38022823498797487,0.0
2025-10-30,0.0,0.0,0.38022823498797487,0.0
2025-10-31,0.0,0.0,0.341484034963316,0.0
2025-11-01,0.0,0.0,0.341484034963316,0.0
2025-11-02,0.0,0.0,0.341484034963316,0.0
2025-11-03,0.0,0.0,0.341484034963316,0.0
2025-11-04,0.0,0.0,0.341484034963316,0.0
2025-11-05,0.0,0.0,0.341484034963316,0.0
2025-11-06,0.0,0.0,0.341484034963316,0.0
2025-11-07,0.0,0.0,0.1425688919667327,0.0
2025-11-08,0.0,0.0,0.1425688919667327,0.0
2025-11-09,0.0,0.0,0.1425688919667327,0.0
2025-11-10,0.0,0.0,0.1425688919667327,0.0
2025-11-11,0.0,0.0,0.1425688919667327,0.0
2025-11-12,0.0,0.0,0.1425688919667327,0.0
2025-11-13,0.0,0.0,0.1425688919667327,0.0
2025-11-14,0.0,0.0,0.19223369344143637,0.0
2025-11-15,0.0,0.0,0.19223369344143637,0.0
2025-11-16,0.0,0.0,0.19223369344143637,0.0
2025-11-17,0.0,0.0,0.19223369344143637,0.0
2025-11-18,0.0,0.0,0.19223369344143637,0.0
2025-11-19,0.0,0.0,0.19223369344143637,0.0
2025-11-20,0.0,0.0,0.19223369344143637,0.0
2025-11-21,0.0,0.0,0.20122637192616044,0.0
2025-11-22,0.0,0.0,0.20122637192616044,0.0
2025-11-23,0.0,0.0,0.20122637192616044,0.0
2025-11-24,0.0,0.0,0.20122637192616044,0.0
2025-11-25,0.0,0.0,0.20122637192616044,0.0
2025-11-26,0.0,0.0,0.20122637192616044,0.0
2025-11-27,0.0,0.0,0.20122637192616044,0.0
2025-11-28,0.0,0.0,0.19513985304170298,0.0
2025-11-29,0.0,0.0,0.19513985304170298,0.0
2025-11-30,0.0,0.0,0.19513985304170298,0.0
2025-12-01,0.0,0.0,0.19513985304170298,0.0
2025-12-02,0.0,0.0,0.19513985304170298,0.0
2025-12-03,0.0,0.0,0.19513985304170298,0.0
2025-12-04,0.0,0.0,0.19513985304170298,0.0
2025-12-05,0.5,0.5,0.14259935516187278,0.0
2025-12-06,0.5,0.5,0.14259935516187278,0.0
2025-12-07,0.5,0.5,0.14259935516187278,0.0
2025-12-08,0.5,0.5,0.14259935516187278,0.0
2025-12-09,0.5,0.5,0.14259935516187278,0.0
2025-12-10,0.5,0.5,0.14259935516187278,0.0
2025-12-11,0.5,0.5,0.14259935516187278,0.0
2025-12-12,0.5,0.5,0.2562045454095107,0.0
2025-12-13,0.5,0.5,0.2562045454095107,0.0
2025-12-14,0.5,0.5,0.2562045454095107,0.0
2025-12-15,0.5,0.5,0.2562045454095107,0.0
2025-12-16,0.5,0.5,0.2562045454095107,0.0
2025-12-17,0.5,0.5,0.2562045454095107,0.0
2025-12-18,0.5,0.5,0.2562045454095107,0.0
2025-12-19,0.0,0.0,0.2705018403762923,0.0
2025-12-20,0.0,0.0,0.2705018403762923,0.0
2025-12-21,0.0,0.0,0.2705018403762923,0.0
2025-12-22,0.0,0.0,0.2705018403762923,0.0
2025-12-23,0.0,0.0,0.2705018403762923,0.0
2025-12-24,0.0,0.0,0.2705018403762923,0.0
2025-12-25,0.0,0.0,0.2705018403762923,0.0
2025-12-26,0.0,0.0,0.2123693048015265,0.0
2025-12-27,0.0,0.0,0.2123693048015265,0.0
2025-12-28,0.0,0.0,0.2123693048015265,0.0
2025-12-29,0.0,0.0,0.2123693048015265,0.0
2025-12-30,0.0,0.0,0.2123693048015265,0.0
2025-12-31,0.0,0.0,0.2123693048015265,0.0
2026-01-01,0.0,0.0,0.2123693048015265,0.0
2026-01-02,0.0,0.0,0.16633997694164127,0.0
2026-01-03,0.0,0.0,0.16633997694164127,0.0
2026-01-04,0.0,0.0,0.16633997694164127,0.0
2026-01-05,0.0,0.0,0.16633997694164127,0.0
2026-01-06,0.0,0.0,0.16633997694164127,0.0
2026-01-07,0.0,0.0,0.16633997694164127,0.0
2026-01-08,0.0,0.0,0.16633997694164127,0.0
2026-01-09,0.0,0.0,0.31199278422794147,0.0
2026-01-10,0.0,0.0,0.31199278422794147,0.0
2026-01-11,0.0,0.0,0.31199278422794147,0.0
2026-01-12,0.0,0.0,0.31199278422794147,0.0
2026-01-13,0.0,0.0,0.31199278422794147,0.0
2026-01-14,0.0,0.0,0.31199278422794147,0.0
2026-01-15,0.0,0.0,0.31199278422794147,0.0
2026-01-16,0.0,0.0,0.1681843231266853,0.0
2026-01-17,0.0,0.0,0.1681843231266853,0.0
2026-01-18,0.0,0.0,0.1681843231266853,0.0
2026-01-19,0.0,0.0,0.1681843231266853,0.0
2026-01-20,0.0,0.0,0.1681843231266853,0.0
2026-01-21,0.0,0.0,0.1681843231266853,0.0
2026-01-22,0.0,0.0,0.1681843231266853,0.0
2026-01-23,0.0,0.0,0.1691282023655048,0.0
2026-01-24,0.0,0.0,0.1691282023655048,0.0
2026-01-25,0.0,0.0,0.1691282023655048,0.0
2026-01-26,0.0,0.0,0.1691282023655048,0.0
2026-01-27,0.0,0.0,0.1691282023655048,0.0
2026-01-28,0.0,0.0,0.1691282023655048,0.0
2026-01-29,0.0,0.0,0.1691282023655048,0.0
2026-01-30,0.0,0.0,0.30607933850272856,0.0
2026-01-31,0.0,0.0,0.30607933850272856,0.0
2026-02-01,0.0,0.0,0.30607933850272856,0.0
2026-02-02,0.0,0.0,0.30607933850272856,0.0
2026-02-03,0.0,0.0,0.30607933850272856,0.0
2026-02-04,0.0,0.0,0.30607933850272856,0.0
2026-02-05,0.0,0.0,0.30607933850272856,0.0
2026-02-06,0.0,0.0,0.12408302928692223,0.0
2026-02-07,0.0,0.0,0.12408302928692223,0.0
2026-02-08,0.0,0.0,0.12408302928692223,0.0
2026-02-09,0.0,0.0,0.12408302928692223,0.0
2026-02-10,0.0,0.0,0.12408302928692223,0.0
2026-02-11,0.0,0.0,0.12408302928692223,0.0
2026-02-12,0.0,0.0,0.12408302928692223,0.0
2026-02-13,0.5,0.5,0.5213942440201331,0.0
2026-02-14,0.5,0.5,0.5213942440201331,0.0
2026-02-15,0.5,0.5,0.5213942440201331,0.0
2026-02-16,0.5,0.5,0.5213942440201331,0.0
2026-02-17,0.5,0.5,0.5213942440201331,0.0
2026-02-18,0.5,0.5,0.5213942440201331,0.0
2026-02-19,0.5,0.5,0.5213942440201331,0.0
2026-02-20,1.0,0.5,0.3727303630313451,-0.5
2026-02-21,1.0,0.5,0.3727303630313451,-0.5
2026-02-22,1.0,0.5,0.3727303630313451,-0.5
2026-02-23,1.0,0.5,0.3727303630313451,-0.5
2026-02-24,1.0,0.5,0.3727303630313451,-0.5
2026-02-25,1.0,0.5,0.3727303630313451,-0.5
2026-02-26,1.0,0.5,0.3727303630313451,-0.5
2026-02-27,1.0,0.5,0.3849248826570844,-0.5
2026-02-28,1.0,0.5,0.3849248826570844,-0.5
2026-03-01,1.0,0.5,0.3849248826570844,-0.5
2026-03-02,1.0,0.5,0.3849248826570844,-0.5
2026-03-03,1.0,0.5,0.3849248826570844,-0.5
2026-03-04,1.0,0.5,0.3849248826570844,-0.5
2026-03-05,1.0,0.5,0.3849248826570844,-0.5
2026-03-06,0.25,0.0,0.21928942749314329,-0.25
2026-03-07,0.25,0.0,0.21928942749314329,-0.25
2026-03-08,0.25,0.0,0.21928942749314329,-0.25
2026-03-09,0.25,0.0,0.21928942749314329,-0.25
2026-03-10,0.25,0.0,0.21928942749314329,-0.25
2026-03-11,0.25,0.0,0.21928942749314329,-0.25
2026-03-12,0.25,0.0,0.21928942749314329,-0.25
2026-03-13,0.5,0.5,0.182413367330797,0.0
2026-03-14,0.5,0.5,0.182413367330797,0.0
2026-03-15,0.5,0.5,0.182413367330797,0.0
2026-03-16,0.5,0.5,0.182413367330797,0.0
2026-03-17,0.5,0.5,0.182413367330797,0.0
2026-03-18,0.5,0.5,0.182413367330797,0.0
2026-03-19,0.5,0.5,0.182413367330797,0.0
2026-03-20,0.5,0.5,0.46137558823286107,0.0
2026-03-21,0.5,0.5,0.46137558823286107,0.0
2026-03-22,0.5,0.5,0.46137558823286107,0.0
2026-03-23,0.5,0.5,0.46137558823286107,0.0
2026-03-24,0.5,0.5,0.46137558823286107,0.0
2026-03-25,0.5,0.5,0.46137558823286107,0.0
2026-03-26,0.5,0.5,0.46137558823286107,0.0
2026-03-27,0.5,0.5,0.4732983562036089,0.0
2026-03-28,0.5,0.5,0.4732983562036089,0.0
2026-03-29,0.5,0.5,0.4732983562036089,0.0
2026-03-30,0.5,0.5,0.4732983562036089,0.0
2026-03-31,0.5,0.5,0.4732983562036089,0.0
2026-04-01,0.5,0.5,0.4732983562036089,0.0
2026-04-02,0.5,0.5,0.4732983562036089,0.0
2026-04-03,1.0,0.5,0.24432540805218053,-0.5
2026-04-04,1.0,0.5,0.24432540805218053,-0.5
2026-04-05,1.0,0.5,0.24432540805218053,-0.5
2026-04-06,1.0,0.5,0.24432540805218053,-0.5
2026-04-07,1.0,0.5,0.24432540805218053,-0.5
2026-04-08,1.0,0.5,0.24432540805218053,-0.5
2026-04-09,1.0,0.5,0.24432540805218053,-0.5
2026-04-10,0.5,0.5,0.2900297738785769,0.0
2026-04-11,0.5,0.5,0.2900297738785769,0.0
2026-04-12,0.5,0.5,0.2900297738785769,0.0
2026-04-13,0.5,0.5,0.2900297738785769,0.0
2026-04-14,0.5,0.5,0.2900297738785769,0.0
2026-04-15,0.5,0.5,0.2900297738785769,0.0
2026-04-16,0.5,0.5,0.2900297738785769,0.0
2026-04-17,0.5,0.5,0.32504353095585503,0.0
2026-04-18,0.5,0.5,0.32504353095585503,0.0
2026-04-19,0.5,0.5,0.32504353095585503,0.0
2026-04-20,0.5,0.5,0.32504353095585503,0.0
2026-04-21,0.5,0.5,0.32504353095585503,0.0
2026-04-22,0.5,0.5,0.32504353095585503,0.0
2026-04-23,0.5,0.5,0.32504353095585503,0.0
2026-04-24,0.0,0.0,0.23869478411695955,0.0
2026-04-25,0.0,0.0,0.23869478411695955,0.0
2026-04-26,0.0,0.0,0.23869478411695955,0.0
2026-04-27,0.0,0.0,0.23869478411695955,0.0
2026-04-28,0.0,0.0,0.23869478411695955,0.0
2026-04-29,0.0,0.0,0.23869478411695955,0.0
2026-04-30,0.0,0.0,0.23869478411695955,0.0
2026-05-01,0.0,0.0,0.29595610099133396,0.0
2026-05-02,0.0,0.0,0.29595610099133396,0.0
2026-05-03,0.0,0.0,0.29595610099133396,0.0
2026-05-04,0.0,0.0,0.29595610099133396,0.0
2026-05-05,0.0,0.0,0.29595610099133396,0.0
2026-05-06,0.0,0.0,0.29595610099133396,0.0
2026-05-07,0.0,0.0,0.29595610099133396,0.0
2026-05-08,0.0,0.0,0.24467815128041756,0.0
2026-05-09,0.0,0.0,0.24467815128041756,0.0
2026-05-10,0.0,0.0,0.24467815128041756,0.0
2026-05-11,0.0,0.0,0.24467815128041756,0.0
2026-05-12,0.0,0.0,0.24467815128041756,0.0
2026-05-13,0.0,0.0,0.24467815128041756,0.0
2026-05-14,0.0,0.0,0.24467815128041756,0.0
2026-05-15,0.0,0.0,0.21893304918052178,0.0
2026-05-16,0.0,0.0,0.21893304918052178,0.0
2026-05-17,0.0,0.0,0.21893304918052178,0.0
2026-05-18,0.0,0.0,0.21893304918052178,0.0
2026-05-19,0.0,0.0,0.21893304918052178,0.0
2026-05-20,0.0,0.0,0.21893304918052178,0.0
2026-05-21,0.0,0.0,0.21893304918052178,0.0
2026-05-22,0.0,0.0,0.16909553036280517,0.0
2026-05-23,0.0,0.0,0.16909553036280517,0.0
2026-05-24,0.0,0.0,0.16909553036280517,0.0
2026-05-25,0.0,0.0,0.16909553036280517,0.0
2026-05-26,0.0,0.0,0.16909553036280517,0.0
2026-05-27,0.0,0.0,0.16909553036280517,0.0
2026-05-28,0.0,0.0,0.16909553036280517,0.0
2026-05-29,0.0,0.0,0.16909553036280517,0.0
2026-05-30,0.0,0.0,0.16909553036280517,0.0
2026-05-31,0.0,0.0,0.16909553036280517,0.0
2026-06-01,0.0,0.0,0.16909553036280517,0.0
2026-06-02,0.0,0.0,0.16909553036280517,0.0
2026-06-03,0.0,0.0,0.16909553036280517,0.0
2026-06-04,0.0,0.0,0.16909553036280517,0.0
2026-06-05,0.0,0.0,0.16909553036280517,0.0
2026-06-06,0.0,0.0,0.16909553036280517,0.0
2026-06-07,0.0,0.0,0.16909553036280517,0.0
2026-06-08,0.0,0.0,0.16909553036280517,0.0
2026-06-09,0.0,0.0,0.16909553036280517,0.0
2026-06-10,0.0,0.0,0.16909553036280517,0.0
2026-06-11,0.0,0.0,0.16909553036280517,0.0
2026-06-12,0.0,0.0,0.16909553036280517,0.0
2026-06-13,0.0,0.0,0.16909553036280517,0.0
2026-06-14,0.0,0.0,0.16909553036280517,0.0
2026-06-15,0.0,0.0,0.16909553036280517,0.0
2026-06-16,0.0,0.0,0.16909553036280517,0.0
2026-06-17,0.0,0.0,0.16909553036280517,0.0
2026-06-18,0.0,0.0,0.16909553036280517,0.0
2026-06-19,0.0,0.0,0.16909553036280517,0.0
2026-06-20,0.0,0.0,0.16909553036280517,0.0
2026-06-21,0.0,0.0,0.16909553036280517,0.0
2026-06-22,0.0,0.0,0.16909553036280517,0.0
