candidate,family,portfolio,mechanism,rebalance_days,development_score,cpcv_median_sharpe,cpcv_worst_fold_sharpe,cpcv_best_fold_sharpe,positive_fold_percentage,development_sharpe,development_cagr,development_max_drawdown,development_turnover,development_exposure,development_cash,drawdown_improvement_vs_frozen,exposure_score,turnover_score,simplicity_score,train_cpcv_sharpe_gap
frozen_dd_10_reduce_50_r14,Family E: Frozen macro allocation plus drawdown-control overlay,frozen,drawdown_brake,14,0.6347523977477038,0.5597247348743584,-0.6013929238342146,2.0445947850234396,0.7333333333333333,0.8838727140236847,0.24287322516042353,-0.49421197166901776,4.546586945690084,0.2929745889387145,0.7070254110612855,0.24667207705584937,0.7954118626764366,1.0,0.7979999999999999,0.32414797914932636
btc_macro_trend_vol_40_r7,Family A: BTC-only macro trend with drawdown control,btc,vol_target,7,0.6117268342773622,1.220616253752503,-0.5761946690675248,2.341162609616725,0.7333333333333333,1.1434525197154641,0.25986640338627653,-0.3675994739268045,5.310650057047862,0.1706469595000711,0.8293530404999289,0.37328457479806265,0.4622661815028836,1.0,0.81,-0.0771637340370388
btc_macro_trend_vol_30_r7,Family A: BTC-only macro trend with drawdown control,btc,vol_target,7,0.6074156441493247,1.2759827117815459,-0.5737933361836856,2.315477834374755,0.7333333333333333,1.2114197856908198,0.21510217608615512,-0.28251914893067887,4.23045777670756,0.1303550503835475,0.8696449496164524,0.45836489979418826,0.35311927945832167,1.0,0.81,-0.06456292609072611
btc_macro_trend_dd_10_reduce_50_r7,Family A: BTC-only macro trend with drawdown control,btc,drawdown_brake,7,0.6022937117263863,1.1578004879473522,-0.6053954741723417,1.8251188926248292,0.8,1.1458512982569895,0.26812461771704754,-0.34287846112714104,6.001494768310911,0.17438963627304435,0.8256103637269556,0.3980055875977261,0.4767404991620239,1.0,0.792,-0.011949189690362738
btc_macro_trend_vol_50_r7,Family A: BTC-only macro trend with drawdown control,btc,vol_target,7,0.6005598506210023,1.126976242302025,-0.5687550897221737,2.315101732124411,0.7333333333333333,1.0626483908588926,0.2824199336003095,-0.45686366827993796,6.08879783994691,0.20173721432490183,0.7982627856750981,0.28402038044492917,0.5466913891008919,1.0,0.81,-0.06432785144313247
btc_macro_trend_vol_20_r7,Family A: BTC-only macro trend with drawdown control,btc,vol_target,7,0.5970515330003209,1.2851710223674293,-0.5711147561450249,2.3268756025054955,0.8,1.2320629299841241,0.14752636710694556,-0.19296215372207604,2.873412585809929,0.08754512885861496,0.912454871141385,0.5479218950027911,0.2371513242615552,1.0,0.81,-0.05310809238330516
btc_macro_trend_static_70_m2_r7,Family A: BTC-only macro trend with drawdown control,btc,portfolio_insurance,7,0.5955697306990765,1.1389097958461436,-0.5520850070337618,1.9813335790282538,0.7333333333333333,1.0267009278384864,0.27407143714292337,-0.4272182919660372,6.41402287944922,0.17749095517508748,0.8225090448249125,0.3136657567588299,0.48955354939052115,1.0,0.7020000000000001,-0.11220886800765717
btc_macro_trend_static_75_m2_r7,Family A: BTC-only macro trend with drawdown control,btc,portfolio_insurance,7,0.5946817039328124,1.1389097958461436,-0.508608895896438,1.8613697468219625,0.7333333333333333,1.015061823977001,0.2505549668999816,-0.37082499274557756,6.2516362446934055,0.1648224810500898,0.8351775189499102,0.37005905597928956,0.4545876150454858,1.0,0.7020000000000001,-0.12384797186914254
btc_macro_trend_static_85_m2_r7,Family A: BTC-only macro trend with drawdown control,btc,portfolio_insurance,7,0.5933223928572157,1.14042530184802,-0.3909492767892725,1.7208200694157838,0.9333333333333333,1.069184157751066,0.21203147600305172,-0.24375767341826582,5.671591536300033,0.1352632164753119,0.8647367835246881,0.4971263753066013,0.36863064248969696,1.0,0.7020000000000001,-0.07124114409695403
btc_macro_trend_static_80_m2_r7,Family A: BTC-only macro trend with drawdown control,btc,portfolio_insurance,7,0.5932222996957623,1.1389097958461436,-0.4637858122794832,1.7504991596343404,0.8,1.0221430374777225,0.22992184994005305,-0.31028532666379005,6.027657549043417,0.15158044598156678,0.8484195540184332,0.4305987220610771,0.41309972250481286,1.0,0.7020000000000001,-0.1167667583684211
btc_macro_trend_static_70_m1_r7,Family A: BTC-only macro trend with drawdown control,btc,portfolio_insurance,7,0.584443837459586,1.1178594621745996,-0.387882101343263,2.039451503190695,0.9333333333333333,1.1937116000801102,0.18586542287396957,-0.19991768775087604,4.272352403101306,0.11234492949964645,0.8876550705003535,0.5409663609739911,0.304331596198118,1.0,0.7020000000000001,0.0758521379055106
btc_macro_trend_static_75_m1_r7,Family A: BTC-only macro trend with drawdown control,btc,portfolio_insurance,7,0.5806720783789671,1.1117289846467362,-0.37774882391272013,2.0300707734454835,0.9333333333333333,1.2069670410246232,0.16481144902360012,-0.1702259047749477,3.8381410148543242,0.09881719377335953,0.9011828062266405,0.5706581439499194,0.26768626271611007,1.0,0.7020000000000001,0.09523805637788696
btc_macro_trend_static_80_m1_r7,Family A: BTC-only macro trend with drawdown control,btc,portfolio_insurance,7,0.5764593182029458,1.104148976132832,-0.36630541852297516,2.0204638270342605,0.9333333333333333,1.22109966121772,0.14114186973375187,-0.1391923087236847,3.3372211288903144,0.08399558841475238,0.9160044115852476,0.6016917400011824,0.2275359609882721,1.0,0.7020000000000001,0.11695068508488804
btc_macro_trend_static_85_m1_r7,Family A: BTC-only macro trend with drawdown control,btc,portfolio_insurance,7,0.5740997245285206,1.115650831662248,-0.35346979610719526,2.010707261381466,0.9333333333333333,1.2362477304902966,0.11417134487627911,-0.1067392090726802,2.748184352779543,0.06748848943676722,0.9325115105632328,0.6341448396521869,0.1828198193435675,1.0,0.7020000000000001,0.12059689882804858
frozen_vol_30_r14,Family F: Frozen macro allocation plus volatility-managed exposure overlay,frozen,vol_target,14,0.5730265554166837,0.5996067864320282,-0.36490818255294355,2.2742963401738012,0.7333333333333333,0.7857579024410486,0.15143341783621467,-0.4320545330315243,4.2443571203452555,0.2213441689551759,0.7786558310448242,0.3088295156933428,0.60300254619457,1.0,0.88,0.18615111600902035
balanced_macro_trend_vol_50_r7,Family C: 50/50 BTC/ETH macro trend with drawdown control,balanced,vol_target,7,0.5697016661109777,0.7232414634837943,-0.4563850779872455,2.295044375524789,0.6666666666666666,0.993520463357802,0.2631885660626352,-0.3920307296060901,6.937725846897097,0.21140190148687024,0.7885980985131298,0.34885331911877704,0.5683993338376969,1.0,0.792,0.2702789998740077
balanced_macro_trend_vol_40_r7,Family C: 50/50 BTC/ETH macro trend with drawdown control,balanced,vol_target,7,0.5682766301963698,0.7711356156207592,-0.4138856577120553,2.28908030590011,0.8,1.0561707081777494,0.23594226418886133,-0.31659010521978137,6.011574391794471,0.17541216805133414,0.8245878319486659,0.42429394350508576,0.4727728117000447,1.0,0.792,0.2850350925569902
balanced_macro_trend_vol_30_r7,Family C: 50/50 BTC/ETH macro trend with drawdown control,balanced,vol_target,7,0.5667077999111318,0.8524543124499508,-0.4096998901539234,2.3013249327128364,0.9333333333333333,1.0814228095214755,0.18545472480651348,-0.24223874429499515,4.6329925244415255,0.13275971298547845,0.8672402870145215,0.498645304429872,0.3597012353453954,1.0,0.792,0.22896849707152467
balanced_macro_trend_vol_20_r7,Family C: 50/50 BTC/ETH macro trend with drawdown control,balanced,vol_target,7,0.5583681963155204,0.8803044788941169,-0.4050190372859314,2.31349523218535,0.9333333333333333,1.097025763226687,0.12719957920864,-0.1647233461460489,3.131906361499783,0.08895085279763157,0.9110491472023684,0.5761607025788182,0.24100482681695953,1.0,0.792,0.2167212843325702
eth_macro_trend_static_70_m2_r14,Family B: ETH-only macro trend with drawdown control,eth,portfolio_insurance,14,0.5536883248792416,0.6446302145865584,-0.4779017667906839,1.855354224063967,0.6,0.9450695072767727,0.28096158341267974,-0.2906011645341243,4.748615216049703,0.21976657688589132,0.7802334231141087,0.4502828841907428,0.602889058515841,1.0,0.7020000000000001,0.3004392926902143
btc_macro_trend_tipp_70_m1_r7,Family A: BTC-only macro trend with drawdown control,btc,portfolio_insurance,7,0.5536039962967594,1.088453285394688,-0.48468529948002986,2.089645425521578,0.7333333333333333,1.0347694561107188,0.09763637336639319,-0.1629428110410548,2.194510558159758,0.06582822014271932,0.9341717798572807,0.5779412376838123,0.17832230969514218,1.0,0.6120000000000001,-0.0536838292839692
frozen_vol_20_r14,Family F: Frozen macro allocation plus volatility-managed exposure overlay,frozen,vol_target,14,0.5529020644082282,0.6011396460366621,-0.3682955118170069,2.283833889891086,0.7333333333333333,0.7857579024410487,0.10383609682195027,-0.30821182738720865,2.8295714135635044,0.1475627793034506,0.8524372206965494,0.4326722213376585,0.4020016974630468,1.0,0.88,0.18461825640438656
eth_macro_trend_vol_50_r14,Family B: ETH-only macro trend with drawdown control,eth,vol_target,14,0.5526950464812744,0.5729420370742807,-0.3048677697821609,2.138401671809456,0.7333333333333333,1.114134427405689,0.27947864187915306,-0.2208302455833735,3.815896610387876,0.18443539296908887,0.8155646070309112,0.5200538031414936,0.5059644737601209,1.0,0.81,0.5411923903314083
eth_macro_trend_static_75_m2_r14,Family B: ETH-only macro trend with drawdown control,eth,portfolio_insurance,14,0.5518887699485947,0.6446302145865584,-0.4573096466902614,1.802092551583804,0.7333333333333333,0.9346476798816516,0.2652611782853802,-0.2906011645341242,4.694119547940712,0.20870302211868458,0.7912969778813155,0.4502828841907429,0.5725382371491187,1.0,0.7020000000000001,0.2900174652950932
eth_macro_trend_vol_40_r14,Family B: ETH-only macro trend with drawdown control,eth,vol_target,14,0.5512547906069348,0.5925318671486753,-0.22563462414961902,2.156219831596091,0.8666666666666667,1.1239159947143234,0.23163575707771566,-0.17941312831130585,3.194144869239297,0.1499931487918346,0.8500068512081654,0.5614709204135613,0.4113589631179789,1.0,0.81,0.531384127565648
frozen_vol_40_r14,Family F: Frozen macro allocation plus volatility-managed exposure overlay,frozen,vol_target,14,0.550434848798099,0.5813825181950137,-0.4280769111289365,2.256925393395294,0.7333333333333333,0.7688526242575925,0.1872699225375667,-0.5378598211859469,5.433127595789271,0.2915970205813459,0.7084029794186542,0.20302422753892024,0.7903956346370062,1.0,0.88,0.18747010606257875
eth_macro_trend_static_80_m2_r14,Family B: ETH-only macro trend with drawdown control,eth,portfolio_insurance,14,0.5502186690784021,0.6446302145865584,-0.4318316147970472,1.7302596553342695,0.7333333333333333,0.9171886302475656,0.24757552731169308,-0.2906011645341242,4.63650426546744,0.1970427417957239,0.8029572582042761,0.4502828841907429,0.5405504093112641,1.0,0.7020000000000001,0.27255841566100714
btc_macro_trend_tipp_75_m1_r7,Family A: BTC-only macro trend with drawdown control,btc,portfolio_insurance,7,0.550125232912524,1.0858405389463603,-0.4865669281034956,2.0870393420388056,0.7333333333333333,1.032880140361022,0.08091109328538804,-0.13639426867286764,1.826150679191208,0.05452827899754387,0.9454717210024561,0.6044897800519995,0.1477118572165828,1.0,0.6120000000000001,-0.05296039858533841
eth_macro_trend_static_70_m3_r14,Family B: ETH-only macro trend with drawdown control,eth,portfolio_insurance,14,0.5499832751361892,0.6446302145865584,-0.5943720509714053,1.9036139937774157,0.5333333333333333,0.9237337325569814,0.287180739928115,-0.2911051682508331,4.802385908012833,0.23173445771546028,0.7682655422845397,0.449778880474034,0.6357207315937493,1.0,0.7020000000000001,0.279103517970423
eth_macro_trend_static_75_m3_r14,Family B: ETH-only macro trend with drawdown control,eth,portfolio_insurance,14,0.5495687089705759,0.6446302145865584,-0.5635899955076704,1.8337239468594673,0.5333333333333333,0.91044740759518,0.27379483981389563,-0.2906011645341242,4.809382536033856,0.22349082155029862,0.7765091784497014,0.4502828841907429,0.6131058366593753,1.0,0.7020000000000001,0.2658171930086215
btc_macro_trend_tipp_70_m2_r7,Family A: BTC-only macro trend with drawdown control,btc,portfolio_insurance,7,0.5488126696297799,1.0046087378962605,-0.5736708093321905,1.8542491971022435,0.7333333333333333,0.9052523103706966,0.14738108946215922,-0.29861060693799923,4.173611880297445,0.10396050134937412,0.8960394986506259,0.4422734417868679,0.2816189876848086,1.0,0.6120000000000001,-0.09935642752556384
eth_macro_trend_static_80_m3_r14,Family B: ETH-only macro trend with drawdown control,eth,portfolio_insurance,14,0.5487758622008672,0.6446302145865584,-0.5240842276395988,1.7715024645789277,0.6,0.9032350337462022,0.2598181296414366,-0.29060116453412443,4.793547213248259,0.21196027454415248,0.7880397254558476,0.4502828841907427,0.5814739082414451,1.0,0.7020000000000001,0.25860481915964373
eth_macro_trend_static_85_m2_r14,Family B: ETH-only macro trend with drawdown control,eth,portfolio_insurance,14,0.5481730497866393,0.6446302145865584,-0.40162999926438264,1.6319643294350923,0.7333333333333333,0.8765727549835598,0.2210493943104619,-0.290601164534124,4.53458962288605,0.18298050137006824,0.8170194986299317,0.45028288419074314,0.5019732470740375,1.0,0.7020000000000001,0.23194254039700135
eth_macro_trend_static_85_m3_r14,Family B: ETH-only macro trend with drawdown control,eth,portfolio_insurance,14,0.547767650232577,0.6446302145865584,-0.4757316764888737,1.706485577449419,0.7333333333333333,0.8908697362977391,0.2427636386079457,-0.29060116453412466,4.698630089449714,0.19770976261469062,0.8022902373853094,0.45028288419074247,0.5423802578681086,1.0,0.7020000000000001,0.2462395217111807
eth_macro_trend_dd_25_reduce_50_r14,Family B: ETH-only macro trend with drawdown control,eth,drawdown_brake,14,0.5475059219689167,0.7124457790019287,-0.7587260799883732,1.8492220482390356,0.5333333333333333,0.7870452647403663,0.22400917843026535,-0.3874527224178179,3.728201295465869,0.1970602889885401,0.8029397110114599,0.3534313263070492,0.5404414588466061,1.0,0.792,0.07459948573843755
btc_macro_trend_tipp_80_m1_r7,Family A: BTC-only macro trend with drawdown control,btc,portfolio_insurance,7,0.5467189299129586,1.0834654482473134,-0.48834377217854624,2.084491986667787,0.7333333333333333,1.0310584104611695,0.06436955527703692,-0.1096006301403496,1.4588472886821284,0.04337026540614599,0.956629734593854,0.6312834185845175,0.1174858728148471,1.0,0.6120000000000001,-0.05240703778614386
eth_macro_trend_vol_30_r14,Family B: ETH-only macro trend with drawdown control,eth,vol_target,14,0.5447535583380572,0.5786088255300567,-0.1242325178779106,2.165023340951445,0.8666666666666667,1.1228227173830625,0.17722110429921267,-0.13663972639469513,2.506677002808337,0.11470431523980115,0.8852956847601988,0.604244322330172,0.3145786895085908,1.0,0.81,0.5442138918530058
btc_macro_trend_tipp_75_m2_r7,Family A: BTC-only macro trend with drawdown control,btc,portfolio_insurance,7,0.5434394427381163,1.0020748907644685,-0.5765728908795392,1.8449288403496082,0.7333333333333333,0.9016466086511352,0.12251438400177705,-0.2510657819049792,3.4642233458533283,0.08585913257795282,0.9141408674220471,0.48981826681988794,0.23258412268367162,1.0,0.6120000000000001,-0.10042828211333332
btc_macro_trend_tipp_85_m1_r7,Family A: BTC-only macro trend with drawdown control,btc,portfolio_insurance,7,0.5433819202412976,1.0813233469970043,-0.49002207699248657,2.0820074540081173,0.7333333333333333,1.0293033897078137,0.0480097433016895,-0.0825631582512264,1.0925918653267201,0.03234588103813537,0.9676541189618646,0.6583208904736407,0.08762187711196305,1.0,0.6120000000000001,-0.05201995728919062
balanced_macro_trend_static_70_m2_r7,Family C: 50/50 BTC/ETH macro trend with drawdown control,balanced,portfolio_insurance,7,0.5401429962792301,0.6670063102687894,-0.6341388281571428,2.0620279622607396,0.5333333333333333,0.7833099852889573,0.21793049606136017,-0.4480597321763594,7.757838961264383,0.2166094636146498,0.7833905363853502,0.2928243165485077,0.5916764698100968,1.0,0.6864,0.11630367502016792
eth_macro_trend_static_70_m1_r14,Family B: ETH-only macro trend with drawdown control,eth,portfolio_insurance,14,0.5396327342467685,0.7204874992777861,-0.47101310586869727,1.6412265466648355,0.7333333333333333,0.7980440438976754,0.14497132879840602,-0.24528924265194563,3.2551935001422447,0.1348030324031079,0.8651969675968921,0.4955948060729215,0.3696997901648194,1.0,0.7020000000000001,0.07755654461988926
balanced_macro_trend_static_75_m2_r7,Family C: 50/50 BTC/ETH macro trend with drawdown control,balanced,portfolio_insurance,7,0.5388872945830306,0.6670063102687894,-0.6629656878071319,1.9927580743519504,0.5333333333333333,0.7791622294853804,0.20630792588898084,-0.3926006092000951,7.581119519291397,0.2033731725061934,0.7966268274938066,0.34828343952477203,0.5554116632009977,1.0,0.6864,0.11215591921659096
btc_macro_trend_tipp_80_m2_r7,Family A: BTC-only macro trend with drawdown control,btc,portfolio_insurance,7,0.5381771297959903,0.9995156326131359,-0.5792780092473664,1.8362796369227707,0.7333333333333333,0.8986945487795206,0.09779685026670903,-0.20262030814151277,2.7607842603362713,0.0681345242553337,0.9318654757446663,0.5382637405833544,0.18456986545966317,1.0,0.6120000000000001,-0.10082108383361532
dual_momentum_macro_trend_vol_50_r7,Family D: BTC/ETH dual-momentum macro trend with drawdown control,dual_momentum,vol_target,7,0.5367194377179387,0.6572602111959309,-0.6991464190390968,2.3426716380300303,0.6666666666666666,1.0075198332934245,0.26470521866045993,-0.3997635818648083,7.448660846177182,0.20608983397703962,0.7939101660229604,0.3411204668600588,0.551211982207592,1.0,0.7020000000000001,0.3502596220974936
eth_macro_trend_vol_20_r14,Family B: ETH-only macro trend with drawdown control,eth,vol_target,14,0.5365147305226073,0.5836271368041596,-0.10460579742801879,2.173694727561737,0.8666666666666667,1.123522987169805,0.11841901896908613,-0.09249159702429965,1.6810524524701749,0.07666006720329845,0.9233399327967016,0.6483924517005675,0.21024164111034477,1.0,0.81,0.5398958503656454
eth_macro_trend_static_75_m1_r14,Family B: ETH-only macro trend with drawdown control,eth,portfolio_insurance,14,0.5353171888881354,0.7215456217789936,-0.47445383089186743,1.604531951643414,0.7333333333333333,0.7791899245124965,0.1263169034668834,-0.2254191930468441,2.936891171608127,0.11936995615583239,0.8806300438441677,0.515464855678023,0.32737429534098134,1.0,0.7020000000000001,0.05764430273350285
balanced_macro_trend_static_80_m2_r7,Family C: 50/50 BTC/ETH macro trend with drawdown control,balanced,portfolio_insurance,7,0.5345432988618005,0.6670063102687894,-0.6790216774379829,1.8887749668193075,0.5333333333333333,0.7558086239975883,0.18738761923045288,-0.32961610638668115,7.401635109423019,0.1909944130419018,0.8090055869580982,0.411267942338186,0.5216052997672073,1.0,0.6864,0.08880231372879888
eth_macro_trend_dd_15_reduce_50_r14,Family B: ETH-only macro trend with drawdown control,eth,drawdown_brake,14,0.5342750937826408,0.6079378632620176,-0.6883478043462996,1.7232284063925885,0.5333333333333333,0.7975057581987302,0.2060279310168498,-0.2901569573735321,3.6372695565520674,0.17787742899850523,0.8221225710014948,0.45072709135133504,0.4878321132951665,1.0,0.792,0.18956789493671256
balanced_macro_trend_vol_30_r14,Family C: 50/50 BTC/ETH macro trend with drawdown control,balanced,vol_target,14,0.5341764612286136,0.5811294664776877,-0.44796091912795993,2.2742963401738012,0.8,1.088931609043613,0.17582290102825238,-0.209411716661983,3.0524892229773513,0.14061252535669203,0.859387474643308,0.5314723320628841,0.381692262104867,1.0,0.792,0.5078021425659253
eth_macro_trend_dd_20_reduce_50_r14,Family B: ETH-only macro trend with drawdown control,eth,drawdown_brake,14,0.5334002646882989,0.6079378632620176,-0.7587260799883732,1.7648987558411564,0.5333333333333333,0.7366599725986023,0.19553701534621348,-0.3874527224178179,3.546337817638266,0.19008470353761833,0.8099152964623817,0.3534313263070492,0.5213107877369917,1.0,0.792,0.12872210933658468
dual_momentum_macro_trend_vol_40_r7,Family D: BTC/ETH dual-momentum macro trend with drawdown control,dual_momentum,vol_target,7,0.5333601430189786,0.6886090939131279,-0.6608293407633663,2.3708332134628103,0.7333333333333333,1.0640085643796453,0.23461780586977166,-0.3198838276408663,6.383885858974698,0.17085191433089933,0.8291480856691007,0.4210002210840008,0.4580550917491562,1.0,0.7020000000000001,0.37539947046651745
btc_macro_trend_tipp_85_m2_r7,Family A: BTC-only macro trend with drawdown control,btc,portfolio_insurance,7,0.5330102044321545,0.9969332086747031,-0.5818029919148436,1.8282394291641617,0.7333333333333333,0.8963624214178451,0.07320752125998808,-0.15328281760742934,2.062959466045023,0.05073212048780457,0.9492678795121954,0.5876012311174378,0.13742842934996366,1.0,0.6120000000000001,-0.10057078725685809
dual_momentum_macro_trend_vol_30_r7,Family D: BTC/ETH dual-momentum macro trend with drawdown control,dual_momentum,vol_target,7,0.532213207646684,0.7728585014381708,-0.6565025324989016,2.3801788325491198,0.7333333333333333,1.0924340140156743,0.18464219460593934,-0.24572677012277977,4.901056899133045,0.12894361817434752,0.8710563818256525,0.49515727860208736,0.34569867762164763,1.0,0.7020000000000001,0.3195755125775035
frozen_vol_30_r7,Family F: Frozen macro allocation plus volatility-managed exposure overlay,frozen,vol_target,7,0.5309397089965373,0.3119849271029323,-0.3582523901207668,2.186630462733075,0.6666666666666666,0.7019029179930223,0.136550939448574,-0.45237272524446137,6.5814183820958725,0.21665948875204952,0.7833405112479505,0.28851132348040576,0.5793490225297134,1.0,0.88,0.38991799089009
eth_macro_trend_static_80_m1_r14,Family B: ETH-only macro trend with drawdown control,eth,portfolio_insurance,14,0.530467846175849,0.7227090064641274,-0.4787833964763808,1.562986048878858,0.7333333333333333,0.7573751104799801,0.10608867753163853,-0.20100100697770207,2.5633146163224887,0.10214018269455516,0.8978598173054448,0.5398830417471651,0.2801213254361685,1.0,0.7020000000000001,0.03466610401585268
balanced_macro_trend_vol_40_r14,Family C: 50/50 BTC/ETH macro trend with drawdown control,balanced,vol_target,14,0.5302458413790979,0.5052213575839508,-0.45106609336629055,2.256925393395294,0.6666666666666666,1.0756810255186995,0.22543193838257158,-0.27220233811128247,3.892269360654386,0.18398844264988723,0.8160115573501128,0.46868171061358466,0.4954661538975598,1.0,0.792,0.5704596679347487
eth_macro_trend_dd_10_reduce_50_r14,Family B: ETH-only macro trend with drawdown control,eth,drawdown_brake,14,0.5297449365576803,0.5277861841274604,-0.560173259782187,1.7999786288216673,0.6,0.8955452296988625,0.22674540596820658,-0.27288192601554395,3.2735426008968607,0.16741405082212257,0.8325859491778774,0.4680021227093232,0.459136106630745,1.0,0.792,0.36775904557140215
balanced_macro_trend_static_70_m2_r14,Family C: 50/50 BTC/ETH macro trend with drawdown control,balanced,portfolio_insurance,14,0.5297266669750307,0.46345979221688965,-0.483547031429114,1.923185197882285,0.6666666666666666,0.9683969477745497,0.24034261498821374,-0.2856828778444003,4.87526137411038,0.21982176184382157,0.7801782381561784,0.45520117088046685,0.598562286579064,1.0,0.6864,0.5049371555576601
balanced_macro_trend_static_75_m2_r14,Family C: 50/50 BTC/ETH macro trend with drawdown control,balanced,portfolio_insurance,14,0.5291111591799109,0.46345979221688965,-0.4509487152549827,1.8521457331488795,0.6666666666666666,0.9612599060232455,0.2284833450112549,-0.2856828778444005,4.775780145123106,0.20856511230124472,0.7914348876987553,0.45520117088046663,0.5679110633657269,1.0,0.6864,0.49780011380635586
balanced_macro_trend_static_85_m2_r14,Family C: 50/50 BTC/ETH macro trend with drawdown control,balanced,portfolio_insurance,14,0.5284152774828119,0.4729640105400387,-0.36099201716902146,1.65448935928781,0.7333333333333333,0.8689116728619755,0.18224001908210674,-0.2856828778444004,4.508768811849139,0.182115395428269,0.817884604571731,0.45520117088046674,0.4958899728328191,1.0,0.6864,0.39594766232193673
balanced_macro_trend_vol_50_r14,Family C: 50/50 BTC/ETH macro trend with drawdown control,balanced,vol_target,14,0.528297584432492,0.4331922764342216,-0.44902881806502454,2.2301488786201213,0.6666666666666666,1.045393669197583,0.26030583426683584,-0.3225308152357155,4.429107481585519,0.22172192453731865,0.7782780754626814,0.41835323348915165,0.6005368720873696,1.0,0.792,0.6122013927633614
balanced_macro_trend_static_80_m2_r14,Family C: 50/50 BTC/ETH macro trend with drawdown control,balanced,portfolio_insurance,14,0.5281399166457967,0.46345979221688965,-0.41015372432912106,1.7725113562260433,0.6666666666666666,0.9308062434147917,0.20925310486322246,-0.2856828778444004,4.663320986888925,0.1960090614329964,0.8039909385670037,0.45520117088046674,0.5337216434690681,1.0,0.6864,0.467346451197902
balanced_macro_trend_vol_20_r14,Family C: 50/50 BTC/ETH macro trend with drawdown control,balanced,vol_target,14,0.5272752613153889,0.6206245465308156,-0.4447500917887876,2.283833889891086,0.8,1.1005542599554803,0.12024314878242426,-0.14316277565217805,2.0813350376046427,0.09463043851908653,0.9053695614809134,0.5977212730726891,0.2568740306078762,1.0,0.792,0.47992971342466473
balanced_macro_trend_static_85_m2_r7,Family C: 50/50 BTC/ETH macro trend with drawdown control,balanced,portfolio_insurance,7,0.5269310372735589,0.6538583008455933,-0.6912697256661106,1.691283789603235,0.6666666666666666,0.67311100953746,0.1467374242055819,-0.31542134549227063,7.11773303334312,0.17231782428792888,0.8276821757120711,0.4254627032325965,0.4681708571487302,1.0,0.6864,0.019252708691866682
btc_macro_trend_dd_15_reduce_50_r14,Family A: BTC-only macro trend with drawdown control,btc,drawdown_brake,14,0.5269043236942985,0.7376907456423974,-1.1631596251361798,1.6137219798793019,0.7333333333333333,0.7671197018188739,0.14990056760075943,-0.36502274235861054,4.000996512207275,0.17090184354758345,0.8290981564524166,0.3758613063662566,0.4497373670268538,1.0,0.792,0.02942895617647645
btc_macro_trend_dd_20_reduce_50_r14,Family A: BTC-only macro trend with drawdown control,btc,drawdown_brake,14,0.5269043236942985,0.7376907456423974,-1.1631596251361798,1.6137219798793019,0.7333333333333333,0.7671197018188739,0.14990056760075943,-0.36502274235861054,4.000996512207275,0.17090184354758345,0.8290981564524166,0.3758613063662566,0.4497373670268538,1.0,0.792,0.02942895617647645
btc_macro_trend_dd_10_reduce_50_r14,Family A: BTC-only macro trend with drawdown control,btc,drawdown_brake,14,0.5259864923330192,0.7376907456423974,-1.1395132838826063,1.63364898839279,0.7333333333333333,0.8462680895167181,0.16511225318118083,-0.32537262468349515,3.819133034379671,0.16741405082212257,0.8325859491778774,0.415511424041372,0.4405590534140609,1.0,0.792,0.10857734387432061
balanced_macro_trend_static_70_m3_r14,Family C: 50/50 BTC/ETH macro trend with drawdown control,balanced,portfolio_insurance,14,0.525437931193836,0.46345979221688965,-0.6134599499910779,1.959890871888355,0.6,0.9210214648646429,0.2365009835327221,-0.31682573651218493,5.108685916944187,0.23088450894129192,0.7691154910587081,0.4240583122126822,0.6286855243466347,1.0,0.6864,0.4575616726477532
balanced_macro_trend_static_70_m1_r7,Family C: 50/50 BTC/ETH macro trend with drawdown control,balanced,portfolio_insurance,7,0.5249970020232434,0.6106960548292072,-0.4641229814770555,1.975822733548809,0.8,0.844095018931309,0.147798343953071,-0.21037148345070256,5.0938568148173795,0.1346456387169653,0.8653543612830347,0.5305125652741646,0.36289841181792476,1.0,0.6864,0.2333989641021018
balanced_macro_trend_static_85_m3_r14,Family C: 50/50 BTC/ETH macro trend with drawdown control,balanced,portfolio_insurance,14,0.5249426182581901,0.46345979221688965,-0.4537243718843135,1.7390565722192344,0.6666666666666666,0.9182373536239994,0.20848349431349944,-0.28568287784440016,4.690848560379284,0.19386777761070473,0.8061322223892953,0.45520117088046697,0.5278910481261181,1.0,0.6864,0.45477756140710973
eth_macro_trend_static_85_m1_r14,Family B: ETH-only macro trend with drawdown control,eth,portfolio_insurance,14,0.5249136901824212,0.7239755557932303,-0.48445307516988234,1.5153474896921693,0.7333333333333333,0.7319006661080849,0.08394328998543088,-0.17026383503482712,2.117089871586325,0.08258975978548112,0.9174102402145189,0.57062021369004,0.2265039318340383,1.0,0.7020000000000001,0.007925110314854655
balanced_macro_trend_static_75_m3_r14,Family C: 50/50 BTC/ETH macro trend with drawdown control,balanced,portfolio_insurance,14,0.5247378384828582,0.46345979221688965,-0.5736500641980311,1.9146656315174277,0.6666666666666666,0.9337107244314528,0.23180560406125816,-0.28568287784440016,4.968648503556729,0.21954132240190377,0.7804586775980962,0.45520117088046697,0.597798665761028,1.0,0.6864,0.4702509322145631
balanced_macro_trend_static_80_m3_r14,Family C: 50/50 BTC/ETH macro trend with drawdown control,balanced,portfolio_insurance,14,0.5245718095533077,0.46345979221688965,-0.5209470434403253,1.8386250586088269,0.6666666666666666,0.9298897599157273,0.22182045254284755,-0.28568287784440005,4.829504103247016,0.20731848376234976,0.7926815162376503,0.4552011708804671,0.5645165640109004,1.0,0.6864,0.46642996769883766
dual_momentum_macro_trend_vol_20_r7,Family D: BTC/ETH dual-momentum macro trend with drawdown control,dual_momentum,vol_target,7,0.5238868005773847,0.797176400900441,-0.6518949984469816,2.389414520097406,0.7333333333333333,1.103407363076991,0.1255472070314383,-0.16775081843934614,3.2997895633684524,0.08627327250110607,0.9137267274988939,0.573133230285521,0.23129920379152055,1.0,0.7020000000000001,0.30623096217655
btc_macro_trend_vol_50_r14,Family A: BTC-only macro trend with drawdown control,btc,vol_target,14,0.5232363562137571,0.6042463904336068,-1.1126449271291805,2.030126041244212,0.6666666666666666,0.8835452639862179,0.19964632109675806,-0.37982782309965146,4.070631475240157,0.20852547012645586,0.7914745298735442,0.36105622562521567,0.5507427732983614,1.0,0.81,0.27929887355261107
btc_macro_trend_dd_25_reduce_50_r14,Family A: BTC-only macro trend with drawdown control,btc,drawdown_brake,14,0.5212710056253353,0.6248363900651336,-1.069464650900936,1.6969053716489297,0.7333333333333333,0.8168779422891371,0.17924377406769576,-0.36502274235861054,4.364723467862481,0.19880418535127056,0.8011958146487295,0.3758613063662566,0.5250676011773638,1.0,0.792,0.19204155222400354
balanced_macro_trend_static_75_m1_r7,Family C: 50/50 BTC/ETH macro trend with drawdown control,balanced,portfolio_insurance,7,0.5196328070022282,0.6058628785461858,-0.473963354606056,1.9483524938674421,0.8,0.8362369039192608,0.13004855526901848,-0.19186570380398305,4.579101054024884,0.11902570392868442,0.8809742960713156,0.5490183449208841,0.3207993911486986,1.0,0.6864,0.23037402537307494
frozen_vol_20_r7,Family F: Frozen macro allocation plus volatility-managed exposure overlay,frozen,vol_target,7,0.518574380690193,0.31831200818118555,-0.36419925165988065,2.197610536821113,0.7333333333333333,0.7019029179930223,0.09493545949618709,-0.324789946780202,4.387612254730581,0.144439659168033,0.855560340831967,0.4160941019446651,0.38623268168647557,1.0,0.88,0.38359090981183674
btc_macro_trend_static_80_m2_r14,Family A: BTC-only macro trend with drawdown control,btc,portfolio_insurance,14,0.5157651600577438,0.6638227027679834,-0.7839332973780696,1.3373497226120137,0.8,0.7076565851943308,0.11837658447377586,-0.22439206471320594,3.8568707779486546,0.14572745887411986,0.8542725411258801,0.5164919840116612,0.38488509244163177,1.0,0.7020000000000001,0.04383388242634745
frozen_dd_25_reduce_50_r14,Family E: Frozen macro allocation plus drawdown-control overlay,frozen,drawdown_brake,14,0.5146995200694376,0.3440275904558383,-0.6013929238342146,2.108784454114408,0.6666666666666666,0.811106449161096,0.24023837235967882,-0.5401821434572827,5.4559043348281016,0.33482810164424515,0.6651718983557549,0.20070190526758447,0.9092164503149912,1.0,0.7979999999999999,0.46707885870525767
btc_macro_trend_vol_40_r14,Family A: BTC-only macro trend with drawdown control,btc,vol_target,14,0.5141293274987614,0.5984070299156874,-1.1242554814069792,2.071977049563903,0.6666666666666666,0.92811651147299,0.18315741567760635,-0.3242590806405852,3.6466039514944444,0.177925583070307,0.822074416929693,0.41662496808428195,0.4664850734193108,1.0,0.81,0.3297094815573026
btc_macro_trend_static_85_m2_r14,Family A: BTC-only macro trend with drawdown control,btc,portfolio_insurance,14,0.5140963499467409,0.6747936291093249,-0.7309050838649829,1.2073906667342296,0.8,0.637104252434682,0.09236455914554287,-0.22502454116809212,3.508284347563852,0.12218019789343532,0.8778198021065646,0.515859507556775,0.32358064915885276,1.0,0.7020000000000001,-0.037689376674642894
balanced_macro_trend_static_80_m1_r7,Family C: 50/50 BTC/ETH macro trend with drawdown control,balanced,portfolio_insurance,7,0.5137065174344405,0.6001985183361088,-0.48365393427493375,1.9164406360434696,0.8,0.8264385247027709,0.11035623262015837,-0.16954777903219864,3.98171181791989,0.10164668352755192,0.8983533164724481,0.5713362696926685,0.27395926351723715,1.0,0.6864,0.22624000636666208
btc_macro_trend_vol_30_r14,Family A: BTC-only macro trend with drawdown control,btc,vol_target,14,0.5127600489363023,0.6803616954534224,-1.1213685764019712,2.100054948274504,0.6666666666666666,0.9758549087031233,0.15148162015847344,-0.25199675487073636,2.884416665475406,0.13586033225409452,0.8641396677459054,0.48888729385413077,0.35717851133403095,1.0,0.81,0.2954932132497009
eth_macro_trend_tipp_70_m1_r14,Family B: ETH-only macro trend with drawdown control,eth,portfolio_insurance,14,0.5120012441748774,0.7374836057924969,-0.5304353702492995,1.886345026324019,0.6,0.8937079783907438,0.0931294980674473,-0.11519713958656053,1.464932893523289,0.07263741992911643,0.9273625800708836,0.6256869091383066,0.19920945714043958,1.0,0.6120000000000001,0.15622437259824684
btc_macro_trend_static_85_m3_r14,Family A: BTC-only macro trend with drawdown control,btc,portfolio_insurance,14,0.5111477932564039,0.6248363900651336,-0.7693440933783149,1.2005590482566078,0.8,0.6398751791379259,0.10674507730465987,-0.22217426112581706,3.8867890749063583,0.14215203446527322,0.8578479655347268,0.5187097875990501,0.37544193351503774,1.0,0.7020000000000001,0.015038789072792325
btc_macro_trend_static_75_m2_r14,Family A: BTC-only macro trend with drawdown control,btc,portfolio_insurance,14,0.5093871144842007,0.6248363900651336,-0.8788340524299176,1.4383344893631766,0.7333333333333333,0.7438996786417804,0.13518074879118647,-0.23099283596670428,4.015433468215953,0.16035908848435768,0.8396409115156424,0.5098912127581628,0.42352912122396724,1.0,0.7020000000000001,0.11906328857664683
btc_macro_trend_vol_20_r14,Family A: BTC-only macro trend with drawdown control,btc,vol_target,14,0.5088293257465927,0.7458284425219889,-1.1184127324718176,2.106978266169658,0.6666666666666666,1.0045622355114003,0.10681083393450308,-0.17407783685641076,1.989871045573478,0.0918570787085629,0.9081429212914371,0.5668062118684564,0.2414934078569398,1.0,0.81,0.25873379298941146
balanced_macro_trend_dd_25_reduce_50_r14,Family C: 50/50 BTC/ETH macro trend with drawdown control,balanced,drawdown_brake,14,0.5084453079524068,0.35850263796688375,-0.6667107124678914,2.023497278052688,0.6,0.9250680308559371,0.23689671029993575,-0.33291567782155707,4.4556552067762825,0.21798704534130542,0.7820129546586946,0.40796837090331006,0.5917251555991576,1.0,0.7744,0.5665653928890534
eth_macro_trend_tipp_75_m1_r14,Family B: ETH-only macro trend with drawdown control,eth,portfolio_insurance,14,0.5081573323639996,0.7368090606021417,-0.5359476758676281,1.884938065275007,0.6,0.8928417586254076,0.0773515327664065,-0.09590975543509306,1.2134661296510496,0.060114344073004436,0.9398856559269956,0.6449742932897741,0.16486469179140742,1.0,0.6120000000000001,0.15603269802326591
eth_macro_trend_vol_40_r7,Family B: ETH-only macro trend with drawdown control,eth,vol_target,7,0.5076691920478652,0.4098646037661835,-0.600552120880707,2.0415516429984746,0.6,0.8318781842672611,0.1685506978475726,-0.2858929145950131,5.062845274297384,0.14204963293587775,0.8579503670641222,0.45499113412985404,0.3821811552798616,1.0,0.81,0.4220135805010776
btc_macro_trend_static_70_m2_r14,Family A: BTC-only macro trend with drawdown control,btc,portfolio_insurance,14,0.5075706481730111,0.6248363900651336,-0.9537252949184716,1.5354114869182416,0.7333333333333333,0.7731375381431743,0.14841053369352974,-0.273497296751116,4.159448527941033,0.1704949346261778,0.8295050653738222,0.4673867519737511,0.45029920360520476,1.0,0.7020000000000001,0.14830114807804073
balanced_macro_trend_static_85_m1_r7,Family C: 50/50 BTC/ETH macro trend with drawdown control,balanced,portfolio_insurance,7,0.5070558743018763,0.5934577026619549,-0.4931625569416415,1.8788798896228656,0.8,0.8141113160473287,0.08827889371510866,-0.14206178521360835,3.2759448392460695,0.08200556006553054,0.9179944399344695,0.5988222635112588,0.22102229074480048,1.0,0.6864,0.22065361338537381
btc_macro_trend_static_80_m3_r14,Family A: BTC-only macro trend with drawdown control,btc,portfolio_insurance,14,0.507011159664525,0.6248363900651336,-0.8835485632091636,1.3456613341462593,0.7333333333333333,0.6824744496708026,0.12117554389839613,-0.24114680335320116,4.087366653491683,0.15243413000403797,0.8475658699959621,0.499737245371666,0.40259827949475874,1.0,0.7020000000000001,0.057638059605669034
btc_macro_trend_static_70_m3_r14,Family A: BTC-only macro trend with drawdown control,btc,portfolio_insurance,14,0.5069170089470136,0.6248363900651336,-1.0397247459863062,1.5577506908034684,0.7333333333333333,0.7524280180054114,0.15441226406823105,-0.3396546087903066,4.377798578277322,0.17853256802770207,0.8214674319722979,0.4012294399345605,0.4715276343941466,1.0,0.7020000000000001,0.12759162794027779
eth_macro_trend_tipp_70_m2_r14,Family B: ETH-only macro trend with drawdown control,eth,portfolio_insurance,14,0.5062330327958611,0.6653557918147225,-0.7138347316478958,1.7837325945982003,0.5333333333333333,0.8378971648763087,0.14973738053027463,-0.1958389475814537,2.4873163237991096,0.12241160623345677,0.8775883937665432,0.5450451011434134,0.33571607649683777,1.0,0.6120000000000001,0.17254137306158623
eth_macro_trend_vol_50_r7,Family B: ETH-only macro trend with drawdown control,eth,vol_target,7,0.5060496673200242,0.3244028001368596,-0.6055114977315497,2.0260935099208104,0.5333333333333333,0.8118359198825815,0.19671868945308124,-0.3501355172002648,5.995237853593671,0.1741948036330892,0.8258051963669109,0.3907485315246023,0.4686669716795019,1.0,0.81,0.4874331197457219
frozen_vol_50_r14,Family F: Frozen macro allocation plus volatility-managed exposure overlay,frozen,vol_target,14,0.5060321000607821,0.5840105330147636,-0.512725537687129,2.2301488786201213,0.7333333333333333,0.7175417817467667,0.19951765910631925,-0.6355415699245913,6.269766655645831,0.3555780665058714,0.6444219334941286,0.10534247880027581,0.9522727272727272,1.0,0.88,0.13353124873200317
frozen_dd_15_reduce_50_r14,Family E: Frozen macro allocation plus drawdown-control overlay,frozen,drawdown_brake,14,0.505887173068908,0.35868300980618273,-0.6820519756720137,2.1013423002779796,0.6,0.8458438723924123,0.23649197891092566,-0.5401821434572823,4.6375186846038865,0.31390134529147984,0.6860986547085202,0.2007019052675848,0.8523904221703044,1.0,0.7979999999999999,0.4871608625862296
dual_momentum_macro_trend_dd_10_reduce_50_r7,Family D: BTC/ETH dual-momentum macro trend with drawdown control,dual_momentum,drawdown_brake,7,0.5048804771347511,0.48225934952207694,-0.6989766268269557,1.8216074091322965,0.6,0.7416430258504371,0.1644863947712656,-0.37699810330971595,6.010587942202291,0.16741405082212257,0.8325859491778774,0.3638859454151512,0.45248817300126093,1.0,0.6864,0.2593836763283601
btc_macro_trend_static_75_m3_r14,Family A: BTC-only macro trend with drawdown control,btc,portfolio_insurance,14,0.5047080703875837,0.6248363900651336,-0.9668782366306036,1.4462508935948333,0.7333333333333333,0.70396884450286,0.1325053762785411,-0.29498753295842794,4.262723525081846,0.16264450066321584,0.8373554993367842,0.4458965157664392,0.42956519077820876,1.0,0.7020000000000001,0.07913245443772643
eth_macro_trend_tipp_80_m1_r14,Family B: ETH-only macro trend with drawdown control,eth,portfolio_insurance,14,0.5043764879036752,0.736150268458678,-0.5412442699178223,1.8833880784070047,0.6666666666666666,0.8920215989580017,0.06167230200628415,-0.07665540382786995,0.9650326769526079,0.04776733559297078,0.9522326644070293,0.6642286448969972,0.13100279445232021,1.0,0.6120000000000001,0.15587133049932367
balanced_macro_trend_dd_15_reduce_50_r14,Family C: 50/50 BTC/ETH macro trend with drawdown control,balanced,drawdown_brake,14,0.5039129786250026,0.3380172643680129,-0.5466398872289365,1.9419762561762726,0.6,0.9459770294497394,0.222476949947908,-0.3084069009692457,3.819133034379671,0.19880418535127056,0.8011958146487295,0.4324771477556214,0.5396533419064317,1.0,0.7744,0.6079597650817266
frozen_vol_40_r7,Family F: Frozen macro allocation plus volatility-managed exposure overlay,frozen,vol_target,7,0.503237149383373,0.3092237251114727,-0.4338296424868527,2.1783284271493204,0.6666666666666666,0.6793734771515874,0.16442229734082914,-0.5598083778833807,8.491387599704108,0.28695872890519575,0.7130412710948042,0.18107567084148646,0.76480919522063,1.0,0.88,0.37014975204011463
eth_macro_trend_vol_30_r7,Family B: ETH-only macro trend with drawdown control,eth,vol_target,7,0.502812109693154,0.4446521124556845,-0.5952883556322397,2.0505137396101363,0.6,0.8588502965792906,0.13574332438406156,-0.2188043458751907,3.8796816509101957,0.10773804533388107,0.8922619546661189,0.5220797028496764,0.2898666457792515,1.0,0.81,0.4141981841236061
balanced_macro_trend_dd_10_reduce_50_r14,Family C: 50/50 BTC/ETH macro trend with drawdown control,balanced,drawdown_brake,14,0.5021008852449192,0.3380172643680129,-0.4944619237175007,1.8819054640736288,0.6,0.9338653251751216,0.2076729435298701,-0.2932459734585817,3.546337817638266,0.17613353263577478,0.8238664673642252,0.4476380752662854,0.47811392572411926,1.0,0.7744,0.5958480608071086
dual_momentum_macro_trend_static_75_m2_r7,Family D: BTC/ETH dual-momentum macro trend with drawdown control,dual_momentum,portfolio_insurance,7,0.5020379981334319,0.5305620131087422,-0.8444552767473845,1.9509993934417338,0.5333333333333333,0.6427897792986468,0.15844757882729588,-0.38912740394273115,8.161775100358282,0.1961783015541628,0.8038216984458372,0.351756644782136,0.5329974654225502,1.0,0.6084,0.1122277661899046
balanced_macro_trend_static_70_m1_r14,Family C: 50/50 BTC/ETH macro trend with drawdown control,balanced,portfolio_insurance,14,0.5018790034072399,0.4120217709160269,-0.44958796340600127,1.7595172460702118,0.6666666666666666,0.8194249428311966,0.1220847228024633,-0.22253611824125707,3.201424645834516,0.13069975556474359,0.8693002444352564,0.51834793048361,0.3547840793806349,1.0,0.6864,0.4074031719151697
btc_macro_trend_static_70_m1_r14,Family A: BTC-only macro trend with drawdown control,btc,portfolio_insurance,14,0.5014920858278389,0.722180693084169,-0.9165692153081825,1.5353903704872836,0.7333333333333333,0.7430997857671522,0.08333365405783844,-0.16231511147549438,2.4071820127818047,0.09648169385296645,0.9035183061470335,0.5785689372493728,0.253651578865101,1.0,0.7020000000000001,0.020919092682983198
dual_momentum_macro_trend_vol_30_r14,Family D: BTC/ETH dual-momentum macro trend with drawdown control,dual_momentum,vol_target,14,0.500948426525431,0.5740443397111259,-0.8146731744404266,2.269112697462074,0.7333333333333333,1.0793096383147383,0.17146901507275847,-0.2339739453033456,3.2888375090180966,0.13675945939876885,0.8632405406012311,0.5069101034215215,0.3651684055258648,1.0,0.7020000000000001,0.5052652986036124
eth_macro_trend_tipp_85_m1_r14,Family B: ETH-only macro trend with drawdown control,eth,portfolio_insurance,14,0.5006559930956037,0.7355063349516158,-0.5463352509440269,1.8816982808050244,0.6666666666666666,0.8912446144196718,0.04609478034027226,-0.0574357455982859,0.7195477427657592,0.03558907480140014,0.9644109251985998,0.6834483031265812,0.09760369074556774,1.0,0.6120000000000001,0.15573827946805607
dual_momentum_macro_trend_vol_50_r14,Family D: BTC/ETH dual-momentum macro trend with drawdown control,dual_momentum,vol_target,14,0.5005692258604114,0.4545124061023643,-0.8090337519376967,2.2369352001206986,0.6666666666666666,1.0448309610850528,0.2580306180600678,-0.3522941991061559,4.858226715412558,0.21737880858243755,0.7826211914175625,0.38858984961871124,0.5824999242966616,1.0,0.7020000000000001,0.5903185549826885
frozen_dd_15_reduce_50_r7,Family E: Frozen macro allocation plus drawdown-control overlay,frozen,drawdown_brake,7,0.5003351166356591,0.1922618523193856,-0.550115975164554,1.9688775234395806,0.5333333333333333,0.6241858808237479,0.16596429994153028,-0.5188084556271116,7.456402590931738,0.29384653712007974,0.7061534628799202,0.22207559309775549,0.7897309155717228,1.0,0.7979999999999999,0.4319240285043623
dual_momentum_macro_trend_static_70_m2_r7,Family D: BTC/ETH dual-momentum macro trend with drawdown control,dual_momentum,portfolio_insurance,7,0.49985059758678896,0.5305620131087422,-0.8554605876673426,2.023927605995118,0.5333333333333333,0.6429169136740442,0.16380161660445336,-0.4482296502130395,8.34831964705353,0.20595006577555952,0.7940499342244405,0.2926543985118276,0.5597015121547946,1.0,0.6084,0.11235490056530206
eth_macro_trend_tipp_75_m2_r14,Family B: ETH-only macro trend with drawdown control,eth,portfolio_insurance,14,0.4996465656561073,0.6648034071180943,-0.7227097291378355,1.7749463968309678,0.5333333333333333,0.8350294159637802,0.12438678793468716,-0.16280475017324358,2.0429387749799006,0.10057210821721642,0.8994278917827836,0.5780792985516235,0.27582085240599674,1.0,0.6120000000000001,0.17022600884568595
dual_momentum_macro_trend_static_80_m2_r14,Family D: BTC/ETH dual-momentum macro trend with drawdown control,dual_momentum,portfolio_insurance,14,0.4995119407170595,0.43371539056750824,-0.6337730757700286,1.5991861175792401,0.6666666666666666,0.7285227400384301,0.1519823772256632,-0.3104878494877463,5.067834826114412,0.1844698442652501,0.8155301557347499,0.4303961992371208,0.49431529697051874,1.0,0.6084,0.29480734947092185
balanced_macro_trend_tipp_70_m1_r7,Family C: 50/50 BTC/ETH macro trend with drawdown control,balanced,portfolio_insurance,7,0.4995064488974439,0.5839522985410089,-0.423529334267527,2.1179795283124037,0.7333333333333333,0.7950835651759415,0.08356191802566104,-0.1714509294946297,2.518308153528174,0.07486401953388866,0.9251359804661113,0.5694331192302374,0.20283774123711068,1.0,0.5984,0.21113126663493254
btc_macro_trend_static_75_m1_r14,Family A: BTC-only macro trend with drawdown control,btc,portfolio_insurance,14,0.49868726326498436,0.7198141091839423,-0.8990595987030071,1.5065252007933532,0.7333333333333333,0.7366862921710724,0.07164311595137018,-0.13615125766214564,2.0978055501316155,0.08286708339254152,0.9171329166074584,0.6047327910627215,0.2178585978237143,1.0,0.7020000000000001,0.016872182987130113
dual_momentum_macro_trend_static_75_m2_r14,Family D: BTC/ETH dual-momentum macro trend with drawdown control,dual_momentum,portfolio_insurance,14,0.4983942067239998,0.43371539056750824,-0.7048200097240812,1.7055104277778668,0.6666666666666666,0.774504320183468,0.1708390244059581,-0.31048784948774644,5.246067768790824,0.1962067417160803,0.8037932582839197,0.4303961992371207,0.5257661174123537,1.0,0.6084,0.3407889296159598
dual_momentum_macro_trend_vol_40_r14,Family D: BTC/ETH dual-momentum macro trend with drawdown control,dual_momentum,vol_target,14,0.4978205189949284,0.5009903447391854,-0.8201854176296948,2.252135429056767,0.6666666666666666,1.0631407757889604,0.21963696049582593,-0.30145327404664435,4.228675229689642,0.17994911566732094,0.820050884332679,0.4394307746782228,0.47931146938115904,1.0,0.7020000000000001,0.562150431049775
dual_momentum_macro_trend_static_70_m2_r14,Family D: BTC/ETH dual-momentum macro trend with drawdown control,dual_momentum,portfolio_insurance,14,0.49770119224704135,0.43371539056750824,-0.7660198573297013,1.7788948926119987,0.6,0.7992573847064276,0.18484029200828855,-0.310487849487746,5.388967307034937,0.2073237618071378,0.7926762381928623,0.43039619923712114,0.5555558812061399,1.0,0.6084,0.36554199413891936
dual_momentum_macro_trend_static_80_m2_r7,Family D: BTC/ETH dual-momentum macro trend with drawdown control,dual_momentum,portfolio_insurance,7,0.4976178067901147,0.5178496182822925,-0.832711691936037,1.812408727393434,0.5333333333333333,0.5972578248349389,0.13609311033249405,-0.3677569275156036,7.895032880278766,0.18277446135539813,0.8172255386446019,0.3731271212092635,0.49658052840009353,1.0,0.6084,0.07940820655264647
balanced_macro_trend_static_75_m1_r14,Family C: 50/50 BTC/ETH macro trend with drawdown control,balanced,portfolio_insurance,14,0.4974656358433226,0.41214240350783227,-0.4505665070292011,1.7247068907196426,0.6666666666666666,0.804666717308714,0.10592899074345175,-0.20176879877857468,2.8499002450856357,0.11460569123674283,0.8853943087632572,0.5391152499462925,0.31109679189160827,1.0,0.6864,0.3925243138008817
dual_momentum_macro_trend_static_85_m3_r14,Family D: BTC/ETH dual-momentum macro trend with drawdown control,dual_momentum,portfolio_insurance,14,0.4959493553508858,0.43371539056750824,-0.6523987186964764,1.4931162237633746,0.6666666666666666,0.676552735013707,0.13680964701962472,-0.310487849487746,5.051361048859149,0.17534535624222022,0.8246546437577797,0.43039619923712114,0.46986482906465077,1.0,0.6084,0.2428373444461988
btc_macro_trend_static_80_m1_r14,Family A: BTC-only macro trend with drawdown control,btc,portfolio_insurance,14,0.49570093912816526,0.7171964497855454,-0.8808329579486539,1.476285597255902,0.7333333333333333,0.7293396315546484,0.05924457430898533,-0.10964468062146127,1.7603142992336833,0.06850987135951299,0.931490128640487,0.6312393681034059,0.18011330796770764,1.0,0.7020000000000001,0.012143181769103006
balanced_macro_trend_tipp_75_m1_r7,Family C: 50/50 BTC/ETH macro trend with drawdown control,balanced,portfolio_insurance,7,0.49532873357494467,0.5801392189747641,-0.4278243938224832,2.1157212298219905,0.8,0.7902923621631643,0.06938638652073847,-0.14385726795551357,2.092279733668261,0.06203781270736094,0.937962187292639,0.5970267807693536,0.1680862165723789,1.0,0.5984,0.21015314318840028
dual_momentum_macro_trend_static_85_m2_r14,Family D: BTC/ETH dual-momentum macro trend with drawdown control,dual_momentum,portfolio_insurance,14,0.4948666218715838,0.4231992809934334,-0.6064222348478896,1.4723945983535154,0.6666666666666666,0.6478667743853724,0.12172421968724123,-0.31047635746947133,4.8390548031702,0.16558871089748883,0.8344112891025112,0.4304076912553958,0.4437203984655654,1.0,0.6084,0.22466749339193903
eth_macro_trend_vol_20_r7,Family B: ETH-only macro trend with drawdown control,eth,vol_target,7,0.4938233395522439,0.4473269387428635,-0.5896923832498978,2.0593144543748636,0.6,0.8628544821268025,0.09259018716167788,-0.1488232934444763,2.5963888845380807,0.07192062541096954,0.9280793745890304,0.5920607552803908,0.19350073027237044,1.0,0.81,0.415527543383939
eth_macro_trend_tipp_80_m2_r14,Family B: ETH-only macro trend with drawdown control,eth,portfolio_insurance,14,0.4931580176658781,0.6632504982735755,-0.7308884300122869,1.7660708381343144,0.5333333333333333,0.8322673627954623,0.09915825899852315,-0.12991875178951928,1.6114645763950868,0.07936294023968897,0.9206370597603111,0.6109652969353478,0.2176543200136473,1.0,0.6120000000000001,0.1690168645218868
dual_momentum_macro_trend_static_80_m3_r14,Family D: BTC/ETH dual-momentum macro trend with drawdown control,dual_momentum,portfolio_insurance,14,0.4931453701361289,0.43371539056750824,-0.7526113979717302,1.5946827990451768,0.6666666666666666,0.7131020947431996,0.15222377525270048,-0.310487849487746,5.224742959973558,0.18731994671307906,0.812680053286921,0.43039619923712114,0.5019525844822336,1.0,0.6084,0.2793867041756914
balanced_macro_trend_static_80_m1_r14,Family C: 50/50 BTC/ETH macro trend with drawdown control,balanced,portfolio_insurance,14,0.4926086489974537,0.4122188540353113,-0.45186228269980916,1.6863885144035609,0.6666666666666666,0.7875645346033562,0.08852218884820795,-0.17701069943189618,2.449909430148407,0.0969664758083002,0.9030335241916998,0.563873349292971,0.26321519655322456,1.0,0.6864,0.3753456805680449
frozen_dd_10_reduce_50_r7,Family E: Frozen macro allocation plus drawdown-control overlay,frozen,drawdown_brake,7,0.49260371935829766,0.1922618523193856,-0.550115975164554,1.758220926429207,0.5333333333333333,0.4632811871662005,0.09670025380212843,-0.5188084556271116,7.456402590931738,0.26594419531639263,0.7340558046836074,0.22207559309775549,0.7124169427981089,1.0,0.7979999999999999,0.27101933484681484
btc_macro_trend_static_85_m1_r14,Family A: BTC-only macro trend with drawdown control,btc,portfolio_insurance,14,0.492489299103128,0.7142788323482072,-0.8618672715973928,1.4445386524492942,0.7333333333333333,0.7209709916181536,0.04603356475985776,-0.08443323736306274,1.3895254145708973,0.05326006745115924,0.9467399325488408,0.6564508113618044,0.14002138291680655,1.0,0.7020000000000001,0.006692159269946374
dual_momentum_macro_trend_vol_20_r14,Family D: BTC/ETH dual-momentum macro trend with drawdown control,dual_momentum,vol_target,14,0.49246775919597174,0.5968851357486152,-0.8091012640411656,2.2748285271803708,0.7333333333333333,1.0856844433346493,0.11630856532575806,-0.16142855942994783,2.215251147441227,0.09179469370226133,0.9082053062977387,0.5794554892949193,0.24510569201103227,1.0,0.7020000000000001,0.48879930758603407
dual_momentum_macro_trend_dd_10_reduce_50_r14,Family D: BTC/ETH dual-momentum macro trend with drawdown control,dual_momentum,drawdown_brake,14,0.492435038518528,0.4490703102643356,-0.8482756162057574,1.8827245943173523,0.6,0.9154496131752379,0.19951522982032288,-0.3205449837442209,4.000996512207275,0.17090184354758345,0.8290981564524166,0.4203390649806462,0.4563337262670086,1.0,0.6864,0.4663793029109023
frozen_pi_static_80_m1_r7,Family G: Frozen macro allocation plus portfolio-insurance overlay,frozen,portfolio_insurance,7,0.49183233350901223,0.4765219048631952,-0.8270223772612577,1.8021527011946366,0.6,0.39539198822361443,0.05551521047384078,-0.43143872064978483,4.884662343170794,0.16656308370373168,0.8334369162962683,0.3094453280750823,0.44392787243981596,1.0,0.648,-0.08112991663958075
balanced_macro_trend_tipp_80_m1_r7,Family C: 50/50 BTC/ETH macro trend with drawdown control,balanced,portfolio_insurance,7,0.4912143704027081,0.5763679624109896,-0.4318082278642492,2.11348360084256,0.8,0.7856737838568978,0.055315576961269874,-0.1158738306782312,1.6687689536286026,0.04935849833030351,0.9506415016696965,0.6250102180466359,0.13373268459947493,1.0,0.5984,0.20930582144590815
dual_momentum_macro_trend_static_75_m3_r14,Family D: BTC/ETH dual-momentum macro trend with drawdown control,dual_momentum,portfolio_insurance,14,0.49103460860048165,0.43371539056750824,-0.8369180148867791,1.6735986787295634,0.6,0.7196134185543936,0.159694450192287,-0.31048784948774655,5.379546945572588,0.1983200080330799,0.8016799919669201,0.4303961992371206,0.5314289392747898,1.0,0.6084,0.2858980279868854
dual_momentum_macro_trend_static_70_m3_r14,Family D: BTC/ETH dual-momentum macro trend with drawdown control,dual_momentum,portfolio_insurance,14,0.49074136777305144,0.43371539056750824,-0.9004259705161094,1.7754281681682436,0.6,0.7354639969072557,0.17101814502304769,-0.3397685304784004,5.550560622762769,0.21144572101993211,0.7885542789800679,0.40111551824646674,0.5666013043780865,1.0,0.6084,0.3017486063397475
balanced_macro_trend_tipp_70_m2_r7,Family C: 50/50 BTC/ETH macro trend with drawdown control,balanced,portfolio_insurance,7,0.48973073100720743,0.5128400421677343,-0.6100980856545645,1.8335346188302581,0.6,0.5734859070451569,0.0939396406340045,-0.3289453193294024,4.344098746531165,0.11130338512740798,0.888696614872592,0.4119387293954647,0.299986112269122,1.0,0.5984,0.06064586487742263
eth_macro_trend_tipp_70_m3_r14,Family B: ETH-only macro trend with drawdown control,eth,portfolio_insurance,14,0.48865007207775657,0.5757356032756181,-0.9443096637464081,1.71925074281817,0.5333333333333333,0.7848501868682505,0.17705473428933272,-0.25050414422112044,2.975696978490435,0.14684616969858533,0.8531538303014147,0.4903799045037467,0.402728315203856,1.0,0.6120000000000001,0.20911458359263235
frozen_pi_static_80_m1_r14,Family G: Frozen macro allocation plus portfolio-insurance overlay,frozen,portfolio_insurance,14,0.48773582820194883,0.5418235388094704,-0.9276479695773109,1.724390605195195,0.7333333333333333,0.431784272361971,0.062466842090762364,-0.45790400117405694,3.38736179111085,0.17842299132810507,0.821577008671895,0.2829800475508102,0.48440980629305386,1.0,0.648,-0.11003926644749945
balanced_macro_trend_static_85_m1_r14,Family C: 50/50 BTC/ETH macro trend with drawdown control,balanced,portfolio_insurance,14,0.48743279081918733,0.4143945522350607,-0.4537538949949937,1.6439118466932654,0.6666666666666666,0.7677051855322408,0.0696233995670481,-0.1469762728428039,1.9883325710676347,0.07738202564325652,0.9226179743567435,0.5939077758820632,0.2100532675812989,1.0,0.6864,0.35331063329718004
frozen_dd_20_reduce_50_r14,Family E: Frozen macro allocation plus drawdown-control overlay,frozen,drawdown_brake,14,0.4872675417188614,0.24601485913409094,-0.6820519756720137,2.082975795691883,0.6,0.8102360015412342,0.22582983883543073,-0.5401821434572815,4.81938216243149,0.3173891380169407,0.6826108619830593,0.20070190526758558,0.8618614268610854,1.0,0.7979999999999999,0.5642211424071433
balanced_macro_trend_tipp_85_m1_r7,Family C: 50/50 BTC/ETH macro trend with drawdown control,balanced,portfolio_insurance,7,0.48716095230849266,0.5726372163631978,-0.4354928135134313,2.111270900909968,0.8,0.7812246360305755,0.04134542571310251,-0.0874985050133007,1.2477928798258042,0.03682040978741407,0.9631795902125859,0.6533855437115664,0.0997617921025878,1.0,0.5984,0.2085874196673777
dual_momentum_macro_trend_static_70_m1_r7,Family D: BTC/ETH dual-momentum macro trend with drawdown control,dual_momentum,portfolio_insurance,7,0.48683363809234215,0.45159542833097677,-0.6310646011188823,1.9509173329782707,0.6666666666666666,0.7191283339955721,0.12251421869410994,-0.24899275595756776,5.313695229244796,0.12870059908881107,0.871299400911189,0.49189129276729937,0.3450471418752784,1.0,0.6084,0.2675329056645953
eth_macro_trend_tipp_85_m2_r14,Family B: ETH-only macro trend with drawdown control,eth,portfolio_insurance,14,0.4867488958170333,0.6606776902234031,-0.738434346772461,1.7571082319873421,0.5333333333333333,0.8295788268665846,0.07407877298334609,-0.09797426888402916,1.192124982941115,0.058738808767446325,0.9412611912325537,0.642909779840838,0.16109226097317156,1.0,0.6120000000000001,0.16890113664318152
btc_macro_trend_tipp_70_m2_r14,Family A: BTC-only macro trend with drawdown control,btc,portfolio_insurance,14,0.48545806636625477,0.6893992608634848,-1.1134448490695912,1.5974887979445311,0.7333333333333333,0.7407007309608589,0.0932501812066675,-0.22876039002827975,2.568018934580273,0.10331440403507541,0.8966855959649246,0.5121236586965874,0.27161485932181434,1.0,0.6120000000000001,0.05130147009737407
dual_momentum_macro_trend_dd_25_reduce_50_r14,Family D: BTC/ETH dual-momentum macro trend with drawdown control,dual_momentum,drawdown_brake,14,0.4848869017239982,0.37858527927472957,-1.0572686765111003,1.8977534808264063,0.5333333333333333,0.770152917871719,0.18629855516507843,-0.372906755984196,4.810288988540109,0.20752366716492276,0.7924763328350772,0.36797729274067115,0.5541195247527961,1.0,0.6864,0.39156763859698945
frozen_pi_static_85_m1_r14,Family G: Frozen macro allocation plus portfolio-insurance overlay,frozen,portfolio_insurance,14,0.48467946107763626,0.5355467366516715,-0.9714075103849621,1.6720192581742284,0.7333333333333333,0.3979574792756698,0.04805311502360721,-0.3954132891536176,2.7708112086747683,0.14371081522309703,0.856289184776903,0.3454707595712495,0.3901679242470563,1.0,0.648,-0.1375892573760017
btc_macro_trend_tipp_70_m3_r14,Family A: BTC-only macro trend with drawdown control,btc,portfolio_insurance,14,0.4838680597198939,0.6484021878655818,-1.1073016968537122,1.402186425842351,0.7333333333333333,0.6484986598612124,0.09632846410877272,-0.2652530328158077,3.3059139609666395,0.11621784098347433,0.8837821590165257,0.47563101590905943,0.3035447113557591,1.0,0.6120000000000001,9.647199563056486e-05
balanced_macro_trend_tipp_75_m2_r7,Family C: 50/50 BTC/ETH macro trend with drawdown control,balanced,portfolio_insurance,7,0.48345784866958263,0.5057096583543521,-0.611998736092844,1.823865339117426,0.6,0.5659211445917643,0.0790955439597385,-0.2779699053141409,3.575710037503242,0.09153882820491867,0.9084611717950813,0.46291414341072623,0.2467164602714549,1.0,0.5984,0.06021148623741224
dual_momentum_macro_trend_static_75_m1_r7,Family D: BTC/ETH dual-momentum macro trend with drawdown control,dual_momentum,portfolio_insurance,7,0.4818113366871275,0.4447339783648049,-0.631934380220697,1.9165475865976502,0.6666666666666666,0.7100434900140216,0.10745831032121633,-0.22640963192967167,4.733204456672063,0.1131481855711585,0.8868518144288415,0.5144744167951955,0.30335102024475363,1.0,0.6084,0.2653095116492167
frozen_pi_static_85_m1_r7,Family G: Frozen macro allocation plus portfolio-insurance overlay,frozen,portfolio_insurance,7,0.48110858383288835,0.47529456781355844,-0.8547910842586935,1.7542252374837612,0.6,0.3650969354085855,0.04269903641070116,-0.3677502536753883,3.9557009579923927,0.13311584229529996,0.8668841577047001,0.37313379504947886,0.3547834931016148,1.0,0.648,-0.11019763240497293
btc_macro_trend_tipp_75_m2_r14,Family A: BTC-only macro trend with drawdown control,btc,portfolio_insurance,14,0.480247728392435,0.6867744571463618,-1.1123478054469302,1.586670334158807,0.7333333333333333,0.7400745153327931,0.07745721968360364,-0.19048809993555116,2.1172714170392926,0.08466059056251757,0.9153394094374825,0.550395948789316,0.2225737505869275,1.0,0.6120000000000001,0.053300058186431354
frozen_pi_static_75_m1_r7,Family G: Frozen macro allocation plus portfolio-insurance overlay,frozen,portfolio_insurance,7,0.4783182011939203,0.4775262911511513,-0.8009860843989403,1.8417231980514832,0.7333333333333333,0.42163837430625245,0.06765414541994197,-0.48146469012695403,5.695195397704692,0.19656225323416637,0.8034377467658336,0.2594193585979131,0.5238823690093872,1.0,0.648,-0.055887916844898855
btc_macro_trend_tipp_70_m1_r14,Family A: BTC-only macro trend with drawdown control,btc,portfolio_insurance,14,0.477970840910821,0.7130613743607046,-1.0963824951042378,1.7564606235543057,0.7333333333333333,0.7724526210608753,0.05862451681780945,-0.14835708429555983,1.4310989089239536,0.06433472868023386,0.9356652713197662,0.5925269644293073,0.16913680568738768,1.0,0.6120000000000001,0.05939124670017071
btc_macro_trend_tipp_75_m3_r14,Family A: BTC-only macro trend with drawdown control,btc,portfolio_insurance,14,0.4779358907066683,0.645856906612985,-1.1044933121702827,1.3873888830707743,0.7333333333333333,0.6452493786154491,0.07997129795594371,-0.2207897003201511,2.7161713608127642,0.09464233585423384,0.9053576641457661,0.520094348404716,0.24719251601820105,1.0,0.6120000000000001,-0.0006075279975359393
balanced_macro_trend_tipp_80_m2_r7,Family C: 50/50 BTC/ETH macro trend with drawdown control,balanced,portfolio_insurance,7,0.4775431133296856,0.498992748175893,-0.6131426547928444,1.8155251254365903,0.6,0.559541366405564,0.06400175338458247,-0.2254773522446254,2.826894248314925,0.07237422506484296,0.9276257749351571,0.5154066964802417,0.19609185330068654,1.0,0.5984,0.06054861822967095
eth_macro_trend_static_70_m2_r7,Family B: ETH-only macro trend with drawdown control,eth,portfolio_insurance,7,0.47656949269171367,0.23968962543586267,-0.8060714253042502,1.6086583876843585,0.5333333333333333,0.4632842516584879,0.10119428103101025,-0.42251091344551406,7.243010301481302,0.18361823947891748,0.8163817605210826,0.31837313527935307,0.5010332190911795,1.0,0.7020000000000001,0.22359462622262524
dual_momentum_macro_trend_static_80_m1_r7,Family D: BTC/ETH dual-momentum macro trend with drawdown control,dual_momentum,portfolio_insurance,7,0.4763074478995789,0.4368380985649222,-0.631739853885465,1.8764489443651464,0.7333333333333333,0.6989520909652216,0.09082263713860406,-0.19938100218956623,4.0727027505696585,0.09601143337702059,0.9039885666229794,0.5415030465353009,0.25740727633465826,1.0,0.6084,0.2621139924002994
btc_macro_trend_tipp_80_m2_r14,Family A: BTC-only macro trend with drawdown control,btc,portfolio_insurance,14,0.47521994319084493,0.6842762369092658,-1.1111977367271542,1.5762459267032163,0.7333333333333333,0.7394677163615874,0.06175636983234156,-0.15228777997374332,1.6763486899539772,0.06664498135774197,0.933355018642258,0.5885962687511238,0.1752104888476387,1.0,0.6120000000000001,0.05519147945232161
balanced_macro_trend_dd_20_reduce_50_r14,Family C: 50/50 BTC/ETH macro trend with drawdown control,balanced,drawdown_brake,14,0.4751612039434855,0.19753188850520578,-0.6667107124678914,1.9222199454293,0.6,0.8523334988406608,0.1987839695417586,-0.33291567782155707,3.819133034379671,0.1970602889885401,0.8029397110114599,0.40796837090331006,0.5349195406616385,1.0,0.7744,0.654801610335455
btc_macro_trend_tipp_75_m1_r14,Family A: BTC-only macro trend with drawdown control,btc,portfolio_insurance,14,0.47482516951776854,0.7114124315399267,-1.0961705555278773,1.7513520131252178,0.7333333333333333,0.7729585616818334,0.048718941214749734,-0.1235972378608875,1.1861377976920702,0.05310125324385198,0.946898746756148,0.6172868108639796,0.13960385838110462,1.0,0.6120000000000001,0.061546130141906685
balanced_macro_trend_tipp_70_m1_r14,Family C: 50/50 BTC/ETH macro trend with drawdown control,balanced,portfolio_insurance,14,0.47469002454365294,0.4286937637109731,-0.5447899082242168,1.999309070317952,0.6,0.8856711697237672,0.0794620502682497,-0.13248520725138124,1.6280338203621172,0.07641754864327062,0.9235824513567293,0.6083988414734859,0.2085647993749237,1.0,0.5984,0.45697740601279413
dual_momentum_macro_trend_static_85_m2_r7,Family D: BTC/ETH dual-momentum macro trend with drawdown control,dual_momentum,portfolio_insurance,7,0.4742957255825655,0.36887403142593966,-0.7860860625865518,1.5791389885158724,0.6,0.4878729518194861,0.09142933229653827,-0.3728496206674281,6.95550831784382,0.15139405612321877,0.8486059438767812,0.368034428057439,0.40918919004732246,1.0,0.6084,0.11899892039354643
btc_macro_trend_dd_25_reduce_50_r7,Family A: BTC-only macro trend with drawdown control,btc,drawdown_brake,7,0.47387837862884014,1.1389097958461436,-0.5709045476673229,2.042584381180627,0.7333333333333333,0.894088790088419,0.24362107913811148,-0.5336966516362123,6.547085201793721,0.19008470353761833,0.8099152964623817,0.20718739708865486,0.5242894839902658,1.0,0.792,-0.24482100575772459
btc_macro_trend_tipp_80_m3_r14,Family A: BTC-only macro trend with drawdown control,btc,portfolio_insurance,14,0.47221595704709884,0.6429276186656847,-1.1014288550103015,1.373502414257697,0.7333333333333333,0.6416436796892133,0.06363657254097066,-0.1764554329631901,2.1421725364795545,0.07405094224176738,0.9259490577582327,0.564428615761677,0.19341068202768893,1.0,0.6120000000000001,-0.0012839389764713882
btc_macro_trend_tipp_80_m1_r14,Family A: BTC-only macro trend with drawdown control,btc,portfolio_insurance,14,0.4717417800529047,0.7098045766804791,-1.0959491506749905,1.746317351921786,0.7333333333333333,0.7734531648772779,0.03886647706646329,-0.09885269580559886,0.9438507454019339,0.042086446728849786,0.9579135532711502,0.6420313529192683,0.11064579440182049,1.0,0.6120000000000001,0.06364858819679875
balanced_macro_trend_tipp_85_m2_r7,Family C: 50/50 BTC/ETH macro trend with drawdown control,balanced,portfolio_insurance,7,0.47172201850463547,0.4926682755844377,-0.6135788640415458,1.8084473502020346,0.6,0.5540469626398116,0.048574230345277636,-0.1714509294946298,2.0957676560427165,0.053709435641078905,0.9462905643589211,0.5694331192302373,0.14552118195610503,1.0,0.5984,0.06137868705537386
dual_momentum_macro_trend_static_70_m1_r14,Family D: BTC/ETH dual-momentum macro trend with drawdown control,dual_momentum,portfolio_insurance,14,0.47168234797044817,0.4133748173794839,-0.7697325887823684,1.6552200810933464,0.6666666666666666,0.6730906094523071,0.09325003541613253,-0.22447059205291664,3.326111724901034,0.12033991619523213,0.8796600838047679,0.5164134566719505,0.32132574603117153,1.0,0.6084,0.25971579207282325
frozen_pi_tipp_70_m1_r14,Family G: Frozen macro allocation plus portfolio-insurance overlay,frozen,portfolio_insurance,14,0.4715537299332606,0.6051379703138193,-1.0615953931296132,1.9845930783068497,0.7333333333333333,0.7255464722198589,0.07406172093335028,-0.22806723990276911,1.7490282907183432,0.1032481152550239,0.8967518847449761,0.512816808822098,0.2812763339664837,1.0,0.5616,0.12040850190603958
balanced_macro_trend_tipp_75_m1_r14,Family C: 50/50 BTC/ETH macro trend with drawdown control,balanced,portfolio_insurance,14,0.4707792279464984,0.4296552790314917,-0.5518953948253672,1.9961317228113873,0.6,0.8857334909472,0.0659862022627895,-0.1102417824862395,1.348984300295554,0.0632395467441304,0.9367604532558695,0.6306422662386276,0.17259835749013058,1.0,0.5984,0.4560782119157083
eth_macro_trend_static_75_m2_r7,Family B: ETH-only macro trend with drawdown control,eth,portfolio_insurance,7,0.47048046925066955,0.2166354613238927,-0.7991644297298635,1.4800615579703036,0.5333333333333333,0.40446092959163926,0.07834060231230633,-0.36361092598883726,7.040016226060361,0.1705808497071918,0.8294191502928082,0.37727312273602986,0.4628953121334046,1.0,0.7020000000000001,0.18782546826774657
btc_macro_trend_tipp_85_m2_r14,Family A: BTC-only macro trend with drawdown control,btc,portfolio_insurance,14,0.47035980193688787,0.6818961800981399,-1.109999277898826,1.5661816547131753,0.7333333333333333,0.7388754078638636,0.04615455351669029,-0.11414933444673814,1.2446694611158013,0.04921460411661212,0.9507853958833878,0.626734714278129,0.12938580925438162,1.0,0.6120000000000001,0.05697922776572373
dual_momentum_macro_trend_static_85_m1_r7,Family D: BTC/ETH dual-momentum macro trend with drawdown control,dual_momentum,portfolio_insurance,7,0.47018309329998575,0.427636377879099,-0.6303901951943153,1.829044573931114,0.7333333333333333,0.6852779709328904,0.07228369597962403,-0.16637892560721834,3.3098146020253583,0.07687011442281859,0.9231298855771815,0.5745051231176488,0.2060892759241638,1.0,0.6084,0.2576415930537915
btc_macro_trend_tipp_85_m1_r14,Family A: BTC-only macro trend with drawdown control,btc,portfolio_insurance,14,0.4687175258126307,0.7082364176324031,-1.0957173178650872,1.7413549559295127,0.7333333333333333,0.7739355262439548,0.02906777458605836,-0.07412211691588544,0.704164067180411,0.03127895777761012,0.9687210422223899,0.6667619318089817,0.08223277088850256,1.0,0.6120000000000001,0.0656991086115517
eth_macro_trend_tipp_75_m3_r14,Family B: ETH-only macro trend with drawdown control,eth,portfolio_insurance,14,0.4681942032562286,0.4805318138745388,-0.9194721461407032,1.5736132767661875,0.5333333333333333,0.7489626899730006,0.13546022485163545,-0.22260372923587546,2.014711389393421,0.10732405999378407,0.892675940006216,0.5182803194889917,0.2943382040597455,1.0,0.6120000000000001,0.26843087609846183
dual_momentum_macro_trend_static_75_m1_r14,Family D: BTC/ETH dual-momentum macro trend with drawdown control,dual_momentum,portfolio_insurance,14,0.4677776775038286,0.4136787025536839,-0.7645336124755471,1.6158392685690715,0.6666666666666666,0.6590660432557975,0.0802397272355877,-0.20126677781582347,2.9170764519039634,0.10441548969015045,0.8955845103098495,0.5396172709090437,0.27880512287764914,1.0,0.6084,0.24538734070211365
balanced_macro_trend_tipp_80_m1_r14,Family C: 50/50 BTC/ETH macro trend with drawdown control,balanced,portfolio_insurance,14,0.46692963834097245,0.4305678395295001,-0.5587314858679927,1.9929512332182682,0.6,0.885836706621689,0.052602574419168935,-0.08806291603042693,1.0731110899708276,0.05024750845238662,0.9497524915476134,0.6528211326944402,0.137139462146103,1.0,0.5984,0.4552688670921889
btc_macro_trend_tipp_85_m3_r14,Family A: BTC-only macro trend with drawdown control,btc,portfolio_insurance,14,0.4667617000556945,0.6402393380290502,-1.0983655375443984,1.360047583622365,0.7333333333333333,0.6380232024355283,0.04745568391063837,-0.13223183544555173,1.5848660070763176,0.054369088816359705,0.9456309111836403,0.6086522132793154,0.1420044395230527,1.0,0.6120000000000001,-0.0022161355935218507
balanced_macro_trend_tipp_70_m2_r14,Family C: 50/50 BTC/ETH macro trend with drawdown control,balanced,portfolio_insurance,14,0.4661361290102922,0.3393075678053415,-0.7269960235199859,1.8881986879868538,0.6,0.8528083866423251,0.1300684054287118,-0.21275180839741514,2.8168403209708197,0.12898678542764797,0.871013214572352,0.528132240327452,0.35013422727899923,1.0,0.5984,0.5135008188369836
frozen_pi_tipp_75_m1_r14,Family G: Frozen macro allocation plus portfolio-insurance overlay,frozen,portfolio_insurance,14,0.46571824527050343,0.5981128306851395,-1.0778768802898369,1.9809264069473618,0.7333333333333333,0.7292745192844027,0.061982431629853174,-0.19031777121718685,1.4362824569839985,0.08483630401758097,0.915163695982419,0.5505662775076803,0.23111748357237094,1.0,0.5616,0.13116168859926314
btc_macro_trend_dd_20_reduce_50_r7,Family A: BTC-only macro trend with drawdown control,btc,drawdown_brake,7,0.4636015220404229,1.0976783826613403,-0.6419716515623021,1.9845678662407567,0.7333333333333333,0.8513052448782038,0.22648593186289645,-0.5336966516362123,6.45615346287992,0.18572496263079222,0.8142750373692078,0.20718739708865486,0.5122644958253515,1.0,0.792,-0.24637313778313652
dual_momentum_macro_trend_static_80_m1_r14,Family D: BTC/ETH dual-momentum macro trend with drawdown control,dual_momentum,portfolio_insurance,14,0.4635374844712177,0.41391034937629195,-0.7594072877797231,1.5730067947663768,0.6666666666666666,0.6432820910330973,0.06642492635405661,-0.17425097216834595,2.465590331504849,0.08728238373888822,0.9127176162611118,0.5666330765565212,0.23305714310767017,1.0,0.6084,0.22937174165680535
balanced_macro_trend_tipp_85_m1_r14,Family C: 50/50 BTC/ETH macro trend with drawdown control,balanced,portfolio_insurance,14,0.4631384387684875,0.43143184342941276,-0.5653128677855925,1.989769057183642,0.6,0.8859775832468886,0.03931164582519342,-0.06594903339230351,0.8003438584647863,0.03743417092609214,0.9625658290739079,0.6749350153325636,0.10216829102191487,1.0,0.5984,0.4545457398174758
dual_momentum_macro_trend_dd_15_reduce_50_r14,Family D: BTC/ETH dual-momentum macro trend with drawdown control,dual_momentum,drawdown_brake,14,0.4630862940305125,0.259296927560564,-0.8995596359840561,1.8612012454660203,0.6,0.823894013725479,0.18080468659272908,-0.3337489426621022,4.182859990034878,0.17962132536123568,0.8203786746387643,0.40713510606276493,0.47961605923981515,1.0,0.6864,0.564597086164915
eth_macro_trend_tipp_80_m3_r14,Family B: ETH-only macro trend with drawdown control,eth,portfolio_insurance,14,0.46167265436656624,0.4791985599216011,-0.9148194927174526,1.5586965172352603,0.5333333333333333,0.7509868906304031,0.1092926343019558,-0.17956220894653185,1.5326125175117333,0.08309391474204283,0.9169060852579571,0.5613218397783353,0.22788658605426432,1.0,0.6120000000000001,0.27178833070880204
btc_macro_trend_dd_15_reduce_50_r7,Family A: BTC-only macro trend with drawdown control,btc,drawdown_brake,7,0.4613670441203647,1.1100065266077654,-0.6377613373044074,1.791769979564458,0.7333333333333333,0.7438641290025911,0.17537902470705613,-0.5336966516362123,6.183358246138515,0.1735176880916791,0.8264823119083209,0.20718739708865486,0.4730106934658702,1.0,0.792,-0.3661423976051743
eth_macro_trend_static_70_m1_r7,Family B: ETH-only macro trend with drawdown control,eth,portfolio_insurance,7,0.4610740550877742,0.1643077139354153,-0.6101032963425045,1.6623267640650798,0.5333333333333333,0.5618850222967232,0.09419626268943282,-0.21079372792783868,4.466010109552838,0.11761617895452141,0.8823838210454786,0.5300903207970284,0.31644352909192663,1.0,0.7020000000000001,0.3975773083613079
frozen_pi_tipp_80_m1_r14,Family G: Frozen macro allocation plus portfolio-insurance overlay,frozen,portfolio_insurance,14,0.4604983196090039,0.5951115561406665,-1.0930514963388507,1.9773369587784928,0.7333333333333333,0.7329434716215775,0.04978074004220101,-0.15245208647647301,1.1329182296883589,0.0669608117491212,0.9330391882508788,0.5884319622483941,0.18241971392592762,1.0,0.5616,0.137831915480911
dual_momentum_macro_trend_tipp_70_m1_r7,Family D: BTC/ETH dual-momentum macro trend with drawdown control,dual_momentum,portfolio_insurance,7,0.4591292295951084,0.41502991374981424,-0.6406907579424624,2.1037982804202033,0.6,0.6988209153945926,0.07282735508507177,-0.1830095071007638,2.679440872291994,0.07252444873945019,0.9274755512605498,0.5578745416241033,0.19443851800844478,1.0,0.5304000000000001,0.28379100164477833
balanced_macro_trend_tipp_75_m2_r14,Family C: 50/50 BTC/ETH macro trend with drawdown control,balanced,portfolio_insurance,14,0.4589419335859569,0.3381017789930163,-0.7373806765696773,1.8789609840746264,0.6,0.8529918520972916,0.10798682193209874,-0.17675107041997828,2.309736675254063,0.1058093211711108,0.8941906788288891,0.5641329783048888,0.2872190727471321,1.0,0.5984,0.5148900731042753
dual_momentum_macro_trend_static_85_m1_r14,Family D: BTC/ETH dual-momentum macro trend with drawdown control,dual_momentum,portfolio_insurance,14,0.4588775972160989,0.41402800722113636,-0.7545100890424127,1.5261503912869259,0.6666666666666666,0.6254768379623794,0.05168028112381129,-0.14239979548097137,1.9624965476987863,0.06867876936767715,0.9313212306323229,0.5984842532438958,0.18338268382844342,1.0,0.6084,0.21144883074124304
frozen_pi_tipp_70_m2_r14,Family G: Frozen macro allocation plus portfolio-insurance overlay,frozen,portfolio_insurance,14,0.4588767422534802,0.40050407642827196,-1.576408375317143,1.8653739090935597,0.7333333333333333,0.7761070459136621,0.13076883967599007,-0.2952934551880195,2.3312068209575005,0.1448445649583659,0.8551554350416342,0.4455905935368476,0.3932460000351506,1.0,0.5616,0.3756029694853901
btc_macro_trend_static_70_m3_r7,Family A: BTC-only macro trend with drawdown control,btc,portfolio_insurance,7,0.4579673266774485,1.1389097958461436,-0.6242274266012539,1.9390462953469647,0.7333333333333333,0.8893563418982876,0.24251309165744606,-0.5336966516362123,6.642239941889215,0.17662775914293105,0.823372240857069,0.20718739708865486,0.4871726918367087,1.0,0.7020000000000001,-0.249553453947856
eth_macro_trend_static_75_m1_r7,Family B: ETH-only macro trend with drawdown control,eth,portfolio_insurance,7,0.4563499729061441,0.15712492312903795,-0.6094010117726144,1.630322059683812,0.5333333333333333,0.5499465125003205,0.08207762076465874,-0.18893075418549976,3.972184967294231,0.10301568923829657,0.8969843107617035,0.5519532945393674,0.27716125914113127,1.0,0.7020000000000001,0.39282158937128253
frozen_pi_tipp_85_m1_r14,Family G: Frozen macro allocation plus portfolio-insurance overlay,frozen,portfolio_insurance,14,0.45592214149413224,0.5964805074828297,-1.1072231348435913,1.9738205865659555,0.7333333333333333,0.7365528350186058,0.03746953460000668,-0.11447952228707436,0.8382178318785947,0.04957678170183326,0.9504232182981668,0.6264045264377928,0.1350608228780213,1.0,0.5616,0.14007232753577614
eth_macro_trend_tipp_85_m3_r14,Family B: ETH-only macro trend with drawdown control,eth,portfolio_insurance,14,0.4557493236330792,0.47794584438412124,-0.9071125881836346,1.5440819545312499,0.5333333333333333,0.7536675461970632,0.08262791907662836,-0.13577630771989202,1.0921217941894974,0.06034258162255919,0.9396574183774408,0.6051077410049751,0.16549063745949746,1.0,0.6120000000000001,0.275721701812942
dual_momentum_macro_trend_tipp_75_m1_r7,Family D: BTC/ETH dual-momentum macro trend with drawdown control,dual_momentum,portfolio_insurance,7,0.4549906013914582,0.4101317692067215,-0.6441643100310823,2.099540863089111,0.6,0.6956159781311491,0.060612694536281264,-0.15330337726539245,2.2189045005939225,0.05999644893872647,0.9400035510612735,0.5875806714594747,0.16085086919205643,1.0,0.5304000000000001,0.28548420892442755
frozen_dd_25_reduce_50_r7,Family E: Frozen macro allocation plus drawdown-control overlay,frozen,drawdown_brake,7,0.4523971103065318,0.02196248660844921,-0.7084765391330227,2.0811456732184035,0.4,0.590647948268137,0.15820565073725068,-0.5521821020584393,8.456651718983556,0.3217488789237668,0.6782511210762332,0.1887019466664278,0.8634417966868028,1.0,0.7979999999999999,0.5686854616596878
frozen_pi_tipp_70_m1_r7,Family G: Frozen macro allocation plus portfolio-insurance overlay,frozen,portfolio_insurance,7,0.452336656307054,0.39858069541768143,-0.9113535279230986,2.01951151016698,0.6666666666666666,0.5844977882062572,0.06506949544979013,-0.2293924189869737,2.773842725110435,0.10321386908822529,0.8967861309117747,0.5114916297378934,0.2769012018371041,1.0,0.5616,0.18591709278857577
balanced_macro_trend_tipp_80_m2_r14,Family C: 50/50 BTC/ETH macro trend with drawdown control,balanced,portfolio_insurance,14,0.4520877438280142,0.3368589184433804,-0.7469301561430587,1.8696322266040069,0.6,0.8533582307782921,0.08604406952453458,-0.14096883546182182,1.8179799940046595,0.08334293361575276,0.9166570663842473,0.5999152132630453,0.22746610611694573,1.0,0.5984,0.5164993123349118
frozen_pi_tipp_75_m2_r14,Family G: Frozen macro allocation plus portfolio-insurance overlay,frozen,portfolio_insurance,14,0.45160614434317603,0.3988774856024722,-1.5797003267175196,1.8611579463688517,0.7333333333333333,0.7838806785309512,0.11054288075740204,-0.24624337171004895,1.90813146582333,0.11876369972001902,0.881236300279981,0.4946406770148182,0.32243771022887613,1.0,0.5616,0.385003192928479
eth_macro_trend_static_80_m1_r7,Family B: ETH-only macro trend with drawdown control,eth,portfolio_insurance,7,0.45121495619145724,0.1489258757765267,-0.6073907533013087,1.593401233822241,0.5333333333333333,0.5360273006136619,0.06884669778147035,-0.164905792057084,3.4103689374753845,0.08703682009340885,0.9129631799065911,0.5759782566677831,0.23417049215607622,1.0,0.7020000000000001,0.38710142483713517
dual_momentum_macro_trend_tipp_80_m1_r7,Family D: BTC/ETH dual-momentum macro trend with drawdown control,dual_momentum,portfolio_insurance,7,0.4509335005268006,0.4053641366811713,-0.6473660610020807,2.0953036153682048,0.6,0.69260973513184,0.048430144705959854,-0.1232752086500688,1.7641159745391757,0.047654919666924256,0.9523450803330757,0.6176088400747983,0.12776314907455424,1.0,0.5304000000000001,0.28724559845066866
frozen_vol_50_r7,Family F: Frozen macro allocation plus volatility-managed exposure overlay,frozen,vol_target,7,0.44831083551432754,0.2513552955096982,-0.5426074984592111,2.1785457082554514,0.6,0.6005699066772515,0.15817586680530438,-0.6616226523510884,9.94605011728722,0.3503884856979777,0.6496115143020222,0.07926139637377871,0.9301217920835145,1.0,0.88,0.3492146111675533
dual_momentum_macro_trend_tipp_85_m1_r7,Family D: BTC/ETH dual-momentum macro trend with drawdown control,dual_momentum,portfolio_insurance,7,0.4469544277288312,0.4007232742178069,-0.6503112448655003,2.091091916684778,0.6,0.6897954356248795,0.03627861195473603,-0.09292794049936193,1.3149494856839357,0.035491846507634525,0.9645081534923655,0.6479561082255052,0.09515387095350392,1.0,0.5304000000000001,0.28907216140707265
eth_macro_trend_static_80_m2_r7,Family B: ETH-only macro trend with drawdown control,eth,portfolio_insurance,7,0.44676270570772725,0.07390008423729263,-0.7918425150512249,1.3169890383099525,0.4666666666666667,0.3139926779175926,0.048237116160289695,-0.33444677633183006,6.115297316588122,0.1429256965595973,0.8570743034404027,0.40643727239303706,0.3878491344978318,1.0,0.7020000000000001,0.24009259368029998
frozen_pi_tipp_75_m1_r7,Family G: Frozen macro allocation plus portfolio-insurance overlay,frozen,portfolio_insurance,7,0.44591924276255823,0.39473090718473475,-0.9286019712393668,2.0157974600609174,0.6666666666666666,0.583130108575543,0.05453750873145524,-0.19140985355638174,2.282544247471829,0.0848249388723601,0.9151750611276399,0.5494741951684854,0.2275675519870124,1.0,0.5616,0.1883992013908083
eth_macro_trend_static_85_m1_r7,Family B: ETH-only macro trend with drawdown control,eth,portfolio_insurance,7,0.445552634496017,0.1394549295236038,-0.6039481387269124,1.5501530538395887,0.5333333333333333,0.5195791237250013,0.054309120905483343,-0.1361222237174715,2.762824656767532,0.06933015962467912,0.9306698403753209,0.6047618250073956,0.18653114375211285,1.0,0.7020000000000001,0.3801241942013974
balanced_macro_trend_tipp_85_m2_r14,Family C: 50/50 BTC/ETH macro trend with drawdown control,balanced,portfolio_insurance,14,0.4452841279638099,0.3355935321121227,-0.7556998220073887,1.861073755712618,0.6,0.8539968156256249,0.06427838221884552,-0.10540442010206497,1.342122748276326,0.06158110306298465,0.9384188969370153,0.6354796286228022,0.16807200222522334,1.0,0.5984,0.5184032835135022
balanced_macro_trend_tipp_70_m3_r14,Family C: 50/50 BTC/ETH macro trend with drawdown control,balanced,portfolio_insurance,14,0.444852513387889,0.25384388290352844,-0.9308066286275302,1.814060774618685,0.5333333333333333,0.8233345744668238,0.15684257433905913,-0.2538640816971973,3.43582293849469,0.15298670685204427,0.8470132931479557,0.4870199670276698,0.41528193923125395,1.0,0.5984,0.5694906915632953
frozen_pi_tipp_80_m2_r14,Family G: Frozen macro allocation plus portfolio-insurance overlay,frozen,portfolio_insurance,14,0.4447579106877082,0.3980927378390904,-1.5822598079634573,1.856863958506967,0.7333333333333333,0.7915163175480174,0.08954090915432666,-0.1971164520370673,1.5005745251927722,0.09355547621716459,0.9064445237828354,0.5437675966877998,0.2548709127314764,1.0,0.5616,0.39342357970892705
dual_momentum_macro_trend_tipp_70_m2_r7,Family D: BTC/ETH dual-momentum macro trend with drawdown control,dual_momentum,portfolio_insurance,7,0.44459424311070483,0.31342734366177294,-0.8207203003503883,1.7839904933383275,0.5333333333333333,0.4852896961884165,0.07373582563907499,-0.32893698321656417,4.133340845700279,0.10281314537885833,0.8971868546211417,0.41194706550830296,0.2756427103785463,1.0,0.5304000000000001,0.17186235252664356
frozen_dd_20_reduce_50_r7,Family E: Frozen macro allocation plus drawdown-control overlay,frozen,drawdown_brake,7,0.4433521541469139,0.02196248660844921,-0.7169199378138815,1.9688775234395806,0.4,0.5605287150194311,0.14076342627247262,-0.5631865590077523,7.820129546586945,0.3016940707523667,0.6983059292476332,0.17769748971711485,0.8108216521893651,1.0,0.7979999999999999,0.5385662284109819
dual_momentum_macro_trend_dd_20_reduce_50_r14,Family D: BTC/ETH dual-momentum macro trend with drawdown control,dual_momentum,drawdown_brake,14,0.443076217782157,0.16352963248518412,-1.0572686765111003,1.940129636099338,0.5333333333333333,0.7608912183973728,0.16556990646332825,-0.372906755984196,4.246512207274539,0.18136522172396613,0.8186347782760339,0.36797729274067115,0.4842725258343765,1.0,0.6864,0.5973615859121887
dual_momentum_macro_trend_tipp_70_m1_r14,Family D: BTC/ETH dual-momentum macro trend with drawdown control,dual_momentum,portfolio_insurance,14,0.44064975969484244,0.4147707616008142,-0.9522350933258859,1.9001874681530497,0.6,0.7438283169547233,0.06516389912625198,-0.150450979389253,1.8173803248427516,0.07373094830653677,0.9262690516934632,0.5904330693356141,0.19687276440967255,1.0,0.5304000000000001,0.32905755535390907
frozen_pi_tipp_80_m1_r7,Family G: Frozen macro allocation plus portfolio-insurance overlay,frozen,portfolio_insurance,7,0.4397783214217533,0.39148516736355504,-0.9447803276910942,2.012154389578624,0.6666666666666666,0.5818716769262031,0.0438723392290421,-0.15331768018218572,1.8040849311892466,0.06696461746790942,0.9330353825320906,0.5875663685426814,0.1796520489080416,1.0,0.5616,0.19038650956264808
eth_macro_trend_static_85_m2_r7,Family B: ETH-only macro trend with drawdown control,eth,portfolio_insurance,7,0.43905518607138405,0.050039196872582674,-0.755718669529474,1.216742479372865,0.4666666666666667,0.2962316577777819,0.04117579275909078,-0.29797574049423525,5.107393017947397,0.11714003818323372,0.8828599618167663,0.4429083082306319,0.31693733274684455,1.0,0.7020000000000001,0.2461924609051992
dual_momentum_macro_trend_tipp_75_m2_r7,Family D: BTC/ETH dual-momentum macro trend with drawdown control,dual_momentum,portfolio_insurance,7,0.4386778294164243,0.3051680530053391,-0.8216245005507574,1.7725992130490453,0.5333333333333333,0.48324776081230775,0.06303960952368626,-0.2769597161082056,3.3858562472970237,0.08454173207118607,0.9154582679288139,0.46392433261666155,0.226656932655136,1.0,0.5304000000000001,0.17807970780696863
dual_momentum_macro_trend_tipp_70_m2_r14,Family D: BTC/ETH dual-momentum macro trend with drawdown control,dual_momentum,portfolio_insurance,14,0.43834041326819906,0.3314040094178892,-1.1724752317352791,1.7363170866385833,0.5333333333333333,0.7006897384978775,0.09637629986666973,-0.2334225144917772,2.8071737985879923,0.11224063974724852,0.8877593602527515,0.5074615342330899,0.2996994550277867,1.0,0.5304000000000001,0.3692857290799883
frozen_pi_tipp_85_m2_r14,Family G: Frozen macro allocation plus portfolio-insurance overlay,frozen,portfolio_insurance,14,0.4381113381956051,0.39809077172166407,-1.5842324384734818,1.853238766764729,0.7333333333333333,0.7988618702610425,0.06787583181051993,-0.14791884065285743,1.1074917277063732,0.06915874187595286,0.9308412581240472,0.5929652080720097,0.18840748161410936,1.0,0.5616,0.4007710985393784
dual_momentum_macro_trend_tipp_75_m1_r14,Family D: BTC/ETH dual-momentum macro trend with drawdown control,dual_momentum,portfolio_insurance,14,0.43675527050993435,0.4147152140284057,-0.9599024845733473,1.8936104690153344,0.6,0.7433254987567107,0.054141209287045466,-0.1253936456004775,1.5017312239492373,0.06089285347089703,0.939107146529103,0.6154904031243896,0.16259311281021172,1.0,0.5304000000000001,0.328610284728305
eth_macro_trend_tipp_70_m1_r7,Family B: ETH-only macro trend with drawdown control,eth,portfolio_insurance,7,0.4344664419616119,0.12904323034393442,-0.6155747673800863,1.8250953477379241,0.5333333333333333,0.5542199622454711,0.06181625749015973,-0.18722274277782158,2.296976122765005,0.06868381836285307,0.9313161816371469,0.5536613059470455,0.18479217797624758,1.0,0.6120000000000001,0.4251767319015367
frozen_pi_tipp_85_m1_r7,Family G: Frozen macro allocation plus portfolio-insurance overlay,frozen,portfolio_insurance,7,0.4338950536696137,0.38883178652175465,-0.9599827245975594,2.008579061269746,0.6666666666666666,0.5807171624727536,0.033080045473400155,-0.11512378276783175,1.3374675186250324,0.049588819404381146,0.9504111805956188,0.6257602659570354,0.1330364205126258,1.0,0.5616,0.19188537595099897
dual_momentum_macro_trend_tipp_80_m2_r7,Family D: BTC/ETH dual-momentum macro trend with drawdown control,dual_momentum,portfolio_insurance,7,0.43300509930512077,0.29750561465246406,-0.8220153029928001,1.7664319651116478,0.5333333333333333,0.48393648809124745,0.051925500270499025,-0.2238192010157788,2.6595409419710623,0.06680462164221158,0.9331953783577884,0.5170648477090883,0.1791036244190137,1.0,0.5304000000000001,0.1864308734387834
dual_momentum_macro_trend_tipp_80_m1_r14,Family D: BTC/ETH dual-momentum macro trend with drawdown control,dual_momentum,portfolio_insurance,14,0.432934412716268,0.4146048706703074,-0.9672680322811799,1.8870536347091083,0.6,0.7428830542264712,0.0431827793616697,-0.10032672110060459,1.1913989170499928,0.048286631742149165,0.9517133682578508,0.6405573276242625,0.12893259741602897,1.0,0.5304000000000001,0.3282781835561638
dual_momentum_macro_trend_tipp_75_m2_r14,Family D: BTC/ETH dual-momentum macro trend with drawdown control,dual_momentum,portfolio_insurance,14,0.43267372654194836,0.3302858625586576,-1.182055461069643,1.720882983538584,0.5333333333333333,0.7006554258743618,0.08013583215295483,-0.1943336257204521,2.2869459271249513,0.09150684496998858,0.9084931550300114,0.546550423004415,0.24433709243438298,1.0,0.5304000000000001,0.3703695633157042
balanced_macro_trend_tipp_75_m3_r14,Family C: 50/50 BTC/ETH macro trend with drawdown control,balanced,portfolio_insurance,14,0.43165653487697153,0.23791950832801245,-0.9271199557680798,1.7004519801656992,0.5333333333333333,0.8176879353107712,0.12548341000744534,-0.2157066376597031,2.45156745121279,0.11418923503555184,0.8858107649644482,0.525177411065164,0.3099663228306412,1.0,0.5984,0.5797684269827588
eth_macro_trend_tipp_75_m1_r7,Family B: ETH-only macro trend with drawdown control,eth,portfolio_insurance,7,0.43048798032557667,0.12379886132482873,-0.6185469992727609,1.8207723083456255,0.5333333333333333,0.5494152965200048,0.05163995029297941,-0.15693587620116956,1.9052700388624682,0.05683355675662952,0.9431664432433705,0.5839481725236976,0.15290933127378897,1.0,0.6120000000000001,0.425616435195176
dual_momentum_macro_trend_tipp_85_m1_r14,Family D: BTC/ETH dual-momentum macro trend with drawdown control,dual_momentum,portfolio_insurance,14,0.42918347248968214,0.4144416919860884,-0.9743472313071196,1.8804911041327375,0.6,0.7424855525662587,0.032287196003931484,-0.07525220040648595,0.8862161469302109,0.03590099966480872,0.9640990003351912,0.6656318483183812,0.09586108969732317,1.0,0.5304000000000001,0.3280438605801703
dual_momentum_macro_trend_tipp_85_m2_r7,Family D: BTC/ETH dual-momentum macro trend with drawdown control,dual_momentum,portfolio_insurance,7,0.4275579611335637,0.2903952046597889,-0.8219333610055812,1.7618740333161425,0.5333333333333333,0.4859516599105608,0.0401123957826075,-0.16953476136209733,1.9596889732158953,0.0495629369633143,0.9504370630366857,0.5713492873627698,0.1328785558358986,1.0,0.5304000000000001,0.19555645525077187
dual_momentum_macro_trend_tipp_80_m2_r14,Family D: BTC/ETH dual-momentum macro trend with drawdown control,dual_momentum,portfolio_insurance,14,0.4272372761032073,0.3291188229663678,-1.1906523980391084,1.7056476544269281,0.5333333333333333,0.7008256840481509,0.06395355557853,-0.15531489498018214,1.7892599356978065,0.07165667228312216,0.9283433277168779,0.585569153744685,0.1913341342379766,1.0,0.5304000000000001,0.37170686108178314
eth_macro_trend_tipp_80_m1_r7,Family B: ETH-only macro trend with drawdown control,eth,portfolio_insurance,7,0.4265843486425911,0.11866597702313791,-0.6212641423513096,1.8164613743858298,0.5333333333333333,0.5448442923600989,0.04141492355512799,-0.12627951349196653,1.5172035295165889,0.04515619418590679,0.9548438058140932,0.6146045352329006,0.12149166530970161,1.0,0.6120000000000001,0.426178315336961
dual_momentum_macro_trend_tipp_70_m3_r14,Family D: BTC/ETH dual-momentum macro trend with drawdown control,dual_momentum,portfolio_insurance,14,0.42657179733876394,0.2206170148222119,-1.368106989935492,1.5313342474303302,0.5333333333333333,0.6033423331473335,0.09471971440181992,-0.26827376123928803,3.0715297558007473,0.11722091616669876,0.8827790838333013,0.4726102874855791,0.31126478942839275,1.0,0.5304000000000001,0.38272531832512163
frozen_dd_25_cash_r14,Family E: Frozen macro allocation plus drawdown-control overlay,frozen,drawdown_brake,14,0.4245172452810103,0.0,-0.5471641798637623,0.0,0.0,-0.2880778170437403,-0.048518952820843286,-0.34216440337705956,1.182112605879422,0.026158445440956652,0.9738415545590433,0.39871964534780757,0.06760429406169317,1.0,0.7392,-0.2880778170437403
balanced_macro_trend_tipp_80_m3_r14,Family C: 50/50 BTC/ETH macro trend with drawdown control,balanced,portfolio_insurance,14,0.42365030096226897,0.23470985615517134,-0.9299857769563934,1.685595868449279,0.5333333333333333,0.8214949712782834,0.10063708836973895,-0.17350471295909453,1.8890373349382956,0.088809085458367,0.911190914541633,0.5673793357657726,0.24238475873860502,1.0,0.5984,0.586785115123112
eth_macro_trend_tipp_85_m1_r7,Family B: ETH-only macro trend with drawdown control,eth,portfolio_insurance,7,0.4227517381844711,0.1136402234985683,-0.6237401958382102,1.8121670304380944,0.5333333333333333,0.5405003626903783,0.031139734304052258,-0.09525574671933335,1.1327121210518614,0.03364258425814954,0.9663574157418504,0.6456283020055338,0.09051457193264044,1.0,0.6120000000000001,0.42686013919181
dual_momentum_macro_trend_tipp_85_m2_r14,Family D: BTC/ETH dual-momentum macro trend with drawdown control,dual_momentum,portfolio_insurance,14,0.4220169094464774,0.3279173200569217,-1.1983571949419305,1.6905891279421512,0.5333333333333333,0.7011773683151645,0.0478400951947664,-0.11637031115418395,1.3128312756533314,0.05263081441365477,0.9473691855863452,0.6245137375706832,0.14053222106503171,1.0,0.5304000000000001,0.3732600482582428
frozen_pi_static_70_m2_r14,Family G: Frozen macro allocation plus portfolio-insurance overlay,frozen,portfolio_insurance,14,0.41939826067145647,0.6871808315736354,-0.7022775568074161,2.0842471799651654,0.7333333333333333,0.5933353072084564,0.1671186449228117,-0.7477117628040507,6.741569023638994,0.4221366919159153,0.5778633080840847,-0.006827714079183589,0.9522727272727272,1.0,0.648,-0.09384552436517901
frozen_pi_static_80_m3_r7,Family G: Frozen macro allocation plus portfolio-insurance overlay,frozen,portfolio_insurance,7,0.4177533085227657,0.0,-0.4745521276378361,0.0,0.0,-0.21701144778316794,-0.05357044223213003,-0.4305536273258117,1.2924985488902982,0.018054298157952058,0.981945701842048,0.3103304213990554,0.04759769514369179,1.0,0.648,-0.21701144778316794
frozen_pi_static_80_m3_r14,Family G: Frozen macro allocation plus portfolio-insurance overlay,frozen,portfolio_insurance,14,0.4175602261768566,0.6741832068532053,-0.704637574450474,2.0726694980377487,0.7333333333333333,0.5621729514078834,0.1520502253434235,-0.7480268396033251,6.717885060613556,0.41492293225343413,0.5850770677465659,-0.0071427908784579275,0.9522727272727272,1.0,0.648,-0.11201025544532195
eth_macro_trend_tipp_70_m2_r7,Family B: ETH-only macro trend with drawdown control,eth,portfolio_insurance,7,0.41751908291553785,0.015691969033754097,-0.7931395199256491,1.4669749621619546,0.4666666666666667,0.3156040804362895,0.04338419960207229,-0.34155325329177855,3.5361904304953122,0.09444446233626791,0.9055555376637321,0.3993307954330886,0.2541005772380541,1.0,0.6120000000000001,0.29991211140253543
btc_macro_trend_dd_10_cash_r14,Family A: BTC-only macro trend with drawdown control,btc,drawdown_brake,14,0.41742039301458045,0.0,-0.5794083712690734,0.0,0.0,-0.17238381871375993,-0.011202698686033408,-0.12780865644635908,0.27279521674140506,0.006975585450921774,0.9930244145490782,0.613075392278508,0.01718228624058221,1.0,0.738,-0.17238381871375993
dual_momentum_macro_trend_tipp_75_m3_r14,Family D: BTC/ETH dual-momentum macro trend with drawdown control,dual_momentum,portfolio_insurance,14,0.41715765016125483,0.2138251551581465,-1.3580464932514347,1.3944400669971055,0.5333333333333333,0.5933343999492999,0.07521932271899989,-0.23022422627441363,2.148171952302159,0.08475174340341556,0.9152482565965845,0.5106598224504535,0.2250471539280433,1.0,0.5304000000000001,0.37950924479115344
frozen_pi_tipp_70_m3_r14,Family G: Frozen macro allocation plus portfolio-insurance overlay,frozen,portfolio_insurance,14,0.41705571884016146,0.14304171487847953,-1.6245570858452212,1.8911432228373402,0.6666666666666666,0.8592566873236122,0.19256553990616188,-0.30769164523127956,2.9283461319466304,0.18135080336766723,0.8186491966323328,0.43319240349358756,0.4916234934885208,1.0,0.5616,0.7162149724451327
balanced_macro_trend_static_85_m3_r7,Family C: 50/50 BTC/ETH macro trend with drawdown control,balanced,portfolio_insurance,7,0.4164960198561797,0.0,-0.5389619199016924,0.0,0.0,-0.2522178750731151,-0.06031908665292951,-0.4388495771115475,0.8005595770618372,0.012750435001798894,0.9872495649982012,0.30203447161331964,0.035270683836145,1.0,0.6864,-0.2522178750731151
balanced_macro_trend_tipp_85_m3_r14,Family C: 50/50 BTC/ETH macro trend with drawdown control,balanced,portfolio_insurance,14,0.4159596539187258,0.231707923435193,-0.9313173523082777,1.6705319333800224,0.5333333333333333,0.8255039129555607,0.07562221621082155,-0.13085784475446427,1.3640703807024528,0.06477548553598897,0.935224514464011,0.6100262039704029,0.17679036275153404,1.0,0.5984,0.5937959895203677
frozen_pi_static_85_m3_r7,Family G: Frozen macro allocation plus portfolio-insurance overlay,frozen,portfolio_insurance,7,0.4159219160734672,0.0,-0.4840813338338101,0.0,0.0,-0.22354789207749326,-0.03857016304834948,-0.33926361300884356,0.9827352260433921,0.013543214403810979,0.986456785596189,0.40162043571602357,0.03500129436829071,1.0,0.648,-0.22354789207749326
frozen_pi_static_75_m3_r14,Family G: Frozen macro allocation plus portfolio-insurance overlay,frozen,portfolio_insurance,14,0.41363498530236387,0.6347361231349457,-0.693355592906517,2.0974829303071894,0.7333333333333333,0.5795801896892541,0.16153635118390297,-0.7480268396033246,6.8744029343223785,0.4262521457247761,0.5737478542752239,-0.007142790878457483,0.9522727272727272,1.0,0.648,-0.055155933445691585
eth_macro_trend_tipp_75_m2_r7,Family B: ETH-only macro trend with drawdown control,eth,portfolio_insurance,7,0.41203190551294455,0.006848110583314518,-0.7929220125554249,1.4591131846111713,0.4666666666666667,0.3137136574472022,0.038852314294373747,-0.28799161780442917,2.8846288114042133,0.0778360850730174,0.9221639149269826,0.45289243092043796,0.20941613364883252,1.0,0.6120000000000001,0.3068655468638877
btc_macro_trend_dd_10_cash_r7,Family A: BTC-only macro trend with drawdown control,btc,drawdown_brake,7,0.4117746882044654,0.0,-0.6949813092383853,0.0,0.0,-0.32931607164492804,-0.013699718495482904,-0.13523092769197487,0.7274539113104135,0.012207274539113104,0.9877927254608869,0.6056531210328923,0.03006900092101886,1.0,0.738,-0.32931607164492804
dual_momentum_macro_trend_tipp_80_m3_r14,Family D: BTC/ETH dual-momentum macro trend with drawdown control,dual_momentum,portfolio_insurance,14,0.4116661574474174,0.21122419310891855,-1.3535797772052889,1.368247866978281,0.5333333333333333,0.5934871906787099,0.06037200531314468,-0.18477700100706929,1.6493761414284023,0.0652137918043622,0.9347862081956378,0.5561070477177978,0.17316668251376888,1.0,0.5304000000000001,0.3822629975697914
frozen_dd_10_cash_r14,Family E: Frozen macro allocation plus drawdown-control overlay,frozen,drawdown_brake,14,0.4114401042588386,0.0,-0.6667612786642862,0.0,0.0,-0.22666020553106098,-0.012781547471993782,-0.15914492240893907,0.18186347782760337,0.003487792725460887,0.9965122072745392,0.5817391263159281,0.008591143120291104,1.0,0.7392,-0.22666020553106098
frozen_pi_tipp_75_m3_r7,Family G: Frozen macro allocation plus portfolio-insurance overlay,frozen,portfolio_insurance,7,0.4113507974022895,0.0,-0.43553111574490405,0.0,0.0,-0.19824025751726165,-0.04345605085832571,-0.3870246683780332,1.287125371076378,0.01801566941630239,0.9819843305836976,0.35385938034683395,0.046559976803171116,1.0,0.5616,-0.19824025751726165
balanced_macro_trend_dd_10_cash_r14,Family C: 50/50 BTC/ETH macro trend with drawdown control,balanced,drawdown_brake,14,0.4107151009986282,0.0,-0.6518012979218842,0.0,0.0,-0.22124974967854177,-0.012508955538099165,-0.15914492240893918,0.09093173891380169,0.003487792725460887,0.9965122072745392,0.581739126315928,0.009965122072745393,1.0,0.7215999999999999,-0.22124974967854177
frozen_pi_tipp_80_m3_r7,Family G: Frozen macro allocation plus portfolio-insurance overlay,frozen,portfolio_insurance,7,0.4105003464476683,0.0,-0.43387178047653907,0.0,0.0,-0.1988960686942635,-0.03241128601908405,-0.3151287189169373,1.026150251132806,0.014339747182851142,0.9856602528171489,0.42575532980792985,0.03705986609593997,1.0,0.5616,-0.1988960686942635
balanced_macro_trend_dd_10_reduce_50_r7,Family C: 50/50 BTC/ETH macro trend with drawdown control,balanced,drawdown_brake,7,0.41031177349289866,0.6279209886397712,-0.4875962729456605,1.7451212746555995,0.6666666666666666,0.6065359911252518,0.13763691095170993,-0.5339266945767458,5.728699551569506,0.16654210264075736,0.8334578973592426,0.20695735414812133,0.4537066072940513,1.0,0.7744,-0.021384997514519388
dual_momentum_macro_trend_dd_10_cash_r14,Family D: BTC/ETH dual-momentum macro trend with drawdown control,dual_momentum,drawdown_brake,14,0.41001430602625377,0.0,-0.5245245825407014,0.0,0.0,-0.157245923043209,-0.009193797866725362,-0.14670019595021888,0.09093173891380169,0.003487792725460887,0.9965122072745392,0.5941838527746482,0.008591143120291104,1.0,0.6396,-0.157245923043209
frozen_pi_tipp_85_m3_r7,Family G: Frozen macro allocation plus portfolio-insurance overlay,frozen,portfolio_insurance,7,0.40968538062928106,0.0,-0.4317819882221999,0.0,0.0,-0.19954013111112506,-0.02267019077063004,-0.24048115595116104,0.7669932216941789,0.010701194005420576,0.9892988059945794,0.5004028927737061,0.02765633255946357,1.0,0.5616,-0.19954013111112506
frozen_pi_static_70_m3_r14,Family G: Frozen macro allocation plus portfolio-insurance overlay,frozen,portfolio_insurance,14,0.4090799127324001,0.5956926439638276,-0.693355592906517,2.1183712582462926,0.7333333333333333,0.5961803103223349,0.17127933922944982,-0.7480268396033247,7.005900459090525,0.43722784929767833,0.5627721507023217,-0.007142790878457594,0.9522727272727272,1.0,0.648,0.00048766635850727713
frozen_dd_20_cash_r14,Family E: Frozen macro allocation plus drawdown-control overlay,frozen,drawdown_brake,14,0.4081849683061969,0.0,-0.7568099742095282,0.0,0.0,-0.4618788755735976,-0.038448412845465185,-0.24908808277898054,0.6365221723966118,0.012207274539113104,0.9877927254608869,0.4917959659458866,0.03006900092101886,1.0,0.7392,-0.4618788755735976
balanced_macro_trend_tipp_75_m3_r7,Family C: 50/50 BTC/ETH macro trend with drawdown control,balanced,portfolio_insurance,7,0.4074338350327976,0.0,-0.5379312752533272,0.0,0.0,-0.2528475136862647,-0.05330908142795365,-0.40260021665870593,0.7651510535984325,0.011935675382697089,0.9880643246173029,0.3382838320661612,0.032030448813306356,1.0,0.5984,-0.2528475136862647
balanced_macro_trend_dd_25_cash_r14,Family C: 50/50 BTC/ETH macro trend with drawdown control,balanced,drawdown_brake,14,0.40702607555728454,0.0,-0.7509017134722469,0.0,0.0,-0.4583499718592733,-0.03818290807698077,-0.24908808277898065,0.5455904334828101,0.012207274539113104,0.9877927254608869,0.4917959659458865,0.032535116989526554,1.0,0.7215999999999999,-0.4583499718592733
balanced_macro_trend_dd_20_cash_r14,Family C: 50/50 BTC/ETH macro trend with drawdown control,balanced,drawdown_brake,14,0.40702607555728454,0.0,-0.7509017134722469,0.0,0.0,-0.4583499718592733,-0.03818290807698077,-0.24908808277898065,0.5455904334828101,0.012207274539113104,0.9877927254608869,0.4917959659458865,0.032535116989526554,1.0,0.7215999999999999,-0.4583499718592733
balanced_macro_trend_tipp_80_m3_r7,Family C: 50/50 BTC/ETH macro trend with drawdown control,balanced,portfolio_insurance,7,0.40678390520098495,0.0,-0.5378718357203877,0.0,0.0,-0.2535236583260278,-0.04030631416558117,-0.3289453193294023,0.6098693384893242,0.00950051794930781,0.9904994820506922,0.41193872939546483,0.025495486775415174,1.0,0.5984,-0.2535236583260278
eth_macro_trend_tipp_80_m2_r7,Family B: ETH-only macro trend with drawdown control,eth,portfolio_insurance,7,0.4067777994681717,-0.0013509414025711804,-0.7922213785560303,1.4519716591793346,0.4666666666666667,0.31284107849092774,0.033272066822226165,-0.233066638523868,2.265403765518216,0.06170664287584122,0.9382933571241587,0.5078174102009991,0.16602025345166804,1.0,0.6120000000000001,0.31419201989349893
dual_momentum_macro_trend_tipp_85_m3_r14,Family D: BTC/ETH dual-momentum macro trend with drawdown control,dual_momentum,portfolio_insurance,14,0.40657662136529227,0.20885176736369074,-1.3478062010225325,1.3424636908169452,0.5333333333333333,0.5937832875750494,0.04539852216960205,-0.1390261125696397,1.1884504851815452,0.04708918072375572,0.9529108192762443,0.6018579361552274,0.12503915172861713,1.0,0.5304000000000001,0.3849315202113587
frozen_pi_static_75_m2_r14,Family G: Frozen macro allocation plus portfolio-insurance overlay,frozen,portfolio_insurance,14,0.4063020277461368,0.625389283015604,-0.7770678332298597,2.044834971821749,0.7333333333333333,0.5431135547735976,0.14241992854924268,-0.7501614169017389,6.699797976710638,0.4044553984539042,0.5955446015460958,-0.009277368176871748,0.9522727272727272,1.0,0.648,-0.08227572824200646
balanced_macro_trend_tipp_85_m3_r7,Family C: 50/50 BTC/ETH macro trend with drawdown control,balanced,portfolio_insurance,7,0.40615991541099816,0.0,-0.5374914899718596,0.0,0.0,-0.2541833904606976,-0.028596080419675762,-0.2519143150506724,0.4557553352865309,0.00709027367716071,0.9929097263228392,0.4889697336741947,0.0190273814264301,1.0,0.5984,-0.2541833904606976
btc_macro_trend_static_85_m3_r7,Family A: BTC-only macro trend with drawdown control,btc,portfolio_insurance,7,0.4059223628636687,0.0,-0.7373014782125293,0.0,0.0,-0.3558591522442673,-0.06102918237985,-0.3993977572108892,0.8393634462618649,0.013371956230810373,0.9866280437691897,0.3414862915139779,0.03293784889753724,1.0,0.7020000000000001,-0.3558591522442673
eth_macro_trend_static_85_m3_r7,Family B: ETH-only macro trend with drawdown control,eth,portfolio_insurance,7,0.4052780323040225,0.0,-0.7083882719665477,0.0,0.0,-0.3191429941171428,-0.0518289878222018,-0.3617731382660274,0.3241429091800504,0.004118653249230828,0.9958813467507692,0.3791109104588397,0.009146619553486644,1.0,0.7020000000000001,-0.3191429941171428
frozen_pi_static_85_m3_r14,Family G: Frozen macro allocation plus portfolio-insurance overlay,frozen,portfolio_insurance,14,0.4051186924626804,0.6085127495388473,-0.7879637971674548,2.012914151696488,0.7333333333333333,0.5102270909044265,0.12770264975518852,-0.7476425518495022,6.621382744393786,0.39685346887091855,0.6031465311290815,-0.006758503124635107,0.9522727272727272,1.0,0.648,-0.09828565863442074
balanced_macro_trend_static_70_m3_r7,Family C: 50/50 BTC/ETH macro trend with drawdown control,balanced,portfolio_insurance,7,0.40396052910405084,0.6670063102687894,-0.7256600155521749,1.987154550365841,0.5333333333333333,0.6547514735772992,0.17193533530141702,-0.5339266945767458,7.959121088279907,0.21066277102764153,0.7893372289723585,0.20695735414812133,0.5754328670689608,1.0,0.6864,-0.01225483669149019
frozen_pi_tipp_70_m3_r7,Family G: Frozen macro allocation plus portfolio-insurance overlay,frozen,portfolio_insurance,7,0.40324694115946424,0.0,-0.44368627278020206,0.0,0.0,-0.20067834413654193,-0.05658527385712464,-0.4561720951760815,1.5463363961249958,0.02221299755096276,0.9777870024490373,0.28471195354878565,0.0577747740316068,1.0,0.5616,-0.20067834413654193
eth_macro_trend_dd_10_cash_r14,Family B: ETH-only macro trend with drawdown control,eth,drawdown_brake,14,0.40272212582380884,0.0,-0.8100609192481154,0.0,0.0,-0.35942196555995193,-0.02088037341043336,-0.19559372455295954,0.09093173891380169,0.003487792725460887,0.9965122072745392,0.5452903241719076,0.008591143120291104,1.0,0.738,-0.35942196555995193
eth_macro_trend_dd_15_cash_r14,Family B: ETH-only macro trend with drawdown control,eth,drawdown_brake,14,0.40272212582380884,0.0,-0.8100609192481154,0.0,0.0,-0.35942196555995193,-0.02088037341043336,-0.19559372455295954,0.09093173891380169,0.003487792725460887,0.9965122072745392,0.5452903241719076,0.008591143120291104,1.0,0.738,-0.35942196555995193
frozen_pi_tipp_75_m3_r14,Family G: Frozen macro allocation plus portfolio-insurance overlay,frozen,portfolio_insurance,14,0.40213048099558724,0.1423435434805129,-1.6148869951487652,1.813083268694509,0.6666666666666666,0.8972240228270418,0.16625066231606556,-0.25489548008178875,2.2220358447261255,0.14085782044016498,0.8591421795598351,0.4859885686430784,0.38185115524180246,1.0,0.5616,0.7548804793465289
eth_macro_trend_tipp_85_m2_r7,Family B: ETH-only macro trend with drawdown control,eth,portfolio_insurance,7,0.4017249678327638,-0.008943986696069385,-0.7910555595671742,1.4457947329595784,0.4666666666666667,0.313041267274139,0.02664462170286508,-0.17679229130747587,1.6713281194662941,0.0459587782208935,0.9540412217791066,0.5640917574173913,0.12365099854668964,1.0,0.6120000000000001,0.3219852539702084
frozen_dd_15_cash_r14,Family E: Frozen macro allocation plus drawdown-control overlay,frozen,drawdown_brake,14,0.4008890193126712,0.0,-0.8569312663008959,0.0,0.0,-0.33863313938830625,-0.020399385590933572,-0.15914492240893907,0.36372695565520674,0.006975585450921774,0.9930244145490782,0.5817391263159281,0.01718228624058221,1.0,0.7392,-0.33863313938830625
balanced_macro_trend_dd_15_cash_r14,Family C: 50/50 BTC/ETH macro trend with drawdown control,balanced,drawdown_brake,14,0.4000634188688976,0.0,-0.8448809633187988,0.0,0.0,-0.3337284903054209,-0.02012889710356547,-0.15914492240893918,0.27279521674140506,0.006975585450921774,0.9930244145490782,0.581739126315928,0.019296100013588807,1.0,0.7215999999999999,-0.3337284903054209
balanced_macro_trend_dd_20_reduce_50_r7,Family C: 50/50 BTC/ETH macro trend with drawdown control,balanced,drawdown_brake,7,0.3999795662503535,0.4984785682554408,-0.4875962729456605,1.9835331406207626,0.6,0.7037177733320472,0.17865662678062222,-0.5339266945767458,6.45615346287992,0.18310911808669655,0.8168908819133034,0.20695735414812133,0.5014006919836517,1.0,0.7744,0.20523920507660642
eth_macro_trend_dd_25_cash_r14,Family B: ETH-only macro trend with drawdown control,eth,drawdown_brake,14,0.3996856601104951,0.0,-0.8749872530038301,0.0,0.0,-0.3924232504549183,-0.057687065196521115,-0.3874527224178179,0.27279521674140506,0.006975585450921774,0.9930244145490782,0.3534313263070492,0.01718228624058221,1.0,0.738,-0.3924232504549183
eth_macro_trend_dd_20_cash_r14,Family B: ETH-only macro trend with drawdown control,eth,drawdown_brake,14,0.3996856601104951,0.0,-0.8749872530038301,0.0,0.0,-0.3924232504549183,-0.057687065196521115,-0.3874527224178179,0.27279521674140506,0.006975585450921774,0.9930244145490782,0.3534313263070492,0.01718228624058221,1.0,0.738,-0.3924232504549183
btc_macro_trend_tipp_75_m3_r7,Family A: BTC-only macro trend with drawdown control,btc,portfolio_insurance,7,0.39756370332439694,0.0,-0.7196624577269803,0.0,0.0,-0.3470355766002221,-0.04987133628376306,-0.34677238642511465,0.7249917141608447,0.011423516881306162,0.9885764831186938,0.3941116622997525,0.02876784121349002,1.0,0.6120000000000001,-0.3470355766002221
btc_macro_trend_tipp_70_m3_r7,Family A: BTC-only macro trend with drawdown control,btc,portfolio_insurance,7,0.39707865859309466,0.0,-0.7385517409876268,0.0,0.0,-0.35604494503407486,-0.062110821216613044,-0.40791012506299884,0.8691358388631737,0.01378906401747277,0.9862109359825272,0.3329739236618683,0.035250963856855964,1.0,0.6120000000000001,-0.35604494503407486
btc_macro_trend_tipp_80_m3_r7,Family A: BTC-only macro trend with drawdown control,btc,portfolio_insurance,7,0.39703760683417,0.0,-0.7185572321120826,0.0,0.0,-0.34692685706230786,-0.038213413597137036,-0.28101950091769223,0.5761994407618546,0.009071096379800083,0.9909289036201999,0.4598645478071749,0.022843740942282854,1.0,0.6120000000000001,-0.34692685706230786
btc_macro_trend_tipp_85_m3_r7,Family A: BTC-only macro trend with drawdown control,btc,portfolio_insurance,7,0.3965225686054765,0.0,-0.7174157678672854,0.0,0.0,-0.3468133199944282,-0.02749030287190224,-0.21344283348749515,0.42938664704002005,0.00675395342328814,0.9932460465767119,0.527441215237372,0.017008480108469424,1.0,0.6120000000000001,-0.3468133199944282
eth_macro_trend_tipp_75_m3_r7,Family B: ETH-only macro trend with drawdown control,eth,portfolio_insurance,7,0.39635865955148575,0.0,-0.7086944070067244,0.0,0.0,-0.31911643073231843,-0.05865001335318054,-0.39630228466435924,0.3591648398450837,0.004564421783750276,0.9954355782162497,0.3445817640605079,0.01013657305222464,1.0,0.6120000000000001,-0.31911643073231843
eth_macro_trend_tipp_80_m3_r7,Family B: ETH-only macro trend with drawdown control,eth,portfolio_insurance,7,0.39618971992078134,0.0,-0.7080326356845852,0.0,0.0,-0.3191723868667901,-0.04458227346146659,-0.3225018680009666,0.28533765380228415,0.003624905112842319,0.9963750948871577,0.41838218072390054,0.00805011395189658,1.0,0.6120000000000001,-0.3191723868667901
dual_momentum_macro_trend_static_85_m3_r7,Family D: BTC/ETH dual-momentum macro trend with drawdown control,dual_momentum,portfolio_insurance,7,0.39613240444722064,0.0,-0.7403139034980475,0.0,0.0,-0.33960948672259084,-0.06018007134698733,-0.40358402002525184,0.761746881383865,0.012089791260665436,0.9879102087393345,0.3373000286996153,0.030445719904367625,1.0,0.6084,-0.33960948672259084
eth_macro_trend_tipp_85_m3_r7,Family B: ETH-only macro trend with drawdown control,eth,portfolio_insurance,7,0.39602716915754244,0.0,-0.7073160135604991,0.0,0.0,-0.3192273902527418,-0.0318163998097174,-0.24593831254768594,0.21255522823941186,0.002699337686955552,0.9973006623130445,0.4949457361771812,0.005994633045057136,1.0,0.6120000000000001,-0.3192273902527418
eth_macro_trend_static_80_m3_r7,Family B: ETH-only macro trend with drawdown control,eth,portfolio_insurance,7,0.3958904502073757,0.0,-0.7087430456683732,0.0,0.0,-0.3187676929752003,-0.07200078138104038,-0.4580212935941754,0.4240587425158969,0.005444445230511531,0.9945555547694884,0.2828627551306917,0.01341077634701758,1.0,0.7020000000000001,-0.3187676929752003
balanced_macro_trend_tipp_70_m3_r7,Family C: 50/50 BTC/ETH macro trend with drawdown control,balanced,portfolio_insurance,7,0.3956595065155075,0.0,-0.5386953740491018,0.0,0.0,-0.252086649550209,-0.0657567105387512,-0.4628407977160237,0.9136567662244207,0.014914032149019183,0.9850859678509808,0.2780432510088434,0.04021276001019258,1.0,0.5984,-0.252086649550209
frozen_pi_tipp_70_m2_r7,Family G: Frozen macro allocation plus portfolio-insurance overlay,frozen,portfolio_insurance,7,0.3952230823329117,-0.07810267053607055,-1.4661440667386851,1.7977036981768333,0.4,0.4538951447130963,0.07262711283442447,-0.32125686565925504,3.760824617730891,0.130656717608294,0.869343282391706,0.4196271830656121,0.3470817542037002,1.0,0.5616,0.5319978152491668
btc_macro_trend_dd_25_cash_r14,Family A: BTC-only macro trend with drawdown control,btc,drawdown_brake,14,0.3943083935780356,0.0,-0.9819760262313687,0.0,0.0,-0.5728347963232019,-0.04265700474491807,-0.26531623399803184,0.5455904334828101,0.012207274539113104,0.9877927254608869,0.4755678147268353,0.02760288485251116,1.0,0.738,-0.5728347963232019
btc_macro_trend_dd_20_cash_r14,Family A: BTC-only macro trend with drawdown control,btc,drawdown_brake,14,0.3943083935780356,0.0,-0.9819760262313687,0.0,0.0,-0.5728347963232019,-0.04265700474491807,-0.26531623399803184,0.5455904334828101,0.012207274539113104,0.9877927254608869,0.4755678147268353,0.02760288485251116,1.0,0.738,-0.5728347963232019
btc_macro_trend_dd_15_cash_r14,Family A: BTC-only macro trend with drawdown control,btc,drawdown_brake,14,0.3943083935780356,0.0,-0.9819760262313687,0.0,0.0,-0.5728347963232019,-0.04265700474491807,-0.26531623399803184,0.5455904334828101,0.012207274539113104,0.9877927254608869,0.4755678147268353,0.02760288485251116,1.0,0.738,-0.5728347963232019
dual_momentum_macro_trend_dd_15_cash_r14,Family D: BTC/ETH dual-momentum macro trend with drawdown control,dual_momentum,drawdown_brake,14,0.39412063034019995,0.0,-0.8037377491754166,0.0,0.0,-0.26335436173163906,-0.016104852494616573,-0.14670019595021888,0.27279521674140506,0.006975585450921774,0.9930244145490782,0.5941838527746482,0.01718228624058221,1.0,0.6396,-0.26335436173163906
frozen_pi_static_80_m2_r14,Family G: Frozen macro allocation plus portfolio-insurance overlay,frozen,portfolio_insurance,14,0.3939127457367889,0.5345263136965208,-0.8717681540196667,2.0102852841827517,0.7333333333333333,0.49450837620911103,0.11906840907880278,-0.7433479371658552,6.58567945855615,0.3772106555924107,0.6227893444075894,-0.0024638884409881046,0.9522727272727272,1.0,0.648,-0.04001793748740978
frozen_pi_tipp_80_m3_r14,Family G: Frozen macro allocation plus portfolio-insurance overlay,frozen,portfolio_insurance,14,0.3932293618763386,0.14273640586012099,-1.610900842671185,1.808643595539484,0.6666666666666666,0.9067544538905199,0.1345698243132747,-0.20384337611893777,1.7361299160055845,0.1105799319356265,0.8894200680643735,0.5370406726059294,0.30151919329031074,1.0,0.5616,0.7640180480303989
frozen_pi_static_75_m1_r14,Family G: Frozen macro allocation plus portfolio-insurance overlay,frozen,portfolio_insurance,14,0.3916223558131782,0.5467717055916766,-0.8889330126153548,1.7682898073450255,0.7333333333333333,0.4611423479140397,0.07615064148288675,-0.5057761050427315,3.9160985788050793,0.20914851748733046,0.7908514825126696,0.2351079436821356,0.5678281262318365,1.0,0.648,-0.08562935767763696
frozen_pi_tipp_75_m2_r7,Family G: Frozen macro allocation plus portfolio-insurance overlay,frozen,portfolio_insurance,7,0.3885451151779702,-0.07868251518172381,-1.471243634429032,1.7940776007287949,0.4,0.45798354619359644,0.06385422245670913,-0.2709016242450465,3.0862848217389995,0.10717555075303396,0.892824449246966,0.46998242447982064,0.28564681420036614,1.0,0.5616,0.5366660613753202
dual_momentum_macro_trend_tipp_75_m3_r7,Family D: BTC/ETH dual-momentum macro trend with drawdown control,dual_momentum,portfolio_insurance,7,0.3882349708724677,0.0,-0.7381671783192636,0.0,0.0,-0.3384202307798526,-0.05434121542046322,-0.37596056765213937,0.708118696253458,0.011191418961549335,0.9888085810384507,0.36492348107272776,0.028183349049568755,1.0,0.5304000000000001,-0.3384202307798526
dual_momentum_macro_trend_tipp_80_m3_r7,Family D: BTC/ETH dual-momentum macro trend with drawdown control,dual_momentum,portfolio_insurance,7,0.38769660085689717,0.0,-0.7374270871402854,0.0,0.0,-0.33845159332488134,-0.041426757470875875,-0.3052482894833275,0.5620915584337953,0.008877256575689602,0.9911227434243104,0.43563575924153963,0.022355594186476885,1.0,0.5304000000000001,-0.33845159332488134
dual_momentum_macro_trend_tipp_70_m3_r7,Family D: BTC/ETH dual-momentum macro trend with drawdown control,dual_momentum,portfolio_insurance,7,0.38739234182845717,0.0,-0.752162080717385,0.0,0.0,-0.3447482513169382,-0.06817333987556562,-0.4417912918269521,0.8520324734025226,0.01353450774326519,0.9864654922567349,0.29909275689791504,0.033338246345964904,1.0,0.5304000000000001,-0.3447482513169382
dual_momentum_macro_trend_tipp_85_m3_r7,Family D: BTC/ETH dual-momentum macro trend with drawdown control,dual_momentum,portfolio_insurance,7,0.3871696737823813,0.0,-0.7366625084098904,0.0,0.0,-0.33847964838299577,-0.02965343270246179,-0.23224721478554877,0.4183653569447784,0.006602699036103992,0.993397300963896,0.5086368339393184,0.016627576203081248,1.0,0.5304000000000001,-0.33847964838299577
dual_momentum_macro_trend_dd_10_cash_r7,Family D: BTC/ETH dual-momentum macro trend with drawdown control,dual_momentum,drawdown_brake,7,0.3870251393727303,0.0,-0.9434737897673043,0.0,0.0,-0.418378201273228,-0.016753031835952448,-0.1413535002666939,0.7274539113104135,0.012207274539113104,0.9877927254608869,0.5995305484581732,0.03006900092101886,1.0,0.6396,-0.418378201273228
balanced_macro_trend_dd_15_reduce_50_r7,Family C: 50/50 BTC/ETH macro trend with drawdown control,balanced,drawdown_brake,7,0.3858433603735784,0.39777642367833416,-0.4875962729456605,1.883880692009508,0.6,0.6444397825663897,0.1549284085342686,-0.5339266945767458,5.910563029397109,0.17438963627304435,0.8256103637269556,0.20695735414812133,0.4775244685558588,1.0,0.7744,0.24666335888805552
frozen_pi_tipp_85_m3_r14,Family G: Frozen macro allocation plus portfolio-insurance overlay,frozen,portfolio_insurance,14,0.3846510188495479,0.1441541934299695,-1.607331013167435,1.8036053823617104,0.6666666666666666,0.9160583010359159,0.10189396158179487,-0.15281615231476298,1.2715475439891308,0.08140502431222531,0.9185949756877747,0.5880678964101042,0.22196773709979448,1.0,0.5616,0.7719041076059464
frozen_pi_static_70_m1_r7,Family G: Frozen macro allocation plus portfolio-insurance overlay,frozen,portfolio_insurance,7,0.3840926482712254,0.4784947980800131,-0.7765818517009518,1.8749863311549084,0.7333333333333333,0.4446940880608201,0.07916146697255022,-0.5218186404691216,6.4120441651168205,0.2237892395865757,0.7762107604134243,0.2190654082557455,0.5964483773685503,1.0,0.648,-0.03380071001919299
balanced_macro_trend_dd_25_reduce_50_r7,Family C: 50/50 BTC/ETH macro trend with drawdown control,balanced,drawdown_brake,7,0.3834357293901051,0.38469743763573394,-0.5995770550843494,2.0018017312856484,0.5333333333333333,0.6310042720962769,0.16053072677689273,-0.5339266945767458,6.7289486796213245,0.1961883408071749,0.803811659192825,0.20695735414812133,0.5358954450540389,1.0,0.7744,0.2463068344605429
dual_momentum_macro_trend_dd_25_cash_r14,Family D: BTC/ETH dual-momentum macro trend with drawdown control,dual_momentum,drawdown_brake,14,0.3833869551519178,0.0,-1.0908223530016812,0.0,0.0,-0.6458360537556667,-0.04740321774941725,-0.2815043564002514,0.5455904334828101,0.012207274539113104,0.9877927254608869,0.45937969232461573,0.02760288485251116,1.0,0.6396,-0.6458360537556667
dual_momentum_macro_trend_dd_20_cash_r14,Family D: BTC/ETH dual-momentum macro trend with drawdown control,dual_momentum,drawdown_brake,14,0.3833869551519178,0.0,-1.0908223530016812,0.0,0.0,-0.6458360537556667,-0.04740321774941725,-0.2815043564002514,0.5455904334828101,0.012207274539113104,0.9877927254608869,0.45937969232461573,0.02760288485251116,1.0,0.6396,-0.6458360537556667
frozen_pi_tipp_80_m2_r7,Family G: Frozen macro allocation plus portfolio-insurance overlay,frozen,portfolio_insurance,7,0.3823675935358831,-0.07742485208320056,-1.4754194060546681,1.7914463166838184,0.4,0.4628680239122525,0.05370160847262251,-0.21927263461437585,2.4337220794827306,0.08452899559111926,0.9154710044088807,0.5216114141104913,0.22603113878468498,1.0,0.5616,0.5402928759954531
frozen_pi_static_85_m2_r14,Family G: Frozen macro allocation plus portfolio-insurance overlay,frozen,portfolio_insurance,14,0.38194544902164673,0.43396983400012645,-0.9945655479620317,1.9130797538144857,0.7333333333333333,0.42151096179689446,0.08762475630180933,-0.7225917549144418,6.120501006596535,0.3320909288251428,0.6679090711748572,0.018292293810425297,0.9049873337434894,1.0,0.648,-0.012458872203231997
eth_macro_trend_tipp_70_m3_r7,Family B: ETH-only macro trend with drawdown control,eth,portfolio_insurance,7,0.381725190752924,0.0,-0.7083084706248209,0.0,0.0,-0.3184021933811405,-0.07408904446216424,-0.4671875246256678,0.43396556393227625,0.0056332739137282825,0.9943667260862717,0.2736965240991993,0.013875899813469234,1.0,0.6120000000000001,-0.3184021933811405
frozen_pi_static_70_m1_r14,Family G: Frozen macro allocation plus portfolio-insurance overlay,frozen,portfolio_insurance,14,0.38001188261017654,0.5505950638201483,-0.85444327339498,1.8056761069729925,0.7333333333333333,0.4869564625603782,0.08915852604298768,-0.5435886391424717,4.376855987140611,0.23670424264183523,0.7632957573581648,0.19729540958239544,0.6426405894967975,1.0,0.648,-0.06363860125977011
btc_macro_trend_static_80_m3_r7,Family A: BTC-only macro trend with drawdown control,btc,portfolio_insurance,7,0.3799305697122257,0.0,-0.7970049449053463,0.0,0.0,-0.38802011774263256,-0.07844718149976393,-0.4819060571277636,1.0324634939943513,0.016919393302369433,0.9830806066976305,0.25897799159710355,0.043253473986776605,1.0,0.7020000000000001,-0.38802011774263256
frozen_pi_tipp_85_m2_r7,Family G: Frozen macro allocation plus portfolio-insurance overlay,frozen,portfolio_insurance,7,0.37658285587127527,-0.0744325364522254,-1.478853507915974,1.7897874488639103,0.4,0.468537301934069,0.04221119036382648,-0.16636892132020697,1.800699172370866,0.06259133954996496,0.937408660450035,0.5745151274046602,0.1673696896266426,1.0,0.5616,0.5429698383862944
dual_momentum_macro_trend_static_80_m3_r7,Family D: BTC/ETH dual-momentum macro trend with drawdown control,dual_momentum,portfolio_insurance,7,0.36536872649338425,0.0,-0.8048153262511932,0.0,0.0,-0.3711032280483205,-0.0800618855892915,-0.48954433683571874,0.958735035709853,0.01547798038529938,0.9845220196147006,0.2513397118891484,0.03956858322275835,1.0,0.6084,-0.3711032280483205
frozen_pi_static_70_m2_r7,Family G: Frozen macro allocation plus portfolio-insurance overlay,frozen,portfolio_insurance,7,0.35370596134853427,0.17581659397962945,-0.9026549980422913,2.0411176823701767,0.5333333333333333,0.3890181682110837,0.07575901058267287,-0.7351955954753653,10.63414330343624,0.36999386772823445,0.6300061322717656,0.005688453249501846,0.940646853146853,1.0,0.648,0.21320157423145425
frozen_pi_static_75_m2_r7,Family G: Frozen macro allocation plus portfolio-insurance overlay,frozen,portfolio_insurance,7,0.3440333278059453,0.12008897847279633,-1.0156384995651728,1.9809755792362211,0.4666666666666667,0.3375837793416508,0.05645009106132526,-0.7218692171088985,9.728893808901438,0.3326807865501986,0.6673192134498014,0.01901483161596862,0.89119233679756,1.0,0.648,0.21749480086885448
dual_momentum_macro_trend_dd_20_reduce_50_r7,Family D: BTC/ETH dual-momentum macro trend with drawdown control,dual_momentum,drawdown_brake,7,0.3419008876144162,0.48225934952207694,-0.7179504784905714,1.9220775627245712,0.6,0.5739217003997551,0.13225033630627947,-0.5859821010463355,6.283383158943696,0.17002989536621824,0.8299701046337817,0.1549019476785316,0.46320831634732984,1.0,0.6864,0.09166235087767816
dual_momentum_macro_trend_dd_25_reduce_50_r7,Family D: BTC/ETH dual-momentum macro trend with drawdown control,dual_momentum,drawdown_brake,7,0.3409105055681449,0.48225934952207694,-0.8194684079365315,1.975279313590114,0.5333333333333333,0.5114413405017202,0.11554656194104096,-0.5859821010463355,7.019930244145489,0.18921275535625312,0.8107872446437469,0.1549019476785316,0.5142152535521926,1.0,0.6864,0.029181990979643246
dual_momentum_macro_trend_dd_15_reduce_50_r7,Family D: BTC/ETH dual-momentum macro trend with drawdown control,dual_momentum,drawdown_brake,7,0.3404756312564245,0.48225934952207694,-0.7179504784905714,1.9242246127828262,0.6,0.5115059932635179,0.10908876932833955,-0.5859821010463355,6.101519681116093,0.1647982062780269,0.8352017937219731,0.1549019476785316,0.448955752767412,1.0,0.6864,0.029246643741440925
frozen_pi_static_80_m2_r7,Family G: Frozen macro allocation plus portfolio-insurance overlay,frozen,portfolio_insurance,7,0.3368865244360173,0.06578177886312869,-1.1700895861136495,1.9008170354347182,0.4666666666666667,0.2719418511155799,0.03459625766996277,-0.7016803161070018,8.406184466234942,0.286587832039786,0.713412167960214,0.03920373261786536,0.7677175540606257,1.0,0.648,0.2061600722524512
eth_macro_trend_dd_15_reduce_50_r7,Family B: ETH-only macro trend with drawdown control,eth,drawdown_brake,7,0.33001629179515896,0.20821463355692044,-0.6265765675229822,1.669502155646748,0.5333333333333333,0.4814625088911569,0.10311667106654299,-0.5711081556252813,4.728450423517688,0.1525909317389138,0.8474090682610862,0.16977589309958585,0.4186628730322908,1.0,0.792,0.27324787533423645
eth_macro_trend_dd_20_reduce_50_r7,Family B: ETH-only macro trend with drawdown control,eth,drawdown_brake,7,0.33001629179515896,0.20821463355692044,-0.6265765675229822,1.669502155646748,0.5333333333333333,0.4814625088911569,0.10311667106654299,-0.5711081556252813,4.728450423517688,0.1525909317389138,0.8474090682610862,0.16977589309958585,0.4186628730322908,1.0,0.792,0.27324787533423645
eth_macro_trend_dd_10_reduce_50_r7,Family B: ETH-only macro trend with drawdown control,eth,drawdown_brake,7,0.3288353012949676,0.20821463355692044,-0.6265765675229822,1.5232099538154789,0.5333333333333333,0.4172415711651316,0.07837979104741466,-0.5711081556252813,4.6375186846038865,0.1491031390134529,0.850896860986547,0.16977589309958585,0.406852968030376,1.0,0.792,0.20902693760821117
eth_macro_trend_dd_25_reduce_50_r7,Family B: ETH-only macro trend with drawdown control,eth,drawdown_brake,7,0.3285099771176216,0.20821463355692044,-0.69554173218056,1.7154825734521244,0.5333333333333333,0.45047492914672527,0.09396136840315128,-0.5711081556252813,5.092177379172894,0.16218236173393125,0.8378176382660687,0.16977589309958585,0.44497882505146336,1.0,0.792,0.24226029558980483
frozen_dd_20_cash_r7,Family E: Frozen macro allocation plus drawdown-control overlay,frozen,drawdown_brake,7,0.30393744365725356,0.0,-0.4858574313908697,0.0,0.0,-0.22166965642032166,-0.07525343800964512,-0.5188084556271116,1.8186347782760337,0.027030393622321874,0.9729696063776782,0.22207559309775549,0.0703045538960745,1.0,0.7392,-0.22166965642032166
frozen_dd_10_cash_r7,Family E: Frozen macro allocation plus drawdown-control overlay,frozen,drawdown_brake,7,0.30393744365725356,0.0,-0.4858574313908697,0.0,0.0,-0.22166965642032166,-0.07525343800964512,-0.5188084556271116,1.8186347782760337,0.027030393622321874,0.9729696063776782,0.22207559309775549,0.0703045538960745,1.0,0.7392,-0.22166965642032166
frozen_dd_15_cash_r7,Family E: Frozen macro allocation plus drawdown-control overlay,frozen,drawdown_brake,7,0.30393744365725356,0.0,-0.4858574313908697,0.0,0.0,-0.22166965642032166,-0.07525343800964512,-0.5188084556271116,1.8186347782760337,0.027030393622321874,0.9729696063776782,0.22207559309775549,0.0703045538960745,1.0,0.7392,-0.22166965642032166
frozen_dd_25_cash_r7,Family E: Frozen macro allocation plus drawdown-control overlay,frozen,drawdown_brake,7,0.30393744365725356,0.0,-0.4858574313908697,0.0,0.0,-0.22166965642032166,-0.07525343800964512,-0.5188084556271116,1.8186347782760337,0.027030393622321874,0.9729696063776782,0.22207559309775549,0.0703045538960745,1.0,0.7392,-0.22166965642032166
frozen_pi_static_75_m3_r7,Family G: Frozen macro allocation plus portfolio-insurance overlay,frozen,portfolio_insurance,7,0.29900230477533796,0.0,-0.45350815391852767,0.0,0.0,-0.20334970620479664,-0.06888963087248356,-0.5131387611148348,1.5915703855582208,0.02288961333152033,0.9771103866684797,0.22774528761003232,0.06034534423764452,1.0,0.648,-0.20334970620479664
frozen_pi_static_70_m3_r7,Family G: Frozen macro allocation plus portfolio-insurance overlay,frozen,portfolio_insurance,7,0.2954898389855176,0.0,-0.4682160631747572,0.0,0.0,-0.21114195494196797,-0.07259391674751015,-0.5188084556271118,1.739064533185636,0.02554598377346481,0.9744540162265352,0.22207559309775537,0.0664436862490472,1.0,0.648,-0.21114195494196797
balanced_macro_trend_static_80_m3_r7,Family C: 50/50 BTC/ETH macro trend with drawdown control,balanced,portfolio_insurance,7,0.2921461507117597,0.0,-0.5613490630404444,0.0,0.0,-0.26187580130071786,-0.07987524095616039,-0.5179064337265664,1.0060879315477713,0.01681271758547309,0.9831872824145269,0.2229776149983007,0.04533219257062125,1.0,0.6864,-0.26187580130071786
balanced_macro_trend_dd_20_cash_r7,Family C: 50/50 BTC/ETH macro trend with drawdown control,balanced,drawdown_brake,7,0.28557284862566895,0.0,-0.5837294959860816,0.0,0.0,-0.27536764197419666,-0.08398049241175487,-0.5339266945767458,1.0911808669656202,0.018310911808669655,0.9816890881913304,0.20695735414812133,0.04937177919240699,1.0,0.7215999999999999,-0.27536764197419666
balanced_macro_trend_dd_25_cash_r7,Family C: 50/50 BTC/ETH macro trend with drawdown control,balanced,drawdown_brake,7,0.28557284862566895,0.0,-0.5837294959860816,0.0,0.0,-0.27536764197419666,-0.08398049241175487,-0.5339266945767458,1.0911808669656202,0.018310911808669655,0.9816890881913304,0.20695735414812133,0.04937177919240699,1.0,0.7215999999999999,-0.27536764197419666
balanced_macro_trend_dd_10_cash_r7,Family C: 50/50 BTC/ETH macro trend with drawdown control,balanced,drawdown_brake,7,0.28557284862566895,0.0,-0.5837294959860816,0.0,0.0,-0.27536764197419666,-0.08398049241175487,-0.5339266945767458,1.0911808669656202,0.018310911808669655,0.9816890881913304,0.20695735414812133,0.04937177919240699,1.0,0.7215999999999999,-0.27536764197419666
balanced_macro_trend_dd_15_cash_r7,Family C: 50/50 BTC/ETH macro trend with drawdown control,balanced,drawdown_brake,7,0.28557284862566895,0.0,-0.5837294959860816,0.0,0.0,-0.27536764197419666,-0.08398049241175487,-0.5339266945767458,1.0911808669656202,0.018310911808669655,0.9816890881913304,0.20695735414812133,0.04937177919240699,1.0,0.7215999999999999,-0.27536764197419666
balanced_macro_trend_static_75_m3_r7,Family C: 50/50 BTC/ETH macro trend with drawdown control,balanced,portfolio_insurance,7,0.282052848625669,0.0,-0.5837294959860816,0.0,0.0,-0.27536764197419666,-0.08398049241175487,-0.5339266945767458,1.0911808669656202,0.018310911808669655,0.9816890881913304,0.20695735414812133,0.04937177919240699,1.0,0.6864,-0.27536764197419666
btc_macro_trend_dd_20_cash_r7,Family A: BTC-only macro trend with drawdown control,btc,drawdown_brake,7,0.27672944948846384,0.0,-0.7563754222765586,0.0,0.0,-0.36672662581985477,-0.0899897469996932,-0.5336966516362123,1.0911808669656202,0.018310911808669655,0.9816890881913304,0.20718739708865486,0.04681081250587977,1.0,0.738,-0.36672662581985477
btc_macro_trend_dd_25_cash_r7,Family A: BTC-only macro trend with drawdown control,btc,drawdown_brake,7,0.27672944948846384,0.0,-0.7563754222765586,0.0,0.0,-0.36672662581985477,-0.0899897469996932,-0.5336966516362123,1.0911808669656202,0.018310911808669655,0.9816890881913304,0.20718739708865486,0.04681081250587977,1.0,0.738,-0.36672662581985477
btc_macro_trend_dd_15_cash_r7,Family A: BTC-only macro trend with drawdown control,btc,drawdown_brake,7,0.27672944948846384,0.0,-0.7563754222765586,0.0,0.0,-0.36672662581985477,-0.0899897469996932,-0.5336966516362123,1.0911808669656202,0.018310911808669655,0.9816890881913304,0.20718739708865486,0.04681081250587977,1.0,0.738,-0.36672662581985477
btc_macro_trend_static_75_m3_r7,Family A: BTC-only macro trend with drawdown control,btc,portfolio_insurance,7,0.2731294494884639,0.0,-0.7563754222765586,0.0,0.0,-0.36672662581985477,-0.0899897469996932,-0.5336966516362123,1.0911808669656202,0.018310911808669655,0.9816890881913304,0.20718739708865486,0.04681081250587977,1.0,0.7020000000000001,-0.36672662581985477
eth_macro_trend_static_75_m3_r7,Family B: ETH-only macro trend with drawdown control,eth,portfolio_insurance,7,0.2672144846767393,0.0,-0.7063814784470155,0.0,0.0,-0.3150989893024909,-0.09352846597551423,-0.5442434283354333,0.5203026611275572,0.007279988755661667,0.9927200112443383,0.19664062038943386,0.01793209351502809,1.0,0.7020000000000001,-0.3150989893024909
eth_macro_trend_dd_15_cash_r7,Family B: ETH-only macro trend with drawdown control,eth,drawdown_brake,7,0.2557333427574984,0.0,-0.7042092623261424,0.0,0.0,-0.31305141252533936,-0.10138323601284349,-0.5711081556252813,0.5455904334828101,0.007847533632286996,0.992152466367713,0.16977589309958585,0.01933007202065498,1.0,0.738,-0.31305141252533936
eth_macro_trend_dd_10_cash_r7,Family B: ETH-only macro trend with drawdown control,eth,drawdown_brake,7,0.2557333427574984,0.0,-0.7042092623261424,0.0,0.0,-0.31305141252533936,-0.10138323601284349,-0.5711081556252813,0.5455904334828101,0.007847533632286996,0.992152466367713,0.16977589309958585,0.01933007202065498,1.0,0.738,-0.31305141252533936
eth_macro_trend_dd_20_cash_r7,Family B: ETH-only macro trend with drawdown control,eth,drawdown_brake,7,0.2557333427574984,0.0,-0.7042092623261424,0.0,0.0,-0.31305141252533936,-0.10138323601284349,-0.5711081556252813,0.5455904334828101,0.007847533632286996,0.992152466367713,0.16977589309958585,0.01933007202065498,1.0,0.738,-0.31305141252533936
eth_macro_trend_dd_25_cash_r7,Family B: ETH-only macro trend with drawdown control,eth,drawdown_brake,7,0.2557333427574984,0.0,-0.7042092623261424,0.0,0.0,-0.31305141252533936,-0.10138323601284349,-0.5711081556252813,0.5455904334828101,0.007847533632286996,0.992152466367713,0.16977589309958585,0.01933007202065498,1.0,0.738,-0.31305141252533936
eth_macro_trend_static_70_m3_r7,Family B: ETH-only macro trend with drawdown control,eth,portfolio_insurance,7,0.2521333427574985,0.0,-0.7042092623261424,0.0,0.0,-0.31305141252533936,-0.10138323601284349,-0.5711081556252813,0.5455904334828101,0.007847533632286996,0.992152466367713,0.16977589309958585,0.01933007202065498,1.0,0.7020000000000001,-0.31305141252533936
frozen_pi_static_85_m2_r7,Family G: Frozen macro allocation plus portfolio-insurance overlay,frozen,portfolio_insurance,7,0.2493616613968338,0.04377525054237573,-1.3045349588077744,1.7515070391977843,0.4666666666666667,0.21195023261705676,0.018300601575919728,-0.6530348133302533,7.091148804076302,0.2389741092796481,0.7610258907203519,0.08784923539461387,0.6401689051282482,1.0,0.648,0.168174982074681
dual_momentum_macro_trend_static_75_m3_r7,Family D: BTC/ETH dual-momentum macro trend with drawdown control,dual_momentum,portfolio_insurance,7,0.24042924185178077,0.0,-0.8111043587724964,0.0,0.0,-0.37450151191047387,-0.10126033690716463,-0.5686076199293635,1.0748194219397522,0.01789100538158357,0.9821089946184164,0.17227642879550364,0.04573734542604631,1.0,0.6084,-0.37450151191047387
dual_momentum_macro_trend_dd_25_cash_r7,Family D: BTC/ETH dual-momentum macro trend with drawdown control,dual_momentum,drawdown_brake,7,0.2343022973297368,0.0,-0.8015379638732177,0.0,0.0,-0.36911317323014164,-0.10636052725420675,-0.5859821010463355,1.0911808669656202,0.018310911808669655,0.9816890881913304,0.1549019476785316,0.04681081250587977,1.0,0.6396,-0.36911317323014164
dual_momentum_macro_trend_dd_20_cash_r7,Family D: BTC/ETH dual-momentum macro trend with drawdown control,dual_momentum,drawdown_brake,7,0.2343022973297368,0.0,-0.8015379638732177,0.0,0.0,-0.36911317323014164,-0.10636052725420675,-0.5859821010463355,1.0911808669656202,0.018310911808669655,0.9816890881913304,0.1549019476785316,0.04681081250587977,1.0,0.6396,-0.36911317323014164
dual_momentum_macro_trend_dd_15_cash_r7,Family D: BTC/ETH dual-momentum macro trend with drawdown control,dual_momentum,drawdown_brake,7,0.2343022973297368,0.0,-0.8015379638732177,0.0,0.0,-0.36911317323014164,-0.10636052725420675,-0.5859821010463355,1.0911808669656202,0.018310911808669655,0.9816890881913304,0.1549019476785316,0.04681081250587977,1.0,0.6396,-0.36911317323014164
dual_momentum_macro_trend_static_70_m3_r7,Family D: BTC/ETH dual-momentum macro trend with drawdown control,dual_momentum,portfolio_insurance,7,0.23118229732973677,0.0,-0.8015379638732177,0.0,0.0,-0.36911317323014164,-0.10636052725420675,-0.5859821010463355,1.0911808669656202,0.018310911808669655,0.9816890881913304,0.1549019476785316,0.04681081250587977,1.0,0.6084,-0.36911317323014164
