date,pure_momentum,elastic_net__forward_rank,random_forest__forward_rank,gradient_boosting__forward_rank,boosted_tree__forward_rank,ensemble__forward_rank,elastic_net__residual_rank,random_forest__residual_rank,gradient_boosting__residual_rank,boosted_tree__residual_rank,ensemble__residual_rank,elastic_net__risk_adjusted_rank,random_forest__risk_adjusted_rank,gradient_boosting__risk_adjusted_rank,boosted_tree__risk_adjusted_rank,ensemble__risk_adjusted_rank,logistic__top_quintile,random_forest__top_quintile,gradient_boosting__top_quintile,boosted_tree__top_quintile
2020-04-03,-0.003912382310540362,-0.0018750000000000004,-0.0018750000000000004,-0.0018750000000000004,-0.0018750000000000004,-0.0018750000000000004,-0.0018750000000000004,-0.0018750000000000004,-0.0018750000000000004,-0.0018750000000000004,-0.0018750000000000004,-0.0018750000000000004,-0.0018750000000000004,-0.0018750000000000004,-0.0018750000000000004,-0.0018750000000000004,-0.0018750000000000004,-0.0018750000000000004,-0.0018750000000000004,-0.0018750000000000004
2020-04-04,0.002694080301658342,0.01299634179401956,0.011406725952739871,0.014362068980834575,0.009492992610576116,0.010307075999879699,0.01299634179401956,0.011406725952739871,0.014362068980834575,0.009492992610576116,0.010307075999879699,0.0032666032934861294,0.006874005660197062,0.006118731833445405,0.004882698905181054,0.009167966327628983,0.00310523820345102,0.015989179371525247,0.006488753971647803,0.019325883112677907
2020-04-05,-0.023487283468416064,-0.017941720484670822,-0.011927182133449787,-0.003083639922646219,5.2786638547842185e-05,-0.004454004624625197,-0.017941720484670822,-0.011927182133449787,-0.003083639922646219,5.2786638547842185e-05,-0.004454004624625197,-0.009819374469363186,-0.01298061970952411,-0.0035907675399041716,-0.005945271286157806,-0.007252888234363387,-0.0006408051776255258,-0.016423058482064,-0.010484328546391185,-0.012511474258042752
2020-04-06,0.10540416210527837,0.11930249484478424,0.1279296841814462,0.12678453627187594,0.10179096940246354,0.12057020523899764,0.11930249484478424,0.1279296841814462,0.12678453627187594,0.10179096940246354,0.12057020523899764,0.11314578633126994,0.10537491295352465,0.12816091262890766,0.1419008531794216,0.1214250536080208,0.1033119980186751,0.08702503872920864,0.09137179516703067,0.11032207889834181
2020-04-07,0.004415302936420763,-0.023390269305573128,-0.005161018465686685,-0.02440354236969107,-0.00495014406636376,-0.022984131351480967,-0.023390269305573128,-0.005161018465686685,-0.02440354236969107,-0.00495014406636376,-0.022984131351480967,-0.019125246551027365,0.0013797690706835123,-0.0012985822007000936,-0.023712137700479863,-0.01652127353119983,-0.02857252540111559,-0.005210459548959134,-0.000949183505257677,-0.007045753260238086
2020-04-08,0.06538414984806296,0.042828327469983524,0.05988641131350888,0.03708980278931504,0.02767375890837629,0.04035487392269838,0.042828327469983524,0.05988641131350888,0.03708980278931504,0.02767375890837629,0.04035487392269838,0.04737890304707877,0.033195503261338646,0.038528021661698816,0.0416631378623733,0.042139904888112145,0.03436137782802389,0.029922337163998235,0.02947321988157108,0.03752472900867243
2020-04-09,0.04271222328922542,0.008619323059597318,0.00010225714444365205,0.003121560047198124,-0.005765201662003806,0.012797007201887256,0.008619323059597318,0.00010225714444365205,0.003121560047198124,-0.005765201662003806,0.012797007201887256,0.025608596276842824,-0.0052658806413208095,0.018345983390695087,0.01292821244052711,0.04338491261019917,0.046247106873936614,0.013037151403903737,0.011027603876995952,0.01922602664633515
2020-04-10,-0.08794491673247701,-0.08264989329381248,-0.06710519869113629,-0.08291790296003503,-0.0804054723388203,-0.07885564180655406,-0.08264989329381248,-0.06710519869113629,-0.08291790296003503,-0.0804054723388203,-0.07885564180655406,-0.09325040585988849,-0.07673951894906207,-0.09083865926817268,-0.08909139340316234,-0.0985708495401469,-0.09398407081566172,-0.09076004795386598,-0.08259014160616006,-0.09774665604564109
2020-04-11,0.009730878234617425,0.004663354691338739,0.005563783533143107,0.005487309408644491,0.003523837288964677,0.005401255588974292,0.004663354691338739,0.005563783533143107,0.005487309408644491,0.003523837288964677,0.005401255588974292,0.00241962859297129,0.004710942645762367,0.009016352961051322,0.0038420464323667873,0.0061305123719739025,0.011722007369604846,0.011627992678880709,0.005804055447524058,0.00961761587428216
2020-04-12,0.0065101246295758974,-0.0007278433509823935,0.006888692186468282,0.007566353931439142,0.005180487015385279,0.004749179427149712,-0.0007278433509823935,0.006888692186468282,0.007566353931439142,0.005180487015385279,0.004749179427149712,0.004422184660666439,0.0027944848849100782,0.001521812078276482,0.0006911794101372343,0.007649071202357723,-0.002357255023985761,0.0013645262514324625,0.005765606419588254,0.00071086071178128
2020-04-13,-0.01382240447886689,-0.016889236098934446,-0.0030560546741350116,-0.004415277797461092,-0.006741153480619988,-0.007524176575437758,-0.016889236098934446,-0.0030560546741350116,-0.004415277797461092,-0.006741153480619988,-0.007524176575437758,-0.01109995196690905,-0.01592459872206393,-0.005863306728816231,-0.011843532371904232,-0.0043827534421458265,-0.018190151030201784,-0.020016724060859213,-0.008746914805216277,-0.010006403557918308
2020-04-14,0.00594220917212096,-0.000995723359801959,0.0114650183973783,0.01180604819742972,0.00968165230351885,0.009062776612422852,-0.000995723359801959,0.0114650183973783,0.01180604819742972,0.00968165230351885,0.009062776612422852,0.0022928737938493486,0.0008578976279382643,0.02588247881023862,0.013128931963337597,0.007638289283369693,0.023963102085269347,0.017844004970214124,0.009533491369303837,0.014165511383037234
2020-04-15,-0.018934581289581476,-0.034053104835726655,-0.04180297658302825,-0.04828508688160139,-0.046585715290965224,-0.038401402836325094,-0.034053104835726655,-0.04180297658302825,-0.04828508688160139,-0.046585715290965224,-0.038401402836325094,-0.026384045898147336,-0.025973251838937818,-0.04407620146925156,-0.04144147650111334,-0.0433495304454902,-0.038148862908424695,-0.04190393947201032,-0.02794858146924144,-0.027171287031004625
2020-04-16,0.06403138506048003,0.07669028400865932,0.08429425060048445,0.08546967111630721,0.08711241182346682,0.07504023290197659,0.07669028400865932,0.08429425060048445,0.08546967111630721,0.08711241182346682,0.07504023290197659,0.06421777877168039,0.07723229862024579,0.0742430745243908,0.07729341966194991,0.07308027245829121,0.06423454428785146,0.07672853768989096,0.06481146397326293,0.059337624466183854
2020-04-17,-0.011140002802589866,-0.014367361531179386,-0.012416674728806693,-0.011821729251285792,-0.010911346744394307,-0.013476919573226448,-0.014367361531179386,-0.012416674728806693,-0.011821729251285792,-0.010911346744394307,-0.013476919573226448,-0.012963238464527627,-0.015040153615554481,-0.016436053596972172,-0.008883796014812392,-0.013936489802224545,-0.013831580163233954,-0.011692689285896769,-0.012277169240074976,-0.01227301374570144
2020-04-18,0.08649517052603657,0.03907249425487381,0.04353116687854672,0.05771603687833576,0.05459871821530598,0.041497301100233516,0.03907249425487381,0.04353116687854672,0.05771603687833576,0.05459871821530598,0.041497301100233516,0.059408160610049304,0.04613860765240471,0.047771206041661886,0.0470149498936803,0.05143440959716661,0.04887302652771439,0.04640961870280374,0.0572541377129685,0.05468888637320744
2020-04-19,-0.041672876866346645,-0.02361943830687592,-0.031841847595347784,-0.008721289348955259,-0.003000772307559284,-0.01819096292794964,-0.02361943830687592,-0.031841847595347784,-0.008721289348955259,-0.003000772307559284,-0.01819096292794964,-0.024376724156348686,-0.009295727758331117,-0.0007316029948588381,-0.005326908599903172,-0.008121292081942014,-0.034052255633800974,-0.025294825892287376,-0.027437504609013178,-0.030476010705133016
2020-04-20,-0.04853599084949234,-0.050102318230904386,-0.04797492384430917,-0.06007800244685657,-0.06138659076686122,-0.053855331588668086,-0.050102318230904386,-0.04797492384430917,-0.06007800244685657,-0.06138659076686122,-0.053855331588668086,-0.05609557166230366,-0.057706572596394785,-0.05802155478999807,-0.05808878274176099,-0.05753731822663182,-0.0499484885431359,-0.061467156227699916,-0.055683668093463076,-0.05166029496224254
2020-04-21,0.026703478708445118,0.003846915145504038,0.004921238360662739,0.005488308868201774,0.0028466692220123994,0.0037680345376305937,0.003846915145504038,0.004921238360662739,0.005488308868201774,0.0028466692220123994,0.0037680345376305937,0.027584804505988596,-0.0013539142261283607,0.001230439671366557,0.0006626622284226613,0.006253323621804042,0.026498458471705046,0.00195310728112621,0.0038900596171422834,0.0010989400690373464
2020-04-22,0.06349221395884844,0.03317726720452989,0.03758700036957299,0.057394555603685185,0.057880569227993874,0.03923587660759429,0.03317726720452989,0.03758700036957299,0.057394555603685185,0.057880569227993874,0.03923587660759429,0.051090400552253265,0.051498776494219814,0.05323676697778082,0.05077790781712799,0.05263402521754062,0.0424415386215999,0.04661610254323234,0.05566533454673786,0.05085332822767215
2020-04-23,0.042727847592810744,0.034860264979590425,0.028730285876967177,0.022134630364019435,0.019197873289321255,0.03198498358144977,0.034860264979590425,0.028730285876967177,0.022134630364019435,0.019197873289321255,0.03198498358144977,0.036002918414166765,0.022384023621696784,0.019325935356417558,0.02961692336555375,0.011291828150913875,0.04025263647568251,0.029674257978885524,0.043901186047646104,0.04915399963276191
2020-04-24,0.04704849150896313,0.02858843633153463,0.007855127754447461,0.01568660295164495,0.005646931143702877,0.026231548512513265,0.02858843633153463,0.007855127754447461,0.01568660295164495,0.005646931143702877,0.026231548512513265,0.05781165979929133,0.050143094001015714,0.019779777096201143,0.029266673385160896,0.026627414164734117,0.06470684838368446,0.07208013545628796,0.04314725540147005,0.03607023072699405
2020-04-25,0.08487025817090807,0.04684378693854279,0.030601414304321332,0.015841248134706373,0.022167405689967126,0.01710655520865373,0.04684378693854279,0.030601414304321332,0.015841248134706373,0.022167405689967126,0.01710655520865373,0.0645193350347516,0.01573429386333247,0.06707865063377755,0.04421983670598126,0.012887042152375003,0.0840799476282318,0.1156646483615239,0.052763586170837026,0.052336873238328196
2020-04-26,-0.0052395203961109315,0.007441904651076881,0.02873929482315532,0.04412170014745621,0.04400615300372644,0.04390763823514843,0.007441904651076881,0.02873929482315532,0.04412170014745621,0.04400615300372644,0.04390763823514843,0.021608304474941553,0.019499853320652426,0.022020489552930525,-0.019480856936950747,0.03849568795053242,-0.01849558948969765,-0.05175896802325075,-0.006511051851376336,-0.006280958212237647
2020-04-27,-0.009727683282189559,0.015434073429999386,-0.0020058949646383217,-0.008617039561262741,-0.018490799644607606,-0.010948484607651545,0.015434073429999386,-0.0020058949646383217,-0.008617039561262741,-0.018490799644607606,-0.010948484607651545,0.003115331966705906,-0.0164342020816068,-0.008363945743586633,-0.006846298395943551,-0.014980976602655073,-0.010342344396215217,0.009578066944337008,-0.005590063673468771,-0.005590063673468771
2020-04-28,-0.0030260646043255516,0.025971577135492387,0.013059872479031731,0.01652415623427774,0.010616002178669004,0.02295967016874434,0.025971577135492387,0.013059872479031731,0.01652415623427774,0.010616002178669004,0.02295967016874434,0.001077094684555436,0.007266290564488687,0.013752918976464823,0.0058712360265219974,0.00616607006577179,0.009409484944685964,0.012301815737711275,0.010934039431203059,0.010934039431203059
2020-04-29,0.043607425178572634,0.07539384033077412,0.06331840062637731,0.08507112487138264,0.0705044027791876,0.08401109635622443,0.07539384033077412,0.06331840062637731,0.08507112487138264,0.0705044027791876,0.08401109635622443,0.0617269943217341,0.06963129585704562,0.058087786503108044,0.04486124468252986,0.08241718440035828,0.041679654077620844,0.027016378016051126,0.05640499333140003,0.05640499333140003
2020-04-30,0.0030430038056290937,-0.04534229127531284,-0.05118617454155928,-0.04658532938174736,-0.05173677801392228,-0.04701529807807736,-0.04534229127531284,-0.05118617454155928,-0.04658532938174736,-0.05173677801392228,-0.04701529807807736,-0.05352111762521228,-0.05759024816223946,-0.011079678886617612,-0.005303560067750087,-0.05931010134711989,-0.048682856519021246,-0.00379713529626631,-0.00025243540694453587,-0.00025243540694453587
2020-05-01,0.09177921297926729,0.02426103075891544,0.027339274469033482,0.029190774971386117,0.026065088838487575,0.026312907110260117,0.02426103075891544,0.027339274469033482,0.029190774971386117,0.026065088838487575,0.026312907110260117,0.02560572232579135,0.027348831943309927,0.07482190780367216,0.06217023670352301,0.03335526864745136,0.022862323942030985,0.06531305758264415,0.06331942404899128,0.06331942404899128
2020-05-02,0.018058598381610426,0.04236641007633179,0.03413304480984179,0.054892201949200636,0.04930264220353728,0.05424883443747283,0.04236641007633179,0.03413304480984179,0.054892201949200636,0.04930264220353728,0.05424883443747283,0.017258148238684056,0.03948336985128756,0.017795949148494604,0.017773973089274454,0.0416922311380798,0.03338444843563774,0.012715497720096405,0.010229725542606954,0.02720363900378113
2020-05-03,-0.04858661118214558,-0.026811827103563557,-0.024171144504897258,-0.027077177120713204,-0.025487135465845898,-0.027077177120713204,-0.026811827103563557,-0.024171144504897258,-0.027077177120713204,-0.025487135465845898,-0.027077177120713204,-0.025590944348755862,-0.033384522698428024,-0.02965317524328597,-0.03131723279615947,-0.03562120541851821,-0.028267369889242278,-0.03039531884576132,-0.025742920398847784,-0.030449052130740718
2020-05-04,0.015056968530048453,-0.005498719362560523,-0.007220185814281743,-0.0015310482141044802,0.03155177939865461,-0.0015310482141044802,-0.005498719362560523,-0.007220185814281743,-0.0015310482141044802,0.03155177939865461,-0.0015310482141044802,-0.014904089434511538,-0.00398688901017057,0.026562064292704555,0.025050746771603235,-0.010148479746131402,0.03490774127398697,0.0280672799052551,0.01984938285175275,0.031495517594671216
2020-05-05,-0.0007956486863330836,-0.004695451358549963,-0.0007720995320035676,0.0018990209980467515,0.028301394366824818,0.0018990209980467515,-0.004695451358549963,-0.0007720995320035676,0.0018990209980467515,0.028301394366824818,0.0018990209980467515,-0.0021976613529259177,-0.011529089365490887,0.023921347757433573,0.02797248262292453,-0.0009066103549962177,0.03958517182218872,0.04052647482422176,0.04630187674730744,0.03834877849479139
2020-05-06,-0.031735103709590054,-0.026158482419418143,-0.013381723250744096,-0.029188095417825542,-0.04923432892909933,-0.029188095417825542,-0.026158482419418143,-0.013381723250744096,-0.029188095417825542,-0.04923432892909933,-0.029188095417825542,-0.034166997084011184,-0.03480441936072025,-0.0544268680912351,-0.05898728874273698,-0.03932771104726423,-0.05790587973808166,-0.05930516908484423,-0.05489775681560181,-0.05378120077324555
2020-05-07,0.03517271123905985,0.055159004483068236,0.056095312008828384,0.0510534406459565,0.04158818050228801,0.0510534406459565,0.055159004483068236,0.056095312008828384,0.0510534406459565,0.04158818050228801,0.0510534406459565,0.03518937623695242,0.039724953645822,0.03592092974110135,0.03927126494284856,0.04601495405306788,0.013730304539730098,0.01448428808173292,0.0315501003098522,0.0438913117581651
2020-05-08,0.0030665697338194253,0.014557932584382075,0.03496799690168262,0.01964724584941935,0.030543983423964097,0.01964724584941935,0.014557932584382075,0.03496799690168262,0.01964724584941935,0.030543983423964097,0.01964724584941935,0.01900076857315998,0.03521033354125944,0.02710445677189222,0.023645438359695774,0.043957113857237995,0.011672108702393241,0.02885331129426201,0.03586258964060203,0.028208382617155643
2020-05-09,0.013447946998067416,-0.017672089669936723,-0.0303955816261956,-0.022929220068889936,-0.021179938214612504,-0.02205270597333491,-0.017672089669936723,-0.0303955816261956,-0.022929220068889936,-0.021179938214612504,-0.02205270597333491,-0.016103844919041724,-0.029563416660504816,-0.024691433373367475,-0.018007240855678452,-0.028830493833544142,-0.0025402715884953924,-0.017272358829893333,-0.021781037561981565,-0.017215657722281
2020-05-10,-0.08037292998702134,-0.08968639526380752,-0.08704192009741879,-0.09239316773298104,-0.09147085721193529,-0.09400521192560511,-0.08968639526380752,-0.08704192009741879,-0.09239316773298104,-0.09147085721193529,-0.09400521192560511,-0.08270292027704973,-0.09499297583259367,-0.09457453327891166,-0.10116856133852044,-0.09470608974398481,-0.07784811265982643,-0.08751456607147326,-0.07772022815954605,-0.08909400150960213
2020-05-11,-0.01992211744676882,-0.020337872779140988,-0.024309747997729402,-0.018995470726693588,-0.02880740319805124,-0.022937572820054243,-0.020337872779140988,-0.024309747997729402,-0.018995470726693588,-0.02880740319805124,-0.022937572820054243,-0.02943880001890138,-0.03005681310565802,-0.027952270685597913,-0.03431407989782713,-0.03449733181978452,-0.02049329001127991,-0.018247312295775853,-0.019967516802590637,-0.018192119184972634
2020-05-12,0.06927236723264804,0.03147053790697916,0.03483420962404549,0.0364625076167183,0.03734104064832353,0.04063192029600696,0.03147053790697916,0.03483420962404549,0.0364625076167183,0.03734104064832353,0.04063192029600696,0.04745405676247323,0.03666237238974608,0.05290300859059008,0.037661817419098,0.05748372940605951,0.06124708581599117,0.04936994119285783,0.055981629638565525,0.050724051224034075
2020-05-13,0.00562198036226942,0.022368520780347723,0.021584711088252287,0.03403521866572996,0.01879609982366981,0.026358599014091412,0.022368520780347723,0.021584711088252287,0.03403521866572996,0.01879609982366981,0.026358599014091412,0.03162917552053504,0.016138302878379075,0.023990720236766183,0.019698542839802657,0.014789679029541513,0.011347884778429606,0.05363961487439375,0.06926563405291261,0.06475919644375025
2020-05-14,0.012714392496647964,0.01581813877555982,0.02686777677238963,0.031714596047947935,0.016165264679337835,0.032910320103998726,0.01581813877555982,0.02686777677238963,0.031714596047947935,0.016165264679337835,0.032910320103998726,0.03590105470019434,0.0008947407731221936,0.027650153112952026,-0.005607306746962569,0.0257058344308148,0.018792945205208626,0.0385278151072918,0.05333715680622058,0.03690965251059111
2020-05-15,-0.029766827253606687,-0.030809446794407,-0.032081395184022574,-0.03894354920060454,-0.022450867257584335,-0.03589151743731273,-0.030809446794407,-0.032081395184022574,-0.03894354920060454,-0.022450867257584335,-0.03589151743731273,-0.02892161788915317,-0.01440630597461578,-0.032436515573596454,-0.014110421501172938,-0.019531630989945255,-0.023333211444425104,-0.026004992429161676,-0.04255994506086014,-0.024182863544822884
2020-05-16,0.01548840823778162,0.015587040874286653,0.010482394949242763,0.008805920468966128,0.011136578656093118,0.012186643137263833,0.015587040874286653,0.010482394949242763,0.008805920468966128,0.011136578656093118,0.012186643137263833,0.03451290882305039,0.012496333661417225,0.006801280707658299,0.017777419606957064,0.012630321160880998,0.030313699003052225,0.0313771270550219,0.017217942850598605,0.019852914693993633
2020-05-17,0.0037241112913140475,0.004171712242372961,0.011406422596914247,0.01493742925329098,0.0148129135832205,0.01460987709719195,0.004171712242372961,0.011406422596914247,0.01493742925329098,0.0148129135832205,0.01460987709719195,-0.002806910554662113,0.0035737502387594767,0.009447333913402689,0.015232647821284107,0.007639206857852576,-0.006858391814506693,-0.005287149844907789,0.013231547647740571,0.009940630054065576
2020-05-18,0.010651599076208183,0.022468258113690354,0.024332455057123295,0.01735789118548974,0.021346689614305928,0.01982914199020689,0.022468258113690354,0.024332455057123295,0.01735789118548974,0.021346689614305928,0.01982914199020689,0.020464371155943864,0.015894125633504966,0.025306892166190087,0.016261021254029374,0.026525444427959278,0.010731687837920447,0.0090819539516531,0.016190850790560686,0.01827907017853359
2020-05-19,0.019786073746051923,0.0013868605068858566,0.01140009308530925,0.011946766584957658,0.005280650156768929,0.005079946680353765,0.0013868605068858566,0.01140009308530925,0.011946766584957658,0.005280650156768929,0.005079946680353765,0.003655529766834609,0.002622624531650986,0.00844907797495178,0.006124206802964039,-0.0022288552971474478,0.02192527761230434,0.0060302311514339076,-0.0034098100949934594,-0.0017999646331688492
2020-05-20,0.03140009840125901,-0.013903074083665201,-0.01675740851568248,-0.01581384857324657,-0.01855809759291698,-0.01261705950516654,-0.013903074083665201,-0.01675740851568248,-0.01581384857324657,-0.01855809759291698,-0.01261705950516654,0.018205154043057288,-0.020422964305001345,-0.022961518082546074,-0.012346890169305859,-0.009893869995894056,-0.009579688386985176,-0.020157919769908862,-0.006453543512238237,-0.009170570715340732
2020-05-21,-0.030145825298883835,-0.04605342587000949,-0.051472243696563696,-0.05025240669285712,-0.051184979207994724,-0.04701676384846277,-0.04605342587000949,-0.051472243696563696,-0.05025240669285712,-0.051184979207994724,-0.04701676384846277,-0.04361104900119753,-0.05630057279643519,-0.04542922722620062,-0.054506266158571105,-0.047950819046880234,-0.030525462318348563,-0.04451988046917708,-0.0574196210589335,-0.04853570585806577
2020-05-22,0.03839335362804859,0.0809945057791074,0.039460814902947505,0.026184654823272376,0.03551031818951305,0.05369056082402148,0.0809945057791074,0.039460814902947505,0.026184654823272376,0.03551031818951305,0.05369056082402148,0.1024769994456287,0.06955245995388377,0.041038488091817385,0.04408446710043322,0.08900144850127403,0.042382395690362534,0.08734033729457001,0.05688676727987668,0.04431826215946846
2020-05-23,-0.013488189143785759,-0.012082356115650018,-0.019631521589615265,-0.009962943146236743,-0.013758110280746826,-0.01982181376998684,-0.012082356115650018,-0.019631521589615265,-0.009962943146236743,-0.013758110280746826,-0.01982181376998684,-0.030496319610483963,-0.014108377316239124,-0.017725454495962766,-0.018515474003076772,-0.03256466599884238,-0.006601480733839639,-0.02847975050039954,-0.019082641467728256,-0.015479478073982034
2020-05-24,-0.06643440409381073,-0.04078466054994685,-0.04557894359489115,-0.057019793333508345,-0.05265837913149865,-0.050938228480851125,-0.04078466054994685,-0.04557894359489115,-0.057019793333508345,-0.05265837913149865,-0.050938228480851125,-0.04108260712161371,-0.04599359094838341,-0.04931423175733578,-0.05810044741316092,-0.04348782494785315,-0.046445337405408724,-0.0619911865576532,-0.0546456527712115,-0.04615341380482072
2020-05-25,0.05733142401957192,0.028554686057328603,0.0860209326558404,0.05815016435965457,0.03421223661717235,0.03706555363426141,0.028554686057328603,0.0860209326558404,0.05815016435965457,0.03421223661717235,0.03706555363426141,0.10296564684208637,0.087163890868107,0.13692689766208813,0.1380569116733676,0.09714061323103612,0.1552944379801154,0.1746030695560754,0.15338633995603196,0.1586365887202565
2020-05-26,-0.009635363795568397,-0.004300691994230244,0.0040836884099395565,0.0018909602780412319,-0.0011733541450798849,0.0002322877615616118,-0.004300691994230244,0.0040836884099395565,0.0018909602780412319,-0.0011733541450798849,0.0002322877615616118,0.0005970729078809359,0.0006116494736906125,-0.027869024756198388,-0.025365328124110634,0.009052738110845882,-0.0007851698189993645,-0.015203462960481074,-0.00908192103655852,-0.00997283107708196
2020-05-27,0.11945773875370565,0.02100405792298925,-0.006942976645768706,0.04102157926176302,0.018346224564489578,0.014745669129369521,0.02100405792298925,-0.006942976645768706,0.04102157926176302,0.018346224564489578,0.014745669129369521,-0.006380550096879678,0.0041992669300336075,0.0194341602846458,0.025958580742428274,-0.006506830692527333,0.02700269294544402,0.0810600523466679,0.00754664812840742,0.0007312911387965526
2020-05-28,-0.01244430587637279,0.0320697848488396,0.026597424840969854,0.01702918532533644,0.033694200749462014,0.03267161541813883,0.0320697848488396,0.026597424840969854,0.01702918532533644,0.033694200749462014,0.03267161541813883,0.017897632348002745,0.030913229694783606,0.041496461658334254,0.0439558220385897,0.01669448964771212,0.010346188315706063,-0.010355017662195862,0.04045103105974728,0.03775410704333311
2020-05-29,-0.00583363917999784,-0.008660164513630516,-0.007236210321443278,-0.01151124140185937,-0.013950602787965024,-0.009500595146876463,-0.008660164513630516,-0.007236210321443278,-0.01151124140185937,-0.013950602787965024,-0.009500595146876463,-0.0027502354565721366,-0.009411996380826057,-0.009498588466540744,-0.010527539902266533,-0.001810994891416339,0.0015535022873754134,0.01165358946593525,-0.006796548627877548,-0.003239055852707025
2020-05-30,0.08760426286188952,0.06453257966174118,0.07267237422686586,0.06921850451254408,0.06411427944691121,0.0579009067040748,0.06453257966174118,0.07267237422686586,0.06921850451254408,0.06411427944691121,0.0579009067040748,0.05052915880549487,0.0624181312493713,0.07562263097522214,0.05961794732150147,0.06553746794009369,0.0180572177546061,0.05689478531459655,0.024806882577611638,0.03256709891793573
2020-05-31,-0.025585835039379994,-0.034046734664889874,-0.03548028421961043,-0.037571674523546705,-0.035038241070710296,-0.0334340478379858,-0.034046734664889874,-0.03548028421961043,-0.037571674523546705,-0.035038241070710296,-0.0334340478379858,-0.016109904030085654,-0.01615671554008229,-0.03494895259348018,-0.030660484617732436,-0.01356539189003163,-0.02222655832050753,-0.047759252649538265,-0.047350362036273436,-0.037414197476731956
2020-06-01,0.06661788155782081,0.055616859042382144,0.075032064829561,0.07343911269681153,0.06643795264557069,0.05855524881690087,0.055616859042382144,0.075032064829561,0.07343911269681153,0.06643795264557069,0.05855524881690087,0.07221253081584518,0.07459115429990733,0.08077321006676158,0.06121885381349435,0.07663960589691113,0.04187349017141369,0.058762296091545624,0.06420069037330021,0.055342681105111334
2020-06-02,-0.011427906674034505,-0.0372259734377443,-0.011034822469384874,-0.03510131239759336,-0.020548834195033283,-0.04151843704642688,-0.0372259734377443,-0.011034822469384874,-0.03510131239759336,-0.020548834195033283,-0.04151843704642688,-0.03347656748024217,0.0009968599905356944,0.015838477671099162,-0.015379511315023643,-0.005880557643184426,-0.034467214220236804,-0.006597090635011505,-0.023700213571394003,-0.019281918635503683
2020-06-03,0.0446123613917361,0.0162082685665234,0.0185377266038246,0.023108706166762506,0.013263616848700255,0.013366528733772864,0.0162082685665234,0.0185377266038246,0.023108706166762506,0.013263616848700255,0.013366528733772864,0.04878864633293843,0.01575361585406343,0.02694650672399601,0.019558944451662043,0.02266608876575802,0.027743424015486087,0.029987452663392443,0.029573794692679647,0.031691886533700545
2020-06-04,0.011887827072500268,0.0011686326976452664,-0.0027400560734640814,0.010064609104875787,0.0029214002164897005,0.0019664159915235404,0.0011686326976452664,-0.0027400560734640814,0.010064609104875787,0.0029214002164897005,0.0019664159915235404,0.008465623360636765,-0.017804624651939882,-0.0015031078991796475,0.0030835285795912212,-0.01682048031076984,0.00030121519631989314,0.03422124472806194,0.025234511359204275,0.027806959821494795
2020-06-05,-0.029279563951561772,-0.005284138473601607,-0.029996901981182877,-0.026410480961674882,-0.025810190799599272,-0.009437370974203092,-0.005284138473601607,-0.029996901981182877,-0.026410480961674882,-0.025810190799599272,-0.009437370974203092,0.0007499255864439362,-0.010484202370606807,-0.040945875404635054,-0.03198301052480783,-0.00657571034467665,0.004629495395260726,-0.027795139303780275,-0.024752929203769543,-0.013387553987410133
2020-06-06,-0.0047002206906281,0.001299156653072342,0.007315841085041698,0.0037217878590588473,0.004147527888324616,-0.002271840166367162,0.001299156653072342,0.007315841085041698,0.0037217878590588473,0.004147527888324616,-0.002271840166367162,0.03225489120334702,0.032695588708999294,0.015505600767674835,0.01031127247343927,0.03319877315108194,0.04456321636204163,0.019675303388628385,0.038989782019751326,0.03218043507308283
2020-06-07,-0.011826459654896615,-0.0016885408222637956,-0.011531376340474075,-0.007180614527695485,-0.005164480704004215,-0.0027848609967979555,-0.0016885408222637956,-0.011531376340474075,-0.007180614527695485,-0.005164480704004215,-0.0027848609967979555,-0.0175658186358844,-0.013536062244199544,-0.014370378861435948,-0.00866067171023801,-0.010016660073968953,-0.0040027807541490375,-0.006420029762259527,-0.015694960847931892,-0.007513396377708825
2020-06-08,0.023845590343404187,0.00043119416882098094,0.01628455275147274,0.027660670668619547,0.011342555826170721,0.016614358606610403,0.00043119416882098094,0.01628455275147274,0.027660670668619547,0.011342555826170721,0.016614358606610403,0.022853056081652976,0.03475933672643121,0.03337786827319256,0.033171448833383674,0.024918572245482218,0.02923601842464363,0.04513201496113295,0.025317904916641078,0.007963984975457718
2020-06-09,-0.03185875593451182,-0.007080207999706678,0.004924836194923787,-0.01285257327703,0.007309366238758153,-0.007875842712092362,-0.007080207999706678,0.004924836194923787,-0.01285257327703,0.007309366238758153,-0.007875842712092362,0.0013779461207563681,0.0004079452182149893,-0.010291196329518826,0.003913932461629303,0.0018229981635516038,0.02422074978498978,-0.0037455252952545374,0.005422823246373621,-0.0005038289624821114
2020-06-10,-0.0025793048085780645,0.00941602611535908,0.008527917935262886,0.007902439169519604,0.004678100050130207,0.003305306483129012,0.00941602611535908,0.008527917935262886,0.007902439169519604,0.004678100050130207,0.003305306483129012,0.044036921620097494,0.018612035822053022,0.019585394091760813,0.028644898075682317,0.01731074477449315,0.039644086761143706,0.014949607563616452,0.02614385255582359,0.02030062794578782
2020-06-11,-0.10887985641988282,-0.06993973553832505,-0.09410126799853383,-0.09596998797349628,-0.09802894977012173,-0.08366477393018674,-0.06993973553832505,-0.09410126799853383,-0.09596998797349628,-0.09802894977012173,-0.08366477393018674,-0.10527883403006422,-0.10879103755491205,-0.10094490483907838,-0.09079153903688585,-0.10303058001605242,-0.09965620164105957,-0.11566645137493642,-0.08850142937991243,-0.08891215540339067
2020-06-12,0.045455685477679246,0.024008527704787855,0.022975226536581177,0.02811333259289353,0.025876906368524362,0.025845750741311353,0.024008527704787855,0.022975226536581177,0.02811333259289353,0.025876906368524362,0.025845750741311353,0.04935008352664089,0.037073093726255495,0.03679168874807151,0.05291652291946701,0.03643685225845793,0.06993759971816295,0.07232557086514223,0.054672310252673106,0.03172491749497668
2020-06-13,-0.0046527026380238055,0.005583659596798385,0.009518328760988981,0.005796611600099182,0.006919515363303744,0.008277912400824464,0.005583659596798385,0.009518328760988981,0.005796611600099182,0.006919515363303744,0.008277912400824464,0.03841426133470306,0.026782358365975915,0.023989518806633532,0.020556006549203903,0.027056490892096666,0.037701251233090115,9.456225319072505e-05,0.006099405475102192,0.0010672756542782144
2020-06-14,-0.03269650717066739,-0.016734673504208233,-0.02713911290391351,-0.029647006293189084,-0.023344388317459303,-0.027538188195178104,-0.016734673504208233,-0.02713911290391351,-0.029647006293189084,-0.023344388317459303,-0.027538188195178104,-0.048984870554268874,-0.04479336275594549,-0.04574857627727854,-0.04913915812387541,-0.04630830623788644,-0.04875714431956721,-0.04206847842976727,-0.026943358095261404,-0.026543258293532893
2020-06-15,0.007598565115388478,-0.001926850372509814,-0.003312205115947143,0.004296372114245828,0.0019574930853266228,-0.0019196733314823077,-0.001926850372509814,-0.003312205115947143,0.004296372114245828,0.0019574930853266228,-0.0019196733314823077,-0.024996870204983115,-0.014665057872318421,-0.01091131518186823,-0.014884881988091125,-0.014884881988091125,-0.022808303876041956,0.011620053038386358,0.01655652323993262,0.014093808067984171
2020-06-16,-0.00664756336964103,0.005877899736779258,0.013260776846428037,0.012701352103700537,0.00990964185900114,0.010805580411166416,0.005877899736779258,0.013260776846428037,0.012701352103700537,0.00990964185900114,0.010805580411166416,0.01170764155732116,0.006282928622116944,0.006160992219305484,0.007359930993006559,0.007359930993006559,0.005970791952463263,-0.009174289859834574,0.006601033534222701,-0.0008480003869898668
2020-06-17,-0.016054858665377127,-0.0006020954111037868,0.004998906000407044,0.0161526666038639,0.008618025923878838,0.00631834932329658,-0.0006020954111037868,0.004998906000407044,0.0161526666038639,0.008618025923878838,0.00631834932329658,-0.02121556380836316,0.004462524848245519,0.0008759371732338862,-0.007974832646561935,-0.007974832646561935,-0.013659188231654127,-0.015377302335962153,0.00019790438935118893,-0.012311945941690872
2020-06-18,0.01295724055222907,-0.013638372927531318,-0.010271988556888469,-0.013467560952010627,-0.0137919656277272,-0.01222782222582608,-0.013638372927531318,-0.010271988556888469,-0.013467560952010627,-0.0137919656277272,-0.01222782222582608,0.034974166784232825,0.027368693144772666,0.024757525887957148,0.034104811698110526,0.034104811698110526,0.03727037289856967,0.0025322009627391368,-0.008674640837357049,-0.009873160306667338
2020-06-19,-0.031937476803055094,-0.013174978853875308,-0.005791361367807642,-0.015619529782248271,-0.015163348105453608,-0.01348300241495277,-0.013174978853875308,-0.005791361367807642,-0.015619529782248271,-0.015163348105453608,-0.01348300241495277,-0.0034496975763073047,-0.00436241815417337,-0.0032339054781191667,-0.0073595488622845325,-0.0073595488622845325,-0.006670101155289494,-0.03168166581401128,-0.021075125194439118,-0.017282413351014145
2020-06-20,0.0026723361270472477,0.008913189811745648,0.006444764164568843,0.0061506211183996835,0.0037825935593820063,0.008854555936742527,0.008913189811745648,0.006444764164568843,0.0061506211183996835,0.0037825935593820063,0.008854555936742527,0.013699655645831726,-0.0033300544415626613,-0.0032086304237322135,-0.00338614676075905,0.0036087884715146935,0.00019291103138581456,-0.007127624645859741,0.0005166904027731471,-0.0059199516941882595
2020-06-21,0.0058788721674469125,-0.00947721354530362,-0.009291128838662989,-0.00819779130688534,-0.010040002260860971,-0.00947721354530362,-0.00947721354530362,-0.009291128838662989,-0.00819779130688534,-0.010040002260860971,-0.00947721354530362,0.0024703557083007865,0.009645857236499045,0.009645857236499045,0.009645857236499045,0.009362140599143776,0.00985227251994863,0.005054666546782438,-0.008483817116706227,0.0067816994276021164
2020-06-22,0.04959200682705376,0.030813857853284922,0.03945411945063522,0.04054337865046512,0.029424862324801862,0.030813857853284922,0.030813857853284922,0.03945411945063522,0.04054337865046512,0.029424862324801862,0.030813857853284922,0.056985877234239396,0.040520012119190124,0.040520012119190124,0.040520012119190124,0.05410960699233578,0.05760382421252599,0.049552337687186296,0.05063545262124535,0.031265576116924404
2020-06-23,-0.013013565132620487,0.0010389224403427823,0.01197585168148978,0.001459236404337094,0.0024046913436315716,0.0010389224403427823,0.0010389224403427823,0.01197585168148978,0.001459236404337094,0.0024046913436315716,0.0010389224403427823,-0.020734033416659737,-0.023470563652583088,-0.023470563652583088,-0.023470563652583088,-0.028140733609100146,-0.011032541130119578,-0.025492955087857094,-0.017347197280748204,-0.020187162322665864
2020-06-24,-0.008768268380736943,-0.02857076890297539,-0.03158995609760196,-0.029883778129200313,-0.028504059138824703,-0.02857076890297539,-0.02857076890297539,-0.03158995609760196,-0.029883778129200313,-0.028504059138824703,-0.02857076890297539,-0.019283587960569018,0.02031781080887625,0.02031781080887625,0.02031781080887625,0.01495183683459478,-0.020614644507133708,0.00599982195107962,0.0019126274218375112,0.005073479638892885
2020-06-25,-0.02533396102691661,-0.009263817186152056,-0.01171837636132398,-0.008944328243555311,-0.010359097307934606,-0.009263817186152056,-0.009263817186152056,-0.01171837636132398,-0.008944328243555311,-0.010359097307934606,-0.009263817186152056,-0.026813978637720462,-0.012170615070941972,-0.012170615070941972,-0.012170615070941972,-0.01645423391325276,-0.024127301072960395,-0.010713815198645693,-0.011984251824235438,-0.0053332618510458785
2020-06-26,-0.03428212687000701,-0.0002950820745627027,-0.0028312916614926255,-0.0047797518540366735,-0.004008249020781115,-0.0002950820745627027,-0.0002950820745627027,-0.0028312916614926255,-0.0047797518540366735,-0.004008249020781115,-0.0002950820745627027,-0.03537256387602408,-0.035407077151918556,-0.03628207715191856,-0.035407077151918556,-0.03458894510834043,-0.027386493033368046,-0.02672109237893911,-0.034486132640904416,-0.027730139991395952
2020-06-27,-0.05338993684418199,-0.03963351492224492,-0.05097979880968907,-0.04329371625960341,-0.042113971372823814,-0.03963351492224492,-0.03963351492224492,-0.05097979880968907,-0.04329371625960341,-0.042113971372823814,-0.03963351492224492,-0.0716896355633931,-0.04455754477310816,-0.05646626384251563,-0.04455754477310816,-0.06018061946702773,-0.07950927650110969,-0.0366316927135894,-0.038062504240992716,-0.035478661951328955
2020-06-28,0.04617562067514458,0.011617559776723275,0.015477139437856693,0.01682433137067929,0.01910188746056054,0.011617559776723275,0.011617559776723275,0.015477139437856693,0.01682433137067929,0.01910188746056054,0.011617559776723275,0.053825730643391675,0.0415787230012916,0.043404050956116415,0.0415787230012916,0.03657911842021922,0.03368789418895346,0.005071864511012424,0.018229016943846443,0.011151706395233774
2020-06-29,0.038226869823531115,0.009232532477616441,0.018902444439852763,0.011132429934055034,0.03349285796983699,0.009232532477616441,0.009232532477616441,0.018902444439852763,0.011132429934055034,0.03349285796983699,0.009232532477616441,0.027869144372690217,0.03264142745040135,0.03219174582401085,0.03264142745040135,0.01864455175272488,0.008219489770863089,0.025563368499828456,0.032594893280859426,0.03240216058918924
2020-06-30,-0.01053906589295941,-0.010133412658262843,-0.012813207224259783,-0.010385075406040434,-0.012405861009501052,-0.010133412658262843,-0.010133412658262843,-0.012813207224259783,-0.010385075406040434,-0.012405861009501052,-0.010133412658262843,-0.024108606050327743,-0.0034602381386880984,-0.010205034739556872,-0.0034602381386880984,-0.02247213202315339,-0.020681193574747403,0.0033692447477303954,-0.0029103750249915403,-0.00890734446642525
2020-07-01,0.041769085974672396,0.012445712891619554,0.015333093289480758,0.017461881824267292,0.049947753940038725,0.012445712891619554,0.012445712891619554,0.015333093289480758,0.017461881824267292,0.049947753940038725,0.012445712891619554,0.03834412916066951,0.049874144208746474,0.04182674982019026,0.049874144208746474,0.04411033825287935,0.02813452106390391,0.011325226697679991,0.0379512713139746,0.0038011363435616723
2020-07-02,-0.018341484802620434,-0.01917703010349736,-0.01602581693192027,-0.013302792903851304,-0.027099484093742278,-0.01917703010349736,-0.01917703010349736,-0.01602581693192027,-0.013302792903851304,-0.027099484093742278,-0.01917703010349736,-0.01189309949756783,-0.017064024733869722,-0.02761453002225829,-0.017064024733869722,-0.025717649717400003,-0.023765690669223072,-0.037561780909137886,-0.03955671890564068,-0.03266121079171372
2020-07-03,0.041236612332392425,-0.0010315533634621225,0.0010476094383951953,-0.006405728384355465,0.010739630884788826,-0.0010315533634621225,-0.0010315533634621225,0.0010476094383951953,-0.006405728384355465,0.010739630884788826,-0.0010315533634621225,-0.0038488401387169985,0.04120814598600102,0.02802683007162004,0.04033314598600102,-0.0004276203812237228,0.007686139546101605,0.022025020166178785,0.0303466297676575,0.01787779664731293
2020-07-04,0.0745191410728774,0.01617954254604905,0.014645819456052747,0.04792435349154406,0.023606274765008643,0.013824179285311811,0.01617954254604905,0.014645819456052747,0.04792435349154406,0.023606274765008643,0.013824179285311811,0.0376228421010867,0.0734866842206202,0.04103140596751366,0.0698417042701264,0.03664590968969539,0.057454871212342315,0.02802334286962898,0.010788785625415057,0.01478214339708154
2020-07-05,0.013093939835189028,-0.009075881969623546,-0.006954891204948078,0.02233767182348447,0.0315240848535131,-0.008067037546354384,-0.009075881969623546,-0.006954891204948078,0.02233767182348447,0.0315240848535131,-0.008067037546354384,0.04984068976211505,0.060811180404191784,0.017698027114684267,0.07956539039597009,0.030961677142385804,0.0509161976926758,0.04174460835277569,0.011488420700847069,0.004023402052585348
2020-07-06,0.05740185067559405,0.058406738335625846,0.056822387484693905,0.041589377494978486,0.025043942719902446,0.056411596671371904,0.058406738335625846,0.056822387484693905,0.041589377494978486,0.025043942719902446,0.056411596671371904,0.017061814559515547,0.02235552079095593,0.06157651843543252,0.00018404091849359878,0.029343104265460454,0.016623128385276045,0.005814625480936917,0.04333417484835547,0.0288100478892535
2020-07-07,0.11303220110225859,-0.013477977183972013,-0.004792888578773025,0.039042020730548126,0.0003860504861001649,-0.0060047256883136065,-0.013477977183972013,-0.004792888578773025,0.039042020730548126,0.0003860504861001649,-0.0060047256883136065,0.018078277288141376,0.09146356592699197,0.07429543372556889,0.07194424545760522,0.024002900223285172,0.01078569497957851,0.028804457852514,0.06033145379137344,0.03360504053342563
2020-07-08,0.09607018359394004,0.04753160944232615,0.053544325600170195,0.06015974115810456,0.03906545189661648,0.05626261200763776,0.04753160944232615,0.053544325600170195,0.06015974115810456,0.03906545189661648,0.05626261200763776,0.04628480948841407,0.051182902150791576,0.07774395318801995,0.04938289574159434,0.05078287646894064,0.031880636869583624,0.028851938908750728,0.07068631469410194,0.031013476475402584
2020-07-09,-0.03732337227373714,-0.018185934928262905,-0.013105038889773678,-0.03166225340392119,-0.012544276135090949,-0.013578278789203858,-0.018185934928262905,-0.013105038889773678,-0.03166225340392119,-0.012544276135090949,-0.013578278789203858,-0.002039859813386481,-0.044166082636680315,-0.02996393829996653,-0.04500605706210151,-0.013673040719104669,-0.020924813600625793,-0.028085414347807872,-0.015850720533154485,-0.016339784810922756
2020-07-10,-0.0018010688006144353,-0.0025144178027695753,-0.012989188114544368,-0.007008831064010663,-0.017803827801158432,-0.012529446133642283,-0.0025144178027695753,-0.012989188114544368,-0.007008831064010663,-0.017803827801158432,-0.012529446133642283,-0.012795401651748858,0.0006723293356849561,-0.009563359254285218,0.003164490514426335,-0.009761928632668579,0.007928741174740675,0.006530519955705598,0.01593622007705653,0.011131419390400035
2020-07-11,0.08934355282001777,0.0037010171327604095,0.01453894635160455,0.014003194133028904,0.01836553607218129,0.00539059578110824,0.0037010171327604095,0.01453894635160455,0.014003194133028904,0.01836553607218129,0.00539059578110824,0.009639976697107581,0.03712597486648381,0.05060791520069546,0.04210273310372542,0.026022643447105337,0.04674945256098848,0.045368231931382244,0.07447138397806198,0.04844654986337399
2020-07-12,0.02971314693517408,0.0006801845933849693,0.04500999612807354,0.04991405887681637,-0.004086614141636027,0.010649752623542974,0.0006801845933849693,0.04500999612807354,0.04991405887681637,-0.004086614141636027,0.010649752623542974,0.0021161264514270245,0.037433001846093335,0.06109771269165042,0.021136241943852777,-0.009686633326415617,0.015156082165822473,0.002003397859193497,0.04037942436357245,0.013061158353541028
2020-07-13,-0.009640247705531756,-0.01236469420218318,-0.03557111792108829,-0.02600705002272934,0.01588547225256636,-0.0060294633379059945,-0.01236469420218318,-0.03557111792108829,-0.02600705002272934,0.01588547225256636,-0.0060294633379059945,0.00021446477081137234,-0.0009581980556849553,-0.041271670303863806,-0.047681824986884204,0.0029462341930072827,-0.014849621262461078,-0.002942504030594373,-0.04551897953389575,0.017202378565115597
2020-07-14,0.07559376331582077,-0.001311757015614834,0.04159457131227477,0.03782520634247377,0.01476534469565527,-0.00209986231703545,-0.001311757015614834,0.04159457131227477,0.03782520634247377,0.01476534469565527,-0.00209986231703545,0.013868366354341678,0.045685514426184674,0.06779068073659203,0.04568646665687209,0.04471925773872703,0.06264973817431035,0.03434602165039875,0.0706873799720215,0.06047865427488115
2020-07-15,0.02581523901947864,-0.009967395113324007,0.0319141967850424,0.02606970169596803,-0.00020803786828678048,-0.011529453398183277,-0.009967395113324007,0.0319141967850424,0.02606970169596803,-0.00020803786828678048,-0.011529453398183277,-0.01823714784863033,0.010928466996998655,0.03226330608001726,0.015128166043529713,-0.01750960309833036,0.0010083931552322236,0.00797678873275385,0.036104869898536514,0.015599374481154848
2020-07-16,-0.05814779875330196,-0.01790174543750096,0.0543490563214643,0.03520304957914664,0.0376808319307367,-0.01893188132546546,-0.01790174543750096,0.0543490563214643,0.03520304957914664,0.0376808319307367,-0.01893188132546546,-0.019199680357778262,0.0001504569181689946,-0.014575311085913659,-0.013949159050389981,0.00572151125833309,-0.03476131863842797,0.0014423956673118108,-0.005604507020908426,-0.030223969889012908
2020-07-17,0.03195481525905186,-0.0020629980762684845,-0.0019464069021656273,-0.005072769466514514,0.008913889155934567,-0.0016260558623350176,-0.0020629980762684845,-0.0019464069021656273,-0.005072769466514514,0.008913889155934567,-0.0016260558623350176,0.0073397203118076345,0.011785432887955997,0.02663637572107534,0.03243585843793853,0.0200423870078623,0.029536771863064006,0.008854285971813041,0.03923960257286182,0.018453547432064402
2020-07-18,0.052397379178131656,0.009719599114054844,0.009175074885336788,0.017482376408934023,0.01082710174124299,0.010316002870643447,0.009719599114054844,0.009175074885336788,0.017482376408934023,0.01082710174124299,0.010316002870643447,0.0024333046933268016,-0.001184215987381419,0.012353048135569996,0.014665701111655554,0.008540082836733978,0.020734913339513147,0.05186844061469226,0.08331860544845907,0.08167130239511715
2020-07-19,0.058249488626575606,0.01699350217401683,0.04185196834365701,0.032464981615279796,0.018742806847241278,0.015113102458937424,0.01699350217401683,0.04185196834365701,0.032464981615279796,0.018742806847241278,0.015113102458937424,0.02508181552568358,0.01588367508866361,0.04093904534797143,0.03867460792288006,0.04088919165610604,0.07309619853525243,0.11383865569536605,0.11383865569536605,0.11383865569536605
2020-07-20,-0.053455552646764104,-0.022920787545897707,-0.03868174471234736,-0.04585041504954679,-0.06330433527017763,-0.017020782246280744,-0.022920787545897707,-0.03868174471234736,-0.04585041504954679,-0.06330433527017763,-0.017020782246280744,-0.04171853967596267,-0.06335773549994456,-0.05244514868067896,-0.0562303215930613,-0.0532761965189391,-0.07807823951002571,-0.08178937286997859,-0.08178937286997859,-0.08178937286997859
2020-07-21,0.06496827440601423,0.030005497092026222,0.019990134093725142,0.020192344458716916,0.035094728086611626,0.026489779055498496,0.030005497092026222,0.019990134093725142,0.020192344458716916,0.035094728086611626,0.026489779055498496,0.029526134681020187,0.028591569288924572,0.017101756944653657,0.021131416533463867,0.02003666622642717,0.05191774202409567,0.06631551340388668,0.06631551340388668,0.06631551340388668
2020-07-22,0.026022758238843282,0.028172376225456562,0.025207263444626562,0.01759398838846964,0.015576756720494214,0.030954851296663848,0.028172376225456562,0.025207263444626562,0.01759398838846964,0.015576756720494214,0.030954851296663848,0.01503771003796004,0.0068439889535384605,0.007609198752228764,0.009619542830349803,0.008778238853523112,-0.007677876302416566,-0.0074474798939601974,-0.0074474798939601974,-0.0074474798939601974
2020-07-23,0.005857654927168855,0.010894109822051657,0.0017559142032958826,-0.0037605956081643533,-0.007122076047417436,0.025416178209451436,0.010894109822051657,0.0017559142032958826,-0.0037605956081643533,-0.007122076047417436,0.025416178209451436,0.0010518342164268948,-0.015487035192424581,-0.016826213680220595,-0.00612921952371448,-0.019104054011372697,-0.01874764938387743,-0.022379077809604398,-0.022379077809604398,-0.022379077809604398
2020-07-24,-0.0382430914334861,-0.01111677147924479,-0.024637581871316747,-0.024718249341934184,-0.022475938003800655,-0.005958596817017932,-0.01111677147924479,-0.024637581871316747,-0.024718249341934184,-0.022475938003800655,-0.005958596817017932,-0.03256243120776838,-0.030982708539300137,-0.033643697494629185,-0.03803402967232385,-0.035960846363562865,-0.045580696989184655,-0.04994525314687275,-0.05082025314687275,-0.04994525314687275
2020-07-25,0.0377565134434859,0.05812245295651475,0.043377084464855144,0.066665935906673,0.061578232241942296,0.046345584885757296,0.05812245295651475,0.043377084464855144,0.066665935906673,0.061578232241942296,0.046345584885757296,0.0381885033405623,0.06068324325902064,0.05627641805081777,0.05792080399302328,0.03238076591083572,0.0038364106105551092,0.011477558701924951,0.04050247415391799,0.011477558701924951
2020-07-26,-0.024982797487510998,-0.0001642209288504901,-0.008441659969774817,0.005417817581550378,-0.0037464603811446697,0.002140153132001577,-0.0001642209288504901,-0.008441659969774817,0.005417817581550378,-0.0037464603811446697,0.002140153132001577,-0.012352629649915705,-0.005420603262359802,-0.005420603262359802,-0.009080944963237747,-0.014843300983624276,-0.027382975668333122,-0.02841589666815538,-0.022950725821542117,-0.02841589666815538
2020-07-27,-0.09663225029800392,0.07515101016422997,-0.04498365458266185,-0.006298724255816323,-0.03726525426507892,0.025893617995041217,0.07515101016422997,-0.04498365458266185,-0.006298724255816323,-0.03726525426507892,0.025893617995041217,-0.03333072336051914,-0.06534682475077871,-0.06534682475077871,-0.07829572925589966,-0.04784023566199547,-0.08260165712073274,-0.10328196001955586,-0.09556355970197293,-0.10328196001955586
2020-07-28,0.11873467394180794,0.033289435391974445,0.03331734142769942,0.022181795298029616,0.029602110608791254,0.013474204415337442,0.033289435391974445,0.03331734142769942,0.022181795298029616,0.029602110608791254,0.013474204415337442,0.039263961669683045,0.05160346039082131,0.05160346039082131,0.050760706802448485,0.03780509267899106,0.11536295121600239,0.11343887689137247,0.10972364607246429,0.11343887689137247
2020-07-29,-0.02708103169162273,0.015762068885991964,-0.01802882722286421,-0.018617791001251473,-0.026526628145054246,0.0021401109200640317,0.015762068885991964,-0.01802882722286421,-0.018617791001251473,-0.026526628145054246,0.0021401109200640317,-0.00039089136351271384,-0.031129027376213616,-0.031129027376213616,-0.03175125561985579,-0.014981237744210386,-0.013256096309824893,-0.01894515409626831,-0.02744295501845835,-0.01894515409626831
2020-07-30,0.027423839054190415,0.008581256128302473,0.043752679146299614,0.024920684801148424,0.02767467899014311,0.01422682439478047,0.008581256128302473,0.043752679146299614,0.024920684801148424,0.02767467899014311,0.01422682439478047,0.019799388031460953,0.03421003733989192,0.03421003733989192,0.05370197143553615,0.024135642467058904,0.014445185305892054,0.04669398332596329,0.030615983169806786,0.04669398332596329
2020-07-31,0.0065831659615053,0.029077262768482354,0.01721218328076049,0.022126447528752886,0.019164658927196127,0.02260482662401391,0.029077262768482354,0.01721218328076049,0.022126447528752886,0.019164658927196127,0.02260482662401391,0.012616051040694394,0.007778831487718437,0.008653831487718436,0.006083795901119008,0.0037265200958855457,0.012311280013708539,0.015589983445643203,0.017542459092078837,0.015589983445643203
2020-08-01,0.003545905460538591,0.07484427971839631,0.06427553676110788,0.046399588730632366,0.050613121019104965,0.07084449051724513,0.07484427971839631,0.06427553676110788,0.046399588730632366,0.050613121019104965,0.07084449051724513,0.04409208777076148,0.022774309764314656,0.0774286136999956,0.02247654553423586,0.06822244547784603,0.019052231745850006,0.02163776827152864,0.011985852467258203,0.028745497135473412
2020-08-02,-0.038771606691718044,-0.05446489661811209,-0.04244368507396852,-0.04787000102046966,-0.039974974416507617,-0.05233644733506511,-0.05446489661811209,-0.04244368507396852,-0.04787000102046966,-0.039974974416507617,-0.05233644733506511,-0.04206741414920763,-0.04955698779260993,-0.051897859789274706,-0.056937434694429336,-0.04926954079046877,-0.059241037981270256,-0.04186734299915531,-0.03887742531174707,-0.053949354452066056
2020-08-03,0.023625942157981597,0.03452142256242936,0.037914791425429285,0.03124744931146564,0.027325190249162495,0.012473271431139611,0.03452142256242936,0.037914791425429285,0.03124744931146564,0.027325190249162495,0.012473271431139611,0.04598469540239689,0.04714706302753662,0.04731615887790926,0.019046576377556003,0.05031727776334437,0.04774469751485669,0.033966244596286985,0.03402572693710844,0.028306933302926128
2020-08-04,0.10945128117323853,0.009804401961390742,0.03095234464138441,0.0325022415569449,0.04377379919861661,0.020868426322565206,0.009804401961390742,0.03095234464138441,0.0325022415569449,0.04377379919861661,0.020868426322565206,0.06265996905452582,0.08723707947386213,0.05952099614759137,0.08438795584942317,0.0535786419471533,0.08868539234759,0.07615335954136909,0.10348801717548528,0.10808977285082244
2020-08-05,0.1126569514678787,0.012208964002921372,-0.0011254751147619533,0.0001670285297943998,0.003906425272326853,0.022442752931647172,0.012208964002921372,-0.0011254751147619533,0.0001670285297943998,0.003906425272326853,0.022442752931647172,0.07945460013631321,0.011052661279523403,-0.012444928534178048,0.024129919018576265,-0.018809161225149883,0.10489203170755064,0.11650106442089016,0.11272197846565542,0.1054036262298682
2020-08-06,0.06871246935600098,0.020294888561085855,0.01331794101791992,0.014746179801519155,0.019536116958321824,-0.008618149638047745,0.020294888561085855,0.01331794101791992,0.014746179801519155,0.019536116958321824,-0.008618149638047745,0.02447080701094686,0.07132594245589803,0.01616939696172981,0.057790623571141314,0.0115756250400882,0.07719230373488384,0.06496334399064153,0.07414893236015468,0.06987006860447113
2020-08-07,0.019707145868540457,-0.03157919329405509,-0.02498984694276296,-0.026713161981723643,-0.027926585432522084,-0.028222079428940037,-0.03157919329405509,-0.02498984694276296,-0.026713161981723643,-0.027926585432522084,-0.028222079428940037,-0.0013778359502843954,-0.01028283419867981,-0.03384146891878741,-0.01574359752637597,-0.027471283579049842,0.009623195789913157,0.008594755406937599,0.004411455132759496,0.014795037517256752
2020-08-08,0.13539288536393534,0.031274813288747524,0.025244006382078306,0.050082138380008474,0.08275749144348395,0.02052595332186006,0.031274813288747524,0.025244006382078306,0.050082138380008474,0.08275749144348395,0.02052595332186006,0.04182339738892148,0.12620386901369243,0.11753864522498879,0.12271272621833047,0.06728051949956326,0.1032070845814051,0.15030695285721613,0.1626929504070664,0.1926253634797174
2020-08-09,0.09702003309079556,0.009880172625794572,0.005429724434054095,-0.01563842445436189,0.01815077308857685,-0.009417544438479775,0.009880172625794572,0.005429724434054095,-0.01563842445436189,0.01815077308857685,-0.009417544438479775,0.01228165187154313,0.017882411515561386,0.011891645963240927,-0.004469142399663608,-0.01811077937858008,-0.011314160227698513,0.09656255764845814,0.07394880156175701,0.09830958531948415
2020-08-10,-0.010966593499220845,0.06468314519400926,0.02261607246555546,0.03241869732064522,0.0321557235665759,0.044320698020482045,0.06468314519400926,0.02261607246555546,0.03241869732064522,0.0321557235665759,0.044320698020482045,0.04281603667985098,0.009078512068918722,0.00501604667075428,0.009865383963644003,0.03858461862878209,0.026308843011623666,-0.022890817366488368,0.051617168730153304,0.003307285610956433
2020-08-11,-0.07046421756593263,-0.054256406414378414,-0.06091388583848573,-0.06282858521382773,-0.07141277611925122,-0.05367363035534276,-0.054256406414378414,-0.06091388583848573,-0.06282858521382773,-0.07141277611925122,-0.05367363035534276,-0.06559122964198691,-0.06041921592040825,-0.058642765781150734,-0.06016661248422009,-0.06802930447828956,-0.07051276389035804,-0.07372983873177882,-0.07691720707760837,-0.06967652919646763
2020-08-12,0.07091502034934379,0.0324478265659566,0.02599375839228402,0.021958177157914396,0.09152123638249302,0.015741421326721607,0.0324478265659566,0.02599375839228402,0.021958177157914396,0.09152123638249302,0.015741421326721607,0.023997782781908606,0.10744567195850463,0.10459040790536986,0.10200213483803766,0.056676942534882674,0.07193711743820014,0.11414854477912059,0.1270466172167209,0.1509043501650243
2020-08-13,-0.02891605546800522,0.009038992688671432,0.03689123251661135,0.040074821416300484,0.07790510061656458,0.035821021697862984,0.009038992688671432,0.03689123251661135,0.040074821416300484,0.07790510061656458,0.035821021697862984,0.01433363226514164,0.05832261240435775,0.06304096008193916,0.07742437531402463,0.07162302534917718,0.06254252670013792,0.0032069762123212026,0.033379969516960054,0.0452661528165447
2020-08-14,0.010540192959465244,-0.002554161688444108,0.019299894579129374,0.0291725550897277,-0.014048896021740372,0.033431761785415036,-0.002554161688444108,0.019299894579129374,0.0291725550897277,-0.014048896021740372,0.033431761785415036,0.03018556518006959,0.0011101897715547742,-0.007861495321389151,-0.013683303528458741,0.009982367341924087,0.011757088953247547,-0.004514631542881893,0.010578185417014607,-0.012615554486259168
2020-08-15,0.01154679389155562,0.0259730525586264,-0.0019079377533590008,0.006872920556031432,0.010084425649048868,0.02088966403070776,0.0259730525586264,-0.0019079377533590008,0.006872920556031432,0.010084425649048868,0.02088966403070776,0.010102567678647431,0.017021540650691093,0.01498669998630427,0.008032881463095881,0.007074830580226893,-0.006490519221187439,0.026830852359113515,0.014131871514165308,0.016351518706152805
2020-08-16,0.028754505483342886,0.024335436413715827,0.05372599010175765,0.027214145104371985,0.019268194835623656,0.022689567627415252,0.024335436413715827,0.05372599010175765,0.027214145104371985,0.019268194835623656,0.022689567627415252,0.02403541872769678,0.009338646872989976,0.004845953632602141,0.012609777574235141,0.025716007426833037,0.023837948234072887,0.031295945261779125,0.031295945261779125,0.031295945261779125
2020-08-17,-0.021190297314445397,0.026700135281886972,7.287360746608545e-05,0.024326663685321305,0.025940836891092965,0.033086742041420175,0.026700135281886972,7.287360746608545e-05,0.024326663685321305,0.025940836891092965,0.033086742041420175,0.026920349009723975,-0.02498653651752656,-0.03347030131455693,0.00026596981483462123,0.014842816214681089,-0.026439096025027586,-0.055748578334882296,-0.055748578334882296,-0.055748578334882296
2020-08-18,-0.03424616850823954,-0.027962218009540178,-0.030107501531178985,-0.004155640440968255,-0.03150670347545623,-0.03241794616027342,-0.027962218009540178,-0.030107501531178985,-0.004155640440968255,-0.03150670347545623,-0.03241794616027342,-0.03183108651800555,-0.03449072450848232,-0.005097202658703415,-0.03266109321300938,-0.0009702445481591052,0.004747301960663749,-0.018548229909740616,-0.018548229909740616,-0.018548229909740616
2020-08-19,-0.05253691129019954,-0.038252319338253064,-0.05893258591570509,-0.04648382580536424,-0.044977228761583964,-0.04530759437275744,-0.038252319338253064,-0.05893258591570509,-0.04648382580536424,-0.044977228761583964,-0.04530759437275744,-0.043284450006025724,-0.050383906951007945,-0.015250945524348872,-0.05070820946057855,-0.05595519727829548,-0.026747015392810877,-0.026167535304084735,-0.026167535304084735,-0.026167535304084735
2020-08-20,0.06350069860595293,0.01663093006849019,0.06150876542912229,0.03917180864591439,0.016449324775498785,0.019217261565509514,0.01663093006849019,0.06150876542912229,0.03917180864591439,0.016449324775498785,0.019217261565509514,0.01865714263090772,0.05585918729461015,0.03916277153981369,0.052671038381176906,0.03976864775749181,0.06128463945553531,0.08357998657654671,0.08357998657654671,0.08357998657654671
2020-08-21,-0.0852300963678417,-0.044073565239175654,-0.015962841299029,-0.05292670193794935,-0.05448668169986011,-0.04675625285684764,-0.044073565239175654,-0.015962841299029,-0.05292670193794935,-0.05448668169986011,-0.04675625285684764,-0.04961321297919128,-0.06072529846018784,-0.0967506001644207,-0.07428050745191635,-0.06314692452154283,-0.06518650571108163,-0.13011100061288247,-0.13011100061288247,-0.12923600061288248
2020-08-22,0.08331892283614009,0.019193964471838812,0.03041375290060394,0.05041399276426295,0.03397502201054509,0.05164992577126136,0.019193964471838812,0.03041375290060394,0.05041399276426295,0.03397502201054509,0.05164992577126136,0.02578235006599003,0.08043410834704887,0.07927371699178773,0.061910003733753924,0.040680771458686274,0.08607282519353866,0.0851541507993732,0.10732798819021323,0.08877401639639025
2020-08-23,0.005543080835055459,-0.003670287338634948,-0.01420689246862732,-0.024376666898148193,-0.0001939637229489994,-0.00816565177137829,-0.003670287338634948,-0.01420689246862732,-0.024376666898148193,-0.0001939637229489994,-0.00816565177137829,0.008133613167403487,-0.0255777328672566,0.03843141186888828,-0.025733996078043626,0.030365098192950375,0.029472612481269755,0.0893892106420636,-0.016670820677131215,0.024209197987279187
2020-08-24,0.009113255535563393,0.016380688944698154,0.02663049043228778,0.013140021862800567,0.025606510137373296,0.006894866772633403,0.016380688944698154,0.02663049043228778,0.013140021862800567,0.025606510137373296,0.006894866772633403,0.06228732837775244,0.0087438020329897,-0.010788548072848259,0.002896229419014728,0.03185073409811063,0.058033516517605716,0.019557092611075588,0.00044081565546098996,0.02554358654571147
2020-08-25,-0.07300267580785261,-0.05556360419517442,-0.058711692692406996,-0.05977739397662411,-0.07360194629373006,-0.054536743829881565,-0.05556360419517442,-0.058711692692406996,-0.05977739397662411,-0.07360194629373006,-0.054536743829881565,-0.06398356915266099,-0.06796691381015163,-0.04918124398095694,-0.07006170702707956,-0.07742729911751728,-0.08849557735329433,-0.07386555258110382,-0.07924153351384843,-0.07900834411628241
2020-08-26,0.055715893403329206,0.012394307034567566,0.005545323818627379,0.009403258677655256,0.00330522998858187,0.009035138828177837,0.012394307034567566,0.005545323818627379,0.009403258677655256,0.00330522998858187,0.009035138828177837,0.009160657558761165,0.05002689959211404,0.002138705305746492,0.02422258019047483,0.005868345739033675,0.03551542168963002,-0.0040497656667587666,0.060811216659058975,0.050169587045173845
2020-08-27,-0.05348031339162476,-0.01039417834939156,-0.018187860534636925,-0.021955459799900434,-0.028484449454995023,-0.01605482636255682,-0.01039417834939156,-0.018187860534636925,-0.021955459799900434,-0.028484449454995023,-0.01605482636255682,-0.049488013089019185,-0.05346443674177142,-0.0471359176839078,-0.041550266401548706,-0.05236077523129533,-0.08467376359477394,-0.07752899952195105,-0.06416567643942703,-0.07123146529575236
2020-08-28,0.036640111832743495,0.013697884364792162,0.019812987404587527,0.02749189199144169,0.025321203142344498,0.024498111357875208,0.013697884364792162,0.019812987404587527,0.02749189199144169,0.025321203142344498,0.024498111357875208,0.03088060690656296,0.023794143856278278,0.02234374240385746,0.02236109045104584,0.043169521968516936,0.03402598317649526,0.030244922758991828,0.025564879935025077,0.032234749081843275
2020-08-29,0.029064593907573568,0.0008992582422706756,0.024645152014546076,0.036064627267569434,0.023512008024726232,0.012364539369560059,0.0008992582422706756,0.024645152014546076,0.036064627267569434,0.023512008024726232,0.012364539369560059,0.025908396925731582,0.030466794217996855,0.0258489076226777,0.040850028170362325,0.030745885988890977,0.021894463110698783,0.011887083395658651,0.04595709559722201,0.04458686248405338
2020-08-30,0.056840368899237784,0.041716067007671415,-0.003451266852799783,0.00391575078713775,0.0065204510649309565,0.022011435853701293,0.041716067007671415,-0.003451266852799783,0.00391575078713775,0.0065204510649309565,0.022011435853701293,0.016311267353880353,-0.00837121147452151,0.03433287795481299,0.013289214364235665,-0.008501254878828269,0.027898992196702666,0.014753552944901596,0.019043481674741482,-0.0036785595465786518
2020-08-31,-0.056629235149067925,-0.023110161779168317,-0.023843776417043695,-0.028294530261267117,-0.011438634366135216,-0.019228000649880485,-0.023110161779168317,-0.023843776417043695,-0.028294530261267117,-0.011438634366135216,-0.019228000649880485,-0.038530622196328745,-0.022561786574289866,-0.06486442068477255,-0.04569646540057437,-0.03877583747987064,-0.04910805885822585,-0.043600165381353875,-0.050089248783558325,-0.045840585921883226
2020-09-01,0.03462205831385903,0.04105850369950175,0.0008639479582464495,0.03177100737242298,0.054717270027677525,0.031470394603543866,0.04105850369950175,0.0008639479582464495,0.03177100737242298,0.054717270027677525,0.031470394603543866,0.022007171141706805,0.014194649448590078,0.00727547090607863,0.01169097061201747,0.02293185227652763,0.03856000152160859,0.03574706971132828,0.0607790111368892,0.019179903141899393
2020-09-02,-0.06295038506673753,-0.07386258446240151,-0.054283044573137484,-0.06364460942034975,-0.05738291889624976,-0.05381148586583884,-0.07386258446240151,-0.054283044573137484,-0.06364460942034975,-0.05738291889624976,-0.05381148586583884,-0.07153832014406465,-0.05779967251175142,-0.06377709368515931,-0.06146410381207832,-0.07180864585691765,-0.05578933738152716,-0.06254509413504483,-0.07773052544899126,-0.06805862469095639
2020-09-03,-0.21455482292831418,-0.16017755726656327,-0.17912331852824576,-0.16476597196197562,-0.1420439203148744,-0.14154309200278498,-0.16017755726656327,-0.17912331852824576,-0.16476597196197562,-0.1420439203148744,-0.14154309200278498,-0.2164476730347576,-0.19123041418875275,-0.2161144114420397,-0.20269103289479934,-0.21307479714344063,-0.186075267379857,-0.21090894727401638,-0.2152665159297401,-0.2011171376920825
2020-09-04,0.047818133623274986,0.0412598673266533,0.07608176233504389,0.04592124998576963,0.04891570379445854,0.03552902081421261,0.0412598673266533,0.07608176233504389,0.04592124998576963,0.04891570379445854,0.03552902081421261,0.05688765780869318,0.08087337869295853,0.057995096510627495,0.06917927530939022,0.07923414536989155,0.03215060910764971,0.07216381374098473,0.04458583574077715,0.08165209562759211
2020-09-05,-0.18339841165203868,-0.051195346431805726,-0.0944609895254644,-0.09274518617338344,-0.11190780739404872,-0.05141104887313999,-0.051195346431805726,-0.0944609895254644,-0.09274518617338344,-0.11190780739404872,-0.05141104887313999,-0.11745275977207122,-0.1373156953642143,-0.1256165331714056,-0.12548025502045268,-0.14696212696216981,-0.15630311212443868,-0.17055697868790146,-0.16651163994060053,-0.13973632450871426
2020-09-06,0.11840234020499421,0.020128015432136603,0.02401418100368147,0.05828823385138736,0.0863817824724937,0.015426198091447584,0.020128015432136603,0.02401418100368147,0.05828823385138736,0.0863817824724937,0.015426198091447584,0.09094380778130741,0.09683816127897085,0.08118754575891139,0.08787867260990476,0.1226581182134392,0.10924703944093676,0.09721092158207845,0.09377454521930015,0.07933803578386765
2020-09-07,-0.010377963360362941,0.0188455263990688,0.014742064429440682,0.011495866042871273,0.0031652177768971114,0.02283051339359379,0.0188455263990688,0.014742064429440682,0.011495866042871273,0.0031652177768971114,0.02283051339359379,-0.01169496936569332,0.010794199523805982,0.009393962981025907,0.006745717760479475,-0.018915893356670124,-0.009399943813455436,0.0038291027799546963,-0.004011085426610972,-0.002088062599725138
2020-09-08,-0.061715445599745906,-0.018584385036306883,-0.030676419769593836,-0.041892077752416546,-0.029638398257957756,-0.01868102496643638,-0.018584385036306883,-0.030676419769593836,-0.041892077752416546,-0.029638398257957756,-0.01868102496643638,-0.036730540876148535,-0.034066033326059175,-0.024413055858866307,-0.060503720023741894,-0.05699336408079732,-0.06953531716936305,-0.04385772606327565,-0.06662405029970445,-0.02508352687932496
2020-09-09,0.048176188544794135,0.00605126726453058,0.012256642045407818,0.02392750254600027,0.03230335700739806,0.0059171371073099,0.00605126726453058,0.012256642045407818,0.02392750254600027,0.03230335700739806,0.0059171371073099,0.08589326095865016,0.026671096691515617,0.0527513029040271,0.03934622189156048,0.0800519612880024,0.10234160477365105,0.03152566855430274,0.0531340116282764,0.06893596373360204
2020-09-10,0.05903791969743533,0.018338760609163576,0.03440057492080624,0.03150192352696673,0.029830756258837937,0.01856339139026222,0.018338760609163576,0.03440057492080624,0.03150192352696673,0.029830756258837937,0.01856339139026222,0.01715047853534708,0.03828607038126648,0.024142674148136693,0.060289583343627356,0.008756181084534687,0.058149689324155145,0.05304822048599081,0.06718054420478135,0.03461043202468342
2020-09-11,-0.017458536419464512,-0.0010471607809212848,0.023978974748065568,0.021034166405702066,0.02697278896145968,0.001288026637510513,-0.0010471607809212848,0.023978974748065568,0.021034166405702066,0.02697278896145968,0.001288026637510513,0.0207744016198205,0.011247905490651341,0.02893045291900552,0.01335094557694339,0.020945122436938184,-0.016686854193858666,0.006260844980901939,0.006032650122181198,0.0002565606908493216
2020-09-12,0.0399668583737462,0.014569660894055848,0.008644767058148607,0.02761324773191857,0.02907493915686861,0.020642655890551517,0.014569660894055848,0.008644767058148607,0.02761324773191857,0.02907493915686861,0.020642655890551517,0.031098722994842343,0.05060794262402138,0.043785907120980364,0.04665686524592987,0.027971161241550736,0.05184301132451011,0.04503275803901006,0.017751266187054728,0.05008164192969844
2020-09-13,-0.07563141101881665,-0.02598021701281852,-0.036614812122752624,-0.03236911270614576,-0.04173777357633508,-0.03564509640725671,-0.02598021701281852,-0.036614812122752624,-0.03236911270614576,-0.04173777357633508,-0.03564509640725671,-0.08131715603380658,-0.021432591700361672,-0.009325655457664976,-0.06101978608936067,-0.05719425751488498,-0.07098168062340163,-0.07137670544188453,-0.07315968286586202,-0.07464392603942682
2020-09-14,-0.0207291352682063,0.013444469496796166,0.017095142572014898,0.008919044166903301,0.01247585360533814,0.017706024668405165,0.013444469496796166,0.017095142572014898,0.008919044166903301,0.01247585360533814,0.017706024668405165,-0.03038058464347515,0.011686692408163179,-0.012398007993157469,-0.015769332253394316,-0.020128595183046348,-0.03888954394670805,-0.026418213888909657,-0.014183938122696093,-0.028457617644443146
2020-09-15,-0.10604867447953888,-0.010769538474090857,-0.022460511354901812,-0.020884772410732833,-0.03124518628173332,-0.013973108796734968,-0.010769538474090857,-0.022460511354901812,-0.020884772410732833,-0.03124518628173332,-0.013973108796734968,-0.06757070579693053,-0.06988937282285682,-0.06130390282598384,-0.06219070022332551,-0.07462575856678708,-0.06884723230489792,-0.06618046582589183,-0.07202476952516576,-0.06345186940001737
2020-09-16,0.006516903435600432,0.011125027668615738,-0.006034929861757066,-0.00752836549377669,-0.0003286211477596234,0.008390535198551308,0.011125027668615738,-0.006034929861757066,-0.00752836549377669,-0.0003286211477596234,0.008390535198551308,0.034854622868562314,0.014547892514285853,-0.015569376525152202,-0.004944060664141902,-0.0012355414518261838,0.00015439700266677361,0.014933028537707305,-0.00039635012219105953,0.026016591769113084
2020-09-17,-0.009855536733973191,0.002017624710488474,0.033868614917721154,0.043038747882050116,0.029535292273331317,0.019724863931864876,0.002017624710488474,0.033868614917721154,0.043038747882050116,0.029535292273331317,0.019724863931864876,-0.007723766155534717,0.044228334975849326,0.011519829602843125,0.03236847247557655,0.008305542208083747,0.003203317986053021,0.0092382586300086,0.014034085222578032,0.013176168761874465
2020-09-18,-0.04879193880303852,-0.0015457678266284972,8.428824159097343e-05,0.006231178132277632,-0.004077209807113298,-0.011344591638453156,-0.0015457678266284972,8.428824159097343e-05,0.006231178132277632,-0.004077209807113298,-0.011344591638453156,-0.01945051384179708,0.031445794142810866,-0.003463050195633593,0.008786301547819415,-0.019499579680194244,-0.012191860920761521,0.012942401965874532,-0.031593075376812864,0.008290696568969951
2020-09-19,0.03989976542555226,-0.005015735272143697,-0.0015842412522852828,-0.0017315924233198422,-0.004301609527234736,-0.004595765906761629,-0.005015735272143697,-0.0015842412522852828,-0.0017315924233198422,-0.004301609527234736,-0.004595765906761629,0.029308784346655632,-0.01374851391092684,0.0033586342609654846,0.005906847024412678,-9.032177513401655e-05,0.027014088355531853,-0.005997336863320677,0.014716308066654986,-0.01852659205675111
2020-09-20,-0.03512360438576303,-0.0358402684727724,-0.02316521395281903,-0.0328576324400951,-0.035671377218231305,-0.03402644196328104,-0.0358402684727724,-0.02316521395281903,-0.0328576324400951,-0.035671377218231305,-0.03402644196328104,-0.04509391188721597,-0.03030878455098445,-0.03379000391844467,-0.031931272023758915,-0.03381954460865669,-0.0459838052348176,-0.0394228198566424,-0.05147022694905927,-0.03732252498775033
2020-09-21,-0.12986220734964582,-0.07879581108304232,-0.08005994229154774,-0.07114149309152223,-0.090337791159385,-0.08725463315572574,-0.07879581108304232,-0.08005994229154774,-0.07114149309152223,-0.090337791159385,-0.08725463315572574,-0.10080919118860801,-0.11198122061276661,-0.0758948062189635,-0.13313848457638972,-0.09831152162850909,-0.0860690144573266,-0.10029919977808542,-0.11634429076642723,-0.10035656708573384
2020-09-22,0.0024938576761228694,0.033385321921939146,0.015067891020996394,0.0072574446808729935,0.024621934114837485,0.04087272107274225,0.033385321921939146,0.015067891020996394,0.0072574446808729935,0.024621934114837485,0.04087272107274225,0.012518007706747047,0.01834239619419633,0.0177946153808727,0.004602732415904453,0.004863273845109584,0.007246869267330735,0.009655327086838562,0.03361063483101137,0.00480472410572177
2020-09-23,-0.11190017112864961,-0.03920218212900531,-0.036735996209992725,-0.056450137980858336,-0.062084745704818235,-0.04192687007091837,-0.03920218212900531,-0.036735996209992725,-0.056450137980858336,-0.062084745704818235,-0.04192687007091837,-0.07296508845225214,-0.0596612846408396,-0.04024797074572815,-0.10226380876796,-0.07667123611159835,-0.07883288094913972,-0.07637766844864577,-0.07971800675214703,-0.06001360337566923
2020-09-24,0.2057981203797063,0.05400977171980235,0.055814658232418865,0.13773392386764433,0.09067520561725743,0.05818861116509071,0.05400977171980235,0.055814658232418865,0.13773392386764433,0.09067520561725743,0.05818861116509071,0.12861397016839377,0.1257978414506516,0.0903294835616085,0.1584836559472363,0.15220025536597906,0.14278626188369803,0.14982520971778884,0.15443894315201656,0.10667932582785111
2020-09-25,0.05809652139988087,0.022858273720437895,0.012520027381760638,0.019922802496809534,0.03525749347787835,0.026372002569520128,0.022858273720437895,0.012520027381760638,0.019922802496809534,0.03525749347787835,0.026372002569520128,0.043095837791356506,0.01250496645351638,0.0047613495453562565,0.05017817609457088,0.048478498732263314,0.03755695112168758,0.032367914275121625,0.030055732964650625,0.019991322841319395
2020-09-26,-0.008238521178689307,0.02222490786993525,0.024875798856723995,0.017837930899193586,-0.0026868183991181176,0.011105590577617931,0.02222490786993525,0.024875798856723995,0.017837930899193586,-0.0026868183991181176,0.011105590577617931,0.0009365286009610664,0.01379773922566224,0.00968554793161297,0.003237218819477088,-0.00474782512712621,0.022734423286554478,0.04445509663019698,0.013276808558647641,0.03128305890944237
2020-09-27,0.013540724982814358,0.001360568989865231,0.00832344507841323,0.001972589939808667,-0.00015685422896306303,0.01876313472247664,0.001360568989865231,0.00832344507841323,0.001972589939808667,-0.00015685422896306303,0.01876313472247664,-0.009970783930907978,0.02372319916061789,0.016201650017843842,0.003887168588996846,-0.0011450566061674415,0.008594161508118604,0.0016259574177586392,-0.014775955865588473,-0.002138582415859446
2020-09-28,-0.016075588198444037,-0.004317737741079952,-0.009264487006668553,-0.0015989091393946216,0.008534916097128198,-0.0003644516594239139,-0.004317737741079952,-0.009264487006668553,-0.0015989091393946216,0.008534916097128198,-0.0003644516594239139,0.01012555030937248,-0.017952488354027563,0.0006781169801556965,-0.006075662671074421,0.03470131211706349,0.005652295238375359,-0.010431795109615474,-0.006521322656019412,-0.018375650707706838
2020-09-29,0.04369487036369084,0.035686223750030874,0.014852702741490753,0.02062328325214957,0.0065631025149427424,0.00640555724198273,0.035686223750030874,0.014852702741490753,0.02062328325214957,0.0065631025149427424,0.00640555724198273,0.03963993139590132,0.02522550205273544,0.012485491834106922,0.031415933942555735,0.043305754015916215,0.09580015218457155,0.11088880677756503,0.041773112786302496,0.1349609023931358
2020-09-30,-0.03196375300062829,0.01836456138546334,-0.005184421407523465,0.00011748370387931761,-0.006502382219189951,-0.003950663712625025,0.01836456138546334,-0.005184421407523465,0.00011748370387931761,-0.006502382219189951,-0.003950663712625025,-0.014180426749023334,-0.016377080717535745,-0.014512776680861216,-0.019902829689146473,-0.0021639454875546312,-0.01816973735667198,-0.021290506668855947,0.02047593636158405,-0.0004315629382591231
2020-10-01,-0.0363441846952459,-0.007088574846909501,-0.024681175714450367,-0.024682007325938414,-0.024134776499301534,-0.016636449920196993,-0.007088574846909501,-0.024681175714450367,-0.024682007325938414,-0.024134776499301534,-0.016636449920196993,-0.03053932088619833,-0.031342148360137156,-0.021976490832112727,-0.02375415136759558,-0.05159189101143602,-0.04372338299721289,-0.03269783522658845,-0.005561205186912034,-0.028319699484934003
2020-10-02,-0.05911448976245608,-0.04011292295265658,-0.023563652086207275,-0.01272785318103746,-0.023785227119467223,-0.03266791429379081,-0.04011292295265658,-0.023563652086207275,-0.01272785318103746,-0.023785227119467223,-0.03266791429379081,-0.061597879290200525,-0.03340916455597966,-0.03697347553308459,-0.03944539924896091,-0.04185513531294911,-0.05490783348729189,-0.06806574634215003,-0.043838840752830774,-0.07134462474090757
2020-10-03,0.011309000705508577,0.005289986866788363,-0.001147182892296177,0.0041166506536373425,0.0035844496506992627,0.006581657981967618,0.005289986866788363,-0.001147182892296177,0.0041166506536373425,0.0035844496506992627,0.006581657981967618,-0.017040621129539024,0.00700898986512355,-0.0010115681570724742,0.009717046037051574,-0.013216405290440644,0.008320799410426866,0.009195073058638486,0.010695256847706917,0.018344543392367983
2020-10-04,0.010707509897430013,0.01826976787524385,0.026727753235554097,0.02715619091968584,0.019973169953390157,0.018814694184831973,0.01826976787524385,0.026727753235554097,0.02715619091968584,0.019973169953390157,0.018814694184831973,0.04495440826424836,0.015072829134049172,0.004685124741517166,0.01361437054564742,0.013293124911885102,0.038135098368956497,0.04274003909107802,0.03658283052504915,0.04517949425092116
2020-10-05,-0.01663780524674916,0.002483058789646964,0.001795996200995509,0.010892356946337278,0.010892356946337278,0.0033929076406823415,0.002483058789646964,0.001795996200995509,0.010892356946337278,0.010892356946337278,0.0033929076406823415,-0.003649416732134992,0.0019503115269522188,0.004218449300647942,0.01198208694913574,0.006595749813040874,-0.0028042017714659407,0.0018218271697085578,0.008347855376005246,0.0018218271697085578
2020-10-06,-0.07846020550980165,-0.029276593033976187,-0.006063467620935525,-0.03493601021050568,-0.03493601021050568,-0.02281666613081486,-0.029276593033976187,-0.006063467620935525,-0.03493601021050568,-0.03493601021050568,-0.02281666613081486,-0.05494897865758863,-0.06316644600614409,-0.07869926716343555,-0.03868584145971901,-0.04670382622572826,-0.13078561492435845,-0.08997327339248051,-0.10385579053933136,-0.08997327339248051
2020-10-07,0.02099937347004628,0.00907412653670867,0.0037429435146757676,0.009096374035477051,0.009096374035477051,0.006438530571345802,0.00907412653670867,0.0037429435146757676,0.009096374035477051,0.009096374035477051,0.006438530571345802,0.017521700420756448,0.030558502145868457,0.020711284005869947,0.00704976815267553,0.012505486227750828,0.04541699185863104,0.02918876464744753,0.04339735264226348,0.02918876464744753
2020-10-08,0.031638910430643666,0.015797531247924556,0.012066317598494303,0.027588737208777213,0.027588737208777213,0.017007427018192134,0.015797531247924556,0.012066317598494303,0.027588737208777213,0.027588737208777213,0.017007427018192134,0.02007837896583813,0.022121130224823492,0.041258529300446864,0.029733676712130168,0.028474345085361064,0.021439566167761392,0.008269078903395921,0.009456246697511597,0.008269078903395921
2020-10-09,0.051198743023243676,0.013228736576443884,0.012854102904911917,0.03324300978657557,0.03324300978657557,0.016333477982740457,0.013228736576443884,0.012854102904911917,0.03324300978657557,0.03324300978657557,0.016333477982740457,0.03724745024156049,0.04623574013053455,0.05031828194148054,0.039056182908048444,0.039549341460926285,0.03881504288781979,0.029951482989903154,0.03804871153855007,0.029951482989903154
2020-10-10,0.01817888798776588,0.00034851964643600524,0.020464518679256968,0.02484882757840543,0.02484882757840543,0.012340167852741,0.00034851964643600524,0.020464518679256968,0.02484882757840543,0.02484882757840543,0.012340167852741,0.010218956908368102,0.012876092693698358,0.016950261411056163,0.021848682182038684,0.012986932344346998,0.012241659366741629,0.012472922632919037,0.012472922632919037,0.012472922632919037
2020-10-11,0.007547046714383842,0.01547074148153227,0.0038319491377157176,0.005245933858391449,0.005245933858391449,0.00791444659463203,0.01547074148153227,0.0038319491377157176,0.005245933858391449,0.005245933858391449,0.00791444659463203,0.0014444510107454074,0.0280181162504203,0.011979292863753831,0.011979292863753831,0.008581804286452145,-0.002539593972629817,0.018733586751109057,0.018733586751109057,0.018733586751109057
2020-10-12,0.03004794540375666,-0.0027088419707647082,0.004874531479535028,0.01732360293084445,0.01732360293084445,0.017576286968045963,-0.0027088419707647082,0.004874531479535028,0.01732360293084445,0.01732360293084445,0.017576286968045963,0.0031641554548909054,-0.0008238866016959442,0.019110519882784584,0.019110519882784584,0.006001939016559499,0.01705201778541572,-0.002081173803395583,-0.002081173803395583,-0.002081173803395583
2020-10-13,0.015684225908703043,-0.00387970840829952,-0.0016143841264739884,-0.006129692622955862,-0.006129692622955862,-0.005821840828967594,-0.00387970840829952,-0.0016143841264739884,-0.006129692622955862,-0.006129692622955862,-0.005821840828967594,0.0173625593374634,0.018406214546582426,-0.0022384731617400627,-0.0022384731617400627,-0.006458523186139132,0.037201558867908366,0.05046130893735511,0.05046130893735511,0.05046130893735511
2020-10-14,-0.01108984961807671,-0.020191053292837435,-0.010191843678630463,-0.014321705183519386,-0.014321705183519386,-0.0202437267538244,-0.020191053292837435,-0.010191843678630463,-0.014321705183519386,-0.014321705183519386,-0.0202437267538244,-0.03683105370935667,-0.01948211186705171,-0.01667252261678447,-0.01667252261678447,-0.014267007909634245,-0.029966078347389357,-0.019492349841313004,-0.019492349841313004,-0.019492349841313004
2020-10-15,-0.027797593615107564,-0.004909181561637688,-0.01707489433113836,-0.016605980520356757,-0.016605980520356757,-0.003327590379945211,-0.004909181561637688,-0.01707489433113836,-0.016605980520356757,-0.016605980520356757,-0.003327590379945211,-0.012941898598530652,-0.031787609437884855,-0.018560993937607486,-0.018560993937607486,-0.02147226885660818,-0.03276453165869979,-0.045298190090880965,-0.045298190090880965,-0.045298190090880965
2020-10-16,-0.03234251304036833,-0.03306972595676971,-0.029635858107741518,-0.027079084883810056,-0.027079084883810056,-0.010310683907980263,-0.03306972595676971,-0.029635858107741518,-0.027079084883810056,-0.027079084883810056,-0.010310683907980263,-0.03075109507465943,-0.0332493519914349,-0.027445380855826616,-0.028320380855826617,-0.030331916414246776,-0.03603707642789851,-0.03839298602421422,-0.03839298602421422,-0.03926798602421422
2020-10-17,-0.0019008702070530516,0.021151282274516695,0.00636860865032344,-0.00523703121968515,0.004832314934646909,0.013287806411255765,0.021151282274516695,0.00636860865032344,-0.00523703121968515,0.004832314934646909,0.013287806411255765,0.02493096394657051,0.014779258008426277,0.011449151383257038,0.010647128045392733,0.01725535497035087,0.005479117492676424,0.021657957471764622,0.00889810942947622,0.0205360635318108
2020-10-18,0.036832983619370374,0.006193133037149636,0.007456560125445289,0.01862238526341657,0.017762773844490876,-0.0010916030216619353,0.006193133037149636,0.007456560125445289,0.01862238526341657,0.017762773844490876,-0.0010916030216619353,0.03847447505498805,0.027865188927056386,0.012918413817646357,0.022192585254070706,0.021493240417199688,0.04429899704210402,0.03262217501596827,0.043278028354955464,0.031479910918548716
2020-10-19,-0.025715287466528763,0.012514692309803468,0.008578518828841997,-0.002600711894660201,0.005354788934086341,0.023495057234085074,0.012514692309803468,0.008578518828841997,-0.002600711894660201,0.005354788934086341,0.023495057234085074,0.0027943199189150985,-0.01585143057438834,-0.0003111442119373858,0.011209520395886496,0.009999926789955071,-0.021276780128401753,-0.010713910342604492,-0.04248729632200568,-0.035830401746093934
2020-10-20,-0.04701635649323835,-0.048394818768217274,-0.0269290752708725,-0.031348519387913304,-0.032811227512891124,-0.031407634389296085,-0.048394818768217274,-0.0269290752708725,-0.031348519387913304,-0.032811227512891124,-0.031407634389296085,-0.05196887337447951,-0.043964099996854425,-0.03931712093342701,-0.040404076858404414,-0.0555268945260758,-0.05886246914634141,-0.0399589781782899,-0.04290737302978842,-0.03979546719074809
2020-10-21,0.05375203913792337,0.04612598532632388,0.05583273037305103,0.05606612691729951,0.05605968562526997,0.05007407794460037,0.04612598532632388,0.05583273037305103,0.05606612691729951,0.05605968562526997,0.05007407794460037,0.04016077613370146,0.06665784657902116,0.05715405713384789,0.04469003443671662,0.04853760223517019,0.042082048749319693,0.04386859381007815,0.053240074525061146,0.04655459283800925
2020-10-22,0.043391382510899176,0.03918968887657548,0.025686280632797234,0.026072060023086645,0.02980912788112269,0.02524750581886144,0.03918968887657548,0.025686280632797234,0.026072060023086645,0.02980912788112269,0.02524750581886144,0.10127187535353382,0.06396097766243676,0.048653127421517756,0.04431728858793607,0.06410337648989124,0.09585296514979746,0.09632842620587079,0.09824246541306399,0.09887462010529209
2020-10-23,-0.021956647371576498,-0.015325851038020396,-0.01744978129176939,-0.01635808785925623,-0.011780241406473331,-0.01748118951920647,-0.015325851038020396,-0.01744978129176939,-0.01635808785925623,-0.011780241406473331,-0.01748118951920647,-0.027186646493292166,-0.010085203857422464,-0.0028912955188070645,-0.0014868426528904253,-0.0011212126881384016,-0.03146541920672961,-0.02709161198276535,-0.03782867072147001,-0.034661087634908765
2020-10-24,0.034871509621108764,0.0030690801600891833,0.011112897448820137,0.022801378356763633,0.009424853841228202,0.007887102490976575,0.0030690801600891833,0.011112897448820137,0.022801378356763633,0.009424853841228202,0.007887102490976575,0.009603582682709992,0.025324072029958684,0.013958068496876329,0.003383934118403047,0.010795093559801473,0.04960945908791732,0.03273248355640575,0.03855960875857561,0.03371733536795474
2020-10-25,-0.025181916485799195,-0.01264678578636316,-0.003824834697603086,-0.004428250053158168,-0.003824834697603086,-0.011644929634859035,-0.01264678578636316,-0.003824834697603086,-0.004428250053158168,-0.003824834697603086,-0.011644929634859035,-0.027188848320688176,-0.00498476974801466,-0.011253163054114656,-0.007601470379260245,-0.02643068859130175,-0.02237425790974446,-0.020405104780825245,-0.013029160062079725,-0.020405104780825245
2020-10-26,-0.021716490878426198,-0.02997970005877955,-0.020250991391589326,-0.01670381193407964,-0.020250991391589326,-0.027471040998525556,-0.02997970005877955,-0.020250991391589326,-0.01670381193407964,-0.020250991391589326,-0.027471040998525556,-0.039732786955576076,-0.027475658264377013,-0.027828816695975034,-0.02694203459193405,-0.035780489107990254,-0.030114845531070716,-0.023754321807947967,-0.023401163376349947,-0.023754321807947967
2020-10-27,0.005002991514623312,-0.0029982053555411615,0.009284378643036861,0.019315077667142643,0.009284378643036861,-0.0006297731918258002,-0.0029982053555411615,0.009284378643036861,0.019315077667142643,0.009284378643036861,-0.0006297731918258002,-0.0011713715822872844,0.00417267249462161,0.00397061984983278,0.0030607909086198155,-0.0010770189775690673,-0.009791679574928637,-0.0075774815121049345,-0.007375428867316104,-0.0075774815121049345
2020-10-28,-0.045362371388631265,-0.04955509292620863,-0.039499086980665135,-0.026422159761983477,-0.039499086980665135,-0.03714602691090601,-0.04955509292620863,-0.039499086980665135,-0.026422159761983477,-0.039499086980665135,-0.03714602691090601,-0.0656553074546691,-0.041466495430154265,-0.04216301449496425,-0.043323028463429884,-0.058389210994451074,-0.06884727077269459,-0.0703134498745835,-0.06961693080977352,-0.0703134498745835
2020-10-29,-0.029607426025300997,-0.014032421876652502,-0.014420521979274436,-0.00015643731926637781,-0.014420521979274436,-0.01981331701315567,-0.014032421876652502,-0.014420521979274436,-0.00015643731926637781,-0.014420521979274436,-0.01981331701315567,-0.04012570140983544,-0.02050188987591657,-0.02012567201575697,-0.019190920903860077,-0.03618816339265101,-0.039544214880004286,-0.040934640923178,-0.041310858783337595,-0.040934640923178
2020-10-30,-0.019556489635218076,-0.025573943270985167,-0.028079921760788863,-0.018848711947351757,-0.028954921760788864,-0.02530226300995031,-0.025573943270985167,-0.028079921760788863,-0.018848711947351757,-0.028954921760788864,-0.02530226300995031,-0.033008852053295464,-0.033641362470584246,-0.03382665353795952,-0.03141732363672444,-0.02412551497557134,-0.014937837374071459,-0.008795382056269532,-0.008610090988894249,-0.008795382056269532
2020-10-31,0.009274233404252673,0.0021561504931309136,0.007829052999314712,0.007513964009462251,0.004140523749446693,-0.00047762062274618795,0.0021561504931309136,0.007829052999314712,0.007513964009462251,0.004140523749446693,-0.00047762062274618795,0.014962517144739302,0.0013405363854415901,0.003161684834269938,-0.0025018013305691694,0.007440282790608751,0.022633998924420716,0.0015177662502664068,0.006105611653846401,0.005639690708056878
2020-11-01,0.014595846184891226,0.02990313007996548,0.0038216562381076184,0.009554686563125525,0.01728890142969748,0.03608936020560643,0.02990313007996548,0.0038216562381076184,0.009554686563125525,0.01728890142969748,0.03608936020560643,0.025083224081616163,0.01236844254102525,0.010077857880363729,0.005734137058296973,0.025030798304835903,0.025136856504717774,0.0358739918343286,0.026617234904535866,0.02793743978971619
2020-11-02,-0.030238496862118838,-0.04264689828601503,-0.03338819665949468,-0.03197687601955963,-0.032617927534692795,-0.04523183115331504,-0.04264689828601503,-0.03338819665949468,-0.03197687601955963,-0.032617927534692795,-0.04523183115331504,-0.0444301185632323,-0.039497986362118785,-0.037961252048112716,-0.014005065040651642,-0.04211744014801808,-0.052491116771720955,-0.029695558479605543,-0.029935630742165407,-0.02564445141333984
2020-11-03,-0.034398136615966184,-0.0024867204567131877,0.008623418128086669,0.0028544740108792594,-0.002913560814991412,-0.012434328488729763,-0.0024867204567131877,0.008623418128086669,0.0028544740108792594,-0.002913560814991412,-0.012434328488729763,-0.01155451254179316,-0.00914480964248068,-0.0013199627336643038,-0.020707783199207384,-0.028549476105092196,-0.008016434813744809,-0.041802970572093326,-0.03541715886973473,-0.03775717253076318
2020-11-04,0.01407324717468641,-0.005679367612014619,0.0053870273701188244,0.0032412513509892946,0.008963567295629395,0.0017467161117514563,-0.005679367612014619,0.0053870273701188244,0.0032412513509892946,0.008963567295629395,0.0017467161117514563,0.016472206431534953,0.007605443354293097,0.008760083974767952,-0.015295321247541738,0.026343400313712895,0.027849418117096226,0.019087330908747015,0.01477412003757961,0.015866865414292164
2020-11-05,0.07207916530371038,0.0396261975397366,0.04933762411902585,0.04725453482629871,0.04716972450938224,0.026201793064559185,0.0396261975397366,0.04933762411902585,0.04725453482629871,0.04716972450938224,0.026201793064559185,0.08500603512364245,0.037115591156559005,0.03493491715681399,0.04534865079170478,0.07000404451585324,0.0925421835679385,0.07781119093472993,0.07862796691801295,0.07498314864457126
2020-11-06,0.0750454647431499,0.08563534547800114,0.04843567515419343,0.0447852257344201,0.06851145144818485,0.10079171608596463,0.08563534547800114,0.04843567515419343,0.0447852257344201,0.06851145144818485,0.10079171608596463,0.07447805515229702,0.07162046489479115,0.06260400897595784,0.06590549220539844,0.07919707682632383,0.07808968126672251,0.09824858465184526,0.08546426084143638,0.08498839884240231
2020-11-07,-0.052053008099243486,-0.05758961711257069,-0.04496946926093051,-0.03589226498138623,-0.04955367528470703,-0.059686808249943026,-0.05758961711257069,-0.04496946926093051,-0.03589226498138623,-0.04955367528470703,-0.059686808249943026,-0.06981025872024824,-0.05541790585732023,-0.05541790585732023,-0.06040102029435053,-0.06809074241355058,-0.07365264271825289,-0.06682226454484938,-0.06682226454484938,-0.06682226454484938
2020-11-08,0.03430166231362644,0.036350623982914956,0.02995109853094911,0.05075346767740499,0.04024382980334505,0.0433592021503153,0.036350623982914956,0.02995109853094911,0.05075346767740499,0.04024382980334505,0.0433592021503153,0.05674488596041836,0.02968259804419571,0.02968259804419571,0.042958878276038434,0.0635724726858419,0.05063552153503337,0.05146650560184707,0.05146650560184707,0.05146650560184707
2020-11-09,-0.016013634192527527,-0.016571022950247837,-0.015414955672838503,-0.0167311094443205,-0.012561276538744948,-0.019848206878039724,-0.016571022950247837,-0.015414955672838503,-0.0167311094443205,-0.012561276538744948,-0.019848206878039724,-0.018538173325633678,-0.0230865001521773,-0.0230865001521773,-0.0030595998139742783,-0.0036127765956733403,-0.01440315601373543,0.0026713549516371505,0.0026713549516371505,0.0026713549516371505
2020-11-10,0.002758090218038034,0.012829008882165384,0.006075066935713225,0.00735574987389127,0.015684390601127054,0.022693481660092864,0.012829008882165384,0.006075066935713225,0.00735574987389127,0.015684390601127054,0.022693481660092864,0.047830325974973054,0.029990851236885607,0.029990851236885607,0.03255647926416481,0.06966444003686348,0.07350899888036888,0.07010746414742688,0.07010746414742688,0.07010746414742688
2020-11-11,-0.006743363715045025,0.010303395070635447,0.012077327406911344,0.008224177996803595,0.006673307343205437,0.0006778819911045233,0.010303395070635447,0.012077327406911344,0.008224177996803595,0.006673307343205437,0.0006778819911045233,-0.017133991214994107,-0.008986050759595555,-0.008986050759595555,-0.019230457621160425,-0.042303917108098846,-0.03336587879928424,-0.044499822299598125,-0.044499822299598125,-0.044499822299598125
2020-11-12,0.002128774255391596,-0.002876737183296996,0.0037480625427523504,0.003695144129683103,-0.00788655732245196,0.003623265933831131,-0.002876737183296996,0.0037480625427523504,0.003695144129683103,-0.00788655732245196,0.003623265933831131,-0.030493505985476333,-0.015949779821927135,-0.015949779821927135,-0.019403010747277818,-0.05216827776681345,-0.032686951539255674,-0.03904165755124481,-0.03904165755124481,-0.03904165755124481
2020-11-13,0.024358974949630886,0.025630843617588966,0.021757723622734804,0.02096143258183172,0.03972587582568414,0.04700033492499858,0.025630843617588966,0.021757723622734804,0.02096143258183172,0.03972587582568414,0.04700033492499858,0.054138580433204436,0.03487301112220001,0.03487301112220001,0.03963489056911776,0.06639568111497963,0.051188439874220865,0.05100640381976638,0.05013140381976638,0.05013140381976638
2020-11-14,-0.019495919083566585,-0.013130501462307945,-0.014466231531830444,-0.017391269198271032,-0.011001626575758074,-0.022200224326064485,-0.013130501462307945,-0.014466231531830444,-0.017391269198271032,-0.011001626575758074,-0.022200224326064485,-0.02646834481705016,-0.016626167274122715,-0.014326176630926788,-0.019901901371735864,-0.03500544605864346,-0.022871860055080948,-0.03708655305370408,-0.03455337214171823,-0.03455337214171823
2020-11-15,-0.009436910329888382,-0.007029656509020499,-0.013720168072478955,-0.02243536237997339,-0.009795554848384458,-0.0077994468218258416,-0.007029656509020499,-0.013720168072478955,-0.02243536237997339,-0.009795554848384458,-0.0077994468218258416,-0.032467658748417554,-0.014383763343633553,-0.013599767388994655,-0.022250261615073257,-0.023863329053679338,-0.01055226159374123,-0.0022495033868043853,0.0036548595730822473,0.0036548595730822473
2020-11-16,0.0551637643067814,0.04016369645116842,0.035778925482680496,0.07359312255343467,0.0508283068882363,0.036071142390907564,0.04016369645116842,0.035778925482680496,0.07359312255343467,0.0508283068882363,0.036071142390907564,0.03446152325428975,0.04165938419480675,0.04021016131061668,0.04108753362987745,0.029294075083744403,0.05152443375605707,0.06862023216128979,0.06052324461623067,0.06052324461623067
2020-11-17,0.0413837655160882,0.051646538390393064,0.047829005030672535,0.042008448069231416,0.04349588336145325,0.0463159871352969,0.051646538390393064,0.047829005030672535,0.042008448069231416,0.04349588336145325,0.0463159871352969,0.054899194807752454,0.04646963020504118,0.05686674915887369,0.04348576995478446,0.05919505066478546,0.029196642497322192,0.0459862298349345,0.048314194649747046,0.048314194649747046
2020-11-18,-0.01696200611162062,-0.01418537235397721,-0.01551594465327213,-0.021032527762802955,-0.01920318246319217,-0.010832315332039632,-0.01418537235397721,-0.01551594465327213,-0.021032527762802955,-0.01920318246319217,-0.010832315332039632,-0.022803234317011235,-0.02237397983951872,-0.02227611528247975,-0.038434511644457575,-0.035433211169829004,-0.03598107234647266,-0.03208266012550507,-0.04013162120622746,-0.04013162120622746
2020-11-19,0.015427925375888617,0.010193849440023328,0.002932240418754084,0.026089544215328966,-0.0015516951011459892,0.009657755085848985,0.010193849440023328,0.002932240418754084,0.026089544215328966,-0.0015516951011459892,0.009657755085848985,0.0090504516549611,0.0013050301559758507,0.012103801678261595,0.0015647171281623518,-0.000728488650082992,0.009469192327882903,0.0009589495376098644,0.002510504020430492,0.002510504020430492
2020-11-20,0.02742041961775439,0.0494880679821072,0.057227312408062156,0.055495448019381596,0.0607446361750527,0.044646694247726056,0.0494880679821072,0.057227312408062156,0.055495448019381596,0.0607446361750527,0.044646694247726056,0.0688240368669659,0.05914025702221973,0.05454624604931694,0.04403508386093867,0.04663724152149039,0.07661924288602798,0.06171856487120174,0.05398021053939787,0.05398021053939787
2020-11-21,0.07851620262487624,0.17599064085848262,0.12582581097111017,0.13229450955560013,0.08191441439429543,0.1354062057971044,0.17599064085848262,0.12582581097111017,0.13229450955560013,0.08191441439429543,0.1354062057971044,0.10237426768414012,0.09527005218824984,0.12390835596834847,0.15391609815331447,0.1447815441485579,0.06431296768193542,0.08438694142609969,0.10423734353725143,0.10167570910304442
2020-11-22,-0.030476142948487932,-0.04207080293467186,-0.03865737499417865,-0.03192308729989371,-0.02763909455739593,-0.032652754405960334,-0.04207080293467186,-0.03865737499417865,-0.03192308729989371,-0.02763909455739593,-0.032652754405960334,-0.05369876962233076,-0.04800777534573029,-0.04800777534573029,-0.05321106603992606,-0.05719020127786165,-0.04630052409661605,-0.05058584937521218,-0.052509961087005654,-0.051026715437246156
2020-11-23,0.04904302604061128,0.12478268578493347,0.11221766015395102,0.11191711376460947,0.05465370585655693,0.10903417862507819,0.12478268578493347,0.11221766015395102,0.11191711376460947,0.05465370585655693,0.10903417862507819,0.07546105972071718,0.07435384422670442,0.07435384422670442,0.08389732122351425,0.08775808082941712,0.07516938503828655,0.06269355260767695,0.07946325762210263,0.06636424244095995
2020-11-24,0.05642897994147944,0.06538127013656787,0.1505601410253081,0.13420823775379512,0.05361734459617677,0.0422308686532753,0.06538127013656787,0.1505601410253081,0.13420823775379512,0.05361734459617677,0.0422308686532753,0.04988571320953787,0.041705956820774805,0.041705956820774805,0.04956477785674403,0.041543710458091535,0.046574214892217025,0.014538084612754701,0.01914590999608108,0.03444472816329074
2020-11-25,-0.04382916929997647,-0.04781896209922259,-0.039347303171686936,-0.06903177786745904,-0.06309446007860794,-0.05684742973618839,-0.04781896209922259,-0.039347303171686936,-0.06903177786745904,-0.06309446007860794,-0.05684742973618839,-0.04768488731274852,-0.0003551576351553242,-0.0003551576351553242,-0.01663670258781609,-0.03640232548155751,0.013588891506815129,-0.030152433219314198,-0.017249269657678278,-0.023413914492564004
2020-11-26,-0.09682087955493246,-0.12793428312251154,-0.10832602109785747,-0.11155926548706402,-0.09819335093365748,-0.115365952377225,-0.12793428312251154,-0.10832602109785747,-0.11155926548706402,-0.09819335093365748,-0.115365952377225,-0.12403048613517603,-0.12015957128716351,-0.12015957128716351,-0.11797322605109212,-0.11467091188271845,-0.11669940482029768,-0.1134386371932843,-0.11172910693810806,-0.11463552303104164
2020-11-27,-0.0045983138625157235,-0.0014727403437622987,0.04550215890308394,0.0391151602977294,-0.0018886696603941369,-0.004291285419525854,-0.0014727403437622987,0.04550215890308394,0.0391151602977294,-0.0018886696603941369,-0.004291285419525854,-0.0054935642684882345,-0.00930089579515296,-0.00930089579515296,-0.00384157664649349,-0.004731232429923189,-0.0105671702119922,-0.018646847322094248,-0.013168557019531209,-0.007091408423835528
2020-11-28,0.03510268400064458,0.04113689850647245,0.029326313616973666,0.03380320101326308,0.038718706982615286,0.03187444398865563,0.04113689850647245,0.029326313616973666,0.03380320101326308,0.038718706982615286,0.03187444398865563,0.03231269068012542,0.035413788096008134,0.032035221505868426,0.03634669998060229,0.03227017719442444,0.04125607687491749,0.03303761469637109,0.030199189870117375,0.021837275773325508
2020-11-29,0.04100634484361179,0.03196019937402669,0.04762793628028832,0.03422970007730544,0.04762793628028832,0.03422970007730544,0.03196019937402669,0.04762793628028832,0.03422970007730544,0.04762793628028832,0.03422970007730544,0.016379771644325115,0.028616686706152417,0.04421015183412958,0.018906222389706497,0.023489569531436993,0.026599948222465145,0.01340018763958333,0.01772477032332365,0.018026105811320116
2020-11-30,0.07010638924899865,0.0648723891751776,0.07527210811443036,0.0567271644356989,0.07527210811443036,0.0567271644356989,0.0648723891751776,0.07527210811443036,0.0567271644356989,0.07527210811443036,0.0567271644356989,0.04516247850084452,0.047965494051414884,0.05721826780541668,0.03504153182453158,0.03485016555373087,0.025150310275944457,0.032757916474489605,0.049458928115422615,0.04244255677937585
2020-12-01,-0.042765820329699646,-0.04120837863771727,-0.0466365954281255,-0.04552803977378343,-0.0466365954281255,-0.04552803977378343,-0.04120837863771727,-0.0466365954281255,-0.04552803977378343,-0.0466365954281255,-0.04552803977378343,-0.05163868143217264,-0.0378038096335694,-0.043634469682657454,-0.04015651054267775,-0.04731075318523492,-0.0404510750554825,-0.05605450124707656,-0.043719003814821016,-0.03818941435666011
2020-12-02,0.024167128094086856,0.03643042897525653,0.02771443748616389,0.0314249472619145,0.02771443748616389,0.0314249472619145,0.03643042897525653,0.02771443748616389,0.0314249472619145,0.02771443748616389,0.0314249472619145,0.06859820980408543,0.061938620107775046,0.05533864791675241,0.05354096329040613,0.06977431802490011,0.07800687214917797,0.05824634915891208,0.05404488625942312,0.04790004947986253
2020-12-03,0.021635559245075743,0.013159312106191501,0.011541558909704342,0.019287269578142904,0.011541558909704342,0.019287269578142904,0.013159312106191501,0.011541558909704342,0.019287269578142904,0.011541558909704342,0.019287269578142904,0.03851256691815262,0.02525352650651607,0.03764449550677636,0.02779537262222289,0.031481921287292436,0.04068581166802572,0.029593189755084202,0.011980701116551362,0.018821611008431827
2020-12-04,-0.05701968107606421,-0.08565106460153851,-0.07640433655581251,-0.08013400541687275,-0.07640433655581251,-0.08013400541687275,-0.08565106460153851,-0.07640433655581251,-0.08013400541687275,-0.07640433655581251,-0.08013400541687275,-0.09774339346613321,-0.10489310031866501,-0.10617282273300964,-0.0945541833122924,-0.08980885390144787,-0.10365854135737217,-0.12010926057090242,-0.07425048760416728,-0.08640724063048555
2020-12-05,0.06867711528689559,0.042737473758723776,0.05481694604097932,0.06286118729380873,0.046536658858098774,0.050718548528721846,0.042737473758723776,0.05481694604097932,0.06286118729380873,0.046536658858098774,0.050718548528721846,0.0683605329124108,0.05106767725093456,0.05365620446776683,0.057514960096004444,0.050141256873772314,0.07901156353237461,0.08094938144175279,0.06050400335560539,0.06350238026256805
2020-12-06,0.01700261350347525,-0.014808967164213498,-0.009828690548924964,0.021286312625864345,-0.013497368984524052,-0.018589189848371906,-0.014808967164213498,-0.009828690548924964,0.021286312625864345,-0.013497368984524052,-0.018589189848371906,-0.030576015895965727,-0.02134772851084368,-0.01960084177068315,-0.0284344882053496,-0.019590856055874985,-0.007641512532563909,0.00941135474173107,0.011136628115469904,-0.009304819210377157
2020-12-07,-0.01908080945988453,-0.015779006868286774,0.00029718701070009443,-0.0039863992029591355,0.008030745789535512,0.021642042930821795,-0.015779006868286774,0.00029718701070009443,-0.0039863992029591355,0.008030745789535512,0.021642042930821795,0.03268183752132946,0.017348103790192495,0.026974809040808515,0.020000538591501332,0.01953616575310864,0.00323026994250737,0.0021702096357295603,-0.023744077011541423,0.009975485673458096
2020-12-08,-0.04854568495966614,-0.06190483965151319,-0.0760696151112945,-0.0898199729163006,-0.05888745130350812,-0.07453972371850817,-0.06190483965151319,-0.0760696151112945,-0.0898199729163006,-0.05888745130350812,-0.07453972371850817,-0.0825402997732382,-0.0743584215890054,-0.08444913640183895,-0.07603108989048718,-0.08669000945966963,-0.0836648557350625,-0.08440350926397817,-0.08234481520734714,-0.07677254632056249
2020-12-09,0.02876722239659999,0.010786578974488847,0.01845210103801258,0.04317687658971883,0.024668390786035266,0.023547136444150896,0.010786578974488847,0.01845210103801258,0.04317687658971883,0.024668390786035266,0.023547136444150896,0.02279492153514968,0.020635450583534484,0.01856330813030129,0.019488592793574844,0.021655334928026494,0.042594111936773565,0.04437095723678125,0.04065675493102541,0.015771216798528175
2020-12-10,-0.0215480311994084,-0.011265876724188773,0.00889200417872913,-0.02100859200019898,-0.009776654454984235,-0.023257354619891025,-0.011265876724188773,0.00889200417872913,-0.02100859200019898,-0.009776654454984235,-0.023257354619891025,-0.0187584039992118,-0.016515883006655428,-0.03983910598854861,-0.014732949580203988,-0.043004204132485825,-0.006309260696582264,-0.004837356503806987,0.002355164995028504,0.0008127725782462562
2020-12-11,-0.04270515688771808,-0.028805198203160007,-0.052849773388953046,-0.050968807651161456,-0.04018328583820904,-0.04765638614253612,-0.028805198203160007,-0.052849773388953046,-0.050968807651161456,-0.04018328583820904,-0.04765638614253612,-0.049184593106312555,-0.04695341601281524,-0.04693015780384606,-0.043952324291446535,-0.04024429202536743,-0.06821360905239107,-0.06954367043154486,-0.06123606303132145,-0.054768238627565524
2020-12-12,0.03721461459825356,0.05442919043840968,0.06322996032732282,0.02766236815831661,0.050670616008209934,0.05572822441798053,0.05442919043840968,0.06322996032732282,0.02766236815831661,0.050670616008209934,0.05572822441798053,0.04826405573794745,0.04517458217271497,0.03810315847967059,0.04506110907083671,0.03809991420139999,0.05676920910325303,0.04225314977715018,0.054034854174052814,0.04773250309876077
2020-12-13,0.043670559207518576,0.03401583098636652,0.03969108458072852,0.0393638008851617,0.058954032250052135,0.035553273806568406,0.03401583098636652,0.03969108458072852,0.0393638008851617,0.058954032250052135,0.035553273806568406,0.04231310451940452,0.04502190125727376,0.03274638895009716,0.0423511594180392,0.03761459664672008,0.05134060225953082,0.040268847380119786,0.048107218303263505,0.03611588290011017
2020-12-14,-0.01073589318394801,-0.002100448936643628,0.014420241137986302,-0.0004954206290517238,-0.0008688931981592814,0.0023009522790637055,-0.002100448936643628,0.014420241137986302,-0.0004954206290517238,-0.0008688931981592814,0.0023009522790637055,-0.016998929383775275,-0.007700325153465436,-0.0031419959432466664,0.012944582951545238,-0.010012884865078963,-0.00463258911575015,-0.016685547896097483,-0.0007930600029532938,-0.004892414275487743
2020-12-15,-0.005017606435187005,0.003248695170210981,0.0018824729955334348,-0.018900763765586515,-0.011869007091515903,0.0020149963928314035,0.003248695170210981,0.0018824729955334348,-0.018900763765586515,-0.011869007091515903,0.0020149963928314035,-0.009034954243039949,-0.009796345602935387,-0.018440193087500046,-0.010179801271015011,-0.02075653651574654,-0.007130651852157776,0.04069035426840518,-0.010696624489982542,-0.006035456702351905
2020-12-16,0.14811527231673396,0.058318480799997824,0.09786528969324926,0.11141078712413166,0.10067976434409154,0.056956882454848624,0.058318480799997824,0.09786528969324926,0.11141078712413166,0.10067976434409154,0.056956882454848624,0.12317479074376139,0.13590424614128024,0.11734358626656852,0.0751138570673509,0.12140811693498277,0.10766366124260791,0.10312823729230072,0.11339711094987538,0.12667045045059522
2020-12-17,0.019677172959649967,-0.019485945884267178,0.01652555883913234,0.03091301882575095,0.020943060908987676,-0.018163959114311103,-0.019485945884267178,0.01652555883913234,0.03091301882575095,0.020943060908987676,-0.018163959114311103,-0.010438921129765657,-0.01170554981001959,0.017574413170399428,0.012394100216098658,-0.007130794077246261,-0.008572070282431189,-0.028612088286313432,0.010769313548936486,0.00013688294415188304
2020-12-18,0.050657778271972397,0.018476505270036907,0.056428689257490235,0.025464399458010403,0.0222864956816401,0.009350325683126885,0.018476505270036907,0.056428689257490235,0.025464399458010403,0.0222864956816401,0.009350325683126885,0.005046655172042863,0.032285853400561094,0.02246444438558566,0.02441340675391355,0.005036147170054411,0.06591583028639973,0.07468262971630775,0.06389343746996785,0.03833609384254165
2020-12-19,0.02759917597559838,0.0006152580073460733,0.06685551830688984,0.046915993770485095,0.046428470229842186,0.008487129191402269,0.0006152580073460733,0.06685551830688984,0.046915993770485095,0.046428470229842186,0.008487129191402269,0.0021812011463017444,0.0416691747240941,0.02032846543587559,0.015261868747430773,-0.009491725908251761,0.021000485245096873,0.018539298671946456,0.02072954858726303,0.04944780603529425
2020-12-20,-0.0335789661046771,-0.027372329137553074,-0.02834283386808738,-0.039549705660483526,-0.010782936972126223,-0.017990150934747918,-0.027372329137553074,-0.02834283386808738,-0.039549705660483526,-0.010782936972126223,-0.017990150934747918,-0.026278475143764603,-0.04074237311669295,-0.03962237542492342,-0.025838825649531338,-0.03890334883630935,-0.037491609257529035,-0.04287255651655253,-0.022777404056224568,-0.032157342739597604
2020-12-21,-0.03202399267055154,-0.05555862101307918,-0.03852634277093117,-0.03831160322761683,-0.06157507291925548,-0.056846219750335256,-0.05555862101307918,-0.03852634277093117,-0.03831160322761683,-0.06157507291925548,-0.056846219750335256,-0.0610761576852069,-0.04146710234352982,-0.030105477810135797,-0.04715838375941007,-0.05429192879697233,-0.0383682588522416,-0.03512290148400421,-0.041044097590170005,-0.018085225694170082
2020-12-22,-0.007726315703533481,-0.003843266893318576,0.019214816277646297,0.006355294556381532,0.03521910878227794,-0.012281545387194195,-0.003843266893318576,0.019214816277646297,0.006355294556381532,0.03521910878227794,-0.012281545387194195,-0.025264184078645103,-0.004287692330346314,0.01234299952907292,0.0028539881778649094,-0.03194271010480452,0.010850119072416866,-0.003565667704206632,0.06373184494927205,0.07278632610799174
2020-12-23,-0.1347350513105031,-0.17244621238549676,-0.09989696860045232,-0.12979507063054116,-0.11121117294849303,-0.14471095493833708,-0.17244621238549676,-0.09989696860045232,-0.12979507063054116,-0.11121117294849303,-0.14471095493833708,-0.22705599857342956,-0.15947999424657722,-0.11415258127233374,-0.16566227036100606,-0.21767371487632517,-0.1304399438927893,-0.14690814237629352,-0.09551977137108902,-0.03805244492350804
2020-12-24,0.14597766361187045,0.11597722344539753,0.09694260037610203,0.13844139998062688,0.07365755783618266,0.10723892472448035,0.11597722344539753,0.09694260037610203,0.13844139998062688,0.07365755783618266,0.10723892472448035,0.17128676451105973,0.15762529966013444,0.13021469414082085,0.07177025608450718,0.18393221911138474,0.11731912030225407,0.13750917851347338,0.08426773030867302,0.06817881495786549
2020-12-25,0.0066549713426924855,-0.015292332360066703,0.041477258515847965,0.029772582483795912,0.043965338532335044,0.017374411339024093,-0.015292332360066703,0.041477258515847965,0.029772582483795912,0.043965338532335044,0.017374411339024093,-0.021802357892166023,0.026778028287233326,0.011197211334013439,-0.012594140845796393,-0.023739964790209386,0.0028088603096297275,-0.004493847808771663,0.054684442308326725,0.06249362460680362
2020-12-26,0.06921105008775069,-0.015997648908360647,0.027282512028149866,0.03710899980498668,0.009121246872556648,-0.014110232343023936,-0.015997648908360647,0.027282512028149866,0.03710899980498668,0.009121246872556648,-0.014110232343023936,-0.012753289494412609,0.023928829806092206,0.05172591220338601,-0.025101152201374682,-0.004987131001687426,0.14172721040488953,0.132560168701857,0.036629197588492673,0.07078952640982636
2020-12-27,-0.037169872496052796,0.0003956733752166434,0.029167291846700725,0.031925393847654894,0.04279343232336832,0.030128043052169824,0.0003956733752166434,0.029167291846700725,0.031925393847654894,0.04279343232336832,0.030128043052169824,-0.0023331622410731846,0.014091632348641067,0.017607977310960907,0.013240699072996832,0.007773711705578537,-0.06211789722908453,-0.07331940780108173,0.01760050368442303,0.02002585895889917
2020-12-28,0.01681601566343527,0.055609927706295095,0.05458783763537594,0.04532149136840622,0.04513541149524883,0.045547978645808576,0.055609927706295095,0.05458783763537594,0.04532149136840622,0.04513541149524883,0.045547978645808576,0.07932846295607063,0.057480588581515335,0.035912210770927544,0.06611905201452944,0.054609684585993225,0.09672280375958633,0.04835423613780239,0.025763928558012374,0.04056403108505094
2020-12-29,-0.04080539033240731,-0.01816017748358878,0.002024301785713882,-0.010897339922048093,-0.006110164919803946,-0.0281608793460537,-0.01816017748358878,0.002024301785713882,-0.010897339922048093,-0.006110164919803946,-0.0281608793460537,-0.020481471145982554,-0.02723461376244741,-0.01809958882751475,-0.026288009792127955,-0.030533405011618834,-0.032923333577161776,-0.04820210458112835,-0.00361299310818595,0.007979922890719492
2020-12-30,-0.022262087295275193,-0.011069282962718342,-0.015111411606049096,-0.0047977920773868196,-0.0025567259740763657,-0.02063861688018529,-0.011069282962718342,-0.015111411606049096,-0.0047977920773868196,-0.0025567259740763657,-0.02063861688018529,-0.013442009863519132,-0.03314182002668313,-0.025015055131522735,-0.0244231163699312,-0.010089286376084462,0.0014371730677578574,0.01024802505649003,-0.005981010745447857,0.0011616090379709127
2020-12-31,0.0063751707765315815,0.024053867998292282,0.03307832954266238,-0.014529074563281653,-0.009494509267901165,0.02144164523656898,0.024053867998292282,0.03307832954266238,-0.014529074563281653,-0.009494509267901165,0.02144164523656898,-0.01459857887242291,-0.008232863266637191,-0.005797184553649415,-0.005338106354736971,-0.008992549955331122,0.04229043820179808,0.045873586250987836,-0.001672309427303321,-0.009661270523920252
2021-01-01,0.019377817928220423,-0.012203182118669349,-0.004025650371824759,0.01447252531739041,0.012619980810639824,-0.0021868154641478477,-0.012203182118669349,-0.004025650371824759,0.01447252531739041,0.012619980810639824,-0.0021868154641478477,0.04246895763116617,0.021011176720683734,0.009658682831933389,0.008057483843615869,0.041836050930767095,-0.0067380001972805435,0.022695111893818967,0.014877557942418415,0.0005267504845336379
2021-01-02,0.011941630951065953,-0.006775568140306096,0.016935198315623578,0.023939895809637214,0.057690715451169446,0.004030352960600579,-0.006775568140306096,0.016935198315623578,0.023939895809637214,0.057690715451169446,0.004030352960600579,0.035983645502081565,0.0441017365825747,0.02094921145092144,0.027222176249337197,0.0067937171639174,0.01616925444254374,0.06814177927134947,0.022878068986022928,0.06253752787552308
2021-01-03,0.04718405910773858,0.08886833297466167,0.09466774077288811,0.09466774077288811,0.14794293351144813,0.12447145457558197,0.08886833297466167,0.09466774077288811,0.09466774077288811,0.14794293351144813,0.12447145457558197,0.07566939000891629,0.1383001999659576,0.12234205751268855,0.12131528157999752,0.1074634532356479,-0.00037986936686329464,0.08306378210640027,0.0005335086041675582,0.06576960534319196
2021-01-04,0.027131094461949966,0.02196318136662223,0.012128151680720768,0.012128151680720768,-0.009694304337895577,0.005000887527140431,0.02196318136662223,0.012128151680720768,0.012128151680720768,-0.009694304337895577,0.005000887527140431,0.005682077532173733,0.017420035974498392,0.0062376430556382095,0.0062376430556382095,0.0062376430556382095,-0.0006910657183314623,0.009941308973005446,-0.007201919552815928,-0.001241083945854737
2021-01-05,0.06906975674093299,0.055145548580612935,0.03202556094575196,0.03202556094575196,0.03696415871517722,0.038015570289728115,0.055145548580612935,0.03202556094575196,0.03202556094575196,0.03696415871517722,0.038015570289728115,0.049994617624105245,0.0604458333574871,0.0357792371181664,0.0357792371181664,0.0357792371181664,0.0481298295724367,0.07305217999339128,0.0379365772619448,0.04838558375407059
2021-01-06,0.23332067182404742,0.07951219490268771,0.06557661363254108,0.06557661363254108,0.06857277844439912,0.07101787733621637,0.07951219490268771,0.06557661363254108,0.06557661363254108,0.06857277844439912,0.07101787733621637,0.049975282559499595,0.1091433152665201,0.06735008415453617,0.06735008415453617,0.06735008415453617,0.08476404054118372,0.09916833568699143,0.05890437303358502,0.057375104575007496
2021-01-07,0.18757288510861264,-0.008590296109289589,0.021059651577126193,0.021059651577126193,0.02161899902058213,0.008598658094553312,-0.008590296109289589,0.021059651577126193,0.021059651577126193,0.02161899902058213,0.008598658094553312,-0.0024573586298319416,0.00371761484923372,0.011507210263164546,0.011507210263164546,0.011507210263164546,-0.03198434349038024,-0.013300021525419582,-0.013148069232215388,-0.0055104261114887546
2021-01-08,-0.04950696790897193,-0.013337342039691677,-0.019131322154891724,-0.019131322154891724,-0.0036117691957914247,-0.018472953694330482,-0.013337342039691677,-0.019131322154891724,-0.019131322154891724,-0.0036117691957914247,-0.018472953694330482,-0.00942550222500926,0.003513600739672731,-0.010199310246694555,-0.010199310246694555,-0.010199310246694555,-0.020239356757571225,0.0016744681512522062,-0.01805412421587327,-0.01291344283511508
2021-01-09,-0.0007602322201395693,0.02931425415866376,0.0876288042989889,0.0876288042989889,0.10395598955154606,0.08139705993737317,0.02931425415866376,0.0876288042989889,0.0876288042989889,0.10395598955154606,0.08139705993737317,0.045420999859039565,0.09969598457499525,0.07970376917649778,0.07782042412572178,0.07782042412572178,0.0020833559144122775,0.02489345335571738,0.08611468419052082,0.07575295559618361
2021-01-10,-0.04595311813200747,-0.037704887647114285,-0.030957138650042022,-0.030957138650042022,-0.030957138650042022,-0.02360083290760711,-0.037704887647114285,-0.030957138650042022,-0.030957138650042022,-0.030957138650042022,-0.02360083290760711,-0.046927315345723586,-0.030957138650042022,-0.030805747248088003,-0.02360083290760711,-0.02360083290760711,-0.04595311813200747,-0.03315299265927622,0.0031496351883198532,-0.021011644583472266
2021-01-11,-0.11754650677945147,-0.11018981370646039,-0.13146531993560093,-0.13146531993560093,-0.13146531993560093,-0.13420325789989063,-0.11018981370646039,-0.13146531993560093,-0.13146531993560093,-0.13146531993560093,-0.13420325789989063,-0.09373737609790023,-0.13146531993560093,-0.11684729777919466,-0.13420325789989063,-0.13420325789989063,-0.11754650677945147,-0.11478479119480511,-0.11903889802825675,-0.1291850970770363
2021-01-12,0.05854133257105866,-0.023290256061342007,-0.03468958220645639,-0.03468958220645639,-0.03468958220645639,-0.03424830364410503,-0.023290256061342007,-0.03468958220645639,-0.03468958220645639,-0.03468958220645639,-0.03424830364410503,-0.008543567759078875,-0.03468958220645639,-0.03560459435062305,-0.03424830364410503,-0.03424830364410503,0.05854133257105866,-0.02130624286473106,0.0009215968629703288,-0.024971245448571322
2021-01-13,0.09726949410512506,0.10723727124725206,0.09790525238324381,0.09790525238324381,0.09790525238324381,0.09673678429514125,0.10723727124725206,0.09790525238324381,0.09790525238324381,0.09790525238324381,0.09673678429514125,0.10775380473518018,0.09790525238324381,0.10402419906338337,0.09673678429514125,0.09673678429514125,0.09726949410512506,0.09537627958622591,0.10846030677896432,0.09974579058337074
2021-01-14,0.016308794193853872,0.030736507119630163,0.06335485195020417,0.06335485195020417,0.06335485195020417,0.034024179790068804,0.030736507119630163,0.06335485195020417,0.06335485195020417,0.06335485195020417,0.034024179790068804,0.010600565131036932,0.06335485195020417,0.052739449039202316,0.034024179790068804,0.034024179790068804,0.016308794193853872,0.05241094715276655,0.043209155711936016,0.04687818198236729
2021-01-15,-0.058379773660874795,-0.0503169743110332,-0.013666416083876929,-0.013666416083876929,-0.013666416083876929,-0.05255898651370619,-0.0503169743110332,-0.013666416083876929,-0.013666416083876929,-0.013666416083876929,-0.05255898651370619,-0.04318809485805611,-0.013666416083876929,-0.010284590823827463,-0.05255898651370619,-0.05255898651370619,-0.059254773660874796,-0.05321228530798097,-0.055394643031445395,-0.05674333327562742
2021-01-16,0.01910597271511938,0.01592360251102394,0.04065411815653312,0.03147609908387056,0.04065411815653312,0.04795295697118434,0.01592360251102394,0.04065411815653312,0.03147609908387056,0.04065411815653312,0.04795295697118434,0.05485296146316781,0.04065411815653312,0.03977788963258312,0.03671399253647439,0.05809895869448076,0.0019895282487310648,0.01500644664460725,0.020488484242061244,0.010317705408493614
2021-01-17,0.00988805623466562,0.007984379110963837,0.06122681497357289,0.0717744100605239,0.06122681497357289,0.02862499446065259,0.007984379110963837,0.06122681497357289,0.0717744100605239,0.06122681497357289,0.02862499446065259,0.014090036141235475,0.06122681497357289,0.0717744100605239,0.06122681497357289,0.01577225852571065,0.00982250195001533,0.007518309212015639,0.018610911998366307,0.007518309212015639
2021-01-18,0.04899444956660988,0.023058720714489778,-0.009349811697918153,-0.005579996356508565,-0.009349811697918153,0.014202671571234695,0.023058720714489778,-0.009349811697918153,-0.005579996356508565,-0.009349811697918153,0.014202671571234695,0.016980931891172293,-0.009349811697918153,-0.005579996356508565,-0.009349811697918153,0.031454632981997716,0.030953607326123116,0.01952482888948415,0.018479957793392135,0.01952482888948415
2021-01-19,-0.03135288452599177,-0.004388885358780836,-0.015060673227125725,-0.02402678948001469,-0.015060673227125725,-0.0017773205762584593,-0.004388885358780836,-0.015060673227125725,-0.02402678948001469,-0.015060673227125725,-0.0017773205762584593,-0.030010397773595668,-0.015060673227125725,-0.02402678948001469,-0.015060673227125725,-0.002836519127098128,-0.03584362209818572,-0.010368248923024926,-0.01726245082986453,-0.010368248923024926
2021-01-20,-0.009947782580887866,0.00036104177608971017,0.016732697980360034,0.020199101133650643,0.016732697980360034,0.0012992152436749108,0.00036104177608971017,0.016732697980360034,0.020199101133650643,0.016732697980360034,0.0012992152436749108,0.014739422037646912,0.016732697980360034,0.020199101133650643,0.016732697980360034,0.0024047604720676572,0.006325362178794492,0.011633222269595601,0.004326786841542219,0.011633222269595601
2021-01-21,-0.14599878016847886,-0.13864091685639984,-0.15073726241453575,-0.15836097811626007,-0.15073726241453575,-0.14596293322351173,-0.13864091685639984,-0.15073726241453575,-0.15836097811626007,-0.15073726241453575,-0.14596293322351173,-0.16615434328137493,-0.15073726241453575,-0.15836097811626007,-0.15073726241453575,-0.15966382622215003,-0.16370962914938514,-0.17015628281668826,-0.1456235929295692,-0.17015628281668826
2021-01-22,0.07613752538099815,0.07630749938092357,0.10593243743626259,0.11847131161402137,0.10593243743626259,0.08494081333949818,0.07630749938092357,0.10593243743626259,0.11847131161402137,0.10593243743626259,0.08494081333949818,0.10424496996945544,0.10593243743626259,0.11934631161402137,0.10680743743626259,0.08984665423868202,0.10675411355419467,0.10914659812758537,0.0893116718292739,0.10827159812758537
2021-01-23,0.012339926568298996,0.003612456354316929,0.032111840399868766,-0.007698188650587194,-0.00729946538864205,-0.0033581711522611577,0.003612456354316929,0.032111840399868766,-0.007698188650587194,-0.00729946538864205,-0.0033581711522611577,-0.007015812116752021,-0.001947280320455104,0.021123804006007,0.0305056878699707,-0.010328775891217643,0.010348736878246273,-0.000542916254845283,-0.0032935522523866085,-0.004886868310889965
2021-01-24,0.05768080755616754,0.07322285114178553,0.08939092721670444,0.039562992525211275,0.036422445194178726,0.03803489799802566,0.07322285114178553,0.08939092721670444,0.039562992525211275,0.036422445194178726,0.03803489799802566,0.0629967002114885,0.07475094566897114,0.038134554876891796,0.07087806335134036,0.039562992525211275,0.1173209238943259,0.09818465335524837,0.10040445608353715,0.06306500173887822
2021-01-25,-0.03241710761021352,-0.02112370723544836,-0.06795751399830202,-0.019876322795619683,-0.018266102881390568,-0.0037915810506980313,-0.02112370723544836,-0.06795751399830202,-0.019876322795619683,-0.018266102881390568,-0.0037915810506980313,-0.01975366095548834,-0.03720844898037001,-0.03379820612727118,-0.045624273189612485,-0.019876322795619683,-0.06199239866989319,-0.03708578714023866,-0.04983585967529769,-0.013845621024660713
2021-01-26,0.04005820415742674,0.04721292337354309,0.037449197731342296,0.0065440168657805884,0.006991317218208225,0.029176984591971336,0.04721292337354309,0.037449197731342296,0.0065440168657805884,0.006991317218208225,0.029176984591971336,0.03668129767582266,0.024579955647352335,0.003251303963366813,0.02472189227402055,0.0065440168657805884,0.06980282797328936,0.054717236457394416,0.034337730348449114,0.03657647323449491
2021-01-27,-0.09835369385405168,-0.08089245548239808,-0.0814992615262357,-0.07819727006558858,-0.07301479432457447,-0.08037199934318284,-0.08089245548239808,-0.0814992615262357,-0.07819727006558858,-0.07301479432457447,-0.08037199934318284,-0.09040127309982883,-0.0787177262048038,-0.08118848001474452,-0.0737133724690662,-0.07819727006558858,-0.09373895665022361,-0.09092172923904406,-0.06979192649722346,-0.07641486128159246
2021-01-28,0.10400023010228321,0.06362338735562059,0.09363512551164282,0.07801287161678708,0.06797270509597904,0.06327377019315082,0.06362338735562059,0.09363512551164282,0.07801287161678708,0.06797270509597904,0.06327377019315082,0.07360431621153833,0.07836248877925685,0.0710558970116685,0.08335646055910592,0.07801287161678708,0.09057501375902066,0.07395393337400812,0.08210500061500545,0.060673866596423764
2021-01-29,0.01804996091043154,0.020566927380694083,0.03488995805916942,0.016513380191654537,0.028781085834663347,0.020985881907092385,0.020566927380694083,0.03488995805916942,0.016513380191654537,0.028781085834663347,0.020985881907092385,0.017115652822232798,0.01609442566525623,0.010972089190368718,0.011776873033312502,0.016513380191654537,0.04067682639872944,0.01669669829583449,0.012679688487361854,0.01670410165215999
2021-01-30,0.0596346092678874,0.06455681401268391,0.05727128602125511,0.02615154612470392,0.1303610846649608,0.11816979927245234,0.06455681401268391,0.05727128602125511,0.02615154612470392,0.1303610846649608,0.11816979927245234,0.0005580198583040348,0.028107334463360292,0.03588654199506152,0.01689831502603147,0.007847058409847544,0.0465011531717707,0.03406681476650708,0.03670389975486497,0.0437191092033527
2021-01-31,-0.04602222812901553,-0.0005538689588247997,-0.02921517460084657,-0.03807238514319289,-0.004350235346716946,-0.0003684422028171312,-0.0005538689588247997,-0.02921517460084657,-0.03807238514319289,-0.004350235346716946,-0.0003684422028171312,-0.027189681383429167,-0.03639436052493115,-0.03869064587454718,-0.03494593527633394,-0.032623147497441086,-0.022338685079023837,-0.019431486195335725,-0.017348104312132517,-0.020501056608268287
2021-02-01,0.07323277788421323,0.002833117068953679,0.10593087049060976,0.08418349521525442,-0.0030486259138721022,0.001732984431450639,0.002833117068953679,0.10593087049060976,0.08418349521525442,-0.0030486259138721022,0.001732984431450639,0.05647709445690459,0.08542108154037176,0.08558892878790597,0.08547805442839862,0.08604256585658145,0.033553146648347236,0.024464193410510184,0.05898920931819523,0.056962291429334
2021-02-02,0.04639407905496851,0.012399675123530417,0.02050342116398134,0.04456100632268134,0.03742252369841585,0.03595340767579458,0.012399675123530417,0.02050342116398134,0.04456100632268134,0.03742252369841585,0.03595340767579458,0.0418426231116682,0.031927211275571105,0.02719632777011578,0.05284089774113894,0.04440661571111226,-0.0027315976707290805,0.01960237433366505,0.01575446313638833,0.020639737253412727
2021-02-03,0.026523582600973407,0.0440171468347593,0.07248275364624339,0.056729018662358494,0.062015212494670284,0.05770400623428476,0.0440171468347593,0.07248275364624339,0.056729018662358494,0.062015212494670284,0.05770400623428476,0.05294718580600067,0.045789363766904595,0.04572901406096888,0.0643009863791567,0.053137726315305764,0.07870500208162694,0.07772820789067643,0.05298479870563986,0.05663644075862831
2021-02-04,0.00028778165211993355,0.018147289678723897,0.0577335818229749,-0.0030589392963385155,0.0223846127806727,0.019732111589594224,0.018147289678723897,0.0577335818229749,-0.0030589392963385155,0.0223846127806727,0.019732111589594224,-0.01690255959616145,0.031049957050580022,0.029933420770236377,-0.012244773912978247,-0.010660699141100464,0.05879022439268962,0.031727407555983224,0.057114249153493724,0.06583254527859933
2021-02-05,0.19828772795554353,0.11630757853107614,0.1635588637248399,0.12313406414239005,0.08071477658187953,0.08545984994632938,0.11630757853107614,0.1635588637248399,0.12313406414239005,0.08071477658187953,0.08545984994632938,0.10602375491832626,0.1487210370020655,0.15618361030398425,0.12210117042742635,0.13193235370166878,0.16181894229388488,0.14739135742141857,0.1530477399781943,0.1376618771169968
2021-02-06,0.06579757305450357,-0.008493991118250626,0.0031350110238110196,0.0014448585088531285,-0.0015215503514777113,-0.007254312662866928,-0.008493991118250626,0.0031350110238110196,0.0014448585088531285,-0.0015215503514777113,-0.007254312662866928,0.0028087893679543167,0.020057479291603793,-0.0001926419115078328,-0.007295645114561863,0.0018117559729838898,-0.06973082448756747,-0.011277915432928963,-0.03263487233860815,-0.022822149122088624
2021-02-07,0.06656722997403561,0.016732664341818002,-0.012029575964245035,-0.0024963468495426107,-0.006686246464043191,-0.005132547913994958,0.016732664341818002,-0.012029575964245035,-0.0024963468495426107,-0.006686246464043191,-0.005132547913994958,0.018618008633963946,0.0016598172434079995,-0.0024963468495426107,-0.008738131139293007,-0.01969962314917209,-0.001812755203398032,-0.005633301494375244,-0.005235597491268387,-0.01603124987707625
2021-02-08,0.03503984585801101,0.08523114065464453,0.11754646621175327,0.07221468672007361,0.1059048272838115,0.10065612213092408,0.08523114065464453,0.11754646621175327,0.07221468672007361,0.1059048272838115,0.10065612213092408,0.09462269174481942,0.07102823742198049,0.07221468672007361,0.10547482188194547,0.10685094425750621,0.06609840450939815,0.07824592189438868,0.11102553099496958,0.11269250635435367
2021-02-09,0.0828096056245343,0.07428181017130929,0.12092539079600641,0.12723106963378808,0.13600767836473746,0.14538998156190158,0.07428181017130929,0.12092539079600641,0.12723106963378808,0.13600767836473746,0.14538998156190158,0.12173316076301899,0.1340515801212505,0.12723106963378808,0.12560199533938468,0.1159423958203313,0.09566204723008126,0.14761933143364067,0.14419867301947537,0.13916974665177484
2021-02-10,0.08282622218155831,0.02103812746124145,0.018167745646851176,0.03435275277242406,0.015639359110654106,0.037295919158374005,0.02103812746124145,0.018167745646851176,0.03435275277242406,0.015639359110654106,0.037295919158374005,0.031155392368963586,0.0933277895046873,0.03435275277242406,0.020042962831974022,0.023246714973114237,-0.009218114405173882,0.10279824412606081,0.03688985552838286,0.029513417453347526
2021-02-11,0.03918653292977635,0.1501648845917563,0.0656059961355359,0.06465280922119672,0.06817766115971546,0.09835910819318697,0.1501648845917563,0.0656059961355359,0.06465280922119672,0.06817766115971546,0.09835910819318697,0.13249842871876713,0.04235775102732262,0.06465280922119672,0.058961384459275276,0.07128384360249089,0.1199136091637064,0.042673290977541266,0.08527216473950003,0.05927692440949392
2021-02-12,0.042749523561656934,0.035279865663843384,0.0555606799482169,0.0927968402711694,0.06939938046588022,0.05267495743611127,0.035279865663843384,0.0555606799482169,0.0927968402711694,0.06939938046588022,0.05267495743611127,0.10228648937272432,0.06020832114661233,0.0927968402711694,0.058162671686510375,0.09602489575652183,0.17188097537284017,0.04826924487912093,0.12657880936162988,0.04622359541901898
2021-02-13,-0.014174397186476685,0.08925527006901725,0.04253823602488266,0.03922412708415243,0.0647591496671805,0.06392326495723766,0.08925527006901725,0.04253823602488266,0.03922412708415243,0.0647591496671805,0.06392326495723766,0.03701704711362308,0.04440951196682934,0.025908277092705503,0.043589657811295104,0.07011839204232174,-0.007090350837544597,0.014877784025237597,0.06130123838786794,0.0037872838869713707
2021-02-14,-0.0688482538357088,-0.023980994941308495,-0.05068916843222373,-0.05089414512384039,-0.04107927248236064,-0.0313444277064693,-0.023980994941308495,-0.05068916843222373,-0.05089414512384039,-0.04107927248236064,-0.0313444277064693,-0.0673867025444882,-0.029735485018881326,-0.03883243340517119,-0.028213446649113474,-0.040542932473561936,-0.08448993140785964,-0.033494392955997404,-0.08989271186281986,-0.0311134477390973
2021-02-15,-0.03154956503139952,-0.03026846756234132,-0.04380276651254351,-0.04483412825237789,-0.0339765540065504,-0.027060538838274306,-0.03026846756234132,-0.04380276651254351,-0.04483412825237789,-0.0339765540065504,-0.027060538838274306,-0.015235138677590784,-0.02202345305426303,-0.030798095662238303,-0.019940521416410804,-0.0007483654591764928,-0.01587159901657793,-0.011740562241587994,0.0042783455314055596,-8.727823497990325e-06
2021-02-16,-0.01827671659694785,-0.0039047590814963004,-0.007018685324913962,0.006223170705568549,-0.011049659723366289,0.004088040787369596,-0.0039047590814963004,-0.007018685324913962,0.006223170705568549,-0.011049659723366289,0.004088040787369596,-0.002767733025508545,0.00010306746512123155,0.02384554332694071,0.006572712898005874,0.00955943148593983,-0.012139121690265365,0.022320744000027527,0.00025448870240474264,0.0007934098477270007
2021-02-17,0.004126695744340747,0.0414958216181808,0.051369595919709896,0.05242028627279925,0.050360845203332,0.050054172020900595,0.0414958216181808,0.051369595919709896,0.05242028627279925,0.050360845203332,0.050054172020900595,0.030968601138259434,0.052318333688812266,0.04538834255202156,0.043328901482554305,0.029944435729151377,0.020333329201439043,0.05526241117098833,0.03076348000401248,0.03451563402772707
2021-02-18,0.02569726100083003,-0.002989519577533106,-0.002348036138307919,-0.010396175316448408,-0.011128051185669952,0.010199594116986434,-0.002989519577533106,-0.002348036138307919,-0.010396175316448408,-0.011128051185669952,0.010199594116986434,0.043029040597392584,-0.00044309698968931707,0.018817828053422626,0.01808595218420108,0.03159426422314262,0.036134928297327104,0.003961137931252702,0.02386996701751567,-0.005600913972719602
2021-02-19,-0.015515223037899003,0.03368737650440044,0.047800820089890714,0.04450967782923712,0.056127123162005244,0.04417077916391444,0.03368737650440044,0.047800820089890714,0.04450967782923712,0.056127123162005244,0.04417077916391444,0.013671638168434138,0.04545556331328278,0.03315149899101953,0.04564394432378765,0.04504506339044244,-0.010671633283771648,0.03530586662995761,0.0417699871164609,0.014747463851329684
2021-02-20,0.000978374965524224,0.02639930185049783,-0.050670016134533244,-0.012280869664475861,-0.020725537671075923,-0.010822691030405746,0.02639930185049783,-0.050670016134533244,-0.012280869664475861,-0.020725537671075923,-0.010822691030405746,-0.022782828814563522,0.007086078256810846,0.012991916760519244,-0.018422669949545646,-0.04219530671806801,-0.025101818419745604,0.016600935223785914,-0.03348740563753469,0.05526093971251932
2021-02-21,0.08247670009212511,0.009508466099272717,0.013956044261597246,0.008966572770164227,0.012957808330827093,0.01788123598180662,0.009508466099272717,0.013956044261597246,0.008966572770164227,0.012957808330827093,0.01788123598180662,0.01889322015789381,0.005026463621279589,-0.007735284144007637,0.002617886927396662,0.011991527973278404,0.038355194521621325,0.00868817267091362,0.034918860879721646,0.001602042603575238
2021-02-22,-0.030014709027672674,-0.06466425078938365,-0.08431946285510822,-0.06119898232444364,-0.05629170972669298,-0.07071139255900996,-0.06466425078938365,-0.08431946285510822,-0.06119898232444364,-0.05629170972669298,-0.07071139255900996,-0.09812524848591961,-0.06717456413033995,-0.040831630140847675,-0.07268341318103462,-0.06775836115931175,-0.07923236725329182,-0.059872899156382206,-0.06571867471296089,-0.05095897013436584
2021-02-23,-0.12374725200467995,-0.1307871339731158,-0.15304630519810877,-0.13865339961360815,-0.14307433712949996,-0.1497457095384449,-0.1307871339731158,-0.15304630519810877,-0.13865339961360815,-0.14307433712949996,-0.1497457095384449,-0.14992606366903244,-0.1043664300789049,-0.13097098951343766,-0.12313789388902592,-0.1555992801886103,-0.1289427012145383,-0.1188788630647206,-0.12935143798413534,-0.09924657186460298
2021-02-24,0.06852156597535378,0.06375966644043682,0.039874670703558504,0.029727458302183377,0.01593922781068671,0.04778577395380701,0.06375966644043682,0.039874670703558504,0.029727458302183377,0.01593922781068671,0.04778577395380701,0.05939538799349427,0.025472860343927532,0.03459189928879447,0.04730928011688644,0.04212726147212642,0.09854046140404345,0.04176824219387394,0.04471979317555353,0.03895852928843786
2021-02-25,-0.07198216594279645,-0.04894711594784644,-0.05136921141815143,-0.03400175319628347,-0.05656309217257807,-0.0326811365836418,-0.04894711594784644,-0.05136921141815143,-0.03400175319628347,-0.05656309217257807,-0.0326811365836418,-0.06525468819313458,-0.06426278036881758,-0.04885302152339255,-0.07396465859369176,-0.0733035052002344,-0.08061812814490836,-0.052785868676317876,-0.04842953408977647,-0.05666356476593209
2021-02-26,0.02878318151251509,0.017700047737819836,0.0021170116499309717,0.027908761490740182,-0.018313932476841585,0.01585354409242435,0.017700047737819836,0.0021170116499309717,0.027908761490740182,-0.018313932476841585,0.01585354409242435,-0.009354852858097448,-0.014971022812372078,0.02022511822328548,-0.01244710422314614,-0.004726218117144972,-0.02202121209881895,0.03160821965765158,0.016202643419250574,0.02603854971975726
2021-02-27,0.022598445387117836,0.024927619600020462,0.021035910319894473,0.029283282589803925,0.019912022433295755,0.027345463929429346,0.024927619600020462,0.021035910319894473,0.029283282589803925,0.019912022433295755,0.027345463929429346,0.04104959252838918,0.027249974751470868,0.035806951493768543,0.017704895855780847,0.03374277597805787,0.01216881434318488,0.029433799095713586,0.04166984020831593,0.019350345647988047
2021-02-28,-0.04179373622390321,-0.04572963778679915,-0.03348625013482408,-0.020662131992121902,-0.035923231853489376,-0.035675412690129395,-0.04572963778679915,-0.03348625013482408,-0.020662131992121902,-0.035923231853489376,-0.035675412690129395,-0.0623885802743444,-0.017276918454805612,-0.031444815050503734,-0.04018273238786343,-0.04702691521216578,-0.07318730370249371,-0.047361349415730475,-0.05009687315688863,-0.03871575055230629
2021-03-01,0.09192486317169526,0.0665249619247363,0.10234405528624588,0.07580469439369493,0.09362468183585623,0.07583840416630841,0.0665249619247363,0.10234405528624588,0.07580469439369493,0.09362468183585623,0.07583840416630841,0.09453729151889854,0.06634691660303403,0.07725080942802105,0.08698402142678949,0.07406522720879055,0.11120998606941074,0.11044435714655419,0.06436967148844604,0.09305377930668471
2021-03-02,-0.019543909778522255,-0.00908025542918012,-0.025013849148185496,-0.020731532761069472,-0.0315189544670285,-0.02126883103916817,-0.00908025542918012,-0.025013849148185496,-0.020731532761069472,-0.0315189544670285,-0.02126883103916817,-0.01860740721264125,-0.014556678290705373,0.006383323683083387,-0.012135765286142509,-0.01719205919756974,-0.012823144098704843,-0.0265506869480739,-0.0062960753711887715,-0.03692520767412717
2021-03-03,0.020750533702325092,0.05411328345354148,0.08453920060759877,0.038293726131757785,0.0390490695115,0.03762465392041504,0.05411328345354148,0.08453920060759877,0.038293726131757785,0.0390490695115,0.03762465392041504,0.05991055782058279,0.054695043985164914,0.03040918266765265,0.06414429543179422,0.045536593370852835,0.06589708297614334,0.026613288433881978,0.06495651531516397,0.04529155008335311
2021-03-04,-0.030581330494260907,-0.0328448581202522,-0.028011968772075995,0.0034797405977593475,0.003373131381605575,-0.012435735849085416,-0.0328448581202522,-0.028011968772075995,0.0034797405977593475,0.003373131381605575,-0.012435735849085416,-0.02473508861941296,-0.031859333646572965,-0.0054426882959847135,-0.03935237525324212,0.0150420138792033,-0.0404735079371223,-0.0391350458289671,-0.05896886478790304,-0.061211719938853534
2021-03-05,0.004464672997337949,-0.010931381504160148,0.009063630016791207,-0.02656138083680626,-0.02180554391281082,-0.010398535828170113,-0.010931381504160148,0.009063630016791207,-0.02656138083680626,-0.02180554391281082,-0.010398535828170113,0.012755291706793978,-0.003672303184836152,-0.02889469502301431,-0.0074574715120736285,0.008922293356860754,-0.0020285628385135106,0.00023228236511186077,0.00032458266977775574,0.001082257425752501
2021-03-06,-0.011256706523886197,-0.00048611238315626054,0.010931368113555514,0.01099413717002106,0.02526619551482816,0.0038642270048801727,-0.00048611238315626054,0.010931368113555514,0.01099413717002106,0.02526619551482816,0.0038642270048801727,-0.003994104053025617,0.004541866215387657,-0.0038951513371897808,0.007675376314128387,0.0015904042862562228,-0.012654179741869321,-0.005795189173290546,-0.01796250761243357,-0.001970256289808427
2021-03-07,0.03300049797582494,0.03241152170646052,0.037373759992691505,0.03796858596502739,0.027181208913195844,0.04248210543908728,0.03241152170646052,0.037373759992691505,0.03796858596502739,0.027181208913195844,0.04248210543908728,0.03315564219730996,0.04659831364784646,0.03798280935589675,0.036445662202906924,0.044314484260114945,0.031304826901862357,0.048021581549860665,0.06781298774592855,0.04616670885516472
2021-03-08,0.02939468234205307,0.006738693181994627,0.07223374894903171,0.0752741486234774,0.04282970655313041,0.038513782788523375,0.006738693181994627,0.07223374894903171,0.0752741486234774,0.04282970655313041,0.038513782788523375,0.012145292100391725,0.06787393992367917,0.05932661455405084,0.06645271732254768,0.044756180880454834,0.021887128347211383,0.016841362112888735,0.029834154185401387,0.023039286774906874
2021-03-09,0.07959156253710785,0.09036623311353878,0.029592854713970728,0.032952987316679706,0.032811439327235764,0.05861196793522936,0.09036623311353878,0.029592854713970728,0.032952987316679706,0.032811439327235764,0.05861196793522936,0.09172697301015563,0.04342786721810943,0.043337104771163794,0.03912172907494154,0.03807356590620614,0.10341755319738831,0.12224887265918093,0.04899621419186937,0.11344862414422026
2021-03-10,-0.05283368718278013,-0.030307301674442358,0.019691149654551283,0.021523871132580877,-0.03287719687451109,0.03210180494893516,-0.030307301674442358,0.019691149654551283,0.021523871132580877,-0.03287719687451109,0.03210180494893516,-0.03204066123812384,0.025976465320915562,0.015209283206169863,0.0185318242967028,-0.024170293403460597,0.010625544296378284,0.00018688605375439052,0.005328844647308477,0.0070565136106381515
2021-03-11,0.01872466332144398,0.006091573551879058,0.038831251696616186,0.014764319697226736,0.004944035018632609,0.021432666016140623,0.006091573551879058,0.038831251696616186,0.014764319697226736,0.004944035018632609,0.021432666016140623,0.014917397205762063,0.039580751793857685,0.03678810243026941,0.0415584063599754,0.02823901788967085,0.02407171878173149,0.02755685840693165,0.02559598013417415,0.03788290595353849
2021-03-12,-0.040911505844194895,-0.0493593550028613,-0.023288318605769496,0.001047859905210172,-0.03228214547041979,0.0014829366693625695,-0.0493593550028613,-0.023288318605769496,0.001047859905210172,-0.03228214547041979,0.0014829366693625695,-0.0537490894112199,-0.022877615304330835,-0.03219622897041181,-0.034149128803417916,-0.02964908279386913,-0.0560990754980351,-0.03631693792131469,-0.049385987112468735,-0.03309078173290385
2021-03-13,0.0742980107041122,0.051703902029752676,0.06625168665338911,0.04659708933507496,0.05777455287226334,0.049039334543237154,0.051703902029752676,0.06625168665338911,0.04659708933507496,0.05777455287226334,0.049039334543237154,0.06550908676092843,0.07227109137749689,0.04508496500867355,0.041476754302974504,0.06987131804047758,0.057869286585588535,0.05955730009678498,0.06615330502877569,0.0692143402633194
2021-03-14,-0.056873380237513545,-0.03996268636818903,-0.04005482140922001,-0.03289167846268351,-0.0345248119660837,-0.03561571668492165,-0.03996268636818903,-0.04005482140922001,-0.03289167846268351,-0.0345248119660837,-0.03561571668492165,-0.0360720774094878,-0.043074292589403984,-0.0448848676409237,-0.025386195902541788,-0.04847645828825198,-0.023179641359479836,-0.0448848676409237,-0.05058543791786203,-0.04884529590207958
2021-03-15,-0.024756249890563575,-0.04648563949523657,0.05852488504635622,0.004945379598360722,0.01859054661068707,-0.034671603032612255,-0.04648563949523657,0.05852488504635622,0.004945379598360722,0.01859054661068707,-0.034671603032612255,0.011662996936743646,0.0038899340448662195,0.005283861097433819,0.007472337184618975,0.013845635203114087,-0.0010809451512768797,0.005283861097433819,0.057678037797665255,0.011152513772288809
2021-03-16,0.010722754931117164,0.011363856581221965,-0.004261607717778659,0.04519527719651254,0.012450264102207263,0.06596031613164738,0.011363856581221965,-0.004261607717778659,0.04519527719651254,0.012450264102207263,0.06596031613164738,0.0031651019901571802,0.04569330672028395,-0.004632181695408357,0.0400361611004718,-0.005631846765532725,0.010579355909221036,-0.004632181695408357,0.02441032825386725,-0.009762828401630166
2021-03-17,0.013868525649413765,0.022529469091295166,0.02993423973061593,0.04629543137294782,0.028746821828673767,0.03770905212174252,0.022529469091295166,0.02993423973061593,0.04629543137294782,0.028746821828673767,0.03770905212174252,0.02985209457455782,0.03465030254917636,0.07970788999816283,0.040101951820175154,0.08167329586599639,0.03306187402465515,0.07970788999816283,0.08972468128958622,0.07777055125530156
2021-03-18,-0.00017855336876102489,-0.02661183120235049,-0.017121926596736593,-0.0340509956507221,-0.013399090210850019,-0.0355640265802599,-0.02661183120235049,-0.017121926596736593,-0.0340509956507221,-0.013399090210850019,-0.0355640265802599,-0.016201247839782384,-0.03005129871762411,-0.030639164083189476,-0.013966945460463422,-0.029039578364527217,0.017031008755628397,-0.030639164083189476,-0.045739367113732055,-0.031618093937662885
2021-03-19,0.014654052757294549,0.03368420809025825,0.06869445506476282,0.035746030471923866,0.03250773972087045,0.02882746695996626,0.03368420809025825,0.06869445506476282,0.035746030471923866,0.03250773972087045,0.02882746695996626,0.03156745830151871,0.04137738555798374,0.030586424463737834,0.04130082034009004,0.033344828924197004,0.058222204974139824,0.030586424463737834,0.07583485479603284,0.018268460482866393
2021-03-20,0.0864771180295094,0.00418580984252055,0.046576997008605986,0.028035997883778,0.05487709743628179,0.0030151256963347295,0.00418580984252055,0.046576997008605986,0.028035997883778,0.05487709743628179,0.0030151256963347295,-0.002341841682479535,0.0020204090737158155,0.05534137513344063,0.0792683497349626,0.09053722690607598,0.0709981424787836,-0.0024194456794107075,0.006522820225866761,0.014189346493782035
2021-03-21,0.009642166901753957,0.031932220116986876,0.006483904850858658,0.012467671547090633,0.00893319872725873,-0.00480465183608041,0.031932220116986876,0.006483904850858658,0.012467671547090633,0.00893319872725873,-0.00480465183608041,0.03959097904996488,-0.0009117129608110057,-0.012611266701701762,-0.026131361976449188,-0.01799494578281509,-0.0001313755516450625,0.027526490676206508,0.006429453268369523,0.04663649100311634
2021-03-22,-0.05638827058536671,-0.03577418184024682,-0.03846513490784525,-0.056833252911515246,-0.036680711270578065,-0.053563666441535096,-0.03577418184024682,-0.03846513490784525,-0.056833252911515246,-0.036680711270578065,-0.053563666441535096,-0.04278991181405965,-0.05652475474632015,-0.07041342719814711,-0.07286709606349107,-0.07340291979628355,-0.04550151991548399,-0.05991907325917108,-0.07593579233423109,-0.05284460545475349
2021-03-23,0.026205487217920514,0.048958487530895475,-0.009972817981550742,-0.016532650720148933,-0.013104422522327885,-0.008708787432263977,0.048958487530895475,-0.009972817981550742,-0.016532650720148933,-0.013104422522327885,-0.008708787432263977,0.060352522604491844,-0.01573470830400492,-0.013369669309844713,-0.01194331574978047,-0.014046088522146194,0.04019959487891421,0.08197684771318905,0.005327061163920545,0.02482087110828642
2021-03-24,-0.05824160289626726,-0.0768942732341353,-0.05364830032614478,-0.03313677102647026,-0.04907210066962899,-0.061429324900512026,-0.0768942732341353,-0.05364830032614478,-0.03313677102647026,-0.04907210066962899,-0.061429324900512026,-0.0651616013481093,-0.04589709947027156,-0.03470638392602015,-0.037404311318179694,-0.043200312689230976,-0.08043475593390921,-0.07216761943993716,-0.0582517076573377,-0.043190105370371025
2021-03-25,0.019298086835874327,0.02629876324838818,0.0011969913753136822,-0.02074149118873494,-0.0012299041910976095,-0.012686599571763435,0.02629876324838818,0.0011969913753136822,-0.02074149118873494,-0.0012299041910976095,-0.012686599571763435,0.025483580586335642,-0.010215420351245074,-0.017367500737420993,-0.007568310675532719,-0.011550975525074381,0.023135713003586654,0.022428163868341143,-0.019380457766955163,0.024073416919150305
2021-03-26,0.06779760844259866,0.07572258529677252,0.10467983933762996,0.10226183050050057,0.10455460335226341,0.09820617912290815,0.07572258529677252,0.10467983933762996,0.10226183050050057,0.10455460335226341,0.09820617912290815,0.07239834509491243,0.09421249478307446,0.11911034582627295,0.09588332329394074,0.10822228723414733,0.0913068434780447,0.07109060941706183,0.10987192154134594,0.07411765350002393
2021-03-27,0.0061484009506158266,0.0030332595259243596,-0.0019590305079334727,-0.0031940455157093194,-0.0007359645595416327,-0.0001202748754725036,0.0030332595259243596,-0.0019590305079334727,-0.0031940455157093194,-0.0007359645595416327,-0.0001202748754725036,-0.011980790514146621,-0.001402261525082885,-0.0030565962108204518,0.013415230218951787,-0.003601943945859702,-0.018885611307321803,-0.005137166698836039,-0.021040209987625864,-0.010491880621833694
2021-03-28,0.0009174019572575805,-0.01066984895752796,-0.004289336950648215,-0.003477977779392116,-0.004289336950648215,-0.004289336950648215,-0.01066984895752796,-0.004289336950648215,-0.003477977779392116,-0.004289336950648215,-0.004289336950648215,0.020278827806231046,-0.0015421197388106437,0.003987097933860117,0.00014457915374255226,0.010876604465927264,0.008119478052772335,0.017174347099932107,0.014218426940084728,0.011047581663351536
2021-03-29,0.024265970524229852,0.038863183460601115,0.04447437733836468,0.04216926262710672,0.04447437733836468,0.04447437733836468,0.038863183460601115,0.04447437733836468,0.04216926262710672,0.04447437733836468,0.04447437733836468,0.03738017604489734,0.036822332766731726,0.027065065948046963,0.03371162659467286,0.030906534225034976,0.026178559421460437,0.03205059403787143,0.031362397529983446,0.03821788160627264
2021-03-30,0.020347750891730066,0.004478692975820774,0.01519246353096011,0.010469970701437181,0.01519246353096011,0.01519246353096011,0.004478692975820774,0.01519246353096011,0.010469970701437181,0.01519246353096011,0.01519246353096011,0.012357490728353928,-0.005372108089351091,0.0010995317511107933,0.02398778780391799,0.009830834670841115,-0.0209534813761693,-0.017768280765431223,-0.010379588391777128,-0.003381669860845914
2021-03-31,-0.01563891224146892,0.0059298206583007895,0.09714184751911123,0.1068063737798549,0.09714184751911123,0.09714184751911123,0.0059298206583007895,0.09714184751911123,0.1068063737798549,0.09714184751911123,0.09714184751911123,0.07427781727885555,0.0018373818551844518,0.07965712665415779,-0.0002644121590288594,0.07169601974352098,-0.024410218842743303,0.002905491569479767,0.0032127343651823445,-0.003174957743630724
2021-04-01,0.05121595596153691,0.023873080145263327,0.0008333144366777373,-0.0021650932529345673,0.0008333144366777373,0.0008333144366777373,0.023873080145263327,0.0008333144366777373,-0.0021650932529345673,0.0008333144366777373,0.0008333144366777373,-0.023187839925523666,0.007677581974078574,-0.011842710652620679,0.02461514598084491,-0.008108455223443143,-0.008220511727235324,-0.008377107197938695,-0.010506767320728173,-0.006210955278928877
2021-04-02,0.002371982615713235,0.04784118746748879,0.048964404889750957,0.051170499782286896,0.048964404889750957,0.048964404889750957,0.04784118746748879,0.048964404889750957,0.051170499782286896,0.048964404889750957,0.048964404889750957,0.06254581854662374,0.040554155676994594,0.03755281207127548,0.031864080468181684,0.06507487762512809,0.046620438407994354,0.04464787049938178,0.03214432163218766,0.029670944750811917
2021-04-03,-0.044567614606689204,-0.0428375791196374,-0.05585336161635612,-0.044627366505658156,-0.04630586272913763,-0.04486007014532645,-0.0428375791196374,-0.05585336161635612,-0.044627366505658156,-0.04630586272913763,-0.04486007014532645,-0.04219278790279039,-0.055480545709180505,-0.04497155958904228,-0.050120030077250174,-0.043807803974742675,-0.05388233019394722,-0.045596885922153566,-0.049458118949465196,-0.04926982620769975
2021-04-04,0.03180677692245393,0.03131605842889886,0.06355001189498194,0.08116641666585313,0.05509609759661244,0.05705130435352378,0.03131605842889886,0.06355001189498194,0.08116641666585313,0.05509609759661244,0.05705130435352378,0.045368554957059146,0.06956264138584345,0.0704197977937188,0.0679186848902165,0.06718154837640507,0.07508898611892928,0.04843448592494611,0.055821226782202346,0.04209970799106331
2021-04-05,0.01628244872256284,0.017805241957047184,0.07898331335003897,0.10296684628805672,0.038134455605695755,0.15634667149571468,0.017805241957047184,0.07898331335003897,0.10296684628805672,0.038134455605695755,0.15634667149571468,0.029614557955073888,0.08565828674820777,0.05296043702213793,0.04784652690283024,0.025882921429640125,0.0009939997596372313,0.013160433940473814,0.028740944384772593,0.0016306893493530216
2021-04-06,0.027617614810330822,0.007431801722835042,0.01320754648314069,0.021894167655798193,0.013216519509919181,0.05715341999682615,0.007431801722835042,0.01320754648314069,0.021894167655798193,0.013216519509919181,0.05715341999682615,0.0467964418916776,0.057873649522216165,0.023722572040216442,0.0326650752619488,0.05326802410057976,0.03591448926467267,0.034790378142804924,0.011635351509020063,0.018205638515215193
2021-04-07,-0.0584285854163032,-0.03724189344936477,-0.0724609922383388,-0.07966825835761737,-0.04209203908072728,-0.0935887031469683,-0.03724189344936477,-0.0724609922383388,-0.07966825835761737,-0.04209203908072728,-0.0935887031469683,-0.06904854733512242,-0.04536637606633409,-0.05279377791219269,-0.04835592734353967,-0.07905931217604098,-0.05027287985276701,-0.05776552201263593,-0.08758915048205708,-0.061014408192928436
2021-04-08,0.04214317397294609,0.05419726301536021,0.08677263335420335,0.09158407942108698,0.07385501034551228,0.08692539976430119,0.05419726301536021,0.08677263335420335,0.09158407942108698,0.07385501034551228,0.08692539976430119,0.05804261319485585,0.07399063949620338,0.08298975021800678,0.07771769961086755,0.061867729560667994,0.058854892712134316,0.057896633275241666,0.057333208719962066,0.04633409509948372
2021-04-09,-0.0031273062338235086,0.007594746151234061,0.04175343517614048,0.028669773423821224,0.01568822147642828,-0.0009431109721922564,0.007594746151234061,0.04175343517614048,0.028669773423821224,0.01568822147642828,-0.0009431109721922564,0.035476279835286346,0.015450912039003355,0.00409404653981558,0.004195036419123293,0.030727038878362506,0.03632820553066221,0.018608365775988324,0.0075616077632950016,-0.0027731870138767403
2021-04-10,-0.002176936124771582,0.017607934654455887,0.02226828241947755,0.004114488994350467,0.03156135227207435,0.012408730782357432,0.017607934654455887,0.02226828241947755,0.004114488994350467,0.03156135227207435,0.012408730782357432,0.003080921002296923,0.016881157418844932,-0.0008203935958685784,0.006390855525811372,0.008800471028266258,-0.0033298836443287415,0.03206149478875781,-0.006934677733618675,0.0243571762698174
2021-04-11,0.06047291544571833,0.03980747844582511,-0.00844993376166383,-0.0016157949089119494,0.015822848653441482,0.014692225784396218,0.03980747844582511,-0.00844993376166383,-0.0016157949089119494,0.015822848653441482,0.014692225784396218,0.016014624509445154,-0.006233981238505097,-0.01243788011689472,-0.01643475849364262,-0.007080130315056566,0.023730728393110925,0.03609521224212489,0.013992673447743353,0.015679751383474327
2021-04-12,0.01699461298963996,0.013497158629197915,-0.03514566629938802,-0.040011345867428515,0.002507905866056582,0.010999225523661772,0.013497158629197915,-0.03514566629938802,-0.040011345867428515,0.002507905866056582,0.010999225523661772,0.030777754195250907,-0.031500557424602296,-0.039118760471586383,0.015099177243156393,0.029636553711533238,-0.030503354284576466,-0.012474318899861014,0.013182175116565744,0.011412989501289196
2021-04-13,0.08603209391638346,0.030748707184212257,0.07776419805309086,0.06447630212755806,0.05554977799247998,0.03131724677988954,0.030748707184212257,0.07776419805309086,0.06447630212755806,0.05554977799247998,0.03131724677988954,0.030316738257071003,0.07682350966875534,0.06995564305110231,0.0548710510221468,0.029253702615034086,0.018426148819920198,0.030762128760740717,0.007376030708306946,0.03001124006615308
2021-04-14,0.06677528267608415,-0.00232454040895167,0.014677092884450982,0.02374994782843571,0.017038809560919188,-0.006410352594581005,-0.00232454040895167,0.014677092884450982,0.02374994782843571,0.017038809560919188,-0.006410352594581005,-0.004697948521593067,0.010647596766863308,0.010176158704299373,0.002617647365564288,-0.01829188026651181,-0.005094578908491101,0.015422633349520943,-0.0019308050538863648,0.019621898066186395
2021-04-15,0.14977458972951896,0.0394227261682933,0.049781086948173583,0.07148154674235939,0.03143567128379976,0.04301903128768956,0.0394227261682933,0.049781086948173583,0.07148154674235939,0.03143567128379976,0.04301903128768956,0.04910042605876597,0.06127626280820264,0.0670943836278851,0.0639093245819788,0.05550225053999021,0.10092320461579662,0.04485705686677681,0.06363484323457777,0.043408800342786824
2021-04-16,0.14393543816789048,-0.04875649214398854,0.07025586509962811,0.12641140929839145,0.029598110799887722,-0.050710886705756124,-0.04875649214398854,0.07025586509962811,0.12641140929839145,0.029598110799887722,-0.050710886705756124,-0.04177364598989028,0.060549300111867606,0.07884148069411794,0.05929343810602846,-0.012676785041820616,-0.01789953599137742,0.015735164731736417,-0.02815083293442959,0.05886880805907379
2021-04-17,-0.09255773131200253,0.015924341547440105,-0.03900454891804697,-0.01576686777675711,-0.03249629764210815,-0.025131384437863908,0.015924341547440105,-0.03900454891804697,-0.01576686777675711,-0.03249629764210815,-0.025131384437863908,-0.005643104947072059,-0.04312190872525018,-0.035782598698517444,-0.035246870802456025,-0.028197178801527372,-0.03363940124695586,-0.02385922663074019,-0.010385227789311273,-0.01599135880874061
2021-04-18,-0.048582147632634534,-0.016306581161776502,-0.06495896190557289,0.02820989027799889,-0.07424838702903136,0.032132696396659964,-0.016306581161776502,-0.06495896190557289,0.02820989027799889,-0.07424838702903136,0.032132696396659964,-0.10595951511635043,-0.07038581671407955,-0.11041829793922933,-0.09757912424934906,-0.10448576782981991,-0.10931255154516131,-0.06855132647180938,-0.1075363690841727,-0.11235502879606074
2021-04-19,0.03206715004752006,-0.06545385504062691,-0.04372379399403939,-0.0741078601924164,-0.055984889525181415,-0.06796400842477072,-0.06545385504062691,-0.04372379399403939,-0.0741078601924164,-0.055984889525181415,-0.06796400842477072,-0.03574040637585605,-0.050647759911182935,-0.08780062392089455,-0.0831732314376418,-0.05600712106384414,-0.10644101499594515,-0.06331447913810377,-0.08419965260422234,-0.07860352950737244
2021-04-20,-0.0014124159812259826,0.03406300910751923,0.058179915647085335,0.03427775154133417,0.05361395834396974,0.04346893627237347,0.03406300910751923,0.058179915647085335,0.03427775154133417,0.05361395834396974,0.04346893627237347,0.018076026189747955,0.054797576509666414,0.05793300427505273,0.055855848005416237,0.03734585457947821,0.06664967109800446,0.06441009894592745,0.04466452986646612,0.04793700791987257
2021-04-21,-0.027982950464943455,-0.05291968525448251,-0.024651635589633968,-0.016184907739173096,-0.02625315410977369,-0.054948289038443204,-0.05291968525448251,-0.024651635589633968,-0.016184907739173096,-0.02625315410977369,-0.054948289038443204,-0.027944023699321474,-0.017597403729930815,-0.01229051999731565,-0.020542384953384455,-0.0057663695122185605,-0.038929777547882696,-0.021983730635967747,-0.02987715524277257,-0.03511449560969242
2021-04-22,-0.08093855728079065,-0.04699890988152662,-0.02756590693684611,-0.02675814706498203,-0.04434360864138185,-0.038687982870449875,-0.04699890988152662,-0.02756590693684611,-0.02675814706498203,-0.04434360864138185,-0.038687982870449875,-0.02720941510546511,-0.023797897918713985,-0.06677532791243665,-0.07302920596251057,-0.05162252150313369,-0.08534604712619898,-0.018874517421169013,-0.045579319079481956,-0.04446658033952029
2021-04-23,-0.005129570369313652,-0.013245976114078004,-0.01097659255911398,-0.0312585224065754,-0.008251891089925563,-0.023306859209286233,-0.013245976114078004,-0.01097659255911398,-0.0312585224065754,-0.008251891089925563,-0.023306859209286233,-0.0011175660025545438,-0.01765071729528211,-0.015746964247100176,-0.01114945374185798,-0.0007486333210844527,-0.013556020310501555,-0.015123254716398258,-0.009523858316108708,-0.01136371826516766
2021-04-24,-0.01338468129007091,-0.06649480428452544,-0.06575471843458695,-0.06597783902431166,-0.05291119903481095,-0.06682920547072793,-0.06649480428452544,-0.06575471843458695,-0.06597783902431166,-0.05291119903481095,-0.06682920547072793,-0.02909162606667635,-0.0768703286472195,-0.08386691766840874,-0.08838794505680948,-0.03446061591155841,-0.06547196523297853,-0.051812832409924015,-0.0762023582782058,-0.061215095090282626
2021-04-25,0.020433322244083122,0.005034767038950139,0.005531826776981231,0.005133862146084133,0.03228548044790465,0.003378750567830059,0.005034767038950139,0.005531826776981231,0.005133862146084133,0.03228548044790465,0.003378750567830059,0.0805465950952404,0.006201278962383409,0.00797981192666913,0.03582201528048083,0.062023933513499205,0.060629423002232584,0.06667591700927968,0.05694501840802603,0.06645242052754217
2021-04-26,0.10948280752316986,0.1443258993687145,0.14536568435634037,0.1258514477256484,0.11746926752979228,0.14586687239933513,0.1443258993687145,0.14536568435634037,0.1258514477256484,0.11746926752979228,0.14586687239933513,0.09239029915596925,0.15211351866493616,0.1625813818132658,0.1743482310393684,0.10970863059491875,0.10594720385151354,0.09220138164186767,0.12596137720251444,0.09562206812441698
2021-04-27,0.045190715405605444,0.047173244585228605,0.0279372828038986,0.037844921389743984,0.03082726084577028,0.04488894383011175,0.047173244585228605,0.0279372828038986,0.037844921389743984,0.03082726084577028,0.04488894383011175,0.03991525101333511,0.026542370720097644,0.0374944298611531,0.05298788817578291,0.02742155692918371,0.04328602328804183,0.03428993093322583,0.05090137255698604,0.06150179241126535
2021-04-28,0.04276032454822257,-0.00805407423288649,0.01867664817118042,0.00317907236654562,0.024895598157698328,0.015474902395048585,-0.00805407423288649,0.01867664817118042,0.00317907236654562,0.024895598157698328,0.015474902395048585,0.021496990847238728,0.00883100134903163,0.004224767873531831,0.02061947729883014,0.022627579573734492,0.013867588668994003,0.00984102706262564,0.028724940830008983,0.005965757946714811
2021-04-29,-0.0017659277065702932,0.012643046606080177,-0.017209607156010012,-0.012673957556877459,-0.01897147858095092,-0.01799086801826615,0.012643046606080177,-0.017209607156010012,-0.012673957556877459,-0.01897147858095092,-0.01799086801826615,-0.029151558049513908,-0.014599015055003696,-0.012222153064396092,-0.01772349612905777,-0.026506618649027328,-0.01571402936116229,-0.022877289015428272,-0.025447475954143366,-0.02224916755818649
2021-04-30,0.04466539150694751,0.06925933377944683,0.0502109346722415,0.0589368704837132,0.03871402955250701,0.049448001531802774,0.06925933377944683,0.0502109346722415,0.0589368704837132,0.03871402955250701,0.049448001531802774,0.020764473331616157,0.0585057154366963,0.06119502358187574,0.04955653626987283,0.028436475880175324,0.029447448680149063,0.032398180008565966,0.029505663249736303,0.034401226047019076
2021-05-01,-0.002312945501110529,0.015813531007353637,0.015820266307872997,0.01644375541223824,0.012040227617336242,0.015044268609200509,0.015813531007353637,0.015820266307872997,0.01644375541223824,0.012040227617336242,0.015044268609200509,0.016532251293845193,0.0116616795694614,0.009090901382925391,0.006510835362632895,0.0113675856623471,0.017338733900856912,0.045340190538385845,0.009007937601353036,0.019778807028265545
2021-05-02,0.002100096933704545,-0.012722411193217063,0.017014995765549122,0.017014995765549122,0.0016994475350201182,0.017014995765549122,-0.012722411193217063,0.017014995765549122,0.017014995765549122,0.0016994475350201182,0.017014995765549122,-0.0019874498294843767,0.0016994475350201182,0.007173060937840293,-0.004259126733318117,0.008328541392966151,0.02140852006165817,-0.009987611634120009,0.01345247690937328,0.02364408962349516
2021-05-03,0.00913617311459938,0.07690953024893617,0.05104505961423214,0.05104505961423214,0.05941443753726428,0.05104505961423214,0.07690953024893617,0.05104505961423214,0.05104505961423214,0.05941443753726428,0.05104505961423214,0.05781145652260537,0.05941443753726428,0.0472728297444991,0.04819602064374156,0.04309252567544362,0.04255283336520521,0.08404649295533227,0.04857297023860126,0.034723147752411476
2021-05-04,-0.09053793842105728,-0.051393256042365706,-0.060686042216623264,-0.060686042216623264,-0.05355878025592736,-0.060686042216623264,-0.051393256042365706,-0.060686042216623264,-0.060686042216623264,-0.05355878025592736,-0.060686042216623264,-0.027688321638441125,-0.05355878025592736,-0.04988660465968313,-0.05266187575415442,-0.04489617251767069,-0.07619936056345314,-0.004207279378195578,-0.050973781373597586,-0.05202343447836659
2021-05-05,0.07536508463893923,0.1136282562159383,0.08225965352624734,0.08225965352624734,0.14979268154131384,0.08225965352624734,0.1136282562159383,0.08225965352624734,0.08225965352624734,0.14979268154131384,0.08225965352624734,0.09672952876357273,0.14979268154131384,0.17513193137524521,0.18200639794326526,0.14512273689379693,0.08784823285190843,0.08765584684042715,0.05937246375873566,0.07758970887873043
2021-05-06,-0.0024991811251228197,0.011266735879862821,-0.007449332215822136,-0.007449332215822136,-0.013546285472190524,-0.007449332215822136,0.011266735879862821,-0.007449332215822136,-0.007449332215822136,-0.013546285472190524,-0.007449332215822136,0.0061460102284560236,-0.013546285472190524,0.00010761686272733276,-0.0006203037051220944,-0.011192520561737052,-0.001509334735601598,-0.04970799726676176,-0.017498829386661186,-0.005095567305368663
2021-05-07,0.009678787891088987,-0.0072918317764043734,-0.012806537421953852,-0.012806537421953852,-0.02698183077607212,-0.012806537421953852,-0.0072918317764043734,-0.012806537421953852,-0.012806537421953852,-0.02698183077607212,-0.012806537421953852,-0.006631699551326739,-0.02698183077607212,-0.03589976480860393,-0.029879258901773183,-0.02580393441839675,-0.0027837217917485676,0.03240109264024028,-0.008330036212932396,-0.012503641064278476
2021-05-08,-0.02085748725091952,0.03642477944308366,0.02037924516629374,0.012931073563419984,0.03225283135788728,0.034698413474278184,0.03642477944308366,0.02037924516629374,0.012931073563419984,0.03225283135788728,0.034698413474278184,0.04791038676915587,0.030284637718790912,0.011670460808285288,0.023164061212636505,0.04588032775639221,0.04886374609107211,0.02752447547204366,0.030019963715939093,0.03096666432028554
2021-05-09,-0.019283917195806244,0.004267086194266899,0.043733730909663836,0.06229993223521649,0.05123367892281243,0.044796050405555496,0.004267086194266899,0.043733730909663836,0.06229993223521649,0.05123367892281243,0.044796050405555496,-0.009838646268626405,0.0414310396962889,0.013898437344812609,0.033091628737490296,-0.016648576387600558,-0.017703404677415737,0.03975991914374581,0.018476190675657506,0.018476190675657506
2021-05-10,-0.11088159421980268,-0.04643029328360551,-0.05110008476980983,-0.06712758330778476,-0.07183435128192935,-0.045419540182021614,-0.04643029328360551,-0.05110008476980983,-0.06712758330778476,-0.07183435128192935,-0.045419540182021614,-0.0474908197680642,-0.034302852776923666,-0.07793232368728265,-0.042102550853652936,-0.057869086167804173,-0.06087208623243381,-0.06549975097785196,-0.07285110232031737,-0.07285110232031737
2021-05-11,0.05329316694104063,0.04399343738323398,0.08139282764626765,0.080284858120374,0.06067808211042509,0.05267700069028476,0.04399343738323398,0.08139282764626765,0.080284858120374,0.06067808211042509,0.05267700069028476,0.043163284343465856,0.07230013887033535,0.0725690532943796,0.07263022552381587,0.05274232190873023,0.06066360387527499,0.06086575225119306,0.06935822243185644,0.06935822243185644
2021-05-12,-0.1566607980719674,-0.10198127448165514,-0.1431971402001738,-0.16200616520915412,-0.12907583402621248,-0.12219830246666316,-0.10198127448165514,-0.1431971402001738,-0.16200616520915412,-0.12907583402621248,-0.12219830246666316,-0.04617860963879239,-0.12077339581320751,-0.15090017148113752,-0.11468904370016965,-0.07566559682130464,-0.02610013857310869,-0.10464143116870064,-0.08158047814069123,-0.08158047814069123
2021-05-13,0.07371428529526522,-0.0062098960881531015,0.07300432319633442,0.08337747408627183,0.05145402922534277,0.03749827594066781,-0.0062098960881531015,0.07300432319633442,0.08337747408627183,0.05145402922534277,0.03749827594066781,0.013159730868586437,0.06735416419461052,0.04827487173827075,0.07049005009109564,0.0134654907402745,0.011561877330333892,0.0617076951568772,0.049533554435691345,0.049533554435691345
2021-05-14,0.06471202712029184,0.05726799462778972,0.05378735438507343,0.03978600319297068,0.04607620967355122,0.04227638880427208,0.05726799462778972,0.05378735438507343,0.03978600319297068,0.04607620967355122,0.04227638880427208,0.07499539832883756,0.05156374139086471,0.053539905842758743,0.06151004066854242,0.09223836977706514,0.12598081712358555,0.05788684213557434,0.108534220469802,0.108534220469802
2021-05-15,0.019742393902876798,-0.07921798401458428,-0.035486088010231176,-0.03374783270677658,-0.04131800912304059,-0.03276680280579919,-0.07921798401458428,-0.035486088010231176,-0.03374783270677658,-0.04131800912304059,-0.03276680280579919,-0.07870540662362142,-0.029404681505030936,-0.0680778937560382,-0.05302995420099693,-0.08136686899168526,-0.10338570434569655,-0.05575839237642151,-0.06015263316002838,-0.04062760229756566
2021-05-16,0.027146579361818433,0.009613574119693501,0.02203388634964376,0.023774174914541025,0.024712072658533278,0.02203388634964376,0.009613574119693501,0.02203388634964376,0.023774174914541025,0.024712072658533278,0.02203388634964376,0.008567470555163026,0.023067422314499254,0.020609163044763366,0.014274083354705182,0.007490883026331562,0.023165080325204125,0.013063114162072021,0.011265792848871147,0.02505663987236806
2021-05-17,-0.06972718857485986,-0.07281505097011842,-0.07162379151168308,-0.07151639957225464,-0.07151639957225464,-0.07162379151168308,-0.07281505097011842,-0.07162379151168308,-0.07151639957225464,-0.07151639957225464,-0.07162379151168308,-0.07857900456871658,-0.06187304703760975,-0.07235232409037834,-0.06360973430226469,-0.08158262804867364,-0.03136225523765195,-0.08431181958011376,-0.08111071573625538,-0.06981116941347057
2021-05-18,0.05779977312025919,0.017891727251107218,0.050306898824249636,0.04832801464525256,0.04832801464525256,0.050306898824249636,0.017891727251107218,0.050306898824249636,0.04832801464525256,0.04832801464525256,0.050306898824249636,0.035300052338261126,0.046876557143811025,0.06598205005662222,0.057647659391172244,0.04443130369471916,0.10001107660120839,0.011149491679663837,0.003814266777978959,0.07199538849465538
2021-05-19,-0.3532668702583657,-0.292386145761063,-0.2805610834467265,-0.2975741018180973,-0.2975741018180973,-0.2805610834467265,-0.292386145761063,-0.2805610834467265,-0.2975741018180973,-0.2975741018180973,-0.2805610834467265,-0.29449056238534344,-0.30477196033183207,-0.3657357477852158,-0.32465954606647257,-0.32033978653667194,-0.353834349008637,-0.32922083212685455,-0.2840825664262383,-0.33460669034632984
2021-05-20,0.1706921981527496,0.13504558469381203,0.17477558206827032,0.18319999738782122,0.18319999738782122,0.17477558206827032,0.13504558469381203,0.17477558206827032,0.18319999738782122,0.18319999738782122,0.17477558206827032,0.13192830349514373,0.20727304534598145,0.2807446708839346,0.25335262134833375,0.13371608870558355,0.14300882198591822,0.20988984919872414,0.17064421133361077,0.201578658694635
2021-05-21,-0.1242913352642623,-0.13612183102414188,-0.12840690263928942,-0.13585154935365937,-0.13585154935365937,-0.12840690263928942,-0.13612183102414188,-0.12840690263928942,-0.13585154935365937,-0.13585154935365937,-0.12840690263928942,-0.1405032642973929,-0.13853292483090354,-0.17769818081848765,-0.1592328845512617,-0.1580910629427019,-0.16628950740100948,-0.1536128439507826,-0.13113156956780547,-0.14094256949877612
2021-05-22,-0.09836205870358182,-0.05172095456941565,-0.06600121974047896,-0.07913944673045194,-0.08209498844287937,-0.06937575398683747,-0.05172095456941565,-0.06600121974047896,-0.07913944673045194,-0.08209498844287937,-0.06937575398683747,-0.06024497869697396,-0.055719074248259,-0.1007405079323329,-0.08466172859582752,-0.07022648505184333,-0.08163339763720823,-0.08701967580905008,-0.07980480100721031,-0.09684357966894179
2021-05-23,-0.14816182847533277,-0.1022420492290062,-0.11022934010493866,-0.12467170788302198,-0.12210638258404262,-0.10221274815237061,-0.1022420492290062,-0.11022934010493866,-0.12467170788302198,-0.12210638258404262,-0.10221274815237061,-0.09205228540249961,-0.10922327198583223,-0.1189313381802948,-0.1062303445574396,-0.11307806713491939,-0.13888216591840916,-0.14073764294497645,-0.14449354685749582,-0.14093684776276627
2021-05-24,0.2839487058756469,0.2508556324730773,0.2305066725851983,0.21670947047213412,0.22444624583251416,0.23109666264228945,0.2508556324730773,0.2305066725851983,0.21670947047213412,0.22444624583251416,0.23109666264228945,0.20685415944576444,0.23672778483955412,0.22444624583251416,0.23109666264228945,0.262628660964587,0.2998909564991642,0.29855511196826917,0.2847755074123177,0.29855511196826917
2021-05-25,0.030672928062121588,0.0009411461998683588,0.004896212087177653,-0.013202668571354395,-0.0027574948577988824,-0.016417682214083754,0.0009411461998683588,0.004896212087177653,-0.013202668571354395,-0.0027574948577988824,-0.016417682214083754,-0.006184014318509902,-0.007895543445523436,-0.0027574948577988824,-0.016417682214083754,-0.004524324910364364,-0.011248780191529265,-0.016676768638100505,-0.031840092629717764,-0.016676768638100505
2021-05-26,0.13473372275853085,0.0882744164093439,0.062160652781940634,0.11574180988564918,0.10729590418114078,0.10866631108372089,0.0882744164093439,0.062160652781940634,0.11574180988564918,0.10729590418114078,0.10866631108372089,0.06560523597121665,0.08735209674585272,0.10729590418114078,0.10866631108372089,0.11933972585312112,0.11064039303465707,0.11402442961387133,0.10469439912631874,0.11402442961387133
2021-05-27,-0.07618878539075719,-0.043784306362250905,-0.027119526104230185,-0.05155812947232907,-0.047650885026559925,-0.06505327559709709,-0.043784306362250905,-0.027119526104230185,-0.05155812947232907,-0.047650885026559925,-0.06505327559709709,-0.04889457180432884,-0.05265059130720391,-0.047650885026559925,-0.06505327559709709,-0.050389233028160084,-0.07057081104542806,-0.05414180749512199,-0.05491041729383662,-0.05414180749512199
2021-05-28,-0.09424597862236252,-0.08594051739298358,-0.09551292420291861,-0.0941400611816051,-0.08542508341104221,-0.08812944439717502,-0.08594051739298358,-0.09551292420291861,-0.0941400611816051,-0.08542508341104221,-0.08812944439717502,-0.08284339239793881,-0.1034826237458775,-0.08542508341104221,-0.08812944439717502,-0.07884386508565966,-0.10263921136283341,-0.11400527401698739,-0.1035792580648186,-0.11400527401698739
2021-05-29,-0.061020838784381026,-0.05305246234008816,-0.05975046801882865,-0.04977674808942793,-0.0550944222447544,-0.054999214848190904,-0.05305246234008816,-0.05975046801882865,-0.04977674808942793,-0.0550944222447544,-0.054999214848190904,-0.06089416743196449,-0.05213709057509783,-0.058604155066520364,-0.054999214848190904,-0.06241698644181264,-0.06509595185367847,-0.045663386541800466,-0.041421134355214,-0.042681568551193774
2021-05-30,0.045565550573511415,0.04330123416191816,0.045242465235000764,0.06649629562621887,0.053121414532154784,0.05274303162617549,0.04330123416191816,0.045242465235000764,0.06649629562621887,0.053121414532154784,0.05274303162617549,0.07120287726659247,0.05274303162617549,0.05742887092982714,0.05274303162617549,0.05742887092982714,0.07949942210150303,0.0489452085428602,0.06088103497453168,0.04757894945405994
2021-05-31,0.08905692152826267,0.08706526103766411,0.07478933039414208,0.07351587735345572,0.07679977174192158,0.08929432213660624,0.08706526103766411,0.07478933039414208,0.07351587735345572,0.07679977174192158,0.08929432213660624,0.10336500385418691,0.08929432213660624,0.08835912650065693,0.08929432213660624,0.08835912650065693,0.1219856802892123,0.08662983855229246,0.07874579912030537,0.0944881235537737
2021-06-01,-0.0021209026763391106,0.02697102460060225,0.026107681362658865,0.021634129427470672,0.02141859226106644,0.024043315429149014,0.02697102460060225,0.026107681362658865,0.021634129427470672,0.02141859226106644,0.024043315429149014,-0.009070669191977632,0.024043315429149014,0.004768846871006316,0.024043315429149014,0.004768846871006316,0.009806568206914279,-0.0008870725122241954,-0.0017960759774783295,0.0012292394990391685
2021-06-02,0.0514741873793343,0.04107481628671859,0.0589685616010681,0.07426136363188199,0.07129170203564628,0.06260493476934657,0.04107481628671859,0.0589685616010681,0.07426136363188199,0.07129170203564628,0.06260493476934657,0.036419565113785794,0.06260493476934657,0.033864424156098236,0.06260493476934657,0.033864424156098236,0.046116508931359816,0.05638142042286751,0.05524417945491012,0.06507991645330158
2021-06-03,0.05082351493841278,0.023005862315247018,0.028338852555438936,0.04689493452292069,0.04414182802786511,0.033320094736280885,0.023005862315247018,0.028338852555438936,0.04689493452292069,0.04414182802786511,0.033320094736280885,0.048077715863053656,0.033320094736280885,0.047100190182294235,0.033320094736280885,0.047100190182294235,0.026187820494792426,0.08101072402556579,0.08949120638280883,0.09365983562780426
2021-06-04,-0.08598171325359291,-0.07226349619274501,-0.07237095149578288,-0.09294171204394146,-0.09402159829192754,-0.07071146825200576,-0.07226349619274501,-0.07237095149578288,-0.09294171204394146,-0.09402159829192754,-0.07071146825200576,-0.07316473509935675,-0.06983646825200576,-0.07679676588089346,-0.06983646825200576,-0.07679676588089346,-0.07857202981320817,-0.07878349276031722,-0.08130394214985505,-0.08403997787964268
2021-06-05,-0.03129128144390712,-0.027601651294286364,-0.02712488986968993,-0.020906513761516723,-0.024750194923793538,-0.02250531663794669,-0.027601651294286364,-0.02712488986968993,-0.020906513761516723,-0.024750194923793538,-0.02250531663794669,-0.020255530954453992,-0.02315550840562868,-0.014595097248494527,-0.02315550840562868,-0.015751528689257777,-0.024696587963465903,-0.019186592195222462,-0.025547876486469223,-0.01999752313064902
2021-06-06,0.02111081814695721,0.018598360773778702,0.019155800627330154,0.011171359114701818,0.01258269996648634,0.006654531928922869,0.018598360773778702,0.019155800627330154,0.011171359114701818,0.01258269996648634,0.006654531928922869,0.013403168506938703,0.01558646835526454,0.010519198954155295,0.01558646835526454,0.010163350685996275,0.008443675066141033,0.007097684235326463,0.016398220799932983,0.001803377516417837
2021-06-07,-0.09928963859608295,-0.07163765117446388,-0.08715109512366304,-0.07344461136444577,-0.07335809984220001,-0.05967053806381406,-0.07163765117446388,-0.08715109512366304,-0.07344461136444577,-0.07335809984220001,-0.05967053806381406,-0.052085063210354554,-0.07176797237973268,-0.06013629675074872,-0.07176797237973268,-0.055406585791468135,-0.06621994560257667,-0.05515944468897498,-0.08535281295292992,-0.07507238379557286
2021-06-08,-0.011141660613375204,-0.006101495287405135,-0.015464275421015316,-0.00395949886834499,-0.009457925456980432,-0.0061509451727723265,-0.006101495287405135,-0.015464275421015316,-0.00395949886834499,-0.009457925456980432,-0.0061509451727723265,0.0008583809502144876,-0.013158793264758172,-0.004523109548070801,-0.013158793264758172,-0.004200607431648117,-0.00614256073820667,-0.019269576585740064,-0.008439160775457543,-0.021167217107683697
2021-06-09,0.05736656771060114,0.06518627316912248,0.08181734823512384,0.08247903349669694,0.07738934487726912,0.07442432011391903,0.06518627316912248,0.08181734823512384,0.08247903349669694,0.07738934487726912,0.07442432011391903,0.05658259797229475,0.0710069454591892,0.0647269435215943,0.0710069454591892,0.06153563433817465,0.05642649818085968,0.04892911306726511,0.06601221324052081,0.058132201320790514
2021-06-10,-0.022567759926746072,-0.05000230210078403,-0.04372947884601657,-0.040512918905322076,-0.05254562649282275,-0.05567983200007283,-0.05000230210078403,-0.04372947884601657,-0.040512918905322076,-0.05254562649282275,-0.05567983200007283,-0.047472017480452315,-0.05292441151912411,-0.0552752577147287,-0.05292441151912411,-0.05263612681057533,-0.06330793916106336,-0.06190667111029112,-0.042157812284621995,-0.06274707707350212
2021-06-11,-0.014590894747295554,-0.03183032738661209,-0.02075105778200148,-0.04229702618080944,-0.03248331831262192,-0.04711560120343114,-0.03183032738661209,-0.02075105778200148,-0.04229702618080944,-0.03248331831262192,-0.04711560120343114,-0.046770821127047627,-0.02733163340477038,-0.0415843465606025,-0.027331633404770378,-0.04184832218128409,-0.04931703501076838,-0.05231179936370824,-0.055915759877399274,-0.047751627872437495
2021-06-12,-0.020481248766958678,-0.011681798780884215,-0.013461771117813805,-0.01736659321578315,-0.023616378654358408,-0.015205847041505082,-0.011681798780884215,-0.013461771117813805,-0.01736659321578315,-0.023616378654358408,-0.015205847041505082,-0.006838840021687244,-0.006872190866006905,-0.011513080561409946,-0.01043161371197266,-0.013608274400040156,-0.012087249619652816,-0.01551265985008716,-0.017292035097259933,-0.013162723847254842
2021-06-13,0.07069104197025952,0.06769378152605086,0.06552609149565777,0.06552609149565777,0.06661548582975092,0.06533026055453121,0.06769378152605086,0.06552609149565777,0.06552609149565777,0.06661548582975092,0.06533026055453121,0.06486727249620672,0.0647425763515348,0.06552609149565777,0.06423751846267667,0.06554611282294204,0.0882520842924733,0.0772541299850566,0.07411972822959151,0.0734966346960135
2021-06-14,0.014084834253008261,0.026054682422061905,0.02364778499737232,0.02364778499737232,0.028282576825644015,0.015748522387021912,0.026054682422061905,0.02364778499737232,0.02364778499737232,0.028282576825644015,0.015748522387021912,0.01976674792727673,0.016079800577675663,0.02364778499737232,0.020968232606353655,0.027740881386620987,0.02054407258777724,0.012280680266696466,0.023098414210298707,0.023098414210298707
2021-06-15,-0.0119918467249156,-0.01813625128845897,-0.013428573983806636,-0.013428573983806636,-0.012266478735605116,-0.012856359369552695,-0.01813625128845897,-0.013428573983806636,-0.013428573983806636,-0.012266478735605116,-0.012856359369552695,-0.010284549514629406,-0.013060010909065523,-0.013428573983806636,-0.015444712633170977,-0.0128022012693229,-0.02068688953188169,0.03563363305399399,0.0026097508993180307,0.0026097508993180307
2021-06-16,-0.03041560274184125,-0.05316506447420482,-0.04390836577407978,-0.04390836577407978,-0.043012522316780585,-0.04416549203398188,-0.05316506447420482,-0.04390836577407978,-0.04390836577407978,-0.043012522316780585,-0.04416549203398188,-0.05005821680389333,-0.050553973130967475,-0.04390836577407978,-0.046539830097480306,-0.05084061569420373,-0.0426254213422947,-0.02650156121607077,-0.03402744279187042,-0.03402744279187042
2021-06-17,0.024961741306108867,0.001031320768973898,0.016394540786189783,0.016394540786189783,0.01681238091227908,0.018308946600078403,0.001031320768973898,0.016394540786189783,0.016394540786189783,0.01681238091227908,0.018308946600078403,0.016384396542204763,0.016626633610143937,0.016394540786189783,0.016783731141706195,0.01733342937300482,0.015801147855426703,-0.011422541646624597,0.03501681734873885,0.03501681734873885
2021-06-18,-0.06546496726445672,-0.05823267100712551,-0.061481267264198766,-0.061481267264198766,-0.06030888628778233,-0.05297374687482293,-0.05823267100712551,-0.061481267264198766,-0.061481267264198766,-0.06030888628778233,-0.05297374687482293,-0.053084666505066366,-0.05790272181227199,-0.061481267264198766,-0.059904080670443685,-0.05799703586466767,-0.06528380986256437,-0.07118420714572697,-0.0659742166985028,-0.0659742166985028
2021-06-19,-0.03866791835286916,-0.023268374474156354,-0.019327563165206126,-0.02273332240899414,-0.01919721404282715,-0.018413382991854157,-0.023268374474156354,-0.019327563165206126,-0.02273332240899414,-0.01919721404282715,-0.018413382991854157,-0.018413382991854157,-0.023622326006023764,-0.017012747316393597,-0.021287723761348826,-0.018413382991854157,-0.028489319810540356,-0.028265056442338128,-0.03663680609954781,-0.03223716324243044
2021-06-20,-0.001965614045675768,0.022682295376742115,0.008072633742777714,0.007333793306824577,0.008072633742777714,0.015371872837719815,0.022682295376742115,0.008072633742777714,0.007333793306824577,0.008072633742777714,0.015371872837719815,0.015371872837719815,0.013438406486570643,-0.00016439972112556353,0.007621300995484682,0.015371872837719815,0.014483813261466461,0.017931602926826874,0.020469061368855002,0.013628444469312419
2021-06-21,-0.26490498964637466,-0.20189740145616528,-0.17567987821177558,-0.18845811043715993,-0.17567987821177558,-0.17188465177749668,-0.20189740145616528,-0.17567987821177558,-0.18845811043715993,-0.17567987821177558,-0.17188465177749668,-0.17188465177749668,-0.17975662642672263,-0.21340896438775106,-0.184077740396137,-0.17188465177749668,-0.20939737891342203,-0.19717664538639673,-0.21243396737648662,-0.22524938997444072
2021-06-22,-0.03590162684762643,-0.00185550724151704,-0.019495095720287403,-0.02792286875170953,-0.019495095720287403,-0.013573428765076634,-0.00185550724151704,-0.019495095720287403,-0.02792286875170953,-0.019495095720287403,-0.013573428765076634,-0.013573428765076634,-0.030372407460951156,-0.001530876305953277,-0.03469392990433651,-0.013573428765076634,-0.01901671434057113,-0.007901796512347906,-0.04367251016744108,-0.01864804973133485
2021-06-23,0.16749004570281245,0.0965951226882186,0.09292999888201023,0.08841953141245043,0.09292999888201023,0.08624355884263833,0.0965951226882186,0.09292999888201023,0.08841953141245043,0.09292999888201023,0.08624355884263833,0.08624355884263833,0.10337141905136851,0.11948584496247895,0.10685429863804347,0.08624355884263833,0.08019663006596675,0.08821012816750975,0.09261296838033087,0.11644973401088735
2021-06-24,0.05877634832156074,0.055939566377868524,0.05933810379698294,0.053736833526237815,0.05933810379698294,0.061912021570172504,0.055939566377868524,0.05933810379698294,0.053736833526237815,0.05933810379698294,0.061912021570172504,0.061912021570172504,0.0553607422568751,0.07306957859166911,0.059182337199955755,0.061912021570172504,0.042179238898898186,0.03137201237253491,0.03863849779048568,0.0171046613172686
2021-06-25,-0.09452589830213734,-0.0910789840772553,-0.08303233612346435,-0.08964290354920666,-0.08303233612346435,-0.08602658534480857,-0.0910789840772553,-0.08303233612346435,-0.08964290354920666,-0.08303233612346435,-0.08602658534480857,-0.08515158534480857,-0.0885270231590077,-0.08739663901821397,-0.08586208401341956,-0.08602658534480857,-0.10607313191773313,-0.10148482534365078,-0.1116132264113853,-0.10395271210595665
2021-06-26,0.024535053303875953,0.008905499841330503,0.012699168049881004,0.01061413133002464,0.015362250177014293,0.00629301716689531,0.008905499841330503,0.012699168049881004,0.01061413133002464,0.015362250177014293,0.00629301716689531,0.01574009822867062,0.012136642350064732,0.016033002997992638,0.010544852403346398,0.00629301716689531,0.012717704718119617,0.02483837343194079,0.02322349744930914,0.02855291845840949
2021-06-27,0.0657749566905502,0.06280507182466004,0.0662709756760568,0.05580516343638661,0.06521796391430272,0.06538885596789878,0.06280507182466004,0.0662709756760568,0.05580516343638661,0.06521796391430272,0.06538885596789878,0.059837334430464836,0.06774448930441132,0.06703996634297318,0.06409211116658674,0.06538885596789878,0.048674464998517575,0.056875336262594715,0.06064522499863521,0.056875336262594715
2021-06-28,0.015309976902560262,0.015648256017258763,0.013057258005961936,0.01504299538206182,0.01824352675172831,0.01532167155850701,0.015648256017258763,0.013057258005961936,0.01504299538206182,0.01824352675172831,0.01532167155850701,0.019025489171788985,0.006946722070902921,0.011665027466568945,0.01168886160639473,0.01532167155850701,0.008650439277932409,0.047251514219228775,0.049785646096152596,0.047251514219228775
2021-06-29,0.10002407821602605,0.043859201521052736,0.05284325325690356,0.06463195024781485,0.06078795248730771,0.038094892643771375,0.043859201521052736,0.05284325325690356,0.06463195024781485,0.06078795248730771,0.038094892643771375,0.03989915251959708,0.0711599753652628,0.07879292911545752,0.06760617209004996,0.038094892643771375,0.0501181487401523,0.07657991583116704,0.07013059768407244,0.07657991583116704
2021-06-30,0.014528598457084076,0.008878411637688478,0.007643713785842299,0.008784121600874628,-0.004752142825464989,0.001483544472891096,0.008878411637688478,0.007643713785842299,0.008784121600874628,-0.004752142825464989,0.001483544472891096,0.009252474324230087,-0.0058170079997937,-0.0030194946783016485,0.00240614302742419,0.001483544472891096,-0.0017141617733585045,0.034864579769813234,0.016809212876454052,0.034864579769813234
2021-07-01,-0.06435938900426628,-0.05391553347048694,-0.057683104818032835,-0.058909190142127546,-0.05565323458632131,-0.0594273264872762,-0.05391553347048694,-0.057683104818032835,-0.058909190142127546,-0.05565323458632131,-0.0594273264872762,-0.05369295804678984,-0.05724569117428531,-0.05942657620596602,-0.07050548477917078,-0.0594273264872762,-0.05496929587726926,-0.07182281004357782,-0.06387013072999088,-0.07182281004357782
2021-07-02,0.010359025631214314,-0.00013840261975312635,0.011551653514653018,0.021432901185250208,0.015742285656118085,0.011884703095062692,-0.00013840261975312635,0.011551653514653018,0.021432901185250208,0.015742285656118085,0.011884703095062692,0.020459567665757718,0.014692333237606907,0.021238718038429586,0.00704561623018179,0.011884703095062692,0.005636183639247453,-0.005404532111896128,-0.0008244199024267833,-0.005404532111896128
2021-07-03,0.022474018221657843,0.01964889383778701,0.018338282251015726,0.017214324607721966,0.020230319354202744,0.019740444886529665,0.01964889383778701,0.018338282251015726,0.017214324607721966,0.020230319354202744,0.019740444886529665,0.021823129652083485,0.017436704492169747,0.013277821773310406,0.01614098543175964,0.021184414372171084,0.018860655506608794,0.03134694347139037,0.03229054212389382,0.027463656578737998
2021-07-04,0.011875963125957758,0.028679286189043827,0.024418841266572056,0.03042996641574267,0.02492178945460739,0.026451076068210178,0.028679286189043827,0.024418841266572056,0.03042996641574267,0.02492178945460739,0.026451076068210178,0.02822534679065059,0.02390022328907751,0.01831406386515554,0.02402139114578517,0.03148408182247917,0.010778140573867435,0.0282373513216998,0.015614634208077044,0.01726288756102563
2021-07-05,-0.0503096962975512,-0.0463343464522324,-0.04871379095051769,-0.0374429861681683,-0.04300253387552761,-0.039111935754309136,-0.0463343464522324,-0.04871379095051769,-0.0374429861681683,-0.04300253387552761,-0.039111935754309136,-0.0399855504492973,-0.050898594587082034,-0.04046492717076449,-0.04871379095051769,-0.040927155080106914,-0.04405115884122146,-0.033948923313854976,-0.027616593848768266,-0.03463847385768557
2021-07-06,0.0196858954711844,0.019407988918294136,0.021080405933437164,0.04303503974113108,0.021021658691092564,0.01979159919572413,0.019407988918294136,0.021080405933437164,0.04303503974113108,0.021021658691092564,0.01979159919572413,0.02957680882143601,0.04432157231609311,0.014718002690884191,0.021080405933437164,0.028115959142750002,0.013241510340595798,0.06714540241756461,0.03322286645026122,0.0611961394716829
2021-07-07,-0.006669248636551427,-0.008236592517886221,-0.0056537769358465,-0.009524350934151092,-0.00990791104576072,-0.0029809996638062056,-0.008236592517886221,-0.0056537769358465,-0.009524350934151092,-0.00990791104576072,-0.0029809996638062056,-0.0013889703185364425,0.007665461447855292,-0.002034253507957341,-0.0056537769358465,-0.0013999561352889154,-0.014412306880139149,0.02496543990656801,0.022191539621137978,0.03450994576061672
2021-07-08,-0.06744792711309364,-0.0519045769606787,-0.05791740008991278,-0.06727276834067838,-0.05021025631786942,-0.04522425883207098,-0.0519045769606787,-0.05791740008991278,-0.06727276834067838,-0.05021025631786942,-0.04522425883207098,-0.0548559664224442,-0.07269424980913451,-0.06572419514343661,-0.05791740008991278,-0.05668584859855555,-0.048727248341693646,-0.07943575320666774,-0.06208990411201867,-0.06755547001703335
2021-07-09,0.02331017794039754,0.019522253310379288,0.028106857669660347,0.02870915549014719,0.027835815630586704,0.020106631486980376,0.019522253310379288,0.028106857669660347,0.02870915549014719,0.027835815630586704,0.020106631486980376,0.020326461171689347,0.02314082457470177,0.01954548231325604,0.028106857669660347,0.01828498419001079,0.018787133897798985,0.012477374093599527,0.054947736881922254,0.05265499143505872
2021-07-10,-0.024454870118232885,-0.01077735588468325,-0.015643627923359427,-0.013411749375937553,-0.011648592855649667,-0.01051236766312742,-0.01077735588468325,-0.015643627923359427,-0.013411749375937553,-0.011648592855649667,-0.01051236766312742,-0.01051236766312742,-0.019288335607410764,-0.015486852102819781,-0.01725108113013029,-0.009538319326947353,-0.004966393235797758,-0.024442905198235172,-0.017478597184720366,-0.017519576294403635
2021-07-11,0.012230762884808177,0.01106591037542617,0.016083254551233585,0.015537637473715726,0.013914645289711026,0.014454375921697207,0.01106591037542617,0.016083254551233585,0.015537637473715726,0.013914645289711026,0.014454375921697207,0.014454375921697207,0.011503303860565226,0.01293621754123076,0.01453214940115075,0.010373481493901293,0.020435804182957453,0.029051727130301234,0.01693409907852668,0.021484174598693118
2021-07-12,-0.03999232118724767,-0.029503120514034586,-0.0374779987741747,-0.03671115962927411,-0.02875728553098629,-0.031912327535540234,-0.029503120514034586,-0.0374779987741747,-0.03671115962927411,-0.02875728553098629,-0.031912327535540234,-0.031912327535540234,-0.02708518391832957,-0.025759233723000752,-0.034819996986314966,-0.026408708750762046,-0.04822184871804043,-0.04322672568842514,-0.03567741019765465,-0.03703161500813928
2021-07-13,-0.04335994793886318,-0.02355160929715716,-0.03277014291312952,-0.035238829375612714,-0.024636473344957225,-0.025185206208363536,-0.02355160929715716,-0.03277014291312952,-0.035238829375612714,-0.024636473344957225,-0.025185206208363536,-0.025185206208363536,-0.027275787811932673,-0.028501657095313493,-0.027200474745583937,-0.02593706296614682,-0.0660799503562805,-0.05174415720032413,-0.037932577172954424,-0.037139553726733325
2021-07-14,0.018603886763813193,0.007113969858336478,0.005173115245140259,0.007127895141506958,0.0024935380959349327,0.007974756832160668,0.007113969858336478,0.005173115245140259,0.007127895141506958,0.0024935380959349327,0.007974756832160668,0.007974756832160668,0.0026305348731046063,0.005797032625939203,0.001680777120287802,0.006860276613589878,-0.00493573425724374,-0.004439511340881208,0.007434809125459486,-0.00660055133906765
2021-07-15,-0.054309559273486005,-0.03401911712562358,-0.03933998073259162,-0.02728428563935723,-0.023613283071538364,-0.02173173943884097,-0.03401911712562358,-0.03933998073259162,-0.02728428563935723,-0.023613283071538364,-0.02173173943884097,-0.02173173943884097,-0.029367444955040553,-0.028589967609633705,-0.042099858031092195,-0.02395335695752128,-0.033766619205893945,-0.06287958484332873,-0.05442326262776836,-0.03416927641185676
2021-07-16,-0.054417497226483647,-0.03354796290154427,-0.03919367745740869,-0.04457501504228483,-0.03792513151820928,-0.0345144266366461,-0.03354796290154427,-0.03919367745740869,-0.04457501504228483,-0.03792513151820928,-0.0345144266366461,-0.0345144266366461,-0.038346736927093075,-0.03553872370121265,-0.041306999445997944,-0.03968098252386101,-0.04337564551984407,-0.04378824853591858,-0.045354872906599494,-0.035721317464527294
2021-07-17,0.008246447301471126,0.007329766269328998,-0.0039238606945994755,-0.010934071415056396,-0.0002535984753818175,0.010924237251929345,0.007329766269328998,-0.0039238606945994755,-0.010934071415056396,-0.0002535984753818175,0.010924237251929345,-0.0027662737790439098,-0.0007747914309490034,-0.011173198213354012,-0.006390484497688765,0.001943547818085667,-0.0003187284271858013,-0.010622170579898551,-0.01708886942101512,-0.0004604113157693616
2021-07-18,0.002227757969442523,-0.0003972869714894188,0.00473789167411458,-0.003227005105869596,0.010615284922607696,0.008275474026332618,-0.0003972869714894188,0.00473789167411458,-0.003227005105869596,0.010615284922607696,0.008275474026332618,0.0027585891064952238,0.013222787272823482,-0.003227005105869596,-0.0011850490172829135,0.0025850295443035965,0.004979466799780409,0.001827708943130447,-0.006484107578255195,0.02263258958917902
2021-07-19,-0.047272998589042464,-0.04731059782160843,-0.06205350915261923,-0.049924766911879796,-0.05078072928808746,-0.05718716070089044,-0.04731059782160843,-0.06205350915261923,-0.049924766911879796,-0.05078072928808746,-0.05718716070089044,-0.04924538166668545,-0.06015846457552616,-0.049924766911879796,-0.05961431409551403,-0.03945104569216547,-0.0666988177057532,-0.07366015271792357,-0.07296020164163564,-0.06665254636209357
2021-07-20,-0.048168093348298927,-0.054758882230047885,-0.04284194569356035,-0.040914910584132505,-0.06145854764566913,-0.04831443039987758,-0.054758882230047885,-0.04284194569356035,-0.040914910584132505,-0.06145854764566913,-0.04831443039987758,-0.05010189002153565,-0.06169192583869698,-0.040914910584132505,-0.05437089326166111,-0.04312605721885126,-0.05675660561160601,-0.05822530722164448,-0.04632352570104967,-0.06466911759304309
2021-07-21,0.12412766305142295,0.08593839938500883,0.13271297171523005,0.12321390743841582,0.12093120352600235,0.09146077661162672,0.08593839938500883,0.13271297171523005,0.12321390743841582,0.12093120352600235,0.09146077661162672,0.0871441896014952,0.1234034377000921,0.12321390743841582,0.1489873973241782,0.09882322010040766,0.09374610231418497,0.10669449488646007,0.13955299476799515,0.10113560579135396
2021-07-22,0.029964367929250682,0.018065291061456712,-0.023921736461864043,-0.03182339481917327,0.03460742116153472,0.013072755046429753,0.018065291061456712,-0.023921736461864043,-0.03182339481917327,0.03460742116153472,0.013072755046429753,0.018088685359917013,0.03736910276221588,-0.03182339481917327,-0.017836175514875995,0.011133659333784785,0.054088783012975886,-0.014419011337876977,0.024268281343652,0.021316777893717644
2021-07-23,0.038762966409060164,0.02941048410281366,0.048062165453674345,0.05159927605373016,0.03995582097682167,0.036675997678706794,0.02941048410281366,0.048062165453674345,0.05159927605373016,0.03995582097682167,0.036675997678706794,0.024865535339544324,0.03094515972084133,0.05159927605373016,0.05133886612933168,0.03828207564019592,0.03022701465040141,0.044756472962458035,0.035658583926932004,0.03138127604128485
2021-07-24,0.024646413237137413,0.012561426627350936,0.012898490162435907,0.006954703751172348,0.01521726202937378,0.014688960254288994,0.012561426627350936,0.012898490162435907,0.006954703751172348,0.01521726202937378,0.014688960254288994,0.009193800087140496,0.023732010160050925,0.005237421797335951,0.02155008994437281,0.012127724253204188,0.02529300815355167,0.009331097427311941,0.006707437237359614,0.006329095920508994
2021-07-25,-0.006500701467795267,0.011610519796189323,0.010365811408976678,0.004502842253202235,0.009308466219865343,0.013995534060004512,0.011610519796189323,0.010365811408976678,0.004502842253202235,0.009308466219865343,0.013995534060004512,0.003155018827048251,0.007311237324012378,0.000557433689249187,0.017971867890050904,0.006363654746099413,0.0019299102192050794,0.009578122142897685,0.0020450820739576605,0.005734810220714382
2021-07-26,0.017113161826049786,0.023939965863644067,0.03483368038441439,0.050570323590520876,0.057324828985471844,0.03396299495188142,0.023939965863644067,0.03483368038441439,0.050570323590520876,0.057324828985471844,0.03396299495188142,0.019212076372600806,0.01956336930957061,0.03285928115521775,0.026999404529261063,0.01906909348285051,-0.006754997142855457,0.027531770097537798,0.052065857803004836,0.058790563264074266
2021-07-27,0.01286206556745817,0.03679886390022218,0.0463051628157662,0.05282707583670124,0.056270591541672535,0.04838423335243589,0.03679886390022218,0.0463051628157662,0.05282707583670124,0.056270591541672535,0.04838423335243589,0.03361664310295112,0.0322186251419704,0.029573279482821672,0.04639623688928625,0.03227056935008457,0.04736462487134685,0.04628763732694359,0.04293885728548981,0.05649795385209547
2021-07-28,-0.0026287131646327566,0.04033546247618269,0.010102626981800155,0.029104375149686577,0.028926035798429735,0.008292134841390042,0.04033546247618269,0.010102626981800155,0.029104375149686577,0.028926035798429735,0.008292134841390042,0.035855424860025666,0.014123376924839138,0.045316092851581224,0.010485124431086023,0.017127897192128882,0.03215325305382912,0.000131318200109565,0.03800336762127013,0.02941953380267974
2021-07-29,0.04081618452563716,0.011679859475398869,0.0159623601617487,0.057977216664690356,0.039397816264579055,0.017115734260333127,0.011679859475398869,0.0159623601617487,0.057977216664690356,0.039397816264579055,0.017115734260333127,0.015255220930989011,0.012423723374414199,0.052068537234724044,0.006874675662919549,0.012313300917083115,0.01839402186148882,0.016104591675304602,0.056267968600610806,0.05215518481001387
2021-07-30,0.02856466633414037,0.0246097690266071,0.05532616184706754,0.09333130422220062,0.08220439037607027,0.06676526467654276,0.0246097690266071,0.05532616184706754,0.09333130422220062,0.08220439037607027,0.06676526467654276,0.025080492006507332,0.03329281007106577,0.05069121987223009,0.0308378736504291,0.030829172247834595,0.01521630721906731,0.06628705733728116,0.1186150787851977,0.12276057289391663
2021-07-31,0.03326504819641156,0.006778321007395861,0.008213875050832351,0.025196650051424546,0.008974679854253199,0.01036878271471988,0.006778321007395861,0.008213875050832351,0.025196650051424546,0.008974679854253199,0.01036878271471988,0.0020101521971327024,0.011558654350945611,0.01694863136796724,0.009553648548044897,0.01767409032024301,0.017473673071436425,0.01412130440642693,0.0270647245582275,0.024744447204922096
2021-08-01,-0.028538676697606836,-0.02213134848249898,0.011366199687013799,-0.02705224132064497,-0.01879183510897391,-0.017807845143191448,-0.02213134848249898,0.011366199687013799,-0.02705224132064497,-0.01879183510897391,-0.017807845143191448,-0.02151606783010254,-0.017300527228015138,0.0038411947253459023,0.011478303761294729,-0.015743242401379032,-0.017141260465897076,0.004096430866158995,0.001401210610857572,0.0011753768238327907
2021-08-02,-0.002878332060145739,0.0007921804324876542,0.009092946268277103,0.04471043013482874,0.009568498431778828,0.00027673997896697803,0.0007921804324876542,0.009092946268277103,0.04471043013482874,0.009568498431778828,0.00027673997896697803,0.005090484199586042,0.015874771356866657,0.02681604927642694,0.018064003731776992,0.016560529647495038,0.010341130882372651,0.02310184125776152,0.02734991429108522,0.02310184125776152
2021-08-03,-0.0058758707589481995,-0.015046789399316718,0.016455018237029793,-0.03366787563761229,-0.024966832827888256,-0.020700049522038945,-0.015046789399316718,0.016455018237029793,-0.03366787563761229,-0.024966832827888256,-0.020700049522038945,-0.021630097817231596,-0.019231893690141513,0.024861377601449422,0.027072256004499473,-0.011889033240320868,0.021396188350069865,0.024767761442385502,0.0280401924628894,0.024767761442385502
2021-08-04,0.04371756777670002,0.035815432103783754,0.03361033116714954,0.06968009172659012,0.039666313997789665,0.04257983798120799,0.035815432103783754,0.03361033116714954,0.06968009172659012,0.039666313997789665,0.04257983798120799,0.03615013872451272,0.039119156200336125,0.041388990489128745,0.03083038332608519,0.036740183051361446,0.02702935996732423,0.028694728422486732,0.027807520047223602,0.028694728422486732
2021-08-05,0.034991025167348866,0.016909903910349924,0.016116611887875457,0.021398309247607772,0.016557908591211756,0.016218603009820233,0.016909903910349924,0.016116611887875457,0.021398309247607772,0.016557908591211756,0.016218603009820233,0.0176173925874807,0.014455092655498426,0.02817812800594355,0.01452720345818357,0.009358214202283955,0.007451561641481685,0.01311640493007229,0.012832180233343605,0.01311640493007229
2021-08-06,0.01247955700704247,0.025458147565820637,0.01848657293698107,0.013187575015709113,0.023190637502584877,0.024808792818086352,0.025458147565820637,0.01848657293698107,0.013187575015709113,0.023190637502584877,0.024808792818086352,0.026705706719341894,0.01850899153032817,0.005223258343017272,0.013085647348755709,0.01375673710333825,0.018701902546227306,0.014446610027774415,0.017621505412804144,0.014446610027774415
2021-08-07,0.025158068268003545,0.05546754835625479,0.04631952145567006,0.0531765481557462,0.05457929897315776,0.06545743940529543,0.05546754835625479,0.04631952145567006,0.0531765481557462,0.05457929897315776,0.06545743940529543,0.062355883467084317,0.05325500690371179,0.04898531211876739,0.04741987054180839,0.05631975703084571,0.039282987444616564,0.03454390078357932,0.04302071299264784,0.044107234242693014
2021-08-08,-0.04767102663486187,-0.039135170421977186,-0.054244004014731576,-0.04842825967841518,-0.04535650039205761,-0.03645267554577878,-0.039135170421977186,-0.054244004014731576,-0.04842825967841518,-0.04535650039205761,-0.03645267554577878,-0.03903287559128275,-0.05076137331440806,-0.05191089037873868,-0.053710361097838395,-0.044465335360040784,-0.053447229306698006,-0.06706612931018414,-0.059969663082008885,-0.06327913561336211
2021-08-09,0.04420101404936121,0.06178240534820283,0.04981930059262019,0.05431662233468724,0.04944892416010669,0.059992865568343406,0.06178240534820283,0.04981930059262019,0.05431662233468724,0.04944892416010669,0.059992865568343406,0.04388934138051668,0.05226066849882112,0.05187525442848631,0.04976509173273254,0.04899171746108988,0.045600288975802976,0.0481921237527339,0.043880246280569773,0.047912564843468314
2021-08-10,0.04249467985496618,0.006438492909269521,0.009197487782097257,0.012160700762117284,0.01925239027057455,0.030748113358363426,0.006438492909269521,0.009197487782097257,0.012160700762117284,0.01925239027057455,0.030748113358363426,0.01606457780157975,0.012128133540428432,0.00923005500378611,0.0491225777418246,0.03692044494980153,0.04264109028337939,0.046961678834636644,0.02240700553026305,0.012573936358581839
2021-08-11,0.04921605512904806,0.07650820200787477,0.02771968811701724,0.04585736022657283,0.054739835387120774,0.05839935351660444,0.07650820200787477,0.02771968811701724,0.04585736022657283,0.054739835387120774,0.05839935351660444,0.07207037471926087,0.055659732715936536,0.01791731562765353,0.04756694262671774,0.05825554396991932,0.03360899866087972,0.028684396674483414,0.03287206842192019,0.035135891872248505
2021-08-12,-0.012364416768405162,-0.02260447973876103,-0.035282380241402886,-0.03753087359253045,-0.03428014494902132,-0.02271276919226395,-0.02260447973876103,-0.035282380241402886,-0.03753087359253045,-0.03428014494902132,-0.02271276919226395,-0.021879379156905743,-0.03899572106086523,-0.03381753277306812,-0.03577976893518507,-0.027219589442414097,-0.025197880324166855,-0.035058814955576924,-0.032889582911860726,-0.03594209636842201
2021-08-13,0.09386531760571487,0.08947327643087928,0.08360924035110291,0.08603493670420574,0.08181941202430447,0.11238879620831067,0.08947327643087928,0.08360924035110291,0.08603493670420574,0.08181941202430447,0.11238879620831067,0.08391555293551874,0.09128512572447088,0.07835905133083776,0.08311688054512996,0.10222341574996728,0.07016245503315968,0.08354959941843688,0.08642931196736739,0.08725318051745616
2021-08-14,-0.01590432468091073,0.0231885968971334,0.003186993404791574,0.03221789637101041,0.04121597128359833,0.005586379902078092,0.0231885968971334,0.003186993404791574,0.03221789637101041,0.04121597128359833,0.005586379902078092,0.0007433015996866962,0.031112169887656253,0.00232893646903989,0.010760664665289067,0.005719877414871132,-0.010260048553677747,-0.010991848810513143,-0.01871070735761394,-0.008283559388886542
2021-08-15,0.0784133995390958,0.031509874867962355,0.008512924648296024,0.0016715354153897133,0.00172148826433105,0.003663442683414075,0.031509874867962355,0.008512924648296024,0.0016715354153897133,0.00172148826433105,0.003663442683414075,0.016715974899621802,0.003744713057971749,0.004891255417614716,0.003663442683414075,0.003663442683414075,0.040784995588189085,0.036424994767384956,0.07278327087268101,0.0665214135341361
2021-08-16,0.05699976575146763,-0.029038645037890574,-0.03188340434468089,-0.04948409007086421,-0.03560950267069527,-0.029991253276005495,-0.029038645037890574,-0.03188340434468089,-0.04948409007086421,-0.03560950267069527,-0.029991253276005495,-0.029929379729787042,-0.03759496676311509,-0.04192083943706103,-0.029991253276005495,-0.029991253276005495,-0.003947180240734642,-0.030255492770724996,0.08829522114300223,0.06329118394629926
2021-08-17,0.016183250389216995,-0.05118839844621626,-0.044924442533521104,-0.05838940193556763,-0.05054256311371328,-0.04431592251922465,-0.05118839844621626,-0.044924442533521104,-0.05838940193556763,-0.05054256311371328,-0.04431592251922465,-0.045967140525570965,-0.04955451877727712,-0.0349316946906465,-0.04431592251922465,-0.04431592251922465,0.014013756865864256,-0.03364187052389831,0.016270387796904064,0.014370599386663078
2021-08-18,0.06696336224338886,-0.005366256466429121,0.022566891532050763,0.022879688494459365,0.02299015208661213,0.014925215188621048,-0.005366256466429121,0.022566891532050763,0.022879688494459365,0.02299015208661213,0.014925215188621048,-0.005012246603087345,0.02442382436864732,0.021837784906942506,0.014925215188621048,0.014925215188621048,0.0406679297106282,0.011714486389519265,0.0745505288437796,0.068041887434896
2021-08-19,0.014254201421963163,0.061727877601139985,0.09755458830653416,0.07684472202776056,0.08369044674775253,0.07891395606294838,0.061727877601139985,0.09755458830653416,0.07684472202776056,0.08369044674775253,0.07891395606294838,0.05767994242885797,0.08621301966425093,0.11002409460419266,0.07891395606294838,0.07891395606294838,0.050220468163887796,0.10380986782310733,0.0705464158029524,0.04111068300311798
2021-08-20,0.04860823047516439,0.0474401625036611,0.029645427994158105,0.021023636691063198,0.031121751168736618,0.03287897843504391,0.0474401625036611,0.029645427994158105,0.021023636691063198,0.031121751168736618,0.03287897843504391,0.039810304023910774,0.03214377352123313,0.030388834606710782,0.03287897843504391,0.03287897843504391,0.04081643785752005,0.03384948058497435,0.055014724408960346,0.0506946095697894
2021-08-21,0.014725825038719723,-0.009456091136858497,-0.007185979869568137,0.004738084999655825,-0.009049845101935221,0.010242681360349727,-0.009456091136858497,-0.007185979869568137,0.004738084999655825,-0.009049845101935221,0.010242681360349727,-0.014925867178093775,-0.007727008072358014,-0.026404697390751755,-0.0005268321434279597,-0.019261913527009004,-0.00842869473762832,-0.01583598185748182,-0.022677209254170695,-0.031221208217034713
2021-08-22,0.027339162894185566,0.006899448565804623,-0.00011770365632568773,0.0026247933172531264,0.004180108149333495,0.004525014857369948,0.006899448565804623,-0.00011770365632568773,0.0026247933172531264,0.004180108149333495,0.004525014857369948,0.031829623392137595,0.004827859994308903,0.01251445051088427,-0.0012602845561331625,0.008347339114606124,0.021792478581052113,0.0046974206854306436,0.0024082384181663306,0.004300249644820875
2021-08-23,0.04274340446234773,0.02733781512335991,0.07762441979886128,0.026522771532855715,0.03334929057360991,0.06102888608022088,0.02733781512335991,0.07762441979886128,0.026522771532855715,0.03334929057360991,0.06102888608022088,0.04534777526129457,0.04229322024770084,0.03334929057360991,0.046253767948742655,0.03180667035240146,0.034522985857106364,0.029193947253286324,0.023344891231003074,0.03855320386196808
2021-08-24,-0.07151354507381649,-0.06215397194146602,-0.08259050039224933,-0.07322245961163908,-0.06480070305569934,-0.0813268968018352,-0.06215397194146602,-0.08259050039224933,-0.07322245961163908,-0.06480070305569934,-0.0813268968018352,-0.05541846541713065,-0.07065173523916052,-0.06480070305569934,-0.06519015891861113,-0.06030571075602023,-0.06834616242929181,-0.07368217870443612,-0.09131867425284619,-0.0737997312604946
2021-08-25,0.03414088381970029,0.03222365657887867,0.0518028865217227,0.030158196634986735,0.03243347014420657,0.04659123756213983,0.03222365657887867,0.0518028865217227,0.030158196634986735,0.03243347014420657,0.04659123756213983,0.028873927399668764,0.03765424540600622,0.03243347014420657,0.03620879031732148,0.030089823808437235,0.02414638569403609,0.035757393909635844,0.03220298687181736,0.029932023284864287
2021-08-26,-0.06974175319875246,-0.053916707721260476,-0.07185294608612534,-0.06283201937764071,-0.05756738112298341,-0.0677592104115898,-0.053916707721260476,-0.07185294608612534,-0.06283201937764071,-0.05756738112298341,-0.0677592104115898,-0.053668652229384224,-0.06172377363892297,-0.05756738112298341,-0.05870056525992383,-0.054771567643312265,-0.08361530198230856,-0.06060657198247235,-0.06166747095557039,-0.06459557545794863
2021-08-27,0.08955765952263504,0.053289598673442726,0.06141070258171355,0.056386278220936274,0.05202398708877822,0.05333653399086418,0.053289598673442726,0.06141070258171355,0.056386278220936274,0.05202398708877822,0.05333653399086418,0.07022589623958958,0.055223527929422665,0.05202398708877822,0.057615975438302214,0.055655344540821376,0.13586653744014207,0.06804539193490096,0.06935214909071713,0.09075650029051453
2021-08-28,0.04043919819316497,0.010745456811443652,-0.017412877886086857,-0.019690856829045505,-0.019027522411790072,-0.010630872945438007,0.010745456811443652,-0.017412877886086857,-0.019690856829045505,-0.019027522411790072,-0.010630872945438007,-0.006496747379309254,-0.011911006778819093,-0.02366906577030317,-0.01152222485056229,-0.0135625619394785,0.014992370936425907,0.00029986551505507136,0.00029647419873527793,0.011448905384428401
2021-08-29,-0.010990430289895416,-0.016127839842084237,-0.005099655864735197,-0.005190376956502722,-0.008947086972440265,-0.0040700582488148685,-0.016127839842084237,-0.005099655864735197,-0.005190376956502722,-0.008947086972440265,-0.0040700582488148685,-0.0055634139936821874,-0.007649209746903929,-0.007370966637993881,-0.007649209746903929,-0.004972906209268668,-0.01894179856321303,-0.01588034631424285,-0.018242229923370577,-0.01894179856321303
2021-08-30,-0.0011283232081520655,0.02312718748168558,-0.030351101251938094,-0.030351101251938094,-0.028480229464993803,-0.027365564001648204,0.02312718748168558,-0.030351101251938094,-0.030351101251938094,-0.028480229464993803,-0.027365564001648204,-0.028279880453993347,-0.0265845265928385,-0.03707069317939142,-0.0265845265928385,-0.027365564001648204,0.0029883358389472814,0.0037566529664008613,0.0029883358389472814,0.0029883358389472814
2021-08-31,-0.020924503339437895,0.01911850711809604,0.03236295160097598,0.03236295160097598,0.03443420036383152,0.035960976812572557,0.01911850711809604,0.03236295160097598,0.03236295160097598,0.03443420036383152,0.035960976812572557,0.025457447214682773,0.0249218208302378,0.02449021200588728,0.0249218208302378,0.035960976812572557,-0.013470218436666782,-0.014532190528509471,-0.013470218436666782,-0.013470218436666782
2021-09-01,0.03472429810197357,0.051458091463914266,0.057351803497915556,0.057351803497915556,0.06162968322465332,0.06406370483001367,0.051458091463914266,0.057351803497915556,0.057351803497915556,0.06162968322465332,0.06406370483001367,0.06649004147224721,0.06717842778377596,0.045812040480358716,0.06717842778377596,0.06406370483001367,0.03528522535679168,0.03155091490151713,0.03528522535679168,0.03528522535679168
2021-09-02,0.04024712852831254,0.04836205198490371,0.006425054004636866,0.006425054004636866,0.0003532117152076574,0.009618222355978801,0.04836205198490371,0.006425054004636866,0.006425054004636866,0.0003532117152076574,0.009618222355978801,0.009505079393661544,0.007123511189828525,0.008839656751812664,0.007123511189828525,0.009618222355978801,0.036343107366090414,0.040459482104564765,0.036343107366090414,0.036343107366090414
2021-09-03,0.022992785792105043,0.03813149504168783,0.017584681333122125,0.018459681333122126,0.01900439469256228,0.02223392025605995,0.03813149504168783,0.017584681333122125,0.018459681333122126,0.01900439469256228,0.02223392025605995,0.04856245765273919,0.0163407951846333,0.010489515324787773,0.0163407951846333,0.02223392025605995,0.022072783265510303,0.023144128061550334,0.022072783265510303,0.022072783265510303
2021-09-04,0.008650824692566061,-0.007086732914363126,-0.005865711259332653,-0.009177760820616564,-0.005096316916259646,-0.00047285222942219343,-0.007086732914363126,-0.005865711259332653,-0.009177760820616564,-0.005096316916259646,-0.00047285222942219343,-0.0016789698766831898,0.0016076097153426604,-0.015361788760655918,-0.005346670951885171,-0.008704044191432869,-0.011768235591535704,-0.02385287788142833,-0.017194814855953783,-0.017354067706437666
2021-09-05,0.018647905707663347,0.04080559234533267,0.04548202589261367,0.024343128484259367,0.029332783294765095,0.04007708064362969,0.04080559234533267,0.04548202589261367,0.024343128484259367,0.029332783294765095,0.04007708064362969,0.049850881739501626,0.042174780120027004,0.026638166165561028,0.041140113126787135,0.026570809767808214,0.03138740117367074,0.03685148964751975,0.0518550570755803,0.030718880501999505
2021-09-06,0.0034880498954974228,-0.0035743273857372186,0.0037545708079802283,0.007900427546525491,0.008754864858718325,-0.014781585006101628,-0.0035743273857372186,0.0037545708079802283,0.007900427546525491,0.008754864858718325,-0.014781585006101628,-0.016441555983439216,0.002410138485522694,-0.0023296189160827664,0.00035370994925179046,-0.009048702759193982,0.01906298153996202,0.019353671574182708,-0.024249795381396957,-0.0025021522780023456
2021-09-07,-0.13909096705505158,-0.17266559776830476,-0.15142023008401717,-0.14842198139417362,-0.15124238251841948,-0.15107086642029982,-0.17266559776830476,-0.15142023008401717,-0.14842198139417362,-0.15124238251841948,-0.15107086642029982,-0.1560323019825339,-0.15874827072510223,-0.1593341195609923,-0.15303797236829333,-0.13630766246998255,-0.10927182932335165,-0.10538099201937337,-0.14391535195681518,-0.1496096989742518
2021-09-08,0.056218571851853485,0.010169692889246696,0.00788794703611546,-0.0001750592262691024,0.010465575599786826,0.017017339769854402,0.010169692889246696,0.00788794703611546,-0.0001750592262691024,0.010465575599786826,0.017017339769854402,0.0114755826330752,-0.02146388567200106,0.013220939206795236,-0.00535817326971062,0.012172404182254248,0.023772134231423617,0.01529639886054939,0.006081174720288619,-0.0021283095340843593
2021-09-09,0.043717696664069466,0.01185654067141706,0.007236622608320388,0.025980960947714186,-0.0013866482983460496,0.0018677907391357,0.01185654067141706,0.007236622608320388,0.025980960947714186,-0.0013866482983460496,0.0018677907391357,0.004339798564303044,0.06723227952774345,0.03326368709955836,-0.0011649553511802414,0.004864057571620739,0.0648084880731941,0.0707733577469066,0.08177933892928672,0.08487075578323662
2021-09-10,0.03147392290230143,-0.03989113015435723,-0.047065237136347665,-0.03784659410762292,-0.04131317713674449,-0.042589352484942,-0.03989113015435723,-0.047065237136347665,-0.03784659410762292,-0.04131317713674449,-0.042589352484942,-0.04812225951120654,-0.018830003992669653,-0.03507168941325347,-0.042627945248362484,-0.0462207356122976,-0.02148811378957851,-0.01920621726078813,0.0729616025014968,-0.014271677714987982
2021-09-11,-0.005666429587844735,0.035375903628731616,0.021051104699096667,0.03277542621734253,0.02881513102476006,0.03201869051102331,0.035375903628731616,0.021051104699096667,0.03277542621734253,0.02881513102476006,0.03201869051102331,0.0046502262174122535,0.014993771931910874,0.020673287464056528,0.03277542621734253,0.02493086713971651,0.00603562758701595,-0.010416393428249744,-0.009201034649679625,0.004666130507725869
2021-09-12,0.01741687805040861,0.020715353652086255,0.09559240194194947,0.020669607789425216,0.020999373101674768,0.020669607789425216,0.020715353652086255,0.09559240194194947,0.020669607789425216,0.020999373101674768,0.020669607789425216,0.10830021781800747,0.06760706753963171,0.06657975282813292,0.020669607789425216,0.09912737654037802,0.05340435678595157,0.07985201862996925,0.061218772976959594,0.06192047984140682
2021-09-13,-0.06279248184496244,-0.04745765011410159,-0.035375475975485696,-0.043453125864449604,-0.045340448847490555,-0.043453125864449604,-0.04745765011410159,-0.035375475975485696,-0.043453125864449604,-0.045340448847490555,-0.043453125864449604,-0.028488001144752695,-0.03113896748896601,-0.04300481907019947,-0.043453125864449604,-0.04028626931409343,-0.03822573227088737,-0.032614418929995795,-0.03442831922993153,-0.03719793595812735
2021-09-14,0.0007393519051133168,0.03242116926467489,0.03373186148681152,0.0318633651224062,0.029921269838954025,0.0318633651224062,0.03242116926467489,0.03373186148681152,0.0318633651224062,0.029921269838954025,0.0318633651224062,0.043303233561008604,0.013746350597822301,0.01666445588783086,0.0318633651224062,0.03008452384541463,-0.023552873365494144,-0.002579520012049639,-0.009730454697966427,-0.002414017717317106
2021-09-15,0.018133220021990713,0.037097419287736244,0.025303156436178885,0.0364781983178426,0.03784564837220441,0.0364781983178426,0.037097419287736244,0.025303156436178885,0.0364781983178426,0.03784564837220441,0.0364781983178426,0.02663917822627688,0.02557584277460827,0.025023155653585774,0.0364781983178426,0.025467261091242446,0.019303812273129585,0.004104848069867417,0.02775453737877829,0.025671990461472352
2021-09-16,-0.007199350037042019,-0.02339234671777226,-0.0024457029338420307,-0.01983140792050242,-0.01907335700811543,-0.01983140792050242,-0.02339234671777226,-0.0024457029338420307,-0.01983140792050242,-0.01907335700811543,-0.01983140792050242,0.0020580716840431727,-1.732353189882671e-05,0.004747606945998207,-0.01983140792050242,-0.006294470426261033,-0.002893317192376666,0.01098782704286234,0.006812694426804876,0.014004344738346199
2021-09-17,-0.04740931376085535,-0.03567432719284987,-0.05516880147769554,-0.030569398502309643,-0.026554312145309077,-0.030569398502309643,-0.03567432719284987,-0.05516880147769554,-0.030569398502309643,-0.026554312145309077,-0.030569398502309643,-0.058176360936355836,-0.041494441923238784,-0.051535241604335175,-0.029569398502309642,-0.057755655874898726,-0.058575388750522484,-0.06929583541374441,-0.056598977922759225,-0.06434091593270046
2021-09-18,0.03383991895712342,0.03943590841914438,0.014211316378838995,0.013200233433649665,0.01110902492506787,0.013200233433649665,0.03943590841914438,0.014211316378838995,0.013200233433649665,0.01110902492506787,0.013200233433649665,0.013933881934685567,0.015486334413336814,0.011112945339686521,0.011797838379081197,0.011056232249750384,0.06884676253053433,0.060704696926904333,0.04170399423235077,0.05212833907948217
2021-09-19,-0.05684159114588057,-0.038482206653190756,-0.02401382413734612,-0.026035216670355535,-0.025824760257052094,-0.026035216670355535,-0.038482206653190756,-0.02401382413734612,-0.026035216670355535,-0.025824760257052094,-0.026035216670355535,-0.02296104361845941,-0.029307658953001338,-0.026457763289014703,-0.02401382413734612,-0.026457763289014703,-0.03508170709586769,-0.04591342748783603,-0.03523230805479436,-0.039920235588633925
2021-09-20,-0.1524592917444506,-0.1048264431387251,-0.10282714013622307,-0.10034022981221613,-0.09967569144437563,-0.10034022981221613,-0.1048264431387251,-0.10282714013622307,-0.10034022981221613,-0.09967569144437563,-0.10034022981221613,-0.11219340204966789,-0.10718105608548537,-0.10595665629131512,-0.10282714013622307,-0.10595665629131512,-0.13693210330429428,-0.13224632762853133,-0.14895823715647047,-0.15547928035540737
2021-09-21,-0.07449073450257945,-0.05734788547735743,-0.05483867239845322,-0.058319999846859365,-0.05195646578957927,-0.058319999846859365,-0.05734788547735743,-0.05483867239845322,-0.058319999846859365,-0.05195646578957927,-0.058319999846859365,-0.06074173357366451,-0.0659423466937262,-0.05161465702603203,-0.05483867239845322,-0.05161465702603203,-0.06269416990497699,-0.06877694787295235,-0.0766984874756377,-0.07532750413792569
2021-09-22,0.21831189351761485,0.12185136711059635,0.1131757986775043,0.10040569339660368,0.10716075269347965,0.10040569339660368,0.12185136711059635,0.1131757986775043,0.10040569339660368,0.10716075269347965,0.10040569339660368,0.108460094065578,0.11151348094349728,0.12287715553123131,0.1131757986775043,0.12287715553123131,0.13778523999990594,0.15179949088180308,0.18547620813454865,0.1956531061509554
2021-09-23,0.052363415125615334,0.02211447419898827,0.0192218835503178,0.021386582293870714,0.019649852100427623,0.021386582293870714,0.02211447419898827,0.0192218835503178,0.021386582293870714,0.019649852100427623,0.021386582293870714,0.02216240409035382,0.021881480477566488,0.013240504502379147,0.0192218835503178,0.013240504502379147,0.012546835846117578,0.022194627659441624,0.026765104627641527,0.034355131689756485
2021-09-24,-0.027108284109434957,-0.05878586532970251,-0.05590550026295216,-0.05858881325852254,-0.05733121804593302,-0.05771381325852254,-0.05878586532970251,-0.05590550026295216,-0.05858881325852254,-0.05733121804593302,-0.05771381325852254,-0.07020216660378772,-0.0625498223374787,-0.06054843471300257,-0.05590550026295216,-0.05967343471300257,-0.07071395033809065,-0.07834402035757508,-0.03574999937721095,-0.04912692095416171
2021-09-25,-0.0427884798654008,-0.006698832164579707,-0.008848202146589422,-0.01659083396105882,-0.002987623002458606,-0.001519530112254119,-0.006698832164579707,-0.008848202146589422,-0.01659083396105882,-0.002987623002458606,-0.001519530112254119,-0.005847080614880373,-0.017639381928595738,-0.013846755396087651,-0.008848202146589422,-0.006040821181002154,-0.03687898153264933,-0.03094459234208688,-0.01915213467948372,-0.036629708998211094
2021-09-26,-0.023745937850508915,-0.0002577659309518582,-0.00925698351762829,-0.0009098155924600606,0.0011950345152437216,-0.00794737145931348,-0.0002577659309518582,-0.00925698351762829,-0.0009098155924600606,0.0011950345152437216,-0.00794737145931348,-0.005887874891807775,-0.009780465305459085,-0.012497266624527194,-0.00925698351762829,-0.007419797204946609,-0.0203317263045826,-0.010548354452295405,-0.0005258656945602195,-0.027143662771105696
2021-09-27,-0.007021799923356053,-0.030925531937718076,-0.03213363474355635,-0.03731237170157806,-0.029982463723253243,-0.030338631777793813,-0.030925531937718076,-0.03213363474355635,-0.03731237170157806,-0.029982463723253243,-0.030338631777793813,-0.029239156789809956,-0.04045209814061641,-0.036204268881711,-0.03213363474355635,-0.029163146759964433,-0.006148403711854499,-0.019899927350148693,-0.036907612770489706,-0.017184421745253673
2021-09-28,-0.03997377165282435,-0.032131198774000884,-0.0392435452771148,-0.04800478618248368,-0.030083235782933218,-0.03479462762295667,-0.032131198774000884,-0.0392435452771148,-0.04800478618248368,-0.030083235782933218,-0.03479462762295667,-0.030629202883761433,-0.05279091024599796,-0.042403448083281316,-0.0392435452771148,-0.03160270890648984,-0.05494157874172825,-0.06037091412464089,-0.04316464083776037,-0.061991897708756065
2021-09-29,0.015242864332851493,0.022665202484095114,0.022541137469815453,0.016235764531092343,0.036978245134292154,0.019680379043493044,0.022665202484095114,0.022541137469815453,0.016235764531092343,0.036978245134292154,0.019680379043493044,0.036008356113772955,0.021182957397108383,0.020534738773539552,0.022541137469815453,0.041198414238102776,0.023062742987382246,0.022422708882707143,0.02675698683418655,0.02880031039259512
2021-09-30,0.08842236014612026,0.04923725093353264,0.044617627104392946,0.04866607132879022,0.042844585917811664,0.042094054508174855,0.04923725093353264,0.044617627104392946,0.04866607132879022,0.042844585917811664,0.042094054508174855,0.0455632293540913,0.04741312907604832,0.039318376430650795,0.044617627104392946,0.04020484182058009,0.06286959284399947,0.06574236740953276,0.04219544047242488,0.06526087672971408
2021-10-01,0.16875141067513594,0.08366108057194362,0.08701027312006111,0.07275257909942699,0.08797734626929558,0.08016466830840804,0.08366108057194362,0.08701027312006111,0.07275257909942699,0.08797734626929558,0.08016466830840804,0.08135810116721964,0.07624932221214945,0.07188804106419346,0.08701027312006111,0.0803052870136056,0.05413199877243191,0.05647826484449621,0.0681058588186886,0.05543997986473802
2021-10-02,0.022629626092551834,0.0013769377287016773,0.014714464078347225,0.007386122896293514,0.012548199429747667,0.01488019016905275,0.0013769377287016773,0.014714464078347225,0.007386122896293514,0.012548199429747667,0.01488019016905275,0.0010969544556760588,0.009398267926574817,0.007202307283161035,0.005965672582328611,0.005966823680233601,0.028485189932452058,0.03206067224388125,0.01274335310127502,0.028749648956558384
2021-10-03,0.08746493614578399,0.014365193824113921,0.011150676199929467,0.006687752421639371,0.012689258133923121,0.011150676199929467,0.014365193824113921,0.011150676199929467,0.006687752421639371,0.012689258133923121,0.011150676199929467,0.014365193824113921,0.01902751470831054,0.02724296325860074,0.061328998830242114,0.00831100031506571,0.0637189435535035,0.07858590464555401,0.06487596681694374,0.07858590464555401
2021-10-04,-0.011915940058825108,0.00764645644122091,-0.01377893898770155,-0.013594340230521463,-0.011967036555286371,-0.01377893898770155,0.00764645644122091,-0.01377893898770155,-0.013594340230521463,-0.011967036555286371,-0.01377893898770155,0.00764645644122091,0.0050930559364586805,-0.029289487795144335,-0.020281288212674078,-0.010534212850155433,-0.0059597982780019085,0.008198295110505491,0.0021548110343198,0.008198295110505491
2021-10-05,-0.026478037637460018,0.0449378692689765,0.024347122993087278,0.03997148376710507,0.0280356452380923,0.024347122993087278,0.0449378692689765,0.024347122993087278,0.03997148376710507,0.0280356452380923,0.024347122993087278,0.0449378692689765,0.025185742703293948,0.01645121289485292,0.01003519551377976,0.0348731609061963,-0.014452037974008958,-0.027144968600556797,-0.012161694571247895,-0.027144968600556797
2021-10-06,-0.03414971635135966,0.02576522485115469,0.00484374686942677,0.019922052247537337,0.012401836967892231,0.00484374686942677,0.02576522485115469,0.00484374686942677,0.019922052247537337,0.012401836967892231,0.00484374686942677,0.02576522485115469,0.018580353399844717,0.00505693875777089,-0.006324422471598191,0.02331264388915584,-0.0394885602496564,-0.0442662168855015,-0.022451919649804336,-0.0442662168855015
2021-10-07,0.02430220285148839,-0.009354085704605254,0.0001393893623626185,-0.001678346421370258,-0.00599573648516969,0.0001393893623626185,-0.009354085704605254,0.0001393893623626185,-0.001678346421370258,-0.00599573648516969,0.0001393893623626185,-0.009354085704605254,-0.009822448974449461,0.0037349351339061912,-0.0030796827793434737,-0.00025548724688897464,0.024902644215750284,0.024924625305548002,0.022713258453882394,0.024924625305548002
2021-10-08,-0.019894990533242243,-0.010082994112415242,-0.002678735969165431,-0.00882694610428318,-0.002102603391817666,-0.002678735969165431,-0.010082994112415242,-0.002678735969165431,-0.00882694610428318,-0.002102603391817666,-0.002678735969165431,-0.009207994112415241,-0.011584029658277047,-0.022270603175368553,8.968783440650848e-05,-0.011666209162356384,-0.014529300261843533,-0.019591568748621065,-0.015456048605398504,-0.019591568748621065
2021-10-09,-0.004744958947824963,0.023806406663202606,0.013370018804706361,0.03394089442933361,0.02245407990530797,0.02519679134014082,0.023806406663202606,0.013370018804706361,0.03394089442933361,0.02245407990530797,0.02519679134014082,0.01054687509000676,0.01753680173673252,0.009126707313375247,0.014457836064070572,0.02601410823620965,-0.003351211298006272,0.004126691669200258,0.030768673480777265,0.012983170121881816
2021-10-10,-0.07268937872120049,-0.026475786199070185,-0.0394779351271443,-0.029539854950118398,-0.035111999706264954,-0.029539854950118398,-0.026475786199070185,-0.0394779351271443,-0.029539854950118398,-0.035111999706264954,-0.029539854950118398,-0.03995926002060868,-0.03710595717739691,-0.04834852035144653,-0.038337463732658054,-0.02979103741394846,-0.06233890542731275,-0.06467163329819864,-0.06084989843448617,-0.0740731775373093
2021-10-11,-0.010523279958307707,0.018231609922241224,0.02366065652460978,0.024001858868438045,0.02946856791241386,0.024001858868438045,0.018231609922241224,0.02366065652460978,0.024001858868438045,0.02946856791241386,0.024001858868438045,0.022690381473274138,0.022318696581726073,0.019577977191794972,0.022318696581726073,0.02080389586585834,-0.0023474237363561024,0.0051597184228743265,0.003546837996808839,-0.006873476406268764
2021-10-12,0.01780289605217296,-0.008304549544869345,0.0030223797670701612,-0.007872220177160227,-0.0062398248501984955,-0.007872220177160227,-0.008304549544869345,0.0030223797670701612,-0.007872220177160227,-0.0062398248501984955,-0.007872220177160227,-0.002228828179978227,0.005781268799156858,0.02105530374137892,0.005781268799156858,-0.0039064686131314655,-0.0032038999183393816,-0.006838410825452446,-0.005549260479753616,0.004386908280290001
2021-10-13,-0.0027874134269058933,0.0341276656243414,0.032674479114270176,0.029983833853209508,0.027291865050886925,0.029983833853209508,0.0341276656243414,0.032674479114270176,0.029983833853209508,0.027291865050886925,0.029983833853209508,0.03606099106967431,0.035533288153624554,0.037140596103925505,0.035533288153624554,0.03497641626469714,0.020777582630600214,0.012260251853480432,0.04198156741667749,0.044443930756441596
2021-10-14,0.029823794593793716,0.004345558397566607,0.011603726102758505,0.00999463451559579,0.01073169516012389,0.00999463451559579,0.004345558397566607,0.011603726102758505,0.00999463451559579,0.01073169516012389,0.00999463451559579,0.009178798948789767,0.014681790497793102,0.009487384527985055,0.014681790497793102,0.010346823382883863,0.03521718008802743,0.02900814431399796,0.021615645581178296,0.02437322643206436
2021-10-15,-0.0038597679227976084,0.028718461651096865,0.01569143202595478,0.02374878925682112,0.03127027202201812,0.02374878925682112,0.028718461651096865,0.01569143202595478,0.02374878925682112,0.03127027202201812,0.02374878925682112,0.023618359141556973,0.012751959652777494,0.007017346959983602,0.012751959652777494,0.024561540442351485,-0.010366371517826819,-0.0035723838816954885,0.016627359912339393,-0.006028046497232069
2021-10-16,-0.00537565237966362,-0.0094253905521392,-0.010589264385625654,-0.010582190745272394,-0.010511517074059108,-0.010862233045568725,-0.0094253905521392,-0.010589264385625654,-0.010582190745272394,-0.010511517074059108,-0.010862233045568725,-0.0066223301351314556,-0.008977116856410809,-0.014266641320800084,-0.007608718421909762,-0.01244840113524739,-0.00011643674895894145,-0.011076767304334642,-0.012553188170760388,-0.01167202774348253
2021-10-17,-0.0071349841463512545,-0.007680450977263066,-0.0013943044846181697,-0.006008744445615899,-0.006008744445615899,-0.010113842843668364,-0.007680450977263066,-0.0013943044846181697,-0.006008744445615899,-0.006008744445615899,-0.010113842843668364,-0.002673097661891233,-0.005956362084445256,-0.0012938787384017656,-0.0048498263589606275,-0.0004435902268288493,-0.016101582262729914,-0.0036752836340951276,-0.0012511709395646611,-0.0014270798749672626
2021-10-18,-0.0098042840161928,0.008820513412102505,-0.005659723556507346,-0.0029231253993202257,-0.0029231253993202257,-0.0020338505404405185,0.008820513412102505,-0.005659723556507346,-0.0029231253993202257,-0.0029231253993202257,-0.0020338505404405185,0.0038497228394818845,-0.009866471543786415,-0.014475957099039285,-0.004914885653214296,-0.003127170470840124,-0.0027163355809302295,-0.013567310355665675,-0.0067925117201764525,-0.0012661557002646038
2021-10-19,0.021548265794201507,0.013123179170964462,0.021128500186298374,0.01575371571559079,0.01575371571559079,0.01304826472235301,0.013123179170964462,0.021128500186298374,0.01575371571559079,0.01575371571559079,0.01304826472235301,0.01788693985556713,0.019231900688873305,0.03308456547633929,0.029590646747023434,0.015683609309786694,0.0077056384486542395,0.013421087010816969,0.026645178617891355,0.019175372724469897
2021-10-20,0.0856646200761306,0.05137400733585143,0.05254163678096445,0.0481744459406726,0.0481744459406726,0.05129598402928548,0.05137400733585143,0.05254163678096445,0.0481744459406726,0.0481744459406726,0.05129598402928548,0.05755847730025594,0.04291576745922568,0.04792300117561088,0.08174230163794297,0.043291724086300935,0.03806961311500877,0.05412910670941558,0.0689650417171559,0.04565170365953382
2021-10-21,0.018528799737200362,-0.038874494497249404,-0.038799201936314566,-0.03446410369095441,-0.03446410369095441,-0.033981553126812905,-0.038874494497249404,-0.038799201936314566,-0.03446410369095441,-0.03446410369095441,-0.033981553126812905,-0.03746533287149138,-0.038603482323736296,-0.03764947804272867,0.019315593250303166,-0.03457061146922449,-0.0397219653106852,-0.04208545327436007,-0.021821580547335184,-0.0191307963745692
2021-10-22,0.04210620322446159,-0.013523948534155813,-0.014335313269796044,-0.01323932247113528,-0.01323932247113528,-0.013560936322780277,-0.013523948534155813,-0.014335313269796044,-0.01323932247113528,-0.01323932247113528,-0.013560936322780277,-0.017671045557706242,-0.008459376547908133,-0.00655086230624382,0.018165828279461362,-0.007371087962383327,0.016172319742691937,0.011646238125131174,0.019233297544107103,0.004644487661179602
2021-10-23,-0.003955481902282898,0.012006823418039707,0.018560177725864088,0.014629527139363396,0.013955659138548593,0.011371884657730596,0.012006823418039707,0.018560177725864088,0.014629527139363396,0.013955659138548593,0.011371884657730596,0.014712499219071484,0.019452075365162972,0.015448071757095862,0.01279528569835289,0.016201755329192793,0.006666878827812532,0.006383608127555226,0.005849184598694572,0.008884306904396172
2021-10-24,-0.004651334992358371,-0.01748811250741735,-0.00981699873661146,-0.015797788326726514,-0.008046040714287533,-0.01509266326910017,-0.01748811250741735,-0.00981699873661146,-0.015797788326726514,-0.008046040714287533,-0.01509266326910017,0.00841735506013792,-0.013153834092165594,-0.029094480979659897,-0.0016450155643976672,-0.015797788326726514,-0.02542619767837498,0.022918299245786256,-0.00884551204102433,0.027450665520909474
2021-10-25,0.10199080767340717,0.011748991137621402,0.02056697026091228,0.02265682178373303,0.0278726352214588,0.017641377966084316,0.011748991137621402,0.02056697026091228,0.02265682178373303,0.0278726352214588,0.017641377966084316,0.006112433665720274,0.03569148995648086,0.031306367259911115,0.07702343566346403,0.02265682178373303,0.04404118111872579,0.11024595269327048,0.08578511629439817,0.10156808431138842
2021-10-26,-0.012225558495526534,-0.010852254534441254,-0.020279143005462054,-0.014204046287536689,-0.022945434126596026,-0.01439625767557824,-0.010852254534441254,-0.020279143005462054,-0.014204046287536689,-0.022945434126596026,-0.01439625767557824,-0.01845103185483372,-0.02021800784379986,0.041351261181202276,-0.017322449113757,-0.014204046287536689,-0.017840453272668855,-0.036592025091837496,-0.008189209071416627,-0.032499019879173585
2021-10-27,-0.08915628362038777,-0.0957133586063406,-0.08725521879694649,-0.07016454970559836,-0.06447852102873271,-0.08028033815339064,-0.0957133586063406,-0.08725521879694649,-0.07016454970559836,-0.06447852102873271,-0.08028033815339064,-0.08204965118001789,-0.08187976275121699,-0.10362069316737725,-0.08260708173923177,-0.07016454970559836,-0.06893342363984978,-0.07720311315474068,-0.09047475958310953,-0.0753534076742148
2021-10-28,0.05358930134715761,0.04755721133633549,0.06592601483305241,0.0657109565682215,0.06971464898184349,0.061395566260128875,0.04755721133633549,0.06592601483305241,0.0657109565682215,0.06971464898184349,0.061395566260128875,0.0940945416664519,0.06704952500699454,0.03719596701133745,0.06689602772747558,0.0657109565682215,0.030132576875401808,0.0509742672094593,0.04501221516797278,0.044982522342856074
2021-10-29,0.04852371837037987,0.021963360468971894,0.030832136980624973,0.03482169306189311,0.036110323123108246,0.03349241498718507,0.021963360468971894,0.030832136980624973,0.03482169306189311,0.036110323123108246,0.03349241498718507,0.01020514452230397,0.03922646755883592,0.03987782203519988,0.031702059385648726,0.03382169306189311,0.05037054553788917,0.027486521461875385,0.035320580057361745,0.027560377553263106
2021-10-30,-0.053184238255882685,-0.018005341141034876,-0.016824077787066495,-0.011943580060884716,-0.012639828783698914,-0.017620482332396152,-0.018005341141034876,-0.016824077787066495,-0.011943580060884716,-0.012639828783698914,-0.017620482332396152,-0.022723471091083358,-0.016804104865200977,-0.024454183777218128,-0.022030991157749067,-0.0171886017669969,-0.013558540050604464,-0.03108435110590151,-0.034828011016304505,-0.024883804476596365
2021-10-31,0.005391906497876641,-0.004993191257571585,0.005277167169295854,0.0012703676360611644,0.0005368736157361107,-0.0028756081357631308,-0.004993191257571585,0.005277167169295854,0.0012703676360611644,0.0005368736157361107,-0.0028756081357631308,-0.007004376302854618,0.009284657672973616,0.0032661811437069144,0.0005368736157361107,-0.003367682840028553,0.01329197200437099,0.01044726234684721,0.007778159522727068,0.018730423457845837
2021-11-01,0.008208508826383354,0.016015295183177482,0.012267177553399324,0.005058422749586369,0.040301138607200145,0.050069913831235865,0.016015295183177482,0.012267177553399324,0.005058422749586369,0.040301138607200145,0.050069913831235865,0.024490039461763338,0.04296196071760052,0.04004180444325686,0.040301138607200145,0.014010703193639664,0.06017734726943567,0.018813483857398273,0.05434399698698211,0.04441612434267565
2021-11-02,0.03360048384003742,0.026015283735296095,0.027197571271270517,0.03143863600521338,0.035903757097262325,0.03129147893012241,0.026015283735296095,0.027197571271270517,0.03143863600521338,0.035903757097262325,0.03129147893012241,0.026467972541070986,0.044918982161644784,0.03058017937524085,0.035903757097262325,0.027857861565867073,0.04619409083400372,0.03081869814597287,0.03057174345957743,0.03480128657120232
2021-11-03,0.07499653401347556,0.013576419187240642,0.03459597218274735,0.027201201052698524,0.02436990333332867,0.0174889634303693,0.013576419187240642,0.03459597218274735,0.027201201052698524,0.02436990333332867,0.0174889634303693,0.014789177017645552,0.045817220093000266,0.034728708203985145,0.02436990333332867,0.019372919907255474,0.019460878772438232,-0.0015778315017364254,0.01596020745579767,0.0012335658483357387
2021-11-04,0.01674597942710736,-0.01789671446042114,-0.020392462776556843,-0.020632388329541885,-0.01107691771247228,-0.014008235496744416,-0.01789671446042114,-0.020392462776556843,-0.020632388329541885,-0.01107691771247228,-0.014008235496744416,-0.021483540585405095,-0.0032618633716259954,-0.014058196672699698,-0.01107691771247228,-0.027656957693340534,-0.018302760065313242,-0.034082516115558015,-0.006727478681124642,-0.007811383860604356
2021-11-05,-0.03897880119278878,0.018871720403214998,0.0021585788044008298,0.004319476484025846,-0.003234813014616741,0.00016032049303602892,0.018871720403214998,0.0021585788044008298,0.004319476484025846,-0.003234813014616741,0.00016032049303602892,0.01692286473225891,-0.009780647379238293,-0.0018440507057612089,-0.003234813014616741,0.010998442852018477,-0.008946024765180067,0.001553341511223464,-0.0290453087368149,-0.02380455628121944
2021-11-06,0.037989815202415844,0.005970453088726129,0.02651294124919295,0.023209890461262386,0.03436060823468072,0.014046931297355887,0.005970453088726129,0.02651294124919295,0.023209890461262386,0.03436060823468072,0.014046931297355887,0.0015075379321282155,0.03505813532124047,0.025728657009004372,0.028559291131252447,0.01422232588216963,0.021219423164016468,0.013856648341591097,0.01783889740361473,0.024774286447827087
2021-11-07,0.03062278976868147,0.026196120190145056,0.01796890371580405,0.018954923289740855,0.0265279587088785,0.01924423732103313,0.026196120190145056,0.01796890371580405,0.018954923289740855,0.0265279587088785,0.01924423732103313,0.01767720654744469,-0.004953838259768873,-8.976868105641314e-05,0.024948825072868167,0.01924423732103313,-0.011109946926826587,0.00896417185421201,0.007561251825412271,0.019839242010302446
2021-11-08,0.020873661586064032,0.0753513675348207,0.026962800378569088,0.04208019740558187,0.03338635505544208,0.04379785315331058,0.0753513675348207,0.026962800378569088,0.04208019740558187,0.03338635505544208,0.04379785315331058,0.04803189684575009,0.039949050506394856,0.03503610361657361,0.037665879715640976,0.04379785315331058,0.03464486741062096,0.015061424519637788,0.015061424519637788,0.0392028667019082
2021-11-09,-0.018395514375583222,0.005371891366391825,-0.04341814628834222,-0.006379427245016567,-0.02820852529633216,0.011185619503104063,0.005371891366391825,-0.04341814628834222,-0.006379427245016567,-0.02820852529633216,0.011185619503104063,0.024441589237763184,-0.031678277796312077,-0.0057898772943820506,-0.046449145025170904,0.011185619503104063,-0.030456367717531508,-0.032641924247586454,-0.032641924247586454,-0.03946876632650856
2021-11-10,-0.04942339029715974,-0.041496151481409546,-0.04050297906811933,-0.046787017830830904,-0.038455120559696444,-0.04590713453704487,-0.041496151481409546,-0.04050297906811933,-0.046787017830830904,-0.038455120559696444,-0.04590713453704487,-0.04903959980047617,-0.041653015802464416,-0.04635056219872118,-0.04094282207764657,-0.04590713453704487,-0.058331767414650515,-0.04520639114161014,-0.04520639114161014,-0.04008998729580191
2021-11-11,0.03603596638911517,0.009450413380188283,0.02117053966645375,0.016134432158646874,0.013018796860587557,0.010838415031725314,0.009450413380188283,0.02117053966645375,0.016134432158646874,0.013018796860587557,0.010838415031725314,0.0039750789932887064,0.014940397570614782,0.014573186433768193,0.018527942157729703,0.010838415031725314,0.008962964755301117,0.018738630650262822,0.018738630650262822,0.016179883841468557
2021-11-12,-0.03051904483038956,-0.018509746255878756,-0.023658548518462694,-0.021740497643779985,-0.023895619380428813,-0.011686529237622608,-0.018509746255878756,-0.023658548518462694,-0.021740497643779985,-0.023895619380428813,-0.011686529237622608,-0.010762982268760999,-0.023140959458714527,-0.01516282546943892,-0.020133624028174067,-0.01081152923762261,-0.026938259820814547,-0.02675748671831435,-0.02675748671831435,-0.02519438356485841
2021-11-13,0.04434917172729238,0.012406684163734798,0.04135400992091233,0.0269752305190031,0.028178008164680503,0.024293400514479282,0.012406684163734798,0.04135400992091233,0.0269752305190031,0.028178008164680503,0.024293400514479282,-0.0015259970144670546,0.024056876874859523,0.019617963672760606,0.04454027373158362,0.01576075425537673,0.0401798432523149,0.03408373533626029,0.02791570619688426,0.0380589459553559
2021-11-14,0.007801886088188015,-0.007483856984764803,-0.001967373956913675,0.003430196931122631,0.008638754054904087,0.005349132337752449,-0.007483856984764803,-0.001967373956913675,0.003430196931122631,0.008638754054904087,0.005349132337752449,0.0030894625490238917,0.001183765700724915,-0.00019215198454891592,0.0056273494673564125,0.010862273741521112,-0.010577727492998672,3.9485518895076774e-05,0.007924791733848368,0.005615079442254189
2021-11-15,-0.02719923498477488,-0.02540007686284569,0.004830558143488007,0.004830558143488007,-0.0025180657239616926,-0.004277990299190581,-0.02540007686284569,0.004830558143488007,0.004830558143488007,-0.0025180657239616926,-0.004277990299190581,-0.013742948795434185,-0.006975494929859917,-0.004006057615905468,-0.024712758880881182,-0.0048263024512230634,-0.02148751715559867,-0.014798619654985213,-0.033369579586577644,-0.032909641795952946
2021-11-16,-0.07254165584313428,-0.08622965887448188,-0.08323662793296979,-0.08323662793296979,-0.08034917296654548,-0.08367395353393198,-0.08622965887448188,-0.08323662793296979,-0.08323662793296979,-0.08034917296654548,-0.08367395353393198,-0.07595962845674001,-0.08922307350082462,-0.08917092916066016,-0.06280237735017086,-0.07864751691705026,-0.06683810402805099,-0.051875158798563664,-0.07031317312508586,-0.06424161002382509
2021-11-17,0.01365747848435406,0.017673540547025034,0.018809603652065878,0.018809603652065878,0.004317477881151933,0.01730618105637807,0.017673540547025034,0.018809603652065878,0.018809603652065878,0.004317477881151933,0.01730618105637807,0.006905725999369115,0.013378570207314035,0.01722714562782255,0.014618726925924343,0.005806229553094511,0.046336071590250806,0.03388384558003606,0.027463063353843877,0.025512170464775122
2021-11-18,-0.08486152861695427,-0.0713166798356675,-0.0744618275542801,-0.0744618275542801,-0.08230400305887685,-0.08372135266125647,-0.0713166798356675,-0.0744618275542801,-0.0744618275542801,-0.08230400305887685,-0.08372135266125647,-0.06034394791110347,-0.0843834914075046,-0.07799221496716549,-0.07750778697994606,-0.07043226388041389,-0.02811550386295303,-0.09494173623241209,-0.08824083722694795,-0.0729224844714795
2021-11-19,0.09488382701513871,0.06394394601710862,0.05464045711424917,0.05551545711424917,0.06519934278835265,0.05614576818344268,0.06394394601710862,0.05464045711424917,0.05551545711424917,0.06519934278835265,0.05614576818344268,0.05053428147519334,0.0654583221053209,0.055577745795574826,0.08890986902617917,0.05190719788087768,0.05730873686188394,0.07714572101935138,0.07674645606235536,0.06579631824641873
2021-11-20,0.06323890296194627,0.023151405815733724,0.02689953248624195,0.02447855942570909,0.023943959043374853,0.021580052151375744,0.023151405815733724,0.02689953248624195,0.02447855942570909,0.023943959043374853,0.021580052151375744,0.025993683488686525,0.01924863458562054,0.024843831157597016,0.035948991321245884,0.02066844914468888,0.05508444895066627,0.05826066918453299,0.060094219669395536,0.0625508602622139
2021-11-21,0.011349555694730307,-0.028693911228002418,-0.028474633619754598,-0.022480970045007643,-0.003134646297180634,-0.03420036908157766,-0.028693911228002418,-0.028474633619754598,-0.022480970045007643,-0.003134646297180634,-0.03420036908157766,-0.033604940200620326,-0.009352662318173999,-0.005826067544376265,-0.005340256053757252,-0.03512400576814792,-0.010929746900174208,-0.011901882935798903,-0.03557835005905428,-0.0273745113612039
2021-11-22,-0.02931107044783638,-0.03395412770282922,-0.039243023867845866,-0.03980378341310009,-0.046263585876448125,-0.035154165639776955,-0.03395412770282922,-0.039243023867845866,-0.03980378341310009,-0.046263585876448125,-0.035154165639776955,-0.03515442639344442,-0.03885993350234085,-0.04288274221359027,-0.05236844900313546,-0.032282433992422435,-0.008002912145233188,-0.006346544308519598,0.002886577225149735,-0.001503547279271598
2021-11-23,0.02786401680478274,0.026388304243808936,0.030288736626597416,0.02767119019696982,0.036078086405519995,0.023688908557550792,0.026388304243808936,0.030288736626597416,0.02767119019696982,0.036078086405519995,0.023688908557550792,0.03149440251098308,0.019818979020654527,0.036747233526152924,0.036228747041446324,0.018971549354100725,0.04635016404332606,0.03988037192748779,0.03476545215613691,0.03876726073421981
2021-11-24,-0.0725444508216673,-0.020416569376754446,-0.021071532209141684,-0.029356757287374812,-0.029062906207540817,-0.025833793612376674,-0.020416569376754446,-0.021071532209141684,-0.029356757287374812,-0.029062906207540817,-0.025833793612376674,-0.02089458243534359,-0.03672329472660833,-0.039318187200382805,-0.05290228141059568,-0.028724642987158197,-0.03185384820117483,-0.028063166801080126,0.010923976117907876,-0.014988070062645801
2021-11-25,0.033813780716221126,0.06019829259459182,0.045181676996605136,0.04358675311812408,0.043814767195534274,0.04255094918468734,0.06019829259459182,0.045181676996605136,0.04358675311812408,0.043814767195534274,0.04255094918468734,0.03812997273055903,0.05522466213392106,0.048526680458078376,0.06205758450251579,0.054900970025413234,0.01972716300756985,0.01978416156088012,0.021859440526580492,0.022010239103122328
2021-11-26,-0.1121503420632787,-0.08736539164078368,-0.09426939291841138,-0.09316070514235754,-0.08970323540129234,-0.09507206060808589,-0.08736539164078368,-0.09426939291841138,-0.09316070514235754,-0.08970323540129234,-0.09507206060808589,-0.09230058069326488,-0.08679848089568114,-0.086751989695673,-0.09181129414370774,-0.08744189081549357,-0.11598078143921632,-0.11313658163032488,-0.11882659236487386,-0.11417363252566763
2021-11-27,0.027375583046005403,0.030578904854681444,0.013209293872056806,0.01296175085428486,0.013089934529499924,0.013209293872056806,0.030578904854681444,0.013209293872056806,0.01296175085428486,0.013089934529499924,0.013209293872056806,0.013209293872056806,0.019552669487674406,0.01644112922605017,0.01678905410584937,0.014205522914371525,0.024341256748860285,0.011487903519589476,0.01000625183999817,0.010185469422131901
2021-11-28,0.011913987678253624,0.023449816681452254,0.034460107845124634,0.034460107845124634,0.034460107845124634,0.034460107845124634,0.023449816681452254,0.034460107845124634,0.034460107845124634,0.034460107845124634,0.034460107845124634,0.034460107845124634,0.03558517622657442,0.026589514322169897,0.030801665818071276,0.034460107845124634,0.0265399649389388,0.023427699226090913,0.019167882113715097,0.029369477191505025
2021-11-29,0.06116840356407867,0.010592420050970653,0.017917755805711578,0.017917755805711578,0.017917755805711578,0.017917755805711578,0.010592420050970653,0.017917755805711578,0.017917755805711578,0.017917755805711578,0.017917755805711578,0.017917755805711578,0.028946017313997888,0.025506078057763597,0.03007402328813789,0.017917755805711578,0.01306234171485494,0.005343274614732273,0.03262970406623291,0.008358080119645117
2021-11-30,0.006280697541666226,0.003597342243662395,0.0010569049437684002,0.0010569049437684002,0.0010569049437684002,0.0010569049437684002,0.003597342243662395,0.0010569049437684002,0.0010569049437684002,0.0010569049437684002,0.0010569049437684002,0.0010569049437684002,-0.008215558801821257,-0.007060903044006795,-0.005419469498086516,0.0010569049437684002,0.011372708930369346,-0.005671670922829053,0.004435732557280381,0.0029747573639365543
2021-12-01,0.014455549059224436,0.0010823774775784445,-0.002072105073889019,-0.002072105073889019,-0.002072105073889019,-0.002072105073889019,0.0010823774775784445,-0.002072105073889019,-0.002072105073889019,-0.002072105073889019,-0.002072105073889019,-0.002072105073889019,-0.008240778828551011,-0.013871820006260395,-0.008314864056030881,-0.002072105073889019,0.013256532252712129,0.0024303880986465964,-0.013088347890842567,-0.001219551359331784
2021-12-02,-0.02344965979067766,-0.013992337843756043,0.01038135489890726,0.01038135489890726,0.01038135489890726,0.01038135489890726,-0.013992337843756043,0.01038135489890726,0.01038135489890726,0.01038135489890726,0.01038135489890726,0.01038135489890726,0.009323868941555237,0.005095007959915287,0.013065082743879231,0.01038135489890726,-0.0363714337741814,-0.026257038002917482,-0.03262494020471289,-0.02696546181647306
2021-12-03,-0.061247674609091814,-0.058669081714295176,-0.06168882852490708,-0.06256382852490708,-0.06256382852490708,-0.06168882852490708,-0.058669081714295176,-0.06168882852490708,-0.06256382852490708,-0.06256382852490708,-0.06168882852490708,-0.06168882852490708,-0.06114881724253958,-0.06698223639808575,-0.05837873352573042,-0.06256382852490708,-0.05416546149217503,-0.06418746349936996,-0.06473210875250286,-0.06925372105918519
2021-12-04,-0.1091336591752077,-0.10457461033032794,-0.010746116650340934,-0.031432950527035826,-0.021857604366143542,-0.08259536818793532,-0.10457461033032794,-0.010746116650340934,-0.031432950527035826,-0.021857604366143542,-0.08259536818793532,-0.07710793995355883,-0.04568343115227951,-0.04996903693237799,-0.028947205072586954,-0.09282041063569331,-0.08220075104712897,-0.07810337158923569,-0.08140181112346968,-0.08398191771954532
2021-12-05,-0.06540291184116172,-0.028775160894344,-0.023664383771137623,-0.03397144443117195,-0.025032757389293114,-0.01419009654943373,-0.028775160894344,-0.023664383771137623,-0.03397144443117195,-0.025032757389293114,-0.01419009654943373,-0.018388209049379857,-0.042793897256547475,-0.038200879009657324,-0.03687481314484342,-0.021787517359616773,-0.07615856316652254,-0.04371397683882579,-0.031937089235326746,-0.046568459811217114
2021-12-06,0.01917693047580593,0.015657494544313134,0.024833457271859687,0.018656250850770918,0.017466030805908143,0.02623823258240661,0.015657494544313134,0.024833457271859687,0.018656250850770918,0.017466030805908143,0.02623823258240661,0.030230257917529715,0.01499921468514658,0.013069365701736847,0.011568148266624313,0.02219073290073306,0.01626370237265398,0.016774908330085325,0.013496908724904257,0.013804655673633204
2021-12-07,0.0005603400698364954,-0.00019690960403788687,-0.00493558502254432,-0.0034007839275505443,0.01783024565294127,-0.008105344433477548,-0.00019690960403788687,-0.00493558502254432,-0.0034007839275505443,0.01783024565294127,-0.008105344433477548,-0.011250946741325008,0.001101284672519109,0.004545165882987834,-0.0044112965861417665,-0.003217685188537156,-0.017549384434875106,-0.005373169809342103,-0.003320743700398543,-0.0028953594193255714
2021-12-08,0.03515398266242795,0.03593367412952669,0.03662590234745764,0.0485404746609993,0.029685551637233767,0.02950681600293339,0.03593367412952669,0.03662590234745764,0.0485404746609993,0.029685551637233767,0.02950681600293339,0.022865372145910712,0.0729120998585851,0.07607874657207866,0.04740932968509291,0.031701906388324735,0.05850555461308042,0.06751111455514244,0.06142013549871775,0.060984347121270675
2021-12-09,-0.08885154992640572,-0.08076481066526514,-0.07710479713772012,-0.08431754664414984,-0.08148037807751747,-0.07284811190906522,-0.08076481066526514,-0.07710479713772012,-0.08431754664414984,-0.08148037807751747,-0.07284811190906522,-0.05382124064657294,-0.1003319555155444,-0.09780899444885699,-0.08538489646630719,-0.0572976257463054,-0.10081524374624885,-0.09727967268064089,-0.0946928439523107,-0.09394035690788963
2021-12-10,-0.052135182879976295,-0.010378248186683842,-0.048839566045553506,-0.03459570634274675,-0.04015723542990668,-0.018627434526242694,-0.010378248186683842,-0.048839566045553506,-0.03459570634274675,-0.04015723542990668,-0.018627434526242694,-0.04460910166501164,-0.056388378154509325,-0.03677901566337185,-0.05725367706519504,-0.019966675355205268,-0.05388815456491665,-0.06957696618430664,-0.06210242715305756,-0.06116301535483956
2021-12-11,0.0702706791957585,0.03231714852081397,0.04380749617280298,0.05822733574619875,0.04012417363071672,0.05595514806442874,0.03231714852081397,0.04380749617280298,0.05822733574619875,0.04012417363071672,0.05595514806442874,0.05595514806442874,0.037890087195286276,0.04699422410881735,0.029325908800268467,0.05595514806442874,0.05071420786936291,0.038688726253999245,0.04413417752482541,0.03858428092686168
2021-12-12,0.02369185955755202,0.009016462286777332,0.00145009428989149,-0.0038161471159355205,0.004690808359073036,-0.00019334317240746781,0.009016462286777332,0.00145009428989149,-0.0038161471159355205,0.004690808359073036,-0.00019334317240746781,-0.00019334317240746781,0.0050705275840974,-0.005779418042690132,0.00016133205892713935,-0.00019334317240746781,0.0029694862076996564,0.004382810455718334,0.007775196440659958,0.004382810455718334
2021-12-13,-0.11393470328840877,-0.08151449579445055,-0.09436317172893048,-0.08862269223913967,-0.10414715147523877,-0.08138217829801572,-0.08151449579445055,-0.09436317172893048,-0.08862269223913967,-0.10414715147523877,-0.08138217829801572,-0.08138217829801572,-0.09722918243514687,-0.0854688966023398,-0.09700771544694578,-0.08138217829801572,-0.13086036339391954,-0.11894410037564328,-0.08721440399762076,-0.11894410037564328
2021-12-14,0.04421207016285825,0.03218044062571135,0.027113443499239723,0.030474143151227876,0.02925777136974395,0.030162671199411763,0.03218044062571135,0.027113443499239723,0.030474143151227876,0.02925777136974395,0.030162671199411763,0.030162671199411763,0.0635582703672446,0.03368984241090511,0.06576566906645281,0.030162671199411763,0.05191486425443408,0.047557372301348044,0.03322330315694044,0.047557372301348044
2021-12-15,0.06685261756014864,0.03774294652976007,0.01904540713257148,0.022862875821751172,0.0213662526973718,0.029604249647824956,0.03774294652976007,0.01904540713257148,0.022862875821751172,0.0213662526973718,0.029604249647824956,0.029604249647824956,0.009397817201491245,0.018490358612554814,0.005117651530806724,0.029604249647824956,0.030212202609923036,0.022112509119782933,0.010380765291699802,0.022112509119782933
2021-12-16,-0.011192067081977976,-0.019380930336917172,-0.0321980805238771,-0.031001750555111496,-0.04004298859917617,-0.029252329799154753,-0.019380930336917172,-0.0321980805238771,-0.031001750555111496,-0.04004298859917617,-0.029252329799154753,-0.029252329799154753,-0.03958338114015967,-0.033075444968369075,-0.04335763713253254,-0.029252329799154753,-0.014523003276533641,-0.014317537808067306,-0.028750969182631494,-0.014317537808067306
2021-12-17,0.020763593550535878,-0.02037303884092911,-0.038411285416299304,-0.03381088252127695,-0.041730461422568754,-0.026454965839237406,-0.02037303884092911,-0.038411285416299304,-0.03381088252127695,-0.041730461422568754,-0.026454965839237406,-0.026454965839237406,-0.03936391143795759,-0.031744164666261086,-0.03778047621837828,-0.026454965839237406,-0.04104900194841132,-0.03365618965546167,-0.03773414504120809,-0.03453118965546167
2021-12-18,0.051148891909416405,0.021167208031756733,0.01573529059855923,0.019370812299166304,0.016760790670152386,0.021724940004911347,0.021167208031756733,0.01573529059855923,0.019370812299166304,0.016760790670152386,0.021724940004911347,0.020358893432948652,0.01908639201720847,0.02218309848120991,0.016903180447193744,0.024681078183253644,0.04339890203760639,0.045481985778852256,0.027692765683075243,0.042482380697537334
2021-12-19,-0.01102167140275432,-0.004304878091282549,-0.017458601378802865,-0.010553954711838155,-0.02122180575173542,-0.00806808246421511,-0.004304878091282549,-0.017458601378802865,-0.010553954711838155,-0.02122180575173542,-0.00806808246421511,-0.004304878091282549,-0.02237498108650917,-0.010553954711838155,-0.02122180575173542,-0.007438485498998504,-0.0113815054536028,-0.011558203487068775,-0.028158106804605308,-0.03235447649693553
2021-12-20,0.0020121831339697796,0.005930792126774165,-0.018726415270095935,-0.006916986372636715,-0.025506244941591507,-0.0008490375447214099,0.005930792126774165,-0.018726415270095935,-0.006916986372636715,-0.025506244941591507,-0.0008490375447214099,0.005930792126774165,-0.025454803028192544,-0.006916986372636715,-0.025506244941591507,0.004857967585005962,0.017858217807645606,-0.015878680434944316,-0.025160436336912208,-0.029447893990243036
2021-12-21,0.04561379215989616,0.03201362264299985,0.03323306592926718,0.041662176079366425,0.03877035073135953,0.037550907445092194,0.03201362264299985,0.03323306592926718,0.041662176079366425,0.03877035073135953,0.037550907445092194,0.03201362264299985,0.03386728102481556,0.041662176079366425,0.03877035073135953,0.03784847526841104,0.04245106628312243,0.04251223621088829,0.03945352182967769,0.035141103090862914
2021-12-22,0.016841062299420777,0.0012607453632740516,-0.001707908427717242,0.016053824298193353,0.016393184948106446,0.019361838739097737,0.0012607453632740516,-0.001707908427717242,0.016053824298193353,0.016393184948106446,0.019361838739097737,0.0012607453632740516,0.01590157436902742,0.016053824298193353,0.016393184948106446,0.016900276917390558,-0.016182218267257676,-0.004774741412218586,0.005583680121970191,5.244782233839677e-05
2021-12-23,0.12481664311643349,0.039261753754974295,0.061143083122755425,0.04558038537754774,0.06876835112606713,0.046887021758286004,0.039261753754974295,0.061143083122755425,0.04558038537754774,0.06876835112606713,0.046887021758286004,0.039261753754974295,0.06613311684585636,0.04558038537754774,0.06876835112606713,0.044391752632369205,0.08887025903930987,0.11758525608756952,0.13313520808825863,0.12054017257611536
2021-12-24,-0.040540599281156144,-0.027938598716845033,-0.0034133502265707213,-0.029330509530283242,-0.008119870463492848,-0.032645118953767156,-0.027938598716845033,-0.0034133502265707213,-0.029330509530283242,-0.008119870463492848,-0.032645118953767156,-0.027938598716845033,-0.011210236415293947,-0.029330509530283242,-0.008119870463492848,-0.03036595557172588,-0.029914247282807935,-0.015126563670583133,-0.03433265923928403,-0.02794994229376082
2021-12-25,0.08133777850712605,0.009319912755675851,0.026371881850492978,0.0061897148246852635,0.019653811659338927,0.004717268088606239,0.009319912755675851,0.026371881850492978,0.0061897148246852635,0.019653811659338927,0.004717268088606239,0.012999678672932082,0.03414206546289275,0.03423521954466535,0.036757318988819725,0.009354113395869113,0.041351852087169974,0.037796291207964336,0.0573225603086988,0.04221422126172986
2021-12-26,0.008806772356653725,-0.0015475977375993821,0.0130811509225667,-0.0034894565880059683,0.011491628582490023,-0.00048198991605730157,-0.0015475977375993821,0.0130811509225667,-0.0034894565880059683,0.011491628582490023,-0.00048198991605730157,-8.615656775337057e-05,0.032899043269123636,0.032899043269123636,0.033126304832827864,0.01669895593668831,0.012696530364768166,0.006780014818699899,-0.0030150383477334894,0.01661898134270248
2021-12-27,-0.04397267727585883,0.0018836644788336352,-0.012785112891232764,0.0001866849638372907,-0.013352437834585862,0.0018513431654009643,0.0018836644788336352,-0.012785112891232764,0.0001866849638372907,-0.013352437834585862,0.0018513431654009643,0.01227065168547903,-0.03086574184491442,-0.03086574184491442,-0.008986915628361403,0.0016507783460891763,-0.033848617546733295,-0.04081788354728764,-0.04703228894752279,-0.05685396841446903
2021-12-28,-0.09424680132492252,-0.059819585240832446,-0.06945545065082258,-0.06038039677398917,-0.06688354502628002,-0.05684601727293353,-0.059819585240832446,-0.06945545065082258,-0.06038039677398917,-0.06688354502628002,-0.05684601727293353,-0.06022147194585295,-0.07779507087311496,-0.07779507087311496,-0.08645002385882027,-0.06519572995194106,-0.08669034877785625,-0.07882466321729598,-0.07678476280441789,-0.08461708731271295
2021-12-29,-0.011161297028333107,-0.028906088269796706,-0.02471634209377629,-0.04226825630369627,-0.021810632950013665,-0.02951830026079414,-0.028906088269796706,-0.02471634209377629,-0.04226825630369627,-0.021810632950013665,-0.02951830026079414,-0.03183486507091393,-0.021305698669890585,-0.021305698669890585,-0.026249438393853033,-0.02937893365055564,-0.021031698332920734,-0.02802905900338106,-0.02046301015670604,0.009886561133142967
2021-12-30,0.01831461451563672,0.015877716275826216,0.02757948463224285,0.009069472530656177,0.02820590976024842,0.009568423402517847,0.015877716275826216,0.02757948463224285,0.009069472530656177,0.02820590976024842,0.009568423402517847,0.016241294139404075,0.02721756921544829,0.02721756921544829,0.02642124348633588,0.017556367602128555,0.013400333835967105,0.0156983800031113,0.01600397757894456,0.019804858265961546
2021-12-31,0.004227984335634873,-0.016537145069809033,0.0010673238199083073,0.000500348507243347,-0.0022161709904765917,-0.0005061963164757254,-0.016537145069809033,0.0010673238199083073,0.000500348507243347,-0.0022161709904765917,-0.0005061963164757254,-0.023982538176095722,0.0011429088771575165,0.001142908877157516,-0.002832063475107378,-0.021992723842218932,0.024897460640709017,0.022785676128924508,0.01654715396652802,0.016715093438769563
2022-01-01,0.06172958852833861,0.025864932518555282,0.029575221157017453,0.0333503625197207,0.03993803724909702,0.025864932518555282,0.025864932518555282,0.029575221157017453,0.0333503625197207,0.03993803724909702,0.025864932518555282,0.02481139040744481,0.04790355447724082,0.04088163542689058,0.04418915593697842,0.025864932518555282,0.0711000806082777,0.07256345136718277,0.06148217257860318,0.07202315877792796
2022-01-02,-0.013449146975468463,0.00742645379544702,-0.008973612217032058,0.00432848580816132,0.014585949129338971,0.00742645379544702,0.00742645379544702,-0.008973612217032058,0.00432848580816132,0.014585949129338971,0.00742645379544702,0.009609177024720906,0.014585949129338971,0.00979961062519108,0.014585949129338971,0.00742645379544702,-0.029164069608046805,-0.01033628915689653,-0.029140880397457325,-0.029140880397457325
2022-01-03,-0.004052730768652733,-0.02157771233378101,0.00714834600799967,-0.0285331290830148,-0.017516455517440858,-0.02157771233378101,-0.02157771233378101,0.00714834600799967,-0.0285331290830148,-0.017516455517440858,-0.02157771233378101,-0.024238506143648197,-0.017516455517440858,-0.022316150281009618,-0.017516455517440858,-0.02157771233378101,0.0524806994470797,0.07089627421415459,0.0552742592928291,0.0552742592928291
2022-01-04,-0.03948902714120464,-0.00881682119781704,-0.014465023323534942,-0.007399961139733225,-0.014814307976966281,-0.00881682119781704,-0.00881682119781704,-0.014465023323534942,-0.007399961139733225,-0.014814307976966281,-0.00881682119781704,-0.009061963698600285,-0.014814307976966281,-0.02117856087226542,-0.014814307976966281,-0.00881682119781704,-0.04610089941264875,0.02095947745671474,-0.019728549973604494,-0.019728549973604494
2022-01-05,-0.08212561805415693,-0.061096115238290685,-0.05776980857364378,-0.060521508539590506,-0.06430757512574817,-0.061096115238290685,-0.061096115238290685,-0.05776980857364378,-0.060521508539590506,-0.06430757512574817,-0.061096115238290685,-0.0757308038765511,-0.06430757512574817,-0.06393860820215627,-0.06430757512574817,-0.061096115238290685,-0.07216676226727302,-0.07051042065017543,-0.06620395606580354,-0.06620395606580354
2022-01-06,0.043903014326771954,-0.008375614775175766,-0.015937261536615187,-7.680456547634195e-05,-0.00023053221567943677,-0.008375614775175766,-0.008375614775175766,-0.015937261536615187,-7.680456547634195e-05,-0.00023053221567943677,-0.008375614775175766,-0.011198658491569846,-0.00023053221567943677,-0.006897366925626392,-0.00023053221567943677,-0.008375614775175766,0.011476900050116413,0.0019877936742081163,0.00216123974679543,0.00216123974679543
2022-01-07,-0.08594595837691235,-0.042670498140123914,-0.06593476330562012,-0.04643346253640874,-0.057038559116203064,-0.042670498140123914,-0.042670498140123914,-0.06593476330562012,-0.04643346253640874,-0.057038559116203064,-0.042670498140123914,-0.04916338850451807,-0.057038559116203064,-0.06917729046645486,-0.057038559116203064,-0.042670498140123914,-0.07856291293908198,-0.06209013589465073,-0.08424860510071959,-0.08424860510071959
2022-01-08,-0.05561115933010591,-0.014873527638903818,-0.029078577900545514,-0.03722444266462631,-0.03718052860992303,-0.032930852759131705,-0.014873527638903818,-0.029078577900545514,-0.03722444266462631,-0.03718052860992303,-0.032930852759131705,-0.023302413360760214,-0.04153802773122911,-0.045085227418174736,-0.04153802773122911,-0.02453464068159144,-0.03828511901265497,-0.04593450497225737,-0.05422486425180903,-0.049156883565236315
2022-01-09,0.01848711088583044,0.009936235126813386,-0.005056527318096029,0.010077205855436963,0.0073287792631054885,0.016776434746318493,0.009936235126813386,-0.005056527318096029,0.010077205855436963,0.0073287792631054885,0.016776434746318493,0.01004695177561985,0.011472207539168736,0.011489683945119674,0.011472207539168736,0.009821956940047793,-0.004289426617620886,0.00012306850460053025,-0.003012143886434826,0.009431751442760827
2022-01-10,-0.012686139208250147,-0.02616278279347759,0.00717423858454167,-0.005971339610437831,0.01446246491044858,-0.028296270640402032,-0.02616278279347759,0.00717423858454167,-0.005971339610437831,0.01446246491044858,-0.028296270640402032,-0.0257372540921482,0.004008150346280548,-0.0007551031071755254,0.004008150346280548,-0.022493980687168683,0.016180202292919697,0.029120867923527548,-0.015523261779398268,0.0015085684229831677
2022-01-11,0.07838771839445564,0.0439946078887318,0.08610572372835532,0.07771341475708402,0.07429103409491408,0.04646650541734157,0.0439946078887318,0.08610572372835532,0.07771341475708402,0.07429103409491408,0.04646650541734157,0.05230505541459963,0.08547961111140376,0.07911255960466784,0.08547961111140376,0.05245914097364591,0.07183411181548012,0.05458186481671359,0.07743729937899846,0.06209622563906841
2022-01-12,0.059015625701143035,0.04982784644272203,0.04685787567560916,0.04669688071213876,0.02619498473910498,0.044514993427755785,0.04982784644272203,0.04685787567560916,0.04669688071213876,0.02619498473910498,0.044514993427755785,0.06076759530115221,0.03689222354757616,0.044180521308852194,0.03689222354757616,0.05248785034724599,0.04680697265835075,0.04175414238903766,0.0635123602171329,0.05162717750520174
2022-01-13,-0.003224982556736866,-0.031587299771808436,0.007123343390680437,-0.017944060113703936,-0.0033891386327026957,-0.04141001819095048,-0.031587299771808436,0.007123343390680437,-0.017944060113703936,-0.0033891386327026957,-0.04141001819095048,-0.038404681187338356,-0.01058964538132541,-0.016207468518854466,-0.01058964538132541,-0.03876306835859873,-0.0025718273051244626,-0.010427032350872167,-0.00874135467919428,-0.008182563041508618
2022-01-14,0.03216530429008744,0.01524788827881614,0.020982510824607004,0.02498109530009132,0.017898113927710152,0.020668583508705065,0.01524788827881614,0.020982510824607004,0.02498109530009132,0.017898113927710152,0.020668583508705065,0.032100783527067404,0.028671047399265855,0.02413745976895581,0.028671047399265855,0.021750487867472204,0.04406049766297869,0.03152289088914751,0.020662764252885758,0.018218259487793702
2022-01-15,0.0022281182435025747,0.007579081169534374,-0.018773613853382585,-0.01411777116600611,-0.009153216212854792,0.0012373681978483874,0.007579081169534374,-0.018773613853382585,-0.01411777116600611,-0.009153216212854792,0.0012373681978483874,0.006079566158069909,-0.010562292046631644,-0.01125937590137677,-0.010562292046631644,0.0018117145320206678,-0.027545997877836334,-0.00807032946320136,-0.022850341856813693,-0.007817489788305565
2022-01-16,0.01512015546218752,0.023293279321649707,0.04248120226097145,0.01699315660176013,0.03842682379778648,-0.001789511739530546,0.023293279321649707,0.04248120226097145,0.01699315660176013,0.03842682379778648,-0.001789511739530546,0.01364847734649853,0.013748230246118908,0.013748230246118908,0.013748230246118908,0.011041931862833,0.025589923020948955,0.045935267553109976,0.04102419997879645,0.045935267553109976
2022-01-17,-0.0876806802238778,-0.028214703074129613,-0.07622812565569091,-0.06386502447357517,-0.061183271964168645,-0.042602817606222046,-0.028214703074129613,-0.07622812565569091,-0.06386502447357517,-0.061183271964168645,-0.042602817606222046,-0.026834829367889192,-0.06367658654708844,-0.06367658654708844,-0.06367658654708844,-0.03325811343450167,-0.0880497121086,-0.0962563797696428,-0.08731526546178124,-0.0962563797696428
2022-01-18,-0.00917146040089092,-0.019521349817404877,-0.00576614127886701,-0.015987113564461544,-0.009364947094420973,-0.016721416445627836,-0.019521349817404877,-0.00576614127886701,-0.015987113564461544,-0.009364947094420973,-0.016721416445627836,-0.02664045877318513,-0.01247741517824781,-0.01247741517824781,-0.01247741517824781,-0.01679359122527742,-0.014877559457785107,0.0025647583905312517,-0.016282928739275726,0.0025647583905312517
2022-01-19,-0.05175893896186499,-0.01751294688686849,-0.05220232310770123,-0.05241780544287569,-0.041355885466727596,-0.02721791089482844,-0.01751294688686849,-0.05220232310770123,-0.05241780544287569,-0.041355885466727596,-0.02721791089482844,-0.01721522695729907,-0.044810982734597785,-0.044810982734597785,-0.044810982734597785,-0.020841141922049604,-0.0804715988823147,-0.04920939173954462,-0.06624959602662855,-0.04920939173954462
2022-01-20,-0.05218055381194935,-0.032122162144792465,-0.04757233459999588,-0.053006980283680116,-0.04619740249620867,-0.03673841777559042,-0.032122162144792465,-0.04757233459999588,-0.053006980283680116,-0.04619740249620867,-0.03673841777559042,-0.03467857699317892,-0.04352396411046888,-0.04352396411046888,-0.04352396411046888,-0.033167412937989214,-0.03901411267930903,-0.0571748795180769,-0.05857494570447994,-0.0571748795180769
2022-01-21,-0.15508556733679588,-0.13467162937436983,-0.1670330022268126,-0.158097431241204,-0.17339717464273605,-0.12914768219637018,-0.13467162937436983,-0.1670330022268126,-0.158097431241204,-0.17339717464273605,-0.12914768219637018,-0.12531714298863056,-0.13766173002937296,-0.13766173002937296,-0.13766173002937296,-0.13255019832062742,-0.12520747005990865,-0.18295962118394207,-0.18346989057731733,-0.18208462118394209
2022-01-22,-0.10280191422397074,-0.0825617460818167,-0.06919408917328501,-0.09926176163395091,-0.08165340513447648,-0.0904785125349987,-0.0825617460818167,-0.06919408917328501,-0.09926176163395091,-0.08165340513447648,-0.0904785125349987,-0.07243592453528089,-0.09485224317602949,-0.09849617728890997,-0.09419132277165908,-0.08443562349189884,-0.14124605247826436,-0.09599718901853511,-0.09268565642591205,-0.0880151183878675
2022-01-23,0.07194377795811442,0.05320758964034332,0.03212278545018102,0.061887918402871,0.03722007770041445,0.04625388919818936,0.05320758964034332,0.03212278545018102,0.061887918402871,0.03722007770041445,0.04625388919818936,0.05503524763470322,0.033808901584652065,0.06372782858828155,0.04433355027353418,0.03807348804066102,0.09095924844165922,0.08366482395971837,0.038162415237563835,0.06576171529369827
2022-01-24,-0.053322705808205736,-0.03311170980128884,-0.0488721722771754,-0.02774242868449788,-0.0437453929177448,-0.03862218964519193,-0.03311170980128884,-0.0488721722771754,-0.02774242868449788,-0.0437453929177448,-0.03862218964519193,-0.02372406120569024,-0.041153520702320597,-0.0628000922248086,-0.05960918403302129,-0.03575445686048406,-0.04264725234104074,-0.04661899776371437,-0.05427976002019697,-0.06848885194489894
2022-01-25,0.01614565160614225,0.01864888226416528,0.02163170966240715,0.020150023867921064,0.02258500002605799,0.01412312460638272,0.01864888226416528,0.02163170966240715,0.020150023867921064,0.02258500002605799,0.01412312460638272,0.020553811827960677,0.014515713028168831,0.032486377933248205,0.014446665103188549,0.007736630138013534,0.01351438278759105,0.01794492789974469,-0.011874905359027422,0.0035329902662425837
2022-01-26,-0.021031276616965952,-0.010627711688441368,-0.00359424919536153,-0.015244508104708563,0.004664536081223572,0.007047247057069231,-0.010627711688441368,-0.00359424919536153,-0.015244508104708563,0.004664536081223572,0.007047247057069231,-0.0046799607542591165,0.0019321488033418929,-0.018769027013055627,-0.017988532133025134,0.0075471535520239795,-0.04300145130375706,-0.035101614914953075,0.005396836063657129,-0.01851242306359657
2022-01-27,-0.0019510276629244316,-0.0024061674969984466,-0.034731355926039355,-0.03300195642679153,-0.021932646059450868,-0.010008950034428655,-0.0024061674969984466,-0.034731355926039355,-0.03300195642679153,-0.021932646059450868,-0.010008950034428655,0.0008843935643947365,-0.021007976535001218,-0.03055768370711407,-0.02950750941780938,-0.005845210649849265,-0.03861412421398869,-0.028289627639829208,-0.009222042998748892,-0.05067337101876375
2022-01-28,-0.0029860195807460905,0.014748656821100471,0.019677750220580693,0.006942880458095616,0.020829381698507746,0.019440713553472457,0.014748656821100471,0.019677750220580693,0.006942880458095616,0.020829381698507746,0.019440713553472457,0.009784728209772147,0.018116959049254283,0.022446031024326654,0.025669068214295116,0.03349196661219274,0.007774253928429014,0.003553359987447307,0.017866357998096466,-0.007762489626345843
2022-01-29,0.048465637591083556,0.020270123162077706,0.01518383892591217,0.0264643903814444,0.014148097008862107,0.022864674649748146,0.020270123162077706,0.01518383892591217,0.0264643903814444,0.014148097008862107,0.022864674649748146,0.01222851059631783,0.026582586473151835,0.022909695149641772,0.02450988233470046,0.015268961310735981,0.013617130326932767,0.026928567772792063,0.02019397016855156,0.013309154794857914
2022-01-30,-0.02081806438409755,-0.01857422915717535,-0.022300758597605386,-0.002905156330895299,-0.015055784078501278,0.0018227664977341195,-0.01857422915717535,-0.022300758597605386,-0.002905156330895299,-0.015055784078501278,0.0018227664977341195,-0.02614424005748497,0.0005441248499403361,-0.004358349766736956,0.0009548230781164217,-0.0009014798809409331,-0.052658789013688034,-0.007230471558902286,-0.005482816414116833,-0.0281626446098195
2022-01-31,0.07811673421478692,0.014927767374984469,0.02984399670560052,0.03768354602167028,0.023445106554519327,0.02959169496311125,0.014927767374984469,0.02984399670560052,0.03768354602167028,0.023445106554519327,0.02959169496311125,0.004252325813449321,0.023488167146221837,0.01633479706402481,0.014009729660538728,0.006553301493938601,0.052519953926897775,0.016564913055926583,0.014181156520861209,0.02276299573823879
2022-02-01,-0.014284497572074263,0.01997408716839786,0.013523576164237095,0.008467831271964401,0.00942039765395768,0.020174969667536093,0.01997408716839786,0.013523576164237095,0.008467831271964401,0.00942039765395768,0.020174969667536093,0.015854476848427577,0.001042922452603335,0.010340914523880597,0.008363885237950088,0.02830144576600964,0.010416640006114641,0.008653622737697542,0.008279983771404775,0.00683557867941047
2022-02-02,-0.04984633623236296,-0.039209826640335836,-0.04622555377175981,-0.06324629318541031,-0.04347282352586283,-0.05396718075782756,-0.039209826640335836,-0.04622555377175981,-0.06324629318541031,-0.04347282352586283,-0.05396718075782756,-0.041907842274196014,-0.05294126914193662,-0.045943021580008694,-0.05489588638316778,-0.05339347893411109,-0.0266309342426577,-0.018644555694586763,-0.028967685673128532,-0.02221638553135235
2022-02-03,0.030870024595460507,0.014078286698445599,0.014375846150942274,0.012980091883647772,0.04133890204055461,0.013607212414768345,0.014078286698445599,0.014375846150942274,0.012980091883647772,0.04133890204055461,0.013607212414768345,0.04692364973282013,0.019348789613461072,0.02114194989265319,0.020760763856372315,0.01731630461223064,0.03652103873268016,0.031088464472112266,0.027166057455588994,0.0319322724673007
2022-02-04,0.07417931809795907,0.08804015080931248,0.09026097885065087,0.08211459085135005,0.07362506184373836,0.08434954658282744,0.08804015080931248,0.09026097885065087,0.08211459085135005,0.07362506184373836,0.08434954658282744,0.06091135102586055,0.07664825643083731,0.07411869151088395,0.07901427490305048,0.07754286277010675,0.07096820360988014,0.04274364872720913,0.04527539625023054,0.05657234948463277
2022-02-05,0.015311859487041835,0.005685405296391817,0.00276240201470447,0.01595342580916638,-0.0004423884714347703,0.00033415411252276533,0.005685405296391817,0.00276240201470447,0.01595342580916638,-0.0004423884714347703,0.00033415411252276533,0.019292654531565277,0.011261434568564163,0.0014948907421429617,0.008191864025767773,0.013170926790234554,0.0107546665453067,0.04844738232464133,0.03855136775157084,0.036351018396834446
2022-02-06,0.04133289323249207,0.03304295979406775,0.02357539671854001,0.025416321663881684,0.023964582319257,0.03324561872566072,0.03304295979406775,0.02357539671854001,0.025416321663881684,0.023964582319257,0.03324561872566072,0.06455958675694079,0.020795790325734167,0.02691571880113134,0.020043151580682927,0.033474573306193564,0.04493184037493206,0.08996877557646293,0.1162105929688686,0.09103621791732408
2022-02-07,0.033413068755703136,0.07193055788868388,0.07974896444307099,0.02310856561734256,0.08399747592919266,0.07525160024826746,0.07193055788868388,0.07974896444307099,0.02310856561734256,0.08399747592919266,0.07525160024826746,0.018026333531197647,0.07165060106916905,0.06280402791585829,0.07165060106916905,0.07525160024826746,0.022857863755562202,0.03753571732473602,0.04218947668237676,0.07074202431188353
2022-02-08,-0.01376548722481603,-0.019579612724539452,-0.007936130818209318,-0.028465202381448097,-0.010302489878264164,-0.011559165081222721,-0.019579612724539452,-0.007936130818209318,-0.028465202381448097,-0.010302489878264164,-0.011559165081222721,-0.03269895489244852,-0.00524664465769522,-0.010688388927957825,-0.00524664465769522,-0.011559165081222721,-0.023786660333030736,-0.03369180037019461,-0.035844608859654084,-0.03181324071872871
2022-02-09,0.015008054655413928,0.012437558765537916,0.020139729146904053,0.012525053314978685,0.015205307396531077,0.00826326030657616,0.012437558765537916,0.020139729146904053,0.012525053314978685,0.015205307396531077,0.00826326030657616,0.01755264003682804,0.009931673366709637,0.010172532119622614,0.009931673366709637,0.00826326030657616,0.0066915411684338455,0.0034061090645498334,0.018194711431388757,0.00786927425368702
2022-02-10,-0.06530457946334176,-0.046671951135885736,-0.049173283533793466,-0.055662183687808175,-0.04613418517819341,-0.05032534654970013,-0.046671951135885736,-0.049173283533793466,-0.055662183687808175,-0.04613418517819341,-0.05032534654970013,-0.052297781624388744,-0.04619191145508754,-0.05225020135398768,-0.04619191145508754,-0.05032534654970013,-0.07860453911245807,-0.00450171610325352,-0.016017841499515448,-0.06150389929381497
2022-02-11,-0.06866729981981985,-0.054978768661014824,-0.06543485498150516,-0.07063393333175075,-0.06834733709663428,-0.060237132486095274,-0.054978768661014824,-0.06543485498150516,-0.07063393333175075,-0.06834733709663428,-0.060237132486095274,-0.05827571855447308,-0.06742888594727432,-0.0685170290589349,-0.06742888594727432,-0.060237132486095274,-0.07135255026334499,-0.03209742201528216,-0.06763863635110552,-0.08073825058896554
2022-02-12,0.007565232375551024,-0.00029862900980701936,0.016029784659623233,0.0031163848712839094,0.004912150799923649,0.004220755520106881,-0.00029862900980701936,0.016029784659623233,0.0031163848712839094,0.004912150799923649,0.004220755520106881,-0.003133731629581865,0.006164025212868077,0.013088962611258968,0.006164025212868077,0.004220755520106881,0.001683359654961435,0.012315353534122244,-0.0007973752644814165,0.002906608152008501
2022-02-13,-0.03840354411214893,0.0004733118385128244,-0.01927480959427366,-0.022563958628475385,-0.012484716779048544,-0.006776953218049274,0.0004733118385128244,-0.01927480959427366,-0.022563958628475385,-0.012484716779048544,-0.006776953218049274,0.0002162446758976678,-0.01633756965055666,-0.015738759968109042,-0.01633756965055666,-0.006776953218049274,-0.014531926334519813,-0.025924711500946218,-0.04434209805138929,-0.03469835563789578
2022-02-14,0.018824980157820127,0.006500237054507729,0.01816442833030605,0.014278430613303696,0.015391379796420203,0.00801598847471774,0.006500237054507729,0.01816442833030605,0.014278430613303696,0.015391379796420203,0.00801598847471774,0.0021433666697008523,0.015862252464224725,0.011980697685027276,0.015862252464224725,0.00801598847471774,0.006370332385182876,0.0007215888078711211,0.01501358240542947,0.001372306415730785
2022-02-15,0.08043871515487575,0.0569275471242178,0.0808472746047639,0.08247696261439691,0.07253300238963983,0.05976688695815171,0.0569275471242178,0.0808472746047639,0.08247696261439691,0.07253300238963983,0.05976688695815171,0.053625199741497424,0.0774650377819932,0.0756434147381257,0.0774650377819932,0.05976688695815171,0.10059655672488925,0.08991571517486632,0.0809085364287867,0.08217000059575558
2022-02-16,-0.02809608968928634,-0.014520496710539545,-0.007663336529564013,-0.010428763981961953,-0.00893046857155988,-0.016344789704265894,-0.014520496710539545,-0.007663336529564013,-0.010428763981961953,-0.00893046857155988,-0.016344789704265894,-0.01794103747162894,-0.008275355262868423,-0.009416134743819238,-0.008275355262868423,-0.016344789704265894,-0.013749869132863447,0.002064967301310073,-0.004820755461047965,-0.009717366933448534
2022-02-17,-0.07180914978893597,-0.06748683835380279,-0.07273770958722106,-0.07528506899731055,-0.07455393865378919,-0.07135328938674346,-0.06748683835380279,-0.07273770958722106,-0.07528506899731055,-0.07455393865378919,-0.07135328938674346,-0.07368660923765195,-0.0709015271800295,-0.07540760219116718,-0.0709015271800295,-0.07135328938674346,-0.07646367068526434,-0.09415966075128071,-0.10046634428896703,-0.09786085935355639
2022-02-18,-0.031497606643351356,-0.011652004219996698,-0.02036707946889338,-0.0201027929734219,-0.023261067314840744,-0.01449341033739446,-0.011652004219996698,-0.02036707946889338,-0.0201027929734219,-0.023261067314840744,-0.01449341033739446,-0.012469113601540611,-0.02217967143782535,-0.016688043830258792,-0.022179671437825354,-0.01449341033739446,-0.02566303638343199,-0.02058804825337781,-0.03821673119168407,-0.036608570697195274
2022-02-19,-0.015199165692437022,0.0030783085846930493,0.0018164199303431154,0.0033503378149268934,0.0021779043726011115,0.003996519724159923,0.0030783085846930493,0.0018164199303431154,0.0033503378149268934,0.0021779043726011115,0.003996519724159923,0.005878429513466768,-0.003146656504136437,-0.0014923107016174204,-0.00020491880904497024,0.0010734900737433609,0.0014329136391242816,-0.002679293532213619,-0.001637773594440339,-0.008653934910518801
2022-02-20,-0.056433145986794817,-0.048276810008360954,-0.04342017592032717,-0.049544756583524585,-0.045890089996778356,-0.03991899310748712,-0.048276810008360954,-0.04342017592032717,-0.049544756583524585,-0.045890089996778356,-0.03991899310748712,-0.03642981646829735,-0.050127868513804734,-0.0560489413832868,-0.0692642818934194,-0.04686758235446793,-0.0730077453911205,-0.07103958826647593,-0.04849819162507298,-0.05093973018670088
2022-02-21,-0.06550718241072516,-0.0483443928959489,-0.04045016928765686,-0.043936641880529974,-0.04213266986764399,-0.040137185780841286,-0.0483443928959489,-0.04045016928765686,-0.043936641880529974,-0.04213266986764399,-0.040137185780841286,-0.0493402688291682,-0.04847639649836933,-0.05624740183518156,-0.07502839073183486,-0.04395021133783146,-0.08298790543723306,-0.07662162194805663,-0.06868512842136767,-0.05856151770878609
2022-02-22,0.060774375205626854,0.02942622799015995,0.03748724668564316,0.037390467632975224,0.03418689384245264,0.03239635095783422,0.02942622799015995,0.03748724668564316,0.037390467632975224,0.03418689384245264,0.03239635095783422,0.030194529795331215,0.036582701399015344,0.04625645196767714,0.03705096504513903,0.035036793024115026,0.050677359289864034,0.048224638523995944,0.03551912274783114,0.028406279418448976
2022-02-23,-0.006960456669004335,-0.028059122666434427,-0.027533830892544464,-0.03200952592110793,-0.029225353188462245,-0.028978070345158626,-0.028059122666434427,-0.027533830892544464,-0.03200952592110793,-0.029225353188462245,-0.028978070345158626,-0.02724864559987954,-0.03439276948174233,-0.040477980016543215,-0.03524652192578796,-0.027840108316107483,-0.008706112428138636,-0.031655329527519,-0.017249841873463567,-0.02677605502344238
2022-02-24,0.010213260916936352,0.0014117187955597693,0.007988310679587851,0.008805785051034886,0.008408051721274835,0.005367818759366339,0.0014117187955597693,0.007988310679587851,0.008805785051034886,0.008408051721274835,0.005367818759366339,0.01569195709757736,0.0028053602745897743,-0.002336974140938964,-0.0021063837140096846,0.007393003398949483,-0.003632509476273027,0.008380319901290824,-0.019285912084406907,-0.0029687158475845124
2022-02-25,0.07442443970687224,0.04573363090352423,0.03171676957929293,0.034608090059877646,0.03768854320058959,0.02971618597535118,0.04573363090352423,0.03171676957929293,0.034608090059877646,0.03768854320058959,0.02971618597535118,0.04268039628265375,0.035379578188555603,0.045938345847487246,0.07314048574729214,0.034626570049005094,0.06799899427384284,0.04830272884032734,0.060421703102237406,0.04615519532581257
2022-02-26,0.04144767481987417,0.00913671787897628,0.0103076354860197,0.0032505206746003103,-0.003000793480246084,0.006549841263717401,0.00913671787897628,0.0103076354860197,0.0032505206746003103,-0.003000793480246084,0.006549841263717401,0.008039971006946348,0.015378444466757417,0.017021240658904813,0.02498265811148885,-0.0019570795752144217,-0.000463771248620958,-0.006205001587961053,-0.002078276684805748,-0.0015455724751391575
2022-02-27,-0.07861249506259257,-0.05684284042817836,-0.0568708356660447,-0.05692853364745998,-0.05069507847646527,-0.05903198170819371,-0.05684284042817836,-0.0568708356660447,-0.05692853364745998,-0.05069507847646527,-0.05903198170819371,-0.05529713144401138,-0.07015301372216687,-0.07467257814020213,-0.06813397296362805,-0.04104908638099312,-0.059224557344693736,-0.04299239789600662,-0.0686728754646903,-0.05017652933744786
2022-02-28,0.18144487125235573,0.13521732925497143,0.14273381795528825,0.11293049725716885,0.12658836067342527,0.111115439064355,0.13521732925497143,0.14273381795528825,0.11293049725716885,0.12658836067342527,0.111115439064355,0.13428504286397064,0.12575167438470075,0.12600242018403232,0.14897984965111694,0.14899363900535068,0.1442796510065331,0.17528673813008078,0.14300262393585764,0.14706395707862288
2022-03-01,0.044480506812561285,0.020211411338173592,0.005758949979844008,0.01388010281065204,0.024463852806221497,0.0019725892197308913,0.020211411338173592,0.005758949979844008,0.01388010281065204,0.024463852806221497,0.0019725892197308913,0.0002524176549564272,0.013264199125924005,0.02063811053562943,0.006451721890267548,-0.009417743751531663,0.021013193831496156,-0.00398827609365149,0.018510268481157287,0.01294012650394143
2022-03-02,-0.004758300293917462,0.00637267700950348,-0.0063907840886240795,-0.01643596688354403,-0.016088406845609325,-0.005952165490063832,0.00637267700950348,-0.0063907840886240795,-0.01643596688354403,-0.016088406845609325,-0.005952165490063832,0.0016386966428470588,-0.0032133449410209902,-0.009221452058819902,-0.010313872751385556,-0.011947877503252748,-0.03022571134815362,-0.013080921319224581,0.009319746670278593,-0.00211475217094881
2022-03-03,-0.014987597707629807,-0.039166415508752356,-0.0317154217222682,-0.03460738533220837,-0.02063507205676618,-0.039082434077152665,-0.039166415508752356,-0.0317154217222682,-0.03460738533220837,-0.02063507205676618,-0.039082434077152665,-0.02376836172974255,-0.02123802821519811,-0.021530881468933474,-0.02039248306921737,-0.021776692869372963,-0.034934946818579206,-0.016649406692163082,-0.03878192492171526,-0.03275950056113217
2022-03-04,-0.06672413975653173,-0.07468242418724744,-0.07586163358759201,-0.07960201848748451,-0.08463609221260027,-0.07851996817302702,-0.07468242418724744,-0.07586163358759201,-0.07960201848748451,-0.08463609221260027,-0.07851996817302702,-0.07700716713760117,-0.07883508078930226,-0.07458069054034634,-0.07659288073472538,-0.09151325584870697,-0.06174971076735433,-0.08967514075626895,-0.0877390416627896,-0.08603081014056511
2022-03-05,0.026293038162143983,0.015996784535898208,0.022642807482712742,0.01900624313741621,0.019549233407134162,0.017944568906340073,0.015996784535898208,0.022642807482712742,0.01900624313741621,0.019549233407134162,0.017944568906340073,0.015266006150951708,0.02624974439782947,0.025700013392559597,0.023433244768411382,0.018349424470761475,0.025239913513156693,0.0315025380290342,0.02943088277159281,0.034724000413762675
2022-03-06,-0.0571688013197313,-0.03199294748151287,-0.055265423683207235,-0.053142839458703725,-0.05720378715920889,-0.03096882754252972,-0.03199294748151287,-0.055265423683207235,-0.053142839458703725,-0.05720378715920889,-0.03096882754252972,-0.03381193439629783,-0.05743989924092051,-0.05766400730662967,-0.06686249902676719,-0.0307535999256831,-0.0653629843265229,-0.0688702297851716,-0.0688702297851716,-0.07110097312372914
2022-03-07,-0.014921924976661961,-0.021445947622587405,-0.006523842780424638,-0.016604480727594084,-0.014493764637982177,-0.021444224944972157,-0.021445947622587405,-0.006523842780424638,-0.016604480727594084,-0.014493764637982177,-0.021444224944972157,-0.023556663712199312,-0.010484861900339615,-0.010484861900339615,-0.011469816285271951,-0.021645489923653408,-0.01970866530453577,-0.016046086788475678,-0.016046086788475678,-0.01533926747538461
2022-03-08,0.021958952027080557,0.02024947773447532,0.027401944098526435,0.030291621160425476,0.03027871144160637,0.0247176820198642,0.02024947773447532,0.027401944098526435,0.030291621160425476,0.03027871144160637,0.0247176820198642,0.02026238745329443,0.029254351963300045,0.029254351963300045,0.01950241605271608,0.02656044555928583,0.02409547502065692,0.017949504784263118,0.017949504784263118,0.016557514708062483
2022-03-09,0.115782344382163,0.04562053664022736,0.08280676688487257,0.08273596536211283,0.08397138237841313,0.04734646255889041,0.04562053664022736,0.08280676688487257,0.08273596536211283,0.08397138237841313,0.04734646255889041,0.044385119623927057,0.08097021262940927,0.08097021262940927,0.08071213732276253,0.0484173273568767,0.10200859105942746,0.07289370502119019,0.07289370502119019,0.07233655610138948
2022-03-10,-0.03887295317715307,-0.04128531532756761,-0.0411332953408603,-0.04104502990616095,-0.039788122620359405,-0.04148059970374647,-0.04128531532756761,-0.0411332953408603,-0.04104502990616095,-0.039788122620359405,-0.04148059970374647,-0.04254222261336915,-0.041389494943880625,-0.041389494943880625,-0.04292806195997125,-0.04379168632466899,-0.03943433270118671,-0.04079587048180142,-0.04079587048180142,-0.04139494769347463
2022-03-11,-0.03073074579035866,-0.01631839632446006,-0.03757420717950817,-0.034035200856521744,-0.04646768344312187,-0.001896602236901908,-0.01631839632446006,-0.03757420717950817,-0.034035200856521744,-0.04646768344312187,-0.001896602236901908,-0.0038859137378599333,-0.03167724686633353,-0.03167724686633353,-0.04661907076570462,-0.005314696177583997,-0.05746371443807843,-0.04891946271500647,-0.04891946271500647,-0.047973415830654204
2022-03-12,-0.005861102952798211,0.0004459232911354083,-0.0035024148882349063,-0.0022428382511920485,-0.0002739454561396798,0.0019173826543969123,0.0004459232911354083,-0.0035024148882349063,-0.0022428382511920485,-0.0002739454561396798,0.0019173826543969123,0.003586597008473423,-0.0035120467589366162,-0.004587113012488788,-0.0058490962408828,0.002362468658004716,-0.006159092789206822,-0.00224636950847744,-0.0056518645781642105,-0.004528701530521187
2022-03-13,-0.02582241608158018,-0.021868717180119224,-0.013023349910729932,-0.033542453079240885,-0.01757062937948404,-0.022473747644142207,-0.021868717180119224,-0.013023349910729932,-0.033542453079240885,-0.01757062937948404,-0.022473747644142207,-0.028202397994112213,-0.024127424062991964,-0.026949458444863687,-0.02422245395249253,-0.021868717180119224,-0.030491883823543064,-0.02866756612530701,-0.03062957138078617,-0.030559779434482515
2022-03-14,0.031033282464511605,0.031091842971473937,0.04374702373129931,0.022209494010327506,0.04222798108829502,0.030776417776919907,0.031091842971473937,0.04374702373129931,0.022209494010327506,0.04222798108829502,0.030776417776919907,0.03074058268433393,0.025603838781532808,0.024235016128689772,0.025603838781532808,0.031091842971473937,0.04625710004853448,0.05059820172897425,0.053579616725096285,0.04506781910232359
2022-03-15,-0.014962241894402917,-0.003476034563366559,-0.014664396105749832,0.0048547742594826195,-0.02172578044558753,0.0014236823540710428,-0.003476034563366559,-0.014664396105749832,0.0048547742594826195,-0.02172578044558753,0.0014236823540710428,-5.1246767155177725e-05,0.0010689289876552935,-0.0017354877734002457,0.0010689289876552935,-0.003476034563366559,-0.02471402335148851,-0.032750001055144626,-0.004039618387779019,-0.03018225718199876
2022-03-16,0.06095479987793806,0.04612559388815867,0.039647165230007934,0.08494281233761983,0.03752811761096036,0.05065652028152767,0.04612559388815867,0.039647165230007934,0.08494281233761983,0.03752811761096036,0.05065652028152767,0.04150903222929823,0.08138808355574995,0.08114603321551726,0.08138808355574995,0.04612559388815867,0.04432317788981095,0.04075684183015431,0.04721643557369579,0.04665648672910412
2022-03-17,-0.00015239961978663792,0.003032792759125225,-0.0008055648578599636,0.009827500789481402,2.5236158172381104e-05,-0.00022007145484537194,0.003032792759125225,-0.0008055648578599636,0.009827500789481402,2.5236158172381104e-05,-0.00022007145484537194,-0.002949343938294868,0.012206552437789632,0.007923619696662198,0.012206552437789632,0.003032792759125225,0.011977968724886589,-0.004194878437744288,-0.008044634377992478,-0.00876580734932475
2022-03-18,0.03701153772611472,0.022665827237717664,0.021789424815099052,0.030052124100461992,0.02002249396080076,0.02446512747108949,0.022665827237717664,0.021789424815099052,0.030052124100461992,0.02002249396080076,0.02446512747108949,0.012656700957668337,0.031244146563864414,0.028841006906943734,0.031244146563864414,0.022665827237717664,0.03373119061550074,0.0208957575936856,0.02695863483992558,0.01911290402232127
2022-03-19,0.028620368198206306,0.01848721823565431,0.01810122163769413,0.04584883930489691,0.01776330873034192,0.017207849188673977,0.01848721823565431,0.01810122163769413,0.04584883930489691,0.01776330873034192,0.017207849188673977,0.03372151709081706,0.023101297480588666,0.04892333023856583,0.02272006533500672,0.018289332580132177,0.0297468281328655,0.03378266192745747,0.02440690512972181,0.030921098808707387
2022-03-20,-0.03620492969731746,-0.025186094316104947,-0.026050092024159956,-0.02280299482984688,-0.026050092024159956,-0.03007822076468396,-0.025186094316104947,-0.026050092024159956,-0.02280299482984688,-0.026050092024159956,-0.03007822076468396,-0.03132316370831177,-0.031018877218882284,-0.02105748674024156,-0.025736149860613657,-0.022730552993457012,-0.033479299757514555,-0.03984802263348511,-0.03179728464920583,-0.04525162122438757
2022-03-21,0.029787234444889645,0.003747355082887238,0.006284036424583595,0.006284036424583595,0.006284036424583595,0.004537254094970522,0.003747355082887238,0.006284036424583595,0.006284036424583595,0.006284036424583595,0.004537254094970522,0.0052132609790891404,0.030948563244402073,0.018887668077579932,0.018887668077579932,0.008225855130341443,0.03303285428238456,0.016682158145899503,0.04317250235713295,0.01777646602525018
2022-03-22,0.010422888041926325,0.028200534446017805,0.04358424835062413,0.04358424835062413,0.04358424835062413,0.03740165172947161,0.028200534446017805,0.04358424835062413,0.04358424835062413,0.04358424835062413,0.03740165172947161,0.04074782795783723,0.036486527544385326,0.03130219808536499,0.03130219808536499,0.04234845140686692,0.033112964065458744,0.01295392143463108,0.03997671330877102,0.011779343912291207
2022-03-23,0.041010770741187044,0.0330087507977177,0.016472700948587063,0.016472700948587063,0.016472700948587063,0.029053201771573132,0.0330087507977177,0.016472700948587063,0.016472700948587063,0.016472700948587063,0.029053201771573132,0.05669371560066709,0.023739164993748646,0.017892733621103777,0.017892733621103777,0.016767010721749933,0.0445007516003714,0.08675018721872778,0.02910728780847687,0.08053904460692737
2022-03-24,0.013074358421526624,0.027914834502613048,0.02191898222107853,0.02191898222107853,0.02191898222107853,0.02600546016099621,0.027914834502613048,0.02191898222107853,0.02191898222107853,0.02191898222107853,0.02600546016099621,0.06110365870855614,0.02719048522005969,0.014175927992326719,0.014175927992326719,0.02088435488028604,0.016121304240390003,0.017756710743273542,0.02760914975066795,0.016723054742321296
2022-03-25,-0.03532743045070821,-0.021461306498924037,-0.013827825519394139,-0.013827825519394139,-0.013827825519394139,-0.018489083407196658,-0.021461306498924037,-0.013827825519394139,-0.013827825519394139,-0.013827825519394139,-0.018489083407196658,-0.025737725467607928,-0.02312797295049136,-0.022231860116460563,-0.022231860116460563,-0.01915997382797676,-0.04365411706139703,-0.04143218722247157,-0.034636073015730635,-0.04690080229615099
2022-03-26,0.016082558351952644,0.014995584251533519,0.004084149785521914,0.014443933962103502,0.021795867640807782,0.017828804960216684,0.014995584251533519,0.004084149785521914,0.014443933962103502,0.021795867640807782,0.017828804960216684,0.01549194067867051,0.020262442468793378,0.016817164261831094,0.016817164261831094,0.014541032573144453,0.003953726168126576,0.010581700985383493,0.025309533291772345,0.012379361294138705
2022-03-27,0.038756663124962204,0.04118803614862108,0.03655893404755198,0.04390249636700406,0.04066697347432196,0.04447549898096064,0.04118803614862108,0.03655893404755198,0.04390249636700406,0.04066697347432196,0.04447549898096064,0.07473213173204196,0.042795878823258825,0.04050687540399674,0.04050687540399674,0.04118803614862108,0.03601320264681185,0.035549276972204336,0.04693545111672439,0.03625677625614336
2022-03-28,0.005628893932982626,0.005120782076551644,-0.004317433012444339,-0.008686907324697258,0.001334005789775339,0.0030313139123171245,0.005120782076551644,-0.004317433012444339,-0.008686907324697258,0.001334005789775339,0.0030313139123171245,0.017449692587053513,-0.0015953202545063937,-0.0015953202545063937,-0.0015953202545063937,0.005120782076551644,-0.014183600082260075,-0.02305080238868889,-0.017444812622949637,-0.02305080238868889
2022-03-29,0.030751345869657755,0.006513446103163845,0.004540576436486421,0.011238568055107456,0.011584499726468378,0.015049902374724323,0.006513446103163845,0.004540576436486421,0.011238568055107456,0.011584499726468378,0.015049902374724323,0.013483841410387743,0.014583743032504383,0.014583743032504383,0.014583743032504383,0.006513446103163845,0.04045980938452277,0.01968239923892994,0.034238233785503995,0.01968239923892994
2022-03-30,0.004111466745451685,0.013542347155801625,0.0010150054524498129,0.005451376551657172,0.0123670405761112,0.018827542359036033,0.013542347155801625,0.0010150054524498129,0.005451376551657172,0.0123670405761112,0.018827542359036033,0.01159879663598775,0.019357442624082722,0.019357442624082722,0.019357442624082722,0.013542347155801625,-0.0050836886295904105,4.7345955148259166e-05,0.0282197342893171,4.7345955148259166e-05
2022-03-31,-0.02936019101956371,-0.028075123250647094,-0.029712744244043132,-0.023883314348613773,-0.02535150353796096,-0.013448238781565067,-0.028075123250647094,-0.029712744244043132,-0.023883314348613773,-0.02535150353796096,-0.013448238781565067,-0.03265331119211441,-0.015362388308359343,-0.015362388308359343,-0.015362388308359343,-0.028075123250647094,-0.03203625185825312,-0.034414299845603534,-0.01875110497127741,-0.034414299845603534
2022-04-01,0.017624637643204655,0.0287868307235446,0.03356050876658874,0.0170368078371862,0.02882724562456287,0.023429566686607985,0.0287868307235446,0.03356050876658874,0.0170368078371862,0.02882724562456287,0.023429566686607985,0.032348497147555326,0.016174813085059705,0.016174813085059705,0.016174813085059705,0.027786830723544598,0.0463128626840703,0.044928551442717735,0.0542549362679296,0.044928551442717735
2022-04-02,0.02027892118735619,-0.01287893370593769,-0.018814767585829912,-0.01130560373865915,-0.019148942534930692,-0.01287893370593769,-0.01287893370593769,-0.018814767585829912,-0.01130560373865915,-0.019148942534930692,-0.01287893370593769,-0.00822898041494382,-0.013758494893557353,-0.015570062415663078,-0.013758494893557353,-0.007091369354063559,-0.003880177830080536,-0.015906869137371,-0.013911065384538998,-0.012428776387459267
2022-04-03,0.012897570688679739,0.017567044152580903,0.0182706662011694,0.02528772439027719,0.0182706662011694,0.017567044152580903,0.017567044152580903,0.0182706662011694,0.02528772439027719,0.0182706662011694,0.017567044152580903,0.01821423609016333,0.019040002443744264,0.023093585469147596,0.019040002443744264,0.01821423609016333,0.03329478408197827,0.03563955368408421,0.05078215039462965,0.0520738059922611
2022-04-04,-0.0039211291924211135,-0.0113328881248669,-0.007124739578606443,-0.0032629157024193665,-0.007124739578606443,-0.0113328881248669,-0.0113328881248669,-0.007124739578606443,-0.0032629157024193665,-0.007124739578606443,-0.0113328881248669,-0.010010623871498404,-0.009745314162519936,-0.017445556269281837,-0.009745314162519936,-0.010010623871498404,-0.03215283868588417,-0.03215283868588417,0.016033372528718705,0.016033372528718705
2022-04-05,-0.027401063695521602,-0.018680591707156014,-0.026411763373403098,-0.0320933485699306,-0.026411763373403098,-0.018680591707156014,-0.018680591707156014,-0.026411763373403098,-0.0320933485699306,-0.026411763373403098,-0.018680591707156014,-0.02605469482375642,-0.029716799888739744,-0.03304334682029688,-0.029716799888739744,-0.02605469482375642,-0.037766100525411364,-0.037766100525411364,-0.0605134526652068,-0.0605134526652068
2022-04-06,-0.08160056674623983,-0.06713019520595354,-0.08004384453417088,-0.0798681425213914,-0.08004384453417088,-0.06713019520595354,-0.06713019520595354,-0.08004384453417088,-0.0798681425213914,-0.08004384453417088,-0.06713019520595354,-0.07091363109709065,-0.08376707182965835,-0.09548131985498587,-0.08376707182965835,-0.07091363109709065,-0.1148475795749059,-0.1148475795749059,-0.10527628295928901,-0.10527628295928901
2022-04-07,0.03205669698755274,0.023709413696795648,0.04256689710969193,0.04420864905716089,0.04256689710969193,0.023709413696795648,0.023709413696795648,0.04256689710969193,0.04420864905716089,0.04256689710969193,0.023709413696795648,0.02198303597580389,0.044404509647689494,0.05292836394217529,0.044404509647689494,0.02198303597580389,0.06498024849089962,0.06498024849089962,0.04630401605740149,0.04630401605740149
2022-04-08,-0.05214001643236752,-0.027827403992240755,-0.035145326468142814,-0.03930604004606349,-0.03427032646814281,-0.028827403992240756,-0.027827403992240755,-0.035145326468142814,-0.03930604004606349,-0.03427032646814281,-0.028827403992240756,-0.030155274233209697,-0.04249845538761981,-0.051459822719756444,-0.04249845538761981,-0.031030274233209698,-0.05889629555152381,-0.05977129555152381,-0.061246604682573993,-0.061246604682573993
2022-04-09,0.021902886016500884,0.015189886910660323,0.015198864188040517,0.018138660959858416,0.020304682379738637,0.014977661265589238,0.015189886910660323,0.015198864188040517,0.018138660959858416,0.020304682379738637,0.014977661265589238,0.01724007682047506,0.016887220624830487,0.018563455959814505,0.01764008913990226,0.013100381654023238,0.028278029374564896,0.022367482339610514,0.02220073033600966,0.015411348133231086
2022-04-10,-0.03526988083611478,-0.01712969108711411,-0.015695092562480518,-0.03738233411365921,-0.02143911437080768,-0.015695092562480518,-0.01712969108711411,-0.015695092562480518,-0.03738233411365921,-0.02143911437080768,-0.015695092562480518,-0.02538356701883493,-0.03618142760361791,-0.0362165768959219,-0.038583403165953614,-0.020623859833057343,-0.04521712097282025,-0.045549741190069666,-0.029780200135067474,-0.049337223542233355
2022-04-11,-0.07900097812690494,-0.06673512780090557,-0.07426697160898198,-0.060591888453293885,-0.0749590092176973,-0.07426697160898198,-0.06673512780090557,-0.07426697160898198,-0.060591888453293885,-0.0749590092176973,-0.07426697160898198,-0.06678272873337343,-0.06389907399249468,-0.06389907399249468,-0.05936418745835666,-0.06987199566806473,-0.07515296816656168,-0.05953471777587008,-0.08453933791088729,-0.06338219597963568
2022-04-12,0.02494109904176387,0.027243595812557378,0.02908206992944016,0.025602400962503727,0.029263930546533916,0.02908206992944016,0.027243595812557378,0.02908206992944016,0.025602400962503727,0.029263930546533916,0.02908206992944016,0.03067166809747488,0.028719806634589066,0.028719806634589066,0.032477618266052485,0.026745734734562855,0.03301604988215647,0.024091266285939564,0.027773759370773865,0.02312688746213274
2022-04-13,0.031122908741210153,0.023624336534595614,0.022295432183304254,0.02149977330188162,0.022524192884821482,0.022295432183304254,0.023624336534595614,0.022295432183304254,0.02149977330188162,0.022524192884821482,0.022295432183304254,0.026507809464108335,0.018382690896260722,0.018382690896260722,0.0208844325740698,0.02851163078353025,0.01904270468524465,0.024621307426234963,0.0242923962649245,0.029954984828053234
2022-04-14,-0.041194371643882004,-0.019770638966146063,-0.02373424558373174,-0.03381665099447673,-0.032545233918093254,-0.02373424558373174,-0.019770638966146063,-0.02373424558373174,-0.03381665099447673,-0.032545233918093254,-0.02373424558373174,-0.027573670583184988,-0.027128075493565974,-0.027128075493565974,-0.032067310552360985,-0.02376921974995889,-0.03025416123561144,-0.02882633125261698,-0.032217705772885206,-0.03528993889045871
2022-04-15,0.007105475079644678,0.026537676132951903,0.02588011549575444,0.004659544237669459,0.010210337732967272,0.02500511549575444,0.026537676132951903,0.02588011549575444,0.004659544237669459,0.010210337732967272,0.02500511549575444,0.014122342897307879,0.018021758798021793,0.018021758798021793,0.002861466332151856,0.02168915636273139,-0.0018080758698005809,0.0006042119761475069,0.012506685148394574,-0.004783441769002712
2022-04-16,0.0024461654027739398,-6.352065742267778e-05,-6.352065742267778e-05,0.0009634938493565432,0.00021565481581300308,0.0022753104726902697,-6.352065742267778e-05,-6.352065742267778e-05,0.0009634938493565432,0.00021565481581300308,0.0022753104726902697,0.001971569969046406,5.41270927511175e-05,5.41270927511175e-05,0.00073018970410261,0.002568266910395554,-0.0009016696405188038,-0.0044006649782953,0.005142810401394216,-0.0014947650007689013
2022-04-17,-0.032939874887106924,-0.028681399237230835,-0.028681399237230835,-0.032891921390032455,-0.03062133923216428,-0.02502163163829352,-0.028681399237230835,-0.028681399237230835,-0.032891921390032455,-0.03062133923216428,-0.02502163163829352,-0.03317699113439754,-0.03302866256440448,-0.03302866256440448,-0.03288650888901566,-0.026961571633226968,-0.02832110631320699,-0.023315400456216342,-0.04124466841597343,-0.03515185441849509
2022-04-18,0.04810284369821512,0.027394267966038346,0.027394267966038346,0.02525474046049654,0.024905252357342977,0.026959867033855025,0.027394267966038346,0.027394267966038346,0.02525474046049654,0.024905252357342977,0.026959867033855025,0.026972640264293624,0.02525474046049654,0.02525474046049654,0.02525474046049654,0.02447085142515966,0.01834642050156501,0.02109540725648351,0.05296953243941465,0.054211107720519625
2022-04-19,0.02754736644048008,0.01534044268417345,0.01534044268417345,0.03827592627825558,0.02342397300114061,0.026120142035564786,0.01534044268417345,0.01534044268417345,0.03827592627825558,0.02342397300114061,0.026120142035564786,0.01719365019685295,0.03827592627825558,0.03827592627825558,0.03827592627825558,0.034203672352531946,0.03718073594384248,0.03174328241076498,0.0440766652770555,0.02771474443368396
2022-04-20,-0.021647380616293302,-0.013387416487072869,-0.013387416487072869,-0.014613012984980613,-0.014338645396138295,-0.012781539527662124,-0.013387416487072869,-0.013387416487072869,-0.014613012984980613,-0.014338645396138295,-0.012781539527662124,-0.01487957987220081,-0.014613012984980613,-0.014613012984980613,-0.014613012984980613,-0.013732768436727551,-0.02797854386408918,-0.022609834568195767,-0.01355444609290233,-0.021630186666278674
2022-04-21,-0.03382754063350584,-0.029733493766886984,-0.029733493766886984,-0.03143679993397397,-0.028987020123048282,-0.03192148441139673,-0.029733493766886984,-0.029733493766886984,-0.03143679993397397,-0.028987020123048282,-0.03192148441139673,-0.03239562039251045,-0.03143679993397397,-0.03143679993397397,-0.03143679993397397,-0.03117501076755802,-0.03901011604183534,-0.0337669230881934,-0.04029516456871323,-0.035301510572804576
2022-04-22,-0.003771856434716155,-0.0101725074650743,-0.0120475074650743,-0.013667340899960353,-0.01130966854978994,-0.010397891373856069,-0.0101725074650743,-0.0120475074650743,-0.013667340899960353,-0.01130966854978994,-0.010397891373856069,-0.015508943821024765,-0.013667340899960353,-0.013667340899960353,-0.013667340899960353,-0.009660052458571707,-0.0015489316746846353,-0.011880062324157477,-0.0011610153132371305,-0.0012788872048572005
2022-04-23,-0.026960391608946217,-0.008481664390080936,-0.006246801692976327,-0.00786028480135038,-0.0065358587848260725,-0.013416223950926816,-0.008481664390080936,-0.006246801692976327,-0.00786028480135038,-0.0065358587848260725,-0.013416223950926816,-0.00723238450227552,-0.00786028480135038,-0.00786028480135038,-0.00786028480135038,-0.006313488355132693,-0.013266517825951635,-0.009884363403384543,-0.005704652094029892,-0.010337209522536632
2022-04-24,-0.019576619398412244,-0.012005411611249463,-0.007488377430309057,-0.007488377430309057,-0.007488377430309057,-0.004077794204959062,-0.012005411611249463,-0.007488377430309057,-0.007488377430309057,-0.007488377430309057,-0.004077794204959062,-0.007488377430309057,-0.007488377430309057,-0.007488377430309057,-0.007488377430309057,-0.007488377430309057,-0.021310956020535565,-0.019425088231476952,-0.015945237167703886,-0.020630167780992317
2022-04-25,0.014775949498671894,0.010700335533362937,0.015371279026863438,0.015371279026863438,0.015371279026863438,0.014709320319381837,0.010700335533362937,0.015371279026863438,0.015371279026863438,0.015371279026863438,0.014709320319381837,0.015371279026863438,0.015371279026863438,0.015371279026863438,0.015371279026863438,0.015371279026863438,0.011500918826657228,0.02001038290101067,0.00020521109450333253,0.017984153096055392
2022-04-26,-0.0900319200802049,-0.06493245980969246,-0.0652740083272861,-0.0652740083272861,-0.0652740083272861,-0.06432874758425555,-0.06493245980969246,-0.0652740083272861,-0.0652740083272861,-0.0652740083272861,-0.06432874758425555,-0.0652740083272861,-0.0652740083272861,-0.0652740083272861,-0.0652740083272861,-0.0652740083272861,-0.07063443649003463,-0.06766696887410284,-0.07005846209920491,-0.06724600336888246
2022-04-27,0.01030545848353821,0.02864673055509459,0.020892334493560587,0.020892334493560587,0.020892334493560587,0.02095239859181466,0.02864673055509459,0.020892334493560587,0.020892334493560587,0.020892334493560587,0.02095239859181466,0.020892334493560587,0.020892334493560587,0.020892334493560587,0.020892334493560587,0.020892334493560587,0.013064821322070276,0.01778319512729594,0.019379439163179902,0.015894995495813902
2022-04-28,-0.01464809906804816,0.004748835027294618,0.015305956127878464,0.015305956127878464,0.015305956127878464,0.011833085991129488,0.004748835027294618,0.015305956127878464,0.015305956127878464,0.015305956127878464,0.011833085991129488,0.015305956127878464,0.015305956127878464,0.015305956127878464,0.015305956127878464,0.015305956127878464,-0.00547834208803819,0.001082973015945554,0.0035035426184304667,-0.005680765208760328
2022-04-29,-0.0816474473589,-0.04418624628665347,-0.04125267439380857,-0.04125267439380857,-0.04125267439380857,-0.04066789965534648,-0.04418624628665347,-0.04125267439380857,-0.04125267439380857,-0.04125267439380857,-0.04066789965534648,-0.04037767439380857,-0.04125267439380857,-0.04125267439380857,-0.04125267439380857,-0.04037767439380857,-0.05219735183372798,-0.0572365791461867,-0.05200062911027528,-0.058796205075659
2022-04-30,-0.10057430072193146,-0.0454211699798901,-0.053393382075050046,-0.035256007510735134,-0.04381821213479366,-0.03170770919224257,-0.0454211699798901,-0.053393382075050046,-0.035256007510735134,-0.04381821213479366,-0.03170770919224257,-0.04060520362264507,-0.06272117595314962,-0.06749989695938167,-0.053393382075050046,-0.05199556824519996,-0.07107835267778966,-0.07250508469226871,-0.07978317498226474,-0.07204018353192529
2022-05-01,0.10913493626032927,0.032713571561718925,0.06148497025057224,0.05285349204750256,0.05081614715301486,0.05223212880851742,0.032713571561718925,0.06148497025057224,0.05285349204750256,0.05081614715301486,0.05223212880851742,0.035111230684107354,0.060423582025362604,0.07291238763539085,0.06148497025057224,0.03369524902860479,0.06550540455022244,0.07806827663696381,0.08273106149665192,0.0976499351545962
2022-05-02,-0.010606683087896918,0.0022662882455475987,-0.012770894243496644,-0.005753627397667849,0.0024528367167788055,-0.0004847534589796478,0.0022662882455475987,-0.012770894243496644,-0.005753627397667849,0.0024528367167788055,-0.0004847534589796478,0.002563379432988433,-0.012332976308484622,-0.015393392957556219,-0.012770894243496644,0.005500969608746886,-0.011690112389851893,-0.006459890199847695,-0.013914746308164118,-0.004416852661000824
2022-05-03,-0.017399815967835,-0.016269605468026627,-0.0001717511194270216,-0.0035896698277416046,-0.0039552333672765,-0.004727410952743538,-0.016269605468026627,-0.0001717511194270216,-0.0035896698277416046,-0.0039552333672765,-0.004727410952743538,-0.017884274766461393,0.0036025371793210643,0.004492825306723458,-0.0001717511194270216,-0.017112097180994358,-0.0006471397481486946,-0.025056124254683447,-0.02302477478433023,-0.01749349772855089
2022-05-04,0.10915566684245809,0.06461618233228439,0.10623901002994637,0.07913006031230094,0.0948705759890903,0.08287248212649395,0.06461618233228439,0.10623901002994637,0.07913006031230094,0.0948705759890903,0.08287248212649395,0.07823542570039628,0.12057820082379794,0.1251313129163925,0.10623901002994637,0.09023351956299264,0.08950422696677718,0.08622490763874137,0.09680823289652085,0.061943602226732036
2022-05-05,-0.09419243537033722,-0.0768820612222037,-0.09662639437384613,-0.07956860874546293,-0.09270530661867285,-0.08303779987702571,-0.0768820612222037,-0.09662639437384613,-0.07956860874546293,-0.09270530661867285,-0.08303779987702571,-0.08024203275946527,-0.10730100748902442,-0.11016980379820884,-0.09662639437384613,-0.0899095395011124,-0.08154313966117813,-0.08074361509839417,-0.08918189260006357,-0.0831301575849061
2022-05-06,-0.03477304470024436,-0.007420757323336536,0.030121508737490532,0.02340394299469093,0.01624239884999832,0.025398976148299314,-0.007420757323336536,0.030121508737490532,0.02340394299469093,0.01624239884999832,0.025398976148299314,-0.008415067987917952,0.026228624440782958,0.023202174463688358,0.030121508737490532,-0.016696645286218944,0.01020189655866646,-0.03225712671099061,-0.03181196757511313,-0.025417246316589343
2022-05-07,-0.060339150086826984,-0.03231068405006479,-0.02260182725767934,-0.025905757910913187,-0.022513461571137757,-0.02846498406486071,-0.03231068405006479,-0.02260182725767934,-0.025905757910913187,-0.022513461571137757,-0.02846498406486071,-0.020804392528585087,-0.029507825914276115,-0.03326389486801455,-0.03494876602877049,-0.020790012506793645,-0.05718881750746949,-0.026181344883135015,-0.0507657218101326,-0.04554832483224762
2022-05-08,-0.03274522502328281,-0.03125468363848614,-0.03627262184098175,-0.02132198976594708,-0.03247440286799965,-0.0359668367170148,-0.03125468363848614,-0.03627262184098175,-0.02132198976594708,-0.03247440286799965,-0.0359668367170148,-0.017722505290865234,-0.02137241866177464,-0.022062651884892717,-0.019321838884615566,-0.017722505290865234,-0.02124920580924916,-0.0153395534624291,-0.015606980003702699,-0.011084487437458873
2022-05-09,-0.25873813877147006,-0.14586567079145724,-0.15084887577971468,-0.14659627129035002,-0.14364326950217438,-0.14294128766595973,-0.14586567079145724,-0.15084887577971468,-0.14659627129035002,-0.14364326950217438,-0.14294128766595973,-0.15259177559310377,-0.15856129210419473,-0.15839176924034373,-0.16926810128426112,-0.15259177559310377,-0.27304699850866637,-0.15097495706088873,-0.18045584013912205,-0.18268704305285755
2022-05-10,-0.05502885366453715,0.05462399013901868,0.05920079494416375,0.048047125713980156,0.05449774678739097,0.05777618995788521,0.05462399013901868,0.05920079494416375,0.048047125713980156,0.05449774678739097,0.05777618995788521,0.042787416989651515,0.05311209558678476,0.05704207086141549,0.04123177852037516,0.042787416989651515,-0.03687922923728242,0.01921843850394831,0.03532721719717542,0.023532321323224987
2022-05-11,-0.4127157873460583,-0.1396546424772141,-0.15399140278026918,-0.15332109626412568,-0.14350774470633493,-0.14930329361847583,-0.1396546424772141,-0.15399140278026918,-0.15332109626412568,-0.14350774470633493,-0.14930329361847583,-0.1553069668993015,-0.17920197324039522,-0.18881751925803053,-0.2515880325073444,-0.1553069668993015,-0.3791401083868028,-0.2331566461571347,-0.30086936102747097,-0.33735214662997487
2022-05-12,-0.27662252663256265,-0.040691482593493686,-0.045247698629919134,-0.05212898648196858,-0.03579905890056055,-0.054065710519600726,-0.040691482593493686,-0.045247698629919134,-0.05212898648196858,-0.03579905890056055,-0.054065710519600726,-0.0383899526114943,-0.0647578332646573,-0.076216408111835,-0.09637651944190778,-0.0383899526114943,-0.24655569018013035,-0.04720078648639717,-0.06464467509210642,-0.08494024251260048
2022-05-13,-0.0379440469677143,0.0582869471302885,0.05349735496654738,0.06287518684590089,0.05361633353553266,0.05947476949238307,0.0582869471302885,0.05349735496654738,0.06287518684590089,0.05361633353553266,0.05947476949238307,0.05122117314697683,0.07700342144644255,0.08027814983643825,0.1355178385365495,0.05122117314697683,-0.02555801719047797,0.10941657102680205,0.16282844193625612,0.2082075393055621
2022-05-14,0.015555485891466417,0.020318690135339233,0.04354742119354414,0.02988592634815152,0.03703012110018612,0.03018784166449119,0.020318690135339233,0.04354742119354414,0.02988592634815152,0.03703012110018612,0.03018784166449119,0.013536365397323252,0.06276530243205458,0.06032355146046797,0.04736354248065843,0.06047682061315969,0.005386297608670894,0.06255392191220277,0.08479841005976703,0.08323625168527582
2022-05-15,0.058531350351123695,0.04525520472572882,0.046953882867072236,0.055752623659455436,0.05758101861026349,0.05789617222127906,0.04525520472572882,0.046953882867072236,0.055752623659455436,0.05758101861026349,0.05789617222127906,0.05612975742635863,0.04381034469796966,0.048311814557724875,0.047208930671412117,0.02916119960717424,0.06740346262171443,0.05278580260685422,0.06901741797314549,0.06477632524843621
2022-05-16,-0.08246516166917034,-0.05534878803169901,-0.08797650395477585,-0.07435784565495558,-0.07349343982844599,-0.0738747939952642,-0.05534878803169901,-0.08797650395477585,-0.07435784565495558,-0.07349343982844599,-0.0738747939952642,-0.07044237212981105,-0.09780473485469075,-0.09186555600135907,-0.08797650395477585,-0.08658831042374915,-0.091691766105645,-0.10891872688120859,-0.09458970794572225,-0.10052888679905392
2022-05-17,0.038426407785584794,0.043551369575051485,0.03794551752817599,0.04636846510750074,0.0440918994106331,0.03869751244823712,0.043551369575051485,0.03794551752817599,0.04636846510750074,0.0440918994106331,0.03869751244823712,0.044962530158294545,0.03950843676825007,0.04149545093823295,0.03794551752817599,0.035107132938957175,0.05381992018648547,0.0538488636465762,0.06369726687881463,0.06171025270883175
2022-05-18,-0.08070780229928098,-0.08072616982833483,-0.10487410861912067,-0.09063383002627207,-0.09711576119314203,-0.08678091092748988,-0.08072616982833483,-0.10487410861912067,-0.09063383002627207,-0.09711576119314203,-0.08678091092748988,-0.09555644843508136,-0.1084053769053457,-0.10161159098782341,-0.10487410861912067,-0.10877243698070334,-0.1099211004368959,-0.12822623709729683,-0.1335536651992238,-0.1403474511167461
2022-05-19,0.043743620748783796,0.05892014488289515,0.056654472654346484,0.048016391302299066,0.046375319413679436,0.046502030472869736,0.05892014488289515,0.056654472654346484,0.048016391302299066,0.046375319413679436,0.046502030472869736,0.04590216483295793,0.04989315867401492,0.05005691621657281,0.056654472654346484,0.061489764362674226,0.0407977888522427,0.06202149887588977,0.0608247485932592,0.06066099105070131
2022-05-20,-0.04063660916784999,-0.036883991558020315,-0.04079966836543143,-0.03638240447605472,-0.037523072815553206,-0.0389515049206355,-0.036883991558020315,-0.04079966836543143,-0.03638240447605472,-0.037523072815553206,-0.0389515049206355,-0.03990686224217423,-0.04429127817577043,-0.04130365081991805,-0.04079966836543143,-0.03632205530912693,-0.044306804769734566,-0.041087258224185394,-0.03771849602033499,-0.04070612337618738
2022-05-21,0.022416831219546726,0.022479350754502057,0.017333338260072953,0.019246187460375402,0.020379241255330596,0.0187674501958878,0.022479350754502057,0.017333338260072953,0.019246187460375402,0.020379241255330596,0.0187674501958878,0.024178035885258208,0.016454617365245852,0.014753971608412913,0.017333338260072953,0.023210592571173555,0.027023902624750108,0.04068306568830582,0.03258999490272805,0.041145818119642824
2022-05-22,0.056429180103448356,0.031702400766880245,0.03438320707228404,0.03438320707228404,0.03793467741750205,0.030189501416533867,0.031702400766880245,0.03438320707228404,0.03438320707228404,0.03793467741750205,0.030189501416533867,0.030877771648679248,0.03380601684125917,0.033614419789662106,0.03438320707228404,0.03514185662184703,0.028509952374795457,0.018862663040546557,0.01985729879482147,0.026240760994624558
2022-05-23,-0.04574158609233208,-0.03381985986578613,-0.042986425806697495,-0.042986425806697495,-0.04708606689475929,-0.047216276577758114,-0.03381985986578613,-0.042986425806697495,-0.042986425806697495,-0.04708606689475929,-0.047216276577758114,-0.03861222870238852,-0.042986425806697495,-0.042986425806697495,-0.042986425806697495,-0.04505660616601368,-0.0505919436919986,-0.05694081792746051,-0.04747363350959806,-0.05605554207491052
2022-05-24,0.02191746888075883,0.027370377110993348,0.01556517337453931,0.01556517337453931,0.013669059200656886,0.013824484292078054,0.027370377110993348,0.01556517337453931,0.01556517337453931,0.013669059200656886,0.013824484292078054,0.025656656072000985,0.01556517337453931,0.01556517337453931,0.01556517337453931,0.02240539856806341,0.02296899894477127,0.030487452553536666,0.0199231342726899,0.02210756223269228
2022-05-25,0.0021552146581752312,-0.0030911731290218956,-0.02444632065811894,-0.02444632065811894,-0.03022737797478581,-0.024079618544507977,-0.0030911731290218956,-0.02444632065811894,-0.02444632065811894,-0.03022737797478581,-0.024079618544507977,-0.00913782156615206,-0.02444632065811894,-0.02444632065811894,-0.02444632065811894,-0.008312168402057861,-0.006634037087018263,-0.01445288613396063,-0.019222748677468093,-0.019494027274714075
2022-05-26,-0.06307396339377455,-0.05586789945209299,-0.06170581477164839,-0.06170581477164839,-0.07081796012273123,-0.06880388522235567,-0.05586789945209299,-0.06170581477164839,-0.06170581477164839,-0.07081796012273123,-0.06880388522235567,-0.07248523944978572,-0.06170581477164839,-0.06170581477164839,-0.06170581477164839,-0.06085324348872272,-0.06964910239613938,-0.07798399194285524,-0.06400495800300154,-0.08634637211103258
2022-05-27,-0.03803775229159285,-0.03361707347361506,-0.03799765574872784,-0.03799765574872784,-0.03480211383829996,-0.045723346783354275,-0.03361707347361506,-0.03799765574872784,-0.03799765574872784,-0.03480211383829996,-0.045723346783354275,-0.04015372548030331,-0.03799765574872784,-0.03799765574872784,-0.03799765574872784,-0.04314417811778112,-0.04964143185672471,-0.04484190307524756,-0.043915189603096726,-0.03882575566648705
2022-05-28,0.031021504761007644,0.0172862963827027,0.028877075039938083,0.028877075039938083,0.03065643457421408,0.022008683935234957,0.0172862963827027,0.028877075039938083,0.028877075039938083,0.03065643457421408,0.022008683935234957,0.022739549359533606,0.028877075039938083,0.027528712815300768,0.029750804247757,0.01892267045376749,0.02513028850243912,0.036265554930236456,0.03460996157931068,0.03747202706958985
2022-05-29,0.008973037541738171,0.007943736201738029,0.01831080972296504,0.01831080972296504,0.015755468135378804,0.007648009108944921,0.007943736201738029,0.01831080972296504,0.01831080972296504,0.015755468135378804,0.007648009108944921,0.007943736201738029,0.01831080972296504,0.015309052762134148,0.02047050101819168,0.007201593735700263,0.01306527097793313,0.05362517568056671,0.04233534991267851,0.05362517568056671
2022-05-30,0.12412427456691286,0.07429292292679729,0.11413545084318966,0.11413545084318966,0.10938520884151517,0.07877110807733759,0.07429292292679729,0.11413545084318966,0.11413545084318966,0.10938520884151517,0.07877110807733759,0.07429292292679729,0.11413545084318966,0.10562476366794354,0.1178989552431994,0.07501066290376596,0.12166474262188434,0.08085120475302068,0.0967254079076092,0.08085120475302068
2022-05-31,-0.011887613728177326,-0.009146695820276917,-0.015214824269374996,-0.015214824269374996,-0.017207184831373804,-0.006422745024329003,-0.009146695820276917,-0.015214824269374996,-0.015214824269374996,-0.017207184831373804,-0.006422745024329003,-0.009146695820276917,-0.015214824269374996,-0.01386104440878837,-0.0198859264336704,-0.003076604601743572,-0.0031129957605294132,0.006769009724615006,0.008024303689105318,0.006769009724615006
2022-06-01,-0.07397026020122403,-0.06064487813012996,-0.07701828125518284,-0.07701828125518284,-0.07855462899899354,-0.06599737880913513,-0.06064487813012996,-0.07701828125518284,-0.07701828125518284,-0.07855462899899354,-0.06599737880913513,-0.06064487813012996,-0.07701828125518284,-0.06779204247693951,-0.08494553646912006,-0.055234792287081086,-0.07747153708168575,-0.11657675762649412,-0.11158541321852544,-0.11657675762649412
2022-06-02,0.025321581163019146,0.019387341325567544,0.024317549414620387,0.024317549414620387,0.025808358988454926,0.0208846744739283,0.019387341325567544,0.024317549414620387,0.024317549414620387,0.025808358988454926,0.0208846744739283,0.019387341325567544,0.024317549414620387,0.02236775737159049,0.02675855530058122,0.017444072857063862,0.028915532745616892,0.031693987591299246,0.042173783719058555,0.031693987591299246
2022-06-03,-0.045486251280185866,-0.03210357100415384,-0.03877084874186456,-0.03877084874186456,-0.03761582535079311,-0.03200253450907502,-0.03210357100415384,-0.03877084874186456,-0.03877084874186456,-0.03761582535079311,-0.03200253450907502,-0.03210357100415384,-0.03877084874186456,-0.03896082433832406,-0.040461363253518345,-0.03422253349660598,-0.03733480281902575,-0.0338085691217177,-0.037174797092489095,-0.0338085691217177
2022-06-04,0.0032901127273214587,0.010821072797654497,0.024166960890455072,0.01463134104404143,0.013197969117194324,0.013680986093514402,0.010821072797654497,0.024166960890455072,0.01463134104404143,0.013197969117194324,0.013680986093514402,0.009201147762960328,0.024848916812671505,0.016553366948518486,0.014632111019647488,0.010340359968924726,-0.0018246474202288675,0.020892954868099348,0.01374348716028316,0.009281766601782815
2022-06-05,-0.006973915492183269,-0.001051103159362343,0.006636438559525249,-0.003161314168318619,-0.001419906639677082,-0.0044321725726546475,-0.001051103159362343,0.006636438559525249,-0.003161314168318619,-0.001419906639677082,-0.0044321725726546475,-0.0021622095940995404,-0.00216232126182092,-0.003545773276538378,-0.003161314168318619,-0.00532385232147723,-0.014046662763630625,-0.022404081803382846,-0.020247230340717626,-0.020215023963865056
2022-06-06,0.015056049259645165,0.020787524478188373,0.04753365541475288,0.05456090104974001,0.04300883600988836,0.020621942526621063,0.020787524478188373,0.04753365541475288,0.05456090104974001,0.04300883600988836,0.020621942526621063,0.0223801221666859,0.055500035080034586,0.0539747924672211,0.05456090104974001,0.036601476419913404,0.025935497850884826,0.0669310735987401,0.022264100645863705,0.05225715090875763
2022-06-07,-0.03191418260793644,-0.009520833739230806,0.006825098154859388,-0.02164151679204738,-0.01391508061630773,-0.01711984019725368,-0.009520833739230806,0.006825098154859388,-0.02164151679204738,-0.01391508061630773,-0.01711984019725368,-0.01369111012602895,-0.006240771025927172,-0.024586125671539973,-0.02164151679204738,-0.02948102674300546,-0.02885751268461023,-0.05467098719667505,-0.03156866004742882,-0.042392234854847444
2022-06-08,-0.014900775916736421,-0.02079282242586118,-0.002424227271650837,-0.009864460544204912,-0.010031596742118577,-0.02014449870566546,-0.02079282242586118,-0.002424227271650837,-0.009864460544204912,-0.010031596742118577,-0.02014449870566546,-0.01704860127090473,0.000628225259289206,-0.004813886169516635,-0.009864460544204912,-0.014749634795375987,-0.01576801711831919,-0.03398626882781952,-0.035744336590252695,-0.039583726764786456
2022-06-09,-0.0006409084290553979,-0.00346244308517627,0.019922706103144217,-0.0010659716493924606,0.003556615086662251,-0.0030104403777450276,-0.00346244308517627,0.019922706103144217,-0.0010659716493924606,0.003556615086662251,-0.0030104403777450276,0.0011929573156107764,0.02696588759904355,0.002448973349332651,-0.0010659716493924606,0.0060724444437402,-0.008684229942551247,-0.00010516588467723853,-0.0040000582066512585,-0.0020736313245784954
2022-06-10,-0.049375850198458165,-0.04553886970299144,-0.08238904696998388,-0.06693197200991645,-0.06779212864896757,-0.047097520570010994,-0.04553886970299144,-0.08238904696998388,-0.06693197200991645,-0.06779212864896757,-0.047097520570010994,-0.044940203284048824,-0.08554337101111366,-0.06502065170580516,-0.06693197200991645,-0.04912118602651227,-0.06475670123702558,-0.06989670944344749,-0.06973657924475514,-0.06478116849659128
2022-06-11,-0.07659413672341409,-0.0499879470484236,-0.06340688319430596,-0.051980116401286275,-0.05206215692408715,-0.0528945649352103,-0.0499879470484236,-0.06340688319430596,-0.051980116401286275,-0.05206215692408715,-0.0528945649352103,-0.06212859693876794,-0.0730109246600932,-0.06810774480486495,-0.06146643960593227,-0.06209534249037217,-0.06677818443807841,-0.08486131536037743,-0.07508892158260706,-0.08887956982860087
2022-06-12,-0.07476192916883331,-0.04627748087885262,-0.08576124669946626,-0.0719713270272492,-0.0683933579721814,-0.05804844030626459,-0.04627748087885262,-0.08576124669946626,-0.0719713270272492,-0.0683933579721814,-0.05804844030626459,-0.06937256857954033,-0.10324680894751534,-0.09548243265268866,-0.08387275204326258,-0.059798228600300686,-0.07899585239163298,-0.09266844355993918,-0.08484472936999438,-0.09003204139095104
2022-06-13,-0.1000241153851405,-0.1377550916961112,-0.07665156237964241,-0.10548222456103122,-0.11817959391254965,-0.12339792707094377,-0.1377550916961112,-0.07665156237964241,-0.10548222456103122,-0.11817959391254965,-0.12339792707094377,-0.11873329683643709,-0.08425237505281072,-0.09202039366145363,-0.1069359273971444,-0.10943541745125503,-0.03837538325913415,-0.045229772226825365,-0.053561176700322996,-0.07058832843022074
2022-06-14,-0.02259270004972922,-0.02304370764457957,0.014537394339979762,0.011692393722606644,-0.014225021939398362,-0.0149903054051308,-0.02304370764457957,0.014537394339979762,0.011692393722606644,-0.014225021939398362,-0.0149903054051308,0.011934403029968444,0.01790872217455346,0.02203922798108169,-0.00022821265971391044,-0.018498441594551898,0.003818378158189327,0.05264327120973303,0.020238894417373057,0.05601844039885569
2022-06-15,0.08957983057409052,0.05882899327166836,0.08002036871691871,0.05761734371985994,0.09185537957973322,0.07072570295585488,0.05882899327166836,0.08002036871691871,0.05761734371985994,0.09185537957973322,0.07072570295585488,0.0562281558263706,0.09407884953368773,0.09217703852753006,0.09518897427410011,0.08971031077340173,0.09218231201790715,0.07690194905921563,0.06179687199255524,0.06766067507979218
2022-06-16,-0.11322708948296441,-0.0964003758823585,-0.1258597328889889,-0.10863165289009104,-0.10728322288754905,-0.09828086378719555,-0.0964003758823585,-0.1258597328889889,-0.10863165289009104,-0.10728322288754905,-0.09828086378719555,-0.11173153627073905,-0.13788562308721358,-0.13914956580348029,-0.11912414606099178,-0.10301828900478802,-0.11070972411410976,-0.1256963004180228,-0.13228786393956976,-0.13905839102358555
2022-06-17,0.022598627324223027,0.015650991915545222,0.01605137953740437,0.017301595410897246,0.013004460486976904,0.014067640716251379,0.015650991915545222,0.01605137953740437,0.017301595410897246,0.013004460486976904,0.014067640716251379,0.017384240406914463,0.024318302615053904,0.03229330345447436,0.017371453513455686,0.027766523410547153,0.016675836790511968,0.014580129937439538,0.01991417331335275,0.014362363917983007
2022-06-18,-0.01570367027396274,-0.07139222090931979,-0.06924581863553476,-0.07339731354775476,-0.055924155181973176,-0.06721797951167927,-0.07139222090931979,-0.06924581863553476,-0.07339731354775476,-0.055924155181973176,-0.06721797951167927,-0.06862586103984716,-0.07781683688921423,-0.07055838138543025,-0.06517250648720153,-0.06007588372042569,-0.024322712388405998,-0.06904661015186207,-0.05538342879027264,-0.0500099488652702
2022-06-19,0.05353501765404922,0.10300080186743364,0.09545161721914425,0.09382051692423019,0.09337669777445586,0.08314022687808648,0.10300080186743364,0.09545161721914425,0.09382051692423019,0.09337669777445586,0.08314022687808648,0.087610336044686,0.08896946853656333,0.0909791418818606,0.09605835927543878,0.08877935931924937,0.06501882827820925,0.0864660026086637,0.09461845137740912,0.08383999475824373
2022-06-20,0.017800142348081558,-0.0025062416613204075,0.0031527248770106603,0.01884991794633255,0.012331134185539728,0.005067609568435905,-0.0025062416613204075,0.0031527248770106603,0.01884991794633255,0.012331134185539728,0.005067609568435905,-0.003694299361806874,0.007148886065945593,0.007148886065945593,0.005490387804788567,0.0021177028005602283,0.009967557974564813,0.024924928060771248,0.02904410130740549,0.0090494048707088
2022-06-21,0.052450601426228996,0.027802560848547313,0.007814298099097972,0.008942082473012382,0.011905081320618073,0.016532941476957455,0.027802560848547313,0.007814298099097972,0.008942082473012382,0.011905081320618073,0.016532941476957455,0.07114770967070316,0.010366088739845769,0.010366088739845769,0.004018285653522136,0.01866911184001694,-0.005349635447773716,0.06812754917209968,0.00415712026640116,0.012023836064582528
2022-06-22,-0.054972675656144235,-0.042519851203037896,-0.03037052820160049,-0.029680565535018834,-0.02605224459112414,-0.027285894421712743,-0.042519851203037896,-0.03037052820160049,-0.029680565535018834,-0.02605224459112414,-0.027285894421712743,-0.04824531068127694,-0.02931565407733967,-0.02931565407733967,-0.03194113536299741,-0.02452616911257806,-0.042224713427008134,-0.06115101247219899,-0.05440331708184421,-0.05126105301243103
2022-06-23,0.05292715797016161,0.05852460651748817,0.08653397200005825,0.0685588108315542,0.06453504366335268,0.06607637056553632,0.05852460651748817,0.08653397200005825,0.0685588108315542,0.06453504366335268,0.06607637056553632,0.06373731262676122,0.06779236573541132,0.06779236573541132,0.08236323588983865,0.06720143455955041,0.06950876691098046,0.08391406300873143,0.08980454889842995,0.08693291401871228
2022-06-24,0.051691405373405955,0.05119095777224437,0.041464793154204864,0.04844616761403671,0.05679580884039031,0.0594224538256843,0.05119095777224437,0.041464793154204864,0.04844616761403671,0.05679580884039031,0.0594224538256843,0.052239329606129495,0.047783852639598945,0.047783852639598945,0.033976156790568514,0.05894379407299184,0.04436736629428746,0.07427776180025039,0.06293934378383764,0.06072768231981633
2022-06-25,0.01179843696929328,0.005479573109383955,0.01794867002066373,0.03289571203909632,0.018041403300141087,0.009453866360060403,0.005479573109383955,0.01794867002066373,0.03289571203909632,0.018041403300141087,0.009453866360060403,0.012207548786607389,0.029826405863393406,0.042992518950810715,0.03449629316691598,0.02203041755596072,0.031472090733580246,0.036911732121134584,0.01941155859214074,0.04059648615669492
2022-06-26,-0.032475983747990926,-0.027542113027928243,-0.04343951627965388,-0.04625218455399807,-0.04343951627965388,-0.017681108614599973,-0.027542113027928243,-0.04343951627965388,-0.04625218455399807,-0.04343951627965388,-0.017681108614599973,-0.02101088756609089,-0.04427166136989846,-0.04559294867126858,-0.04559294867126858,-0.03576328077705407,-0.06684787117008713,-0.07752701245165618,-0.04283938762684574,-0.07535899016521883
2022-06-27,0.00011184657036100677,0.0026333253371953356,-0.01811852820530264,-0.019888470250527687,-0.01811852820530264,-0.010066551924385058,0.0026333253371953356,-0.01811852820530264,-0.019888470250527687,-0.01811852820530264,-0.010066551924385058,0.0011610129106335298,-0.020141542937952964,-0.01417052594399031,-0.01417052594399031,-0.01600294023345088,0.0035058372896545897,-0.023908686163409933,-0.014658746680481484,-0.022865248594457932
2022-06-28,-0.03901459882679577,-0.032209344930938764,-0.04950530743183948,-0.05816653722697252,-0.04950530743183948,-0.04193399930359996,-0.032209344930938764,-0.04950530743183948,-0.05816653722697252,-0.04950530743183948,-0.04193399930359996,-0.03983343422646779,-0.06287927197167649,-0.06333029674606513,-0.06333029674606513,-0.056015788585908124,-0.07147213957257262,-0.06816535166092885,-0.059277550271554375,-0.07052811721965153
2022-06-29,-0.019546045804269552,-0.021226636363789297,-0.019626473473849184,-0.013643582652943876,-0.019626473473849184,-0.017989979588323293,-0.021226636363789297,-0.019626473473849184,-0.013643582652943876,-0.019626473473849184,-0.017989979588323293,-0.017600435508376026,-0.01676421667353898,-0.013916610865757219,-0.013916610865757219,-0.01995994151862155,-0.0074177670329521606,-0.006792045484987819,-0.02129374347329327,-0.012238384629808974
2022-06-30,-0.012046144216913704,-0.0007098694278181215,-0.0026968179212842006,-0.010788582214435795,-0.0026968179212842006,-0.011179772632122133,-0.0007098694278181215,-0.0026968179212842006,-0.010788582214435795,-0.0026968179212842006,-0.011179772632122133,-0.003507871000427598,-0.007474644051061087,0.009790428094050018,0.009790428094050018,-0.013866186517768275,0.0015224425293660193,-0.010878212797093913,0.0028938754801632657,-0.006720668086412497
2022-07-01,-0.004134680317479806,-0.024585802145830483,-0.013297068513925845,-0.015401456612902152,-0.013297068513925845,-0.0313859434467074,-0.024585802145830483,-0.013297068513925845,-0.015401456612902152,-0.013297068513925845,-0.0313859434467074,-0.02793183238796415,-0.0197187148596637,-0.014917972948135414,-0.014917972948135414,-0.04010045187821074,-0.03422276352014571,-0.016218216608171663,0.003049472203526231,0.004554851943495392
2022-07-02,-0.0023578584485059854,0.004166990406830774,0.005378532180315893,0.00465159997089234,-0.004032995884368561,0.0013245319310877988,0.004166990406830774,0.005378532180315893,0.00465159997089234,-0.004032995884368561,0.0013245319310877988,0.002347615480303557,0.003156785570155,0.0024378246468356336,0.0012006454326632422,0.0018892730399626377,0.0032218128688611637,-0.0008744781137875843,-0.00027109353048721105,-0.007835065940728109
2022-07-03,0.009407590274151102,0.010031728328358103,0.018131043110060974,0.013578404547567698,0.0007489941276274338,0.00500266560912557,0.010031728328358103,0.018131043110060974,0.013578404547567698,0.0007489941276274338,0.00500266560912557,0.0010223112378571608,0.01837555839223608,0.013044579866964291,0.015294839557841345,-0.0056449795753312805,0.005735167574723277,0.007785972014005716,0.009101932560194412,0.006298200685210707
2022-07-04,0.03552565037516167,0.03428089066391147,0.05812755549310782,0.06163057836056676,0.04638346980756589,0.04867371384041714,0.03428089066391147,0.05812755549310782,0.06163057836056676,0.04638346980756589,0.04867371384041714,0.06157617905526483,0.06889805243235943,0.06520033178222212,0.07318971832752119,0.056508904996175474,0.05935842543105192,0.04011343616321481,0.059694717833765676,0.04180108663050244
2022-07-05,-0.014997077522253011,-0.00621218732691824,-0.020062259133333593,-0.018205374119148778,-0.017131540941703282,-0.013517422942464809,-0.00621218732691824,-0.020062259133333593,-0.018205374119148778,-0.017131540941703282,-0.013517422942464809,-0.024019438491278078,-0.025561954017627085,-0.029228108290452814,-0.017926948173666024,-0.027526430301092586,-0.019790377770762247,-0.02049660947398209,-0.015042598193956102,-0.0204996822636474
2022-07-06,0.015267542435582928,0.015583554567204838,0.036989030837673506,0.028381983706812733,0.022018850388805827,0.01655084073596951,0.015583554567204838,0.036989030837673506,0.028381983706812733,0.022018850388805827,0.01655084073596951,0.037497620562051415,0.034029005287220505,0.03809595092325013,0.03400364364560395,0.025735717588869417,0.019843046439338586,0.022660463577095058,0.014551588770354985,0.02556663537157671
2022-07-07,0.029185726977411085,0.028344230405796637,0.041338249564210776,0.04238926212208645,0.0416528188584286,0.03635478194293804,0.028344230405796637,0.041338249564210776,0.04238926212208645,0.0416528188584286,0.03635478194293804,0.029766998794520255,0.03817377765568844,0.039719570079472355,0.0396157706643804,0.038767762321840586,0.03777427515844876,0.039941351274168785,0.032774763278222756,0.031974781920544176
2022-07-08,-0.006985721009685043,-0.005678345966379306,-0.029497473541323704,-0.03738621460817357,-0.018135557172932554,-0.01814621999206538,-0.005678345966379306,-0.029497473541323704,-0.03738621460817357,-0.018135557172932554,-0.01814621999206538,-0.03157529566975212,-0.029950026621585676,-0.031034627211344423,-0.028950919272096476,-0.02872579299899025,-0.03301467194761815,-0.016079616952211738,-0.024955741033152543,-0.01637998316858313
2022-07-09,0.01625276950516037,0.012204028400159217,0.02032714251984507,0.022722070374399946,0.004957411301968638,0.0072557963213810564,0.012204028400159217,0.02032714251984507,0.022722070374399946,0.004957411301968638,0.0072557963213810564,0.015860745914501297,0.021294663473150628,0.02564410513286089,0.019034185347444235,0.01939171765053927,0.016601197708500163,0.010635238606502277,0.00497046517273584,0.011580248141525917
2022-07-10,-0.03363215113920019,-0.0377652075430992,-0.04649723588574614,-0.04774680741367952,-0.04011088966935272,-0.04011088966935272,-0.0377652075430992,-0.04649723588574614,-0.04774680741367952,-0.04011088966935272,-0.04011088966935272,-0.03761233805572292,-0.043939521259514586,-0.04288240312459035,-0.04974942396674307,-0.04850608550205307,-0.015440925058997678,-0.03172905803115944,-0.03273287461926333,-0.03781761296715076
2022-07-11,-0.05441246667825139,-0.04319820917022457,-0.05769775200316747,-0.06883669987158741,-0.052942702398510004,-0.052942702398510004,-0.04319820917022457,-0.05769775200316747,-0.06883669987158741,-0.052942702398510004,-0.052942702398510004,-0.06389166409540023,-0.07409910368820119,-0.08272324233976266,-0.07195509045854707,-0.07654940947368977,-0.08432528622944188,-0.055312433362233376,-0.05334910298760552,-0.0537986895149766
2022-07-12,-0.02314242866635898,-0.021607031371180495,-0.019800119986402766,-0.022283922385895896,-0.028052791873820107,-0.028052791873820107,-0.021607031371180495,-0.019800119986402766,-0.022283922385895896,-0.028052791873820107,-0.028052791873820107,-0.029784504076460605,-0.024970204820061136,-0.025035306567329108,-0.017292737913975897,-0.030643634942581266,-0.02136143327243576,-0.034483843596868825,-0.02027142476511137,-0.02234520179482613
2022-07-13,0.039908187049263466,0.04132885286668695,0.04929640902122863,0.06515670861122062,0.05466510287991459,0.05466510287991459,0.04132885286668695,0.04929640902122863,0.06515670861122062,0.05466510287991459,0.05466510287991459,0.05583591796055125,0.06604971675266573,0.06642264689554311,0.07074131591405734,0.06278137229318195,0.04235484687194006,0.049572097650989556,0.04632360835669891,0.049792022312401804
2022-07-14,0.02088221996990325,0.01984683764809403,0.03862043052091346,0.0415568533381514,0.04339701699328265,0.04339701699328265,0.01984683764809403,0.03862043052091346,0.0415568533381514,0.04339701699328265,0.04339701699328265,0.026280842011124243,0.05703278565224311,0.03779382253526001,0.04394059225314431,0.047748702289254256,0.027508461192267467,0.03970597403170961,0.038492666836225944,0.029945371998263817
2022-07-15,0.004516344447398417,0.0035278011012866094,0.00241097086937268,-0.001738826701477532,0.008177996217202504,0.008177996217202504,0.0035278011012866094,0.00241097086937268,-0.001738826701477532,0.008177996217202504,0.008177996217202504,-0.003676784368060932,-0.002569051606908585,0.00033299255853818646,-0.003649949910302182,-0.002238174734418825,-0.002856634653111984,0.009265691656615064,0.0021912496062358507,0.0082732220626401
2022-07-16,0.02704639919660239,0.03557170344112115,0.05149928655674904,0.05795101120116304,0.058234435871701545,0.05177317759653022,0.03557170344112115,0.05149928655674904,0.05795101120116304,0.058234435871701545,0.05177317759653022,0.04237433065403873,0.05722496346675214,0.04443917888460728,0.05109144851518646,0.04964906689291919,0.026257738908334043,0.04411316163052794,0.025274987171299168,0.04704436548501657
2022-07-17,-0.016981793421622718,-0.018208615342610604,-0.018103926762368584,-0.024104467539596896,-0.018103926762368584,-0.009799496842252365,-0.018208615342610604,-0.018103926762368584,-0.024104467539596896,-0.018103926762368584,-0.009799496842252365,-0.019801360165570235,-0.006212927152850378,-0.009938574531949662,-0.01650038761705524,-0.003791113591648898,-0.029664984702542686,-0.022387039533849618,-0.02797279399719741,-0.01892141048367666
2022-07-18,0.0615761398642627,0.06480839412103126,0.10136549772863677,0.13889674212267983,0.10136549772863677,0.0793658746643442,0.06480839412103126,0.10136549772863677,0.13889674212267983,0.10136549772863677,0.0793658746643442,0.1107878549564002,0.11864758296591234,0.1099587282433622,0.14151199303934045,0.10116785866948722,0.07880073162862909,0.087319950603663,0.06649507506114279,0.08904306940680846
2022-07-19,0.031649287101280565,0.027062610667676082,0.014319475415391981,0.012614719503266028,0.014319475415391981,0.005500334286618291,0.027062610667676082,0.014319475415391981,0.012614719503266028,0.014319475415391981,0.005500334286618291,0.021641258966564103,0.019698067200948202,0.027327500827186782,0.02421379560702628,0.03634426235534987,0.021280017297508527,0.006849911745410785,0.04305501965523193,0.020504549827612472
2022-07-20,-0.03766690028889193,-0.02817726349822345,-0.025573137126071836,-0.03558761913940514,-0.025573137126071836,-0.018848704307519573,-0.02817726349822345,-0.025573137126071836,-0.03558761913940514,-0.025573137126071836,-0.018848704307519573,-0.050241736903202355,-0.04082831230296185,-0.06098905968804414,-0.058429820719827615,-0.05249101692415725,-0.06094288189610917,-0.026671076682330777,-0.04686166617067351,-0.040290950634396056
2022-07-21,0.01047180682034783,0.011822352286601202,0.025521029170142318,0.034390462868210014,0.025521029170142318,0.01651872583549474,0.011822352286601202,0.025521029170142318,0.034390462868210014,0.025521029170142318,0.01651872583549474,0.01887463199853308,0.024859348711426657,0.03317672390003543,0.055291761041171755,0.01752801425473976,0.05257688763826893,0.023783751558670276,0.04312093895456995,0.021786374150050934
2022-07-22,-0.02328097580636368,-0.021015774567251254,-0.02643116052070576,-0.03358944488364242,-0.02730616052070576,-0.02307468509703061,-0.021015774567251254,-0.02643116052070576,-0.03358944488364242,-0.02730616052070576,-0.02307468509703061,-0.041155643988404586,-0.039148988568701394,-0.0375721991601979,-0.05133084735993375,-0.04135874153621415,-0.0445601654728424,-0.0277061359196704,-0.036264985360622996,-0.025364068261597164
2022-07-23,0.00916126587129158,0.010390254532155542,-0.002031481260154044,-0.002166790457628108,0.009424116382331076,-0.0020944508475968285,0.010390254532155542,-0.002031481260154044,-0.002166790457628108,0.009424116382331076,-0.0020944508475968285,0.01841943451083468,-0.007343647149549827,0.0011200595719945928,-0.003352925005411758,0.00888120822254317,-0.004499377422433768,0.002491424888352634,-0.00984395841603191,0.004902711996880171
2022-07-24,0.003145655248908441,0.00012701576668843178,0.008393136522029531,-0.002177395940144547,0.00012701576668843178,0.000620922525370582,0.00012701576668843178,0.008393136522029531,-0.002177395940144547,0.00012701576668843178,0.000620922525370582,-0.011988156718632471,-0.0005306029105212618,-0.002855126303207545,0.0006963570733732801,-0.010187372555607555,0.0005154946177429397,0.008648903710229907,0.0030539970661198406,0.0063540740667306535
2022-07-25,-0.06839388860914462,-0.06035711572859,-0.0656241010825363,-0.08103727584798183,-0.06035711572859,-0.06262164200542197,-0.06035711572859,-0.0656241010825363,-0.08103727584798183,-0.06035711572859,-0.06262164200542197,-0.09983730544197278,-0.07379472697650671,-0.08420226766795677,-0.10070512414399167,-0.1051969487261997,-0.09139396600954325,-0.07083573382150968,-0.06756266284105202,-0.07356733699870888
2022-07-26,0.004992644753338338,0.00607953367100802,0.010392409407460402,0.0074484132718103625,0.00607953367100802,0.011141476366165672,0.00607953367100802,0.010392409407460402,0.0074484132718103625,0.00607953367100802,0.011141476366165672,-0.004066061023256596,0.010787187591359394,0.008518864242447766,0.002251283435363783,0.00014058648375634385,0.021908781160855154,0.02612756408624735,0.007106627436602642,0.028276020800475712
2022-07-27,0.09597398698904316,0.07560240583840536,0.08279982163486177,0.0945450073974738,0.07560240583840536,0.07204669953356979,0.07560240583840536,0.08279982163486177,0.0945450073974738,0.07560240583840536,0.07204669953356979,0.09184805709591927,0.08963972763779249,0.1052630551665544,0.11890369713884202,0.10341650369959923,0.15868630186473187,0.13121380936527008,0.09139563142250268,0.13110102250062222
2022-07-28,0.027846921990278252,0.023666717860316266,0.033778249296379896,0.03456078056394887,0.023666717860316266,0.028517629030930004,0.023666717860316266,0.033778249296379896,0.03456078056394887,0.023666717860316266,0.028517629030930004,0.027797674157579035,0.03193753721830533,0.04357479023527917,0.04109516367230226,0.03764449585573933,0.08139062343396297,0.07364363179225024,0.03225459742623786,0.0771553881240871
2022-07-29,0.001594948301018056,0.010210782775343399,0.006450616542800438,0.010062872601359412,0.010210782775343399,0.0058536555770707845,0.010210782775343399,0.006450616542800438,0.010062872601359412,0.010210782775343399,0.0058536555770707845,0.02008605315126422,0.009726284391069779,-0.01302739472412757,0.0008044751216942192,0.01145109830848246,0.0009750141489990108,0.008140795343194365,-0.005905827255740331,0.006169976816827762
2022-07-30,-0.006028280747397518,0.0071751970807828035,0.0025834311589396867,-0.0010844093119176468,0.0071751970807828035,0.008009653796618622,0.0071751970807828035,0.0025834311589396867,-0.0010844093119176468,0.0071751970807828035,0.008009653796618622,0.0448896183705869,0.004488048419159136,-0.013327400679117115,-0.009649022639423452,0.002782788188300245,-0.016294736954553236,-0.013474273732687458,-0.005335083688750999,-0.010423367425127616
2022-07-31,-0.02933947754696673,-0.01510522224509061,-0.01345420908476065,-0.016948543992034583,-0.01510522224509061,-0.015766076528723437,-0.01510522224509061,-0.01345420908476065,-0.016948543992034583,-0.01510522224509061,-0.015766076528723437,0.017477012455052898,-0.016948543992034583,-0.01919951816460965,-0.015643465207339745,-0.013019753063158926,-0.026311592057345724,-0.024684613220513567,-0.011448003038961607,-0.018771830779300804
2022-08-01,-0.008889141968030012,0.001059411747376804,-0.0032083760774693553,0.0037712059453663526,0.001059411747376804,0.0036097401232832787,0.001059411747376804,-0.0032083760774693553,0.0037712059453663526,0.001059411747376804,0.0036097401232832787,-0.018890119229937018,0.0037712059453663526,0.0017564660671373525,0.0007458415971830724,-0.006891395890114894,-0.011539454232392133,-0.010858522044654317,-0.0025490696839580275,-0.010670463466393732
2022-08-02,0.01015136087293753,-0.016768752059667037,-0.010407311717058044,-0.022245922884275737,-0.016768752059667037,-0.016123751720382273,-0.016768752059667037,-0.010407311717058044,-0.022245922884275737,-0.016768752059667037,-0.016123751720382273,-0.038162161147481055,-0.022245922884275737,-0.024988441632129432,-0.015291915588866334,-0.034383675802762914,0.005181943508214392,0.002639204219904312,0.00047816706072123483,-0.0029439992653248048
2022-08-03,0.026900597221604827,0.007444697634084352,0.004188628672471962,0.007281880845669009,0.007444697634084352,0.004820122440308339,0.007444697634084352,0.004188628672471962,0.007281880845669009,0.007444697634084352,0.004820122440308339,-0.0004046337028233314,0.007281880845669009,0.009139850999366672,0.013852031850528813,0.003462860585417626,0.034550588420177754,0.0020902070818651585,0.023387871329944243,-0.0074200402221589416
2022-08-04,-0.000965150177265282,0.011577537159894891,0.010636526324188832,0.02242409974116937,0.011577537159894891,0.0150387368875196,0.011577537159894891,0.010636526324188832,0.02242409974116937,0.011577537159894891,0.0150387368875196,0.014288574685264833,0.02242409974116937,0.009430304249302402,0.015165415145713346,0.021765678883102435,0.0032096552960560604,0.003315578006630027,0.006453735795175274,-0.00013958014515606972
2022-08-05,0.04781215784272862,0.020564523785822054,0.030506791308080716,0.02821885076334792,0.019689523785822054,0.020218656135120066,0.020564523785822054,0.030506791308080716,0.02821885076334792,0.019689523785822054,0.020218656135120066,0.03021287780142979,0.028218850763347923,0.047026243428421766,0.03785621163406601,0.04650091273294551,0.06296154868807935,0.04683725820900124,0.04490261448892097,0.05652942092887303
2022-08-06,-0.016796432563031302,-0.014525746313252054,-0.01264305578563958,-0.008831573061974992,-0.005895572619948238,-0.0151282408296402,-0.014525746313252054,-0.01264305578563958,-0.008831573061974992,-0.005895572619948238,-0.0151282408296402,0.004559189889501372,-0.007187785501597912,-0.012105681194572497,-0.011390775599015775,-0.01867293100373031,-0.014652070185847892,-0.013947694518568279,-0.014404356925604538,-0.013909172325675857
2022-08-07,-0.0051636175397573375,0.010031115029197313,0.008683963207691959,0.02176703110263514,0.005787756900413866,0.009194832477100867,0.010031115029197313,0.008683963207691959,0.02176703110263514,0.005787756900413866,0.009194832477100867,0.008149721290359027,0.00777829187226662,0.022748663389085124,0.0235078755548616,0.019926360636520493,0.0068680345888070485,0.0077233013954377105,0.0048232098625394645,0.0009770530307702252
2022-08-08,0.005766768697269509,0.018901041667012432,0.02069956944905367,0.02874597847862575,0.008436087226022427,0.022149540471091855,0.018901041667012432,0.02069956944905367,0.02874597847862575,0.008436087226022427,0.022149540471091855,0.025640944118738275,0.019009580771487757,0.027479975129179032,0.03930424281211824,0.029913709258903777,0.002678072593794001,0.021123412501917873,0.005681962262874318,0.02206452180344716
2022-08-09,-0.05221409875604655,-0.03649989315130895,-0.02513676694007423,-0.0324630712930859,-0.03040164307242208,-0.030083961646601234,-0.03649989315130895,-0.02513676694007423,-0.0324630712930859,-0.03040164307242208,-0.030083961646601234,-0.034032163952377,-0.027733878140392985,-0.02952030224643596,-0.02949768785709435,-0.02366378192908767,-0.03896008353696219,-0.02895707319125962,-0.038496168961739796,-0.04451274568254056
2022-08-10,0.05026196991275098,0.038239091078357434,0.04089685650144048,0.04589909629898421,0.043226243156962815,0.04137766185040004,0.038239091078357434,0.04089685650144048,0.04589909629898421,0.043226243156962815,0.04137766185040004,0.05381111171588056,0.04640077310363329,0.04713912389629447,0.056967373852545314,0.05269671941310139,0.05870260774034902,0.048345504212451075,0.04628865112808871,0.05654718211057874
2022-08-11,-0.004204318651824404,-0.0027376088470830507,-0.001197798829257813,-0.0033012804737456046,-0.0013938264296736507,0.00024328189018081277,-0.0027376088470830507,-0.001197798829257813,-0.0033012804737456046,-0.0013938264296736507,0.00024328189018081277,-0.012852434630344623,0.016226928044023103,-0.0026498596730608615,0.006542806710960346,-0.01735134245612373,0.0009380805452291457,0.0157113360811183,-0.013509413440288266,0.022827553708784684
2022-08-12,0.0229785703587303,0.010015867905200482,0.013882822814482235,0.021410781657079464,0.011824059406712278,0.017561964928695974,0.010015867905200482,0.013882822814482235,0.021410781657079464,0.011824059406712278,0.017561964928695974,0.02958134604973102,0.019502153394945213,0.02711099309094898,0.03209959219438268,0.02099458895659241,0.022969720231519577,0.01887376347640571,0.022808403053937214,0.026902920587841966
2022-08-13,-0.024256140886529852,-0.001166274136774459,-0.001166274136774459,-0.0014694316504226287,-0.002047496804390098,-0.001166274136774459,-0.001166274136774459,-0.001166274136774459,-0.0014694316504226287,-0.002047496804390098,-0.001166274136774459,-0.003207668819534075,-0.004487538707940222,-0.0051986284804655895,-0.004784118766558828,-0.0028424654404925597,-0.015674203257208676,-0.006016627949641467,-0.012113320167842709,-0.0032902291989689
2022-08-14,-0.03114820909642771,-0.0074171222129391316,-0.0074171222129391316,-0.010212163148774333,-0.010212163148774333,-0.0074171222129391316,-0.0074171222129391316,-0.0074171222129391316,-0.010212163148774333,-0.010212163148774333,-0.0074171222129391316,-0.010386862733053065,-0.019963199522013465,-0.024940672311285293,-0.019963199522013465,-0.004944750864379876,-0.02418225434094086,-0.02165158351093557,-0.022993117274352208,-0.024831935648018236
2022-08-15,-0.008632645631718195,-0.0129420783833345,-0.0129420783833345,-0.00886436481395443,-0.00886436481395443,-0.0129420783833345,-0.0129420783833345,-0.0129420783833345,-0.00886436481395443,-0.00886436481395443,-0.0129420783833345,-0.015640910925596475,-0.012102455338455132,-0.021026849118012603,-0.012102455338455132,-0.026000559405986,-0.0009352045969351457,-0.0057327207896009655,-0.007773209733980901,-0.00945860665114846
2022-08-16,-0.019492409134117695,0.001623559377496764,0.001623559377496764,-0.002910153953157435,-0.002910153953157435,0.001623559377496764,0.001623559377496764,0.001623559377496764,-0.002910153953157435,-0.002910153953157435,0.001623559377496764,-0.0038817946372349263,-0.007543376419431303,-0.010415977008249566,-0.007543376419431303,0.004320933165438823,-0.016193071861255515,-0.01569253690011372,-0.01719471940036208,-0.018098850855800385
2022-08-17,-0.01850769346180244,-0.015501717767476664,-0.015501717767476664,-0.017381043360437266,-0.017381043360437266,-0.015501717767476664,-0.015501717767476664,-0.015501717767476664,-0.017381043360437266,-0.017381043360437266,-0.015501717767476664,-0.029750562034851873,-0.0197823910972637,-0.024409776625101534,-0.0197823910972637,-0.03214525765159855,-0.00922554738234993,-0.02138312475241444,-0.02513782745080473,-0.026216272861571084
2022-08-18,-0.06836585846364117,-0.016144541567588468,-0.016144541567588468,-0.013168493450326425,-0.013168493450326425,-0.016144541567588468,-0.016144541567588468,-0.016144541567588468,-0.013168493450326425,-0.013168493450326425,-0.016144541567588468,-0.02368931852237819,-0.02272387885747655,-0.02244110622003983,-0.02272387885747655,-0.028103732142333353,-0.05464976196105467,-0.023590924702033077,-0.030261711484959576,-0.029943488067817284
2022-08-19,-0.10047567107312344,-0.08351369341623098,-0.08438869341623098,-0.0891332687447205,-0.0900082687447205,-0.08351369341623098,-0.08351369341623098,-0.08438869341623098,-0.0891332687447205,-0.0900082687447205,-0.08351369341623098,-0.09425385879224184,-0.07691019280337089,-0.08713840047351587,-0.07691019280337089,-0.0860056944169955,-0.10448921021870941,-0.09803661472901994,-0.099955244714746,-0.09532521400962479
2022-08-20,-0.007967649203924676,0.013658275909596897,0.008332072591443212,0.006048224082850219,0.0009113022420200513,0.008937050782116242,0.013658275909596897,0.008332072591443212,0.006048224082850219,0.0009113022420200513,0.008937050782116242,-0.003091312041499195,0.006844110509108113,-0.014307359536753371,-0.01839977823861176,-0.021717814739418455,-0.012558251941808533,-0.007316749176337115,0.0021819082915089092,-0.0023068880471582504
2022-08-21,0.0353943155825287,0.02766124241078645,0.02819250115779126,0.01984254886991437,0.024177323373180973,0.02686893703215132,0.02766124241078645,0.02819250115779126,0.01984254886991437,0.024177323373180973,0.02686893703215132,0.033267050166193024,0.027294098318394647,0.02334011490195378,0.030842669130848408,0.030387822751367158,0.03996840355790372,0.03514844951438465,0.022121133386526236,0.021729684771225034
2022-08-22,0.0015611499452007557,-0.006719782245879369,-0.005390787345697512,0.003927728688192378,0.012140763220513762,-0.0028994950745132586,-0.006719782245879369,-0.005390787345697512,0.003927728688192378,0.012140763220513762,-0.0028994950745132586,-0.002849743983122964,-0.0028531775206115826,-0.0003901487978227088,0.0027378145922518637,-0.0020423330498842585,0.01786598304332874,0.009208240051933526,0.0082881677014508,0.00762055677368352
2022-08-23,0.01838141074282631,0.006999598245157745,0.01015556733665135,0.009698904660854435,0.023948993308277575,0.009721577386008828,0.006999598245157745,0.01015556733665135,0.009698904660854435,0.023948993308277575,0.009721577386008828,0.031378767205206645,0.009724600893781733,0.04313929659488922,0.03986206728424202,0.03940307203236096,0.023080834267550053,0.02589617404124476,0.02530988898916999,0.0317234979026237
2022-08-24,0.006622334949234055,-0.01051309345390179,-0.010654235819946269,-0.010146913371671529,0.0037764956619272157,-0.009912378738068429,-0.01051309345390179,-0.010654235819946269,-0.010146913371671529,0.0037764956619272157,-0.009912378738068429,0.0055616741043382776,-0.012425670374478125,0.0034460867290569304,0.0038547121549895374,0.0098098183191659,0.021133447460684865,0.015955542061564867,0.013540496291848194,0.018369058410265975
2022-08-25,0.006774152763683429,0.012931359938875266,0.015560120185454942,0.011136484479820786,0.0051640186962414346,0.013773154631452612,0.012931359938875266,0.015560120185454942,0.011136484479820786,0.0051640186962414346,0.013773154631452612,0.005460945046122845,0.014674734045073336,0.006197924925192667,0.012645678152467267,0.004505553689006182,0.01202100467140688,0.017423672538157933,0.013623309085190495,0.019379370915208586
2022-08-26,-0.09782141099694833,-0.062184101386376714,-0.0786248701191905,-0.06678739710757801,-0.06792099890111689,-0.06617982351707336,-0.062184101386376714,-0.0786248701191905,-0.06678739710757801,-0.06792099890111689,-0.06617982351707336,-0.08363223973418303,-0.07660615603781946,-0.09394709537516059,-0.10428131038755366,-0.0967446421514312,-0.09528942554112997,-0.08620086882064362,-0.06923322491939381,-0.09197787098392592
2022-08-27,-0.023555901820085497,-0.00045675017936754915,-0.007755495233489531,-0.00930988201060825,-0.004208335736328227,-0.003979883599905398,-0.00045675017936754915,-0.007755495233489531,-0.00930988201060825,-0.004208335736328227,-0.003979883599905398,-0.000845584870849046,-0.003491299821408725,-0.013172940319235547,-0.012079691662275564,0.004102889233505429,-0.008324825495743239,-0.017175344799634118,-0.01238950629006509,-0.01733122793365615
2022-08-28,-0.05002168625723878,-0.01633923120540546,-0.029994541967429098,-0.03627927459302363,-0.029994541967429098,-0.026473117186983752,-0.01633923120540546,-0.029994541967429098,-0.03627927459302363,-0.029994541967429098,-0.026473117186983752,-0.03680903306593661,-0.031911072010385344,-0.04419064807493992,-0.04430260624818311,-0.03621717801457416,-0.027704962368325894,-0.03791202508606626,-0.03828034993776307,-0.04039345879523577
2022-08-29,0.08770399241513052,0.03660927789668325,0.05460604655368386,0.05481669543930213,0.05460604655368386,0.04518746827930987,0.03660927789668325,0.05460604655368386,0.05481669543930213,0.05460604655368386,0.04518746827930987,0.0505860464361081,0.05879149604290107,0.06982932550966235,0.06982932550966235,0.05097042549161045,0.05530282204451327,0.06496480281031075,0.056595172127042126,0.06450761279411564
2022-08-30,-0.014448706683635182,-0.017616664625341505,0.0016769848303446857,0.0004896445248276258,0.0016769848303446857,-0.011123559843797514,-0.017616664625341505,0.0016769848303446857,0.0004896445248276258,0.0016769848303446857,-0.011123559843797514,-0.01446499909331358,-0.0009155602177963965,-0.019558226737532627,-0.019558226737532627,-0.016175714904324345,-0.007299963156325929,-0.009741475510391106,-0.011044760404517495,-0.009262934629989127
2022-08-31,0.0010635843986867015,0.00033536898846908626,-0.0013984163986489719,0.0009183114862607589,-0.0013984163986489719,0.0010750890802605712,0.00033536898846908626,-0.0013984163986489719,0.0009183114862607589,-0.0013984163986489719,0.0010750890802605712,-0.0001650756936412371,-0.0058000552687295535,0.003087416272813637,0.003087416272813637,-0.000368843189630486,-0.0039257757621500525,0.0033302164386282314,-0.0016144447538166686,0.001536139120945102
2022-09-01,0.04217539861305322,0.017009324859822452,0.019467798871943366,0.0234081952964458,0.019467798871943366,0.007242169141826672,0.017009324859822452,0.019467798871943366,0.0234081952964458,0.019467798871943366,0.007242169141826672,0.000743518852586678,0.018506921004894195,0.036513749560733146,0.036513749560733146,0.0024433281468679412,0.031506150923653234,0.02289842136818887,0.022471023699496852,0.025381750385325884
2022-09-02,-5.657196344328484e-05,0.005346912088126011,-0.008756084654548555,-0.009201880002704433,-0.009631084654548556,-0.0068605186237947315,0.005346912088126011,-0.008756084654548555,-0.009201880002704433,-0.009631084654548556,-0.0068605186237947315,-0.011327460844770694,-0.010352120529901218,-0.007464759085575263,-0.0074647590855752635,-0.008523081465690625,0.0023846083200630675,-0.009614521679337382,-0.011166211026626162,-0.00885096419921387
2022-09-03,-0.002914332648152218,0.01099919740542028,-0.005821759378701752,-0.0015019642839808835,-0.00769329238726248,-0.0027182248437406468,0.01099919740542028,-0.005821759378701752,-0.0015019642839808835,-0.00769329238726248,-0.0027182248437406468,0.012790084311358915,0.01144077443174947,0.017887758896213506,0.01303479039750013,0.028212799949023325,0.0012556668281023978,-0.005821759378701752,-0.0024734459833258395,-0.0056452154876465155
2022-09-04,0.018452403895487347,0.014807576599927642,0.014616170546161556,0.01342192952431045,0.02234039996164996,0.007948945951397057,0.014807576599927642,0.014616170546161556,0.01342192952431045,0.02234039996164996,0.007948945951397057,0.019965254036962865,0.005083721443941691,0.00892568163611327,0.013062555497997529,-0.0020700217855395206,0.002469235720850471,0.014616170546161556,0.010175550084487495,0.014131120696411606
2022-09-05,0.03225142484215724,-0.006676841064628847,-0.006724366273753036,-0.006812991237200828,0.0009728674482300864,0.00022715053221058525,-0.006676841064628847,-0.006724366273753036,-0.006812991237200828,0.0009728674482300864,0.00022715053221058525,-0.001175577676714367,-0.0030957892381961996,-0.007333280624560779,-0.00837067709611572,-0.006260787995834294,-0.0035732739237895233,-0.006724366273753036,-0.014326735764765931,-0.003966251419970868
2022-09-06,-0.09458523201469644,-0.049181967739969634,-0.06215261422578764,-0.04853477066432503,-0.07116869663943512,-0.04204376289328707,-0.049181967739969634,-0.06215261422578764,-0.04853477066432503,-0.07116869663943512,-0.04204376289328707,-0.052485836626577416,-0.06119749963346904,-0.06414638454687949,-0.06639546861851604,-0.07096982041801261,-0.06728033956513085,-0.06215261422578764,-0.0661876518917919,-0.05901619032850472
2022-09-07,0.0595993509605322,0.03831291448654182,0.058301875741429976,0.05016500559119348,0.058601351567201074,0.040414570613775735,0.03831291448654182,0.058301875741429976,0.05016500559119348,0.058601351567201074,0.040414570613775735,0.03655101483028709,0.05169383191385362,0.05602804370053356,0.054886191861132354,0.04395829841051868,0.052564821611802294,0.058301875741429976,0.056677251917301066,0.06273217407100234
2022-09-08,0.008588238083918821,0.0013750772374333754,0.019111318160320148,0.015063305821778486,0.027025350831771357,0.0019086334819145017,0.0013750772374333754,0.019111318160320148,0.015063305821778486,0.027025350831771357,0.0019086334819145017,0.005515989114240184,0.017641842589486822,0.022299605549861524,0.02405796321030285,0.01359019210456398,0.020503675585206316,0.019111318160320148,0.01479962183345871,0.02043499674497369
2022-09-09,0.08483617567111154,0.056220613919046716,0.08185842233120715,0.07800440162456965,0.08173428537620174,0.05766725293147426,0.056220613919046716,0.08185842233120715,0.07800440162456965,0.08173428537620174,0.05766725293147426,0.05539431412614551,0.09216695249814559,0.07670095617600946,0.07895048977555187,0.06524752470171101,0.06525949358206003,0.08185842233120715,0.07889819744764102,0.0727412029834742
2022-09-10,0.006270062068235416,0.00974907988536202,0.015849176621996412,0.011602997420801132,0.015699299549640472,0.015864596140193886,0.00974907988536202,0.015849176621996412,0.011602997420801132,0.015699299549640472,0.015864596140193886,0.007755379176796981,0.009018578775819271,-0.004003688822034604,-0.0003268690456609759,0.003394188146259242,0.005917903804504514,0.011510811366905127,0.010301347083968314,0.01438297116215741
2022-09-11,-0.010774545127435987,-0.001857531530443879,0.0017648362968332167,-0.004841895464697266,-0.0022710775832208707,-0.003071919633771825,-0.001857531530443879,0.0017648362968332167,-0.004841895464697266,-0.0022710775832208707,-0.003071919633771825,-0.006266015354507459,-0.0032934163973042723,-0.005604943855171144,-0.00011215398755041604,-0.002450222018753249,-0.0013668150632321738,-0.007659811607315148,-0.01177163670412358,-0.010301372557972966
2022-09-12,-0.005982458562932181,0.005728534889073523,-0.0052696011567759495,-0.0006381902201500807,-0.002016667085108792,0.00032900748304234275,0.005728534889073523,-0.0052696011567759495,-0.0006381902201500807,-0.002016667085108792,0.00032900748304234275,-0.001490189832535549,-0.015038701670602573,-0.011163728417542585,-0.019204923280808847,-0.006091993085256785,-0.0195778066103149,-0.009332081468311281,-0.004363527916872579,-0.008467861871255233
2022-09-13,-0.0761091371637555,-0.07316721529614685,-0.08185377393993648,-0.08053824150104219,-0.0779077175492242,-0.07282310883438037,-0.07316721529614685,-0.08185377393993648,-0.08053824150104219,-0.0779077175492242,-0.07282310883438037,-0.07670356672261192,-0.08337082821169246,-0.07959001688008815,-0.0771079895306559,-0.0924489194598353,-0.07320103037491574,-0.07903171286494663,-0.07225563332439855,-0.07141694822188863
2022-09-14,0.028905552853134387,0.014341585139034807,0.02764773844920878,0.01928884044160717,0.022885366430643563,0.018475495987147726,0.014341585139034807,0.02764773844920878,0.01928884044160717,0.022885366430643563,0.018475495987147726,0.01887739345433408,0.037170702752384474,0.015968338586700482,0.023821252052225052,0.027402155617913017,0.01989846031609681,0.02335134426217649,0.01305601199465718,0.01949807598231512
2022-09-15,-0.023652233640987123,-0.027669830959855382,-0.03734953699541666,-0.044136711214275745,-0.04641371789014462,-0.041306347601192325,-0.027669830959855382,-0.03734953699541666,-0.044136711214275745,-0.04641371789014462,-0.041306347601192325,-0.03307771015476971,-0.03623830743274861,-0.024531706000821822,-0.019064780400433558,-0.027232257500965078,-0.001712389767980006,-0.02793768007669735,-0.02679133639391769,-0.03458585781422712
2022-09-16,0.028633309631326778,0.022177733040111103,0.01690844583534217,0.017760674117614665,0.01813298520421145,0.015437002706463334,0.022177733040111103,0.01690844583534217,0.017760674117614665,0.01813298520421145,0.015437002706463334,0.022606057166541186,0.019910401955328054,0.02033678569926889,0.027242907346684976,0.0054960968495802835,0.045271230917310785,0.040034230219808065,0.04236023614109044,0.035046175072008495
2022-09-17,0.0247514730934181,0.02786540547358274,0.026886689320126528,0.02895115908262521,0.027938851041780156,0.0325348791695888,0.02786540547358274,0.026886689320126528,0.02895115908262521,0.027938851041780156,0.0325348791695888,0.027956092069425346,0.034695532670628054,0.03225020651649642,0.04115528870985355,0.027365164517162567,0.022628965869073016,0.018602901185268805,0.026710427689546668,0.025563003345986983
2022-09-18,-0.0897323670418168,-0.04890017225854,-0.05478831459091536,-0.07975458154085821,-0.06984981311285479,-0.0449796991654772,-0.04890017225854,-0.05478831459091536,-0.07975458154085821,-0.06984981311285479,-0.0449796991654772,-0.07927260552672419,-0.08308580308186392,-0.09852299055262614,-0.0934449434787131,-0.10597659298923884,-0.10865565025596075,-0.055963027370448386,-0.05891638237502148,-0.08247277400746254
2022-09-19,0.04785048354578425,0.02019115149676185,0.008725278305080564,0.015673999189136766,0.010230610895581794,0.013225218738372369,0.02019115149676185,0.008725278305080564,0.015673999189136766,0.010230610895581794,0.013225218738372369,0.01456443915292436,0.012907280631250597,0.04061995038090123,0.02209979595332441,0.027346186054609325,0.023521064400968773,0.01063094436431149,0.024598737267346696,0.031898578873527095
2022-09-20,-0.054888880229067766,0.000315743710781604,-0.01634958792828034,-0.03475415919415473,-0.03593469705885604,-0.00882894021817846,0.000315743710781604,-0.01634958792828034,-0.03475415919415473,-0.03593469705885604,-0.00882894021817846,-0.028844600219658557,-0.03658157434806911,-0.05029083658008076,-0.03996155328859475,-0.034230572909491656,-0.051570296478030644,-0.045785424921142015,-0.023831627057302594,-0.030467632916289376
2022-09-21,-0.04243186337383885,-0.023034827444329102,-0.0198846513193347,-0.025107145423489928,-0.023302131193944375,-0.02430626712348989,-0.023034827444329102,-0.0198846513193347,-0.025107145423489928,-0.023302131193944375,-0.02430626712348989,-0.030101041388287862,-0.025486993854803443,-0.03142561588724942,-0.02972308584786514,-0.029837557234013313,-0.045046447205217,-0.022052315429892055,-0.027524447496309182,-0.034628862402246344
2022-09-22,0.08784099238086483,0.07947090962823591,0.041272468481341563,0.05444265784008038,0.049901464269970976,0.0830260248821673,0.07947090962823591,0.041272468481341563,0.05444265784008038,0.049901464269970976,0.0830260248821673,0.06308920112707056,0.05564707863216718,0.07185636746903579,0.06655374642285335,0.0647553922466822,0.06048596802420345,0.05453927345378666,0.09140576218079288,0.0938620594931184
2022-09-23,0.007998223160591802,0.013329826291150142,0.008836665040635919,0.02469234334393853,0.012634184432599832,0.016323108601599447,0.013329826291150142,0.008836665040635919,0.02469234334393853,0.012634184432599832,0.016323108601599447,0.008383251204920656,0.01813011755120602,0.00567120990466408,0.0204284287816571,0.007791756633693386,0.015546946314471045,0.002204321908735634,0.01187099212058869,0.013023672219021147
2022-09-24,-0.023303644837855454,-0.014154586545554234,-0.015387443917337838,-0.015556044330740901,-0.011304254411058076,-0.013421688010029777,-0.014154586545554234,-0.015387443917337838,-0.015556044330740901,-0.011304254411058076,-0.013421688010029777,-0.02303494910844534,-0.020540405485299656,-0.02661826557589564,-0.01790734942567699,-0.024558652959909378,-0.024477339963154036,-0.021268190028414645,-0.024028712967284347,-0.01799615076968936
2022-09-25,-0.00899510446840275,-0.00727019391805881,-0.008555292630532941,0.008206944108811776,-0.0028602236864428985,-0.010120008532923363,-0.00727019391805881,-0.008555292630532941,0.008206944108811776,-0.0028602236864428985,-0.010120008532923363,-0.012116555332537082,0.0053393033618010614,0.011369805703895453,-0.0019205344397368804,-0.015468081407577983,0.006170292639073702,0.004090307895048053,0.008187612359035226,-0.007405226735662618
2022-09-26,0.026058682499546505,0.012235436609083617,0.015296897648244047,-0.003547629629935911,0.004933887518708136,0.016897053441537312,0.012235436609083617,0.015296897648244047,-0.003547629629935911,0.004933887518708136,0.016897053441537312,0.019091734559156737,0.000285566428406448,-0.00707238683082918,-0.0045289335838242465,0.021587473580712047,-0.009529444527055266,-0.009261734051725857,-0.0054848008391644495,-0.002461157759997357
2022-09-27,-0.011964327485781046,-0.008996148633663138,-0.009180546772328803,-0.006952544203196842,-0.006078039123965495,-0.01292335362974213,-0.008996148633663138,-0.009180546772328803,-0.006952544203196842,-0.006078039123965495,-0.01292335362974213,-0.012542856393103952,-0.009204314785207867,-0.013851084167881122,-0.014531616296482763,-0.012651967170041068,-0.027312038156948312,-0.024325103595800913,-0.019897643086741426,-0.021402788900710255
2022-09-28,-0.005191655677722994,0.009983011335569803,0.01468122005705368,0.007068545296733243,0.015155249684278171,0.011280739751428692,0.009983011335569803,0.01468122005705368,0.007068545296733243,0.015155249684278171,0.011280739751428692,0.0008079407906877337,0.00896079240734793,-0.004590000578454311,-0.004168686470112903,-0.0008895621466270764,-0.012663037659092602,0.0036065134995357366,-0.008111886998932682,0.005401418442037875
2022-09-29,-0.006279831118260337,0.009180063196503396,0.010777385441832111,0.00793613421830184,0.0075927432923132985,0.011211423462717595,0.009180063196503396,0.010777385441832111,0.00793613421830184,0.0075927432923132985,0.011211423462717595,0.008047645383679858,0.005580002108191141,0.0011821845606640575,0.005158663306862322,0.007097135812677281,0.0162023380334811,0.023520929635267772,0.005786229954192601,0.026272645703813113
2022-09-30,6.089669041424786e-05,-0.00476314941157161,-0.00499008799619025,-0.005429566056402964,-0.0038332320737970624,-0.0029254625376471605,-0.00476314941157161,-0.00499008799619025,-0.005429566056402964,-0.0038332320737970624,-0.0029254625376471605,-0.010804842801461162,-0.007274246204845688,-0.0015219995984422328,-0.01037630687343671,-0.01752024390542075,-0.008152486339374305,-0.012300875132028483,-0.0033502850006980017,-0.011131740858274392
2022-10-01,-0.019648995266590964,-0.0077930741490997765,-0.01177327516938258,-0.01703696392261525,-0.009322379057778666,-0.010239532779074788,-0.0077930741490997765,-0.01177327516938258,-0.01703696392261525,-0.009322379057778666,-0.010239532779074788,-0.00360114814019775,-0.018967745570057523,-0.018987477820366548,-0.014507850667497454,-0.001956051951344377,-0.023218057678111404,-0.010981065377828197,-0.012413272614553274,-0.012035765361364827
2022-10-02,-0.055802047981677275,-0.009192396019916328,-0.01293366164769989,-0.022541566937383316,-0.010181989959152938,-0.009608912046994567,-0.009192396019916328,-0.01293366164769989,-0.022541566937383316,-0.010181989959152938,-0.009608912046994567,-0.019884634097728723,-0.018662630081250166,-0.03960187287547752,-0.02863258356911541,-0.019142225834782724,-0.05738794647425993,-0.01890355509805288,-0.012517001791657292,-0.021618262145901387
2022-10-03,0.04890273879706353,0.016543873438567093,0.022448205144075348,0.024017260757440175,0.020170086312471462,0.019870333775665917,0.016543873438567093,0.022448205144075348,0.024017260757440175,0.020170086312471462,0.019870333775665917,0.030809963107607575,0.0229993719580166,0.04166218808592688,0.028814745943840814,0.028373908147904373,0.043727230355343406,0.02124893881060643,0.019094626949259695,0.022506820035510345
2022-10-04,0.017787420782466826,0.024052700908758686,0.03345840369095786,0.04594126271653418,0.02643038985185844,0.04096537758740007,0.024052700908758686,0.03345840369095786,0.04594126271653418,0.02643038985185844,0.04096537758740007,0.02173022494710613,0.02779787089726749,0.01460169699162468,0.018533255779558687,0.020010536182033346,0.025815790571608543,0.03518464738021701,0.03134885199456856,0.03376791444657239
2022-10-05,0.01780242027330485,-0.006875564852809247,-0.0002559537860893808,-0.0046423394571640355,-0.006304762323606773,-0.007412175068276717,-0.006875564852809247,-0.0002559537860893808,-0.0046423394571640355,-0.006304762323606773,-0.007412175068276717,0.0016646657219666836,-0.0012141453328205157,-0.005958880982498571,-0.0070942495932429855,-0.0014909227316316507,0.0216467752638287,0.004946058108334905,-0.0010037867956444353,0.005347151072763734
2022-10-06,-0.00307750809307501,-0.005284814347505296,-0.01202233266936521,-0.018631786262618768,-0.006825608205618217,-0.009957109716954826,-0.005284814347505296,-0.01202233266936521,-0.018631786262618768,-0.006825608205618217,-0.009957109716954826,-0.007775106749942841,-0.014645963395751749,-0.007757086576546902,-0.012820881785783712,-0.01115346723747146,-0.012437324346464985,-0.010078155241600984,-0.012976329781040286,-0.008138474783531602
2022-10-07,0.015951990713361265,-0.01409930128971526,-0.01319976242486989,-0.012954779829278793,-0.013757226675941592,-0.01598571779011069,-0.01409930128971526,-0.01319976242486989,-0.012954779829278793,-0.013757226675941592,-0.01598571779011069,-0.017121024492969615,-0.006317077338974082,0.004930616248914981,0.0010407267749039046,-0.01220637642808033,0.015881953917669337,-0.00024928803547994306,-0.01321311427316065,0.0009645418822253242
2022-10-08,-0.003192295620314889,-0.007941989473637978,-0.012959761638521639,-0.013335442688411723,-0.010137491470999715,-0.009298354545510711,-0.007941989473637978,-0.012959761638521639,-0.013335442688411723,-0.010137491470999715,-0.009298354545510711,-0.013473251448808878,-0.011886172449497887,-0.007770298344792774,-0.011500666066869081,-0.010194019091872576,-0.011533008001765151,-0.012239622488944968,-0.012223155038938291,-0.01004412049158323
2022-10-09,0.010460495301240226,0.007245359492556868,0.008681014217189765,0.014155695164529815,0.004203091126638636,0.007886982466750635,0.007245359492556868,0.008681014217189765,0.014155695164529815,0.004203091126638636,0.007886982466750635,0.002915455221801358,0.011548029526749826,0.010089178516794667,0.013437876385311706,0.008822932630720667,0.01963040195655439,0.014155695164529815,0.012364905557301764,0.01719796353044805
2022-10-10,-0.09194221854828197,-0.02177784645654548,-0.026641199295503862,-0.030831523272462524,-0.022068703688638426,-0.016473805510153608,-0.02177784645654548,-0.026641199295503862,-0.030831523272462524,-0.022068703688638426,-0.016473805510153608,-0.05009309005108755,-0.028931209711966367,-0.03458896017882869,-0.037318306858158554,-0.0499045453416733,-0.055758837700007155,-0.030831523272462524,-0.021046301117019044,-0.030540666040369584
2022-10-11,0.0008056378915804125,-0.01173227142932749,-0.015692146007596275,-0.013666233463794187,-0.010990151757149947,-0.008085773499182047,-0.01173227142932749,-0.015692146007596275,-0.013666233463794187,-0.010990151757149947,-0.008085773499182047,-0.014201109679964775,-0.015472001239294066,-0.012442583234881167,-0.01635794057180966,-0.014866665045658745,-0.014444464634808574,-0.013666233463794187,-0.012787767749628377,-0.014408353135971733
2022-10-12,-0.004781852287386457,-0.003180852426448744,-0.0024328746595761123,0.003200646122989848,-0.0017107695674795534,0.003868662501767939,-0.003180852426448744,-0.0024328746595761123,0.003200646122989848,-0.0017107695674795534,0.003868662501767939,-0.010836883985262393,0.005258000121479102,-0.004160907595300943,-0.0061194693532288895,-0.00597872506082302,0.00862061033863164,0.003200646122989848,0.0031465574096713805,0.0017305632640206574
2022-10-13,0.0031585013137094727,-0.006294712988020979,-0.008700688729757844,-0.009976291924277158,-0.0031048691490391804,-0.005019718569149734,-0.006294712988020979,-0.008700688729757844,-0.009976291924277158,-0.0031048691490391804,-0.005019718569149734,-0.013357563657373707,-0.010973667936120623,-0.01353753082564375,-0.015703368636489513,-0.019291115841739724,0.02277071596729472,-0.009976291924277158,-0.010615538149868398,-0.013166135763258958
2022-10-14,0.008924029999446326,0.0014015897912011063,-0.0018059983095847177,0.00739547020821734,0.0010077106441374493,0.00719056263494684,0.0014015897912011063,-0.0018059983095847177,0.00739547020821734,0.0010077106441374493,0.00719056263494684,-0.0041473452935139234,0.008165932338473252,0.016742125788253473,0.012204456416979825,0.016706602357733295,0.004576773273324665,0.00739547020821734,0.004376853681224672,0.006789349355280997
2022-10-15,-0.009283531270263313,-0.01386776660684681,-0.011555845802572028,-0.012022437626378626,-0.012464587971401665,-0.012756566754048484,-0.01386776660684681,-0.011555845802572028,-0.012022437626378626,-0.012464587971401665,-0.012756566754048484,-0.012201990725064723,-0.015422914853201238,-0.01317294926753348,-0.01074030318446666,-0.015415169315303949,-0.018607935283517764,-0.013121726850990646,-0.01639621462166957,-0.012376191554820238
2022-10-16,0.007934923861315689,0.013191518351011134,0.015393500070574894,0.015393500070574894,0.011686817764316215,0.01094686449161375,0.013191518351011134,0.015393500070574894,0.015393500070574894,0.011686817764316215,0.01094686449161375,0.018121614267854545,0.01216894693386541,0.0092021477252477,0.010965868704754245,0.011887109573332078,0.011142602234784915,0.006057030164593469,0.006978271033171301,0.005187659758621655
2022-10-17,0.022287597620070133,0.010372038033064392,0.014300622759744554,0.014300622759744554,0.015305414093526927,0.012924492783883947,0.010372038033064392,0.014300622759744554,0.014300622759744554,0.015305414093526927,0.012924492783883947,0.013613594957738284,0.016566001441187427,0.01868203689279513,0.014345696002659426,0.013587091183068488,0.01329953872989309,0.004723372228784362,0.003964767409193426,0.005377469192525464
2022-10-18,-0.015378856912312132,-0.010753946420778981,-0.007776840147109066,-0.007776840147109066,-0.009431619737458475,-0.006169232579823648,-0.010753946420778981,-0.007776840147109066,-0.007776840147109066,-0.009431619737458475,-0.006169232579823648,-0.010921462580799247,-0.01749676113108467,-0.018384719538422023,-0.015612276384092062,-0.013643672323704427,-0.011267943785580981,-0.014253618786976396,-0.012285014726588762,-0.012711783932309872
2022-10-19,-0.046884842187184514,-0.014883159576906335,-0.013982872909975819,-0.013982872909975819,-0.011850105086269536,-0.011488787386156597,-0.014883159576906335,-0.013982872909975819,-0.013982872909975819,-0.011850105086269536,-0.011488787386156597,-0.017836445452123265,-0.03583896583279471,-0.03590540978058743,-0.02240966546375931,-0.025152113620451888,-0.021479037265848502,-0.015653105834546554,-0.018395553991239134,-0.01716205978123946
2022-10-20,-0.030477646834458905,-0.006069713407573497,0.000165328391894182,0.000165328391894182,0.00039414615154047565,0.001885669129878531,-0.006069713407573497,0.000165328391894182,0.000165328391894182,0.00039414615154047565,0.001885669129878531,-0.004032822787801682,-0.004817051083271618,-0.0033942295754710423,-0.0034837098120100943,-0.00017849491097310377,-0.03257494378983943,-0.017630701563792674,-0.014325486662755684,-0.014250462078981643
2022-10-21,0.03085245446743766,0.006451246054936523,0.0050809585753758945,0.0050809585753758945,0.0019353714012186008,-1.7687543036122534e-05,0.006451246054936523,0.0050809585753758945,0.0050809585753758945,0.0019353714012186008,-1.7687543036122534e-05,0.004851862365253128,0.028911048558188296,0.027007183117288898,0.008336019259158084,0.009119112526919132,0.0027995633525101952,0.00143233877116638,0.0022154320389274284,-0.00015669933985435576
2022-10-22,-0.001400592208251661,0.012444480712210427,0.004610758524975412,0.0036600558318934605,0.004610758524975412,0.00355639583678549,0.012444480712210427,0.004610758524975412,0.0036600558318934605,0.004610758524975412,0.00355639583678549,0.009304119137279063,0.005720166989454751,0.0047674265715566665,0.0035876154294736434,0.009163987745888124,0.000783965613077209,0.003254961396701449,0.003374236666016915,0.002682014416123888
2022-10-23,0.02255156427461942,0.016885109130288265,0.02372178901563631,0.018976794117588014,0.02372178901563631,0.02277954056147431,0.016885109130288265,0.02372178901563631,0.018976794117588014,0.02372178901563631,0.02277954056147431,0.020775390307638596,0.021414037633880237,0.01605744381907037,0.018365195200826447,0.020826980212495537,0.017848402620043436,0.018365195200826447,0.018365195200826447,0.01919841038722292
2022-10-24,-0.015435575415644467,-0.014985211308894231,-0.014212793228927791,-0.011777829080282421,-0.014212793228927791,-0.011348540177330559,-0.014985211308894231,-0.014212793228927791,-0.011777829080282421,-0.014212793228927791,-0.011348540177330559,-0.015544197364705114,-0.0185364367644252,-0.018598308022152298,-0.014274664486654888,-0.02305038947750602,-0.016438695700060846,-0.014274664486654888,-0.014274664486654888,-0.0221916505738202
2022-10-25,0.025226865371495634,0.060167855806699144,0.048678514162381024,0.0479231443100069,0.048678514162381024,0.05971360999543336,0.060167855806699144,0.048678514162381024,0.0479231443100069,0.048678514162381024,0.05971360999543336,0.06969042952405653,0.04427097103605737,0.03909572259395469,0.043503265720278336,0.04736048389601368,0.03458790631178124,0.043503265720278336,0.043503265720278336,0.024656504650626365
2022-10-26,0.022197264006038032,0.02265791468729601,0.030763595310573204,0.0595346446968609,0.030763595310573204,0.030582622492261357,0.02265791468729601,0.030763595310573204,0.0595346446968609,0.030763595310573204,0.030582622492261357,0.03034274740453014,0.027524178387884395,0.04340374248350565,0.04664315940619446,0.020601649646158026,0.020896337006472487,0.04664315940619446,0.04664315940619446,0.018582893452466685
2022-10-27,-0.022054090854071194,-0.021471124918388273,-0.020882988111815794,-0.0033939520297763042,-0.020882988111815794,-0.02231201152506197,-0.021471124918388273,-0.020882988111815794,-0.0033939520297763042,-0.020882988111815794,-0.02231201152506197,-0.023530405248995214,-0.019451506636403916,-0.0011320195934634743,-0.0025635010688753518,-0.009313231399771383,-0.012890880691701167,-0.0025635010688753518,-0.0025635010688753518,-0.008252059477319086
2022-10-28,0.028560976171684783,0.02490608854408561,0.016720570196905253,0.03513037262770388,0.018595570196905255,0.025213494569933097,0.02490608854408561,0.016720570196905253,0.03513037262770388,0.018595570196905255,0.025213494569933097,0.027313331803576518,0.019386883403714777,0.032211294475886096,0.030419981269076565,0.028192537779911202,0.013744305042331713,0.030419981269076565,0.029544981269076565,0.03356016530990845
2022-10-29,0.0037589445911450302,0.028933826652141913,0.012756576297409413,0.016269109829252074,0.023244453660688127,0.015313647668467658,0.028933826652141913,0.012756576297409413,0.016269109829252074,0.023244453660688127,0.015313647668467658,0.024997443270906743,0.0169795838434662,0.02917710405089105,0.023244453660688127,0.022606038402605434,0.10456355906795137,0.10748058332794708,0.02545552287993426,0.09600730024380857
2022-10-30,0.03217425085176917,-3.644481080844475e-05,0.002221215187288749,0.003612530332009655,-0.007455262152651666,-0.008101053627738164,-3.644481080844475e-05,0.002221215187288749,0.003612530332009655,-0.007455262152651666,-0.008101053627738164,-0.010468712338887822,0.008188945168682914,-0.004799271906627279,-0.007455262152651666,-0.007455262152651666,-0.014644496017401677,-0.009657880522566619,0.0009465820717263762,-0.013791755665483765
2022-10-31,-0.005555576612384595,0.007631705135634293,0.012533256414147487,0.010433397599146832,0.003472093359667627,0.00727593360962262,0.007631705135634293,0.012533256414147487,0.010433397599146832,0.003472093359667627,0.00727593360962262,0.006332025982915935,0.00875676058178083,0.003596696376916753,0.003472093359667627,0.003472093359667627,0.024571980033966236,0.020210704382347424,0.01053065619880762,0.025115344331314574
2022-11-01,-0.011513794204497985,-0.006769096200936975,-0.004075985895622192,-0.005378301653180895,-0.0016290617413827757,-0.0021717457790463527,-0.006769096200936975,-0.004075985895622192,-0.005378301653180895,-0.0016290617413827757,-0.0021717457790463527,-0.00685216239637303,-0.00869435194992214,-0.006393403793442309,-0.0016290617413827757,-0.0016290617413827757,0.026344067486289036,0.022085976325306116,-0.004981593613276902,0.021530895533157658
2022-11-02,-0.01327225420128966,0.005457571748689329,-0.030210718081863576,-0.02803765188830294,0.004266526157375772,-0.0229641423737599,0.005457571748689329,-0.030210718081863576,-0.02803765188830294,0.004266526157375772,-0.0229641423737599,-0.002482018047246147,-0.03071571732055818,0.0010044446312542435,0.004266526157375772,0.004266526157375772,-0.0057862490472579756,-0.037318026388190685,-0.003564065644594192,-0.01122100004337048
2022-11-03,0.01677125088521241,0.017350240659291763,0.01353585678035083,0.011722444926440945,0.011408572897104775,0.010756325103798758,0.017350240659291763,0.01353585678035083,0.011722444926440945,0.011408572897104775,0.010756325103798758,0.013747300248851735,0.016387677994493588,0.01597299087581048,0.011408572897104775,0.011408572897104775,-0.004048974111019588,0.0006072219152779553,0.014087289484309908,0.003571317350893999
2022-11-04,0.09211353622633095,0.0738177284655772,0.08279970908255065,0.06691444440296376,0.06377761089934461,0.06790486755282438,0.0738177284655772,0.08279970908255065,0.06691444440296376,0.06377761089934461,0.06790486755282438,0.07596550492903738,0.08007721495851129,0.07356115253301078,0.06377761089934461,0.06377761089934461,0.06297915178944037,0.05006357875447314,0.0770432235071895,0.06714656622838204
2022-11-05,0.013989748646795964,-0.009068312657682737,-0.007706304243493835,-0.0017141305593447837,-0.0017111783060965498,-0.0017111783060965498,-0.009068312657682737,-0.007706304243493835,-0.0017141305593447837,-0.0017111783060965498,-0.0017111783060965498,0.005475906861948452,-0.011116077565691026,-0.0018203895217244281,-0.009639965094606674,-0.0041926886910671705,0.01850945469322777,0.005620505239403818,0.0005702739049991299,0.00950858633797632
2022-11-06,-0.03878124554410045,-0.029335727945043515,-0.03583851216554175,-0.025666045450035015,-0.025666045450035015,-0.025666045450035015,-0.029335727945043515,-0.03583851216554175,-0.025666045450035015,-0.025666045450035015,-0.025666045450035015,-0.03491209458009912,-0.04190616343088103,-0.025666045450035015,-0.029335727945043515,-0.02915196841641117,-0.034794299316927124,-0.02899577072869568,-0.03341037473675111,-0.027374901083664027
2022-11-07,0.011195214475205483,-0.00746423583166831,0.01417697127399116,-0.009392711698232525,-0.009392711698232525,-0.009392711698232525,-0.00746423583166831,0.01417697127399116,-0.009392711698232525,-0.009392711698232525,-0.009392711698232525,0.012515553945283033,-0.012324862998712917,-0.009392711698232525,-0.00746423583166831,-0.008617181390065756,-0.0053447555199963356,-0.007795028110864167,-0.00921928221389987,-0.006519108530956608
2022-11-08,-0.18660733004047936,-0.09205534167211141,-0.11422759693125499,-0.11483620867615267,-0.11483620867615267,-0.11483620867615267,-0.09205534167211141,-0.11422759693125499,-0.11483620867615267,-0.11483620867615267,-0.11483620867615267,-0.10724158181978014,-0.12193720876807174,-0.11483620867615267,-0.09205534167211141,-0.10913157884311489,-0.1354935166566756,-0.14988972310089177,-0.10075009032527554,-0.13401892049333877
2022-11-09,-0.2148488018630646,-0.15384081160178942,-0.1554511307047595,-0.14182464785809595,-0.14182464785809595,-0.14182464785809595,-0.15384081160178942,-0.1554511307047595,-0.14182464785809595,-0.14182464785809595,-0.14182464785809595,-0.16390541977126838,-0.16685252880955143,-0.14182464785809595,-0.15384081160178942,-0.16035013726435016,-0.19382124978115947,-0.1824610690887281,-0.15424795051384566,-0.19114190682777785
2022-11-10,0.24483473860478272,0.1375097514473952,0.1414734959557286,0.1490397079742824,0.1490397079742824,0.1490397079742824,0.1375097514473952,0.1414734959557286,0.1490397079742824,0.1490397079742824,0.1490397079742824,0.15563968247704996,0.16189444168907127,0.1490397079742824,0.1375097514473952,0.15986404700310913,0.22915912489664972,0.22172129802746784,0.16836629558552763,0.2303346007910003
2022-11-11,-0.02427376179197125,-0.029677201560276933,-0.025334548811901135,-0.017658498925221644,-0.016783498925221643,-0.016783498925221643,-0.029677201560276933,-0.025334548811901135,-0.017658498925221644,-0.016783498925221643,-0.016783498925221643,-0.023410459528796702,-0.0338641533457976,-0.017658498925221644,-0.029677201560276933,-0.020345057937765088,0.006825887301557938,-0.008415603682261016,-0.027218733827660956,-0.009635418618687703
2022-11-12,-0.02771901804234247,-0.025764767671035773,-0.018923079819339463,-0.014283485796132906,-0.025513336972627032,-0.025513336972627032,-0.025764767671035773,-0.018923079819339463,-0.014283485796132906,-0.025513336972627032,-0.025513336972627032,-0.05510997877328846,-0.02055049316823222,-0.03071053507847233,-0.03089774146262598,-0.03420875674199418,-0.04928401280365621,-0.035055678209955934,-0.027364205791531385,-0.02755979206079646
2022-11-13,-0.04404772161453707,-0.04102370345454729,-0.03492285865476792,-0.039708813219256234,-0.04102370345454729,-0.04102370345454729,-0.04102370345454729,-0.03492285865476792,-0.039708813219256234,-0.04102370345454729,-0.04102370345454729,-0.011080196723988193,-0.016255160538126034,-0.02617665860259375,-0.02357267169685024,-0.01377505841118556,-0.019495111277880818,-0.045294305398829754,-0.047097243916805996,-0.041384907578686334
2022-11-14,0.02540286956079838,0.0035807318379400327,0.006348954999146695,0.008270773442866508,0.0035807318379400327,0.0035807318379400327,0.0035807318379400327,0.006348954999146695,0.008270773442866508,0.0035807318379400327,0.0035807318379400327,0.01894974929051183,0.017917645956162544,0.01920826552288244,0.01840671105544476,0.01622515829590177,0.018543565390540896,0.017041688221214456,0.0019442101943976772,0.0007016141810997295
2022-11-15,0.08464579861852357,0.014966587966144607,0.013849549772692926,0.01292867371182549,0.014966587966144607,0.014966587966144607,0.014966587966144607,0.013849549772692926,0.01292867371182549,0.014966587966144607,0.014966587966144607,0.010893659478070507,0.018717541578347017,0.019214882219673157,0.008683253010295423,0.00865306195120983,0.02058566276756766,0.05960180016537871,0.03313770037163899,0.011132286660485869
2022-11-16,-0.019532253983438077,-0.015950104144167022,-0.020027341433407477,-0.017786990478355393,-0.015950104144167022,-0.015950104144167022,-0.015950104144167022,-0.020027341433407477,-0.017786990478355393,-0.015950104144167022,-0.015950104144167022,-0.0225823401523056,-0.02510504471113713,-0.028582988673868128,-0.019686206277555063,-0.022264413762554502,-0.026293927555360995,-0.022377784482727384,-0.009059147354479304,-0.014605755446715874
2022-11-17,0.007494505023849763,0.010895854409045613,-0.006471063254063702,-0.008741541787627694,0.010895854409045613,0.010895854409045613,0.010895854409045613,-0.006471063254063702,-0.008741541787627694,0.010895854409045613,0.010895854409045613,0.015615962216217104,-0.006964758301877283,-0.012043296571841021,-0.007479713470916405,-0.007456736980536082,0.005400961666985915,0.005722622067744808,0.01228209516760288,0.008361687151263108
2022-11-18,0.052660616408251246,0.003432081909330158,0.002506872811290566,0.0035015677715027494,0.0034320819093301576,0.0034320819093301576,0.003432081909330158,0.002506872811290566,0.0035015677715027494,0.0034320819093301576,0.0034320819093301576,-0.003176180133116953,0.003929336476966764,0.002536846372664363,-0.0006523243048923444,-0.002136607025410516,0.0018406784801470442,0.020676950023045173,0.03398897066567381,0.006107214720527559
2022-11-19,0.0009779517779355043,0.002739879694394758,0.008726300936166151,0.0038021634631803733,0.005420068545818077,0.009713212861436454,0.002739879694394758,0.008726300936166151,0.0038021634631803733,0.005420068545818077,0.009713212861436454,-0.00461602548039848,0.004084437392828804,0.005673772562875263,0.00068705084381186,-0.001270086353437233,-0.010853623410172101,-0.021191222452386693,0.003262030234065261,0.0024254275436914672
2022-11-20,-0.06319367952612218,-0.040147400767339046,-0.04273924679591452,-0.04693286547793021,-0.049319092443917016,-0.03708321306849624,-0.040147400767339046,-0.04273924679591452,-0.04693286547793021,-0.049319092443917016,-0.03708321306849624,-0.05612775816325562,-0.05934012967817095,-0.05687417426983469,-0.05563428652099212,-0.06661550075043485,-0.0712443721151043,-0.07759866398556028,-0.07069384214491466,-0.0548925805128596
2022-11-21,-0.023012156228862435,-0.013176880154893178,-0.01681721626953263,-0.020636825515581502,-0.020315067863284186,-0.008612771777753148,-0.013176880154893178,-0.01681721626953263,-0.020636825515581502,-0.020315067863284186,-0.008612771777753148,-0.030608578552878952,-0.023348891495412843,-0.0160484297318519,-0.0160484297318519,-0.01679722084626496,-0.027087811637644246,-0.03529225612942373,-0.032944079135057654,-0.020147387930932823
2022-11-22,0.06692126641070754,0.028968531232175222,0.05399421987738482,0.06335979912908685,0.02932006129940017,0.04915650104813898,0.028968531232175222,0.05399421987738482,0.06335979912908685,0.02932006129940017,0.04915650104813898,0.04127810147186843,0.07621276930837925,0.06270365239265932,0.06270365239265932,0.036454595240446114,0.053704691105079666,0.058542409934325516,0.06076595783345229,0.0820472088505908
2022-11-23,0.04810604776886196,0.06692276712464335,0.06478098559349582,0.06360988038420828,0.049001843796805174,0.05971720960222951,0.06692276712464335,0.06478098559349582,0.06360988038420828,0.049001843796805174,0.05971720960222951,0.07140982538070467,0.061893224440900375,0.07899516143334831,0.07899516143334831,0.05901450909684915,0.08355131202819993,0.08861508801946623,0.06886040882175312,0.07284799602264735
2022-11-24,0.011092422058073547,0.018709348996409438,0.0027082851201169155,0.009373652978145321,0.006862954770143625,0.014594844646817753,0.018709348996409438,0.0027082851201169155,0.009373652978145321,0.006862954770143625,0.014594844646817753,-0.006626620132974993,0.004531677740854568,0.008243242674839536,0.008243242674839536,-0.00031817121980279826,0.0061708136227935926,-0.005715745903907244,-0.0007515571355735111,0.006908870427688974
2022-11-25,0.005201746523099956,-0.006560675091539677,0.00627480184948824,0.008731360434473987,0.01713295928933974,-0.010478387243003357,-0.006560675091539677,0.00627480184948824,0.008731360434473987,0.01713295928933974,-0.010478387243003357,-0.012078915731547063,0.00582203240104587,0.008568270645788762,0.008568270645788764,-0.0015789542952955723,-0.01866182492470296,-0.0019086358322113629,0.005221465203777182,0.004646588875564624
2022-11-26,-0.0020367198140744816,-0.006287915091918555,-0.0009703950324554192,-0.0018133960497485491,-0.005588100600890207,-0.0060128502366777635,-0.006287915091918555,-0.0009703950324554192,-0.0018133960497485491,-0.005588100600890207,-0.0060128502366777635,0.001186501759809653,0.001109024854861072,-0.0027086666433994043,0.0013493697704233991,-0.006510253612558508,0.0056547096480367804,0.0073124843418556585,0.008002988141794575,0.007272504625666893
2022-11-27,0.028007306340130843,-0.0011515419958683327,0.0002147801191707099,-0.004065884949692711,0.0002147801191707099,-0.0011515419958683327,-0.0011515419958683327,0.0002147801191707099,-0.004065884949692711,0.0002147801191707099,-0.0011515419958683327,5.8506138249225705e-05,-0.0056576234543768145,-0.005624778860605528,-0.010280159957521984,-0.0065882824778288555,0.012127509587510521,0.012694079642006416,0.012694079642006416,0.01784875747672816
2022-11-28,-0.009660603256545875,-0.01562743025712272,-0.014787159413657693,-0.013058180074611882,-0.014787159413657693,-0.01562743025712272,-0.01562743025712272,-0.014787159413657693,-0.013058180074611882,-0.014787159413657693,-0.01562743025712272,-0.025760977104235194,-0.016271949497237006,-0.017422891899749462,-0.016960429591128028,-0.01705234039529038,-0.01138154446892832,-0.006056432017643567,-0.006056432017643567,-0.01889172151207932
2022-11-29,0.02985584792351084,0.018675698059744363,0.023067957246524086,0.023448953194564394,0.023067957246524086,0.018675698059744363,0.018675698059744363,0.023067957246524086,0.023448953194564394,0.023067957246524086,0.018675698059744363,0.012817312009219874,0.026996848918867045,0.027652489250146406,0.02651216106164429,0.02439676670053084,0.02680860953784521,0.027506384597320646,0.027506384597320646,0.0324031762455879
2022-11-30,0.038679027026302305,0.03767763357890579,0.03891826791232638,0.03768145191844781,0.03891826791232638,0.03767763357890579,0.03767763357890579,0.03891826791232638,0.03768145191844781,0.03891826791232638,0.03767763357890579,0.04985962398273683,0.042714232746559236,0.03922212740796125,0.040702038391931386,0.0406078809351782,0.04478671133863146,0.0389500070410322,0.0389500070410322,0.04209408018076402
2022-12-01,-0.035856341847242644,-0.014625464719222282,-0.0171179622854569,-0.01629698033239948,-0.0171179622854569,-0.014625464719222282,-0.014625464719222282,-0.0171179622854569,-0.01629698033239948,-0.0171179622854569,-0.014625464719222282,-0.019627071762150373,-0.019450469542807207,-0.022892812838596014,-0.021781788104529357,-0.019935126318331876,-0.022333990557617714,-0.020216382325584557,-0.020216382325584557,-0.023239809408935844
2022-12-02,0.010305964291266272,0.006994594510147834,0.009042269507126239,0.005103159298153574,0.009042269507126239,0.006994594510147834,0.006994594510147834,0.009042269507126239,0.005103159298153574,0.009042269507126239,0.006994594510147834,0.017100845962462755,0.00888821331911343,0.00959790000015042,0.004703923836760576,0.005109050107789264,0.008057731572317933,-0.0005018708455995604,-0.0005018708455995604,0.0034771507076840004
2022-12-03,-0.02671618609263815,-0.011798922495462884,-0.023023633208962276,-0.02288923061108986,-0.0254351442713877,-0.02234213640928278,-0.011798922495462884,-0.023023633208962276,-0.02288923061108986,-0.0254351442713877,-0.02234213640928278,-0.016616402885599017,-0.03351853436618641,-0.03251025346464677,-0.028499458134485185,-0.027103244391419652,-0.03466433879836581,-0.032245132425227044,-0.032245132425227044,-0.023759789156061334
2022-12-04,0.02004333305689077,0.004447427112989288,0.017369809636588896,0.017369809636588896,0.018504674960585946,0.009759641150236488,0.004447427112989288,0.017369809636588896,0.017369809636588896,0.018504674960585946,0.009759641150236488,0.012310698565636536,0.02338879142382355,0.015389960207003995,0.015399981728337897,0.010790873727049944,0.020739168569209588,0.020251201308653946,0.020251201308653946,0.015228098826365555
2022-12-05,-0.007271659426219369,-0.004859134045156277,-0.0006568480009704111,-0.0006568480009704111,-0.00916385052404769,0.0041799142402269675,-0.004859134045156277,-0.0006568480009704111,-0.0006568480009704111,-0.00916385052404769,0.0041799142402269675,-0.004757006177828527,-0.009516066356183139,-0.0005443907894913556,-0.0005443907894913556,0.0018735964233715045,-0.0066322613970621665,-0.00916926096736097,-0.00916926096736097,-0.0027720582882001955
2022-12-06,-0.003033753024790298,0.004270946490400829,0.0011265602274049382,0.0011265602274049382,0.0029280015984930905,0.004767248470400932,0.004270946490400829,0.0011265602274049382,0.0011265602274049382,0.0029280015984930905,0.004767248470400932,0.009620202123388145,-0.00015627606932699977,-0.005062545081420301,-0.005062545081420301,0.004051843983300963,0.014462290270926626,-0.006187404473996239,-0.006187404473996239,-0.004893138276005172
2022-12-07,-0.040325693940044,-0.01815327765787893,-0.027555955099921595,-0.027555955099921595,-0.02866307613953729,-0.022729586110556844,-0.01815327765787893,-0.027555955099921595,-0.027555955099921595,-0.02866307613953729,-0.022729586110556844,-0.02894644236058535,-0.03384603119909337,-0.029363730772157308,-0.029363730772157308,-0.027412932126187565,-0.03840857593313836,-0.03861089664702848,-0.03861089664702848,-0.029462019021200204
2022-12-08,0.02027327260672194,0.0223866237162341,0.026953912012220818,0.026953912012220818,0.028388419817974377,0.026800481161971805,0.0223866237162341,0.026953912012220818,0.026953912012220818,0.028388419817974377,0.026800481161971805,0.020375561080067682,0.029184665796817024,0.023378318456235194,0.023378318456235194,0.027112833961854224,0.026115239507297307,0.02169608037935742,0.02169608037935742,0.022213411725660895
2022-12-09,-0.019692424805065833,-0.008908242593971626,-0.01366868720483014,-0.01279368720483014,-0.008764657904900082,-0.011837607781379302,-0.008908242593971626,-0.01366868720483014,-0.01279368720483014,-0.008764657904900082,-0.011837607781379302,-0.010002980093019493,-0.01925168449877452,-0.015569146473804429,-0.01644414647380443,-0.0160312762453789,-0.018083374574321673,-0.01974466151202712,-0.02061966151202712,-0.014960525373176204
2022-12-10,-0.0017368935450270406,0.0025888695670319927,0.002595439117391262,0.0028670803294672973,0.002933797470123296,0.0028670803294672973,0.0025888695670319927,0.002595439117391262,0.0028670803294672973,0.002933797470123296,0.0028670803294672973,0.0029159159249220043,-0.003659902559273177,0.0014333224052586414,0.0017540739620627015,0.0017737099749148256,0.0058394627045562746,-0.000496389245314166,0.0008268134057069434,0.0014333224052586414
2022-12-11,-0.02179727286111586,-0.014204296733257783,-0.009229855241779328,-0.006430420157227812,-0.010124039665721573,-0.006430420157227812,-0.014204296733257783,-0.009229855241779328,-0.006430420157227812,-0.010124039665721573,-0.006430420157227812,-0.010124039665721573,-0.01989060633505091,-0.017614767421517064,-0.013534510353980856,-0.013534510353980856,-0.00596788421609693,-0.017375599385019914,-0.01291290042362734,-0.017614767421517064
2022-12-12,0.01302069403423727,-0.006339208669706942,-0.007074941768916742,-0.004787653010200343,-0.004407079700850591,-0.004787653010200343,-0.006339208669706942,-0.007074941768916742,-0.004787653010200343,-0.004407079700850591,-0.004787653010200343,-0.004407079700850591,0.008315781436147397,-0.0132959501552103,-0.01136382118635395,-0.01136382118635395,-0.0003810324786452041,-0.008215387764652027,-0.004767504938413425,-0.0132959501552103
2022-12-13,0.010529603754658369,0.018874288630567792,0.015202294246196658,0.017547129947854036,0.019260958641154846,0.017547129947854036,0.018874288630567792,0.015202294246196658,0.017547129947854036,0.019260958641154846,0.017547129947854036,0.019260958641154846,0.0272359361560234,0.012279420206264581,0.012666090216851635,0.012666090216851635,0.004976631572786321,0.012644083482114498,0.014622801451335408,0.012279420206264581
2022-12-14,-0.030936927879134983,-0.009039509154881432,-0.008434370908862964,-0.00643071320431039,-0.00503968317289638,-0.00643071320431039,-0.009039509154881432,-0.008434370908862964,-0.00643071320431039,-0.00503968317289638,-0.00643071320431039,-0.00503968317289638,-0.01848489744314521,-0.016923089835980076,-0.012923263853995027,-0.012923263853995027,-0.016023069414801316,-0.02589651404576354,-0.01576077856420033,-0.016923089835980076
2022-12-15,-0.01497015487958151,-0.023721592058190424,-0.023571053990158887,-0.024890887495249325,-0.022178152854080337,-0.024890887495249325,-0.023721592058190424,-0.023571053990158887,-0.024890887495249325,-0.022178152854080337,-0.024890887495249325,-0.022178152854080337,-0.041691977829774164,-0.029098468102473588,-0.0275550288983635,-0.0275550288983635,-0.038611560865056904,-0.03357142240071369,-0.025204133019827293,-0.029098468102473588
2022-12-16,-0.10847196046151864,-0.08304483298613244,-0.08351818481442853,-0.07367981884220379,-0.08134895169774924,-0.07367981884220379,-0.08304483298613244,-0.08351818481442853,-0.07367981884220379,-0.08134895169774924,-0.07367981884220379,-0.08222395169774924,-0.11267426223287859,-0.08949643532356098,-0.08780055403517777,-0.08780055403517777,-0.11121165473833529,-0.09350869087427807,-0.08126319653927622,-0.08949643532356098
2022-12-17,0.019242712818833607,0.023473570398525115,0.023388238485159224,0.023918711726155673,0.023918711726155673,0.023918711726155673,0.023473570398525115,0.023388238485159224,0.023918711726155673,0.023918711726155673,0.023918711726155673,0.01766390785619206,0.010023455822885143,0.020468257935244302,0.022847763831324246,0.02320573059544275,0.013222234632569167,0.016761947487182217,0.01632839634335508,0.016842437864090648
2022-12-18,-0.01863089683552939,-0.0006099293265805052,-0.0003275995153650289,-0.0003275995153650289,-0.0003275995153650289,-0.0003275995153650289,-0.0006099293265805052,-0.0003275995153650289,-0.0003275995153650289,-0.0003275995153650289,-0.0003275995153650289,-0.01117213961617618,-0.006589650971387762,-0.0028035421010316423,0.006635742177215232,-0.0028467519775748464,-0.01546803021241552,-0.01853795076145557,-0.001239587716688884,-0.001239587716688884
2022-12-19,-0.06023520507177043,-0.028906592995959456,-0.021704850676765218,-0.021704850676765218,-0.021704850676765218,-0.021704850676765218,-0.028906592995959456,-0.021704850676765218,-0.021704850676765218,-0.021704850676765218,-0.021704850676765218,-0.029745195924271293,-0.02841329899150593,-0.038434154082092234,-0.02871912419860565,-0.02841329899150593,-0.0242067810239764,-0.03618281235189982,-0.02223551836355302,-0.02223551836355302
2022-12-20,0.04391109638167619,0.03004777165816841,0.033873233772594435,0.033873233772594435,0.033873233772594435,0.033873233772594435,0.03004777165816841,0.033873233772594435,0.033873233772594435,0.033873233772594435,0.033873233772594435,0.030501620506578987,0.035066241617170354,0.03708234678167486,0.03332338632168348,0.035066241617170354,0.04499764815346006,0.0377169727480065,0.03234120569613848,0.03234120569613848
2022-12-21,-0.04392397681344598,-0.011150779021838409,-0.0075727042764656815,-0.0075727042764656815,-0.0075727042764656815,-0.0075727042764656815,-0.011150779021838409,-0.0075727042764656815,-0.0075727042764656815,-0.0075727042764656815,-0.0075727042764656815,0.0019000534537746425,0.0018606298502296783,-0.010242031427492783,-0.01201790790136974,0.0018606298502296783,-0.004979406640412166,-0.01538442253213852,-0.007511034798167683,-0.007511034798167683
2022-12-22,0.041854896520119006,0.006913503139441524,0.005035415803933319,0.005035415803933319,0.005035415803933319,0.005035415803933319,0.006913503139441524,0.005035415803933319,0.005035415803933319,0.005035415803933319,0.005035415803933319,0.0054355575979804895,0.002584967379621195,0.005107924002206543,0.006812094419248238,0.002584967379621195,0.005065587631741341,0.03129497536160953,0.006864916215189298,0.006864916215189298
2022-12-23,-0.008513021421323508,-0.0007989260942201865,-0.003481837732508493,-0.003481837732508493,-0.002606837732508493,-0.003481837732508493,-0.0007989260942201865,-0.003481837732508493,-0.003481837732508493,-0.002606837732508493,-0.003481837732508493,-0.0030909646031470808,-0.004947881778172377,-0.0033181945373660106,-0.005772478793964916,-0.004947881778172377,-0.00656151905949804,-0.012445539000575675,-0.005245829328961978,-0.005245829328961978
2022-12-24,-0.007892327497937758,0.0009393626403634946,0.003077974161354325,0.00335595487994512,0.0022315169760466435,0.0021805927893998275,0.0009393626403634946,0.003077974161354325,0.00335595487994512,0.0022315169760466435,0.0021805927893998275,-0.0017525210442724311,0.0017743228793246947,-4.916395950073588e-05,0.0010882984639458116,0.00131547802386223,-0.005771162919752657,0.0028321100602413823,0.003075571988077148,0.001987334601899691
2022-12-25,-0.011335431309466681,0.007065768178415822,0.006270388551415752,0.011314746232706941,-0.002407471608062295,0.010166396272242873,0.007065768178415822,0.006270388551415752,0.011314746232706941,-0.002407471608062295,0.010166396272242873,-8.949106645458882e-05,0.007652948786892667,0.005059794602165102,0.004789644624915246,0.011314746232706941,-0.0012137944639062594,0.006270388551415752,0.006270388551415752,0.008451442070729521
2022-12-26,0.018296756857687658,0.021285867667708815,0.005734694669722718,0.010364553745319173,0.017278744429295112,0.011232982880406861,0.021285867667708815,0.005734694669722718,0.010364553745319173,0.017278744429295112,0.011232982880406861,0.015640254174386217,0.007999177344115038,0.005971477979054951,0.0037973361108460057,0.010364553745319173,0.006435437379854903,0.005734694669722718,0.005734694669722718,0.006162712512050139
2022-12-27,-0.021680184412873338,-0.012858183569263316,-0.01796885978963927,-0.012092215774903891,-0.005200609922688692,-0.016484480056285535,-0.012858183569263316,-0.01796885978963927,-0.012092215774903891,-0.005200609922688692,-0.016484480056285535,-0.010945689331532771,-0.014575092960344472,-0.025634727258684632,-0.020525656146572313,-0.012092215774903891,-0.008688206444071311,-0.01796885978963927,-0.01796885978963927,-0.018042778961131736
2022-12-28,-0.05781184428254902,-0.02437577076112598,-0.021251177267050572,-0.014002126805846027,-0.013525145799376114,-0.021541088590622516,-0.02437577076112598,-0.021251177267050572,-0.014002126805846027,-0.013525145799376114,-0.021541088590622516,-0.018564533709356755,-0.019476515754340104,-0.03513199155160187,-0.027206884591801782,-0.014002126805846027,-0.023552573408396893,-0.021251177267050572,-0.021251177267050572,-0.021732495643307703
2022-12-29,0.005060782198999926,-0.009535600297303094,0.004821409751757755,0.007578976385911873,-0.0011473109320877754,-9.704860294152946e-05,-0.009535600297303094,0.004821409751757755,0.007578976385911873,-0.0011473109320877754,-9.704860294152946e-05,0.0018279713126574835,0.0073754711936709905,-0.005934542295304258,0.0023025636504259593,0.007578976385911873,0.00941867725854213,0.004821409751757755,0.004821409751757755,0.002506068842666842
2022-12-30,-0.006246880138481359,0.007127027582313118,-0.004221535820504637,0.004054129105941655,0.002842618204047588,0.004414855126358778,0.007127027582313118,-0.004221535820504637,0.004054129105941655,0.002842618204047588,0.004414855126358778,-0.0004368679162598272,-0.003023552685411653,-0.013498871687019147,-0.007667648265765955,0.004054129105941655,0.0008612254384987848,-0.0033465358205046368,-0.0033465358205046368,0.00028503352558735366
2022-12-31,0.02668078182264084,0.002910718932344958,0.0023004047079183197,0.002379459160638381,0.0018856790337388406,0.0029446556750288276,0.002910718932344958,0.0023004047079183197,0.002379459160638381,0.0018856790337388406,0.0029446556750288276,0.004825823024343869,0.0032843113216594676,0.0034106299804921147,0.003335424188656237,0.00290601785793226,0.005990464924492882,0.004835501741741788,0.011706003033325429,0.005860541640347904
2023-01-01,0.012038233745504457,0.002571262816817166,0.002137585000968079,0.0032282642894634786,0.006444899710088748,0.002571262816817166,0.002571262816817166,0.002137585000968079,0.0032282642894634786,0.006444899710088748,0.002571262816817166,0.0017798675323187183,0.002571262816817166,0.002571262816817166,0.002571262816817166,0.002571262816817166,0.008089646184425314,0.007266865490223396,0.005998272076904244,0.0033932285969518142
2023-01-02,0.03799342064100491,0.01905586609214769,0.020018258986136985,0.019125636401798075,0.025926037794548676,0.01905586609214769,0.01905586609214769,0.020018258986136985,0.019125636401798075,0.025926037794548676,0.01905586609214769,0.02104519846793833,0.01905586609214769,0.01905586609214769,0.01905586609214769,0.01905586609214769,0.027675661067643985,0.022592375502161754,0.017477878006596594,0.015722203799760772
2023-01-03,0.009295800277589672,-0.0008918763853835497,0.00043128709404007817,0.0021071152228545388,0.005279712436559182,-0.0008918763853835497,-0.0008918763853835497,0.00043128709404007817,0.0021071152228545388,0.005279712436559182,-0.0008918763853835497,-0.0022083420689925195,-0.0008918763853835497,-0.0008918763853835497,-0.0008918763853835497,-0.0008918763853835497,0.00771310384768158,0.008012481670094407,0.00023360675248351725,0.0018408928481516763
2023-01-04,0.024293539760179138,0.014088842995269447,0.021281477580274544,0.01780964680981896,0.004454510787845955,0.014088842995269447,0.014088842995269447,0.021281477580274544,0.01780964680981896,0.004454510787845955,0.014088842995269447,0.021741379820489695,0.014088842995269447,0.014088842995269447,0.014088842995269447,0.014088842995269447,0.017615059310282823,0.009332827246573562,0.012526731721738904,0.018967159453997053
2023-01-05,-0.014054989138017214,-0.014186915830371329,-0.011326361231432491,0.004105816056249267,-0.014664742395700904,-0.014186915830371329,-0.014186915830371329,-0.011326361231432491,0.004105816056249267,-0.014664742395700904,-0.014186915830371329,-0.01477534287736735,-0.014186915830371329,-0.014186915830371329,-0.014186915830371329,-0.014186915830371329,-0.010530251768883338,-0.010265831755705591,0.002994059796486948,-0.009788005190376016
2023-01-06,0.03477039634351142,0.006451955079351236,0.013090145091249488,0.006307414736232246,0.007250790224095739,0.006451955079351236,0.006451955079351236,0.013090145091249488,0.006307414736232246,0.007250790224095739,0.006451955079351236,0.012717797681356596,0.005576955079351235,0.005576955079351235,0.005576955079351235,0.005576955079351235,0.015437042073208177,0.00638414130077445,-0.002076792584858906,0.006585306156029948
2023-01-07,-0.0012540999696952545,-0.0014785090159024294,-0.0023734090323795326,-0.0024674910061597017,-0.0014785090159024294,-0.0014785090159024294,-0.0014785090159024294,-0.0023734090323795326,-0.0024674910061597017,-0.0014785090159024294,-0.0014785090159024294,0.0015121345591553518,-0.002437781130201187,-0.005565237042665717,-0.002437781130201187,-0.0026431959294367408,-0.003683475444480511,-0.00034308270244618464,-0.0006825499918700081,-0.00034308270244618464
2023-01-08,0.05105083081891717,0.022004650376928316,0.028347876885187476,0.03408018381148996,0.022004650376928316,0.022004650376928316,0.022004650376928316,0.028347876885187476,0.03408018381148996,0.022004650376928316,0.022004650376928316,0.03171850698265248,0.028347876885187476,0.03577465805077136,0.028347876885187476,0.036307985915817166,0.05632449615238749,0.031833083858739286,0.031833083858739286,0.031833083858739286
2023-01-09,0.033205813542260425,0.015759010750643388,0.02423138603798263,0.036468815952422864,0.015759010750643388,0.015759010750643388,0.015759010750643388,0.02423138603798263,0.036468815952422864,0.015759010750643388,0.015759010750643388,0.029215915180485608,0.02423138603798263,0.019269193150592744,0.02423138603798263,0.026603790654655103,0.014566037941415422,0.011884052744213648,0.011884052744213648,0.011884052744213648
2023-01-10,0.01241457798823944,0.005315913586288778,0.008211391976670802,0.01070489965924637,0.005315913586288778,0.005315913586288778,0.005315913586288778,0.008211391976670802,0.01070489965924637,0.005315913586288778,0.005315913586288778,0.010165794560119257,0.008211391976670802,0.006537337649606934,0.008211391976670802,0.0077507924609956595,0.006179334691330385,0.007643242270906981,0.007643242270906981,0.007643242270906981
2023-01-11,0.009615102672675667,0.04051193626221243,0.03724908537958389,0.031693903213954,0.04051193626221243,0.04051193626221243,0.04051193626221243,0.03724908537958389,0.031693903213954,0.04051193626221243,0.04051193626221243,0.026180830201820715,0.03724908537958389,0.023220495349756745,0.03724908537958389,0.028405157534485647,0.0286705480891567,0.03346613201053121,0.03346613201053121,0.03346613201053121
2023-01-12,0.035043116986192224,0.02179450843040516,0.027755960012480197,0.029604517962870072,0.02179450843040516,0.02179450843040516,0.02179450843040516,0.027755960012480197,0.029604517962870072,0.02179450843040516,0.02179450843040516,0.025848271780160692,0.027755960012480197,0.024312305653727776,0.027755960012480197,0.024622475849584238,0.03439467124958151,0.02275806391094717,0.02275806391094717,0.02275806391094717
2023-01-13,0.059543173137187946,0.03218316718167416,0.028480729200356096,0.02699763571755043,0.03130816718167416,0.03218316718167416,0.03218316718167416,0.028480729200356096,0.02699763571755043,0.03130816718167416,0.03218316718167416,0.03165664252973313,0.028480729200356096,0.03744294759806824,0.028480729200356096,0.03621315738436477,0.04844112177235968,0.03148438142676895,0.03148438142676895,0.03148438142676895
2023-01-14,0.032751534136808313,0.03226455125485064,0.04094225556834345,0.04070584082796434,0.044212247179244664,0.04094225556834345,0.03226455125485064,0.04094225556834345,0.04070584082796434,0.044212247179244664,0.04094225556834345,0.03991374969740893,0.03488445615379124,0.04024026224181666,0.04094225556834345,0.04094225556834345,0.041286941891022666,0.04094225556834345,0.04094225556834345,0.04094225556834345
2023-01-15,-0.0010252356071077436,-0.0074831117377114125,-0.001680821007841038,-0.001680821007841038,-0.0021020714743918536,-0.001680821007841038,-0.0074831117377114125,-0.001680821007841038,-0.001680821007841038,-0.0021020714743918536,-0.001680821007841038,-0.006074897905007504,-0.0035102853070957617,-0.001680821007841038,-0.001680821007841038,-0.001680821007841038,0.008171829385166453,-0.001680821007841038,-0.001680821007841038,-0.001680821007841038
2023-01-16,-0.022636284466473654,-0.0015763565805458233,0.0010493405661577966,0.0010493405661577966,-0.0024327803025315123,0.0010493405661577966,-0.0015763565805458233,0.0010493405661577966,0.0010493405661577966,-0.0024327803025315123,0.0010493405661577966,0.004911604888123499,-0.008920741771200835,0.0010493405661577966,0.0010493405661577966,0.0010493405661577966,-0.015006300243894377,0.0010493405661577966,0.0010493405661577966,0.0010493405661577966
2023-01-17,-0.010886445580166248,0.0006751244990745196,-0.0014413575737679098,-0.0014413575737679098,-0.007055760243228204,-0.0014413575737679098,0.0006751244990745196,-0.0014413575737679098,-0.0014413575737679098,-0.007055760243228204,-0.0014413575737679098,-0.0033510084450911752,-0.0030296272990625096,-0.0014413575737679098,-0.0014413575737679098,-0.0014413575737679098,-0.008796194009395708,-0.0014413575737679098,-0.0014413575737679098,-0.0014413575737679098
2023-01-18,-0.047234233632344406,-0.03635267238889113,-0.03882226067956321,-0.03882226067956321,-0.03879602709458045,-0.03882226067956321,-0.03635267238889113,-0.03882226067956321,-0.03882226067956321,-0.03879602709458045,-0.03882226067956321,-0.03315638539313453,-0.04199231409033706,-0.03882226067956321,-0.03882226067956321,-0.03882226067956321,-0.04653033837085612,-0.03882226067956321,-0.03882226067956321,-0.03882226067956321
2023-01-19,0.03334267752059476,0.024898899538556396,0.02242612704643756,0.02242612704643756,0.026721349181705146,0.02242612704643756,0.024898899538556396,0.02242612704643756,0.02242612704643756,0.026721349181705146,0.02242612704643756,0.0262979627149158,0.025322286005345737,0.02242612704643756,0.02242612704643756,0.02242612704643756,0.03187166000213306,0.02242612704643756,0.02242612704643756,0.02242612704643756
2023-01-20,0.10154126000504804,0.05567715369490776,0.058295132072349695,0.058295132072349695,0.0627266108180429,0.059295132072349696,0.05567715369490776,0.058295132072349695,0.058295132072349695,0.0627266108180429,0.059295132072349696,0.05411300785617111,0.06329075665677955,0.058295132072349695,0.058295132072349695,0.058295132072349695,0.09251728208940951,0.058295132072349695,0.059295132072349696,0.059295132072349696
2023-01-21,-0.009228019430521896,-0.016012890408305093,-0.017207956518671554,-0.014604537705058984,-0.017207956518671554,-0.015253271554583737,-0.016012890408305093,-0.017207956518671554,-0.014604537705058984,-0.017207956518671554,-0.015253271554583737,-0.016666094494367532,-0.010931119413318213,-0.020881374810412322,-0.016666094494367532,-0.016666094494367532,-0.0028593524531582044,-0.004304667419480279,-0.015253271554583737,-0.015253271554583737
2023-01-22,0.02935755159008098,-0.0004212176312527794,0.005571611395994158,0.0004254522318685619,0.005571611395994158,0.0011620418627091848,-0.0004212176312527794,0.005571611395994158,0.0004254522318685619,0.005571611395994158,0.0011620418627091848,-0.0001308891568713162,0.0056581280455050955,0.00033893558235762464,-0.0001308891568713162,-0.0001308891568713162,0.00535993314277361,5.452745216283621e-06,0.0011620418627091848,0.0011620418627091848
2023-01-23,0.0013526661748678671,0.023480292283840323,0.005991862435892271,0.018040952784075803,0.005991862435892271,0.011850454540597456,0.023480292283840323,0.005991862435892271,0.018040952784075803,0.005991862435892271,0.011850454540597456,0.019868320553922448,0.00253083265210694,0.021501982567861132,0.019868320553922448,0.019868320553922448,-0.0008926258963027891,0.005268626531694509,0.011850454540597456,0.011850454540597456
2023-01-24,-0.056657176899727005,-0.02711727612617163,-0.03533960356304864,-0.029736259228152817,-0.03533960356304864,-0.028396261970926373,-0.02711727612617163,-0.03533960356304864,-0.029736259228152817,-0.03533960356304864,-0.028396261970926373,-0.027666981622467036,-0.031785411391671216,-0.03329045139953024,-0.027666981622467036,-0.027666981622467036,-0.048570416281928666,-0.03814952830335847,-0.028396261970926373,-0.028396261970926373
2023-01-25,0.06511209930342723,0.023063406146240473,0.03989798186400173,0.02523412038537103,0.03989798186400173,0.02574561656203076,0.023063406146240473,0.03989798186400173,0.02523412038537103,0.03989798186400173,0.02574561656203076,0.02490790638791398,0.0386570183113311,0.026475083938041655,0.02490790638791398,0.02490790638791398,0.07671435599600143,0.05919905859921904,0.02574561656203076,0.02574561656203076
2023-01-26,-0.013864226642677549,-0.010040424966340411,-0.013837479019459597,-0.007224623996539647,-0.013837479019459597,-0.007645621725096575,-0.010040424966340411,-0.013837479019459597,-0.007224623996539647,-0.013837479019459597,-0.007645621725096575,-0.011127729242965746,-0.010120295513304556,-0.01094180750269469,-0.011127729242965746,-0.011127729242965746,-0.022496603836012374,-0.017265129407337047,-0.007645621725096575,-0.007645621725096575
2023-01-27,0.03746292956894044,0.012903484974103586,0.016571866533516923,0.009339317285233763,0.016571866533516923,0.011710499473335223,0.012903484974103586,0.016571866533516923,0.009339317285233763,0.016571866533516923,0.011710499473335223,0.006183575307249801,0.014001874816227302,0.012909309002523385,0.006183575307249801,0.006183575307249801,0.018304345148128225,0.013265707071062227,0.011710499473335223,0.011710499473335223
2023-01-28,0.009480922647112708,-0.004816959931705167,-0.006792533708880867,-0.004816959931705167,-0.006792533708880867,-0.004816959931705167,-0.004816959931705167,-0.006792533708880867,-0.004816959931705167,-0.006792533708880867,-0.004816959931705167,-0.008994418614634438,-0.004816959931705167,-0.006792533708880867,-0.004816959931705167,-0.004816959931705167,-0.02152747089848822,-0.004816959931705167,-0.004816959931705167,-0.004816959931705167
2023-01-29,0.038404726438935895,0.036365671988292325,0.03285999883919222,0.036365671988292325,0.03285999883919222,0.036365671988292325,0.036365671988292325,0.03285999883919222,0.036365671988292325,0.03285999883919222,0.036365671988292325,0.0275809464787637,0.036365671988292325,0.03285999883919222,0.036365671988292325,0.036365671988292325,0.04524358388331034,0.036365671988292325,0.036365671988292325,0.036365671988292325
2023-01-30,-0.04056581804363937,-0.03562336362915297,-0.037581772914847475,-0.03562336362915297,-0.037581772914847475,-0.03562336362915297,-0.03562336362915297,-0.037581772914847475,-0.03562336362915297,-0.037581772914847475,-0.03562336362915297,-0.037981634845799354,-0.03562336362915297,-0.037581772914847475,-0.03562336362915297,-0.03562336362915297,-0.0613021005043909,-0.03562336362915297,-0.03562336362915297,-0.03562336362915297
2023-01-31,0.06720995815931982,0.013852232776740038,0.01748578315374081,0.013852232776740038,0.01748578315374081,0.013852232776740038,0.013852232776740038,0.01748578315374081,0.013852232776740038,0.01748578315374081,0.013852232776740038,0.014151596042096993,0.013852232776740038,0.01748578315374081,0.013852232776740038,0.013852232776740038,0.0210345171280371,0.013852232776740038,0.013852232776740038,0.013852232776740038
2023-02-01,0.10561592840803172,0.03185571867124973,0.030249450470536003,0.03185571867124973,0.030249450470536003,0.03185571867124973,0.03185571867124973,0.030249450470536003,0.03185571867124973,0.030249450470536003,0.03185571867124973,0.022239838176923946,0.03185571867124973,0.030249450470536003,0.03185571867124973,0.03185571867124973,0.06993641061159434,0.03185571867124973,0.03185571867124973,0.03185571867124973
2023-02-02,-0.028579941441369463,0.0011032983807277796,0.0015595007681151523,0.0011032983807277796,0.0015595007681151523,0.0011032983807277796,0.0011032983807277796,0.0015595007681151523,0.0011032983807277796,0.0015595007681151523,0.0011032983807277796,0.0028745049603801976,0.0011032983807277796,0.0015595007681151523,0.0011032983807277796,0.0011032983807277796,0.0023089313497602236,0.0011032983807277796,0.0011032983807277796,0.0011032983807277796
2023-02-03,0.047866468434213896,0.009883714448301807,0.011296671435030235,0.010883714448301806,0.012296671435030236,0.009883714448301807,0.009883714448301807,0.011296671435030235,0.010883714448301806,0.012296671435030236,0.009883714448301807,0.008337354524346273,0.010883714448301806,0.011296671435030235,0.009883714448301807,0.010883714448301806,0.030999079938329115,0.009883714448301807,0.009883714448301807,0.010883714448301806
2023-02-04,-0.013008608090237407,-0.0031684375190004672,-0.005337853131754589,-0.005337853131754589,-0.00497549656062577,-0.0031684375190004672,-0.0031684375190004672,-0.005337853131754589,-0.005337853131754589,-0.00497549656062577,-0.0031684375190004672,-0.0041969962666649875,-0.005337853131754589,-0.0062160720056851915,-0.0062160720056851915,-0.005337853131754589,-0.01699619101520362,-0.0125827019965435,-0.0125827019965435,-0.005337853131754589
2023-02-05,-0.026344779165388778,-0.014531962359553008,-0.012406310606296022,-0.012406310606296022,-0.014971350980823049,-0.014531962359553008,-0.014531962359553008,-0.012406310606296022,-0.012406310606296022,-0.014971350980823049,-0.014531962359553008,-0.015553650912606874,-0.012406310606296022,-0.013864862500115094,-0.013864862500115094,-0.012406310606296022,-0.02095292340453419,-0.010661150318486046,-0.010661150318486046,-0.012406310606296022
2023-02-06,-0.02335886720340992,-0.011606392049975978,-0.009842366060890794,-0.009842366060890794,-0.011569230733909343,-0.011606392049975978,-0.011606392049975978,-0.009842366060890794,-0.009842366060890794,-0.011569230733909343,-0.011606392049975978,-0.012774356678712873,-0.009842366060890794,-0.011246768214815918,-0.011246768214815918,-0.009842366060890794,-0.011771629343703195,-0.0109462093930065,-0.0109462093930065,-0.009842366060890794
2023-02-07,0.049754946839521225,0.030777569409266597,0.0351375300097895,0.0351375300097895,0.03685653805907583,0.030777569409266597,0.030777569409266597,0.0351375300097895,0.0351375300097895,0.03685653805907583,0.030777569409266597,0.03554421377192969,0.0351375300097895,0.03402618150641637,0.03402618150641637,0.0351375300097895,0.0362251542984358,0.03587413718353259,0.03587413718353259,0.0351375300097895
2023-02-08,-0.04809935408657391,-0.007170693235039783,-0.007399930908982434,-0.007399930908982434,-0.008034993326660913,-0.007170693235039783,-0.007170693235039783,-0.007399930908982434,-0.007399930908982434,-0.008034993326660913,-0.007170693235039783,-0.005843049145917202,-0.007399930908982434,-0.007957180552705558,-0.007957180552705558,-0.007399930908982434,-0.03254794529932821,-0.021871203437054086,-0.021871203437054086,-0.007399930908982434
2023-02-09,-0.11239698822747611,-0.05699570310252564,-0.0635993778029246,-0.0635993778029246,-0.06128730563432523,-0.05699570310252564,-0.05699570310252564,-0.0635993778029246,-0.0635993778029246,-0.06128730563432523,-0.05699570310252564,-0.0534067361848507,-0.0635993778029246,-0.058714783176412724,-0.058714783176412724,-0.0635993778029246,-0.09148883174568528,-0.0774649314877096,-0.0774649314877096,-0.0635993778029246
2023-02-10,0.0051496892181149626,-0.005072436803090596,-0.0021648727906248043,-0.0021648727906248043,-0.0006990740647771377,-0.005072436803090596,-0.005072436803090596,-0.0021648727906248043,-0.0021648727906248043,-0.0006990740647771377,-0.005072436803090596,-0.008534564467355628,-0.0011648727906248043,0.0019093763274225413,0.0019093763274225413,-0.0021648727906248043,0.0006011927276899972,0.0035147410485395283,0.002639741048539528,-0.0021648727906248043
2023-02-11,0.039121740509914016,0.011940730027646042,0.011420260297650399,0.011420260297650399,0.011940730027646042,0.011420260297650399,0.011940730027646042,0.011420260297650399,0.011420260297650399,0.011940730027646042,0.011420260297650399,0.00986034008138333,0.011940730027646042,0.010764942909479736,0.011940730027646042,0.010764942909479736,0.022748527491671888,0.011940730027646042,0.012989760280411742,0.012212343848873042
2023-02-12,-0.03833428461342581,-0.005636141677214778,-0.010625685515383631,-0.010625685515383631,-0.005636141677214778,-0.010625685515383631,-0.005636141677214778,-0.010625685515383631,-0.010625685515383631,-0.005636141677214778,-0.010625685515383631,-0.011541014176212937,-0.005636141677214778,-0.006368715386470569,-0.005636141677214778,-0.006368715386470569,-0.025726869891520513,-0.005636141677214778,-0.010482395003650138,-0.012622709289622459
2023-02-13,-0.034937408272658545,-0.010833585008209499,-0.018567227568260458,-0.018567227568260458,-0.010833585008209499,-0.018567227568260458,-0.010833585008209499,-0.018567227568260458,-0.018567227568260458,-0.010833585008209499,-0.018567227568260458,-0.0014738771523534532,-0.010833585008209499,-0.010025714988632382,-0.010833585008209499,-0.010025714988632382,-0.014142636519299236,-0.010833585008209499,-0.014829151758683046,-0.0032087629066286597
2023-02-14,0.06626700548429182,0.02589269882903347,0.02865179165423122,0.02865179165423122,0.02589269882903347,0.02865179165423122,0.02589269882903347,0.02865179165423122,0.02865179165423122,0.02589269882903347,0.02865179165423122,0.030866689758869775,0.02589269882903347,0.021680129742389732,0.02589269882903347,0.021680129742389732,0.05420744133078115,0.02589269882903347,0.02614950486438588,0.02877004038334268
2023-02-15,0.11213015320655292,0.07567266825738779,0.07344301227944197,0.07344301227944197,0.07567266825738779,0.07344301227944197,0.07567266825738779,0.07344301227944197,0.07344301227944197,0.07567266825738779,0.07344301227944197,0.07141300421221337,0.07567266825738779,0.07111692802502297,0.07567266825738779,0.07111692802502297,0.10528726911546045,0.07567266825738779,0.07043092046113428,0.07525343315168938
2023-02-16,-0.061446818490985815,-0.038902824991340304,-0.03603159595939272,-0.03603159595939272,-0.038902824991340304,-0.03603159595939272,-0.038902824991340304,-0.03603159595939272,-0.03603159595939272,-0.038902824991340304,-0.03603159595939272,-0.03918795770058647,-0.038902824991340304,-0.03907373701013166,-0.038902824991340304,-0.03907373701013166,-0.04848941293566518,-0.038902824991340304,-0.03968948943520392,-0.038127832254463194
2023-02-17,0.05573084145508387,0.03404165404028701,0.029302774838460645,0.029302774838460645,0.03404165404028701,0.029302774838460645,0.03404165404028701,0.029302774838460645,0.029302774838460645,0.03404165404028701,0.029302774838460645,0.034066799430247555,0.03404165404028701,0.03565605945287527,0.03504165404028701,0.03653105945287527,0.05241323474073732,0.03504165404028701,0.042446580569540635,0.04661969219358507
2023-02-18,0.0034055785620386507,0.0010839197373898604,0.0011726862822497353,0.0011726862822497353,0.0016372730818876358,0.0011726862822497353,0.0010839197373898604,0.0011726862822497353,0.0011726862822497353,0.0016372730818876358,0.0011726862822497353,0.0016372730818876358,0.0029952126640346854,0.0002353466203133665,0.0011726862822497353,0.0011726862822497353,-0.006252271247291189,0.0011726862822497353,-0.005057396469833998,0.00027521818954174865
2023-02-19,-0.03477901234833909,-0.014030874122436532,-0.011376438598411375,-0.011376438598411375,-0.010861000129158449,-0.011376438598411375,-0.014030874122436532,-0.011376438598411375,-0.011376438598411375,-0.010861000129158449,-0.011376438598411375,-0.010861000129158449,-0.015262754636286392,-0.011418851379833806,-0.011376438598411375,-0.011376438598411375,-0.029769673281949377,-0.011376438598411375,-0.016502000121857787,-0.011418851379833806
2023-02-20,0.029360971535515736,0.014846628717057421,0.011382484223889013,0.011382484223889013,0.020787761857520116,0.011382484223889013,0.014846628717057421,0.011382484223889013,0.011382484223889013,0.020787761857520116,0.011382484223889013,0.020787761857520116,0.009016846016709736,0.011031162246376992,0.011382484223889013,0.011382484223889013,0.007372670341880761,0.011382484223889013,0.01047190450689215,0.011031162246376992
2023-02-21,-0.034963017337525625,-0.020175354727430664,-0.022021298743503892,-0.022021298743503892,-0.020904788908543574,-0.022021298743503892,-0.020175354727430664,-0.022021298743503892,-0.022021298743503892,-0.020904788908543574,-0.022021298743503892,-0.020904788908543574,-0.02069857904499979,-0.025145078762304363,-0.022021298743503892,-0.022021298743503892,-0.01563494861941339,-0.022021298743503892,-0.011308727690302757,-0.025145078762304363
2023-02-22,0.0016200084413049015,0.00314551000578005,-0.0005923256940612684,-0.0005923256940612684,-0.002012839499473773,-0.0005923256940612684,0.00314551000578005,-0.0005923256940612684,-0.0005923256940612684,-0.002012839499473773,-0.0005923256940612684,-0.002012839499473773,-0.002362534964749075,-0.003055525129707548,-0.0005923256940612684,-0.0005923256940612684,0.017394380281669845,-0.0005923256940612684,0.00021008743859127774,-0.003055525129707548
2023-02-23,-0.0006822153670672758,-0.009350144876938284,-0.004858439123716796,-0.004858439123716796,-0.007002284852592822,-0.004858439123716796,-0.009350144876938284,-0.004858439123716796,-0.004858439123716796,-0.007002284852592822,-0.004858439123716796,-0.007002284852592822,-0.008467440470173317,-0.005525780244892031,-0.004858439123716796,-0.004858439123716796,0.0075844979179614525,-0.004858439123716796,-0.00287330673719044,-0.005525780244892031
2023-02-24,-0.009069892042757918,-0.027558204618753825,-0.027635471729741592,-0.028510471729741593,-0.02630819463227725,-0.027635471729741592,-0.027558204618753825,-0.027635471729741592,-0.028510471729741593,-0.02630819463227725,-0.027635471729741592,-0.02530819463227725,-0.03236142330426881,-0.03330016741549027,-0.027635471729741592,-0.027635471729741592,0.009118766155539037,-0.027635471729741592,-0.006553152171286693,-0.03242516741549027
2023-02-25,-0.04248015725425698,0.001284167701846939,-0.0021450305819099348,-0.004432661922423784,0.0014092633476693985,0.001284167701846939,0.001284167701846939,-0.0021450305819099348,-0.004432661922423784,0.0014092633476693985,0.001284167701846939,-0.0021450305819099348,-0.004248987118062498,-0.004256805595926401,-0.022015768203405853,-0.0021450305819099348,-0.03925530990821417,-0.0027415837581683746,-0.022015768203405853,0.001284167701846939
2023-02-26,0.046060028249163935,0.018800753697517436,0.018415622189197567,0.01761257955616711,0.018074273717168632,0.018800753697517436,0.018800753697517436,0.018415622189197567,0.01761257955616711,0.018074273717168632,0.018800753697517436,0.018415622189197567,0.021726308160366914,0.021726308160366914,0.021929921864350947,0.018415622189197567,0.034973699800668674,0.0247126232700043,0.021929921864350947,0.018800753697517436
2023-02-27,-0.00096346552535984,-0.0039285132208955135,-0.004065657753667496,-0.007358403423363958,-0.006354631128855703,-0.0039285132208955135,-0.0039285132208955135,-0.004065657753667496,-0.007358403423363958,-0.006354631128855703,-0.0039285132208955135,-0.004065657753667496,-0.010332248362743424,-0.010332248362743424,-0.004060398296146928,-0.004065657753667496,-0.015886382224543062,-0.005838875384350507,-0.004060398296146928,-0.0039285132208955135
2023-02-28,-0.03714050610430506,-0.009323408725642435,-0.01085048433557545,-0.010921487996605795,-0.010329897261075272,-0.009323408725642435,-0.009323408725642435,-0.01085048433557545,-0.010921487996605795,-0.010329897261075272,-0.009323408725642435,-0.01085048433557545,-0.011807280568625678,-0.011807280568625678,-0.007148972844300628,-0.01085048433557545,-0.014683329606101058,-0.018821849493625666,-0.007148972844300628,-0.009323408725642435
2023-03-01,0.04451268896309495,0.02634190345684262,0.01871840374052232,0.027334567457399706,0.024916347506743455,0.02634190345684262,0.02634190345684262,0.01871840374052232,0.027334567457399706,0.024916347506743455,0.02634190345684262,0.01871840374052232,0.024316294058795897,0.024316294058795897,0.03484658437649353,0.01871840374052232,0.04514570027146743,0.046119224706614274,0.03484658437649353,0.02634190345684262
2023-03-02,-0.025876389493512696,-0.011987869751464174,-0.009015433027179422,-0.014026096083031313,-0.013560315676285128,-0.011987869751464174,-0.011987869751464174,-0.009015433027179422,-0.014026096083031313,-0.013560315676285128,-0.011987869751464174,-0.009015433027179422,-0.01265665658824533,-0.01265665658824533,-0.012137511444834504,-0.009015433027179422,-0.02188902501092289,-0.018245852960002404,-0.012137511444834504,-0.011987869751464174
2023-03-03,-0.06329491945557213,-0.036378857759004006,-0.03352285731253801,-0.03596678671335274,-0.035277358461518624,-0.036378857759004006,-0.036378857759004006,-0.03352285731253801,-0.03596678671335274,-0.035277358461518624,-0.036378857759004006,-0.03352285731253801,-0.04321867848354668,-0.04321867848354668,-0.045715171336616886,-0.03352285731253801,-0.05339595277410593,-0.05619598122602308,-0.045715171336616886,-0.03737885775900401
2023-03-04,-0.05446439304742341,-0.0065175368377919495,-0.0065175368377919495,-0.0065175368377919495,-0.0057282180764972376,-0.0065175368377919495,-0.0065175368377919495,-0.0065175368377919495,-0.0065175368377919495,-0.0057282180764972376,-0.0065175368377919495,-0.0065175368377919495,-0.006560847983216123,-0.008381489245663927,-0.00845955418440294,-0.0065175368377919495,-0.04827258091541598,-0.009087127819147623,-0.009087127819147623,-0.009087127819147623
2023-03-05,0.018578225732801656,-0.00014332893707744718,-0.00014332893707744718,-0.00014332893707744718,-0.0024140513106973406,-0.00014332893707744718,-0.00014332893707744718,-0.00014332893707744718,-0.00014332893707744718,-0.0024140513106973406,-0.00014332893707744718,-0.00014332893707744718,-0.00014332893707744718,-0.0005799937380380983,-0.0005799937380380983,-0.00014332893707744718,0.020990301832725145,0.004328487287024752,0.004328487287024752,0.004328487287024752
2023-03-06,0.010348688405355721,-0.0038464127972971164,-0.0038464127972971164,-0.0038464127972971164,-0.004886254260696044,-0.0038464127972971164,-0.0038464127972971164,-0.0038464127972971164,-0.0038464127972971164,-0.004886254260696044,-0.0038464127972971164,-0.0038464127972971164,-0.0038464127972971164,-0.00364394404576689,-0.00364394404576689,-0.0038464127972971164,-0.001948639096609495,-0.010831692519952751,-0.010831692519952751,-0.010831692519952751
2023-03-07,-0.034638680873912336,-0.0023646800535427116,-0.0023646800535427116,-0.0023646800535427116,0.0019422898098880204,-0.0023646800535427116,-0.0023646800535427116,-0.0023646800535427116,-0.0023646800535427116,0.0019422898098880204,-0.0023646800535427116,-0.0023646800535427116,-0.0023646800535427116,-0.009157542780778984,-0.009157542780778984,-0.0023646800535427116,-0.02873297650874769,-0.017344659565663025,-0.017344659565663025,-0.017344659565663025
2023-03-08,-0.09156972293147689,-0.014702961186279586,-0.014702961186279586,-0.014702961186279586,-0.013297338811497042,-0.014702961186279586,-0.014702961186279586,-0.014702961186279586,-0.014702961186279586,-0.013297338811497042,-0.014702961186279586,-0.014702961186279586,-0.014702961186279586,-0.0328449246811229,-0.0328449246811229,-0.014702961186279586,-0.06470206694403573,-0.04565699794142133,-0.04565699794142133,-0.04565699794142133
2023-03-09,-0.04570976740371639,-0.06937166966086386,-0.06937166966086386,-0.06937166966086386,-0.05585411132522161,-0.06937166966086386,-0.06937166966086386,-0.06937166966086386,-0.06937166966086386,-0.05585411132522161,-0.06937166966086386,-0.06937166966086386,-0.06937166966086386,-0.07078441957874584,-0.07078441957874584,-0.06937166966086386,-0.05559527959640853,-0.07606634834611972,-0.07606634834611972,-0.07606634834611972
2023-03-10,0.016895239070469414,-0.02309741761123574,-0.023972417611235742,-0.023972417611235742,-0.01854863616937179,-0.02309741761123574,-0.02309741761123574,-0.023972417611235742,-0.023972417611235742,-0.01854863616937179,-0.02309741761123574,-0.02309741761123574,-0.02397241761123574,-0.0011767655841739629,-0.0011767655841739624,-0.02309741761123574,-0.008093951192102251,-0.014702731597921521,-0.014702731597921521,-0.01382773159792152
2023-03-11,-0.06282690552607287,0.007265294965103996,0.001905586316147099,0.001905586316147099,0.001837737646511006,0.009966907043765304,0.007265294965103996,0.001905586316147099,0.001905586316147099,0.001837737646511006,0.009966907043765304,-0.0010023743778791346,-0.003079738660639663,0.00667612373227268,-0.007809885722874512,-0.0010023743778791346,-0.03272701677209339,-0.0026193606492036533,-0.0026193606492036533,0.004923316360688479
2023-03-12,0.1808712154936868,0.07870641147369835,0.061048798207238526,0.061048798207238526,0.061048798207238526,0.06251175281955086,0.07870641147369835,0.061048798207238526,0.061048798207238526,0.061048798207238526,0.06251175281955086,0.06311253880658062,0.07444277443897482,0.07870641147369835,0.06669845055678647,0.06311253880658062,0.11044254389325432,0.06816140516909881,0.06816140516909881,0.0741164153777386
2023-03-13,0.06160112023008467,0.06571868278373319,0.054285224666142544,0.054285224666142544,0.054285224666142544,0.05261963001510348,0.06571868278373319,0.054285224666142544,0.054285224666142544,0.054285224666142544,0.05261963001510348,0.058948421422179556,0.05308430545639027,0.06571868278373319,0.05613790002345188,0.058948421422179556,0.060865203595611345,0.054472305372412815,0.054472305372412815,0.05251195839388548
2023-03-14,0.065336082444709,0.01416415566347471,0.01479386644198142,0.01479386644198142,0.01479386644198142,0.008075277686553495,0.01416415566347471,0.01479386644198142,0.01479386644198142,0.01479386644198142,0.008075277686553495,0.014134278161233915,0.033887000398904334,0.01416415566347471,0.017781367024896255,0.014134278161233915,0.04350432775791404,0.011062778269468332,0.011062778269468332,0.013839374890496449
2023-03-15,-0.11267001257668638,-0.03351064780096502,-0.035551759903987845,-0.035551759903987845,-0.035551759903987845,-0.022867182710177226,-0.03351064780096502,-0.035551759903987845,-0.035551759903987845,-0.035551759903987845,-0.022867182710177226,-0.035443515283872684,-0.05264665589514466,-0.03351064780096502,-0.04762696933823318,-0.035443515283872684,-0.10080687854260935,-0.03494239214442257,-0.03494239214442257,-0.03939904862514892
2023-03-16,0.034673808525766514,0.03004261456578479,0.030656354352211816,0.030656354352211816,0.030656354352211816,0.026915952993891382,0.03004261456578479,0.030656354352211816,0.030656354352211816,0.030656354352211816,0.026915952993891382,0.03342815747982497,0.03432133232979613,0.03004261456578479,0.03413383203109213,0.03342815747982497,0.021942919734069477,0.030393430672771695,0.030393430672771695,0.018191460929237825
2023-03-17,0.09042916613456957,0.062320263848364005,0.06257785411572184,0.06257785411572184,0.06257785411572184,0.054735711604332105,0.062320263848364005,0.06257785411572184,0.06257785411572184,0.06257785411572184,0.054735711604332105,0.06289219736175629,0.05660966172645868,0.061445263848364004,0.06476189613455044,0.06289219736175629,0.07089304241496482,0.056794753623160714,0.05591975362316071,0.06395797942548913
2023-03-18,-0.03612375876157677,-0.020171848734006483,-0.020171848734006483,-0.020171848734006483,-0.020171848734006483,-0.020171848734006483,-0.020171848734006483,-0.020171848734006483,-0.020171848734006483,-0.020171848734006483,-0.020171848734006483,-0.020171848734006483,-0.022565309572823822,-0.0294621800773988,-0.019812310803210803,-0.021771117660920415,-0.023146117573684954,-0.020171848734006483,-0.03163234371976985,-0.03155354652808523
2023-03-19,0.022524151710989405,0.022316630568526286,0.022316630568526286,0.022316630568526286,0.022316630568526286,0.022316630568526286,0.022316630568526286,0.022316630568526286,0.022316630568526286,0.022316630568526286,0.022316630568526286,0.022316630568526286,0.022316630568526286,0.021405250233669636,0.022316630568526286,0.024726625171690175,0.017029657655802048,0.022316630568526286,0.017251784878883836,0.017251784878883836
2023-03-20,-0.07686904933519252,-0.020503180262614485,-0.020503180262614485,-0.020503180262614485,-0.020503180262614485,-0.020503180262614485,-0.020503180262614485,-0.020503180262614485,-0.020503180262614485,-0.020503180262614485,-0.020503180262614485,-0.020503180262614485,-0.020503180262614485,-0.029189849270692347,-0.020503180262614485,-0.02344871695818169,-0.027232887901752777,-0.020503180262614485,-0.027232887901752777,-0.027232887901752777
2023-03-21,0.034734146640591226,0.06943175547320918,0.06943175547320918,0.06943175547320918,0.06943175547320918,0.06943175547320918,0.06943175547320918,0.06943175547320918,0.06943175547320918,0.06943175547320918,0.06943175547320918,0.06943175547320918,0.06943175547320918,0.06510726482064984,0.06943175547320918,0.08595657252311217,0.019639493817015154,0.06943175547320918,0.019639493817015154,0.019639493817015154
2023-03-22,-0.042430782864709825,-0.06358640694427994,-0.06358640694427994,-0.06358640694427994,-0.06358640694427994,-0.06358640694427994,-0.06358640694427994,-0.06358640694427994,-0.06358640694427994,-0.06358640694427994,-0.06358640694427994,-0.06358640694427994,-0.06358640694427994,-0.050175761058663775,-0.06358640694427994,-0.047445423549565206,-0.05115730139785371,-0.06358640694427994,-0.05115730139785371,-0.05115730139785371
2023-03-23,0.015007477754964027,0.05081264326163244,0.05081264326163244,0.05081264326163244,0.05081264326163244,0.05081264326163244,0.05081264326163244,0.05081264326163244,0.05081264326163244,0.05081264326163244,0.05081264326163244,0.05081264326163244,0.05081264326163244,0.036527669699283914,0.05081264326163244,0.039297953321395566,0.04397959982014719,0.05081264326163244,0.04397959982014719,0.04397959982014719
2023-03-24,-0.06841776046865977,-0.032015103233745505,-0.032890103233745506,-0.032890103233745506,-0.032890103233745506,-0.032890103233745506,-0.032015103233745505,-0.032890103233745506,-0.032890103233745506,-0.032890103233745506,-0.032890103233745506,-0.032890103233745506,-0.032015103233745505,-0.03727776444128896,-0.032015103233745505,-0.03380576598383014,-0.03470186527707142,-0.032015103233745505,-0.03382686527707142,-0.03382686527707142
2023-03-25,-0.03784430523339362,-0.0016914999492027016,-0.007504050211762363,-0.006058187968157976,-0.006058187968157976,-0.007504050211762363,-0.0016914999492027016,-0.007504050211762363,-0.006058187968157976,-0.006058187968157976,-0.007504050211762363,-0.007504050211762363,0.004125818996211606,-0.007578464982981102,0.002906679722210526,-0.0077342873754108485,-0.012602037300198016,-0.004224814207043593,-0.003005674933042513,-0.004224814207043593
2023-03-26,0.040057272939912195,0.016928883178215236,0.01890405929084569,0.01674301185771343,0.01674301185771343,0.01890405929084569,0.016928883178215236,0.01890405929084569,0.01674301185771343,0.01674301185771343,0.01890405929084569,0.01890405929084569,0.018714551862378047,0.020434847923979003,0.017434743408845453,0.020434847923979003,0.02307767828507825,0.016558806941682346,0.01783861539521494,0.016558806941682346
2023-03-27,-0.046834160291791535,-0.03399388521118399,-0.04010366466901041,-0.03582666594265167,-0.03582666594265167,-0.04010366466901041,-0.03399388521118399,-0.04010366466901041,-0.03582666594265167,-0.03582666594265167,-0.04010366466901041,-0.04010366466901041,-0.020481466227314886,-0.043134032515848846,-0.018477137751719976,-0.043134032515848846,-0.04959792660118161,-0.03414208251300076,-0.03614641098859566,-0.03414208251300076
2023-03-28,0.058574418854252124,0.01829862232896953,0.024738408587608514,0.02747898471673764,0.02747898471673764,0.024738408587608514,0.01829862232896953,0.024738408587608514,0.02747898471673764,0.02747898471673764,0.024738408587608514,0.024738408587608514,0.026436712760858995,0.011431779578168832,0.02397094262101951,0.011431779578168832,0.021279124156536346,0.011172840096253944,0.013638610236093428,0.011172840096253944
2023-03-29,0.03833935564949218,0.014919141359232045,0.030149704741383503,0.02268583715893957,0.02268583715893957,0.030149704741383503,0.014919141359232045,0.030149704741383503,0.02268583715893957,0.02268583715893957,0.030149704741383503,0.030149704741383503,0.03401175664677978,0.027978137903716775,0.026380096433988552,0.027978137903716775,0.01873792024635916,0.015922181849860585,0.02355384206265181,0.015922181849860585
2023-03-30,-0.019625697883772886,-0.003901059261966356,-0.007137308763034312,-0.006874047285600682,-0.006874047285600682,-0.007137308763034312,-0.003901059261966356,-0.007137308763034312,-0.006874047285600682,-0.006874047285600682,-0.007137308763034312,-0.007137308763034312,-0.008421159657909306,-0.009441591901943559,-0.00931257962023202,-0.009441591901943559,0.0010555505780549088,-0.003912440218056723,-0.0030210202557340083,-0.003912440218056723
2023-03-31,0.017088528605031787,0.008466746803513139,0.026610808697964866,0.022206177291287488,0.021331177291287487,0.027485808697964867,0.008466746803513139,0.026610808697964866,0.022206177291287488,0.021331177291287487,0.027485808697964867,0.027485808697964867,0.01742943161289221,0.0165066690138058,0.007883606360876021,0.0165066690138058,0.004772523683416367,0.008037427794862788,0.01758325304687898,0.008912427794862787
2023-04-01,-0.02270371233722572,0.0004140190080693883,0.012718959080219302,-0.005995067906781925,0.013086202644513326,0.0004140190080693883,0.0004140190080693883,0.012718959080219302,-0.005995067906781925,0.013086202644513326,0.0004140190080693883,-0.0020413362764220896,-0.005115775808256484,-0.004907844233381064,-0.010909519339510426,0.0004140190080693883,-0.013054265497364772,-0.018724306862878504,-0.011262627134930736,-0.008915011865311295
2023-04-02,-0.04252960605701821,-0.017297624267355552,-0.016330213447488865,-0.018694150002542445,-0.016330213447488865,-0.017297624267355552,-0.017297624267355552,-0.016330213447488865,-0.018694150002542445,-0.016330213447488865,-0.017297624267355552,-0.0148414546654555,-0.0018543176586067528,-0.008855816944304597,-0.010742703437983558,-0.017297624267355552,-0.025504112571300072,-0.016445009829867366,-0.020543761057339308,-0.006197373754185765
2023-04-03,-0.005165365331595218,-0.0025381500273621515,0.040683238739415734,-0.001268264073875969,0.040683238739415734,-0.0025381500273621515,-0.0025381500273621515,0.040683238739415734,-0.001268264073875969,0.040683238739415734,-0.0025381500273621515,0.0007257263791112575,-0.012082441241546383,-0.009234109366614642,-0.004683088328396479,-0.0025381500273621515,-0.010186349700176223,-0.005004158199475905,0.00040465650803183165,-0.01079529660980163
2023-04-04,0.01698857358784589,0.013957351559536436,0.008673362601634404,0.015124138073904404,0.008673362601634404,0.013957351559536436,0.013957351559536436,0.008673362601634404,0.015124138073904404,0.008673362601634404,0.013957351559536436,0.011643059571331427,0.0124002961898243,0.014555615026828207,0.013049880476849941,0.013957351559536436,0.00904634068369361,0.013298798225767672,0.011891977320249159,0.013208853628051043
2023-04-05,0.014856479820566638,0.0061033427376748104,0.0022816700779594076,0.0062844309406398175,0.0022816700779594076,0.0061033427376748104,0.0061033427376748104,0.0022816700779594076,0.0062844309406398175,0.0022816700779594076,0.0061033427376748104,0.008922528779729521,0.007408291852837668,0.004083724796927356,0.008081675989016013,0.0061033427376748104,0.005799308188638053,-0.0003553444330809622,0.0004855083576325468,0.008587057002871611
2023-04-06,-0.027159315381672933,-0.00930798663362844,-0.021698247089178137,-0.013858399493514997,-0.021698247089178137,-0.00930798663362844,-0.00930798663362844,-0.021698247089178137,-0.013858399493514997,-0.021698247089178137,-0.00930798663362844,-0.010821996784572964,-0.010461511304446437,-0.012720319041522665,-0.010870813102306311,-0.00930798663362844,-0.015871604134444196,-0.012242823809579351,-0.012194007491846005,-0.007097995214285557
2023-04-07,-0.010931626793887922,-0.0014368324706581117,-0.011739762515189888,-0.0028471029975470647,-0.011739762515189888,-0.0014368324706581117,-0.0014368324706581117,-0.011739762515189888,-0.0028471029975470647,-0.011739762515189888,-0.0014368324706581117,-0.0039565134557394185,-0.0010338642291348944,0.0012050342345528977,0.0012224765155032249,-0.0024368324706581118,-0.0020704984291971713,-0.0023556271208324776,-0.006659617092075121,-0.00037174096310326095
2023-04-08,-0.01404830436822216,-0.0047079247535784415,-0.0047079247535784415,-0.002448556029325868,-0.0022069867590483573,-0.0047079247535784415,-0.0047079247535784415,-0.0047079247535784415,-0.002448556029325868,-0.0022069867590483573,-0.0047079247535784415,-0.003980764131756099,-0.003980764131756099,-0.005347724342171345,-0.005632850448565475,-0.003980764131756099,-0.010616312488782566,-0.0067550509605157835,-0.0022069867590483573,-0.006681487101222117
2023-04-09,0.03208151166072026,0.008862471219644697,0.008862471219644697,0.008878667449024612,0.008878667449024612,0.008862471219644697,0.008862471219644697,0.008862471219644697,0.008878667449024612,0.008878667449024612,0.008862471219644697,0.007052503293224976,0.007052503293224976,0.006430827278365303,0.00706140107990052,0.007052503293224976,0.018304494732935873,0.017533691317502594,0.008878667449024612,0.017533691317502594
2023-04-10,0.07473698493341474,0.02436584491930369,0.02436584491930369,0.02485600763252687,0.02485600763252687,0.02436584491930369,0.02436584491930369,0.02436584491930369,0.02485600763252687,0.02485600763252687,0.02436584491930369,0.02530643484739996,0.02530643484739996,0.02340684979149481,0.028727510958779946,0.02530643484739996,0.0667196524179003,0.04177308546104626,0.02485600763252687,0.04177308546104626
2023-04-11,-0.017077342009874253,8.705111309570412e-08,8.705111309570412e-08,0.005618093638379862,0.005618093638379862,8.705111309570412e-08,8.705111309570412e-08,8.705111309570412e-08,0.005618093638379862,0.005618093638379862,8.705111309570412e-08,0.0007962747797661813,0.0007962747797661813,-0.0022856439361970127,-0.0006515440741398535,0.0007962747797661813,-0.0038828683282913887,0.011384997522359375,0.005618093638379862,0.011384997522359375
2023-04-12,-0.022285207600689083,-0.006147809913743731,-0.006147809913743731,0.0010112818358877455,0.0010112818358877455,-0.006147809913743731,-0.006147809913743731,-0.006147809913743731,0.0010112818358877455,0.0010112818358877455,-0.006147809913743731,-0.008770318125765453,-0.008770318125765453,-0.008153276815069277,-0.011866036236012744,-0.008770318125765453,-0.011983200984326526,-0.005741100392273114,0.0010112818358877455,-0.005741100392273114
2023-04-13,0.027602660436245822,0.02270458085734308,0.02270458085734308,0.019664314574236563,0.019664314574236563,0.02270458085734308,0.02270458085734308,0.02270458085734308,0.019664314574236563,0.019664314574236563,0.02270458085734308,0.019408024043578553,0.019408024043578553,0.027822000476201404,0.02099105322857602,0.019408024043578553,0.030508319263109353,0.02086561202181736,0.019664314574236563,0.02086561202181736
2023-04-14,0.08119854106388452,0.021531679055157738,0.020656679055157737,0.013978165091245588,0.013978165091245588,0.021531679055157738,0.021531679055157738,0.020656679055157737,0.013978165091245588,0.013978165091245588,0.021531679055157738,0.016994367181837937,0.017869367181837938,0.02449805829690404,0.01899481202601641,0.017869367181837938,0.0517053169664735,0.0553824128985891,0.013103165091245587,0.0543824128985891
2023-04-15,0.0014086178901240684,0.001443709434534801,0.007426078457330958,0.005971015444987593,0.003962599042812443,0.005971015444987593,0.001443709434534801,0.007426078457330958,0.005971015444987593,0.003962599042812443,0.005971015444987593,0.006919415762234136,0.00556851252519679,0.005345065969448212,1.2288768483515594e-05,0.00556851252519679,0.0014131469629180078,0.002253871750081649,0.00868755315503376,0.009627455691974719
2023-04-16,0.03967409423170858,0.01831584703354214,0.01806794590102483,0.013213242109147871,0.012719095967282556,0.013213242109147871,0.01831584703354214,0.01806794590102483,0.013213242109147871,0.012719095967282556,0.013213242109147871,0.01806794590102483,0.011834094515774107,0.011834094515774107,0.012719095967282556,0.011834094515774107,0.04088305120996643,0.040687768808151455,0.038255713635396905,0.038255713635396905
2023-04-17,-0.026949140187118536,-0.021747302284381334,-0.02437869163015756,-0.024473185561680967,-0.02680297055058012,-0.024473185561680967,-0.021747302284381334,-0.02437869163015756,-0.024473185561680967,-0.02680297055058012,-0.024473185561680967,-0.02437869163015756,-0.025878434149666396,-0.025878434149666396,-0.02680297055058012,-0.025878434149666396,-0.033999815873006295,-0.022243392240958927,-0.0274315563941699,-0.0274315563941699
2023-04-18,0.015489803186461006,0.01766461007641174,0.02174624317241447,0.01870849233295351,0.016834459856111116,0.01870849233295351,0.01766461007641174,0.02174624317241447,0.01870849233295351,0.016834459856111116,0.01870849233295351,0.02174624317241447,0.023869764253399373,0.023869764253399373,0.016834459856111116,0.023869764253399373,0.002570629756719024,0.004795003642572061,0.005870555051103721,0.005870555051103721
2023-04-19,-0.08900980960395813,-0.05574947267005215,-0.07341576441343844,-0.0544273261912219,-0.06525248830666545,-0.0544273261912219,-0.05574947267005215,-0.07341576441343844,-0.0544273261912219,-0.06525248830666545,-0.0544273261912219,-0.07341576441343844,-0.06640957150129585,-0.06640957150129585,-0.06525248830666545,-0.06640957150129585,-0.06218913161854685,-0.04888667824197357,-0.057620338302381446,-0.057620338302381446
2023-04-20,-0.030131077654970362,-0.011475683122793366,-0.013601847996346584,-0.01368912984498769,-0.015315188455394325,-0.01368912984498769,-0.011475683122793366,-0.013601847996346584,-0.01368912984498769,-0.015315188455394325,-0.01368912984498769,-0.013601847996346584,-0.019524438224435968,-0.019524438224435968,-0.015315188455394325,-0.019524438224435968,-0.03039274306200044,-0.01646571290690868,-0.02332035690891312,-0.02332035690891312
2023-04-21,-0.07731687668223619,-0.027355466247024965,-0.03656407380844919,-0.026202463375349795,-0.03317557885225673,-0.025202463375349794,-0.027355466247024965,-0.03656407380844919,-0.026202463375349795,-0.03317557885225673,-0.025202463375349794,-0.03656407380844919,-0.035811585782546174,-0.03481158578254617,-0.03317557885225673,-0.03481158578254617,-0.05366107368805779,-0.03292981901297636,-0.04156310840824664,-0.04068810840824664
2023-04-22,0.04057066966103391,0.026143862605069887,0.02699189903042659,0.01888093836435236,0.027308655021026827,0.02404141711532226,0.026143862605069887,0.02699189903042659,0.01888093836435236,0.027308655021026827,0.02404141711532226,0.02699189903042659,0.02729129203950813,0.0307165291782455,0.02568186600955883,0.0307165291782455,0.02514664809845902,0.01888093836435236,0.026236750449835186,0.02404141711532226
2023-04-23,-0.04185286035846954,-0.006736571091903554,-0.005033235929160029,-0.0045740764633486865,-0.005033235929160029,-0.005520670178888621,-0.006736571091903554,-0.005033235929160029,-0.0045740764633486865,-0.005033235929160029,-0.005520670178888621,-0.005033235929160029,-0.005033235929160029,-0.01041785249045686,-0.009471258774916924,-0.01041785249045686,-0.027112573289458822,-0.0045740764633486865,-0.006736571091903554,-0.005520670178888621
2023-04-24,0.01704758794662649,-0.007414962829859074,-0.00581873816616707,-0.004664720005030066,-0.00581873816616707,-0.006894158464554923,-0.007414962829859074,-0.00581873816616707,-0.004664720005030066,-0.00581873816616707,-0.006894158464554923,-0.00581873816616707,-0.00581873816616707,-0.006614733892979641,-0.004385295433454783,-0.006614733892979641,0.0015786365263082526,-0.004664720005030066,-0.007414962829859074,-0.006894158464554923
2023-04-25,0.07248478140305284,0.01595823412345434,0.015581076854977139,0.017766704417913483,0.015581076854977139,0.01767425181186415,0.01595823412345434,0.015581076854977139,0.017766704417913483,0.015581076854977139,0.01767425181186415,0.015581076854977139,0.015581076854977139,0.022104399938212053,0.022196852544261382,0.022104399938212053,0.057064499206667174,0.017766704417913483,0.01595823412345434,0.01767425181186415
2023-04-26,-0.019211170350349697,-0.010697165206970661,-0.009429499014398069,-0.013573114669730811,-0.009429499014398069,-0.002651314958064388,-0.010697165206970661,-0.009429499014398069,-0.013573114669730811,-0.009429499014398069,-0.002651314958064388,-0.009429499014398069,-0.009429499014398069,-0.0035923965098820345,-0.014514196221548458,-0.0035923965098820345,-0.008421349428505453,-0.013573114669730811,-0.010697165206970661,-0.002651314958064388
2023-04-27,0.033784613871891626,0.01917910380273549,0.01644084162734427,0.01905885932137248,0.01644084162734427,0.01865353893643764,0.01917910380273549,0.01644084162734427,0.01905885932137248,0.01644084162734427,0.01865353893643764,0.01644084162734427,0.01644084162734427,0.01865487673682624,0.01906019712176108,0.01865487673682624,0.030689332502801838,0.01905885932137248,0.01917910380273549,0.01865353893643764
2023-04-28,-0.025803395633428705,-0.005900002983006014,0.0012339282451701242,-0.008920468676269142,0.00023392824517012422,-0.008122826709160404,-0.005900002983006014,0.0012339282451701242,-0.008920468676269142,0.00023392824517012422,-0.008122826709160404,-0.0006410717548298761,0.0012339282451701242,-0.006237290053019536,-0.0061599320201282766,-0.005362290053019536,-0.021677275100704673,-0.008920468676269142,-0.006775002983006014,-0.008997826709160403
2023-04-29,-0.009356325698275493,0.0031938260962956154,0.0031938260962956154,0.003323343768139231,-0.00018837947697007977,-0.001735870530423922,0.0031938260962956154,0.0031938260962956154,0.003323343768139231,-0.00018837947697007977,-0.001735870530423922,0.002753294412567569,0.0031938260962956154,0.006540967723592306,0.0031938260962956154,0.002857258966985699,-0.008346966074787045,-0.003939189030261449,-0.0014730883898614396,0.0035648095371836005
2023-04-30,-0.030158032446148165,6.119207040311634e-05,6.119207040311634e-05,-0.001833707434283881,-0.0015193079741376392,-0.0007597060701652002,6.119207040311634e-05,6.119207040311634e-05,-0.001833707434283881,-0.0015193079741376392,-0.0007597060701652002,-0.016732350378641625,6.119207040311634e-05,-0.0049758253571913205,6.119207040311634e-05,-0.016732350378641625,-0.019113896982809454,-0.004719564588073454,-0.0007597060701652002,-0.014905880176025432
2023-05-01,-0.03127415598748569,-0.01578182217833695,-0.01578182217833695,-0.023508906133460954,-0.021852010657069522,-0.024342186092008535,-0.01578182217833695,-0.01578182217833695,-0.023508906133460954,-0.021852010657069522,-0.024342186092008535,-0.022341430405467322,-0.01578182217833695,-0.024461037446565494,-0.01578182217833695,-0.022341430405467322,-0.02116957478528969,-0.011082385893605797,-0.024342186092008535,-0.022624511121664546
2023-05-02,0.03203135843475189,0.006224338185203915,0.006224338185203915,0.006732106170771223,0.00456809783272003,0.006633550859113656,0.006224338185203915,0.006224338185203915,0.006732106170771223,0.00456809783272003,0.006633550859113656,0.014238286382999642,0.006224338185203915,0.010247125669247237,0.006224338185203915,0.014238286382999642,0.013759535109907838,0.006447360637460275,0.006633550859113656,0.013475805005529827
2023-05-03,0.031192004536484276,0.008554865118370248,0.008554865118370248,0.01247508977135292,0.011527281318177374,0.0096361387528775,0.008554865118370248,0.008554865118370248,0.01247508977135292,0.011527281318177374,0.0096361387528775,0.008440919348371234,0.008554865118370248,0.01457678154242803,0.008554865118370248,0.008440919348371234,0.009482395954047587,0.011228179477874712,0.0096361387528775,0.010963660805051244
2023-05-04,-0.04544034551418932,-0.006189745041973271,-0.006189745041973271,-0.010240217654959105,-0.009020330869992743,-0.009966103131667216,-0.006189745041973271,-0.006189745041973271,-0.010240217654959105,-0.009020330869992743,-0.009966103131667216,-0.009802476765962242,-0.006189745041973271,-0.010329060736158423,-0.006189745041973271,-0.009802476765962242,-0.026021836873328534,-0.019037814782892862,-0.009966103131667216,-0.012352494006429416
2023-05-05,0.011538083650800314,0.025795605186949948,0.025795605186949948,0.026931349199442622,0.023418826793470005,0.023978331085824256,0.025795605186949948,0.025795605186949948,0.026931349199442622,0.023418826793470005,0.023978331085824256,0.021956114723664193,0.025795605186949948,0.023842453945991632,0.025795605186949948,0.021956114723664193,0.040145121421141045,0.03356948905507882,0.023978331085824256,0.027951782447821108
2023-05-06,-0.06826156045660473,-0.022703727895450852,-0.022703727895450852,-0.022703727895450852,-0.022703727895450852,-0.022703727895450852,-0.022703727895450852,-0.022703727895450852,-0.022703727895450852,-0.022703727895450852,-0.022703727895450852,-0.023780740262146147,-0.022703727895450852,-0.02375651554888704,-0.022703727895450852,-0.023780740262146147,-0.03299691316896716,-0.022703727895450852,-0.022703727895450852,-0.027355318274767542
2023-05-07,0.003821475324259583,-0.013197594514393975,-0.013197594514393975,-0.013197594514393975,-0.013197594514393975,-0.013197594514393975,-0.013197594514393975,-0.013197594514393975,-0.013197594514393975,-0.013197594514393975,-0.013197594514393975,-0.013197594514393975,-0.013197594514393975,-0.013197594514393975,-0.013197594514393975,-0.013197594514393975,-0.00690295643305825,-0.013197594514393975,-0.013197594514393975,-0.010607811668187007
2023-05-08,-0.07685902047930683,-0.023527512794884367,-0.023527512794884367,-0.023527512794884367,-0.023527512794884367,-0.023527512794884367,-0.023527512794884367,-0.023527512794884367,-0.023527512794884367,-0.023527512794884367,-0.023527512794884367,-0.023527512794884367,-0.023527512794884367,-0.023527512794884367,-0.023527512794884367,-0.023527512794884367,-0.03876961119800289,-0.023527512794884367,-0.023527512794884367,-0.0199985121788582
2023-05-09,-0.02884417718785919,0.0004262471700597905,0.0004262471700597905,0.0004262471700597905,0.0004262471700597905,0.0004262471700597905,0.0004262471700597905,0.0004262471700597905,0.0004262471700597905,0.0004262471700597905,0.0004262471700597905,0.0004262471700597905,0.0004262471700597905,0.0004262471700597905,0.0004262471700597905,0.0004262471700597905,-0.010886659686173262,0.0004262471700597905,0.0004262471700597905,-0.0009489206944896412
2023-05-10,0.027468659526057596,0.002015660657355456,0.002015660657355456,0.002015660657355456,0.002015660657355456,0.002015660657355456,0.002015660657355456,0.002015660657355456,0.002015660657355456,0.002015660657355456,0.002015660657355456,0.002015660657355456,0.002015660657355456,0.002015660657355456,0.002015660657355456,0.002015660657355456,0.01621221296018569,0.002015660657355456,0.002015660657355456,0.004665883155367112
2023-05-11,-0.07274503455388792,-0.023085134428384606,-0.023085134428384606,-0.023085134428384606,-0.023085134428384606,-0.023085134428384606,-0.023085134428384606,-0.023085134428384606,-0.023085134428384606,-0.023085134428384606,-0.023085134428384606,-0.023085134428384606,-0.023085134428384606,-0.023085134428384606,-0.023085134428384606,-0.023085134428384606,-0.04665973459984867,-0.023085134428384606,-0.023085134428384606,-0.023767999845298184
2023-05-12,0.02149703612593832,0.009534234259115926,0.009534234259115926,0.009534234259115926,0.009534234259115926,0.009534234259115926,0.009534234259115926,0.009534234259115926,0.009534234259115926,0.009534234259115926,0.009534234259115926,0.009534234259115926,0.008534234259115925,0.008534234259115925,0.008534234259115925,0.008534234259115925,0.020942456377378665,0.009534234259115926,0.008534234259115925,0.009823081178138217
2023-05-13,-0.014517568690049056,-0.0023534638225856776,-0.0023534638225856776,-0.0023534638225856776,-0.0023534638225856776,-0.0023534638225856776,-0.0023534638225856776,-0.0023534638225856776,-0.0023534638225856776,-0.0023534638225856776,-0.0023534638225856776,-0.0023534638225856776,-0.006291099547013212,-0.006291099547013212,0.0001939375903434957,-0.006291099547013212,-0.006505500851231111,-0.0023534638225856776,-0.003319828353468557,-0.0023534638225856776
2023-05-14,0.03923568491286527,0.003178631335122173,0.003178631335122173,0.003178631335122173,0.003178631335122173,0.003178631335122173,0.003178631335122173,0.003178631335122173,0.003178631335122173,0.003178631335122173,0.003178631335122173,0.003178631335122173,0.006599965721985202,0.006599965721985202,0.010639184067045272,0.006599965721985202,0.0057109605687097895,0.003178631335122173,0.004290889817839894,0.003178631335122173
2023-05-15,0.026998510206744528,0.007986554027833038,0.007986554027833038,0.007986554027833038,0.007986554027833038,0.007986554027833038,0.007986554027833038,0.007986554027833038,0.007986554027833038,0.007986554027833038,0.007986554027833038,0.007986554027833038,0.003215447271566974,0.003215447271566974,0.015165801927519198,0.003215447271566974,0.0007674932988560152,0.007986554027833038,0.009734295610688993,0.007986554027833038
2023-05-16,0.04012947210282816,0.006600984742438887,0.006600984742438887,0.006600984742438887,0.006600984742438887,0.006600984742438887,0.006600984742438887,0.006600984742438887,0.006600984742438887,0.006600984742438887,0.006600984742438887,0.006600984742438887,0.0064841194326760165,0.0064841194326760165,0.006622003864426173,0.0064841194326760165,0.002806857848988021,0.006600984742438887,0.0002099815611094737,0.006600984742438887
2023-05-17,0.016953217465282246,0.008921500722715161,0.008921500722715161,0.008921500722715161,0.008921500722715161,0.008921500722715161,0.008921500722715161,0.008921500722715161,0.008921500722715161,0.008921500722715161,0.008921500722715161,0.008921500722715161,0.011015723541715872,0.011015723541715872,0.014900239101053495,0.011015723541715872,0.008369739138073307,0.008921500722715161,0.009228253488395666,0.008921500722715161
2023-05-18,-0.011550582008304213,-0.007765941481670358,-0.007765941481670358,-0.007765941481670358,-0.007765941481670358,-0.007765941481670358,-0.007765941481670358,-0.007765941481670358,-0.007765941481670358,-0.007765941481670358,-0.007765941481670358,-0.007765941481670358,-0.00700067246153131,-0.00700067246153131,-0.020111289444241034,-0.00700067246153131,-0.014356523382664087,-0.007765941481670358,-0.019479445073013114,-0.007765941481670358
2023-05-19,0.010667591043809967,0.006379003568681396,0.006379003568681396,0.006379003568681396,0.006379003568681396,0.006379003568681396,0.006379003568681396,0.006379003568681396,0.006379003568681396,0.006379003568681396,0.006379003568681396,0.006379003568681396,0.0021481239544877805,0.0012731239544877802,0.004971199524046744,0.0021481239544877805,-0.0034233554928773295,0.006379003568681396,0.0012981447763301688,0.006379003568681396
2023-05-20,0.009708207417986081,0.009342152866008613,0.009342152866008613,0.009342152866008613,0.009342152866008613,0.009342152866008613,0.009342152866008613,0.009342152866008613,0.009342152866008613,0.009342152866008613,0.009342152866008613,0.009342152866008613,0.009342152866008613,0.008620411816001577,0.009342152866008613,0.009342152866008613,0.00830139581135049,0.009342152866008613,0.009342152866008613,0.009342152866008613
2023-05-21,-0.032421054057486104,-0.00488786127040437,-0.00488786127040437,-0.00488786127040437,-0.00488786127040437,-0.00488786127040437,-0.00488786127040437,-0.00488786127040437,-0.00488786127040437,-0.00488786127040437,-0.00488786127040437,-0.00488786127040437,-0.00488786127040437,-0.004449665411652348,-0.00488786127040437,-0.00488786127040437,-0.005492868214136417,-0.00488786127040437,-0.00488786127040437,-0.00488786127040437
2023-05-22,0.015325861841306396,0.013686508523198483,0.013686508523198483,0.013686508523198483,0.013686508523198483,0.013686508523198483,0.013686508523198483,0.013686508523198483,0.013686508523198483,0.013686508523198483,0.013686508523198483,0.013686508523198483,0.013686508523198483,0.015153074007062586,0.013686508523198483,0.013686508523198483,-0.0004051770650696618,0.013686508523198483,0.013686508523198483,0.013686508523198483
2023-05-23,0.006110308523062935,0.012370088221092378,0.012370088221092378,0.012370088221092378,0.012370088221092378,0.012370088221092378,0.012370088221092378,0.012370088221092378,0.012370088221092378,0.012370088221092378,0.012370088221092378,0.012370088221092378,0.012370088221092378,0.012476827881563768,0.012370088221092378,0.012370088221092378,0.002422813575365801,0.012370088221092378,0.012370088221092378,0.012370088221092378
2023-05-24,-0.041998261403965384,-0.026502468222174683,-0.026502468222174683,-0.026502468222174683,-0.026502468222174683,-0.026502468222174683,-0.026502468222174683,-0.026502468222174683,-0.026502468222174683,-0.026502468222174683,-0.026502468222174683,-0.026502468222174683,-0.026502468222174683,-0.027613929551192753,-0.026502468222174683,-0.026502468222174683,-0.03854328865222212,-0.026502468222174683,-0.026502468222174683,-0.026502468222174683
2023-05-25,-0.005229021330818285,0.0008728754018746176,0.0008728754018746176,0.0008728754018746176,0.0008728754018746176,0.0008728754018746176,0.0008728754018746176,0.0008728754018746176,0.0008728754018746176,0.0008728754018746176,0.0008728754018746176,0.0008728754018746176,0.0008728754018746176,-0.00026728444683865604,0.0008728754018746176,0.0008728754018746176,0.0039444473571990995,0.0008728754018746176,0.0008728754018746176,0.0008728754018746176
2023-05-26,0.01455270917345675,0.0075355874255588215,0.0075355874255588215,0.008535587425558822,0.008535587425558822,0.008535587425558822,0.0075355874255588215,0.0075355874255588215,0.008535587425558822,0.008535587425558822,0.008535587425558822,0.008535587425558822,0.0075355874255588215,0.003612039273858674,0.0075355874255588215,0.0075355874255588215,0.003260316443775781,0.008535587425558822,0.0075355874255588215,0.008535587425558822
2023-05-27,0.017481941597144047,0.005274311176264403,0.005274311176264403,0.007735604184500478,0.007735604184500478,0.007735604184500478,0.005274311176264403,0.005274311176264403,0.007735604184500478,0.007735604184500478,0.007735604184500478,0.007735604184500478,0.005274311176264403,0.005327133265695625,0.005274311176264403,0.005274311176264403,0.025094407988396884,0.007735604184500478,0.00888605967981393,0.007735604184500478
2023-05-28,0.07290712925559015,0.035261517094190835,0.035261517094190835,0.027154421500025318,0.027154421500025318,0.027154421500025318,0.035261517094190835,0.035261517094190835,0.027154421500025318,0.027154421500025318,0.027154421500025318,0.027154421500025318,0.035261517094190835,0.035261517094190835,0.035261517094190835,0.035261517094190835,0.04915627294182859,0.027154421500025318,0.026918402403825814,0.027154421500025318
2023-05-29,-0.003595429008966612,-0.0025804760168263606,-0.0025804760168263606,-0.0037960902336253493,-0.0037960902336253493,-0.0037960902336253493,-0.0025804760168263606,-0.0025804760168263606,-0.0037960902336253493,-0.0037960902336253493,-0.0037960902336253493,-0.0037960902336253493,-0.0025804760168263606,-0.0025804760168263606,-0.0025804760168263606,-0.0025804760168263606,-0.015127033638047172,-0.0037960902336253493,-0.0036487408482140946,-0.0037960902336253493
2023-05-30,0.019558251640773072,0.010580631309554202,0.010580631309554202,0.01160744494551711,0.01160744494551711,0.01160744494551711,0.010580631309554202,0.010580631309554202,0.01160744494551711,0.01160744494551711,0.01160744494551711,0.01160744494551711,0.010580631309554202,0.010580631309554202,0.010580631309554202,0.010580631309554202,0.01872014116075742,0.01160744494551711,0.011540512659983305,0.01160744494551711
2023-05-31,-0.0401470089757658,-0.012701223788105719,-0.012701223788105719,-0.01380893428902481,-0.01380893428902481,-0.01380893428902481,-0.012701223788105719,-0.012701223788105719,-0.01380893428902481,-0.01380893428902481,-0.01380893428902481,-0.01380893428902481,-0.012701223788105719,-0.012701223788105719,-0.012701223788105719,-0.012701223788105719,-0.034831687857846405,-0.01380893428902481,-0.012165623627717337,-0.01380893428902481
2023-06-01,-0.01822194723736632,-0.014639922096675641,-0.014639922096675641,-0.01049453204992954,-0.01049453204992954,-0.01049453204992954,-0.014639922096675641,-0.014639922096675641,-0.01049453204992954,-0.01049453204992954,-0.01049453204992954,-0.01049453204992954,-0.014639922096675641,-0.014639922096675641,-0.014639922096675641,-0.014639922096675641,-0.008718718891571785,-0.01049453204992954,-0.012952068750511648,-0.01049453204992954
2023-06-02,0.04336638992151072,0.023141227060666816,0.024141227060666817,0.036671853803754685,0.036671853803754685,0.037671853803754686,0.023141227060666816,0.024141227060666817,0.036671853803754685,0.036671853803754685,0.037671853803754686,0.036671853803754685,0.023141227060666816,0.024141227060666817,0.024141227060666817,0.024141227060666817,0.0465890424062186,0.036671853803754685,0.041078962535848904,0.037671853803754686
2023-06-03,-0.014572837011925511,-0.006566654327053811,-0.00654902907750885,-0.006231966205233408,-0.006231966205233408,-0.0074861408667308725,-0.006566654327053811,-0.00654902907750885,-0.006231966205233408,-0.006231966205233408,-0.0074861408667308725,-0.00654902907750885,-0.0046336405342859216,-0.00654902907750885,-0.00654902907750885,-0.00654902907750885,-0.014079118463698574,-0.00654902907750885,-0.006175467412233205,-0.0074861408667308725
2023-06-04,0.002629667286496584,-0.0011296207668760384,0.006416410002430162,0.006637112730356431,0.006637112730356431,0.004717635973718548,-0.0011296207668760384,0.006416410002430162,0.006637112730356431,0.006637112730356431,0.004717635973718548,0.006416410002430162,0.0009274182649529283,0.006416410002430162,0.006416410002430162,0.006416410002430162,-0.008367913321280285,0.006416410002430162,0.00704219615592212,0.004717635973718548
2023-06-05,-0.07772316488601363,-0.05831983912198009,-0.0608387502854515,-0.05944688203502332,-0.05944688203502332,-0.05462989752251381,-0.05831983912198009,-0.0608387502854515,-0.05944688203502332,-0.05944688203502332,-0.05462989752251381,-0.0608387502854515,-0.06429380413337774,-0.0608387502854515,-0.0608387502854515,-0.0608387502854515,-0.07513989086735853,-0.0608387502854515,-0.0629455157995906,-0.05462989752251381
2023-06-06,0.04948636498071188,0.023657448028884948,0.03218982038269612,0.03806071595938691,0.03806071595938691,0.030941363168215316,0.023657448028884948,0.03218982038269612,0.03806071595938691,0.03806071595938691,0.030941363168215316,0.03218982038269612,0.030879523375877675,0.03218982038269612,0.03218982038269612,0.03218982038269612,0.03314953117580133,0.03218982038269612,0.02735330286533815,0.030941363168215316
2023-06-07,-0.039150185911102975,-0.04886986399144367,-0.04955142042031322,-0.04309459751274268,-0.04309459751274268,-0.03583947546502269,-0.04886986399144367,-0.04955142042031322,-0.04309459751274268,-0.04309459751274268,-0.03583947546502269,-0.04955142042031322,-0.05286799179984918,-0.04955142042031322,-0.04955142042031322,-0.04955142042031322,-0.039930573111056106,-0.04955142042031322,-0.05399775659567585,-0.03583947546502269
2023-06-08,0.006177337150437135,0.006796825418539188,0.007122103309615069,0.009448304559493748,0.009448304559493748,0.008531703081612153,0.006796825418539188,0.007122103309615069,0.009448304559493748,0.009448304559493748,0.008531703081612153,0.007122103309615069,0.005904868189522584,0.007122103309615069,0.007122103309615069,0.007122103309615069,0.005027275963971723,0.007122103309615069,0.008549204783478714,0.008531703081612153
2023-06-09,-0.0020474726524148936,-0.03401295505040136,-0.015410050795488446,0.002560556551815641,0.002560556551815641,-0.010350243463569896,-0.03401295505040136,-0.015410050795488446,0.002560556551815641,0.002560556551815641,-0.010350243463569896,-0.014535050795488447,-0.021381575287071162,-0.015410050795488446,-0.014535050795488447,-0.014535050795488447,-0.012595720579475,-0.015410050795488446,-0.015319783697433515,-0.011350243463569897
2023-06-10,-0.1217680843901148,-0.05666168874857236,-0.059910871833675376,-0.04947475588212407,-0.04947475588212407,-0.04947475588212407,-0.05666168874857236,-0.059910871833675376,-0.04947475588212407,-0.04947475588212407,-0.04947475588212407,-0.04947475588212407,-0.057286244405656904,-0.05972784911548274,-0.0647957253167299,-0.04947475588212407,-0.11275364803626718,-0.054945327477797117,-0.06426700280227358,-0.054697570059745425
2023-06-11,0.010238231733244164,0.001627869964741224,0.009623607656998833,0.005432467078610892,0.005432467078610892,0.005432467078610892,0.001627869964741224,0.009623607656998833,0.005432467078610892,0.005432467078610892,0.005432467078610892,0.005432467078610892,0.00013270680189554325,-3.3025410683972835e-07,0.0037262768112745316,0.005432467078610892,0.011645660735810281,0.008330070031831172,0.008330070031831172,0.008330070031831172
2023-06-12,0.009854940474051754,-0.0010931060022379533,0.0024303407509843615,-0.0005896519515785625,-0.0005896519515785625,-0.0005896519515785625,-0.0010931060022379533,0.0024303407509843615,-0.0005896519515785625,-0.0005896519515785625,-0.0005896519515785625,-0.0005896519515785625,-0.0017103363660730731,-0.0015782671116167488,-0.0024892390081241666,-0.0005896519515785625,-0.0023913845453861437,0.0035564710273420456,0.0035564710273420456,0.0035564710273420456
2023-06-13,0.008836185398130782,0.009141437528021545,-0.00013958697244931262,0.011014758034035732,0.011014758034035732,0.011014758034035732,0.009141437528021545,-0.00013958697244931262,0.011014758034035732,0.011014758034035732,0.011014758034035732,0.011014758034035732,0.017319280908557232,0.01497925419718713,0.010567621864798692,0.011014758034035732,0.011212674436788417,0.0015777181794661256,0.0015777181794661256,0.0015777181794661256
2023-06-14,-0.04696149359325768,-0.045331332197495904,-0.045307575895694875,-0.03924147460378713,-0.03924147460378713,-0.03924147460378713,-0.045331332197495904,-0.045307575895694875,-0.03924147460378713,-0.03924147460378713,-0.03924147460378713,-0.03924147460378713,-0.026686865311440978,-0.030990581334912462,-0.04349381639663999,-0.03924147460378713,-0.04342656477323263,-0.04089250945717958,-0.04089250945717958,-0.04089250945717958
2023-06-15,0.00833989641319155,0.003430870615786552,0.009587489999517619,0.004361999355562829,0.004361999355562829,0.004361999355562829,0.003430870615786552,0.009587489999517619,0.004361999355562829,0.004361999355562829,0.004361999355562829,0.004361999355562829,-0.0041737852800248325,0.008836575626749287,0.008892913654918289,0.004361999355562829,0.0029452520121240554,0.010097609674668571,0.010097609674668571,0.010097609674668571
2023-06-16,0.02139699278809229,0.012566441051678503,0.013030855689382715,0.010382447710903,0.010382447710903,0.010382447710903,0.012566441051678503,0.013030855689382715,0.010382447710903,0.010382447710903,0.010382447710903,0.010382447710903,0.013451870583481303,0.013511725113323023,0.013030052427141668,0.010382447710903,0.0143019012003808,0.010183620923593796,0.010183620923593796,0.010183620923593796
2023-06-17,0.015060679206794846,0.01141574929787277,0.008987512336100734,0.008987512336100734,0.008987512336100734,0.008987512336100734,0.01141574929787277,0.008987512336100734,0.008987512336100734,0.008987512336100734,0.008987512336100734,0.010185924762248623,0.009227637791456102,0.014503299393841863,0.011706830582358125,0.008987512336100734,0.018099021275648653,0.014414965707749652,0.008987512336100734,0.008987512336100734
2023-06-18,-0.011468787449910003,-0.003495223928645941,-0.0023093214272451148,-0.0023093214272451148,-0.0023093214272451148,-0.0023093214272451148,-0.003495223928645941,-0.0023093214272451148,-0.0023093214272451148,-0.0023093214272451148,-0.0023093214272451148,0.0014952501696623658,-0.0023093214272451148,-0.02017384168620582,-0.02017384168620582,-0.0023093214272451148,-0.015540524329417105,-0.01794535349986044,-0.0023093214272451148,-0.0023093214272451148
2023-06-19,0.011430124616917836,0.007197613645093437,0.008768342650103978,0.008768342650103978,0.008768342650103978,0.008768342650103978,0.007197613645093437,0.008768342650103978,0.008768342650103978,0.008768342650103978,0.008768342650103978,0.008433612925992384,0.008768342650103978,0.013187702268623069,0.013187702268623069,0.008768342650103978,0.02639375434032438,0.015230064736758364,0.008768342650103978,0.008768342650103978
2023-06-20,0.033619761021409844,0.022381381577264416,0.02595366795649905,0.02595366795649905,0.02595366795649905,0.02595366795649905,0.022381381577264416,0.02595366795649905,0.02595366795649905,0.02595366795649905,0.02595366795649905,0.028080739174112627,0.02595366795649905,0.03689130686533382,0.03689130686533382,0.02595366795649905,0.08336892873164262,0.02925093917280861,0.02595366795649905,0.02595366795649905
2023-06-21,0.0425188032358208,0.03146693006196033,0.042330283846693996,0.042330283846693996,0.042330283846693996,0.042330283846693996,0.03146693006196033,0.042330283846693996,0.042330283846693996,0.042330283846693996,0.042330283846693996,0.03823049979973656,0.042330283846693996,0.061823451372379,0.061823451372379,0.042330283846693996,0.0504747529822931,0.052912259137527694,0.042330283846693996,0.042330283846693996
2023-06-22,-0.007716214071882544,-0.011601904540234177,-0.0031016654147717486,-0.0031016654147717486,-0.0031016654147717486,-0.0031016654147717486,-0.011601904540234177,-0.0031016654147717486,-0.0031016654147717486,-0.0031016654147717486,-0.0031016654147717486,-0.009338976275185984,-0.0031016654147717486,0.005284768628793702,0.005284768628793702,-0.0031016654147717486,-0.01952121523635986,0.0007749095729143287,-0.0031016654147717486,-0.0031016654147717486
2023-06-23,0.022491021370922962,0.013882663893014246,0.02238113344232289,0.02238113344232289,0.02238113344232289,0.02238113344232289,0.013882663893014246,0.02238113344232289,0.02238113344232289,0.02238113344232289,0.02238113344232289,0.02282478331133595,0.02238113344232289,0.028886043274371546,0.029761043274371547,0.02238113344232289,0.010988284286298281,0.017412148216194794,0.02238113344232289,0.02238113344232289
2023-06-24,-0.016375593625269948,-0.015852000214520535,-0.015852000214520535,-0.015852000214520535,-0.015852000214520535,-0.015852000214520535,-0.015852000214520535,-0.015852000214520535,-0.015852000214520535,-0.015852000214520535,-0.015852000214520535,-0.015852000214520535,-0.015852000214520535,-0.015978944156362217,-0.015378700764587984,-0.015852000214520535,-0.021639251356934962,-0.02720495877406693,-0.021801045118086074,-0.017245602500198888
2023-06-25,0.007937676282311746,0.008287460866196073,0.008287460866196073,0.008287460866196073,0.008287460866196073,0.008287460866196073,0.008287460866196073,0.008287460866196073,0.008287460866196073,0.008287460866196073,0.008287460866196073,0.008287460866196073,0.008287460866196073,0.008287460866196073,0.003358879184190711,0.008287460866196073,0.0037032143701072337,-0.004228306739319932,-2.7034528698876778e-05,0.004598719386518235
2023-06-26,0.0037281574002614015,-0.010429700856539848,-0.010429700856539848,-0.010429700856539848,-0.010429700856539848,-0.010429700856539848,-0.010429700856539848,-0.010429700856539848,-0.010429700856539848,-0.010429700856539848,-0.010429700856539848,-0.010429700856539848,-0.010429700856539848,-0.010429700856539848,-0.008065176013357635,-0.010429700856539848,0.0027183636479673375,-0.010248438626315725,-0.015348325119724284,-0.007263789060718651
2023-06-27,0.015314927437581095,0.010615321796827405,0.010615321796827405,0.010615321796827405,0.010615321796827405,0.010615321796827405,0.010615321796827405,0.010615321796827405,0.010615321796827405,0.010615321796827405,0.010615321796827405,0.010615321796827405,0.010615321796827405,0.010615321796827405,0.010583397320142487,0.010615321796827405,0.008338761272975016,0.007037392083198446,0.015979406066615232,0.003780591166754865
2023-06-28,-0.02493274389568596,-0.025763689128614153,-0.025763689128614153,-0.025763689128614153,-0.025763689128614153,-0.025763689128614153,-0.025763689128614153,-0.025763689128614153,-0.025763689128614153,-0.025763689128614153,-0.025763689128614153,-0.025763689128614153,-0.025763689128614153,-0.025763689128614153,-0.029336014742615914,-0.025763689128614153,-0.031009058316140294,-0.0456349663834545,-0.04454047819075689,-0.02756338466062023
2023-06-29,0.023632333957713848,0.013452576629053015,0.013452576629053015,0.013452576629053015,0.013452576629053015,0.013452576629053015,0.013452576629053015,0.013452576629053015,0.013452576629053015,0.013452576629053015,0.013452576629053015,0.013452576629053015,0.013452576629053015,0.013452576629053015,0.013268213961251663,0.013452576629053015,0.021617257598701523,0.010427158893956668,0.013166439768774654,0.011167548633190628
2023-06-30,0.016086801260750905,0.019116296991735407,0.019116296991735407,0.018116296991735406,0.019116296991735407,0.019116296991735407,0.019116296991735407,0.019116296991735407,0.018116296991735406,0.019116296991735407,0.019116296991735407,0.018116296991735406,0.018116296991735406,0.018116296991735406,0.07645439453007895,0.018116296991735406,0.01246772104169059,0.0025187090408757477,0.009395388557014366,0.013020752300911737
2023-07-01,0.02059237380946215,0.00902121950693291,0.00902121950693291,0.014707670380585893,0.00902121950693291,0.00902121950693291,0.00902121950693291,0.00902121950693291,0.014707670380585893,0.00902121950693291,0.00902121950693291,0.0032951850312515907,-0.00024808928792297057,0.012728431321400469,0.005950460544100467,0.005950460544100467,0.030402811374457123,0.022767398300073856,0.019676645522003718,0.01950070328574764
2023-07-02,0.00731006496497506,0.0020149313431379713,0.0020149313431379713,-0.0019241542680729531,0.0020149313431379713,0.0020149313431379713,0.0020149313431379713,0.0020149313431379713,-0.0019241542680729531,0.0020149313431379713,0.0020149313431379713,0.017299825523434984,0.015245259375924315,-0.0033082575168287276,0.00933977844174072,0.00933977844174072,-0.008091575580676216,-1.4782133627689069e-05,0.00731006496497506,0.00731006496497506
2023-07-03,-0.004650504249498911,0.010610981178966217,0.010610981178966217,0.01589997380816488,0.010610981178966217,0.010610981178966217,0.010610981178966217,0.010610981178966217,0.01589997380816488,0.010610981178966217,0.010610981178966217,-0.0038672218695380515,-0.0005001299321448997,0.012251338426478586,-0.002357715071463807,-0.002357715071463807,0.02244009610509741,0.008318192000931113,-0.004650504249498911,-0.004650504249498911
2023-07-04,-0.012258422281613224,-0.009185483766842984,-0.009185483766842984,-0.013639390042875888,-0.009185483766842984,-0.009185483766842984,-0.009185483766842984,-0.009185483766842984,-0.013639390042875888,-0.009185483766842984,-0.009185483766842984,-0.01405448982308746,-0.011533410204481821,-0.011347838172462278,-0.014042649990940095,-0.014042649990940095,-0.013877877091677426,-0.007401256057516115,-0.012258422281613224,-0.012258422281613224
2023-07-05,-0.013941675557592759,-0.011135398498730421,-0.011135398498730421,-0.013183518092677439,-0.011135398498730421,-0.011135398498730421,-0.011135398498730421,-0.011135398498730421,-0.013183518092677439,-0.011135398498730421,-0.011135398498730421,-0.014442476542765759,-0.011369548737157831,-0.013049516190714995,-0.01043878510571874,-0.01043878510571874,-0.02065140023096717,-0.01463828895060444,-0.013941675557592759,-0.013941675557592759
2023-07-06,-0.035321898900610375,-0.02271017189411395,-0.02271017189411395,-0.02079715887845153,-0.02271017189411395,-0.02271017189411395,-0.02271017189411395,-0.02271017189411395,-0.02079715887845153,-0.02271017189411395,-0.02271017189411395,-0.037141459012909994,-0.03142861583429786,-0.020095347116204823,-0.03054822876261272,-0.03054822876261272,-0.031254729146924703,-0.027483842032111606,-0.035321898900610375,-0.035321898900610375
2023-07-07,0.019026862658615952,0.015862120640590983,0.015862120640590983,0.01178807598522007,0.015862120640590983,0.015862120640590983,0.015862120640590983,0.015862120640590983,0.01178807598522007,0.015862120640590983,0.015862120640590983,0.016684116078815217,0.0181908285831059,0.016359830245329943,0.018306703265512758,0.018306703265512758,0.013861736525153994,0.014582280033694172,0.01802686265861595,0.01802686265861595
2023-07-08,0.0041644240544874925,0.0034893822977317248,0.0034893822977317248,0.0034893822977317248,0.0034893822977317248,0.0034893822977317248,0.0034893822977317248,0.0034893822977317248,0.0034893822977317248,0.0034893822977317248,0.0034893822977317248,0.0034893822977317248,0.0034893822977317248,0.0034893822977317248,0.0034893822977317248,0.0034893822977317248,0.006970260945888786,0.0019992981305533065,0.0019992981305533065,0.0019992981305533065
2023-07-09,-0.009722152843805287,-0.010431784723463823,-0.010431784723463823,-0.010431784723463823,-0.010431784723463823,-0.010431784723463823,-0.010431784723463823,-0.010431784723463823,-0.010431784723463823,-0.010431784723463823,-0.010431784723463823,-0.010431784723463823,-0.010431784723463823,-0.010431784723463823,-0.010431784723463823,-0.010431784723463823,-0.013953875986972732,-0.014112233950579013,-0.014112233950579013,-0.014112233950579013
2023-07-10,0.00515967174946792,0.018318962781977713,0.018318962781977713,0.018318962781977713,0.018318962781977713,0.018318962781977713,0.018318962781977713,0.018318962781977713,0.018318962781977713,0.018318962781977713,0.018318962781977713,0.018318962781977713,0.018318962781977713,0.018318962781977713,0.018318962781977713,0.018318962781977713,0.0030824259724677506,0.0114312267052334,0.0114312267052334,0.0114312267052334
2023-07-11,-0.002155547373251721,0.0014652466623805704,0.0014652466623805704,0.0014652466623805704,0.0014652466623805704,0.0014652466623805704,0.0014652466623805704,0.0014652466623805704,0.0014652466623805704,0.0014652466623805704,0.0014652466623805704,0.0014652466623805704,0.0014652466623805704,0.0014652466623805704,0.0014652466623805704,0.0014652466623805704,0.005297856307715154,-0.00038099654873779976,-0.00038099654873779976,-0.00038099654873779976
2023-07-12,-0.0031345890829548757,-0.006568762722204214,-0.006568762722204214,-0.006568762722204214,-0.006568762722204214,-0.006568762722204214,-0.006568762722204214,-0.006568762722204214,-0.006568762722204214,-0.006568762722204214,-0.006568762722204214,-0.006568762722204214,-0.006568762722204214,-0.006568762722204214,-0.006568762722204214,-0.006568762722204214,-0.003622673235634544,-0.003944971631187233,-0.003944971631187233,-0.003944971631187233
2023-07-13,0.06302071201950121,0.18739461276744362,0.18739461276744362,0.18739461276744362,0.18739461276744362,0.18739461276744362,0.18739461276744362,0.18739461276744362,0.18739461276744362,0.18739461276744362,0.18739461276744362,0.18739461276744362,0.18739461276744362,0.18739461276744362,0.18739461276744362,0.18739461276744362,0.08594638874084563,0.18911486570430416,0.18911486570430416,0.18911486570430416
2023-07-14,-0.0171481866899021,-0.04953367266592559,-0.04953367266592559,-0.04953367266592559,-0.04953367266592559,-0.04953367266592559,-0.04953367266592559,-0.04953367266592559,-0.04953367266592559,-0.04953367266592559,-0.04953367266592559,-0.050408672665925594,-0.04953367266592559,-0.04953367266592559,-0.050408672665925594,-0.050408672665925594,-0.005422147173414739,-0.05648198940753342,-0.05548198940753342,-0.05548198940753342
2023-07-15,-0.0021456979294149697,0.014122990586355001,0.014122990586355001,0.014122990586355001,0.0024282777853850356,0.014122990586355001,0.014122990586355001,0.014122990586355001,0.014122990586355001,0.0024282777853850356,0.014122990586355001,0.010346584494792888,-0.0001404988591923842,0.014122990586355001,0.007252143156646935,0.010346584494792888,0.004514396711072831,0.0030137159993395054,-0.0001404988591923842,-0.0001404988591923842
2023-07-16,-0.007464624504097307,-0.017684574145631828,-0.017684574145631828,-0.017684574145631828,-0.017404188349701366,-0.017684574145631828,-0.017684574145631828,-0.017684574145631828,-0.017684574145631828,-0.017404188349701366,-0.017684574145631828,-0.014663597609304514,0.0011860823901276734,-0.017684574145631828,-0.003098182304423048,-0.014663597609304514,-0.003767774190871465,-0.0018348941461996402,0.0011860823901276734,0.0011860823901276734
2023-07-17,0.002564087123765813,0.001017885136412211,0.001017885136412211,0.001017885136412211,0.0009211892345815987,0.001017885136412211,0.001017885136412211,0.001017885136412211,0.001017885136412211,0.0009211892345815987,0.001017885136412211,-0.0019535044786748394,-0.005333973074102771,0.001017885136412211,-0.004896977247366796,-0.0019535044786748394,-0.00047253124926729343,-0.002362583459015721,-0.005333973074102771,-0.005333973074102771
2023-07-18,0.0017100540505322398,-0.010308042196433533,-0.010308042196433533,-0.010308042196433533,-0.010017764283199115,-0.010308042196433533,-0.010308042196433533,-0.010308042196433533,-0.010308042196433533,-0.010017764283199115,-0.010308042196433533,-0.00850091681398031,0.005806453597299256,-0.010308042196433533,0.002958801654489273,-0.00850091681398031,-0.00630464469003822,0.003999328214846032,0.005806453597299256,0.005806453597299256
2023-07-19,0.014298836226610013,0.00524987191326678,0.00524987191326678,0.00524987191326678,-0.0009802555444804464,0.00524987191326678,0.00524987191326678,0.00524987191326678,0.00524987191326678,-0.0009802555444804464,0.00524987191326678,0.005689563025486089,0.012497187442610368,0.00524987191326678,0.015159212351336548,0.005689563025486089,0.019389318677663782,0.012057496330391061,0.012497187442610368,0.012497187442610368
2023-07-20,0.002553933024247246,0.003975246668848942,0.003975246668848942,0.003975246668848942,0.006384331177678138,0.003975246668848942,0.003975246668848942,0.003975246668848942,0.003975246668848942,0.006384331177678138,0.003975246668848942,0.003140293859085941,-0.004813755489234928,0.003975246668848942,-0.004174710298559092,0.003140293859085941,-0.005341799036262572,-0.003978802679471927,-0.004813755489234928,-0.004813755489234928
2023-07-21,-0.010493618523751587,0.008058972855111214,0.007058972855111214,0.007058972855111214,0.00084798845536811,0.008058972855111214,0.008058972855111214,0.007058972855111214,0.007058972855111214,0.00084798845536811,0.008058972855111214,0.010041774812499484,-0.0030883877131635974,0.007058972855111214,0.0041431835791045524,0.010041774812499484,-0.012397144909694013,-0.006071189670551868,-0.0020883877131635973,-0.0020883877131635973
2023-07-22,-0.022094780674279335,-0.004402537604456323,-0.0003070119286143983,-0.006796283350551779,-0.004402537604456323,-0.004402537604456323,-0.004402537604456323,-0.0003070119286143983,-0.006796283350551779,-0.004402537604456323,-0.004402537604456323,-0.0011421775587516555,-0.006796283350551779,-0.006796283350551779,-0.008062390087156814,-0.0011421775587516555,-0.02365075895849396,-0.010859487606469265,-0.008913761124933183,-0.008913761124933183
2023-07-23,0.008201978969180734,0.007997443234164337,0.004503413364101406,0.005668701961422596,0.007997443234164337,0.007997443234164337,0.007997443234164337,0.004503413364101406,0.005668701961422596,0.007997443234164337,0.007997443234164337,0.006546601012778242,0.005668701961422596,0.005668701961422596,0.005668701961422596,0.006546601012778242,0.004434412707619196,0.004735755532188613,0.006831171781242063,0.006831171781242063
2023-07-24,-0.052018144577844816,-0.01095050435263747,-0.023520630106134657,-0.02746781046055127,-0.01095050435263747,-0.01095050435263747,-0.01095050435263747,-0.023520630106134657,-0.02746781046055127,-0.01095050435263747,-0.01095050435263747,-0.026266054560683986,-0.02746781046055127,-0.02746781046055127,-0.02746781046055127,-0.026266054560683986,-0.045913258588607134,-0.03220469520308063,-0.03312905173484713,-0.03312905173484713
2023-07-25,0.0007506125823145693,0.021833639332416114,0.00010319907086626663,0.0031507392456145314,0.021833639332416114,0.021833639332416114,0.021833639332416114,0.00010319907086626663,0.0031507392456145314,0.021833639332416114,0.021833639332416114,0.0019092283540768308,0.0031507392456145314,0.0031507392456145314,0.0031507392456145314,0.0019092283540768308,-0.006999566518792567,-0.0009593412633355895,0.004850878795922409,0.004850878795922409
2023-07-26,0.02531486657540838,-0.004828987858735735,0.0054865278177939295,0.006780825515905064,-0.004828987858735735,-0.004828987858735735,-0.004828987858735735,0.0054865278177939295,0.006780825515905064,-0.004828987858735735,-0.004828987858735735,0.007410213696413814,0.006780825515905064,0.006780825515905064,0.006780825515905064,0.007410213696413814,0.03000168122918337,0.015156706751483374,0.008347714085866898,0.008347714085866898
2023-07-27,0.0008391173486815839,-0.000949733680620235,-0.0017751238054175779,-0.0007429231651373326,-0.000949733680620235,-0.000949733680620235,-0.000949733680620235,-0.0017751238054175779,-0.0007429231651373326,-0.000949733680620235,-0.000949733680620235,-0.00021674509433040613,-0.0007429231651373326,-0.0007429231651373326,-0.0007429231651373326,-0.00021674509433040613,0.004597484068978043,0.0042989448611368,-0.00217009655233833,-0.00217009655233833
2023-07-28,0.011263864349695021,0.006791061215470485,0.010392963537583656,0.00739264828096411,0.006791061215470485,0.006791061215470485,0.006791061215470485,0.010392963537583656,0.00739264828096411,0.006791061215470485,0.006791061215470485,0.010779240351940757,0.00739264828096411,0.00739264828096411,0.00739264828096411,0.009779240351940756,-0.0021863182256636176,0.001829478036591304,0.008166321162777272,0.00916632116277727
2023-07-29,-0.00386255314525612,-0.0018047837051083926,0.004951113861928326,-0.002190087781916073,-0.0018047837051083926,-0.0018047837051083926,-0.0018047837051083926,0.004951113861928326,-0.002190087781916073,-0.0018047837051083926,-0.0018047837051083926,0.003319783503245844,0.0029344794264381637,0.0029344794264381637,0.0029344794264381637,0.0029344794264381637,0.008305863037667184,-0.0015114513187051814,0.004759671392079557,0.0029344794264381637
2023-07-30,-0.02374343462484052,-0.011675346539081422,-0.015664181601810247,-0.01386430051382166,-0.011675346539081422,-0.011675346539081422,-0.011675346539081422,-0.015664181601810247,-0.01386430051382166,-0.011675346539081422,-0.011675346539081422,-0.010769948345154257,-0.012958902319894496,-0.012958902319894496,-0.012958902319894496,-0.012958902319894496,-0.030008015327405605,-0.01966353575128406,-0.018172017932373108,-0.012958902319894496
2023-07-31,-0.002740702676768337,-0.010594860332608437,-0.007763448520817274,-0.011344689876899117,-0.010594860332608437,-0.010594860332608437,-0.010594860332608437,-0.007763448520817274,-0.011344689876899117,-0.010594860332608437,-0.010594860332608437,-0.011075513591488662,-0.011825343135779345,-0.011825343135779345,-0.011825343135779345,-0.011825343135779345,-0.012073181217269037,-0.008314907099798586,-0.010050180467388415,-0.011825343135779345
2023-08-01,0.012498344697132603,0.015231136499524523,0.013313007547577405,0.012337254928090548,0.015231136499524523,0.015231136499524523,0.015231136499524523,0.013313007547577405,0.012337254928090548,0.015231136499524523,0.015231136499524523,0.016165826746363843,0.013271945174929866,0.013271945174929866,0.013271945174929866,0.013271945174929866,0.01049865923442357,0.012165255233227201,0.01309671682002125,0.013271945174929866
2023-08-02,-0.028621606244105438,-0.024543683238580898,-0.028743803787978365,-0.02508775218969446,-0.024543683238580898,-0.024543683238580898,-0.024543683238580898,-0.028743803787978365,-0.02508775218969446,-0.024543683238580898,-0.024543683238580898,-0.03231194075783333,-0.03285600970894689,-0.03285600970894689,-0.03285600970894689,-0.03285600970894689,-0.03727834264388952,-0.026820920663952277,-0.034250571871446714,-0.03285600970894689
2023-08-03,-0.004373365927469931,-0.00022840415829570313,0.00036430431018570327,-0.006984125761041949,-0.00022840415829570313,-0.00022840415829570313,-0.00022840415829570313,0.00036430431018570327,-0.006984125761041949,-0.00022840415829570313,-0.00022840415829570313,-0.009311595784174708,-0.016067317386920955,-0.016067317386920955,-0.016067317386920955,-0.016067317386920955,-0.01646759095406998,-0.010815638048898981,-0.015792783012035752,-0.016067317386920955
2023-08-04,-0.012953602535014673,-0.005743425061005224,-0.0028622893622174623,-0.014506603880055424,-0.005743425061005224,-0.005743425061005224,-0.005743425061005224,-0.0028622893622174623,-0.014506603880055424,-0.005743425061005224,-0.005743425061005224,-0.002411265997001344,-0.012174444816051542,-0.012174444816051542,-0.012174444816051542,-0.012174444816051542,-0.00951712886927402,-0.010821210731445728,-0.0034037216279908956,-0.012174444816051542
2023-08-05,-0.0013365650023739579,0.0058284452002574485,0.004250457620236547,0.0014502918681184697,0.0058284452002574485,0.0058284452002574485,0.0058284452002574485,0.004250457620236547,0.0014502918681184697,0.0058284452002574485,0.0058284452002574485,0.0058284452002574485,0.0014502918681184697,0.0014502918681184697,0.0014502918681184697,0.0014502918681184697,0.03428820033827653,-0.0020893113272976607,0.002288842004841318,-0.0020893113272976607
2023-08-06,0.004757311746989301,-0.0033051491666679757,-0.0024754723551919434,-0.003508478850965102,-0.0033051491666679757,-0.0033051491666679757,-0.0033051491666679757,-0.0024754723551919434,-0.003508478850965102,-0.0033051491666679757,-0.0033051491666679757,-0.0033051491666679757,-0.003508478850965102,-0.003508478850965102,-0.003508478850965102,-0.003508478850965102,-0.019514667679024482,0.0029056321933323527,0.003108961877629479,0.0029056321933323527
2023-08-07,0.014431257150526422,-0.0007477837088410767,-0.0002476217396981895,-0.0006822138582403213,-0.0007477837088410767,-0.0007477837088410767,-0.0007477837088410767,-0.0002476217396981895,-0.0006822138582403213,-0.0007477837088410767,-0.0007477837088410767,-0.0007477837088410767,-0.0006822138582403213,-0.0006822138582403213,-0.0006822138582403213,-0.0006822138582403213,0.007114160843873086,0.009583432383748437,0.00951786253314768,0.009583432383748437
2023-08-08,0.01866293875438523,0.01247826475945546,0.009674357983917714,0.014993725066382479,0.01247826475945546,0.01247826475945546,0.01247826475945546,0.009674357983917714,0.014993725066382479,0.01247826475945546,0.01247826475945546,0.01247826475945546,0.014993725066382479,0.014993725066382479,0.014993725066382479,0.014993725066382479,0.012563792001074957,0.012210165320528498,0.009694705013601479,0.012210165320528498
2023-08-09,0.009347624585557424,-0.0020636380513455285,-0.0020250078834795236,-0.0021208867103720717,-0.0020636380513455285,-0.0020636380513455285,-0.0020636380513455285,-0.0020250078834795236,-0.0021208867103720717,-0.0020636380513455285,-0.0020636380513455285,-0.0020636380513455285,-0.0021208867103720717,-0.0021208867103720717,-0.0021208867103720717,-0.0021208867103720717,-0.005983380256804805,0.0008412462726190562,0.0008984949316455992,0.0008412462726190562
2023-08-10,0.0016590709694955135,-0.0037229823723196054,-0.004506326163153274,-0.00465816538959658,-0.0037229823723196054,-0.0037229823723196054,-0.0037229823723196054,-0.004506326163153274,-0.00465816538959658,-0.0037229823723196054,-0.0037229823723196054,-0.0037229823723196054,-0.00465816538959658,-0.00465816538959658,-0.00465816538959658,-0.00465816538959658,0.006515040833671249,6.315678898363166e-05,0.0009983398062606062,6.315678898363166e-05
2023-08-11,-0.007718788723164378,-0.0013103892466054701,-0.003961050186830928,-0.0027795224817068085,-0.0013103892466054701,-0.0013103892466054701,-0.0013103892466054701,-0.003961050186830928,-0.0027795224817068085,-0.0013103892466054701,-0.0013103892466054701,-0.0013103892466054701,-0.0027795224817068085,-0.0027795224817068085,-0.0027795224817068085,-0.0027795224817068085,0.008122562555703053,-0.0049787212845610225,-0.002634588049459684,-0.004103721284561023
2023-08-12,-0.002264427580647282,0.0011085618638069007,0.003096540186025587,4.224806717485481e-05,0.0011085618638069007,0.0011085618638069007,0.0011085618638069007,0.003096540186025587,4.224806717485481e-05,0.0011085618638069007,0.0011085618638069007,0.0011085618638069007,4.224806717485481e-05,4.224806717485481e-05,4.224806717485481e-05,4.224806717485481e-05,-0.0037346032499382844,0.003618147851947881,-0.0007215985812888849,-0.0008075702074143765
2023-08-13,-0.0019812501024851327,-0.006682402365718998,-0.004061000004956506,-0.0036058418064892853,-0.006682402365718998,-0.006682402365718998,-0.006682402365718998,-0.004061000004956506,-0.0036058418064892853,-0.006682402365718998,-0.006682402365718998,-0.006682402365718998,-0.0036058418064892853,-0.0036058418064892853,-0.0036058418064892853,-0.0036058418064892853,-0.017760988821549417,-0.01121591585720121,-0.0072365216987069665,-0.00378496493653675
2023-08-14,0.0029092954814669007,0.0029757305828688185,0.005879027574473295,0.005293193318642465,0.0029757305828688185,0.0029757305828688185,0.0029757305828688185,0.005879027574473295,0.005293193318642465,0.0029757305828688185,0.0029757305828688185,0.0029757305828688185,0.005293193318642465,0.005293193318642465,0.005293193318642465,0.005293193318642465,-5.895469771937138e-05,0.0017298497101293276,0.005590532612720312,0.006702847561822756
2023-08-15,-0.023246025619412625,-0.016322407224996692,-0.018938978186095023,-0.016916366336652368,-0.016322407224996692,-0.016322407224996692,-0.016322407224996692,-0.018938978186095023,-0.016916366336652368,-0.016322407224996692,-0.016322407224996692,-0.016322407224996692,-0.016916366336652368,-0.016916366336652368,-0.016916366336652368,-0.016916366336652368,-0.05123426037119654,-0.014483542225568625,-0.02078007053930568,-0.014967615991513684
2023-08-16,-0.03647543447709339,-0.02578917124389462,-0.02150130276307374,-0.02097402994176474,-0.02578917124389462,-0.02578917124389462,-0.02578917124389462,-0.02150130276307374,-0.02097402994176474,-0.02578917124389462,-0.02578917124389462,-0.02578917124389462,-0.02097402994176474,-0.02097402994176474,-0.02097402994176474,-0.02097402994176474,-0.051261730730802986,-0.028430979572139317,-0.028862460535658153,-0.03508925894519275
2023-08-17,-0.06868948368746837,-0.07224477768589639,-0.05662234594450291,-0.07400238734877991,-0.07224477768589639,-0.07224477768589639,-0.07224477768589639,-0.05662234594450291,-0.07400238734877991,-0.07224477768589639,-0.07224477768589639,-0.07224477768589639,-0.07400238734877991,-0.07400238734877991,-0.07400238734877991,-0.07400238734877991,-0.09593525128681948,-0.06943681680180416,-0.08828035834182416,-0.0850743837713179
2023-08-18,0.019355901919933444,-0.011036948077105268,-0.0036158224684573297,-0.007676536061420137,-0.011036948077105268,-0.011036948077105268,-0.011036948077105268,-0.0036158224684573297,-0.007676536061420137,-0.011036948077105268,-0.011036948077105268,-0.011036948077105268,-0.007676536061420137,-0.007676536061420137,-0.007676536061420137,-0.007676536061420137,0.03208952556137439,0.0018435660412596633,-0.009281915927410879,-0.002259453080926766
2023-08-19,0.005002899293256994,0.010428826627134624,0.010428826627134624,0.010428826627134624,0.010428826627134624,0.010428826627134624,0.010428826627134624,0.010428826627134624,0.010428826627134624,0.010428826627134624,0.010428826627134624,0.008011675831030152,0.010428826627134624,0.010428826627134624,0.010428826627134624,0.010428826627134624,0.0068627852974345325,0.008739886838232517,0.009942895507162763,0.009354311742050526
2023-08-20,0.00603500637259451,0.014335146056760319,0.014335146056760319,0.014335146056760319,0.014335146056760319,0.014335146056760319,0.014335146056760319,0.014335146056760319,0.014335146056760319,0.014335146056760319,0.014335146056760319,0.012728913383669528,0.014335146056760319,0.014335146056760319,0.014335146056760319,0.014335146056760319,-0.008215103533707824,0.016536003581102545,0.015873830550545878,0.016536003581102545
2023-08-21,-0.023209385273609297,-0.015513695990170606,-0.015513695990170606,-0.015513695990170606,-0.015513695990170606,-0.015513695990170606,-0.015513695990170606,-0.015513695990170606,-0.015513695990170606,-0.015513695990170606,-0.015513695990170606,-0.00801560513747197,-0.015513695990170606,-0.015513695990170606,-0.015513695990170606,-0.015513695990170606,-0.005628462517792964,-0.01326662806195611,-0.011357691742530186,-0.01326662806195611
2023-08-22,-0.009458095388840416,-0.004295353804941215,-0.004295353804941215,-0.004295353804941215,-0.004295353804941215,-0.004295353804941215,-0.004295353804941215,-0.004295353804941215,-0.004295353804941215,-0.004295353804941215,-0.004295353804941215,-0.011784949766544673,-0.004295353804941215,-0.004295353804941215,-0.004295353804941215,-0.004295353804941215,0.0008803403804346739,-0.005632243714869901,-0.00677906139262956,-0.005632243714869901
2023-08-23,0.04014398170452918,0.022865825055149447,0.022865825055149447,0.022865825055149447,0.022865825055149447,0.022865825055149447,0.022865825055149447,0.022865825055149447,0.022865825055149447,0.022865825055149447,0.022865825055149447,0.019747286095360517,0.022865825055149447,0.022865825055149447,0.022865825055149447,0.022865825055149447,0.04530863698485104,0.027087244960722946,0.0253138227911053,0.027087244960722946
2023-08-24,-0.021226546264083226,-0.00866797136278037,-0.00866797136278037,-0.00866797136278037,-0.00866797136278037,-0.00866797136278037,-0.00866797136278037,-0.00866797136278037,-0.00866797136278037,-0.00866797136278037,-0.00866797136278037,-0.008509405740862631,-0.00866797136278037,-0.00866797136278037,-0.00866797136278037,-0.00866797136278037,-0.011288540152172379,-0.01047124114714846,-0.01932232499842728,-0.01047124114714846
2023-08-25,-0.011384333528118648,0.0009522681426165306,0.0019522681426165306,0.0019522681426165306,0.0019522681426165306,0.0019522681426165306,0.0009522681426165306,0.0019522681426165306,0.0019522681426165306,0.0019522681426165306,0.0019522681426165306,0.00015715965262122012,0.0019522681426165306,0.0019522681426165306,0.0019522681426165306,0.0009522681426165306,-0.027847679023502735,-0.0015375054984539693,-0.001675904337637065,-0.0006625054984539689
2023-08-26,-0.008738059818564679,-0.0048802549556304035,-0.003367929376701051,-0.003367929376701051,-0.003367929376701051,-0.003367929376701051,-0.0048802549556304035,-0.003367929376701051,-0.003367929376701051,-0.003367929376701051,-0.003367929376701051,-0.004064828443510571,-0.003367929376701051,-0.003367929376701051,-0.003367929376701051,-0.004280182868363291,-0.014407812412192335,-0.009892593001716531,-0.005435611069349973,-0.009458495497207278
2023-08-27,0.006503076402892494,0.0047600350726752175,0.004224337020478153,0.004224337020478153,0.004224337020478153,0.004224337020478153,0.0047600350726752175,0.004224337020478153,0.004224337020478153,0.004224337020478153,0.004224337020478153,0.005805186363398684,0.004224337020478153,0.004224337020478153,0.004224337020478153,0.0051351568188723554,0.004301797949821707,0.01659309228195225,0.010901289341868958,0.015029064013806614
2023-08-28,-0.012064312228782948,-0.0008243517689726643,-0.003400538485745952,-0.003400538485745952,-0.003400538485745952,-0.003400538485745952,-0.0008243517689726643,-0.003400538485745952,-0.003400538485745952,-0.003400538485745952,-0.003400538485745952,0.002909094949366042,-0.003400538485745952,-0.003400538485745952,-0.003400538485745952,0.00011764320425584614,-0.018230060855345287,-0.009562589971366699,-0.011787572754027842,-0.010081678725749544
2023-08-29,0.07353840414671162,0.03627451446882644,0.037776265714140056,0.037776265714140056,0.037776265714140056,0.037776265714140056,0.03627451446882644,0.037776265714140056,0.037776265714140056,0.037776265714140056,0.037776265714140056,0.038945725134332906,0.037776265714140056,0.037776265714140056,0.037776265714140056,0.04540416455241356,0.034754028307937106,0.03431845031422927,0.06887170525334084,0.03325999412562197
2023-08-30,-0.029698971043084055,-0.0188969623142351,-0.01715541234402056,-0.01715541234402056,-0.01715541234402056,-0.01715541234402056,-0.0188969623142351,-0.01715541234402056,-0.01715541234402056,-0.01715541234402056,-0.01715541234402056,-0.01804056761341013,-0.01715541234402056,-0.01715541234402056,-0.01715541234402056,-0.016272479459811716,0.002233472057048402,-0.01715568452590883,-0.02288365201327074,-0.01864698984425226
2023-08-31,-0.036169090332018025,-0.028567825272638236,-0.026927737552208897,-0.026927737552208897,-0.026927737552208897,-0.026927737552208897,-0.028567825272638236,-0.026927737552208897,-0.026927737552208897,-0.026927737552208897,-0.026927737552208897,-0.037399263866603215,-0.026927737552208897,-0.026927737552208897,-0.026927737552208897,-0.040979507273339544,-0.008361262035067818,-0.012461892841353949,-0.029803176465312435,-0.012702861750140904
2023-09-01,-0.029487736976246046,-0.016012908587724306,-0.012619746484441353,-0.012619746484441353,-0.012619746484441353,-0.012619746484441353,-0.016012908587724306,-0.012619746484441353,-0.012619746484441353,-0.012619746484441353,-0.012619746484441353,-0.012160419517371856,-0.012619746484441353,-0.014494746484441353,-0.013619746484441354,-0.01477414002098312,-0.025174129293795436,-0.015390889638305441,-0.01752714406781042,-0.017710147461353
2023-09-02,-0.011329221017026651,0.004918160760077406,0.004918160760077406,0.004918160760077406,0.004918160760077406,0.004918160760077406,0.004918160760077406,0.004918160760077406,0.004918160760077406,0.004918160760077406,0.004918160760077406,0.0075598118909590015,0.004918160760077406,0.009305963761296774,0.02295056391656547,0.0033094845888804077,0.005095430422031598,0.01188161522460134,0.0010786045165121826,-0.005059840598015963
2023-09-03,0.004421959261568121,0.003032513446247687,0.003032513446247687,0.003032513446247687,0.003032513446247687,0.003032513446247687,0.003032513446247687,0.003032513446247687,0.003032513446247687,0.003032513446247687,0.003032513446247687,0.000962886155732679,0.003032513446247687,0.010252340979444274,0.008994357643385987,0.0027723541275513465,0.00964036887772184,0.007912630634366757,0.0005091853596234319,0.0006649308487022499
2023-09-04,0.001872237849168656,0.0018078992135751146,0.0018078992135751146,0.0018078992135751146,0.0018078992135751146,0.0018078992135751146,0.0018078992135751146,0.0018078992135751146,0.0018078992135751146,0.0018078992135751146,0.0018078992135751146,-1.4843823630708401e-06,0.0018078992135751146,0.009951301834845317,0.007468423300972992,0.0007179425846687293,0.009813534182837324,0.009612469463317841,-0.002617894665839438,0.003355004743096068
2023-09-05,0.00904089621021198,-0.001684825875058782,-0.001684825875058782,-0.001684825875058782,-0.001684825875058782,-0.001684825875058782,-0.001684825875058782,-0.001684825875058782,-0.001684825875058782,-0.001684825875058782,-0.001684825875058782,-0.0034381632053463564,-0.001684825875058782,-0.010373058844498441,-0.014066621661553036,-0.00022820386042135,-0.010775460213088353,-0.009283281453618121,-0.0026105999886006925,0.0028105743449502677
2023-09-06,-0.011587375595621553,0.0030365010408129668,0.0030365010408129668,0.0030365010408129668,0.0030365010408129668,0.0030365010408129668,0.0030365010408129668,0.0030365010408129668,0.0030365010408129668,0.0030365010408129668,0.0030365010408129668,-0.0016457838316796369,0.0030365010408129668,-0.0018140786964119691,0.007755210015750524,-0.0008365858368307056,0.005478262962350988,0.0028912387888070383,0.0056270569110393074,-0.0011878488568539893
2023-09-07,0.005829445907055586,0.008725080205580493,0.008725080205580493,0.008725080205580493,0.008725080205580493,0.008725080205580493,0.008725080205580493,0.008725080205580493,0.008725080205580493,0.008725080205580493,0.008725080205580493,0.01078912710646014,0.008725080205580493,0.002184224203634111,0.001037972028155565,0.008272165663333464,-0.0010687650034803655,0.0021168165664832376,0.0061561242843617865,0.007392643858802783
2023-09-08,-0.02218432117361198,-0.0063019165339561764,-0.0063019165339561764,-0.0063019165339561764,-0.0063019165339561764,-0.0063019165339561764,-0.0063019165339561764,-0.0063019165339561764,-0.0063019165339561764,-0.0063019165339561764,-0.0063019165339561764,-0.010704539418173998,-0.0063019165339561764,-0.02284819437175989,-0.013521303101277925,-0.009965622667331118,-0.02559344218415829,-0.022023718560215125,-0.008098142794478024,-0.01695902932779538
2023-09-09,-0.002843169152631231,-0.001162245688353658,-0.001162245688353658,-0.001162245688353658,-0.001162245688353658,-0.001162245688353658,-0.001162245688353658,-0.001162245688353658,-0.001162245688353658,-0.001162245688353658,-0.001162245688353658,-0.001162245688353658,-0.001162245688353658,-0.00137576544976994,-0.001162245688353658,-0.001162245688353658,-0.005536582076979157,-0.003620778549183745,-0.005959477685738058,-0.0024750054522909887
2023-09-10,-0.03463063940303404,-0.009204100991228615,-0.009204100991228615,-0.009204100991228615,-0.009204100991228615,-0.009204100991228615,-0.009204100991228615,-0.009204100991228615,-0.009204100991228615,-0.009204100991228615,-0.009204100991228615,-0.009204100991228615,-0.009204100991228615,-0.009204100991228615,-0.009204100991228615,-0.009204100991228615,-0.01977721273685895,-0.009952796275000475,-0.020604861055578995,-0.01881059778840957
2023-09-11,-0.027454074832831465,-0.030267821830213083,-0.030267821830213083,-0.030267821830213083,-0.030267821830213083,-0.030267821830213083,-0.030267821830213083,-0.030267821830213083,-0.030267821830213083,-0.030267821830213083,-0.030267821830213083,-0.030267821830213083,-0.030267821830213083,-0.030267821830213083,-0.030267821830213083,-0.030267821830213083,-0.028176827633542192,-0.028138080638286336,-0.028150447368513354,-0.02691342809784432
2023-09-12,0.03389880623550359,0.025931213994264013,0.025931213994264013,0.025931213994264013,0.025931213994264013,0.025931213994264013,0.025931213994264013,0.025931213994264013,0.025931213994264013,0.025931213994264013,0.025931213994264013,0.025931213994264013,0.025931213994264013,0.025931213994264013,0.025931213994264013,0.025931213994264013,0.03304126550005822,0.025374797203453436,0.02829481696455547,0.025659039376164962
2023-09-13,0.026576534466761358,0.008858342632895911,0.008858342632895911,0.008858342632895911,0.008858342632895911,0.008858342632895911,0.008858342632895911,0.008858342632895911,0.008858342632895911,0.008858342632895911,0.008858342632895911,0.008858342632895911,0.008858342632895911,0.008858342632895911,0.008858342632895911,0.008858342632895911,0.0074334604512964475,0.006271688231516315,0.02257934625072453,0.01304979023608368
2023-09-14,0.019012084181767253,0.013093742245539542,0.013093742245539542,0.013093742245539542,0.013093742245539542,0.013093742245539542,0.013093742245539542,0.013093742245539542,0.013093742245539542,0.013093742245539542,0.013093742245539542,0.013093742245539542,0.013093742245539542,0.013093742245539542,0.013093742245539542,0.013093742245539542,0.024499564076495874,0.01597702483388912,0.014584912469387958,0.015501602884756372
2023-09-15,0.023085092516473157,0.0084840694212297,0.009484069421229702,0.0084840694212297,0.0084840694212297,0.009484069421229702,0.0084840694212297,0.009484069421229702,0.0084840694212297,0.0084840694212297,0.009484069421229702,0.0084840694212297,0.009484069421229702,0.0084840694212297,0.0084840694212297,0.009484069421229702,0.024789900242314943,0.010484491072450131,0.01795849334359294,0.006066205090139736
2023-09-16,-0.009849757441232437,-0.0028086563169141157,-0.0019363765966343705,-0.004255887874081577,-0.0053851201802704194,-0.0019363765966343705,-0.0028086563169141157,-0.0019363765966343705,-0.004255887874081577,-0.0053851201802704194,-0.0019363765966343705,-0.0022232571248054223,-0.0019363765966343705,-0.003526861256132974,-0.0053851201802704194,-0.0019363765966343705,-0.005381471933212683,-0.004358085561456293,-0.004557204377480306,-0.009782852897609488
2023-09-17,-0.029231331861773624,-0.0027992017259895305,-0.0035639492085036252,-0.00966797079828563,-0.00935169244412104,-0.0035639492085036252,-0.0027992017259895305,-0.0035639492085036252,-0.00966797079828563,-0.00935169244412104,-0.0035639492085036252,-0.008730956940489554,-0.0035639492085036252,-0.014028458428277402,-0.00935169244412104,-0.0035639492085036252,-0.02528939302738089,-0.004941459295486972,-0.012170842883339961,-0.013535852973481633
2023-09-18,0.024920486867526393,0.0060130356424345395,0.008617649010847495,0.01804368620157648,0.02277951023379128,0.008617649010847495,0.0060130356424345395,0.008617649010847495,0.01804368620157648,0.02277951023379128,0.008617649010847495,0.01468603277696763,0.008617649010847495,0.010320677527054746,0.02277951023379128,0.008617649010847495,0.018135973710644612,0.01805365707849418,0.021705044276324206,0.02287352749662488
2023-09-19,0.01461606555553554,0.009102935824407243,0.011217900120592051,0.015254548780691614,0.018603819617064324,0.011217900120592051,0.009102935824407243,0.011217900120592051,0.015254548780691614,0.018603819617064324,0.011217900120592051,0.013839532987555093,0.011217900120592051,0.01600987270992147,0.018603819617064324,0.011217900120592051,0.012140710631601204,0.01534117327290705,0.013214365024215136,0.017174972037398862
2023-09-20,-0.007925690942431007,-0.006195665957436437,-0.0032026609092514766,-0.0030938556545200497,0.0010992422063315966,-0.0032026609092514766,-0.006195665957436437,-0.0032026609092514766,-0.0030938556545200497,0.0010992422063315966,-0.0032026609092514766,-0.011057798727075598,-0.0032026609092514766,-0.005844760025793683,0.0010992422063315966,-0.0032026609092514766,-0.01503138026838069,-0.004280583090513269,-0.00624987801900625,-0.0014521265731713084
2023-09-21,-0.03067887091452808,-0.019759792233451992,-0.020986416393652306,-0.027091845024125448,-0.024608656388464656,-0.020986416393652306,-0.019759792233451992,-0.020986416393652306,-0.027091845024125448,-0.024608656388464656,-0.020986416393652306,-0.01716562375460069,-0.020986416393652306,-0.021318892851433714,-0.024608656388464656,-0.020986416393652306,-0.02668832656907083,-0.022556274399713083,-0.02404137028779403,-0.026294517218602164
2023-09-22,0.004607534947197013,0.0030096278873550375,0.003336022250664673,0.005873460845906454,0.011874921681404763,0.004336022250664673,0.0030096278873550375,0.003336022250664673,0.005873460845906454,0.011874921681404763,0.004336022250664673,0.0015516035755824397,0.004336022250664673,0.003051392269640042,0.011874921681404763,0.004336022250664673,0.010155428171296494,0.010148114076154503,0.015995783365202847,0.014169831245388958
2023-09-23,0.004309786508380764,0.0001699667383649573,-0.0010577556603087014,-0.0016262066314124415,-0.0016262066314124415,-0.0016262066314124415,0.0001699667383649573,-0.0010577556603087014,-0.0016262066314124415,-0.0016262066314124415,-0.0016262066314124415,-0.0016262066314124415,-0.0016262066314124415,-0.0016262066314124415,-0.0016262066314124415,-0.0016262066314124415,-0.004508152368354387,-0.0016262066314124415,0.0037914825312420175,0.002176666491795243
2023-09-24,-0.008766979673766672,-0.008951723910527653,-0.00902852330556634,-0.008420475095378821,-0.008420475095378821,-0.008420475095378821,-0.008951723910527653,-0.00902852330556634,-0.008420475095378821,-0.008420475095378821,-0.008420475095378821,-0.008420475095378821,-0.008420475095378821,-0.008420475095378821,-0.008420475095378821,-0.008420475095378821,-0.017156346661102995,-0.008420475095378821,-0.008220784296160842,-0.008859322357000356
2023-09-25,0.007864975710764676,0.0062900830310933745,0.006147981824476113,0.006860368668457184,0.006860368668457184,0.006860368668457184,0.0062900830310933745,0.006147981824476113,0.006860368668457184,0.006860368668457184,0.006860368668457184,0.006860368668457184,0.006860368668457184,0.006860368668457184,0.006860368668457184,0.006860368668457184,0.024349670595940377,0.006860368668457184,0.007702490734160295,0.009906725138385619
2023-09-26,-0.004112579626532619,0.0017236487318059712,-0.0023126125077234105,0.0013102544614507882,0.0013102544614507882,0.0013102544614507882,0.0017236487318059712,-0.0023126125077234105,0.0013102544614507882,0.0013102544614507882,0.0013102544614507882,0.0013102544614507882,0.0013102544614507882,0.0013102544614507882,0.0013102544614507882,0.0013102544614507882,-0.00242912719504953,0.0013102544614507882,0.0016306661579285953,0.00038344109289136777
2023-09-27,0.028434516681015952,0.0027388998762521103,0.0022672771789084226,0.0019997686212106514,0.0019997686212106514,0.0019997686212106514,0.0027388998762521103,0.0022672771789084226,0.0019997686212106514,0.0019997686212106514,0.0019997686212106514,0.0019997686212106514,0.0019997686212106514,0.0019997686212106514,0.0019997686212106514,0.0019997686212106514,0.02223893918002966,0.0019997686212106514,0.02794114599427808,0.018549444657802994
2023-09-28,0.06202255637887691,0.020675869170695683,0.022051568734991367,0.02167673511124639,0.02167673511124639,0.02167673511124639,0.020675869170695683,0.022051568734991367,0.02167673511124639,0.02167673511124639,0.02167673511124639,0.02167673511124639,0.02167673511124639,0.02167673511124639,0.02167673511124639,0.02167673511124639,0.026812951524141582,0.02167673511124639,0.06214857268572609,0.03131720934776996
2023-09-29,-0.0007379738994261536,0.008601402158134985,0.012005390954470976,0.010142656978293998,0.011142656978293999,0.010142656978293998,0.008601402158134985,0.012005390954470976,0.010142656978293998,0.011142656978293999,0.010142656978293998,0.010142656978293998,0.011142656978293999,0.010142656978293998,0.010142656978293998,0.011142656978293999,0.0040273528596771295,0.011142656978293999,-0.0005899496324608578,0.0045978623035826845
2023-09-30,0.002323180762363568,-0.001091848070137491,-0.003429864776209035,-3.930776561964465e-05,-0.003429864776209035,-0.0030653873673463393,-0.001091848070137491,-0.003429864776209035,-3.930776561964465e-05,-0.003429864776209035,-0.0030653873673463393,0.0014259543602750837,-0.003429864776209035,0.003294380758473504,0.003294380758473504,-0.003429864776209035,-0.010631167000760014,-0.003429864776209035,0.010351709123177682,0.007263143729764708
2023-10-01,0.05030696558080659,0.025541705799987203,0.025506386477548704,0.02961769546037445,0.025506386477548704,0.025760136002143733,0.025541705799987203,0.025506386477548704,0.02961769546037445,0.025506386477548704,0.025760136002143733,0.031467887339602374,0.025506386477548704,0.018806172356237404,0.018806172356237404,0.025506386477548704,0.03521256090376921,0.025506386477548704,0.04977425509397504,0.023031834274978038
2023-10-02,-0.04084690193021501,-0.024785887850392423,-0.025522426564118652,-0.031987392619598244,-0.025522426564118652,-0.025989120278345837,-0.024785887850392423,-0.025522426564118652,-0.031987392619598244,-0.025522426564118652,-0.025989120278345837,-0.02471104100631418,-0.025522426564118652,-0.03672481229362506,-0.03672481229362506,-0.025522426564118652,-0.037983600025750366,-0.025522426564118652,-0.028617993571137236,-0.038930745295489705
2023-10-03,0.015568827382239235,0.003262885288246897,0.015718723286395675,0.011928434601188373,0.015718723286395675,0.014711628316008162,0.003262885288246897,0.015718723286395675,0.011928434601188373,0.015718723286395675,0.014711628316008162,0.009705924037252945,0.015718723286395675,0.015110686915999524,0.015110686915999524,0.015718723286395675,-0.015931581805580432,0.015718723286395675,0.006201263278943348,0.002599728341590169
2023-10-04,0.002237773278202893,-0.002412110374188203,-0.0051127705929470794,0.0008640565541545367,-0.0051127705929470794,-0.004693201648253752,-0.002412110374188203,-0.0051127705929470794,0.0008640565541545367,-0.0051127705929470794,-0.004693201648253752,-0.002753274561004937,-0.0051127705929470794,0.0021343682277100047,0.0021343682277100047,-0.0051127705929470794,0.011027203156963596,-0.0051127705929470794,-0.0083443252731789,0.0027921875799475472
2023-10-05,-0.017414222789717583,-0.01299257886340486,-0.014725482591878248,-0.01689456048324367,-0.014725482591878248,-0.014086010635746904,-0.01299257886340486,-0.014725482591878248,-0.01689456048324367,-0.014725482591878248,-0.014086010635746904,-0.012214091793426984,-0.014725482591878248,-0.01754826642189229,-0.01754826642189229,-0.014725482591878248,-0.02110449363277509,-0.014725482591878248,-0.012992454128126107,-0.014721302899746047
2023-10-06,-0.01675034002238096,0.009879069957164522,0.009274452548415545,0.01697534004944694,0.009274452548415545,0.0072913608763108375,0.009879069957164522,0.009274452548415545,0.01697534004944694,0.009274452548415545,0.0072913608763108375,0.014036339457362802,0.008274452548415544,0.009402138078674209,0.010277138078674208,0.008274452548415544,-0.014761509315637553,0.008274452548415544,0.012986408313360908,0.011392656561426073
2023-10-07,-0.006088186468524182,-3.996626839631017e-06,-0.001683832570695021,-0.0014886962793996038,-0.001683832570695021,-0.001683832570695021,-3.996626839631017e-06,-0.001683832570695021,-0.0014886962793996038,-0.001683832570695021,-0.001683832570695021,-0.0038780228491865692,-0.005112466338062238,-0.003983845408303025,-0.0008055764913686539,-0.005112466338062238,-0.0051482304126604156,-9.50096324645824e-05,-0.0010351779483386285,-0.0014886962793996038
2023-10-08,0.0005754334861732156,-0.0028871069867274506,-0.002967339462416763,-0.004044933162058628,-0.002967339462416763,-0.002967339462416763,-0.0028871069867274506,-0.002967339462416763,-0.004044933162058628,-0.002967339462416763,-0.002967339462416763,-0.003167234134181918,-0.003974913657170376,-0.004221673306076679,-0.0024556171097922298,-0.003974913657170376,-0.00043836298002630824,-0.004408161629704988,-0.004642253636153382,-0.004044933162058628
2023-10-09,-0.04219559706427463,-0.025707153413246274,-0.02407313788841841,-0.025305533417064256,-0.02407313788841841,-0.02407313788841841,-0.025707153413246274,-0.02407313788841841,-0.025305533417064256,-0.02407313788841841,-0.02407313788841841,-0.02672692994544528,-0.022676802364805453,-0.023168837188434342,-0.02572339522801952,-0.022676802364805453,-0.042610435474769,-0.02493317509329234,-0.028496153814542957,-0.025305533417064256
2023-10-10,0.0021020802284666736,0.001260298044023234,-0.0025685477280549705,-0.008896953865052404,-0.0025685477280549705,-0.0025685477280549705,0.001260298044023234,-0.0025685477280549705,-0.008896953865052404,-0.0025685477280549705,-0.0025685477280549705,-0.001065151077503823,-0.007120117659648794,-0.0038255862889612358,-0.0035772530969950143,-0.007120117659648794,-0.002014046975640494,0.000375766419889967,-0.007224307823242394,-0.008896953865052404
2023-10-11,-0.00757314204576056,-0.008309873744078499,-0.009314511484772737,-0.011123022096306712,-0.009314511484772737,-0.009314511484772737,-0.008309873744078499,-0.009314511484772737,-0.011123022096306712,-0.009314511484772737,-0.009314511484772737,-0.015350747506216744,-0.008119857509331176,-0.014499864883865189,-0.01387393497309284,-0.008119857509331176,0.0002448516910849908,-0.01131462407247299,-0.011930628509561147,-0.011123022096306712
2023-10-12,-0.010730131293020539,-0.010783748199284139,-0.011003428917479385,-0.01297380749397379,-0.011003428917479385,-0.011003428917479385,-0.010783748199284139,-0.011003428917479385,-0.01297380749397379,-0.011003428917479385,-0.011003428917479385,-0.009564447012068444,-0.011244213380853107,-0.009161902999687176,-0.010948585618797302,-0.011244213380853107,-0.008308707123963543,-0.009677358556384052,-0.016127607572900795,-0.01297380749397379
2023-10-13,0.005206659397162765,0.006736376055238668,0.004843674513818665,0.005441853816995695,0.004843674513818665,0.004843674513818665,0.006736376055238668,0.004843674513818665,0.005441853816995695,0.004843674513818665,0.004843674513818665,0.004745325632950982,0.002830938806866273,0.0027058914152152933,0.005373776034976775,0.003705938806866273,0.013213927247167528,0.004100658278884756,0.009074728717987295,0.005441853816995695
2023-10-14,-0.0019134245778067165,0.00451915629762365,-0.0003175352637108331,0.00040177611981260565,0.0005289560072443188,0.00451915629762365,0.00451915629762365,-0.0003175352637108331,0.00040177611981260565,0.0005289560072443188,0.00451915629762365,0.00012975300429844965,0.0006319107635742008,-0.004025677571903641,0.0012067933826488408,-0.00012849577336131456,0.0009111748351980858,0.0026197869691866526,-0.0016822117818062051,-0.0010478998967665316
2023-10-15,0.0185141565300075,0.00784417612624222,0.009648023495056092,0.00985848148033086,0.00985848148033086,0.00784417612624222,0.00784417612624222,0.009648023495056092,0.00985848148033086,0.00985848148033086,0.00784417612624222,0.009985556223081461,0.005912386250944301,0.009363927365888137,0.006249918978969671,0.006918739609815639,0.016346064228435965,0.01724641828150162,0.019818680780324716,0.019229296682875277
2023-10-16,0.007167600853312273,0.027296474204755318,0.030032186067552626,0.02820465381413708,0.02820465381413708,0.027296474204755318,0.027296474204755318,0.030032186067552626,0.02820465381413708,0.02820465381413708,0.027296474204755318,0.029237258550957445,0.04378109581876388,0.023186242110484326,0.042986168302168705,0.02962638525669461,0.021789636320025264,0.020618460232209413,0.01521092182281949,0.013285793959461147
2023-10-17,-0.03373057048894952,-0.011918817379695757,-0.012263682073476435,-0.012698124980173309,-0.012698124980173309,-0.011918817379695757,-0.011918817379695757,-0.012263682073476435,-0.012698124980173309,-0.012698124980173309,-0.011918817379695757,-0.011370484715975394,-0.009448404049790105,-0.021483951974144412,-0.008555206692289064,-0.011933056772291019,-0.027824063525743674,-0.01770349131226112,-0.025926746249916602,-0.028392958595840283
2023-10-18,0.007171455567183527,-0.0020509380032920138,-0.006421462496357156,-0.0031723313731331308,-0.0031723313731331308,-0.0020509380032920138,-0.0020509380032920138,-0.006421462496357156,-0.0031723313731331308,-0.0031723313731331308,-0.0020509380032920138,-0.0018770372414830927,-0.009548606037456374,-0.0007377658866700499,-0.005004180782582312,-0.006670538764696966,-0.002365701801148101,-0.007984886289664562,-0.0007568192799876086,0.0013620758298965364
2023-10-19,-0.009428624233042672,0.00700687515468248,0.01116371288726863,0.009226652687991388,0.009226652687991388,0.00700687515468248,0.00700687515468248,0.01116371288726863,0.009226652687991388,0.009226652687991388,0.00700687515468248,0.019095906936089424,0.023107199672656974,0.003858997948872655,0.031039393721477772,0.02329136889265837,0.004215802006358092,0.006029681624033367,-0.003533435071654313,-0.005898721711841116
2023-10-20,0.029213594918579246,0.017437082721066987,0.018117516913244525,0.01642103869273066,0.01642103869273066,0.017437082721066987,0.017437082721066987,0.018117516913244525,0.01642103869273066,0.01642103869273066,0.017437082721066987,0.012090627567453783,0.033237416267800926,0.031088406915630556,0.027085526922010182,0.015418024636231521,0.04401885405038154,0.01617947658196928,0.027394447736091433,0.03382585518406514
2023-10-21,0.02862769261855199,0.012929529226799597,0.010914057723345439,0.010914057723345439,0.010914057723345439,0.012929529226799597,0.012929529226799597,0.010914057723345439,0.010914057723345439,0.010914057723345439,0.012929529226799597,0.010914057723345439,0.011851267806010944,0.05439551948110018,0.010914057723345439,0.04444244622930303,0.06301276974819955,0.02115634839126728,0.022515724464469256,0.033634507272172244
2023-10-22,0.014812772235559171,0.0070322242887416835,0.006056529486045825,0.006056529486045825,0.006056529486045825,0.0070322242887416835,0.0070322242887416835,0.006056529486045825,0.006056529486045825,0.006056529486045825,0.0070322242887416835,0.006056529486045825,0.006056529486045825,0.04015373016913655,0.006056529486045825,0.031324307676523236,0.03185920296206071,-0.0023212876173968056,-0.004015693112884789,-0.0023212876173968056
2023-10-23,0.12326099311848293,0.06528529329930889,0.05627324098141951,0.05627324098141951,0.05627324098141951,0.06528529329930889,0.06528529329930889,0.05627324098141951,0.05627324098141951,0.05627324098141951,0.06528529329930889,0.05627324098141951,0.05627324098141951,0.06904049616285039,0.05627324098141951,0.054043395015290235,0.12608714994649547,0.11065089734452693,0.11936669834852595,0.11065089734452693
2023-10-24,0.052936956478429,0.00241639331489687,0.0089767598037102,0.0089767598037102,0.0089767598037102,0.00241639331489687,0.00241639331489687,0.0089767598037102,0.0089767598037102,0.0089767598037102,0.00241639331489687,0.0089767598037102,0.0089767598037102,0.007100785220833152,0.0089767598037102,0.00798882698469765,0.0008086420239177498,-0.007714121752692482,-0.007258231734406717,-0.007714121752692482
2023-10-25,0.08679407215121847,0.008525604799892039,0.002071964330503584,0.002071964330503584,0.002071964330503584,0.008525604799892039,0.008525604799892039,0.002071964330503584,0.002071964330503584,0.002071964330503584,0.008525604799892039,0.002071964330503584,0.002071964330503584,0.015036312672933238,0.002071964330503584,0.01805299400528724,0.09758101422903084,0.07967325334669247,0.0875915268599926,0.07967325334669247
2023-10-26,-0.0028297314687819146,0.009732262042004926,-0.0012858996517366656,-0.0012858996517366656,-0.0012858996517366656,0.009732262042004926,0.009732262042004926,-0.0012858996517366656,-0.0012858996517366656,-0.0012858996517366656,0.009732262042004926,-0.0012858996517366656,-0.0012858996517366656,0.012788510135287102,-0.0012858996517366656,-0.00462768337342383,-0.007780802534481969,-0.0067825606385406145,0.0025606182152153375,-0.0067825606385406145
2023-10-27,-0.005455557458979364,-0.014293612165102342,-0.00663189850953969,-0.00563189850953969,-0.00663189850953969,-0.014293612165102342,-0.014293612165102342,-0.00663189850953969,-0.00563189850953969,-0.00663189850953969,-0.014293612165102342,-0.00563189850953969,-0.00663189850953969,0.0011948860539610796,-0.00563189850953969,-0.002734836213218926,0.003978256963503098,-0.02498424699948564,-0.03717552811830398,-0.024984246999485645
2023-10-28,0.013275600280620801,0.0044834505909880475,0.005000250207004121,0.0044834505909880475,0.004161634849317997,0.0044834505909880475,0.0044834505909880475,0.005000250207004121,0.0044834505909880475,0.004161634849317997,0.0044834505909880475,0.0044834505909880475,0.011176316646016371,0.00876989071057026,0.0044834505909880475,0.0044834505909880475,0.007683933278253685,-0.003033366428702493,0.005820302318216888,0.0009612994917796222
2023-10-29,0.0053139744054995445,0.01139461201801262,0.010265175557129823,0.01139461201801262,0.01324787385357924,0.01139461201801262,0.01139461201801262,0.010265175557129823,0.01139461201801262,0.01324787385357924,0.01139461201801262,0.01139461201801262,0.00842603401871207,0.010167905311920711,0.01139461201801262,0.01139461201801262,0.029336863331011466,0.0025027271729510334,0.014760977637090255,0.007197482218103856
2023-10-30,0.04384453619515869,0.011375467566042154,0.008712456463841755,0.011375467566042154,0.015796135330415108,0.011375467566042154,0.011375467566042154,0.008712456463841755,0.011375467566042154,0.015796135330415108,0.011375467566042154,0.011375467566042154,0.0020029269700407196,0.006741871696814417,0.011375467566042154,0.011375467566042154,0.0035484025614432643,0.054501229596687024,0.02956066715207883,0.06484652761444305
2023-10-31,0.01663058745211443,0.01076019168468807,-0.003378323930768845,0.01076019168468807,0.0056746718805588126,0.01076019168468807,0.01076019168468807,-0.003378323930768845,0.01076019168468807,0.0056746718805588126,0.01076019168468807,0.01076019168468807,-0.0009852135421381189,0.0044625311349456576,0.01076019168468807,0.01076019168468807,0.030986647283422843,0.024854316110406605,0.05155064794019802,0.04228893027454033
2023-11-01,0.017607989278841087,0.01870232874045854,0.025358256355455567,0.01870232874045854,0.02682380751275524,0.01870232874045854,0.01870232874045854,0.025358256355455567,0.01870232874045854,0.02682380751275524,0.01870232874045854,0.01870232874045854,0.020354992347604427,0.020997112262513662,0.01870232874045854,0.01870232874045854,0.050719034394193764,0.019834571006396916,0.03675683524934699,0.029136788298448926
2023-11-02,-0.038760225131162396,-0.0070569866466611685,0.004316845531637846,-0.0070569866466611685,-0.00021236494031082794,-0.0070569866466611685,-0.0070569866466611685,0.004316845531637846,-0.0070569866466611685,-0.00021236494031082794,-0.0070569866466611685,-0.0070569866466611685,-0.008798439032302086,-0.017043444450002276,-0.0070569866466611685,-0.0070569866466611685,-0.02307939210544488,-0.04590568059880418,-0.026282334637425332,-0.03953333893596048
2023-11-03,0.06401669727909054,-0.0020269774192607213,-0.000401380751090529,-0.0020269774192607213,0.0032781810709073163,-0.0010269774192607213,-0.0020269774192607213,-0.000401380751090529,-0.0020269774192607213,0.0032781810709073163,-0.0010269774192607213,-0.0020269774192607213,-0.005258201743850809,0.0001824457861507472,-0.0029019774192607217,-0.0020269774192607213,0.007783234192937006,0.06559839551598846,0.03514540456008309,0.054364566662110855
2023-11-04,0.018491975533397834,0.01817650025647755,0.012274836682909076,0.005429502761220184,0.012274836682909076,0.012274836682909076,0.01817650025647755,0.012274836682909076,0.005429502761220184,0.012274836682909076,0.012274836682909076,0.018206791797689893,0.014327486915365518,0.012563600398638672,0.011244686114257552,0.016599990917494003,0.029634749346042467,0.02988750447086494,0.027013948275055898,0.026391370542620862
2023-11-05,0.022209693844703594,0.008156619336615134,0.025210059791483806,0.027992537405751604,0.025210059791483806,0.025210059791483806,0.008156619336615134,0.025210059791483806,0.027992537405751604,0.025210059791483806,0.025210059791483806,0.022172654147848747,0.01610371657167593,0.02559358010341297,0.018383621373024538,0.01915475495532759,0.015313992572760027,0.004867241493842744,-0.010734843326782562,0.003793407454261443
2023-11-06,0.07334079966122657,0.03462460795470162,0.02577040902815522,0.028663858843315484,0.02577040902815522,0.02577040902815522,0.03462460795470162,0.02577040902815522,0.028663858843315484,0.02577040902815522,0.02577040902815522,0.05187801349546604,0.02427847575263245,0.03342483446559877,0.022232767351641168,0.05002428433755169,0.06604790787816599,0.03963255179772539,0.04133882038036585,0.026282379581881513
2023-11-07,-0.02124209124778207,-0.008007943350281856,-0.0171421929200998,-0.016345552551391855,-0.0171421929200998,-0.0171421929200998,-0.008007943350281856,-0.0171421929200998,-0.016345552551391855,-0.0171421929200998,-0.0171421929200998,-0.01415443973668289,-0.016634496133646738,-0.0216390635590618,-0.00507187428407312,-0.014696238527642349,-0.015559977096651823,0.004224937069425994,-0.004800812944575971,-0.005644294161722052
2023-11-08,0.04859523268011577,0.024314785480796488,0.006161808989315709,0.00945722967994076,0.006161808989315709,0.006161808989315709,0.024314785480796488,0.006161808989315709,0.00945722967994076,0.006161808989315709,0.006161808989315709,0.02124559130267856,0.010949119519641837,0.007810684540168422,0.04051661955258754,0.0245671860450015,0.027715343291626615,0.024620686065110763,0.021232231912504874,0.0026071799241156107
2023-11-09,-0.014503847762064216,-0.01478382768013406,0.02991637484225345,0.03192660572439594,0.02991637484225345,0.02991637484225345,-0.01478382768013406,0.02991637484225345,0.03192660572439594,0.02991637484225345,0.02991637484225345,-0.02186257856011211,0.03115740483032361,0.004006825574065377,0.029797996676429038,-0.045425376697949923,-0.030163099602240638,-0.039521419211353964,0.0024525041084166423,0.04701287027235759
2023-11-10,0.03670239962780046,-0.012664202617261956,0.009534032129585283,0.0213865225535214,0.011409032129585283,0.010409032129585282,-0.012664202617261956,0.009534032129585283,0.0213865225535214,0.011409032129585283,0.010409032129585282,-0.02958928028166235,0.0165822261476426,0.01996302772573846,0.04968326718238127,-0.0115290796615046,0.08004366695223233,0.06090418715496075,0.046401230768071504,0.09117686560815444
2023-11-11,0.015739340528094094,0.0058704758556138,0.0027462975259511563,0.00023084201872114463,0.001406651865625319,0.00023084201872114463,0.0058704758556138,0.0027462975259511563,0.00023084201872114463,0.001406651865625319,0.00023084201872114463,0.010757628126027452,0.021235549541767432,0.018616170747299418,0.011606012787169464,0.00829875526368736,0.022433890001994073,0.0192107671139058,0.02926848027780278,0.02926848027780278
2023-11-12,0.00906134772886167,-0.004507646782171038,-0.0013317045479548596,-0.0011500617901667456,-0.003890207802748913,-0.0011500617901667456,-0.004507646782171038,-0.0013317045479548596,-0.0011500617901667456,-0.003890207802748913,-0.0011500617901667456,-0.01032108788474877,0.012694540732913784,-0.0050834100329609335,-0.005936805008853831,-0.0020057418883360437,0.013180114976243672,0.03592970355084901,0.01904441940923305,0.01904441940923305
2023-11-13,-0.08664415651863622,-0.020560160094449213,-0.01766499543695632,-0.016555219144854028,-0.00777233832148452,-0.016555219144854028,-0.020560160094449213,-0.01766499543695632,-0.016555219144854028,-0.00777233832148452,-0.016555219144854028,-0.02557299912314466,-0.027199546161367064,-0.02176701256477649,-0.04280716165665412,-0.011377254724688491,-0.09037289427027662,-0.057462102816381734,-0.0610091207308149,-0.0610091207308149
2023-11-14,0.03618548054571274,-0.021335878853895186,-0.024040718141065474,-0.032452170470168594,-0.03207332482065113,-0.032452170470168594,-0.021335878853895186,-0.024040718141065474,-0.032452170470168594,-0.03207332482065113,-0.032452170470168594,-0.029106155315115623,0.03725882541897338,-0.027803023608524026,-0.006512067991073243,-0.038755457677389665,0.03148175520733787,0.057774097870904366,0.015301229653850147,0.015301229653850147
2023-11-15,0.1466789887984074,0.04366678960777568,0.039256967073727014,0.04212594105500625,0.03985652357787864,0.04212594105500625,0.04366678960777568,0.039256967073727014,0.04212594105500625,0.03985652357787864,0.04212594105500625,0.05177455216364045,0.03749330050469438,0.037846628176709494,0.0704348306859914,0.04091053318077087,0.14052867930286794,0.09884905455345355,0.12706384479289268,0.12706384479289268
2023-11-16,-0.05512362895697169,-0.038612665849955465,-0.03313696940378437,-0.03717466461879419,-0.04151686260184462,-0.03717466461879419,-0.038612665849955465,-0.03313696940378437,-0.03717466461879419,-0.04151686260184462,-0.03717466461879419,-0.05364404386200723,-0.046203182970410844,-0.014015038307568006,-0.06044890853502634,-0.02434461284278868,-0.05279588207632449,-0.04261968126567455,-0.04801162804620836,-0.04801162804620836
2023-11-17,0.027746186130700748,0.003987904024358936,-0.0015002474341262882,0.0017850310877770607,0.007361797797114434,0.0017850310877770607,0.003987904024358936,-0.0015002474341262882,0.0017850310877770607,0.007361797797114434,0.0017850310877770607,0.0012991431966865152,-0.0012267331242131253,0.022045213366751144,0.003307517967762345,0.021139570344785377,0.0264614156828467,0.015385699005061992,0.02893986020300974,0.02893986020300974
2023-11-18,0.000629892405683775,0.005367600464449574,-0.0038021268255453494,-0.0026904926487158008,-0.002592927266304868,-0.0026904926487158008,0.005367600464449574,-0.0038021268255453494,-0.0026904926487158008,-0.002592927266304868,-0.0026904926487158008,0.00604916584803692,-0.003668145768840987,-0.011552536085833317,0.004859672932654547,0.00450237836094781,-0.0018978702101453832,-0.03267259641732359,-0.031186923084238725,-0.011690851943805472
2023-11-19,0.014321422628369527,0.009172930568840209,0.014228098338951688,0.013711144627619819,0.01674310344957326,0.013711144627619819,0.009172930568840209,0.014228098338951688,0.013711144627619819,0.01674310344957326,0.013711144627619819,0.013004895622888578,0.01674310344957326,0.012667658466448411,0.009172930568840209,0.013004895622888578,0.019623067120971595,0.014476445529233327,0.018820977289371908,0.03026319096404584
2023-11-20,-0.03688032791669568,-0.005599386395439155,-0.0013775235779347034,-0.0009080219608692541,-0.002334129630661796,-0.0009080219608692541,-0.005599386395439155,-0.0013775235779347034,-0.0009080219608692541,-0.002334129630661796,-0.0009080219608692541,-0.005056461665694846,-0.002334129630661796,-0.005056461665694846,-0.005599386395439155,-0.005056461665694846,-0.022178425788563706,-0.05247620119919057,-0.06778037068643977,-0.056764783426698266
2023-11-21,-0.07137501739595986,-0.05604907799277507,-0.0579249854871577,-0.058927760883099076,-0.06017155400798864,-0.058927760883099076,-0.05604907799277507,-0.0579249854871577,-0.058927760883099076,-0.06017155400798864,-0.058927760883099076,-0.057372589207686245,-0.06017155400798864,-0.057372589207686245,-0.05604907799277507,-0.057372589207686245,-0.07767824611947732,-0.05132055677550178,-0.059597789282087005,-0.05424749665172905
2023-11-22,0.11167802602079334,0.06294035468467905,0.049504137767254486,0.05037470164283549,0.05375686538140166,0.05037470164283549,0.06294035468467905,0.049504137767254486,0.05037470164283549,0.05375686538140166,0.05037470164283549,0.06356618492854893,0.05375686538140166,0.06356618492854893,0.06294035468467905,0.06356618492854893,0.12097855096119493,0.10329123002339764,0.11684971339727014,0.08925421413470765
2023-11-23,-0.019640941015557245,-0.009504407094625944,0.0003445615419153561,0.0015408885806391212,0.002456668219957159,0.0015408885806391212,-0.009504407094625944,0.0003445615419153561,0.0015408885806391212,0.002456668219957159,0.0015408885806391212,-0.008069402041021979,0.002456668219957159,-0.008069402041021979,-0.009504407094625944,-0.008069402041021979,-0.035867709988502625,-0.01917632455970053,-0.022214880941598937,-0.011836439926232512
2023-11-24,-0.010433467017789666,-0.0016537575318631408,0.008109735375827334,0.010464979462104677,0.008051327090867578,0.011464979462104676,-0.0016537575318631408,0.008109735375827334,0.010464979462104677,0.008051327090867578,0.011464979462104676,-0.006396465306147723,0.008051327090867578,-0.006396465306147723,-0.002528757531863141,-0.006396465306147723,0.00868429653271801,0.024556471763060684,0.022671642002903357,0.027111461140618222
2023-11-25,0.01403993852695593,0.013673759060276725,0.01096536497774001,0.01096536497774001,0.01096536497774001,0.013673759060276725,0.013673759060276725,0.01096536497774001,0.01096536497774001,0.01096536497774001,0.013673759060276725,0.006415208847974974,0.01096536497774001,0.01096536497774001,0.01611061849571437,0.01096536497774001,0.016586213550435443,0.013746522002257278,0.012688344240693643,0.02038301082583538
2023-11-26,-0.018192206247510702,-0.013329154187244207,-0.010488823678982427,-0.010488823678982427,-0.010488823678982427,-0.013329154187244207,-0.013329154187244207,-0.010488823678982427,-0.010488823678982427,-0.010488823678982427,-0.013329154187244207,-0.008286856271876397,-0.010488823678982427,-0.010488823678982427,-0.012435324428071737,-0.010488823678982427,-0.01652243345581508,-0.015477495085172445,-0.010248972569864657,-0.012964287501686367
2023-11-27,-0.013742575699849314,-0.02152423289493837,-0.02304397416176729,-0.02304397416176729,-0.02304397416176729,-0.02152423289493837,-0.02152423289493837,-0.02304397416176729,-0.02304397416176729,-0.02304397416176729,-0.02152423289493837,-0.02004441302385054,-0.02304397416176729,-0.02304397416176729,-0.027879460322654228,-0.02304397416176729,-0.020214110363121908,-0.014117942454462028,-0.012978336388091693,-0.030789064829356862
2023-11-28,0.034095297562092224,0.01083332713701406,0.01149621953071489,0.01149621953071489,0.01149621953071489,0.01083332713701406,0.01083332713701406,0.01149621953071489,0.01149621953071489,0.01149621953071489,0.01083332713701406,0.014217812343910598,0.01149621953071489,0.01149621953071489,0.020716634647642354,0.01149621953071489,0.048346812960282655,0.02965759760673832,0.00933647140934748,0.02170784940934887
2023-11-29,0.005458976794329407,-0.0021100851138371015,-0.0032933831377379265,-0.0032933831377379265,-0.0032933831377379265,-0.0021100851138371015,-0.0021100851138371015,-0.0032933831377379265,-0.0032933831377379265,-0.0032933831377379265,-0.0021100851138371015,-0.004363606199653681,-0.0032933831377379265,-0.0032933831377379265,0.0025945975733317585,-0.0032933831377379265,0.01196226822273505,0.015970637296441728,-0.006817179191787771,0.007373905587504593
2023-11-30,0.0048903736149690236,0.00027586788771460946,0.0010136214820106295,0.0010136214820106295,0.0010136214820106295,0.00027586788771460946,0.00027586788771460946,0.0010136214820106295,0.0010136214820106295,0.0010136214820106295,0.00027586788771460946,-0.00042820763297368725,0.0010136214820106295,0.0010136214820106295,0.0007159320319238604,0.0010136214820106295,0.004418923098245142,0.006927289847416685,0.005959010534098708,0.004192139476588852
2023-12-01,0.013994880136654685,0.013713173916696044,0.010564185714313501,0.010564185714313501,0.010564185714313501,0.013713173916696044,0.013713173916696044,0.010564185714313501,0.010564185714313501,0.010564185714313501,0.013713173916696044,0.019350024840192548,0.010564185714313501,0.010564185714313501,0.010291031131112297,0.010564185714313501,0.01951073583868255,0.011278197619522447,0.013232251448498138,0.01185891752338562
2023-12-02,0.057461199229910914,0.014801417498363145,0.014757290171732818,0.014757290171732818,0.014757290171732818,0.014757290171732818,0.014801417498363145,0.014757290171732818,0.014757290171732818,0.014757290171732818,0.014757290171732818,0.02794120686327224,0.014757290171732818,0.014757290171732818,0.014757290171732818,0.014757290171732818,0.029099493156788087,0.029050539540593005,0.03341327448661845,0.032219820748492056
2023-12-03,-0.012719460265909178,0.005869293719688762,0.004968276570687613,0.004968276570687613,0.004968276570687613,0.004968276570687613,0.005869293719688762,0.004968276570687613,0.004968276570687613,0.004968276570687613,0.004968276570687613,0.0015534512458413863,0.004968276570687613,0.004968276570687613,0.004968276570687613,0.004968276570687613,-0.011268797590666192,-0.001955935419823929,0.0009930612176186405,0.001569070102658565
2023-12-04,-0.01571587277921123,0.040300229891550375,0.021422651663486735,0.021422651663486735,0.021422651663486735,0.021422651663486735,0.040300229891550375,0.021422651663486735,0.021422651663486735,0.021422651663486735,0.021422651663486735,0.02132342698140266,0.021422651663486735,0.021422651663486735,0.021422651663486735,0.021422651663486735,-0.006934803582169605,0.0019168263325765938,0.011797359730998092,0.0030627719917236005
2023-12-05,0.004093197585029751,0.010752345703511336,0.010741238918757313,0.010741238918757313,0.010741238918757313,0.010741238918757313,0.010752345703511336,0.010741238918757313,0.010741238918757313,0.010741238918757313,0.010741238918757313,0.010218113137342645,0.010741238918757313,0.010741238918757313,0.010741238918757313,0.010741238918757313,0.02151871527391342,0.013342677028687612,0.01918184888515264,0.005730267379439402
2023-12-06,-0.04029024776934852,-0.01095863072179637,0.0001824530032026976,0.0001824530032026976,0.0001824530032026976,0.0001824530032026976,-0.01095863072179637,0.0001824530032026976,0.0001824530032026976,0.0001824530032026976,0.0001824530032026976,-0.007996828065848761,0.0001824530032026976,0.0001824530032026976,0.0001824530032026976,0.0001824530032026976,0.0024746263887061035,-0.012962721247141729,-0.005836569700546735,-0.0210948593968731
2023-12-07,0.03349863581023158,0.012308476021232372,0.011427854598501375,0.011427854598501375,0.011427854598501375,0.011427854598501375,0.012308476021232372,0.011427854598501375,0.011427854598501375,0.011427854598501375,0.011427854598501375,0.018114330756738406,0.011427854598501375,0.011427854598501375,0.011427854598501375,0.011427854598501375,0.03543250799967384,0.027969224092645507,0.019378952203352375,0.021696119530028927
2023-12-08,0.07369637298504256,0.018909558951840363,0.02354958331362802,0.02354958331362802,0.02354958331362802,0.02354958331362802,0.018909558951840363,0.02354958331362802,0.02354958331362802,0.02354958331362802,0.02354958331362802,0.034535641491136596,0.02354958331362802,0.021674583313628017,0.022549583313628017,0.022549583313628017,0.08420484584757858,0.017128999918612102,0.025231347926745536,0.01038186859776114
2023-12-09,-0.01560206993595088,-0.008679373184820727,-0.008679373184820727,-0.008679373184820727,-0.008679373184820727,-0.008679373184820727,-0.008679373184820727,-0.008679373184820727,-0.008679373184820727,-0.008679373184820727,-0.008679373184820727,-0.01731260526011911,-0.008679373184820727,-0.016048721788397304,-0.01164823540448785,-0.014252269759738102,-0.00475766102414381,0.0004965746331505189,-0.003495007912725761,-0.0025065978730425937
2023-12-10,0.04594635315045739,0.006384113065269582,0.006384113065269582,0.006384113065269582,0.006384113065269582,0.006384113065269582,0.006384113065269582,0.006384113065269582,0.006384113065269582,0.006384113065269582,0.006384113065269582,0.006245182926461679,0.006384113065269582,0.008443537142851355,0.012490949874904091,0.006387219187712168,0.06605321670592965,0.050260118970113336,0.044923336659613,0.04350370965218576
2023-12-11,0.0006728382943402798,-0.037332852624401364,-0.037332852624401364,-0.037332852624401364,-0.037332852624401364,-0.037332852624401364,-0.037332852624401364,-0.037332852624401364,-0.037332852624401364,-0.037332852624401364,-0.037332852624401364,-0.04943522592241237,-0.037332852624401364,-0.04861152122702462,-0.036677418013739096,-0.04158287453933605,-0.05828835478178596,-0.04739640225291786,-0.02024770625255128,-0.03733547851380579
2023-12-12,0.02998557583259418,0.00556696184448453,0.00556696184448453,0.00556696184448453,0.00556696184448453,0.00556696184448453,0.00556696184448453,0.00556696184448453,0.00556696184448453,0.00556696184448453,0.00556696184448453,0.002711271147058358,0.00556696184448453,0.0513107769568882,0.000707823725123945,0.005203605779595598,0.04263634650623714,-0.0037510701992680803,-0.003342513123254687,-0.008839713385504622
2023-12-13,0.08454940096621014,0.013791325684086586,0.013791325684086586,0.013791325684086586,0.013791325684086586,0.013791325684086586,0.013791325684086586,0.013791325684086586,0.013791325684086586,0.013791325684086586,0.013791325684086586,0.015822038065192577,0.013791325684086586,0.017327388317573193,0.016999659959103373,0.01449321904849341,0.05791088173125694,0.026359945212491232,0.01836616742491872,0.027044213343017008
2023-12-14,0.04550453855538339,0.011194291778536992,0.011194291778536992,0.011194291778536992,0.011194291778536992,0.011194291778536992,0.011194291778536992,0.011194291778536992,0.011194291778536992,0.011194291778536992,0.011194291778536992,0.01605904120259174,0.011194291778536992,0.033251607876577084,0.02421773693870626,0.007414770703368779,0.03416368862516883,0.013806735826999407,0.025093013208734315,0.024776142227811705
2023-12-15,-0.0040676557310915535,-0.03329673669324305,-0.03329673669324305,-0.03329673669324305,-0.03329673669324305,-0.03329673669324305,-0.03329673669324305,-0.03329673669324305,-0.03329673669324305,-0.03329673669324305,-0.03329673669324305,-0.04008984014151889,-0.03329673669324305,-0.04054138813400503,-0.03760761734535381,-0.0314040895697413,-0.038242456715123385,-0.03691480461425018,-0.0313663350398055,-0.02976365171206936
2023-12-16,0.010279392802448044,0.005972445366144919,0.005972445366144919,0.005972445366144919,0.005972445366144919,0.005972445366144919,0.005972445366144919,0.005972445366144919,0.005972445366144919,0.005972445366144919,0.005972445366144919,0.006926955536207835,0.005972445366144919,-0.0017562395299346608,-0.002336713204572782,0.005972445366144919,0.010983918493912444,0.00703995632773408,0.003279158530679662,0.00943473684903473
2023-12-17,-0.01674613695977849,-0.016527858113459956,-0.016527858113459956,-0.016527858113459956,-0.016527858113459956,-0.016527858113459956,-0.016527858113459956,-0.016527858113459956,-0.016527858113459956,-0.016527858113459956,-0.016527858113459956,-0.016232916219504644,-0.016527858113459956,-0.01630766654148108,-0.015994194740681422,-0.016527858113459956,-0.020742573115509755,-0.010287569488774807,-0.005854097155027337,-0.008850792045248546
2023-12-18,0.06351641885695711,0.009223350054555924,0.009223350054555924,0.009223350054555924,0.009223350054555924,0.009223350054555924,0.009223350054555924,0.009223350054555924,0.009223350054555924,0.009223350054555924,0.009223350054555924,0.016228636244300064,0.009223350054555924,0.02911224469650511,0.0304773147782105,0.009223350054555924,0.07580293570297601,0.074154108029054,0.06910531709529033,0.06933529514902531
2023-12-19,-0.035327326601301695,0.0005944926958092677,0.0005944926958092677,0.0005944926958092677,0.0005944926958092677,0.0005944926958092677,0.0005944926958092677,0.0005944926958092677,0.0005944926958092677,0.0005944926958092677,0.0005944926958092677,-0.016496555566496585,0.0005944926958092677,0.004166526302738838,0.002971963881995965,0.0005944926958092677,-0.02362778796969689,-0.013912930185975704,0.003991196159293486,-0.012176393874533155
2023-12-20,0.09318652682925183,0.02300548418759401,0.02300548418759401,0.02300548418759401,0.02300548418759401,0.02300548418759401,0.02300548418759401,0.02300548418759401,0.02300548418759401,0.02300548418759401,0.02300548418759401,0.01932358149289506,0.02300548418759401,0.028805928815895412,0.02693254552864386,0.02300548418759401,0.07216595253797116,0.056961709787523865,0.05819657129921301,0.07106614683000098
2023-12-21,0.04192303855281505,0.019317765390356324,0.019317765390356324,0.019317765390356324,0.019317765390356324,0.019317765390356324,0.019317765390356324,0.019317765390356324,0.019317765390356324,0.019317765390356324,0.019317765390356324,0.02501310814786031,0.019317765390356324,0.023663100552769167,0.024794706935977295,0.019317765390356324,0.06687116308358049,0.017635357158235963,0.011194523378309663,0.013678912961004673
2023-12-22,-0.0048427690273335575,0.008294635122147943,0.008294635122147943,0.008294635122147943,0.008294635122147943,0.008294635122147943,0.008294635122147943,0.008294635122147943,0.008294635122147943,0.008294635122147943,0.008294635122147943,0.010303425753318794,0.008294635122147943,-0.01262468968555272,-0.004261471920030457,0.007294635122147943,-0.03957257276456145,-0.02445711343268173,-0.02125574935055976,-0.022343136817515055
2023-12-23,0.058092204394065955,-0.0010655311142013127,-0.0010655311142013127,-0.0010655311142013127,-0.0010655311142013127,-0.0010655311142013127,-0.0010655311142013127,-0.0010655311142013127,-0.0010655311142013127,-0.0010655311142013127,-0.0010655311142013127,-0.0016401864185266349,-0.0010655311142013127,-0.0037881525092890124,0.008779214899523269,-0.007484486600590113,0.07727782066046857,0.048469165405914096,0.024771231947399813,0.03852561812295778
2023-12-24,0.012766540636927216,-0.015312932913583889,-0.015312932913583889,-0.015312932913583889,-0.015312932913583889,-0.015312932913583889,-0.015312932913583889,-0.015312932913583889,-0.015312932913583889,-0.015312932913583889,-0.015312932913583889,-0.019620310495631066,-0.015312932913583889,-0.01426080255491673,-0.021521054887473072,-0.018008768472193015,-0.012617076705999876,-0.018238209409171736,-0.005982500702839745,-0.004435233001837924
2023-12-25,0.02809149712836996,0.01568102275969383,0.01568102275969383,0.01568102275969383,0.01568102275969383,0.01568102275969383,0.01568102275969383,0.01568102275969383,0.01568102275969383,0.01568102275969383,0.01568102275969383,0.020554058975091397,0.01568102275969383,0.01962355633567583,0.016353436083258722,0.022078602455455523,0.0654909972315835,0.03620527287404385,0.023173612723722672,0.027449959237487546
2023-12-26,-0.057279223009040314,0.0017884013291121787,0.0017884013291121787,0.0017884013291121787,0.0017884013291121787,0.0017884013291121787,0.0017884013291121787,0.0017884013291121787,0.0017884013291121787,0.0017884013291121787,0.0017884013291121787,0.0007707037883804887,0.0017884013291121787,-0.027650704318311202,0.013987698985436546,0.0007379993974130595,-0.05316332676572477,-0.016015157255555645,-0.007381498728364643,-0.03234287208476747
2023-12-27,-0.02064488118668282,0.04362063878490781,0.04362063878490781,0.04362063878490781,0.04362063878490781,0.04362063878490781,0.04362063878490781,0.04362063878490781,0.04362063878490781,0.04362063878490781,0.04362063878490781,0.06060476576903478,0.04362063878490781,0.030920240419699895,0.04042342072288241,0.04421177178983391,-0.01883292637145253,-0.017975354134787704,0.038016235709921145,-0.017759058590348188
2023-12-28,-0.025028244166129476,-0.0073874032017689165,-0.0073874032017689165,-0.0073874032017689165,-0.0073874032017689165,-0.0073874032017689165,-0.0073874032017689165,-0.0073874032017689165,-0.0073874032017689165,-0.0073874032017689165,-0.0073874032017689165,-0.016022847188093416,-0.0073874032017689165,-0.010540780586066755,-0.027792551615685727,-0.01167526836185715,-0.062246707860682565,-0.04667781220401679,-0.022686773210352465,-0.04021962063318503
2023-12-29,0.028038135223735126,-0.016058526155729846,-0.016058526155729846,-0.015058526155729847,-0.015058526155729847,-0.015058526155729847,-0.016058526155729846,-0.016058526155729846,-0.015058526155729847,-0.015058526155729847,-0.015058526155729847,-0.022153705338266598,-0.015058526155729847,-0.012219514290206755,-0.014287949627840323,-0.018896678251407506,0.0011857659061619737,-0.008291795326954694,-0.005792823611793962,0.007535412901503863
2023-12-30,0.024329916336921012,-0.002513560985080399,-0.00046290107056783385,0.001786686315915875,0.001786686315915875,0.001786686315915875,-0.002513560985080399,-0.00046290107056783385,0.001786686315915875,0.001786686315915875,0.001786686315915875,-0.008211636396327182,0.001786686315915875,0.012527314009625524,0.0012901104148328475,-0.0027645253605173615,0.014459472412099572,0.010348471729273927,0.013797412268317235,0.0035803780307244104
2023-12-31,-0.03694454466943335,0.00037084701784262375,0.0003055643082004346,-0.0019719470534282912,-0.0019719470534282912,-0.0019719470534282912,0.00037084701784262375,0.0003055643082004346,-0.0019719470534282912,-0.0019719470534282912,-0.0019719470534282912,-0.007161827031411194,-0.0019719470534282912,-0.006614365551473478,-0.008876002303149534,-0.0009914887000080025,-0.06653325266711796,-0.053203869906574976,-0.05532788371553392,-0.05532788371553392
2024-01-01,0.07912893179872324,0.0251996412067641,0.024940340523139384,0.020840614228096264,0.020840614228096264,0.020840614228096264,0.0251996412067641,0.024940340523139384,0.020840614228096264,0.020840614228096264,0.020840614228096264,0.03755847065985596,0.020840614228096264,0.02598813852155866,0.05510572284156634,0.029581821468341343,0.05319533623190556,0.005720098778002546,0.0076951726970101875,0.0076951726970101875
2024-01-02,-0.02688692618006372,0.001445309377944226,-0.0013038518636300676,0.002550956219454803,0.002550956219454803,0.002550956219454803,0.001445309377944226,-0.0013038518636300676,0.002550956219454803,0.002550956219454803,0.002550956219454803,-0.008525467101771489,0.002550956219454803,-0.004610735776166665,-0.014881573093607315,-0.0024605192541515834,-0.030851223654457874,-0.008001525945849642,-0.01319594870021994,-0.01319594870021994
2024-01-03,-0.09427167093401013,-0.058152891653449126,-0.059383588538489934,-0.035890585481675674,-0.035890585481675674,-0.035890585481675674,-0.058152891653449126,-0.059383588538489934,-0.035890585481675674,-0.035890585481675674,-0.035890585481675674,-0.06458718782969347,-0.035890585481675674,-0.05616646105735089,-0.05902765985655734,-0.05409762589336352,-0.10152516490302158,-0.06636176586243113,-0.06742143799932371,-0.06742143799932371
2024-01-04,0.07935878104919394,0.018106569325286603,0.01681587194730687,0.018232281917373073,0.018232281917373073,0.018232281917373073,0.018106569325286603,0.01681587194730687,0.018232281917373073,0.018232281917373073,0.018232281917373073,0.022847885925474203,0.018232281917373073,0.01792997005711312,0.04681905505461437,0.017897817098043323,0.05570370148075475,0.01691081835375168,0.01706000654145754,0.01706000654145754
2024-01-05,-0.03497393791298506,-0.0126773708246813,-0.011597028209726296,-0.014192981852753346,-0.014192981852753346,-0.014192981852753346,-0.0126773708246813,-0.011597028209726296,-0.014192981852753346,-0.014192981852753346,-0.014192981852753346,-0.021529056379230034,-0.013317981852753347,-0.010529289021366779,-0.01763262778072358,-0.020364029101394007,-0.018094124174071344,0.011336517887807658,0.005199933125396291,0.005199933125396291
2024-01-06,-0.04312473390606602,-0.013255392289223168,-0.018734758110674404,-0.023578728791238332,-0.030310888079306424,-0.024230308312184853,-0.013255392289223168,-0.018734758110674404,-0.023578728791238332,-0.030310888079306424,-0.024230308312184853,-0.013938412237561246,-0.02289305607561383,-0.020070948529576277,-0.029202415839758564,-0.02245375231744758,-0.03966971783715487,-0.04069435614080059,-0.04677866805222203,-0.04387061239656796
2024-01-07,-0.05697728169568682,-0.01305974034200077,-0.019999545972405275,-0.03596019494248733,-0.03684244615188082,-0.03150425627163009,-0.01305974034200077,-0.019999545972405275,-0.03596019494248733,-0.03684244615188082,-0.03150425627163009,-0.01305974034200077,-0.01651943873482871,-0.02996824394532698,-0.020396785392549126,-0.01651943873482871,-0.054689038483870155,-0.018227738203447832,-0.0488899445547834,-0.0426725001381396
2024-01-08,0.07949565846584604,0.03662261205128945,0.06867766860576463,0.06767613450889223,0.05677243483548527,0.07357335854177549,0.03662261205128945,0.06867766860576463,0.06767613450889223,0.05677243483548527,0.07357335854177549,0.03662261205128945,0.04603050433400516,0.04871904901994318,0.050721700828591315,0.04603050433400516,0.06584890699210288,0.04777283319856776,0.05853359171797221,0.0899891283236538
2024-01-09,-0.035394588172055916,-0.010555932745154453,-0.011630325117287586,-0.023182911352910174,-0.018314036586673188,-0.01942579340894568,-0.010555932745154453,-0.011630325117287586,-0.023182911352910174,-0.018314036586673188,-0.01942579340894568,-0.010555932745154453,-0.0038268354390517795,-0.016373765998284794,-0.012942281449247273,-0.0038268354390517795,-0.02917997490639739,-0.0025446895388856923,-0.02973332342084667,-0.004153147481149765
2024-01-10,0.06256393844475121,0.04273101021196313,0.04593803522996378,0.05461853246905419,0.053514875918583636,0.03844537395582317,0.04273101021196313,0.04593803522996378,0.05461853246905419,0.053514875918583636,0.03844537395582317,0.04273101021196313,0.03608523860726152,0.03925218477154311,0.037997660276795166,0.03608523860726152,0.04329044246584171,0.05728792708414621,0.07966208200673944,0.09274930231568043
2024-01-11,-0.010584312412328468,0.004994149383537594,0.017526692557237558,0.02601590020764668,0.007083330131351318,0.0170231440109405,0.004994149383537594,0.017526692557237558,0.02601590020764668,0.007083330131351318,0.0170231440109405,0.004994149383537594,0.0005103238959524468,-0.0015926508710682574,0.001852743387933376,0.0005103238959524468,-0.012959636983382074,0.0006545003348912507,-0.006095255038332593,-0.011184834595351089
2024-01-12,-0.05881213773180387,-0.03957924623047298,-0.06200764967230428,-0.06848212681062586,-0.07202963589954181,-0.07679253762137972,-0.03957924623047298,-0.06200764967230428,-0.06848212681062586,-0.07202963589954181,-0.07679253762137972,-0.03957924623047298,-0.04552182629184354,-0.04763063222805834,-0.056207089144527204,-0.04552182629184354,-0.05011112852622443,-0.043142831697603,-0.03944988420313924,-0.042872149711003685
2024-01-13,0.02061693917586869,0.02403042102561197,0.01871470038838785,0.015201732230521351,0.017947544863921118,0.017879314188166004,0.02403042102561197,0.01871470038838785,0.015201732230521351,0.017947544863921118,0.017879314188166004,0.02403042102561197,0.04155479473826804,0.030645478514719063,0.034289613597482234,0.026972597958454435,0.023535592424439138,0.036193027516420555,0.02843274553030937,0.04015120551754793
2024-01-14,-0.037452449388121756,-0.01991221063110682,-0.021620755460227306,-0.025858744761127928,-0.020845280342622962,-0.021620755460227306,-0.01991221063110682,-0.021620755460227306,-0.025858744761127928,-0.020845280342622962,-0.021620755460227306,-0.01991221063110682,-0.029524933481980424,-0.03381328432280824,-0.030392748284186612,-0.03134352940089498,-0.05600608400117352,-0.031750180721829335,-0.041734244223016,-0.044589079898711505
2024-01-15,0.035405971258825226,0.014086973379699996,0.022695699663616866,0.015897363326177017,0.022851874228388837,0.022695699663616866,0.014086973379699996,0.022695699663616866,0.015897363326177017,0.022851874228388837,0.022695699663616866,0.014086973379699996,0.034054819152238694,0.004206809048081306,0.012494725745815005,0.015054259556772998,0.04873805194313483,0.038360253665630714,0.051284227951930904,0.051462804987264965
2024-01-16,0.003005555530168502,0.006453872778064329,0.015051375156346383,0.025274047969316496,0.01463023298813653,0.015051375156346383,0.006453872778064329,0.015051375156346383,0.025274047969316496,0.01463023298813653,0.015051375156346383,0.006453872778064329,0.009062506701676744,0.02063908327060946,0.01624115225872387,0.012301752291581258,0.0023280160856671054,-0.01044706671677511,-0.016427874031958334,0.0005259140303252034
2024-01-17,0.0045835281688594975,-0.011707644618206302,-0.0024242781630421147,-0.018706252045282888,-0.01353148332212446,-0.0024242781630421147,-0.011707644618206302,-0.0024242781630421147,-0.018706252045282888,-0.01353148332212446,-0.0024242781630421147,-0.011707644618206302,-0.006131355788162618,-0.003501918394943449,-0.00550448029170998,-0.016381998502405182,-0.029894143591384495,-0.011649014035576145,-0.007714742621175641,-0.01264318379779239
2024-01-18,-0.0758104867570254,-0.015405664009158528,-0.030451887329720817,-0.043283173690418966,-0.04318881929786833,-0.030451887329720817,-0.015405664009158528,-0.030451887329720817,-0.043283173690418966,-0.04318881929786833,-0.030451887329720817,-0.015405664009158528,-0.034149799691702114,-0.03834039312162574,-0.029240367476902288,-0.020930056727593984,-0.07677345267751381,-0.04011235382405043,-0.07874650771967837,-0.07785612585521653
2024-01-19,-0.01098495500434522,0.005999650064528739,0.0030084733964253598,0.007846915776274636,0.0004929753207588302,0.0021334733964253594,0.005999650064528739,0.0030084733964253598,0.007846915776274636,0.0004929753207588302,0.0021334733964253594,0.005999650064528739,0.005444024486737865,0.005562439255175482,0.005919297388688995,0.008301243608887515,-0.0018684142787637843,0.00359195220552191,-0.013302079066861181,-0.0028366642721739267
2024-01-20,-0.009223931171649748,0.0027095256092992013,0.023191734034098823,0.02341362840681841,0.024911391562488186,0.023727693829885828,0.0027095256092992013,0.023191734034098823,0.02341362840681841,0.024911391562488186,0.023727693829885828,0.0027095256092992013,-0.0022150774402383442,-0.005563333672745471,-0.002541842155195884,0.001569896261204189,-0.01835180020882654,-0.004889767022577108,-0.016368668647194135,-0.021249566131354203
2024-01-21,-0.012318496937816172,-0.005429541269387661,-0.01482464805164694,-0.016397937792377304,-0.009528237083173453,-0.01298729381232593,-0.005429541269387661,-0.01482464805164694,-0.016397937792377304,-0.009528237083173453,-0.01298729381232593,-0.005429541269387661,-0.006754161415710414,-0.006825920179859902,-0.00901299753260496,-0.007266895508708671,-0.020482389652877808,-0.0029767799078283417,-0.00032394444918217664,-0.008379602005987996
2024-01-22,-0.07587951540884297,-0.03553644330438812,-0.05842982845278258,-0.06725099180623961,-0.053843851020562286,-0.04185065231206351,-0.03553644330438812,-0.05842982845278258,-0.06725099180623961,-0.053843851020562286,-0.04185065231206351,-0.03553644330438812,-0.044536757057764144,-0.061892106411988335,-0.062015417750193993,-0.05211561944510719,-0.05323996518350847,-0.04264772644781678,-0.04740111990820577,-0.05475790576798958
2024-01-23,0.007192364302806409,-0.016476171081836924,-0.008074324940351475,-0.002290164932110896,-0.013239979966067274,-0.013114914820243429,-0.016476171081836924,-0.008074324940351475,-0.002290164932110896,-0.013239979966067274,-0.013114914820243429,-0.016476171081836924,-0.01177141636963408,-0.007134394465126804,0.0014285080505821897,-0.011435581201944968,0.020882238983916196,-0.012822221223163899,-0.033131111461145134,0.028314397229047033
2024-01-24,0.027536772952758207,-0.0006451163450343022,0.015335641111302967,0.01811867910678886,0.010533402375202084,0.007840016660769035,-0.0006451163450343022,0.015335641111302967,0.01811867910678886,0.010533402375202084,0.007840016660769035,-0.0006451163450343022,0.009912201300393764,0.02049891136953537,0.018663729914868626,0.006850508105499632,0.04837205071101103,0.005040862727889928,0.010063226864942366,0.045669874970557925
2024-01-25,-0.02188688782513664,0.0016393913216304463,-0.011386552219815793,-0.015191989773634274,-0.009815398624633875,-0.00113088571615203,0.0016393913216304463,-0.011386552219815793,-0.015191989773634274,-0.009815398624633875,-0.00113088571615203,0.0016393913216304463,-0.0008913023984175703,-0.010294491433924314,-0.010028914049194749,-0.008616275182033317,-0.019938762052379013,0.0026777555743558116,-0.015027197871116529,-0.03466468444977795
2024-01-26,0.06161977638788051,0.0320683541555256,0.03855142256914899,0.03982690404357905,0.04154653369854365,0.029528586487905066,0.0320683541555256,0.03855142256914899,0.03982690404357905,0.04154653369854365,0.029528586487905066,0.0320683541555256,0.03622471985671878,0.04727868060769638,0.03934190866841758,0.03921619023676952,0.08416984620626049,0.03366967174907087,0.062440140669245844,0.09199959276234838
2024-01-27,0.009461486932242403,-0.0006214732036698306,0.008754919694082198,0.00577846143773116,0.005649728717552214,0.006631793716963523,-0.0006214732036698306,0.008754919694082198,0.00577846143773116,0.005649728717552214,0.006631793716963523,-0.0006214732036698306,-0.0021153532326797283,0.004740788992531541,0.004464616465675687,-0.0006214732036698306,-0.009671825673007456,-0.008671772124788646,0.022968429098421755,-0.0007388900009149312
2024-01-28,0.00948759019673666,-0.004289252450904502,-0.0012831640086953485,-0.0008025419587460955,-0.0008025419587460955,0.0009699579584396818,-0.004289252450904502,-0.0012831640086953485,-0.0008025419587460955,-0.0008025419587460955,0.0009699579584396818,-0.004289252450904502,-0.0017283229969947246,0.0016553257935246757,0.0016553257935246757,-0.004289252450904502,-0.0072669943278431915,-0.010770686631757643,0.0019864915135560535,-0.005022009919707227
2024-01-29,0.0678241749460181,0.0206288672197966,0.03326468252139843,0.036827253123362436,0.036827253123362436,0.033989317981535816,0.0206288672197966,0.03326468252139843,0.036827253123362436,0.036827253123362436,0.033989317981535816,0.0206288672197966,0.02260863451913946,0.028270508837320164,0.028270508837320164,0.0206288672197966,0.05280220761366845,0.05077905191654324,0.03250965068496772,0.051318179380577575
2024-01-30,-0.01788933455804467,-0.012362167526098334,-0.0060309350979213415,-0.015231184636702878,-0.015231184636702878,-0.01710075643358704,-0.012362167526098334,-0.0060309350979213415,-0.015231184636702878,-0.015231184636702878,-0.01710075643358704,-0.012362167526098334,7.162332916927977e-05,-0.003757459064721824,-0.003757459064721824,-0.012362167526098334,0.0035869804237166126,-0.005446998378468381,-0.017656088373647915,-0.02061592245801285
2024-01-31,-0.04501725076516552,-0.013949775282535916,-0.022599657515512697,-0.035380761763150505,-0.035380761763150505,-0.024575054708752167,-0.013949775282535916,-0.022599657515512697,-0.035380761763150505,-0.035380761763150505,-0.024575054708752167,-0.013949775282535916,-0.023943038806517894,-0.01980918857187193,-0.01980918857187193,-0.013949775282535916,-0.021124265434386016,-0.014430870319992729,-0.06721840965085413,-0.018824146238602603
2024-02-01,0.008891513964991393,0.011029676672676136,0.007342401645485164,0.010327663209454396,0.010327663209454396,0.010422901195353964,0.011029676672676136,0.007342401645485164,0.010327663209454396,0.010327663209454396,0.010422901195353964,0.011029676672676136,0.012417860843708106,0.0117895337283201,0.0117895337283201,0.011029676672676136,0.03197901853594403,0.010984412762216799,-0.03048806314788511,0.00816770265616118
2024-02-02,0.020375885041728943,0.00474038466843747,0.00719502070368574,0.0119875708473324,0.0119875708473324,0.010253623527566626,0.00474038466843747,0.00719502070368574,0.0119875708473324,0.0119875708473324,0.010253623527566626,0.00474038466843747,0.002812175154611808,0.007545985127910783,0.007545985127910783,0.0037403846684374697,9.194844294493866e-05,-0.005427907328162362,0.0181940124978413,-0.003937162933799949
2024-02-03,-0.024081678329528424,0.0017157987939781854,-0.009663450676173158,-0.01648442587387219,-0.01648442587387219,-0.009382103208561653,0.0017157987939781854,-0.009663450676173158,-0.01648442587387219,-0.01648442587387219,-0.009382103208561653,0.0017157987939781854,-0.0033646730649888653,0.000776091069131657,0.000776091069131657,0.000776091069131657,-0.009037032218198427,-0.0048490136489929055,-0.023825624684326155,-0.018311302502943695
2024-02-04,-0.0174038932850779,-0.003147032882556045,-0.00537306687421848,-0.02128208805559908,-0.02128208805559908,-0.014549111303771433,-0.003147032882556045,-0.00537306687421848,-0.02128208805559908,-0.02128208805559908,-0.014549111303771433,-0.003147032882556045,0.008398557790678864,-0.0026432226678841046,-0.0026432226678841046,-0.0026432226678841046,0.00638107692976866,0.006548033000864595,-0.0115590366421652,5.583223648746374e-05
2024-02-05,0.009455848771332497,0.0017446318325238018,-0.00019655879860944734,0.007239434484039098,0.007239434484039098,0.003326074317928241,0.0017446318325238018,-0.00019655879860944734,0.007239434484039098,0.007239434484039098,0.003326074317928241,0.0017446318325238018,0.01141269836503669,0.0025447337675314815,0.0025447337675314815,0.0025447337675314815,0.019865472292139065,0.015471694993420049,0.0036751295466178596,0.016649172900602083
2024-02-06,-0.02324282121021761,0.011638691942984437,0.011884079668551897,-0.007203633164469903,-0.007203633164469903,0.005202988131928722,0.011638691942984437,0.011884079668551897,-0.007203633164469903,-0.007203633164469903,0.005202988131928722,0.011638691942984437,0.0032357689572898984,0.014131330459084126,0.014131330459084126,0.014131330459084126,-0.01220864566897153,0.005002559905207283,-0.01360405259212889,-0.020499032657561544
2024-02-07,0.03808945651829912,0.021030799355591157,0.02623827397285381,0.032088319088749095,0.032088319088749095,0.03352156640100859,0.021030799355591157,0.02623827397285381,0.032088319088749095,0.032088319088749095,0.03352156640100859,0.021030799355591157,0.023342118276623094,0.018512117380496563,0.018512117380496563,0.018512117380496563,0.024807100136173245,0.020615884073049574,0.03244121793951167,0.03168030832621476
2024-02-08,0.004786147682163965,0.00910526419011506,0.014076458474016484,-0.0018150751792052715,-0.0018150751792052715,0.011017508335442995,0.00910526419011506,0.014076458474016484,-0.0018150751792052715,-0.0018150751792052715,0.011017508335442995,0.00910526419011506,0.0023245777924986825,0.01432182344157169,0.01432182344157169,0.01432182344157169,-0.01007058031911834,0.006821249589674072,-0.0013546292419717167,-0.008578635565196824
2024-02-09,0.060333096236165173,0.024128929309251035,0.027157713303136634,0.0309268679774301,0.0318018679774301,0.030382197730309174,0.024128929309251035,0.027157713303136634,0.0309268679774301,0.0318018679774301,0.030382197730309174,0.024128929309251035,0.02149360353814067,0.018097230814678178,0.01897223081467818,0.018097230814678178,0.05469658956135891,0.04945574646475095,0.07554091861958681,0.06380617469202211
2024-02-10,0.018176968293493447,0.003299673997218133,0.0012198242004181972,0.011631035976329114,-0.0016629846294908598,-0.0013325365122931834,0.003299673997218133,0.0012198242004181972,0.011631035976329114,-0.0016629846294908598,-0.0013325365122931834,0.003299673997218133,0.008045196037127679,0.017107516150691768,0.0008011658880050505,0.005789230129175848,0.006225818761492131,0.004626867452031868,0.008161351522553137,0.010525712565881163
2024-02-11,-0.002401393966297038,0.00204710513234565,-0.01144356327457785,-0.014389169451608796,-0.012467825544761314,-0.012467825544761314,0.00204710513234565,-0.01144356327457785,-0.014389169451608796,-0.012467825544761314,-0.012467825544761314,0.00204710513234565,-0.0016365256021873887,-0.018003321593963433,-0.0030665008846782133,-0.006044809787147188,0.003709812623468346,0.0033258942659945443,0.0003108530275344871,-0.010221747938879998
2024-02-12,0.04413195333301299,0.026620557186910036,0.03561828769252085,0.02972509413605091,0.025893180255072677,0.025893180255072677,0.026620557186910036,0.03561828769252085,0.02972509413605091,0.025893180255072677,0.025893180255072677,0.026620557186910036,0.032347354457245195,0.01973893638836166,0.03252286453333517,0.03460281167248592,0.028194600410609283,0.028117680581226347,0.039182844019739746,0.044906453870823704
2024-02-13,-0.021833445176099777,-0.0038341211869641787,0.009458397369061202,0.004957768962181275,0.008092163636910699,0.008092163636910699,-0.0038341211869641787,0.009458397369061202,0.004957768962181275,0.008092163636910699,0.008092163636910699,-0.0038341211869641787,0.000229511649801473,0.015526192316856216,0.009383622400692928,0.00494611824853013,0.004066090378245769,-0.011849343453081019,0.00464405371804635,-0.008098168427015561
2024-02-14,0.04001009151720694,0.033547322176276186,0.029013549973945455,0.03128100224977555,0.02978075092461361,0.02978075092461361,0.033547322176276186,0.029013549973945455,0.03128100224977555,0.02978075092461361,0.02978075092461361,0.033547322176276186,0.03653763419091791,0.019823727882718294,0.03389939625417063,0.0313449696153123,0.026482672901982213,0.03098983432493623,0.0348764709332265,0.036546540144582806
2024-02-15,-0.012256315068758728,0.02728938900305962,0.012603744623804005,0.005986053970461903,0.008645285342750175,0.008645285342750175,0.02728938900305962,0.012603744623804005,0.005986053970461903,0.008645285342750175,0.008645285342750175,0.02728938900305962,0.012282238545744131,0.009760682780270402,0.013754378233526812,0.011657090792479875,-0.0119711213273878,0.018072137843361348,-0.00929381751562317,-0.02454695370905753
2024-02-16,-0.024585587088266237,0.005432580963279056,-0.016958689485459928,-0.021694960649372774,-0.013133088439078879,-0.014008088439078878,0.005432580963279056,-0.016958689485459928,-0.021694960649372774,-0.013133088439078879,-0.014008088439078878,0.006432580963279056,9.961277819121612e-05,-0.01573966239243225,-0.0012944079128681448,-0.0063122330525843436,-0.014621779934546095,0.006190103017854968,-0.028182837419173754,-0.023486578072223742
2024-02-17,0.006002024932479805,-0.004261050803673317,0.011179754383867155,0.011095316148203098,0.011183008673016715,0.0009037044723421223,-0.004261050803673317,0.011179754383867155,0.011095316148203098,0.011183008673016715,0.0009037044723421223,-0.007714422736254335,-0.005060396510837007,-0.0013625205759044785,-0.005060396510837007,-0.006653409956716019,0.0036735153840478612,-0.015400070062142578,-0.011369375580263269,0.0003767235907246201
2024-02-18,0.03795604650215152,0.008312475564690969,0.027694568401776247,0.027694568401776247,0.027694568401776247,0.012397003631774161,0.008312475564690969,0.027694568401776247,0.027694568401776247,0.027694568401776247,0.012397003631774161,0.008669287872897958,0.012036247638247934,0.022000419473730527,0.012036247638247934,0.017646637703142745,0.07263429427329787,0.024898133669902702,0.025595402655920155,0.08370384221018613
2024-02-19,-0.003596971004123928,0.007209999312116166,0.049042813024251314,0.049042813024251314,0.049042813024251314,0.04392506460293802,0.007209999312116166,0.049042813024251314,0.049042813024251314,0.049042813024251314,0.04392506460293802,0.007772080793394819,0.004532423818118269,0.04648837895895641,0.004532423818118269,0.013483304218552395,0.049909795885455965,-0.011222898751298982,-0.01050623788339322,0.048559819983839604
2024-02-20,-0.018261966398934494,0.007883072783517565,-0.01969652742873982,-0.01969652742873982,-0.01969652742873982,-0.0011027465586450399,0.007883072783517565,-0.01969652742873982,-0.01969652742873982,-0.01969652742873982,-0.0011027465586450399,0.012369206836544255,0.0067371726307400735,-0.00809332466504158,0.0067371726307400735,-0.002283112055630876,-0.01960050657475061,0.0034685559454994863,0.0059421827735004484,-0.03220102004479013
2024-02-21,-0.033720727822216,0.007760600184516209,-0.037769672473306856,-0.037769672473306856,-0.037769672473306856,-0.009534133948217118,0.007760600184516209,-0.037769672473306856,-0.037769672473306856,-0.037769672473306856,-0.009534133948217118,0.005253962202207441,0.0038575363206753144,-0.030195816522792976,0.0038575363206753144,-0.013685273067192385,-0.009017648490171861,-0.006018876907349525,-0.019175326201657183,-0.014559245053746906
2024-02-22,-0.026913973380540402,-0.001427089706653395,0.016434268893337257,0.016434268893337257,0.016434268893337257,0.01513325604785392,-0.001427089706653395,0.016434268893337257,0.016434268893337257,0.016434268893337257,0.01513325604785392,-0.004087096224774212,-0.007363606289723768,0.015057159679910326,-0.007363606289723768,-0.010268360496784723,0.004762063711527808,-0.015230771111582974,-0.018026095785025033,0.014539203759429943
2024-02-23,-0.04609058583541266,-0.01135126152565178,0.004116226421916536,0.003241226421916536,0.003241226421916536,-0.011827246938278564,-0.01135126152565178,0.004116226421916536,0.003241226421916536,0.003241226421916536,-0.011827246938278564,-0.013865124741917968,-0.015881921903010274,-0.0001865710627409992,-0.015881921903010274,-0.011195444189039923,-0.02344357766385332,-0.040781820016608725,-0.038278918176913625,-0.026583897650006478
2024-02-24,0.047452618341992464,0.01570283654140341,0.051336834552721734,0.03998694928458713,0.06014159411967193,0.030279798632569153,0.01570283654140341,0.051336834552721734,0.03998694928458713,0.06014159411967193,0.030279798632569153,0.017691129213261148,0.019656527378537222,0.03670588066788921,0.01830923614392513,0.02041758648073813,0.03709785487471078,0.027141957004596297,0.02030677356262045,0.028906286815161636
2024-02-25,-0.0006216626859994788,0.007347886805039705,-0.006314886664627561,0.0014244984639946617,-0.005818713338979342,0.0015833342384694144,0.007347886805039705,-0.006314886664627561,0.0014244984639946617,-0.005818713338979342,0.0015833342384694144,0.010097618236406803,0.010384690586101142,0.003659405678749901,0.01092550472234537,0.01240046206463057,0.000982340142749694,0.010082278621365858,0.013181141405773868,0.018561609578970864
2024-02-26,0.05568586186771416,0.025892966760667324,0.053632881227258004,0.06338705274032663,0.07217863181469655,0.04947521525096166,0.025892966760667324,0.053632881227258004,0.06338705274032663,0.07217863181469655,0.04947521525096166,0.024703782322015755,0.031661947628585985,0.050453666837310035,0.027601982860908647,0.03466164256343607,0.05857764730524702,0.04301217312687187,0.025221059484866838,0.020075391746642236
2024-02-27,0.01528193823061619,0.03651409088246682,0.03126075241105174,0.03224871048941734,0.02743592997112603,0.03862567510872904,0.03651409088246682,0.03126075241105174,0.03224871048941734,0.02743592997112603,0.03862567510872904,0.030213077650441345,0.03512878925713994,0.014773597936781704,0.030081023123383236,0.011020196180036025,0.020657450196473293,0.009303773712122366,0.0027929353414788416,-0.01771615389700143
2024-02-28,0.009897843961048914,0.02415327492224504,0.06927369561934169,0.06945543580799926,0.0475288861252432,0.07977824978459906,0.02415327492224504,0.06927369561934169,0.06945543580799926,0.0475288861252432,0.07977824978459906,0.02705336816229951,0.04831557715363109,0.0412333767354997,0.027248156217466638,0.043552507526362,0.02980574548213453,0.03640798297251016,0.03795105395949731,0.04351805545106083
2024-02-29,-0.01895756787290628,0.00964510830760439,0.025260513527905662,-0.012213230172033705,-0.02441331446041295,-0.0044405593431334316,0.00964510830760439,0.025260513527905662,-0.012213230172033705,-0.02441331446041295,-0.0044405593431334316,-0.006568604416968582,0.020808939919584525,-0.026989008473651224,0.0036335627497671164,-0.007377848005713283,-0.028387439486609184,-0.009826072410579444,-0.00521765789254287,-0.015200106897399857
2024-03-01,0.03794376158381392,0.027475020632146244,0.12407242634488015,0.05778373385550747,0.055943099498619406,0.05688956576461298,0.027475020632146244,0.12407242634488015,0.05778373385550747,0.055943099498619406,0.05688956576461298,0.023150308351119732,0.09690692606430187,0.028996348568854673,0.03130708830853591,0.039690300545586046,0.020358605479026064,0.015592552553378955,0.015467174107036664,0.04386062724664737
2024-03-02,-0.012097022033484395,0.01360643658048013,0.07030333036163297,0.03460789389877928,0.0442042092583596,0.01926068314678837,0.01360643658048013,0.07030333036163297,0.03460789389877928,0.0442042092583596,0.01926068314678837,0.027437991109363336,0.08201302815569363,0.03809486712142922,0.03869798112124849,0.0013154813811646544,0.0008992811095772756,0.027208669036713044,0.017016431479214857,0.018907375757946834
2024-03-03,-0.0044915141248906615,0.0031815703250787294,0.015267037462870421,0.015267037462870421,0.015405997851779995,0.01179151543609267,0.0031815703250787294,0.015267037462870421,0.015267037462870421,0.015405997851779995,0.01179151543609267,-0.0043672739581099435,0.014447573145957212,0.010279565164181607,0.01768323298387557,0.008705832085777443,0.011176916147221761,0.03182933850465064,0.02116798553934551,0.02438665099854423
2024-03-04,-0.028308785574734804,0.032184055057564984,-0.0010041032232487087,-0.0010041032232487087,-0.0010041032232487087,0.01578731654749075,0.032184055057564984,-0.0010041032232487087,-0.0010041032232487087,-0.0010041032232487087,0.01578731654749075,0.03185112130570746,-0.001116302167570104,-0.009095534164102137,-0.004126811509656569,0.03039286387175015,-0.012517614740256968,-0.01247076258261839,-0.00043531956948559246,-0.029775769659650144
2024-03-05,-0.06448929763271143,-0.052687301753962926,-0.07677117737577768,-0.07677117737577768,-0.07677117737577768,-0.04492707672232972,-0.052687301753962926,-0.07677117737577768,-0.07677117737577768,-0.07677117737577768,-0.04492707672232972,-0.06053495185250364,-0.06887230694584423,-0.05524710929022722,-0.06668705405372838,-0.04718662733101822,-0.05433068210569516,-0.06661358764294348,-0.05887831699584128,-0.08084524333673364
2024-03-06,0.0826328209561984,0.05006831950250539,0.07827981757746838,0.07827981757746838,0.07827981757746838,0.07063470762925182,0.05006831950250539,0.07827981757746838,0.07827981757746838,0.07827981757746838,0.07063470762925182,0.05899303732934729,0.07503248166841457,0.15003250965677178,0.06759858645921102,0.05174426329721249,0.13322478244009175,0.1442106663877847,0.06808576168052669,0.14798017097566094
2024-03-07,0.04632167789559369,0.029858078011124833,0.043052867357226826,0.043052867357226826,0.043052867357226826,0.03995364109805591,0.029858078011124833,0.043052867357226826,0.043052867357226826,0.043052867357226826,0.03995364109805591,0.03087608180353705,0.021559354883298788,-0.00034454420514129155,0.03747300346112508,0.04491466319360811,0.014535397178575061,0.007006187348512995,0.040651112888938905,0.030795050974344967
2024-03-08,-0.005323066754559467,0.006449910838972907,0.02634857377390934,0.02634857377390934,0.02634857377390934,0.008781117083717076,0.006449910838972907,0.02634857377390934,0.02634857377390934,0.02634857377390934,0.008781117083717076,0.0022333469922789983,0.03141566412959645,0.02278464277291308,0.030446302983164933,0.008156674061076015,0.015969225923449744,0.05502277296176612,0.02712663191678986,0.04011292810692289
2024-03-09,0.12929861406675477,0.0013978249099470207,-0.006391203235724286,-0.005861532350322185,-0.006391203235724286,-0.0033301851751421324,0.0013978249099470207,-0.006391203235724286,-0.005861532350322185,-0.006391203235724286,-0.0033301851751421324,0.0013978249099470207,-0.00641062566958418,0.03528372150621217,0.0027949722764832883,0.0012342583384457957,0.11288709218499308,0.05733360291362196,-0.006890979028860721,0.020540968733472383
2024-03-10,-0.06211251684405599,0.010389828059161756,-0.0014319723918286616,-0.015031731563826423,-0.0014319723918286616,-0.015088642847805266,0.010389828059161756,-0.0014319723918286616,-0.015031731563826423,-0.0014319723918286616,-0.015088642847805266,0.010389828059161756,0.008703986945028296,0.003740587698562891,-0.003875558403531021,0.04326382374637414,-0.008840618593328936,0.006221395299171383,0.0059085657378235455,-0.01463303864299057
2024-03-11,0.028535431886770192,0.054187278135061065,0.07482721766022662,0.06716737553573458,0.07482721766022662,0.09263032938632962,0.054187278135061065,0.07482721766022662,0.06716737553573458,0.07482721766022662,0.09263032938632962,0.054187278135061065,0.025818631228997857,0.07661789004703055,0.05064378985583465,0.010617277471507982,0.029922695504197353,0.04097578494521743,0.02929851935102308,0.05586163152165256
2024-03-12,-0.0009704990203506236,-0.013488601476771268,0.06500520979703307,0.06350136370795209,0.06500520979703307,0.010335096650671716,-0.013488601476771268,0.06500520979703307,0.06350136370795209,0.06500520979703307,0.010335096650671716,-0.013488601476771268,0.04439818953300653,0.08997053235729172,0.08298395261317706,-0.0069546208082529775,0.004103470996005209,0.03808577845148178,0.03800685902895084,0.0688511197163322
2024-03-13,-0.01305333617673441,0.04149915747415043,0.016150374390332158,0.013702970556347284,0.016150374390332158,0.02752322015828495,0.04149915747415043,0.016150374390332158,0.013702970556347284,0.016150374390332158,0.02752322015828495,0.04149915747415043,0.040157509891842684,-0.01437034672361861,-0.0003046100585243107,0.04362441713773198,0.03180296885888492,0.033330912686412244,0.024532594121580622,-0.020740969175700095
2024-03-14,0.014184740617333278,-0.029507816779772947,0.003520762105540598,0.009606524547061748,0.003520762105540598,0.005634255515786292,-0.029507816779772947,0.003520762105540598,0.009606524547061748,0.003520762105540598,0.005634255515786292,-0.029507816779772947,-0.005369604373052537,0.005861781258865494,0.027438916419513373,-0.026628942618726482,-0.004102746222942159,0.004672741863324777,-0.027274498761012688,0.004261064748556077
2024-03-15,-0.012452361412324708,-0.019314611395959157,-0.012907164523788501,-0.008821478772261197,-0.013782164523788502,-0.004945316738128074,-0.019314611395959157,-0.012907164523788501,-0.008821478772261197,-0.013782164523788502,-0.004945316738128074,-0.017439611395959155,-0.008758454347461208,-0.07965147259158846,-0.05253623554732423,-0.02299351702506642,-0.03297325044978121,-0.03992332504669754,-0.02615091834773042,-0.08866076739583904
2024-03-16,-0.1181070773212168,-0.056489032620085505,-0.06569719260563539,-0.0653649197508482,-0.07521111247677462,-0.05825500153660758,-0.056489032620085505,-0.06569719260563539,-0.0653649197508482,-0.07521111247677462,-0.05825500153660758,-0.05307635350677032,-0.044379088509740844,-0.0703733689433977,-0.058002871517571074,-0.05843543846450378,-0.0798380636854743,-0.08259935860634281,-0.08726756470233964,-0.09481661825782133
2024-03-17,0.10418272674782955,0.03221997125231799,0.06792613857878327,0.06792613857878327,0.07411002087080153,0.04411219752867941,0.03221997125231799,0.06792613857878327,0.06792613857878327,0.07411002087080153,0.04411219752867941,0.021600578702967367,0.03436851504488001,0.03275099124123834,0.025017798852108968,0.03047552814810706,0.07552700551109244,0.04973782996777587,0.06842127299216774,0.13276158301764043
2024-03-18,-0.08155066649371401,-0.019697218843758968,-0.02176349044749453,-0.02176349044749453,-0.027456558724365344,-0.03161239651243486,-0.019697218843758968,-0.02176349044749453,-0.02176349044749453,-0.027456558724365344,-0.03161239651243486,-0.009769671015752525,-0.030837161746536768,-0.028697821177696772,-0.028206980801779948,-0.027733859932227812,-0.055217619446438174,-0.04631277458562566,-0.030555091818468872,-0.06451388766420951
2024-03-19,-0.05258362809053527,-0.09605453937064706,-0.08379980397875984,-0.08379980397875984,-0.10703636947655373,-0.08673916666782884,-0.09605453937064706,-0.08379980397875984,-0.08379980397875984,-0.10703636947655373,-0.08673916666782884,-0.09211844621391639,-0.0973149531786915,-0.09948639847412466,-0.0942794430254632,-0.09265871149247686,-0.09367140544771199,-0.10592891583812108,-0.07510566058988485,-0.07517210778519624
2024-03-20,0.14167548463196708,0.09626495362950793,0.12529809135808806,0.12529809135808806,0.12418433633514843,0.09883948191271621,0.09626495362950793,0.12529809135808806,0.12529809135808806,0.12418433633514843,0.09883948191271621,0.08473968105136365,0.09841061123042856,0.09206926099062049,0.09326678098354799,0.09042372660893636,0.13487623741679333,0.1156061460405482,0.09631063620585133,0.0911399367363106
2024-03-21,-0.04576154574899652,-0.008910425060862814,-0.028241946556523748,-0.028241946556523748,-0.05329638446818417,-0.034538324312402204,-0.008910425060862814,-0.028241946556523748,-0.028241946556523748,-0.05329638446818417,-0.034538324312402204,0.0011349023765984782,-0.016575328703802232,-0.0069945154708558116,-0.005633077287508482,-0.011994763507324913,-0.027821811728144085,-0.004541217368068428,-0.023359247218083756,-0.044563967724305376
2024-03-22,-0.012367191161194733,-0.028728893785863366,-0.011911286863785262,-0.011911286863785262,-0.024670755453990376,-0.034720409705611965,-0.028728893785863366,-0.011911286863785262,-0.011911286863785262,-0.024670755453990376,-0.034720409705611965,-0.029431846795930697,-0.024702296790833158,-0.032590604350532376,-0.027177498937426957,-0.03145884686742941,-0.025605631717860653,-0.02172006649432525,-0.0007618556555198702,0.004604631753817047
2024-03-23,0.022752528268743417,-0.002333624438789017,-0.00041087743339561955,0.01553028122933444,0.0019256449347133252,-0.002694794344771357,-0.002333624438789017,-0.00041087743339561955,0.01553028122933444,0.0019256449347133252,-0.002694794344771357,0.0026773962063733727,-0.0019455473255163727,0.007958229351455872,0.0058796140178069,0.005238348440364369,0.017597785883731055,0.010913850859172103,0.013314684889928988,0.012038074227383382
2024-03-24,0.04059596823048115,0.031594194755404065,0.04529946882218559,0.055501564988296795,0.04053780348807892,0.04529946882218559,0.031594194755404065,0.04529946882218559,0.055501564988296795,0.04053780348807892,0.04529946882218559,0.03168031927853026,0.03956524963028856,0.05534757414815531,0.0550137217204104,0.054382437075515405,0.0561177121602106,0.05526524801425953,0.03713116004810574,0.031665652690509784
2024-03-25,0.033716187947554356,0.03232357900167475,0.035933744098501655,0.022696482298495944,0.02587628124350041,0.035933744098501655,0.03232357900167475,0.035933744098501655,0.022696482298495944,0.02587628124350041,0.035933744098501655,0.025628984659752566,0.02862569242843831,0.0310903816041721,0.031106171829771777,0.02672657197846795,0.02892966504656358,0.04045203889282738,0.026655007028550684,0.023839141285799045
2024-03-26,0.03298671722820965,0.0050099542697124915,-0.0015011801671588334,0.006814113642641395,-0.010131551522898508,-0.0015011801671588334,0.0050099542697124915,-0.0015011801671588334,0.006814113642641395,-0.010131551522898508,-0.0015011801671588334,-0.004292561718322885,4.17211664078378e-05,0.022904289353024868,0.019239480349480954,0.007477641876146546,0.03740082654420905,0.015179583618448868,0.028435385981392836,0.021847862243055707
2024-03-27,-0.008432626895467641,-0.017979645033539618,-0.01775824661572536,-0.01288617910317038,-0.01833949355157245,-0.01775824661572536,-0.017979645033539618,-0.01775824661572536,-0.01288617910317038,-0.01833949355157245,-0.01775824661572536,-0.017102616232973954,-0.015139025788131224,-0.020916111808859772,-0.013812123276514888,-0.0037583597332412565,0.012805712163115459,-0.031359641537379024,0.02156954816191337,-0.007580271928467573
2024-03-28,0.02450995242375542,0.010728077935553993,0.015502258964177252,0.040694710048391314,0.01624057016566982,0.015502258964177252,0.010728077935553993,0.015502258964177252,0.040694710048391314,0.01624057016566982,0.015502258964177252,0.016309044215881398,0.01573215380184889,0.04450613094359597,0.03881298698577298,0.044889774725459075,0.05466006921386495,0.017261291675544778,0.010418653753968821,0.00048674190229718375
2024-03-29,-0.02790987762452266,0.00169340857812057,0.007666729900680448,-0.0015581805637822936,0.022484896995325215,0.0067917299006804484,0.00169340857812057,0.007666729900680448,-0.0015581805637822936,0.022484896995325215,0.0067917299006804484,0.005409698171425759,0.006094096796172699,-0.013178368767816528,-0.011104977791651491,-0.0012400229856928298,-0.021785923974955802,-0.009433939390890433,-0.005774566868909781,-0.005317404179185932
2024-03-30,-0.009740158397624946,-0.0007595147457230443,-0.0049386363747571105,-0.012099908365553975,-0.007227213151736955,-0.0041307414129839095,-0.0007595147457230443,-0.0049386363747571105,-0.012099908365553975,-0.007227213151736955,-0.0041307414129839095,-0.003225945741607328,0.0018801338703620558,-0.016102899306533282,-0.01555748245009592,-0.007523166253887089,-0.00992890420400392,-0.012568163442045182,-0.01392705317020171,-0.0056868893335783564
2024-03-31,0.003634379621200211,0.018011772463907196,0.026872273452570594,0.030587603346700173,0.023394842739734578,0.024743938241040243,0.018011772463907196,0.026872273452570594,0.030587603346700173,0.023394842739734578,0.024743938241040243,0.01807330370691278,0.023994039162623573,0.02927456294201345,0.023056774484801413,0.020345424610257148,0.022835604712902004,0.02902447052403778,0.01787018504862026,0.02587139721977643
2024-04-01,-0.037573358545856285,-0.034989845503768026,-0.029881989859214357,-0.040238683167397586,-0.039000780379715265,-0.04630258213694121,-0.034989845503768026,-0.029881989859214357,-0.040238683167397586,-0.039000780379715265,-0.04630258213694121,-0.032293408780083716,-0.03659472590970861,-0.03812346995007153,-0.04271165245733637,-0.032022064637499265,-0.047084304066217025,-0.047443551766615216,-0.03427016270315052,-0.032008919852491706
2024-04-02,-0.09115091470778823,-0.044207855842741256,-0.06579292813936907,-0.08243976416633392,-0.0775862608143306,-0.068284064494922,-0.044207855842741256,-0.06579292813936907,-0.08243976416633392,-0.0775862608143306,-0.068284064494922,-0.04816442146814857,-0.05092703816454487,-0.06197007750751107,-0.05387053717273938,-0.05728365118641692,-0.0742921672581037,-0.07027386888297413,-0.08447163091183377,-0.0773939814519411
2024-04-03,-0.0271516314457106,0.00503786808660618,0.0035209444842404297,-0.0070393785919682815,-0.00733942757916981,0.0016758625575655339,0.00503786808660618,0.0035209444842404297,-0.0070393785919682815,-0.00733942757916981,0.0016758625575655339,0.004163741919693799,0.011868332239936264,-0.0006189907817684796,0.0017327188486284677,-0.0036396517930625144,-0.016722043780034834,-0.0193942131116273,-0.028090092547024707,-0.032568863945851505
2024-04-04,0.034030579628980685,0.0218463120861915,0.017963319472467612,0.005724778371622286,0.0023775901726901696,0.00813750820263386,0.0218463120861915,0.017963319472467612,0.005724778371622286,0.0023775901726901696,0.00813750820263386,0.027392703488354632,0.019535478686035758,0.01690134555810674,0.019985115157788315,0.02150270403750163,0.03084004545514818,0.023465101478130815,0.033869244720974925,0.025522586931896952
2024-04-05,-0.035446291696583886,-0.013489340555926765,-0.025694105570673,-0.03570126720376541,-0.03266300758255358,-0.025537123416675224,-0.013489340555926765,-0.025694105570673,-0.03570126720376541,-0.03266300758255358,-0.025537123416675224,-0.009407434324360465,-0.01771812807184221,-0.021307689827302956,-0.020790290257445408,-0.012938494074780562,-0.03561011848774705,-0.039518402750061105,-0.034216900234055436,-0.04275691222533669
2024-04-06,0.0298513261869152,0.012783109208592514,0.015646110416968506,0.025527641899190413,0.021453677074311957,0.020326162649298377,0.012783109208592514,0.015646110416968506,0.025527641899190413,0.021453677074311957,0.020326162649298377,0.012712478558522599,0.015646110416968506,0.014789153181616266,0.02185667739993766,0.012712478558522599,0.026934080583598953,0.02026472657041497,0.019586927272178974,0.02507499214874327
2024-04-07,0.02926160406801028,0.013597658727624974,0.009521121303258218,0.021583457177991476,0.00981973493913491,0.009521121303258218,0.013597658727624974,0.009521121303258218,0.021583457177991476,0.00981973493913491,0.009521121303258218,0.009053068341516292,0.009521121303258218,0.008371087467867567,0.022002373357752437,0.009053068341516292,0.01794359046665168,0.005188219071933741,0.01372676216389681,0.01809393492086009
2024-04-08,0.01694503752875247,0.033462425043533806,0.02668161972314485,0.026335269179667758,0.02668161972314485,0.02668161972314485,0.033462425043533806,0.02668161972314485,0.026335269179667758,0.02668161972314485,0.02668161972314485,0.032219701834736596,0.02668161972314485,0.029414492159625643,0.026335269179667758,0.032219701834736596,0.018676559382969082,0.021440928268838345,0.023777879275439798,0.017511487521589396
2024-04-09,-0.05832741722697685,-0.02861179578647595,-0.03140679884208961,-0.041560105377570516,-0.03140679884208961,-0.03140679884208961,-0.02861179578647595,-0.03140679884208961,-0.041560105377570516,-0.03140679884208961,-0.03140679884208961,-0.022458779359700375,-0.03140679884208961,-0.028448313672180814,-0.041560105377570516,-0.022458779359700375,-0.05331663313328137,-0.04691830897371708,-0.03745292290548641,-0.04080085742656386
2024-04-10,0.0059009297418200594,0.004890624144272104,0.014340104713087064,0.02882615475431578,0.014340104713087064,0.014340104713087064,0.004890624144272104,0.014340104713087064,0.02882615475431578,0.014340104713087064,0.014340104713087064,0.014317349433921753,0.014340104713087064,0.01863652373140825,0.02882615475431578,0.014317349433921753,0.013432177653452749,0.0065284297756084565,0.007912291307043715,0.018960238075404187
2024-04-11,-0.029038980365028323,-0.0033886244206229993,-0.004944219407448225,-0.012877914701392722,-0.004944219407448225,-0.004944219407448225,-0.0033886244206229993,-0.004944219407448225,-0.012877914701392722,-0.004944219407448225,-0.004944219407448225,-0.006646236999202637,-0.004944219407448225,-0.009746111759518429,-0.012877914701392722,-0.006646236999202637,-0.02678225418377827,-0.02263300664628625,-0.02642920851818054,-0.02281403769752726
2024-04-12,-0.1281392095951232,-0.08017663831982352,-0.05880292443914735,-0.07006159407053844,-0.05880292443914735,-0.05880292443914735,-0.08017663831982352,-0.05880292443914735,-0.07006159407053844,-0.05880292443914735,-0.05880292443914735,-0.05582256865191247,-0.05780292443914735,-0.06996802297553181,-0.07006159407053844,-0.05582256865191247,-0.10327536634928038,-0.09200346910822989,-0.1124595288531186,-0.09107566762698532
2024-04-13,-0.13536024827460508,-0.08152671957328769,-0.08207245356916168,-0.08207245356916168,-0.08207245356916168,-0.07114773909872105,-0.08152671957328769,-0.08207245356916168,-0.08207245356916168,-0.08207245356916168,-0.07114773909872105,-0.07114773909872105,-0.06545831084710954,-0.07114773909872105,-0.08207245356916168,-0.07114773909872105,-0.10379648524391583,-0.08302684526657937,-0.10860255571145963,-0.09566347139662375
2024-04-14,0.1109362916720908,0.04201799493825224,0.04878793110125863,0.04878793110125863,0.04878793110125863,0.03463580092064627,0.04201799493825224,0.04878793110125863,0.04878793110125863,0.04878793110125863,0.03463580092064627,0.03463580092064627,0.0428607547498161,0.03463580092064627,0.04878793110125863,0.03463580092064627,0.07665145785521843,0.0518801344749774,0.07187282713085211,0.05396074426433631
2024-04-15,-0.0559460466433383,-0.021495098574976113,-0.03410487200858545,-0.03410487200858545,-0.03410487200858545,-0.018984109117001102,-0.021495098574976113,-0.03410487200858545,-0.03410487200858545,-0.03410487200858545,-0.018984109117001102,-0.018984109117001102,-0.03360507717410521,-0.018984109117001102,-0.03410487200858545,-0.018984109117001102,-0.03243849867994267,-0.022750975318209066,-0.04290237654886473,-0.0235318874587378
2024-04-16,0.02894498953650695,-0.0016076081647292463,-0.009221093499395573,-0.009221093499395573,-0.009221093499395573,-0.0053043887035915125,-0.0016076081647292463,-0.009221093499395573,-0.009221093499395573,-0.009221093499395573,-0.0053043887035915125,-0.0053043887035915125,-0.008128790960470901,-0.0053043887035915125,-0.009221093499395573,-0.0053043887035915125,-0.016408392231553104,-0.02034010548430685,0.002228270387257838,-0.0211611064425566
2024-04-17,-0.058292966488207504,-0.023457089955715715,-0.022592286706781418,-0.022592286706781418,-0.022592286706781418,-0.019900332278647827,-0.023457089955715715,-0.022592286706781418,-0.022592286706781418,-0.022592286706781418,-0.019900332278647827,-0.019900332278647827,-0.02576715839356205,-0.019900332278647827,-0.022592286706781418,-0.019900332278647827,-0.039350968576117445,-0.035865603304682206,-0.042479157055476516,-0.03541689571877109
2024-04-18,0.03877489671201202,0.026081652457152018,0.03769682342628293,0.03769682342628293,0.03769682342628293,0.021339438323191205,0.026081652457152018,0.03769682342628293,0.03769682342628293,0.03769682342628293,0.021339438323191205,0.021339438323191205,0.033868953910902236,0.021339438323191205,0.03769682342628293,0.021339438323191205,0.03309637572126394,0.03372577196776559,0.03921068251116103,0.03418206799030901
2024-04-19,0.0019620805540857328,0.001798495242693422,0.0020707714739562903,0.0020707714739562903,0.0010707714739562903,0.0016370607898718928,0.001798495242693422,0.0020707714739562903,0.0020707714739562903,0.0010707714739562903,0.0016370607898718928,0.002637060789871893,0.0020433912127906916,0.0016370607898718928,0.0010707714739562903,0.0016370607898718928,0.007017538770820014,0.0022377166687144894,-6.5503230891916e-05,0.002143602779413904
2024-04-20,0.14646002489424823,0.028488476995518045,0.03861587137554401,0.03861587137554401,0.03813074054033967,0.03861587137554401,0.028488476995518045,0.03861587137554401,0.03861587137554401,0.03813074054033967,0.03861587137554401,0.028488476995518045,0.0363789150669553,0.03861587137554401,0.0363789150669553,0.03861587137554401,0.057854922417875196,0.0820420198184317,0.06967336727343824,0.09945362453645946
2024-04-21,0.0004969324225522209,0.0014326994098523785,-0.0022542028739053425,-0.0022542028739053425,-0.0017285881156880786,-0.0022542028739053425,0.0014326994098523785,-0.0022542028739053425,-0.0022542028739053425,-0.0017285881156880786,-0.0022542028739053425,0.0014326994098523785,-0.006016254110151387,-0.0022542028739053425,-0.006016254110151387,-0.0022542028739053425,-8.969701209351425e-05,0.0008731464193653412,-0.002881091600441519,-0.010788544078389917
2024-04-22,0.05503885184831767,0.031320012886311546,0.0406393876230967,0.0406393876230967,0.031232921296210272,0.0406393876230967,0.031320012886311546,0.0406393876230967,0.0406393876230967,0.031232921296210272,0.0406393876230967,0.031320012886311546,0.03239664012089985,0.0406393876230967,0.03239664012089985,0.0406393876230967,0.04432642037127983,0.050142539406880224,0.0476738514717467,0.028570634077391424
2024-04-23,0.03384571821423608,-0.0018195154665114014,-0.006387190214674111,-0.006387190214674111,-0.0022856674940427983,-0.006387190214674111,-0.0018195154665114014,-0.006387190214674111,-0.006387190214674111,-0.0022856674940427983,-0.006387190214674111,-0.0018195154665114014,-0.003999879219797564,-0.006387190214674111,-0.003999879219797564,-0.006387190214674111,-0.013014416420368824,0.0330648847682737,-0.01780177012676163,0.008147982195403383
2024-04-24,-0.053279287604563866,-0.016546815221731605,-0.025678545830987654,-0.025678545830987654,-0.029880996261813977,-0.025678545830987654,-0.016546815221731605,-0.025678545830987654,-0.025678545830987654,-0.029880996261813977,-0.025678545830987654,-0.016546815221731605,-0.029948084402934484,-0.025678545830987654,-0.029948084402934484,-0.025678545830987654,-0.027149580062312963,-0.05894750614156548,-0.029340891254348828,-0.05038025393137298
2024-04-25,0.01789948703968436,0.009191780772366777,-0.0017250536251945054,-0.0017250536251945054,0.0035988966016586863,-0.0017250536251945054,0.009191780772366777,-0.0017250536251945054,-0.0017250536251945054,0.0035988966016586863,-0.0017250536251945054,0.009191780772366777,-0.0010873760409506822,-0.0017250536251945054,-0.0010873760409506822,-0.0017250536251945054,0.009294870875572769,0.01677991337987448,0.006654410901187768,0.0033954133021470326
2024-04-26,-0.0291864576381601,-0.003520193206298039,-0.017248757047972886,-0.017248757047972886,-0.0251403567861717,-0.017248757047972886,-0.003520193206298039,-0.017248757047972886,-0.017248757047972886,-0.0251403567861717,-0.017248757047972886,-0.003520193206298039,-0.021838615948238438,-0.017248757047972886,-0.021838615948238438,-0.017248757047972886,-0.01725301160253747,-0.0369599212346243,-0.01785087599496824,-0.02229170645238609
2024-04-27,-0.008762408625924655,0.002602047014388909,0.008707186909794596,0.008707186909794596,0.005816340828819699,0.008707186909794596,0.002602047014388909,0.008707186909794596,0.008707186909794596,0.005816340828819699,0.008707186909794596,0.002602047014388909,0.008707186909794596,0.010627866479667604,0.008707186909794596,0.002602047014388909,-0.006142339445341068,-0.010343666918602328,-0.007593036823643047,-0.012010870956203228
2024-04-28,-0.016368523706698657,0.0002980323446003519,-0.0014659270998439002,-0.0014659270998439002,-0.0057426882230520405,-0.0014659270998439002,0.0002980323446003519,-0.0014659270998439002,-0.0014659270998439002,-0.0057426882230520405,-0.0014659270998439002,0.0002980323446003519,-0.0014659270998439002,-0.006275584848084792,-0.0014659270998439002,0.0002980323446003519,-0.0013043817332085712,-0.005014464794985841,-0.0062535080842696334,-0.005014464794985841
2024-04-29,0.0033455471084474107,-0.0047583038846879646,-0.006958413896153105,-0.006958413896153105,-0.002611322852035092,-0.006958413896153105,-0.0047583038846879646,-0.006958413896153105,-0.006958413896153105,-0.002611322852035092,-0.006958413896153105,-0.0047583038846879646,-0.006958413896153105,-0.007471198749929253,-0.006958413896153105,-0.0047583038846879646,0.009219072000070685,-0.0024602507530963047,-0.009019865500041947,-0.0024602507530963047
2024-04-30,-0.07002123738870265,-0.03216779154094734,-0.04250646016992446,-0.04250646016992446,-0.04327813533696483,-0.04250646016992446,-0.03216779154094734,-0.04250646016992446,-0.04250646016992446,-0.04327813533696483,-0.04250646016992446,-0.03216779154094734,-0.04250646016992446,-0.04834953166021783,-0.04250646016992446,-0.03216779154094734,-0.08802823578578219,-0.06882048138507021,-0.06373706870937972,-0.06882048138507021
2024-05-01,0.01885813436676305,-0.007863949093864965,-0.002199660021614626,-0.002199660021614626,0.010292210038600766,-0.002199660021614626,-0.007863949093864965,-0.002199660021614626,-0.002199660021614626,0.010292210038600766,-0.002199660021614626,-0.007863949093864965,-0.002199660021614626,0.011066411553408217,-0.002199660021614626,-0.007863949093864965,0.0009154666067011656,-0.002671765643843549,0.0196880230111582,-0.002671765643843549
2024-05-02,0.0204223623093428,0.006043407555687996,0.010217372266737114,0.010217372266737114,0.010873407130520363,0.010217372266737114,0.006043407555687996,0.010217372266737114,0.010217372266737114,0.010873407130520363,0.010217372266737114,0.006043407555687996,0.010217372266737114,0.018054126873065245,0.010217372266737114,0.006043407555687996,0.023515725468332048,0.022702192376596764,0.031160584798864945,0.022702192376596764
2024-05-03,0.08136856455896967,0.03520302695204049,0.038795556619581076,0.038795556619581076,0.03462928891183255,0.038795556619581076,0.03520302695204049,0.038795556619581076,0.038795556619581076,0.03462928891183255,0.038795556619581076,0.03520302695204049,0.038795556619581076,0.03730580797018732,0.038795556619581076,0.03520302695204049,0.07326361324014108,0.07429626705669985,0.06058569135508017,0.07429626705669985
2024-05-04,0.037786697340039616,0.002683471265271531,0.006432584491060123,0.006432584491060123,0.006432584491060123,0.006432584491060123,0.002683471265271531,0.006432584491060123,0.006432584491060123,0.006432584491060123,0.006432584491060123,0.002683471265271531,0.02160077283519073,0.006432584491060123,0.0262792008258945,0.006432584491060123,0.013409616970161745,0.01965542068625766,0.023838980525214982,0.02298424678983453
2024-05-05,0.026385787619264935,0.0026983094060727413,0.0030928243507213574,0.0030928243507213574,0.0030928243507213574,0.0030928243507213574,0.0026983094060727413,0.0030928243507213574,0.0030928243507213574,0.0030928243507213574,0.0030928243507213574,0.0026983094060727413,8.962693267233757e-05,0.0030928243507213574,0.004393348391866293,0.0030928243507213574,0.017131601541087862,0.0063025136488504396,0.022798630172552035,0.00031738055260628357
2024-05-06,-0.02328513443753033,-0.005936695237869417,0.005097120338369045,0.005097120338369045,0.005097120338369045,0.005097120338369045,-0.005936695237869417,0.005097120338369045,0.005097120338369045,0.005097120338369045,0.005097120338369045,-0.005936695237869417,-0.0031262994028677053,0.005097120338369045,-0.004496657425395911,0.005097120338369045,-0.026166227582851944,-0.020600739386171643,-0.0008029006767469316,-0.0075888963239017174
2024-05-07,-0.03633269741802436,-0.01608477603975229,-0.022477366717605494,-0.022477366717605494,-0.022477366717605494,-0.022477366717605494,-0.01608477603975229,-0.022477366717605494,-0.022477366717605494,-0.022477366717605494,-0.022477366717605494,-0.01608477603975229,-0.02768266881241621,-0.022477366717605494,-0.024959694515611065,-0.022477366717605494,-0.03437041246433947,-0.03222274742447666,-0.03065192795807483,-0.03133616093384841
2024-05-08,-0.02767016775444782,-0.002182783543981315,-0.012214246401567697,-0.012214246401567697,-0.012214246401567697,-0.012214246401567697,-0.002182783543981315,-0.012214246401567697,-0.012214246401567697,-0.012214246401567697,-0.012214246401567697,-0.002182783543981315,-0.007618113443750452,-0.012214246401567697,-0.018393111455869703,-0.012214246401567697,-0.009888122562661562,-0.008350764957825274,-0.028732267803739768,-0.011975032616085835
2024-05-09,0.0631013883999097,0.017952433394620295,0.029189496830508335,0.029189496830508335,0.029189496830508335,0.029189496830508335,0.017952433394620295,0.029189496830508335,0.029189496830508335,0.029189496830508335,0.029189496830508335,0.017952433394620295,0.0420413698097927,0.029189496830508335,0.04023023370480532,0.029189496830508335,0.04946888712329148,0.03603242330132357,0.0586797681540447,0.04352976530815824
2024-05-10,-0.034546376952901664,-0.033344378260738994,-0.035058779527382525,-0.035058779527382525,-0.036058779527382526,-0.035058779527382525,-0.033344378260738994,-0.035058779527382525,-0.035058779527382525,-0.036058779527382526,-0.035058779527382525,-0.033344378260738994,-0.031692497614280946,-0.036058779527382526,-0.039798740864893746,-0.035058779527382525,-0.03648721788457496,-0.03635633881317224,-0.04233455128030026,-0.034353693627874125
2024-05-11,-0.0032572043060831836,0.006899192273394927,0.003174050139350881,0.003174050139350881,-0.0008787726434879689,0.003174050139350881,0.006899192273394927,0.003174050139350881,0.003174050139350881,-0.0008787726434879689,0.003174050139350881,0.006899192273394927,-0.004696819207452064,-0.004696819207452064,-0.004696819207452064,0.003174050139350881,-0.007032695594144561,-0.004838568003093666,-0.006267396227332477,-0.005792140465714357
2024-05-12,-0.0025558553869986064,0.0016379800499559446,-0.001148066050540142,-0.001148066050540142,0.00019969458777369066,-0.001148066050540142,0.0016379800499559446,-0.001148066050540142,-0.001148066050540142,0.00019969458777369066,-0.001148066050540142,0.0016379800499559446,-0.0023559748123241466,-0.0023559748123241466,-0.0023559748123241466,-0.001148066050540142,0.010022158798688043,0.014439357271976119,0.009538908419971317,0.009538908419971317
2024-05-13,0.06022347825283428,0.0056382767614786555,0.01331008889114136,0.01331008889114136,0.012478433414338276,0.01331008889114136,0.0056382767614786555,0.01331008889114136,0.01331008889114136,0.012478433414338276,0.01331008889114136,0.0056382767614786555,0.022668013566345867,0.022668013566345867,0.022668013566345867,0.01331008889114136,0.023484440250668825,0.032272048827365785,0.033266582383762205,0.033266582383762205
2024-05-14,-0.002871345278709469,-0.023883707566395927,-0.026813052049189202,-0.026813052049189202,-0.03031251791494083,-0.026813052049189202,-0.023883707566395927,-0.026813052049189202,-0.026813052049189202,-0.03031251791494083,-0.026813052049189202,-0.023883707566395927,-0.03219982499322867,-0.03219982499322867,-0.03219982499322867,-0.026813052049189202,-0.023657491419453478,-0.01655280022796468,-0.019692160472281506,-0.019692160472281506
2024-05-15,0.09594986504431569,0.04711714267893448,0.06104706996209233,0.06104706996209233,0.0682900756125692,0.06104706996209233,0.04711714267893448,0.06104706996209233,0.06104706996209233,0.0682900756125692,0.06104706996209233,0.04711714267893448,0.08294641617632662,0.08294641617632662,0.08294641617632662,0.06104706996209233,0.08476477893986571,0.07435497077065387,0.0825406698798769,0.0825406698798769
2024-05-16,-0.017173758347842072,-0.014033468598083031,-0.012912534463095482,-0.012912534463095482,-0.009878652665212217,-0.012912534463095482,-0.014033468598083031,-0.012912534463095482,-0.012912534463095482,-0.009878652665212217,-0.012912534463095482,-0.014033468598083031,-0.012487463959533618,-0.012487463959533618,-0.012487463959533618,-0.012912534463095482,-0.006184589330182931,-0.011414099182304092,-0.007407556515871549,-0.007407556515871549
2024-05-17,0.016884410202375258,0.02573545841393774,0.03422374273428617,0.03422374273428617,0.0361912470834864,0.03422374273428617,0.02573545841393774,0.03422374273428617,0.03422374273428617,0.0361912470834864,0.03422374273428617,0.02573545841393774,0.031636463177715936,0.031636463177715936,0.031636463177715936,0.03334874273428617,0.023538134889645762,0.02340585683567336,0.03143399174957835,0.03143399174957835
2024-05-18,-0.029740503770248086,-0.0015045063512642014,0.0027918013311623467,0.0027918013311623467,0.0027918013311623467,0.0027918013311623467,-0.0015045063512642014,0.0027918013311623467,0.0027918013311623467,0.0027918013311623467,0.0027918013311623467,-0.0015045063512642014,0.0027918013311623467,0.0027918013311623467,0.0027918013311623467,-0.0011916593254940506,-0.011032454265349233,-0.02302062232014567,-0.011763261569286998,-0.011763261569286998
2024-05-19,-0.036359817524562923,-0.014677944593544124,-0.013054595773020062,-0.013054595773020062,-0.013054595773020062,-0.013054595773020062,-0.014677944593544124,-0.013054595773020062,-0.013054595773020062,-0.013054595773020062,-0.013054595773020062,-0.014677944593544124,-0.013054595773020062,-0.013054595773020062,-0.013054595773020062,-0.013624281042498111,-0.018687313441297527,-0.03226580973997242,-0.023433061071827015,-0.023433061071827015
2024-05-20,0.1246915026751522,0.07920043445949143,0.08790971598930412,0.08790971598930412,0.08790971598930412,0.08790971598930412,0.07920043445949143,0.08790971598930412,0.08790971598930412,0.08790971598930412,0.08790971598930412,0.07920043445949143,0.08790971598930412,0.08790971598930412,0.08790971598930412,0.08331780807062374,0.11166140234178118,0.11211788631581276,0.11879291067133338,0.11879291067133338
2024-05-21,0.0535097876779646,0.00808883157508853,-0.0008098789257761745,-0.0008098789257761745,-0.0008098789257761745,-0.0008098789257761745,0.00808883157508853,-0.0008098789257761745,-0.0008098789257761745,-0.0008098789257761745,-0.0008098789257761745,0.00808883157508853,-0.0008098789257761745,-0.0008098789257761745,-0.0008098789257761745,0.007491799088142171,0.002908707411537814,0.030240384778057725,0.005333994492674554,0.005333994492674554
2024-05-22,-0.013242892946705755,-0.016259492547965704,-0.013807789209651557,-0.013807789209651557,-0.013807789209651557,-0.013807789209651557,-0.016259492547965704,-0.013807789209651557,-0.013807789209651557,-0.013807789209651557,-0.013807789209651557,-0.016259492547965704,-0.013807789209651557,-0.013807789209651557,-0.013807789209651557,-0.01808036966699065,-0.01706709949647909,-0.022480520697221396,-0.015266046493262953,-0.015266046493262953
2024-05-23,-0.0007382278888214515,-0.013163229389743215,-0.014853403505566833,-0.014853403505566833,-0.014853403505566833,-0.014853403505566833,-0.013163229389743215,-0.014853403505566833,-0.014853403505566833,-0.014853403505566833,-0.014853403505566833,-0.013163229389743215,-0.014853403505566833,-0.014853403505566833,-0.014853403505566833,-0.014729906023458429,0.011193286817633322,0.0040365709969066655,0.0047726458035509695,0.0047726458035509695
2024-05-24,-0.0165384485298139,0.0010616103762564068,-0.011228111801746054,-0.011228111801746054,-0.011228111801746054,-0.012103111801746055,0.0010616103762564068,-0.011228111801746054,-0.011228111801746054,-0.011228111801746054,-0.012103111801746055,0.0010616103762564068,-0.011228111801746054,-0.011228111801746054,-0.011228111801746054,-0.002676454682759054,-0.00014132871881875498,-0.00444788996034022,-0.007190101412916735,-0.007190101412916735
2024-05-25,0.028849264319912485,0.001975676894624678,0.006850548697220837,0.006850548697220837,0.006850548697220837,0.005641141897341177,0.001975676894624678,0.006850548697220837,0.006850548697220837,0.006850548697220837,0.005641141897341177,0.006028296075241824,0.004235637800100101,0.0047139376348855015,0.0047139376348855015,0.006028296075241824,0.0275870700846804,0.021124168242417748,0.0198662111835385,0.020631841704305584
2024-05-26,-0.007095270295447875,-0.011621030458390092,-0.009651590999701032,-0.009651590999701032,-0.009651590999701032,-0.006324639666159904,-0.011621030458390092,-0.009651590999701032,-0.009651590999701032,-0.009651590999701032,-0.006324639666159904,-0.006324639666159904,-0.00863000659524722,-0.007281991827352541,-0.007281991827352541,-0.006324639666159904,-0.006352209691801081,0.015352213709644793,0.00858386938068687,0.011743246997179324
2024-05-27,0.07086920316226482,0.008217874486317545,0.017892503553958373,0.017892503553958373,0.017892503553958373,0.012837593301304429,0.008217874486317545,0.017892503553958373,0.017892503553958373,0.017892503553958373,0.012837593301304429,0.012837593301304429,0.018048688291217908,0.0189289176078975,0.0189289176078975,0.012837593301304429,0.08371830052118373,0.06215474347025536,0.0687736554228632,0.0676925281952999
2024-05-28,0.004214530600920786,-0.01227355241175936,-0.009975173590885468,-0.009975173590885468,-0.009975173590885468,-0.012470655742678827,-0.01227355241175936,-0.009975173590885468,-0.009975173590885468,-0.009975173590885468,-0.012470655742678827,-0.012470655742678827,-0.015833292119195666,-0.012213524174476699,-0.012213524174476699,-0.012470655742678827,-0.003915870509898301,-0.0026372158412561134,-0.008489742546229851,-0.0013752027412367689
2024-05-29,-0.03429723829999685,-0.004014688988591519,-0.010475096071899004,-0.010475096071899004,-0.010475096071899004,-0.009688712555060408,-0.004014688988591519,-0.010475096071899004,-0.010475096071899004,-0.010475096071899004,-0.009688712555060408,-0.009688712555060408,-0.01057727520721874,-0.008261953105223574,-0.008261953105223574,-0.009688712555060408,-0.03801258874166731,-0.041830806093152303,-0.04003783261761793,-0.04007639964821945
2024-05-30,-0.04042544208297956,0.001653516736450711,-0.002865548975823207,-0.002865548975823207,-0.002865548975823207,0.0008313611190313931,0.001653516736450711,-0.002865548975823207,-0.002865548975823207,-0.002865548975823207,0.0008313611190313931,0.0008313611190313931,-0.0011806165100148648,0.0011058251483463178,0.0011058251483463178,0.0008313611190313931,-0.03452749696521023,-0.018533112942154564,-0.0224119161988805,-0.022312801699108896
2024-05-31,0.008625354758387422,-0.005831275726595054,-0.003939313551082457,-0.004939313551082457,-0.004939313551082457,-0.005331819700425266,-0.005831275726595054,-0.003939313551082457,-0.004939313551082457,-0.004939313551082457,-0.005331819700425266,-0.006331819700425266,-0.008982814888515489,-0.007420279152619535,-0.006420279152619535,-0.006331819700425266,0.020954804546871,0.016181544314870646,0.01225018390136326,0.016208829763664293
2024-06-01,0.00025530620876596086,0.005382042897421169,0.0072963130267968525,0.007520234848403496,0.007520234848403496,0.007353664674515948,0.005382042897421169,0.0072963130267968525,0.007520234848403496,0.007520234848403496,0.007353664674515948,0.007578689765516655,0.007520234848403496,0.007745259939404203,0.007520234848403496,0.007578689765516655,-0.008081316514618676,-0.0008562403146391345,-0.0029252075717285707,-0.001109958893306683
2024-06-02,-0.016845034021027237,0.0012553776615254369,-0.00710545690317288,-0.005986884237680656,-0.005986884237680656,-0.004392522747099803,0.0012553776615254369,-0.00710545690317288,-0.005986884237680656,-0.005986884237680656,-0.004392522747099803,0.00031206664812721873,-0.005986884237680656,-0.0012822948424536349,-0.005986884237680656,0.00031206664812721873,-0.025947147318335896,-0.013720329299508949,-0.017152692652362717,-0.013720329299508949
2024-06-03,0.02601217413953314,0.010250250290556729,0.014770734935204555,0.011580167466579439,0.011580167466579439,0.0119398582070257,0.010250250290556729,0.014770734935204555,0.011580167466579439,0.011580167466579439,0.0119398582070257,0.010215492723509655,0.011580167466579439,0.009855801983063394,0.011580167466579439,0.010215492723509655,0.02653886288072571,0.02030885593785945,0.019067067779492564,0.02030885593785945
2024-06-04,0.05201877333283316,0.030096590446838704,0.03683620536297858,0.0366093538317529,0.0366093538317529,0.030483465596576133,0.030096590446838704,0.03683620536297858,0.0366093538317529,0.0366093538317529,0.030483465596576133,0.030384216721299408,0.0366093538317529,0.03651010495647618,0.0366093538317529,0.030384216721299408,0.06264016577112319,0.05895388936193522,0.06505961326400861,0.05895388936193522
2024-06-05,0.030231382080726378,0.009982455521244216,0.010451554976350863,0.014693247463673976,0.014693247463673976,0.012682159364273327,0.009982455521244216,0.010451554976350863,0.014693247463673976,0.014693247463673976,0.012682159364273327,0.008629575955645131,0.014693247463673976,0.01064066405504578,0.014693247463673976,0.008629575955645131,0.020380373053096347,0.017113106843164604,0.02060134374898408,0.017113106843164604
2024-06-06,-0.0007910954115415859,-0.0015325529778299047,-0.0055800184087766,-0.006870445480490362,-0.006870445480490362,-0.004599168113169672,-0.0015325529778299047,-0.0055800184087766,-0.006870445480490362,-0.006870445480490362,-0.004599168113169672,-0.0013240675510940885,-0.006870445480490362,-0.003595344918414778,-0.006870445480490362,-0.0013240675510940885,-0.004698072286987865,-0.0024258400912643865,-0.008274500830982268,-0.0024258400912643865
2024-06-07,-0.07397900232813748,-0.03363840200966679,-0.03739686529297996,-0.03932611219854911,-0.03845111219854911,-0.03804965040112205,-0.03363840200966679,-0.03739686529297996,-0.03932611219854911,-0.03845111219854911,-0.03804965040112205,-0.03108107789017256,-0.03745111219854911,-0.03148253968759962,-0.03845111219854911,-0.03108107789017256,-0.06346433046145393,-0.03880287252328685,-0.04500507968035265,-0.03967787252328685
2024-06-08,-0.0276384287519333,0.00023079273409569727,-0.006480618947999228,-0.00515475604087532,-0.008685956332653412,0.0008068548958766631,0.00023079273409569727,-0.006480618947999228,-0.00515475604087532,-0.008685956332653412,0.0008068548958766631,0.0008068548958766631,-0.006480618947999228,-0.002336148972625085,-0.016566400913807146,0.0008068548958766631,-0.016881392342973388,-0.01223156452820502,-0.016792214459846154,-0.01747921822919647
2024-06-09,0.013929439796713794,0.0055107137152520915,0.00621833784343071,0.004328905288007646,0.0073539037537286855,0.005559107080402148,0.0055107137152520915,0.00621833784343071,0.004328905288007646,0.0073539037537286855,0.005559107080402148,0.005559107080402148,0.00621833784343071,0.008559282341053144,0.015652779970623955,0.005559107080402148,0.01675235604539993,0.012151666530720508,0.011061658631719151,0.01661349700370014
2024-06-10,-0.04505257506998188,-0.016006211815256986,-0.022475173686443674,-0.028240817366101158,-0.021094715036588597,-0.016024029444097754,-0.016006211815256986,-0.022475173686443674,-0.028240817366101158,-0.021094715036588597,-0.016024029444097754,-0.016024029444097754,-0.022475173686443674,-0.01912943813395116,-0.03107111290045068,-0.016024029444097754,-0.05096939031473979,-0.04557506069686403,-0.03809510925912889,-0.049051846391319515
2024-06-11,-0.040338778682917485,-0.028014125425859904,-0.04105300318647542,-0.04377247835536526,-0.04189970895101798,-0.031437246971050686,-0.028014125425859904,-0.04105300318647542,-0.04377247835536526,-0.04189970895101798,-0.031437246971050686,-0.031437246971050686,-0.04105300318647542,-0.03696329343238984,-0.024250882251973985,-0.031437246971050686,-0.044822707074430125,-0.039693122469548724,-0.033844684802303716,-0.04553946281161969
2024-06-12,0.017928651255753783,0.016077669917270953,0.022991203403777895,0.026800276844091142,0.024686974673422582,0.01661615875033593,0.016077669917270953,0.022991203403777895,0.026800276844091142,0.024686974673422582,0.01661615875033593,0.01661615875033593,0.022991203403777895,0.019784552604045505,0.027317288965544466,0.01661615875033593,0.011724041501193928,0.0009616805844462556,0.0052721542136110475,0.006056256318657693
2024-06-13,-0.0636616859942657,-0.014214466698305863,-0.024355143854279483,-0.03132467181772762,-0.03199166673809058,-0.02096697507650338,-0.014214466698305863,-0.024355143854279483,-0.03132467181772762,-0.03199166673809058,-0.02096697507650338,-0.02096697507650338,-0.024355143854279483,-0.025204258591992424,-0.045541853401669316,-0.02096697507650338,-0.06935979447287154,-0.06291962438487833,-0.05269318281560148,-0.0687691030843198
2024-06-14,-0.03236657242678582,-0.006659023237238638,-0.010950395168718142,-0.013951069812110225,-0.008023612423713166,-0.003052856684293669,-0.006659023237238638,-0.010950395168718142,-0.013951069812110225,-0.008023612423713166,-0.003052856684293669,-0.002052856684293669,-0.010950395168718142,-0.00684564332953761,-0.015119452306851057,-0.003052856684293669,-0.02730624237734809,-0.025120779881389943,-0.021621605122646256,-0.02869455246069976
2024-06-15,0.017949122075548808,0.011123826297263762,0.008569611658208,0.009070285282837692,0.008569611658208,0.009290993417108685,0.011123826297263762,0.008569611658208,0.009070285282837692,0.008569611658208,0.009290993417108685,0.011943075181566478,0.008569611658208,0.008569611658208,0.01888980294327256,0.008569611658208,0.006008408604986415,0.003579272420447056,0.005902720705494693,0.007413473936428174
2024-06-16,0.0165030083508807,0.004355141345651937,0.016742755840772096,0.008008316773135139,0.016742755840772096,0.008167756519029302,0.004355141345651937,0.016742755840772096,0.008008316773135139,0.016742755840772096,0.008167756519029302,0.00810608407085991,0.016742755840772096,0.016742755840772096,0.02103725816638753,0.016742755840772096,0.01273315357838354,0.014090940710596602,0.009831216122051133,0.014936500888112736
2024-06-17,-0.06475308003869684,-0.003205614079157737,-0.02037992396553663,-0.013826875779970261,-0.02037992396553663,-0.015817416235200235,-0.003205614079157737,-0.02037992396553663,-0.013826875779970261,-0.02037992396553663,-0.015817416235200235,-0.003386187543931607,-0.02037992396553663,-0.02037992396553663,-0.03801483566341255,-0.02037992396553663,-0.05314060595251946,-0.05669300389491303,-0.059868013029001424,-0.07994981852460131
2024-06-18,-0.06006452146911326,-0.027179174536617404,-0.021265185741831828,-0.027619018067530376,-0.021265185741831828,-0.02334726332805026,-0.027179174536617404,-0.021265185741831828,-0.027619018067530376,-0.021265185741831828,-0.02334726332805026,-0.01851379468224368,-0.021265185741831828,-0.021265185741831828,-0.022730343849655867,-0.021265185741831828,-0.04683432484908481,-0.041327385987117674,-0.05356666356340289,-0.0542234590092922
2024-06-19,0.013785499938729994,0.007669641756536239,0.005498220330228687,0.007949399624039823,0.005498220330228687,0.011158888185131489,0.007669641756536239,0.005498220330228687,0.007949399624039823,0.005498220330228687,0.011158888185131489,0.009040425552206254,0.005498220330228687,0.005498220330228687,0.012139139744870731,0.005498220330228687,0.010725934602793318,-0.004353816813179168,-0.005166329855908059,-0.00108663365840902
2024-06-20,-0.007145966536835547,-0.001847674763308493,-0.008234338187056944,-0.004718847166114437,-0.008234338187056944,-0.002687452234378429,-0.001847674763308493,-0.008234338187056944,-0.004718847166114437,-0.008234338187056944,-0.002687452234378429,-0.007006138682670304,-0.008234338187056944,-0.008234338187056944,-0.016423435645230258,-0.008234338187056944,0.00861713072659618,0.017378905473975092,0.016166736441589235,0.020498852564843673
2024-06-21,0.013173720013341942,-0.002464188246934439,0.0017683231596246967,-0.005168090319510661,0.0017683231596246967,-0.0021965436285909627,-0.002464188246934439,0.0017683231596246967,-0.005168090319510661,0.0017683231596246967,-0.0021965436285909627,0.00023679491266599424,0.0017683231596246967,0.0017683231596246967,0.005740173663796023,0.0007683231596246967,-0.008464212160193971,-0.0018035357642086406,-0.007963966063846549,-0.011753096370721057
2024-06-22,-0.0013002377572896332,0.0020552415840208622,0.0016439747591719292,-0.0010570123327663986,0.0016439747591719292,0.0020552415840208622,0.0020552415840208622,0.0016439747591719292,-0.0010570123327663986,0.0016439747591719292,0.0020552415840208622,0.0020552415840208622,0.0016439747591719292,0.0016439747591719292,0.0016439747591719292,0.0020552415840208622,-0.0017452144823149934,0.028579710285213975,0.03237873224051833,0.015776811482947236
2024-06-23,-0.03473404409128076,-0.01569545103525232,-0.02033943712708062,-0.022473453090518316,-0.02033943712708062,-0.01569545103525232,-0.01569545103525232,-0.02033943712708062,-0.022473453090518316,-0.02033943712708062,-0.01569545103525232,-0.01569545103525232,-0.02033943712708062,-0.02033943712708062,-0.02033943712708062,-0.01569545103525232,-0.030630441687360177,-0.036927785424737715,-0.03604824867062428,-0.03825448291970473
2024-06-24,0.025252204006018266,-0.01909819711437948,-0.011064706604755135,-0.01318959848304455,-0.011064706604755135,-0.01909819711437948,-0.01909819711437948,-0.011064706604755135,-0.01318959848304455,-0.011064706604755135,-0.01909819711437948,-0.01909819711437948,-0.011064706604755135,-0.011064706604755135,-0.011064706604755135,-0.01909819711437948,-0.012104796713963563,-0.010489933437030773,-0.016867094033748198,-0.0059707170721617926
2024-06-25,0.037154441837474586,0.016509333849258703,0.02221536987159256,0.018230343477697676,0.02221536987159256,0.016509333849258703,0.016509333849258703,0.02221536987159256,0.018230343477697676,0.02221536987159256,0.016509333849258703,0.016509333849258703,0.02221536987159256,0.02221536987159256,0.02221536987159256,0.016509333849258703,0.004098650916676162,0.0037967608034317445,0.021178019050256874,0.017835749486654805
2024-06-26,-0.030620088963349223,-0.007410724022675886,-0.004593370105382255,-0.00837017579486339,-0.004593370105382255,-0.007410724022675886,-0.007410724022675886,-0.004593370105382255,-0.00837017579486339,-0.004593370105382255,-0.007410724022675886,-0.007410724022675886,-0.004593370105382255,-0.004593370105382255,-0.004593370105382255,-0.007410724022675886,-0.010426546422667538,-0.013357174816559514,-0.013396566654381424,-0.013468057655247034
2024-06-27,0.02760565154653212,0.011737294000730715,0.028254142713333773,0.03168783717405303,0.028254142713333773,0.011737294000730715,0.011737294000730715,0.028254142713333773,0.03168783717405303,0.028254142713333773,0.011737294000730715,0.011737294000730715,0.028254142713333773,0.028254142713333773,0.028254142713333773,0.011737294000730715,0.013695226005053306,0.042236854984576376,0.05204789898160543,0.057082888429232356
2024-06-28,-0.05637771411993901,-0.012724979398706959,-0.024099735865599835,-0.028623699170956772,-0.025099735865599836,-0.013724979398706958,-0.012724979398706959,-0.024099735865599835,-0.028623699170956772,-0.025099735865599836,-0.013724979398706958,-0.012724979398706959,-0.025099735865599836,-0.025099735865599836,-0.025099735865599836,-0.013724979398706958,-0.029198895059961497,-0.03434761866663165,-0.02774017674771387,-0.042274163001200876
2024-06-29,0.0006427458317481162,0.006918619100331513,0.0068091884118755,0.0017220758455583681,0.006918619100331513,0.00877683367125881,0.006918619100331513,0.0068091884118755,0.0017220758455583681,0.006918619100331513,0.00877683367125881,0.006918619100331513,0.006918619100331513,0.0016126451571023546,0.005021506904428241,0.003509757353005627,0.0032327006818988055,0.0080228026972212,-0.012726098266064464,-0.00692848909583565
2024-06-30,0.021259438072560387,0.013765346171715877,0.02135160916810215,0.026615116746783053,0.013765346171715877,0.01604837965212056,0.013765346171715877,0.02135160916810215,0.026615116746783053,0.013765346171715877,0.01604837965212056,0.013765346171715877,0.013765346171715877,0.03420137974316933,0.02385417916191439,0.024112546752970813,0.025265161310351014,0.013054074367573313,0.02293942609724786,0.010653284149011146
2024-07-01,-0.008267637081982016,0.004188133566705532,0.003891911538663817,-0.00441019178744142,0.004188133566705532,-0.0032696290923576628,0.004188133566705532,0.003891911538663817,-0.00441019178744142,0.004188133566705532,-0.0032696290923576628,0.004188133566705532,0.004188133566705532,-0.004706413815483135,0.00019970750962388078,-0.0007179877584014837,0.019360148379274515,-0.007784141165493596,-0.043831460437789294,-0.03029361504052073
2024-07-02,-0.035203432347985245,0.003169168784445486,0.009725220469377205,0.00011465425036007951,0.003169168784445486,0.005410685906011436,0.003169168784445486,0.009725220469377205,0.00011465425036007951,0.003169168784445486,0.005410685906011436,0.003169168784445486,0.003169168784445486,0.006670705935291798,-0.0011433812540582403,0.010983255973795524,-0.02647203949744674,-0.0026186073806891536,0.004106586055009376,0.007904816544635863
2024-07-03,-0.03330723140355907,-0.029907257668687272,-0.039574487937212036,-0.0444126851891348,-0.029907257668687272,-0.0395025854432862,-0.029907257668687272,-0.039574487937212036,-0.0444126851891348,-0.029907257668687272,-0.0395025854432862,-0.029907257668687272,-0.029907257668687272,-0.054079915457659555,-0.037773624643177905,-0.04621354848316892,-0.058306190572966154,-0.028784807952764547,-0.050996450897125255,-0.032752263159845876
2024-07-04,-0.07055280856248902,-0.0572997132822287,-0.06104875766563472,-0.07058545934805774,-0.0572997132822287,-0.07344817820982791,-0.0572997132822287,-0.06104875766563472,-0.07058545934805774,-0.0572997132822287,-0.07344817820982791,-0.0572997132822287,-0.0572997132822287,-0.07433450373146376,-0.05823324250097788,-0.07340097451271457,-0.07504913403056482,-0.07717447343824524,-0.12767909639778666,-0.10425400116781336
2024-07-05,-0.032282521103182416,-0.016931209255356783,-0.0032228035244264083,-0.011718690341111681,-0.016931209255356783,-0.02827926506888101,-0.016931209255356783,-0.0032228035244264083,-0.011718690341111681,-0.016931209255356783,-0.02827926506888101,-0.016931209255356783,-0.017931209255356784,0.001114715389818693,-0.009556124473357115,-0.007260369392180975,0.0013029343277867226,-0.049623146942523476,-0.0832921547202574,-0.08296233579317251
2024-07-06,0.09074873360379344,0.0387235891570247,0.040572080399459504,0.0387235891570247,0.0387235891570247,0.0387235891570247,0.0387235891570247,0.040572080399459504,0.0387235891570247,0.0387235891570247,0.0387235891570247,0.0387235891570247,0.040572080399459504,0.041257678146803756,0.04074779911117544,0.040572080399459504,0.06004166316347468,0.08958137274606379,0.0680822815810891,0.0783905794250568
2024-07-07,-0.08721250286095394,-0.05156770353459582,-0.05446312670974434,-0.05156770353459582,-0.05156770353459582,-0.05156770353459582,-0.05156770353459582,-0.05446312670974434,-0.05156770353459582,-0.05156770353459582,-0.05156770353459582,-0.05156770353459582,-0.05446312670974434,-0.05959274150058794,-0.05959274150058794,-0.05446312670974434,-0.08770139587695813,-0.02626936263627759,-0.04526964125574596,-0.004009450926057707
2024-07-08,0.06928788930744748,0.02529528977070803,0.03193915795746652,0.02529528977070803,0.02529528977070803,0.02529528977070803,0.02529528977070803,0.03193915795746652,0.02529528977070803,0.02529528977070803,0.02529528977070803,0.02529528977070803,0.03193915795746652,0.03154130040794221,0.03154130040794221,0.03193915795746652,0.06754184950062428,0.016021630232832033,0.032509783435369366,-0.012220174419432994
2024-07-09,0.03124586575844457,0.018275814153644723,0.01872537170556923,0.018275814153644723,0.018275814153644723,0.018275814153644723,0.018275814153644723,0.01872537170556923,0.018275814153644723,0.018275814153644723,0.018275814153644723,0.018275814153644723,0.01872537170556923,0.02420241892625241,0.02420241892625241,0.01872537170556923,0.03116784295435375,0.029372055276712473,0.019835955056961608,0.03814545807720009
2024-07-10,0.03165175984426707,0.007937716231611214,0.007260445588667697,0.007937716231611214,0.007937716231611214,0.007937716231611214,0.007937716231611214,0.007260445588667697,0.007937716231611214,0.007937716231611214,0.007937716231611214,0.007937716231611214,0.007260445588667697,0.0024152111891134974,0.0024152111891134974,0.007260445588667697,0.008164298403354487,0.07760561363166617,0.013447700561763079,0.05688839872042094
2024-07-11,-0.04333866460058229,0.0076812976220930855,-0.00581738098286404,0.0076812976220930855,0.0076812976220930855,0.0076812976220930855,0.0076812976220930855,-0.00581738098286404,0.0076812976220930855,0.0076812976220930855,0.0076812976220930855,0.0076812976220930855,-0.00581738098286404,-0.013567149301358716,-0.013567149301358716,-0.00581738098286404,-0.04124683786949748,-0.04383397093065131,0.006796199736083631,-0.014287677952644698
2024-07-12,-0.0012510295818078275,0.023217730425547867,0.017402424215331225,0.022217730425547866,0.023217730425547867,0.023217730425547867,0.023217730425547867,0.017402424215331225,0.022217730425547866,0.023217730425547867,0.023217730425547867,0.023217730425547867,0.017402424215331225,0.02029599865129355,0.02029599865129355,0.017402424215331225,0.0027104084702316996,0.033651538700969465,0.022312886863427167,0.03482251057619817
2024-07-13,-0.0001384813977998835,0.03147332958989475,0.01339192966360976,0.021945539548693913,0.03147332958989475,0.03147332958989475,0.03147332958989475,0.01339192966360976,0.021945539548693913,0.03147332958989475,0.03147332958989475,0.03147332958989475,0.01339192966360976,0.01339192966360976,0.01339192966360976,0.01339192966360976,-0.003567538181798314,-0.019209468704965475,0.021945539548693913,0.009022810078586916
2024-07-14,0.0610746486004939,0.009765774511768854,0.019862482374556012,0.007260393487709816,0.009765774511768854,0.009765774511768854,0.009765774511768854,0.019862482374556012,0.007260393487709816,0.009765774511768854,0.009765774511768854,0.009765774511768854,0.019862482374556012,0.019862482374556012,0.019862482374556012,0.019862482374556012,0.02390181035862706,0.05418947937189305,0.007260393487709816,0.04696955252426063
2024-07-15,0.10930807370208259,0.0484373391496626,0.0578947381670329,0.0481357902167194,0.0484373391496626,0.0484373391496626,0.0484373391496626,0.0578947381670329,0.0481357902167194,0.0484373391496626,0.0484373391496626,0.0484373391496626,0.0578947381670329,0.0578947381670329,0.0578947381670329,0.0578947381670329,0.09930267946932557,0.1466933193989996,0.0481357902167194,0.10558975466706216
2024-07-16,0.040276274749163406,0.006520711678977897,-0.007597123188766753,-0.012210019515144555,0.006520711678977897,0.006520711678977897,0.006520711678977897,-0.007597123188766753,-0.012210019515144555,0.006520711678977897,0.006520711678977897,0.006520711678977897,-0.007597123188766753,-0.007597123188766753,-0.007597123188766753,-0.007597123188766753,0.025689678095027337,0.06915338992246592,-0.012210019515144555,0.04940408086871662
2024-07-17,-0.02866272758917532,0.00667827188665673,-0.01581993079906503,-0.010448971979396515,0.00667827188665673,0.00667827188665673,0.00667827188665673,-0.01581993079906503,-0.010448971979396515,0.00667827188665673,0.00667827188665673,0.00667827188665673,-0.01581993079906503,-0.01581993079906503,-0.01581993079906503,-0.01581993079906503,-0.01572221498335591,0.011029301973355944,-0.010448971979396515,0.001974067302698647
2024-07-18,0.003913826643716756,-0.013552902793858367,0.009218883569824698,-0.001300942727395293,-0.013552902793858367,-0.013552902793858367,-0.013552902793858367,0.009218883569824698,-0.001300942727395293,-0.013552902793858367,-0.013552902793858367,-0.013552902793858367,0.009218883569824698,0.009218883569824698,0.009218883569824698,0.009218883569824698,-0.009474720300262418,-0.03039594770415348,-0.001300942727395293,-0.01690561889646498
2024-07-19,0.06641225570291767,0.02088338644503056,0.03306774828165393,0.026113481660845376,0.02088338644503056,0.02088338644503056,0.02088338644503056,0.03306774828165393,0.026113481660845376,0.02088338644503056,0.02088338644503056,0.02088338644503056,0.03306774828165393,0.03206774828165393,0.03206774828165393,0.03306774828165393,0.06625753861348553,0.03896745522046506,0.026113481660845376,0.030037831277883495
2024-07-20,0.0004463010966348161,0.0011579232190463084,0.0074519723768536,0.0059751883357013775,0.0011579232190463084,0.0011579232190463084,0.0011579232190463084,0.0074519723768536,0.0059751883357013775,0.0011579232190463084,0.0011579232190463084,0.014538960767018261,0.0074519723768536,0.0067785971399077615,0.017859251062490422,0.0074519723768536,-0.007524283284352422,0.012728651891465426,-0.0007582941712589519,-0.004681395806071278
2024-07-21,0.024206956596454554,0.009323795823293613,0.019268208226251575,0.022419329322052928,0.009323795823293613,0.009323795823293613,0.009323795823293613,0.019268208226251575,0.022419329322052928,0.009323795823293613,0.009323795823293613,0.021400950000226262,0.019268208226251575,0.020489000905597868,0.016959607510211798,0.019268208226251575,0.02320278880545668,0.01203642692616238,0.013693740502375174,0.012910457481949657
2024-07-22,-0.05687034435857559,-0.02258264754970454,-0.021289257858233414,-0.025798430117903327,-0.02258264754970454,-0.02258264754970454,-0.02258264754970454,-0.021289257858233414,-0.025798430117903327,-0.02258264754970454,-0.02258264754970454,-0.015236535227970683,-0.021289257858233414,-0.025474237092775853,-0.02694949685831645,-0.021289257858233414,-0.0594105986690588,-0.048471419005778005,-0.048247202135854234,-0.048678945082139574
2024-07-23,-0.012604924075119928,0.0030391467032077953,-0.008182173846940644,-0.005940097047203863,0.0030391467032077953,0.0030391467032077953,0.0030391467032077953,-0.008182173846940644,-0.005940097047203863,0.0030391467032077953,0.0030391467032077953,-0.01405303964436473,-0.008182173846940644,-0.01397906149355346,-0.004607848946658711,-0.008182173846940644,-0.034807799125878905,-0.011094259099598693,-0.011641049362561384,-0.01949799812360853
2024-07-24,-0.012487065622678786,-0.016552408021049715,-0.006267734560836914,-0.01118614852502582,-0.016552408021049715,-0.016552408021049715,-0.016552408021049715,-0.006267734560836914,-0.01118614852502582,-0.016552408021049715,-0.016552408021049715,0.000112956127978436,-0.006267734560836914,-0.005666700940945813,-0.010149248041865922,-0.006267734560836914,0.021077701854295135,0.03264212461821721,0.021977493108823683,-0.005648127839539718
2024-07-25,-0.025612238184502027,-0.014889253136393088,-0.014850823646644761,-0.023800394302175155,-0.014889253136393088,-0.014889253136393088,-0.014889253136393088,-0.014850823646644761,-0.023800394302175155,-0.014889253136393088,-0.014889253136393088,-0.022710076463785225,-0.014850823646644761,-0.019015753056619955,-0.016446101422256866,-0.014850823646644761,-0.005761369480524859,-0.0019140126338905057,-0.0012152326342055996,-0.013781992656167908
2024-07-26,0.04177191227445081,0.026390127874444815,0.03210974283394066,0.0356340292668061,0.026390127874444815,0.026390127874444815,0.026390127874444815,0.03210974283394066,0.0356340292668061,0.026390127874444815,0.026390127874444815,0.02957489462638441,0.03210974283394066,0.03884702572391838,0.036873807163639485,0.031109742833940662,0.040560013159672906,0.03530012361955708,0.03818419961193868,0.0389842502142933
2024-07-27,-0.004318364466613144,-0.0017646966203253233,-0.0008531605271133056,-0.0017646966203253233,-0.0017646966203253233,-0.0017646966203253233,-0.0017646966203253233,-0.0008531605271133056,-0.0017646966203253233,-0.0017646966203253233,-0.0017646966203253233,-0.004378092862728056,-0.0008531605271133056,-0.0036795155487777233,-0.0058295419082282866,-0.0036795155487777233,-0.009164227732090493,-0.00695472452077304,-0.009115556468446306,-0.0038124655023718413
2024-07-28,-0.007117040730477276,0.0044735446623640936,0.0062402910128586345,0.0044735446623640936,0.0044735446623640936,0.0044735446623640936,0.0044735446623640936,0.0062402910128586345,0.0044735446623640936,0.0044735446623640936,0.0044735446623640936,0.0070550669644432245,0.0062402910128586345,0.0073298260995974035,0.0008844621419393122,0.0073298260995974035,-0.008222194634304781,0.0031293403239749827,0.003365594644207182,0.0020398052372362138
2024-07-29,-0.002944235179214316,0.0011089286633928497,-0.008784365092570901,0.0011089286633928497,0.0011089286633928497,0.0011089286633928497,0.0011089286633928497,-0.008784365092570901,0.0011089286633928497,0.0011089286633928497,0.0011089286633928497,-0.0060312162613348486,-0.008784365092570901,-0.005263263207740888,-0.008342846134345105,-0.005263263207740888,-0.028086962890756406,-0.01974120986663093,-0.014315872000217358,-0.023262311751460943
2024-07-30,-0.036158851233734725,-0.011237729181798328,-0.009545137736662657,-0.011237729181798328,-0.011237729181798328,-0.011237729181798328,-0.011237729181798328,-0.009545137736662657,-0.011237729181798328,-0.011237729181798328,-0.011237729181798328,0.0027632683829991837,-0.009545137736662657,-0.005812960708419324,-0.01942098550020701,-0.005812960708419324,-0.015670167523572934,-0.006481149495107565,-0.005063494768742927,-0.010213326523350896
2024-07-31,-0.03708734235036706,-0.02231664226023198,-0.026309057259557254,-0.02231664226023198,-0.02231664226023198,-0.02231664226023198,-0.02231664226023198,-0.026309057259557254,-0.02231664226023198,-0.02231664226023198,-0.02231664226023198,-0.019489999402849456,-0.026309057259557254,-0.02382834923275192,-0.02711623444066285,-0.02382834923275192,-0.04507497056387164,-0.03546192195469153,-0.029979552647900864,-0.03794262998149687
2024-08-01,-0.03428380235505044,-0.0022439944625501475,-0.005730737126543706,-0.0022439944625501475,-0.0022439944625501475,-0.0022439944625501475,-0.0022439944625501475,-0.005730737126543706,-0.0022439944625501475,-0.0022439944625501475,-0.0022439944625501475,-0.009215028317793106,-0.005730737126543706,-0.013784373463602862,-0.0051672266092331,-0.013784373463602862,-0.02644303504750081,-0.018801723786489123,-0.015561867590469803,-0.010748087449429965
2024-08-02,-0.07227153121989527,-0.0576908324409363,-0.06111809679161295,-0.0585658324409363,-0.0576908324409363,-0.0576908324409363,-0.0576908324409363,-0.06111809679161295,-0.0585658324409363,-0.0576908324409363,-0.0576908324409363,-0.056643551485480934,-0.06111809679161295,-0.06289187526492195,-0.0682088910312429,-0.06289187526492195,-0.061334884879484936,-0.053648709293774945,-0.04867502607783403,-0.051999930820465945
2024-08-03,-0.06219642045271161,-0.011927048982999965,-0.023598098712436656,-0.027484051424737685,-0.01396398744192209,-0.011927048982999965,-0.011927048982999965,-0.023598098712436656,-0.027484051424737685,-0.01396398744192209,-0.011927048982999965,-0.028420347600355878,-0.023598098712436656,-0.022970679406422834,-0.02843031596634661,-0.028420347600355878,-0.053844693933747786,-0.013710004039598113,-0.011927048982999965,-0.023598098712436656
2024-08-04,-0.0661794512891159,-0.045938554161148205,-0.03994365557075197,-0.053252693617915584,-0.05346332958996045,-0.045938554161148205,-0.045938554161148205,-0.03994365557075197,-0.053252693617915584,-0.05346332958996045,-0.045938554161148205,-0.053252693617915584,-0.03994365557075197,-0.0520940966039301,-0.053252693617915584,-0.053252693617915584,-0.06883451097588314,-0.045938554161148205,-0.045938554161148205,-0.03994365557075197
2024-08-05,-0.09141507029563303,-0.06815984983725346,-0.06755296304231165,-0.07276842893676508,-0.08663528748427161,-0.06815984983725346,-0.06815984983725346,-0.06755296304231165,-0.07276842893676508,-0.08663528748427161,-0.06815984983725346,-0.07276842893676508,-0.06755296304231165,-0.07837498505243352,-0.07276842893676508,-0.07276842893676508,-0.039271040684933374,-0.06815984983725346,-0.06815984983725346,-0.06755296304231165
2024-08-06,0.08693953652251568,0.029947015699026913,0.045400339937875206,0.049349879805235114,0.03972879139317791,0.029947015699026913,0.029947015699026913,0.045400339937875206,0.049349879805235114,0.03972879139317791,0.029947015699026913,0.049349879805235114,0.045400339937875206,0.05272191032960665,0.049349879805235114,0.049349879805235114,0.08579757922057221,0.029947015699026913,0.029947015699026913,0.045400339937875206
2024-08-07,0.010907606036297458,0.022402510250420414,-0.014224494940612443,0.020808006418546944,-0.02877277046279907,0.022402510250420414,0.022402510250420414,-0.014224494940612443,0.020808006418546944,-0.02877277046279907,0.022402510250420414,0.020808006418546944,-0.014224494940612443,0.020681726418945768,0.020808006418546944,0.020808006418546944,0.01763430164342357,0.022402510250420414,0.022402510250420414,-0.014224494940612443
2024-08-08,0.14720943547288967,0.07964636438542017,0.09954589040512522,0.10132188220897999,0.1059303205487804,0.07964636438542017,0.07964636438542017,0.09954589040512522,0.10132188220897999,0.1059303205487804,0.07964636438542017,0.10132188220897999,0.09954589040512522,0.10056563738525766,0.10132188220897999,0.10132188220897999,0.10498413973821039,0.07964636438542017,0.07964636438542017,0.09954589040512522
2024-08-09,-0.038530122374464314,-0.022902365150824156,-0.01859120118099846,-0.032347819261863545,-0.017431217285600792,-0.021902365150824155,-0.022902365150824156,-0.01859120118099846,-0.032347819261863545,-0.017431217285600792,-0.021902365150824155,-0.033347819261863546,-0.019591201180998462,-0.03197606433827089,-0.033347819261863546,-0.033347819261863546,-0.02394241528803627,-0.023777365150824157,-0.022902365150824156,-0.020466201180998463
2024-08-10,-0.006834331422286734,0.009496308081451011,0.005141990487240666,0.005135223401860567,0.005117882649569404,0.00928734279665151,0.009496308081451011,0.005141990487240666,0.005135223401860567,0.005117882649569404,0.00928734279665151,0.00928734279665151,0.0007208104920255693,0.0009230086914449706,0.01492777717410647,0.0007208104920255693,0.020526527527435626,0.027513767396820737,0.014658716573682319,0.01041170157554264
2024-08-11,-0.07760178763415318,-0.025814598549785496,-0.037293134700152275,-0.04584161627309263,-0.037293134700152275,-0.03185568247771249,-0.025814598549785496,-0.037293134700152275,-0.04584161627309263,-0.037293134700152275,-0.03185568247771249,-0.03185568247771249,-0.040478456974737044,-0.0429858546197504,-0.05381170383066913,-0.040478456974737044,-0.05448803424584031,-0.04881425499057957,-0.043011092309873766,-0.054986449002825614
2024-08-12,0.07378879930889921,0.025464560395940854,0.026205969776225115,0.033416134700120816,0.026205969776225115,0.025181884592161044,0.025464560395940854,0.026205969776225115,0.033416134700120816,0.026205969776225115,0.025181884592161044,0.025181884592161044,0.025969948095578288,0.0334627888232538,0.039551281593127284,0.025969948095578288,0.09671508473695378,0.050201768515593485,0.03108100980452069,0.024684887398183773
2024-08-13,-0.00797005728121305,0.014503211697317896,0.008686441688753788,0.00855541575961667,0.008686441688753788,0.011220306609294472,0.014503211697317896,0.008686441688753788,0.00855541575961667,0.008686441688753788,0.011220306609294472,0.011220306609294472,0.009396771469397058,0.012548650628283364,0.009005623412902142,0.009396771469397058,-4.397457760210201e-05,0.002186547401628979,0.012380844043223215,0.014332077477467653
2024-08-14,-0.030453458877681784,-0.005026745338245543,-0.010990894651899931,-0.01650964703373719,-0.010990894651899931,-0.0098582978525551,-0.005026745338245543,-0.010990894651899931,-0.01650964703373719,-0.010990894651899931,-0.0098582978525551,-0.0098582978525551,-0.013562617379343944,-0.014249817246871643,-0.014316068592108011,-0.013562617379343944,-0.02430683419810935,-0.011641748248361661,-0.010236442138369939,-0.011212433816216862
2024-08-15,-0.04034477719401071,-0.008720263716667098,-0.014257908007723707,-0.016764593689523034,-0.014257908007723707,-0.015498730646491144,-0.008720263716667098,-0.014257908007723707,-0.016764593689523034,-0.014257908007723707,-0.015498730646491144,-0.015498730646491144,-0.015466451059105114,-0.011194669811080395,-0.02469401668432321,-0.015466451059105114,-0.046191869781806234,-0.036771226086355885,-0.024636696692672724,-0.01932884830228352
2024-08-16,-0.019703191930464745,0.01514718713752956,0.007630352216953984,0.0017453294631382356,0.006630352216953984,0.012701746201934073,0.01514718713752956,0.007630352216953984,0.0017453294631382356,0.006630352216953984,0.012701746201934073,0.012701746201934073,0.007543508867113126,0.004228927048892866,-0.00047697708690403644,0.007543508867113126,-0.013925813415157418,0.0025629704733968655,0.012267596302050942,0.004649454986670137
2024-08-17,0.027607886644799483,0.014356252596858445,0.017555543247878093,0.017555543247878093,0.016542359739056822,0.017555543247878093,0.014356252596858445,0.017555543247878093,0.017555543247878093,0.016542359739056822,0.017555543247878093,0.017320190248800542,0.017555543247878093,0.013398157178398016,0.010785344966509122,0.017555543247878093,0.011656477243333296,0.011875820260431259,0.015820063803947182,0.018733674800859787
2024-08-18,-0.00042738050106228085,-0.008503944415046517,-0.006613110146895163,-0.006613110146895163,-0.013017877084319009,-0.006613110146895163,-0.008503944415046517,-0.006613110146895163,-0.006613110146895163,-0.013017877084319009,-0.006613110146895163,-0.008109979129640066,-0.006613110146895163,-0.001576624184298781,-0.00738185591020908,-0.006613110146895163,0.00044023686526901626,-0.009001213206823656,-0.014037699169420038,-0.011641332835370256
2024-08-19,0.04169582212671009,0.040120203704807275,0.030172984179495637,0.030172984179495637,0.05156655635348529,0.030172984179495637,0.040120203704807275,0.030172984179495637,0.030172984179495637,0.05156655635348529,0.030172984179495637,0.03075512168335535,0.030172984179495637,0.02230982745749537,0.025162789554843194,0.030172984179495637,0.031843560692907905,0.054423009361480104,0.062286166083480365,0.05209071802244254
2024-08-20,0.02643037574365934,0.02136582505309892,0.020169918244008177,0.020169918244008177,0.013779463086914311,0.020169918244008177,0.02136582505309892,0.020169918244008177,0.020169918244008177,0.013779463086914311,0.020169918244008177,-0.006713421389993047,0.020169918244008177,0.014924607135058322,0.016180115151285215,0.020169918244008177,-0.007537283458804624,0.01175042446363628,0.016995735572586136,0.017294262568928187
2024-08-21,0.013819432713916368,0.004919239285855559,0.0035616467795767555,0.0035616467795767555,0.023243486388074122,0.0035616467795767555,0.004919239285855559,0.0035616467795767555,0.0035616467795767555,0.023243486388074122,0.0035616467795767555,0.014825693187087064,0.0035616467795767555,0.009754670120188848,0.015612699699522017,0.0035616467795767555,0.02107275792667964,0.027024986172808022,0.020831962832195933,0.025182262086941923
2024-08-22,0.02063133744580912,0.0025262133213786566,0.003895290860167267,0.003895290860167267,0.014531301231451767,0.003895290860167267,0.0025262133213786566,0.003895290860167267,0.003895290860167267,0.014531301231451767,0.003895290860167267,0.0011791786556315522,0.003895290860167267,0.007170604883157416,0.0020890982907929346,0.003895290860167267,0.0019011769421201311,0.017635097349017845,0.014359783326027699,0.022892332088398318
2024-08-23,0.06359024776675994,0.03297630739252726,0.042545557721591035,0.041670557721591034,0.06528563748795001,0.041670557721591034,0.03297630739252726,0.042545557721591035,0.041670557721591034,0.06528563748795001,0.041670557721591034,0.04426439187416013,0.043545557721591036,0.06550656404898045,0.06346529828616972,0.042545557721591035,0.12665350544564458,0.08205299429095224,0.06096698796356281,0.08062124223555277
2024-08-24,0.008319111314879338,-0.0008318556467682204,0.007247138862109105,-0.0008304133142927498,0.007139846925998582,-0.0005995833531815717,-0.0008318556467682204,0.007247138862109105,-0.0008304133142927498,0.007139846925998582,-0.0005995833531815717,0.007247138862109105,0.007415898705787028,0.011790895403295698,0.008269123024683507,0.007247138862109105,0.01515815372499694,0.023516311364850332,0.007720121465512044,0.023242874071256043
2024-08-25,-0.009371038955958078,0.0005245336514041461,-0.00998170525919686,-0.012174356442152234,-0.00998170525919686,-0.013060950771401037,0.0005245336514041461,-0.00998170525919686,-0.012174356442152234,-0.00998170525919686,-0.013060950771401037,-0.00998170525919686,0.0036037791636083223,0.0017320958573293628,-0.008566648344669515,-0.00998170525919686,0.0012303227783709023,0.01964197886257406,0.01871084554887694,0.01964197886257406
2024-08-26,-0.0495815037340418,-0.029407149054234673,-0.024518512915855606,-0.032021993312926635,-0.024518512915855606,-0.02783791828500388,-0.029407149054234673,-0.024518512915855606,-0.032021993312926635,-0.024518512915855606,-0.02783791828500388,-0.024518512915855606,-0.026087743685086394,-0.021331479527567664,-0.029304217476781445,-0.024518512915855606,-0.054373258328506015,-0.03861098761050954,-0.02749722640829229,-0.03861098761050954
2024-08-27,-0.05049760426545005,-0.04589639163860653,-0.05320054428543784,-0.04868288039161783,-0.05320054428543784,-0.04839924023807325,-0.04589639163860653,-0.05320054428543784,-0.04868288039161783,-0.05320054428543784,-0.04839924023807325,-0.05320054428543784,-0.050697695685971114,-0.05234377993333675,-0.05780772511371789,-0.05320054428543784,-0.06426388955869099,-0.06077640766244528,-0.03502635663054297,-0.06077640766244528
2024-08-28,-0.01649510664821683,0.011163182594941135,0.0029703213979886517,0.006782700875861481,0.0029703213979886517,0.011609586116988726,0.011163182594941135,0.0029703213979886517,0.006782700875861481,0.0029703213979886517,0.011609586116988726,0.0029703213979886517,0.0025239178759410624,0.002089384452159071,0.004742476273224905,0.0029703213979886517,-0.028079793142054846,-0.03399103746417283,-0.012728999373995742,-0.03399103746417283
2024-08-29,0.0003431865628517496,0.004941967709641304,-0.007270090318068978,0.0025583032818567338,-0.007270090318068978,0.00032080568146535275,0.004941967709641304,-0.007270090318068978,0.0025583032818567338,-0.007270090318068978,0.00032080568146535275,-0.007270090318068978,-0.0026489282898930267,-0.005025148424980031,0.0027978533996132265,-0.007270090318068978,-0.007500005601939088,-0.012434384604126271,-0.01141912202064377,-0.012434384604126271
2024-08-30,1.386885456495894e-05,0.005666193984086501,-0.004404619448164877,-0.007625980144483676,-0.004404619448164877,0.007249604865219818,0.005666193984086501,-0.004404619448164877,-0.007625980144483676,-0.004404619448164877,0.007249604865219818,-0.002529619448164877,-0.004113030329298196,-0.0029571139812413208,-0.011429613182782506,-0.003529619448164877,-0.0005896583705337036,0.012375416800382347,0.01221650259026932,0.01237541680038235
2024-08-31,-0.0061621563419348435,-0.0054468637948869025,-0.00816071711936859,-0.008242082751406926,-0.005379274197008267,-0.0054468637948869025,-0.0054468637948869025,-0.00816071711936859,-0.008242082751406926,-0.005379274197008267,-0.0054468637948869025,-0.006398228024178887,-0.009096767815955876,-0.014794653086361898,-0.009096767815955876,-0.009096767815955876,-0.01635544438865086,-0.012569635970207374,-0.004325967253807895,-0.011252306705868595
2024-09-01,-0.040059886158426795,-0.029686230069315395,-0.029651090184096507,-0.03211438506567843,-0.02722293518773347,-0.029686230069315395,-0.029686230069315395,-0.029651090184096507,-0.03211438506567843,-0.02722293518773347,-0.029686230069315395,-0.037144851520687694,-0.0330967268425332,-0.0379735971386318,-0.0330967268425332,-0.0330967268425332,-0.0717760226052189,-0.05699878120893065,-0.02698729701923213,-0.029651495481652274
2024-09-02,0.04706237821960753,0.026765104741126013,0.029342870696469438,0.031363002176556166,0.024744973261039284,0.026765104741126013,0.026765104741126013,0.029342870696469438,0.031363002176556166,0.024744973261039284,0.026765104741126013,0.038587936905810465,0.029295760986148438,0.035023288757112025,0.029295760986148438,0.029295760986148438,0.053943477522208474,0.029598501639168218,0.022979381242444762,0.026262201388046868
2024-09-03,-0.02766235647370106,-0.026089920708660366,-0.033440074017637156,-0.034169671623494026,-0.0253603231028035,-0.026089920708660366,-0.026089920708660366,-0.033440074017637156,-0.034169671623494026,-0.0253603231028035,-0.026089920708660366,-0.03199939250733839,-0.03335862139802917,-0.04374676601881322,-0.03335862139802917,-0.03335862139802917,-0.04394738981029514,-0.034890783840596275,-0.020176910256721463,-0.02503702977905238
2024-09-04,0.004403227310911318,-0.0006506817461655154,0.016237590449088728,0.013194875319681533,0.0023920333832416767,-0.0006506817461655154,-0.0006506817461655154,0.016237590449088728,0.013194875319681533,0.0023920333832416767,-0.0006506817461655154,0.009314146320767836,0.008663688442554475,0.03534423065906964,0.008663688442554475,0.008663688442554475,0.03244436002272657,0.008710465073202701,0.0005470455041565185,0.0014287044564132772
2024-09-05,-0.015306104810335962,-0.020017495576882482,-0.017441769631224523,-0.02429907819690367,-0.013160187011203339,-0.020017495576882482,-0.020017495576882482,-0.017441769631224523,-0.02429907819690367,-0.013160187011203339,-0.020017495576882482,-0.026081268898243318,-0.021508358579787234,-0.027572254735328497,-0.021508358579787234,-0.021508358579787234,-0.023270112484366993,-0.019484295975060184,-0.011315986642008368,-0.006436176303435581
2024-09-06,-0.023185612243542056,-0.03729620259476501,-0.03859434062427856,-0.039858520884484605,-0.03790702233455896,-0.03829620259476501,-0.03729620259476501,-0.03859434062427856,-0.039858520884484605,-0.03790702233455896,-0.03829620259476501,-0.042364249329204934,-0.03647459385911454,-0.04310726438562491,-0.03647459385911454,-0.03547459385911454,-0.047499834255925626,-0.05654782275911141,-0.03534436223148374,-0.034256422672229656
2024-09-07,0.02875182472160609,0.014092092792819689,0.011231467320905877,0.009825676451781493,0.00956337593676988,0.00956337593676988,0.014092092792819689,0.011231467320905877,0.009825676451781493,0.00956337593676988,0.00956337593676988,0.014092092792819689,0.015760184176955683,0.016926318150843802,0.015760184176955683,0.016926318150843802,0.016580693540978617,0.0064869103066462555,0.008397241962881764,0.005930716467225446
2024-09-08,0.00553821435968207,0.012630996743252833,0.007161589266854951,0.007231009464924321,0.007231009464924321,0.007231009464924321,0.012630996743252833,0.007161589266854951,0.007231009464924321,0.007231009464924321,0.007231009464924321,0.012630996743252833,0.012561576545183462,0.014660995516196929,0.012561576545183462,0.014660995516196929,0.01275552218177647,0.010474433882845415,0.005131590493910854,0.010474433882845415
2024-09-09,0.013566918228505268,0.025138511274964297,0.024277934369899157,0.02290361076594785,0.02290361076594785,0.02290361076594785,0.025138511274964297,0.024277934369899157,0.02290361076594785,0.02290361076594785,0.02290361076594785,0.025138511274964297,0.026512834878915606,0.028937237013443577,0.026512834878915606,0.028937237013443577,0.04484782299451846,0.024233210619801195,0.020479208631419877,0.024233210619801195
2024-09-10,0.0036192944111266504,0.002428435301864851,0.003709388853075502,0.0022395717395073287,0.0022395717395073287,0.0022395717395073287,0.002428435301864851,0.003709388853075502,0.0022395717395073287,0.0022395717395073287,0.0022395717395073287,0.002428435301864851,0.0038982524154330235,0.002760839838578488,0.0038982524154330235,0.002760839838578488,-0.00023448184148540125,0.0022870041429446045,0.003376984316361864,0.0022870041429446045
2024-09-11,-0.018254440120893767,-0.0018100906157296317,-0.0071812974130578185,0.0026198668934644953,0.0026198668934644953,0.0026198668934644953,-0.0018100906157296317,-0.0071812974130578185,0.0026198668934644953,0.0026198668934644953,0.0026198668934644953,-0.0018100906157296317,-0.011611254922251946,-0.004324621751821733,-0.011611254922251946,-0.004324621751821733,-0.034029267075623156,-0.013711277488246054,-0.004666766276965717,-0.013711277488246054
2024-09-12,0.027950335591512946,0.01858710642869066,0.010330683105790908,0.010281064782243998,0.010281064782243998,0.010281064782243998,0.01858710642869066,0.010330683105790908,0.010281064782243998,0.010281064782243998,0.010281064782243998,0.01858710642869066,0.018636724752237568,0.013673252061051768,0.018636724752237568,0.013673252061051768,0.008792444833460311,0.03759517060725232,0.0152445374734298,0.03759517060725232
2024-09-13,0.01594554948878115,0.018745559843040407,0.020702757553459027,0.02070769820989811,0.02070769820989811,0.02070769820989811,0.018745559843040407,0.020702757553459027,0.02070769820989811,0.02070769820989811,0.02070769820989811,0.018745559843040407,0.017740619186601324,0.01848557969887592,0.017740619186601324,0.01848557969887592,0.019646805597121335,0.009933360640495997,0.019962737697623512,0.009933360640495997
2024-09-14,-0.010582265852787232,0.0014091064242110363,-0.00018123413470396777,0.005604602017789095,0.0014091064242110363,0.0014091064242110363,0.0014091064242110363,-0.00018123413470396777,0.005604602017789095,0.0014091064242110363,0.0014091064242110363,0.0014091064242110363,-0.0033386345396709594,-0.005060938650367719,-0.0033386345396709594,-0.00018123413470396777,-0.007296808703179848,0.011877119601864258,0.012162776324740544,0.011877119601864258
2024-09-15,-0.037025889311447416,-0.017607098385752806,-0.02605800378238645,-0.02574520235596469,-0.017607098385752806,-0.017607098385752806,-0.017607098385752806,-0.02605800378238645,-0.02574520235596469,-0.017607098385752806,-0.017607098385752806,-0.017607098385752806,-0.02775550304611767,-0.025765065093478867,-0.02775550304611767,-0.02605800378238645,-0.03642204247035745,-0.012775238372841401,-0.027425783428296935,-0.012775238372841401
2024-09-16,0.004336755609858178,-0.006513981182962382,0.000757884718621993,-0.0013551413550182407,-0.006513981182962382,-0.006513981182962382,-0.006513981182962382,0.000757884718621993,-0.0013551413550182407,-0.006513981182962382,-0.006513981182962382,-0.006513981182962382,-0.015628690186247598,-0.006811031386200627,-0.015628690186247598,0.000757884718621993,-0.03237165363334918,-0.015232518862778124,-0.010370275457953528,-0.015232518862778124
2024-09-17,0.006939571364175889,0.01647396425815042,0.011896172872553002,0.015462632640301722,0.01647396425815042,0.01647396425815042,0.01647396425815042,0.011896172872553002,0.015462632640301722,0.01647396425815042,0.01647396425815042,0.01647396425815042,0.026424326963711265,0.016489679966957695,0.026424326963711265,0.011896172872553002,0.056868064809441024,0.04585381574486565,0.025052245976787568,0.04585381574486565
2024-09-18,0.01903903153244064,0.012390941471575535,0.01177819063559249,0.010876740428567367,0.012390941471575535,0.012390941471575535,0.012390941471575535,0.01177819063559249,0.010876740428567367,0.012390941471575535,0.012390941471575535,0.012390941471575535,0.026444020020380554,0.014688718851248473,0.026444020020380554,0.01177819063559249,0.05747415507700397,0.04456570083488538,0.023173776896241803,0.04456570083488538
2024-09-19,0.015069777783941163,0.01723353073720233,0.027281462418690693,0.01627989439912616,0.01723353073720233,0.01723353073720233,0.01723353073720233,0.027281462418690693,0.01627989439912616,0.01723353073720233,0.01723353073720233,0.01723353073720233,0.03155557745835602,0.02846196962861445,0.03155557745835602,0.027281462418690693,0.03750316786399881,0.02163249876020128,0.013482344881807107,0.02163249876020128
2024-09-20,0.021682251784720767,0.009393946107056395,0.013965265074064327,0.007474411456634856,0.009393946107056395,0.009393946107056395,0.009393946107056395,0.013965265074064327,0.007474411456634856,0.009393946107056395,0.009393946107056395,0.008393946107056394,0.032912533584751574,0.012455611565374674,0.032912533584751574,0.012965265074064328,0.04684993709657242,0.03242149884461991,0.019038468549653697,0.03242149884461991
2024-09-21,0.015300823085716102,0.015612312402211746,0.012473203426895639,0.015612312402211746,0.015612312402211746,0.015612312402211746,0.015612312402211746,0.012473203426895639,0.015612312402211746,0.015612312402211746,0.015612312402211746,0.019362482864505502,0.011721156401828381,0.023059641148899933,0.020968327398906795,0.015089708979699478,0.00487302034567901,0.00225084852921007,0.00622387220585623,0.00225084852921007
2024-09-22,0.007108506765209844,-0.0055532286995432665,-0.011985708402298888,-0.0055532286995432665,-0.0055532286995432665,-0.0055532286995432665,-0.0055532286995432665,-0.011985708402298888,-0.0055532286995432665,-0.0055532286995432665,-0.0055532286995432665,-0.011556992627132147,-0.012210491463113548,-0.012120337274759363,-0.014558235975084677,-0.008437673244337774,0.004564919541024717,-0.00977302184744939,0.008661708093264565,-0.00977302184744939
2024-09-23,0.009254073166836286,0.009702088690209233,0.004555583455134871,0.009702088690209233,0.009702088690209233,0.009702088690209233,0.009702088690209233,0.004555583455134871,0.009702088690209233,0.009702088690209233,0.009702088690209233,0.009132307987777156,0.012197159105864986,0.03449720692531684,0.034241419559133845,0.010740920850549562,0.06533638360179275,0.046320784318499404,-0.002871840300957107,0.046320784318499404
2024-09-24,0.02878896686741448,0.004723393651079633,0.015227809190061371,0.004723393651079633,0.004723393651079633,0.004723393651079633,0.004723393651079633,0.015227809190061371,0.004723393651079633,0.004723393651079633,0.004723393651079633,0.01700419954756285,0.02629133313836101,0.019559995900555106,0.019567530085911854,0.013501845078754918,0.01466624668777286,0.02834096576637675,0.03759885473911191,0.02834096576637675
2024-09-25,-0.012616715399234547,-0.01951022799407134,-0.019623736761775357,-0.01951022799407134,-0.01951022799407134,-0.01951022799407134,-0.01951022799407134,-0.019623736761775357,-0.01951022799407134,-0.01951022799407134,-0.01951022799407134,-0.024011914830549853,-0.020475454291936715,-0.025058954966804506,-0.02447397096594477,-0.02302353721828561,-0.016546971614789175,-0.026248428285462082,-0.02094152609526183,-0.026248428285462082
2024-09-26,0.020829176153390354,0.02029377848047953,0.027494587762651214,0.02029377848047953,0.02029377848047953,0.02029377848047953,0.02029377848047953,0.027494587762651214,0.02029377848047953,0.02029377848047953,0.02029377848047953,0.026258224126287557,0.03572040968951669,0.039600355605265536,0.04062516992219796,0.02798673267256322,0.001449926323095352,0.006867199838272131,0.005799705855366111,0.006867199838272131
2024-09-27,0.017216330124986957,0.01210942531352861,0.011274946887072246,0.01210942531352861,0.011109425313528608,0.01210942531352861,0.01210942531352861,0.011274946887072246,0.01210942531352861,0.011109425313528608,0.01210942531352861,0.01118569808604555,0.010125206952710446,0.005528752575113077,0.007605732825783675,0.015372447378033805,0.02100890367748554,0.014405656336857158,0.010160441066573085,0.014405656336857158
2024-09-28,0.0011321133689457408,0.0053253785050979335,0.0060749314445741835,0.0053253785050979335,0.003886217790237967,0.0053253785050979335,0.0053253785050979335,0.0060749314445741835,0.0053253785050979335,0.003886217790237967,0.0053253785050979335,0.0053253785050979335,0.004961154099978318,0.005629163264954899,-0.0042956243577817015,-0.0042956243577817015,-0.017993433514700424,-0.003317638715893962,-0.009449079530903225,-0.00887435036447098
2024-09-29,0.016479677303608553,0.006810861301162109,0.01082265785596317,0.006810861301162109,0.006696593784223581,0.006810861301162109,0.006810861301162109,0.01082265785596317,0.006810861301162109,0.006696593784223581,0.006810861301162109,0.006810861301162109,0.010307716433350557,0.01082265785596317,6.468990982946322e-05,6.468990982946322e-05,0.008106077126849529,0.011068333801464658,-0.0016079038202343244,0.0066695935205968405
2024-09-30,-0.03469667573900574,-0.030505878080335426,-0.02857146011331282,-0.030505878080335426,-0.028110204809926344,-0.030505878080335426,-0.030505878080335426,-0.02857146011331282,-0.030505878080335426,-0.028110204809926344,-0.030505878080335426,-0.030505878080335426,-0.03387251142485031,-0.02857146011331282,-0.028745830951738306,-0.028745830951738306,-0.04189370663905647,-0.02535745574387491,-0.03776835800392633,-0.02590102231235272
2024-10-01,-0.0509514543249245,-0.034804659996958726,-0.03737280311331972,-0.034804659996958726,-0.03792623609980372,-0.034804659996958726,-0.034804659996958726,-0.03737280311331972,-0.034804659996958726,-0.03792623609980372,-0.034804659996958726,-0.034804659996958726,-0.03258793265573974,-0.03737280311331972,-0.03964911608542565,-0.03964911608542565,-0.06730781511601458,-0.050666428333782744,-0.04249721086328269,-0.07104070459880481
2024-10-02,-0.024956048616746183,-0.027639482792357485,-0.03270688778617788,-0.027639482792357485,-0.027336292636603553,-0.027639482792357485,-0.027639482792357485,-0.03270688778617788,-0.027639482792357485,-0.027336292636603553,-0.027639482792357485,-0.027639482792357485,-0.027622948303989814,-0.03270688778617788,-0.014886627741522097,-0.014886627741522097,-0.006478329607279608,0.003500837059387108,-0.009144868979796961,-0.012542807693455019
2024-10-03,-0.01732569021468662,-0.0019137138171838597,-0.007555476580398768,-0.0019137138171838597,-0.0012048489804141306,-0.0019137138171838597,-0.0019137138171838597,-0.007555476580398768,-0.0019137138171838597,-0.0012048489804141306,-0.0019137138171838597,-0.0019137138171838597,-0.005497787612724303,-0.007555476580398768,-0.0005399857580368874,-0.0005399857580368874,-0.048489507118906476,-0.037574398500446485,-0.00511016375847555,-0.024875959552852094
2024-10-04,0.04034533796543341,0.016936529940208955,0.02146649728532366,0.015061529940208953,0.01596730792044348,0.015061529940208953,0.016936529940208955,0.02146649728532366,0.015061529940208953,0.01596730792044348,0.015061529940208953,0.016936529940208955,0.019821931415438067,0.02146649728532366,0.0216057691844606,0.0216057691844606,0.08025033710675582,0.06363795090504702,0.031571946561517586,0.0543286286032628
2024-10-05,0.0002842307626995834,-0.002852925024759778,-0.00937887023807178,-0.0102360388220591,-0.008515784449472912,-0.010054594904167252,-0.002852925024759778,-0.00937887023807178,-0.0102360388220591,-0.008515784449472912,-0.010054594904167252,-0.002852925024759778,-0.0020376463013265897,-0.012996460889461426,-0.0020376463013265897,-0.0020376463013265897,-0.021092429455617862,-0.02238508957088304,-0.009842201126015374,-0.009334362587788608
2024-10-06,0.044410175886097705,0.009779105818179402,0.02095017540191107,0.026931469757603688,0.024844933630883935,0.024642627647908373,0.009779105818179402,0.02095017540191107,0.026931469757603688,0.024844933630883935,0.024642627647908373,0.009779105818179402,0.013648606991266556,0.02072818727267918,0.013648606991266556,0.013648606991266556,0.05456433330034419,0.028876982042253863,0.036854028530604405,0.026782571879384064
2024-10-07,0.023742142573870324,-0.005221192366985905,-0.0075048003445912235,-0.015733530033133845,-0.009033658264219712,-0.01708700319462775,-0.005221192366985905,-0.0075048003445912235,-0.015733530033133845,-0.009033658264219712,-0.01708700319462775,-0.005221192366985905,-0.006787872161987352,-0.0052264572957132945,-0.006787872161987352,-0.006787872161987352,0.019398625973452766,0.01165826500968499,0.007669394577525714,0.015262099057510883
2024-10-08,-0.015747598977648703,0.013312459390736067,0.00424686148918021,-0.01356216460391362,-0.017930112017826107,-0.015952541989407633,0.013312459390736067,0.00424686148918021,-0.01356216460391362,-0.017930112017826107,-0.015952541989407633,0.013312459390736067,0.011751441211578563,-0.0004910698279249276,0.011751441211578563,0.011751441211578563,-0.01675011706242682,-0.005418719325607824,-0.0003354401630038858,-0.008007400041355694
2024-10-09,-0.05788118426430251,-0.015976147326871915,-0.020252236810401784,-0.016140308618845987,-0.02338327484063711,-0.02504203713235531,-0.015976147326871915,-0.020252236810401784,-0.016140308618845987,-0.02338327484063711,-0.02504203713235531,-0.015976147326871915,-0.019326249875406744,-0.0270921394618739,-0.019326249875406744,-0.019326249875406744,-0.06207583365358473,-0.03769731382212558,-0.03201707829706746,-0.029743986827020445
2024-10-10,0.015693874181709068,-0.0018831686688579596,-0.0014422583228302476,-0.00576403654947768,-0.007191334477242539,-0.004811176565853881,-0.0018831686688579596,-0.0014422583228302476,-0.00576403654947768,-0.007191334477242539,-0.004811176565853881,-0.0018831686688579596,-0.004601694212284957,-0.005643823373726754,-0.004601694212284957,-0.004601694212284957,0.01094496811218917,-0.008166491232396234,-0.0026131810147448356,-0.010936989173242328
2024-10-11,0.055085782823867085,0.01961018149637561,0.033688215379770736,0.042578567751884205,0.037382095529970655,0.048939128018169645,0.01961018149637561,0.033688215379770736,0.042578567751884205,0.037382095529970655,0.048939128018169645,0.01861018149637561,0.024831557920059245,0.03430411040894883,0.024831557920059245,0.023956557920059244,0.11993053325431967,0.09783867033195638,0.046084780777426886,0.051567359744994185
2024-10-12,0.04267657831688367,0.009766597297133472,0.024767780348024675,0.03055807434468997,0.03129132316831651,0.035359564002304514,0.009766597297133472,0.024767780348024675,0.03055807434468997,0.03129132316831651,0.035359564002304514,0.007583003034154245,0.00991620195958931,0.012701146021031177,0.010831985575646953,0.016637766983505185,0.028918720877124958,0.018791281159727072,0.025521044525557736,0.019343719261309206
2024-10-13,0.005888751981138829,-0.0057419687248617905,0.00016861663574772,-0.011964078616150942,-0.011964078616150942,-0.003170614214248313,-0.0057419687248617905,0.00016861663574772,-0.011964078616150942,-0.011964078616150942,-0.003170614214248313,-0.004034444555042516,-0.0023851796333530743,-0.004934731753709643,0.0003208614005989483,-0.006927985862452535,0.008528019435485179,0.006286353931814758,0.0035455394454092497,0.006286353931814758
2024-10-14,0.034502310785367835,0.03279272735509946,0.044852532810477144,0.061197183535108265,0.061197183535108265,0.04757553046920195,0.03279272735509946,0.044852532810477144,0.061197183535108265,0.061197183535108265,0.04757553046920195,0.04858698777502868,0.04021993765922867,0.04428616803214021,0.043628163661211916,0.04454918021375703,0.04700952603986912,0.01798330408210407,0.039034484723773404,0.01798330408210407
2024-10-15,-0.05339605114679745,-0.001521126114799043,-0.012075567496998143,-0.015073752541553454,-0.015073752541553454,-0.022542435171718393,-0.001521126114799043,-0.012075567496998143,-0.015073752541553454,-0.015073752541553454,-0.022542435171718393,-0.0028711305440615393,-0.006946029608066318,6.939349404124634e-05,-0.0031845735149280694,-0.008333656364743192,-0.04924125922371967,-0.027202077531550177,-0.04226533070807188,-0.027202077531550177
2024-10-16,-0.00996838964118081,0.00810090278133364,0.001664829691007097,0.002239217438675877,0.002239217438675877,0.005630578171691858,0.00810090278133364,0.001664829691007097,0.002239217438675877,0.002239217438675877,0.005630578171691858,0.005843307857398462,0.005327517647815671,0.011951168870230441,0.016972609151259865,0.011505395035134435,-0.016641333817666526,0.0066788120270453,-0.010221873790577774,0.0066788120270453
2024-10-17,-0.03372891252791377,-0.0060251954894607,-0.01018153401539499,-0.018689528079430653,-0.018689528079430653,-0.016639035473037266,-0.0060251954894607,-0.01018153401539499,-0.018689528079430653,-0.018689528079430653,-0.016639035473037266,-0.010050923511080567,-0.008262704319983816,-0.007211843615835555,-0.0004995014756708381,-0.009617351825186016,-0.04192163448379343,-0.016365107874524765,-0.03424729510290277,-0.016365107874524765
2024-10-18,0.04164237276337193,0.007654420399327623,0.017200542128656404,0.03993628676694849,0.03906128676694849,0.04047952421243338,0.007654420399327623,0.017200542128656404,0.03993628676694849,0.03906128676694849,0.04047952421243338,0.014683987255103228,0.010429605045548199,0.02355054046881671,0.02109981652366353,0.02802158662475021,0.05029249034261436,0.021007158494382443,0.04278864016220163,0.021882158494382443
2024-10-19,-0.02056112790239416,-0.003376570023313397,0.0037988309907555752,0.006845662373928519,0.008320892964585973,0.006845662373928519,-0.003376570023313397,0.0037988309907555752,0.006845662373928519,0.008320892964585973,0.006845662373928519,0.0051552112828928244,0.0024274749079943535,0.006168992414194264,0.0037988309907555752,0.0063014050437536235,-0.011316689726118566,-0.014483943550856991,-0.017326690309141985,-0.01524617313967842
2024-10-20,0.02471897770782192,0.013655710798498078,0.021636594715992795,0.026443127362029098,0.030073865049659032,0.026443127362029098,0.013655710798498078,0.021636594715992795,0.026443127362029098,0.030073865049659032,0.026443127362029098,0.023180712363051595,0.015725837353611195,0.02395286860837791,0.021636594715992795,0.02395286860837791,0.026640576093619382,0.007407580347652676,0.017468804132550274,0.02723708345065816
2024-10-21,-0.04550070524224816,-0.01201122756770754,-0.012276821450064835,-0.02428947866653277,-0.022679608352014217,-0.02428947866653277,-0.01201122756770754,-0.012276821450064835,-0.02428947866653277,-0.022679608352014217,-0.02428947866653277,-0.01565051273467044,-0.0076407450174156965,-0.01215350364407033,-0.012276821450064835,-0.01215350364407033,-0.05426264553734495,-0.03892358437480295,-0.05275321811537896,-0.034614166084829034
2024-10-22,-0.0064163899298875105,-0.00645619872323553,-0.0007096675637754402,0.003867776524709087,0.003837291998538793,0.003867776524709087,-0.00645619872323553,-0.0007096675637754402,0.003867776524709087,0.003837291998538793,0.003867776524709087,-0.007146095524795061,-0.0014553967721658626,0.007029074690321458,-0.0007096675637754402,0.007029074690321458,-0.01966256959372661,0.0009394489300809782,0.0014253283195019527,-0.007731068566582433
2024-10-23,-0.025081538702299948,-0.01576653319446597,-0.008841810188761956,-0.011108439248748471,-0.010248967506694507,-0.011108439248748471,-0.01576653319446597,-0.008841810188761956,-0.011108439248748471,-0.010248967506694507,-0.011108439248748471,-0.011876086270425178,-0.004387934250263603,-0.0038090253938146247,-0.008841810188761956,-0.0038090253938146247,-0.013840989186860522,0.005913729761898767,-0.007545130404328028,-0.007050395623512818
2024-10-24,-0.003851976388847423,0.016482675735470485,0.02154607954518708,0.02086876732327654,0.024682217551795692,0.02086876732327654,0.016482675735470485,0.02154607954518708,0.02086876732327654,0.024682217551795692,0.02086876732327654,0.018539449953989307,0.023016332732642388,0.029449027446793962,0.02154607954518708,0.029449027446793962,1.6314791308142187e-06,0.025396929563452388,0.0066135136358647095,0.01497008160531157
2024-10-25,-0.08005687589710309,-0.03199956125229833,-0.03566866841265928,-0.08027710860936901,-0.08598348219100892,-0.08127710860936901,-0.03199956125229833,-0.03566866841265928,-0.08027710860936901,-0.08598348219100892,-0.08127710860936901,-0.04344154227410513,-0.03936325656415103,-0.0751253657551808,-0.03466866841265928,-0.0751253657551808,-0.10003227547374936,-0.08136574843612467,-0.10236618257750797,-0.05514717126080304
2024-10-26,0.02136976803165305,0.015089791029181843,0.019526749435252944,0.033116864503069145,0.026701693465411493,0.03145744261156889,0.015089791029181843,0.019526749435252944,0.033116864503069145,0.026701693465411493,0.03145744261156889,0.01914463958251873,0.019526749435252944,0.02597406582734938,0.017882297209991106,0.023518884126308738,0.026450233429069596,0.019627115413016476,0.01932957569483301,0.01724240062466302
2024-10-27,0.0002882726429324521,0.006666638462490405,0.011408163187112574,0.0411508013508807,0.03341262828480512,0.03278274257928304,0.006666638462490405,0.011408163187112574,0.0411508013508807,0.03341262828480512,0.03278274257928304,0.014849291879980077,0.011408163187112574,0.020511438494885504,0.012072004065089816,0.01991306898629626,0.03299112503744106,0.012917007213316813,0.010724735209849713,0.007511641610717402
2024-10-28,0.014035755332052702,0.01579328131510671,0.013633541286828166,0.05645019148109834,0.059869476973432166,0.035462269287190915,0.01579328131510671,0.013633541286828166,0.05645019148109834,0.059869476973432166,0.035462269287190915,0.017429014272107902,0.013633541286828166,0.04328259440988705,0.01662802507026546,0.035714308777893986,0.027552853696079516,0.010377849502977776,0.004779459367902651,0.009543105747819025
2024-10-29,0.04597264753426574,0.02120062693737772,0.020738063300586387,0.031017129065191072,0.03494892043479503,0.032703637267400665,0.02120062693737772,0.020738063300586387,0.031017129065191072,0.03494892043479503,0.032703637267400665,0.019910368398568544,0.020738063300586387,0.0386991543558108,0.019041853160338195,0.03132344628066272,0.050570946953232054,0.02791774924290107,0.0312084273455044,0.03007652301994059
2024-10-30,-0.003399464106643513,-0.001655274288927288,-0.00319756682231318,-0.019833056146899765,-0.026274067132132407,-0.018745032137229955,-0.001655274288927288,-0.00319756682231318,-0.019833056146899765,-0.026274067132132407,-0.018745032137229955,-0.010214845508356607,-0.00319756682231318,-0.018417065590149682,-0.0046454163827511765,-0.01481130938116595,-0.03471248006392273,-0.014223208015092493,-0.016284631453737885,-0.011233065921268603
2024-10-31,-0.04920435982177092,-0.028699011025172184,-0.029386997875847354,-0.04020260296724923,-0.038201389528146536,-0.04020645127927036,-0.028699011025172184,-0.029386997875847354,-0.04020260296724923,-0.038201389528146536,-0.04020645127927036,-0.034821492284807,-0.029386997875847354,-0.026803268240995638,-0.03064185580576009,-0.02796032057472191,-0.04302999041999285,-0.03361334708338537,-0.02614984805664422,-0.03167050230279747
2024-11-01,-0.018245635157033587,-0.0038187404989745936,-0.006675448759957869,-0.01799682478328539,-0.00935752116596453,-0.022913615983080234,-0.0038187404989745936,-0.006675448759957869,-0.01799682478328539,-0.00935752116596453,-0.022913615983080234,-0.005701813484615382,-0.006675448759957869,-0.015042174063133526,-0.008302612087875572,-0.012680768249434643,-0.02607890477989638,-0.015726932857239494,-0.01900908768416416,-0.011243061268338512
2024-11-02,-0.0351423382316321,-0.0059384591442704915,-0.004762767385743061,-0.01805713824014764,-0.016081047460438494,-0.017196907470687077,-0.0059384591442704915,-0.004762767385743061,-0.01805713824014764,-0.016081047460438494,-0.017196907470687077,-0.004301006500622595,-0.004762767385743061,-0.007309697578230031,-0.004762767385743061,-0.007315413403525228,-0.015378752272540805,-0.011486578073707458,-0.019837155756246255,-0.011871232315654996
2024-11-03,-0.028325215083693615,-0.012552021777358969,-0.01407201520256325,-0.029981126530498958,-0.029981126530498958,-0.029981126530498958,-0.012552021777358969,-0.01407201520256325,-0.029981126530498958,-0.029981126530498958,-0.029981126530498958,-0.015728983403558928,-0.01407201520256325,-0.018257109398895754,-0.01407201520256325,-0.018257109398895754,-0.04037949725823216,-0.027958084128189786,-0.009335275158518714,-0.007131216338706859
2024-11-04,-0.03714248469682013,-0.011867282030335225,-0.01770197179368096,-0.023623913926061182,-0.023623913926061182,-0.023623913926061182,-0.011867282030335225,-0.01770197179368096,-0.023623913926061182,-0.023623913926061182,-0.023623913926061182,-0.014838113152674182,-0.01770197179368096,-0.022761231041244525,-0.01770197179368096,-0.022761231041244525,-0.03839533799472543,0.0025794605237908995,-0.02793691010035102,-0.022834847054362763
2024-11-05,0.0894627693687073,0.011249023905127897,0.018056377180538076,0.05636316881486905,0.05636316881486905,0.05636316881486905,0.011249023905127897,0.018056377180538076,0.05636316881486905,0.05636316881486905,0.05636316881486905,0.02554209867702402,0.018056377180538076,0.025967089560074014,0.018056377180538076,0.025967089560074014,0.06483973694911271,0.046775312805352076,0.04057708914646719,0.03327443475860155
2024-11-06,0.1410889414109362,0.066575933104411,0.07972952428114675,0.14079000932256736,0.14079000932256736,0.14079000932256736,0.066575933104411,0.07972952428114675,0.14079000932256736,0.14079000932256736,0.14079000932256736,0.08767523416713555,0.07972952428114675,0.1252034624585604,0.07972952428114675,0.1252034624585604,0.13516234574477776,0.0813360225422048,0.09928162138153117,0.08440612791056577
2024-11-07,-0.008667931491545279,0.017692632750762095,0.02305994159503886,0.025101769584324377,0.025101769584324377,0.025101769584324377,0.017692632750762095,0.02305994159503886,0.025101769584324377,0.025101769584324377,0.025101769584324377,0.031107918424411053,0.02305994159503886,0.03217668432500509,0.02305994159503886,0.03217668432500509,0.017283963713617026,-0.00697034772863836,0.012288559643824916,0.011588616129682896
2024-11-08,-0.01253776950622851,0.0064652365624606745,0.009714244235429725,0.014512263906195533,0.014512263906195533,0.014512263906195533,0.0064652365624606745,0.009714244235429725,0.014512263906195533,0.014512263906195533,0.014512263906195533,0.009030923560671457,0.009714244235429725,0.007394189162778257,0.010714244235429726,0.007394189162778257,-0.002282157051964124,0.009389144239222729,0.011986901235340415,0.0016133653394112156
2024-11-09,0.08337043274598863,0.024037576527913586,0.015098315124917772,0.05085864661046551,0.04334632231121134,0.050291115037598116,0.024037576527913586,0.015098315124917772,0.05085864661046551,0.04334632231121134,0.050291115037598116,0.022585996854967406,0.02363928350205673,0.01565032317994385,0.02205485054537353,0.01565032317994385,0.07054229423246458,0.0743275109030479,0.07394653471032735,0.0731963263263748
2024-11-10,0.09331923138095069,0.026759552086669205,0.03609028912122847,0.07209482800904225,0.07959606120929451,0.0811322182968024,0.026759552086669205,0.03609028912122847,0.07209482800904225,0.07959606120929451,0.0811322182968024,0.0347243028414721,0.027313770968631215,0.04252275246351723,0.0265392896943649,0.04252275246351723,0.0813054548223574,0.07334070406755451,0.09875662421088699,0.09875662421088699
2024-11-11,0.12939911008083954,0.05834903533829712,0.059533311820322024,0.06650995164152432,0.063968915716282,0.09844987705014924,0.05834903533829712,0.059533311820322024,0.06650995164152432,0.063968915716282,0.09844987705014924,0.06519394856385752,0.04923124839524786,0.07165481399070997,0.058851996427600285,0.07165481399070997,0.11285929376411535,0.10601438053855496,0.11330266339113329,0.11330266339113329
2024-11-12,-0.04755217907767949,0.030665358537786513,0.031620208463923216,-0.056488130331037056,-0.017370946898052696,-0.049760133287991545,0.030665358537786513,0.031620208463923216,-0.056488130331037056,-0.017370946898052696,-0.049760133287991545,-0.0021546356417299975,0.022790649343095184,0.029399432074832046,-0.005620224870579761,0.029399432074832046,-0.02543929937555949,0.007380694803957023,0.039715311493847334,0.039715311493847334
2024-11-13,-0.019051482074764793,-0.014501649489340185,-0.009716381440675149,-0.01888353741008306,-0.017171596573142222,-0.018562597464549715,-0.014501649489340185,-0.009716381440675149,-0.01888353741008306,-0.017171596573142222,-0.018562597464549715,-0.00020519789977591118,-0.016713851158740134,-0.011171177401526355,-0.007169505282195954,-0.011171177401526355,0.01186178826445312,-0.0024346633251111534,0.09876883771279968,0.09876883771279968
2024-11-14,-0.04399596303006201,0.00945159287798496,0.0037606171568731923,-0.06321424540157164,-0.028556177624240897,-0.03628357375051099,0.00945159287798496,0.0037606171568731923,-0.06321424540157164,-0.028556177624240897,-0.03628357375051099,0.004847597028411935,0.011031401489942885,0.00028036566103115806,-0.020014272374493693,0.00028036566103115806,-0.05536874072473574,-0.050764744875162714,-0.034890077539184515,-0.034890077539184515
2024-11-15,0.04745077995413529,0.055905619837796836,0.06532178323891509,0.05426748629528582,0.07586348767412072,0.051618927384904395,0.055905619837796836,0.06532178323891509,0.05426748629528582,0.07586348767412072,0.051618927384904395,0.0487228914370961,0.0550162404370938,0.07471118353043654,0.03371827448855926,0.07471118353043654,0.039554600221829175,0.04773732862252991,0.06576356106161936,0.06576356106161936
2024-11-16,-0.009811290118081063,0.009773793905068296,0.009773793905068296,0.06314997899583201,0.056586167250800026,0.058217805071935275,0.009773793905068296,0.009773793905068296,0.06314997899583201,0.056586167250800026,0.058217805071935275,0.05162610013132115,0.019698372405573546,0.03641234583885149,0.017010375028995828,0.0346866091196867,0.02331041432203365,0.017354966591038773,-0.0021277956977197037,0.024474536223780916
2024-11-17,-0.016408941170896488,0.012814533387408612,0.012814533387408612,-0.008982950711958449,-0.002508117264815226,-0.02075995145552987,0.012814533387408612,0.012814533387408612,-0.008982950711958449,-0.002508117264815226,-0.02075995145552987,0.0018303262304830929,0.015265645379011185,-0.008306691207102545,0.015265645379011185,-0.0036862662400598753,-0.010811904530943052,-0.0037160743442830324,0.02581314891044735,-0.014325629751655189
2024-11-18,0.013348544247899531,0.014796858987804253,0.014796858987804253,0.03852756665948925,0.02901550452847912,0.04605011443504328,0.014796858987804253,0.014796858987804253,0.03852756665948925,0.02901550452847912,0.04605011443504328,0.023154813336133055,0.0103103018719519,0.028296633834745323,0.0103103018719519,0.02600066575058011,7.630358983157226e-05,-0.01505733690344424,-0.022141517562456837,0.0012709034482325748
2024-11-19,-0.01891090526342372,-0.00775506437909741,-0.00775506437909741,-0.03132737479264036,-0.016903837933914125,-0.039890427464689626,-0.00775506437909741,-0.00775506437909741,-0.03132737479264036,-0.016903837933914125,-0.039890427464689626,-0.007490834337764341,-0.005305869493873838,-0.02318750389305755,-0.005305869493873838,-0.01910396253156721,-0.0338981156529512,-0.01949684588270877,-0.008308468203050446,-0.0059036795505032595
2024-11-20,-0.04100330648577604,-0.008037640037825013,-0.008037640037825013,-0.03521622948143824,-0.024538502012045417,-0.03062219499216854,-0.008037640037825013,-0.008037640037825013,-0.03521622948143824,-0.024538502012045417,-0.03062219499216854,-0.0025348892501041,-0.015456050576182047,-0.020618133215782875,-0.015456050576182047,-0.016632728532907162,-0.04088146744053831,-0.01992796019448804,-0.02869413174566775,-0.018366860049362166
2024-11-21,0.04602182412776826,0.05425832161174475,0.05425832161174475,0.082432564695194,0.0750862622852225,0.08905654702988271,0.05425832161174475,0.05425832161174475,0.082432564695194,0.0750862622852225,0.08905654702988271,0.07624021689331353,0.054519814000140346,0.06594418800365937,0.054519814000140346,0.06866996989585403,0.096062717322422,0.06334678900354684,0.06351122507637935,0.06626096887327085
2024-11-22,0.0035470678063245927,0.009842776651955633,0.009842776651955633,0.020071536151921303,0.0162418627961122,0.027594960580316855,0.009842776651955633,0.009842776651955633,0.020071536151921303,0.0162418627961122,0.027594960580316855,0.039678008412210454,0.001955331403869166,0.02087743875022719,0.001955331403869166,0.014207789539298936,0.028175194911550322,0.01906834610395782,-0.03168974648671354,0.03517572367093387
2024-11-23,-0.0019295503507273431,0.012478280479615345,0.012478280479615345,-0.0031419280931399363,-0.010034848852466347,0.005353716052117426,0.012478280479615345,0.012478280479615345,-0.0031419280931399363,-0.010034848852466347,0.005353716052117426,0.004890192234334889,0.005520842660444924,-0.0040983860053126694,0.012478280479615345,-0.0030360305625147287,0.003281547620381479,-0.012724859988135908,0.00014620548491722004,0.009940058283304232
2024-11-24,-0.010822526560660385,-0.003620010074905644,-0.003620010074905644,-0.0025992193081740608,-0.008609975180512607,0.02511278574905791,-0.003620010074905644,-0.003620010074905644,-0.0025992193081740608,-0.008609975180512607,0.02511278574905791,-0.005139369452013587,-0.009288825280079438,-0.004368977022237507,-0.003620010074905644,-0.004368977022237507,-0.006402362194033139,-0.01926981927453031,-0.011114598047640523,0.00029114062370421204
2024-11-25,-0.05930133378755645,-0.04069481095977648,-0.04069481095977648,-0.05428469469500437,-0.05380698680262244,-0.0431877640660922,-0.04069481095977648,-0.04069481095977648,-0.05428469469500437,-0.05380698680262244,-0.0431877640660922,-0.031246118709892072,-0.04576319781058921,-0.052500422967761695,-0.04069481095977648,-0.052500422967761695,-0.06628985723218275,-0.05485617381492887,-0.06750453418051311,-0.06877086385223369
2024-11-26,-0.00580485537786466,-0.019149324617009734,-0.019149324617009734,-0.016760387000948642,-0.012306103493095556,-0.010448024300461812,-0.019149324617009734,-0.019149324617009734,-0.016760387000948642,-0.012306103493095556,-0.010448024300461812,-0.01985240990616717,-0.019290991740781128,-0.007206964089246193,-0.019149324617009734,-0.007206964089246193,0.0035568238236652018,-0.00021404857261373388,0.0042009350266819755,0.0012261422735238246
2024-11-27,0.03257856086937103,0.05488988483590025,0.05488988483590025,0.054548441556791886,0.050339741827459594,0.05102378741338081,0.05488988483590025,0.05488988483590025,0.054548441556791886,0.050339741827459594,0.05102378741338081,0.058179947082229955,0.06087845931427478,0.046076995218589906,0.05488988483590025,0.046076995218589906,0.03789089700830042,0.043580499563406955,0.03307290593808574,0.057781291078125595
2024-11-28,-0.004402594970112505,-0.0030501433834320803,-0.0030501433834320803,-0.010799374599678214,-0.01147148553802162,0.0036582408299652425,-0.0030501433834320803,-0.0030501433834320803,-0.010799374599678214,-0.01147148553802162,0.0036582408299652425,0.004727973814656684,-0.004944317747975968,-0.005480317493241359,-0.0030501433834320803,-0.005480317493241359,-0.0020147799824168145,0.004072145327332534,-0.00703192319820436,-0.0033833979370468505
2024-11-29,0.05101762905059365,0.01081733526387696,0.01081733526387696,0.04837327340968589,0.030986261947374305,0.03069495821483366,0.01081733526387696,0.01081733526387696,0.04837327340968589,0.030986261947374305,0.03069495821483366,0.04216194459352101,0.015706483457175204,0.023854714821786277,0.009817335263876958,0.023854714821786277,0.027670391933774748,0.05338061779124297,0.029836945703683365,0.04501878306915609
2024-11-30,0.00048082835590008716,-0.0005563352513394248,-0.0005563352513394248,0.0052653069233157814,-0.0017568909849421683,0.01395962027121133,-0.0005563352513394248,-0.0005563352513394248,0.0052653069233157814,-0.0017568909849421683,0.01395962027121133,0.018170091473354976,-0.009299632966624994,-0.004623135146797191,-0.0032784269063798957,-0.007944289221296724,0.006648815535475877,0.04195340492692874,0.014977370700560705,0.017437458987567853
2024-12-01,0.030019091551113066,0.0041839942373600005,0.0041839942373600005,0.005957607566236666,0.004865688123707046,0.02646259885748055,0.0041839942373600005,0.0041839942373600005,0.005957607566236666,0.004865688123707046,0.02646259885748055,0.046649074937882645,0.024363487778030636,0.01728911751325506,0.010881121914766423,0.028283816244448402,0.04471760429686822,0.008956518680802198,0.011410867009997789,0.014586713306723037
2024-12-02,-0.03917392658578796,-0.0047581506496369615,-0.0047581506496369615,0.007561351230576219,0.022000586373833023,0.05773378751077228,-0.0047581506496369615,-0.0047581506496369615,0.007561351230576219,0.022000586373833023,0.05773378751077228,0.02163244861681775,-0.01773759117980145,-0.024644676697578687,-0.025289421099172826,-0.0033492133771153582,0.014831883539614739,0.02307700603537373,0.060235705243438825,0.04647296681383631
2024-12-03,-0.005615913570221665,0.22471853196759214,0.22471853196759214,0.01807954330964714,0.00045776708530018573,-0.004962923922068452,0.22471853196759214,0.22471853196759214,0.01807954330964714,0.00045776708530018573,-0.004962923922068452,0.000907438336029024,0.22454338791392345,0.005225844573656536,0.023904404029578323,0.18663715449335613,-0.019585125881739843,0.004296493012568182,-0.017869890684686852,0.0009567236662389568
2024-12-04,0.05535673313366207,-0.03211836715778893,-0.03211836715778893,0.03239667485198772,0.030221848387826405,0.04845341408296577,-0.03211836715778893,-0.03211836715778893,0.03239667485198772,0.030221848387826405,0.04845341408296577,0.020229005488091506,-0.02926369228783492,0.0320650968132854,0.028325016853376413,-0.021055576929215787,0.0279725278517063,0.016942812171196378,0.015227388858090985,0.01912932357078183
2024-12-05,0.03575412244737271,-0.011319800498606904,-0.011319800498606904,-0.004688587974364666,-0.0031864383077094376,-0.021057074576579748,-0.011319800498606904,-0.011319800498606904,-0.004688587974364666,-0.0031864383077094376,-0.021057074576579748,-0.024443516069039696,-0.014177545289912687,-0.0005299728454917657,-0.009034680856498013,-0.0035814131038447213,0.031783155919076926,0.029502859503815704,0.014604443024989179,0.007960895469333828
2024-12-06,0.02395856033941517,0.022574695891529894,0.022574695891529894,0.055029895912256405,0.04661899098114865,0.048363880535661014,0.022574695891529894,0.022574695891529894,0.055029895912256405,0.04661899098114865,0.048363880535661014,0.04053036574523121,0.013903797907262956,0.03198925527966308,0.024267333895899745,0.019613022649171686,0.03572620359604189,0.05821547979769755,0.0751323839119732,0.058035706907462126
2024-12-07,0.039010932005252824,-0.0009430732265666595,0.014809972323452714,0.013048668534930571,0.00622707595792754,0.007260179953617998,-0.0009430732265666595,0.014809972323452714,0.013048668534930571,0.00622707595792754,0.007260179953617998,0.02892502276888944,0.046098450928146344,0.034001499777065104,0.008445815534197232,0.04033822119844135,0.012612798605112871,-0.014499386048948792,-0.010182346069290305,-0.008888455791626311
2024-12-08,0.010221786740456972,0.0025718804778311235,0.005936749872110016,0.014833123395228789,0.011020792833651337,0.013706991679032332,0.0025718804778311235,0.005936749872110016,0.014833123395228789,0.011020792833651337,0.013706991679032332,0.006218343953381368,0.017071750110477835,0.014048163213078956,-0.0012975283117331762,0.021325758317301435,0.005978685362845449,-0.006026664516314573,-0.010961377197980848,-0.010961377197980848
2024-12-09,-0.07692291389855706,-0.08738216423449376,-0.07605235355884465,-0.15440367413613598,-0.11760765871211705,-0.15585286952201488,-0.08738216423449376,-0.07605235355884465,-0.15440367413613598,-0.11760765871211705,-0.15585286952201488,-0.08874748882615513,-0.08360627535029637,-0.098730226342834,-0.07224760548252024,-0.10357413591382907,-0.12490607251488814,-0.14484704058413694,-0.13027251101930312,-0.13027251101930312
2024-12-10,-0.055865886200707565,-0.01477092814932519,-0.02202479717101513,-0.033380707765107376,-0.03277806550116303,-0.02801109559835948,-0.01477092814932519,-0.02202479717101513,-0.033380707765107376,-0.03277806550116303,-0.02801109559835948,-0.0048990694645234065,-0.02542128622640627,-0.04271063059421368,-0.018793237158088626,-0.03835817855872604,-0.036948035435773394,-0.03888222345399002,-0.028917688654945175,-0.028917688654945175
2024-12-11,0.10479601355991972,0.056887298636824735,0.053796448810860396,0.059196572929017324,0.08282215961359203,0.06322908938746456,0.056887298636824735,0.053796448810860396,0.059196572929017324,0.08282215961359203,0.06322908938746456,0.042935159469734085,0.05017070466532965,0.09009046604991117,0.07909961161826487,0.06229171857958821,0.07787781613164091,0.11953116559910959,0.11127851637148174,0.11127851637148174
2024-12-12,0.00030761386250108703,0.0004020601206539134,-0.005258427383564146,-0.016756159985124943,0.004947719177505915,-0.006928725953690318,0.0004020601206539134,-0.005258427383564146,-0.016756159985124943,0.004947719177505915,-0.006928725953690318,-0.009621155003433478,-0.017869082777977323,-0.004356924381973661,0.009910064479383762,-0.018560780296049975,-0.005484586813218219,0.011376675450021724,0.02150621458912565,0.02150621458912565
2024-12-13,0.007964611792850709,0.0075442948057197,0.009307066297737766,0.00829038569799128,0.013848051341445093,0.008539782047344428,0.0075442948057197,0.009307066297737766,0.00829038569799128,0.013848051341445093,0.008539782047344428,0.01834382712079452,0.015365723466552033,0.010291680117523776,0.012123901725242319,0.010594827621358688,-0.007251304067401616,-0.004157070147464776,-0.005127595256610213,-0.005127595256610213
2024-12-14,-0.004203247570914878,-0.014184873349930772,-0.014184873349930772,-0.04352104410964459,-0.02595248676296189,-0.04067625673553826,-0.014184873349930772,-0.014184873349930772,-0.04352104410964459,-0.02595248676296189,-0.04067625673553826,-0.011611673772668875,-0.026027661401983045,-0.028305889403145067,-0.016745379480656217,-0.02339214730087759,-0.005475594971228327,-0.002377569770872937,-0.009360327416887096,-0.002426383807960424
2024-12-15,0.05083381157819935,0.019571786076866448,0.019571786076866448,0.03768350800781497,0.029523707447552106,0.035890317752115444,0.019571786076866448,0.019571786076866448,0.03768350800781497,0.029523707447552106,0.035890317752115444,0.019490937038847633,0.029523707447552106,0.016575017011172165,0.017217110117252465,0.019571786076866448,0.0444967848065793,0.04722606770082205,0.04487427948268703,0.04722606770082205
2024-12-16,-0.022551402902509277,-0.00458767187890008,-0.00458767187890008,-0.006539754814546407,-0.01243158283447199,-0.007828234353753329,-0.00458767187890008,-0.00458767187890008,-0.006539754814546407,-0.01243158283447199,-0.007828234353753329,0.005658510474332567,-0.01243158283447199,-7.556912655013511e-05,0.008501558561247879,-0.00458767187890008,-0.015601670279400362,-0.005535221843012607,-0.015601670279400362,-0.005535221843012607
2024-12-17,-0.017220765511494984,-0.0027804395366639372,-0.0027804395366639372,-0.013358994710531591,0.0024286295768277235,-0.011758223304132898,-0.0027804395366639372,-0.0027804395366639372,-0.013358994710531591,0.0024286295768277235,-0.011758223304132898,-0.002520617123007507,0.0024286295768277235,-0.007604061320328205,-0.01872043293522816,-0.0027804395366639372,-0.018555123241133377,-0.014085243950544557,-0.018555123241133377,-0.014085243950544557
2024-12-18,-0.08455392161216282,-0.06669289342480988,-0.06669289342480988,-0.09804980095205913,-0.06615196962581874,-0.09305854607690332,-0.06669289342480988,-0.06669289342480988,-0.09804980095205913,-0.06615196962581874,-0.09305854607690332,-0.07181811720241953,-0.06615196962581874,-0.06495680228981145,-0.06373729931860628,-0.06669289342480988,-0.0728979744455219,-0.06261962525073761,-0.0728979744455219,-0.06261962525073761
2024-12-19,-0.08997535892830028,-0.059934418578840694,-0.059934418578840694,-0.09535617675259558,-0.060390172862846314,-0.08794959054017865,-0.059934418578840694,-0.059934418578840694,-0.09535617675259558,-0.060390172862846314,-0.08794959054017865,-0.053788954070441396,-0.060390172862846314,-0.06293593657110146,-0.06218698963881024,-0.059934418578840694,-0.07398866977432987,-0.06099523086809808,-0.07398866977432987,-0.06099523086809808
2024-12-20,0.08461291666358262,0.010830930492182178,0.009830930492182179,0.03726007699833847,0.03056186147856506,0.035870833671006366,0.010830930492182178,0.009830930492182179,0.03726007699833847,0.03056186147856506,0.035870833671006366,0.01373935304836671,0.03143686147856506,0.014881172543098781,0.01742066859713101,0.009830930492182179,0.08862304432930242,0.08402292320965653,0.08862304432930242,0.08402292320965653
2024-12-21,-0.0500538469461496,-0.025014211722296387,-0.03020451388377894,-0.03664625205249805,-0.03614302226046359,-0.04253160028041949,-0.025014211722296387,-0.03020451388377894,-0.03664625205249805,-0.03614302226046359,-0.04253160028041949,-0.015238295888083498,-0.020960600321833292,-0.023814092028062027,-0.021650140735318086,-0.020960600321833292,-0.04745717655024029,-0.05226142138758983,-0.029786226669924823,-0.050782617719421295
2024-12-22,-0.010588576871763511,-0.01777772156626367,-0.01602796773835942,-0.001987082313255838,-0.014284948636963814,-0.007988608299304412,-0.01777772156626367,-0.01602796773835942,-0.001987082313255838,-0.014284948636963814,-0.007988608299304412,-0.019871501909349408,-0.01747690905243362,-0.013719910394397107,-0.01747690905243362,-0.01747690905243362,-0.0146356594042087,-0.009253757456915779,-0.009181212617362466,-0.016434475037862103
2024-12-23,0.05041524533090365,0.04012317964255931,0.03754199029183139,0.05956317137200981,0.044141771553765356,0.055432008756607004,0.04012317964255931,0.03754199029183139,0.05956317137200981,0.044141771553765356,0.055432008756607004,0.0348180948096863,0.03686847196306364,0.04438850734144455,0.03686847196306364,0.03686847196306364,0.06937875185887231,0.055076337862925234,0.05223023868053787,0.05922021306788801
2024-12-24,0.006056653475769913,0.027698673527743134,0.02572481352675693,0.02272351962941497,0.04347369029380315,0.03397868822402104,0.027698673527743134,0.02572481352675693,0.02272351962941497,0.04347369029380315,0.03397868822402104,0.02584700087369529,0.02906159321165243,0.024098018899020746,0.02906159321165243,0.02906159321165243,0.02087023851520784,0.02491361747341858,0.027660164104481272,0.033017179033095534
2024-12-25,-0.01741367327042136,0.0021534961327994927,0.0015161783300383425,-0.0172195860006632,-0.008930845054598981,-0.019283448266319336,0.0021534961327994927,0.0015161783300383425,-0.0172195860006632,-0.008930845054598981,-0.019283448266319336,-0.0004824186093303818,-0.0003459628094682589,-0.0006507047079182147,-0.0003459628094682589,-0.0003459628094682589,-0.023401684305561575,-0.02027616366836984,-0.02092156484199841,-0.020372845377270465
2024-12-26,-0.07076819496442158,-0.042382766126453336,-0.04177748628622224,-0.06082851079764456,-0.05664133823035429,-0.05884469565722701,-0.042382766126453336,-0.04177748628622224,-0.06082851079764456,-0.05664133823035429,-0.05884469565722701,-0.04559643493123236,-0.04543064452695436,-0.041446237469096356,-0.04543064452695436,-0.04543064452695436,-0.06669285386786224,-0.06193849297971626,-0.0652964936188005,-0.06645215568645191
2024-12-27,-0.007716948076385211,-0.007560271589280987,-0.008860252530973757,-0.004848825713673777,-0.006188451174601756,-0.008032083382321486,-0.007560271589280987,-0.008860252530973757,-0.004848825713673777,-0.006188451174601756,-0.008032083382321486,-0.00392339175691121,-0.008330667886813537,-0.0025958858610338935,-0.008330667886813537,-0.008330667886813537,-0.01853686089067092,-0.009372699335791651,-0.00739202322287464,-0.013498067672250253
2024-12-28,0.029815465780227646,0.03538737257940548,0.03538737257940548,0.03967379931551478,0.04116782432922011,0.03628554110003499,0.03538737257940548,0.03538737257940548,0.03967379931551478,0.04116782432922011,0.03628554110003499,0.026653676687601595,0.03467072817080168,0.03372263718014873,0.03467072817080168,0.03467072817080168,0.02584760446706786,0.025953785190445257,0.03125574330797527,0.02524239056087739
2024-12-29,-0.027853392045585148,-0.02554191880053567,-0.02554191880053567,-0.0367250303628609,-0.029912653460129973,-0.03751886947979044,-0.02554191880053567,-0.02554191880053567,-0.0367250303628609,-0.029912653460129973,-0.03751886947979044,-0.028103721799922245,-0.030999691938859143,-0.029607694672455675,-0.030999691938859143,-0.030999691938859143,-0.03255647851853303,-0.034679606896716036,-0.03219632361883822,-0.026868443050338996
2024-12-30,0.003392706465858164,0.0026348395708418746,0.0026348395708418746,0.002696564265202905,-0.003948074576976856,-0.0029502643202000025,0.0026348395708418746,0.0026348395708418746,0.002696564265202905,-0.003948074576976856,-0.0029502643202000025,-0.002271744835573397,-0.0010748587502565242,0.002897529537857602,-0.0010748587502565242,-0.0010748587502565242,0.004338239418413626,-0.0062170812439809485,5.790529033198265e-05,0.004106085482765786
2024-12-31,-0.012082932786143785,-0.0014730157517156117,-0.0014730157517156117,0.007523058821619565,-0.008312928706871016,-0.010173944609974873,-0.0014730157517156117,-0.0014730157517156117,0.007523058821619565,-0.008312928706871016,-0.010173944609974873,0.0031092219790787023,0.00237734554895932,-0.0038489695605003144,0.00237734554895932,0.00237734554895932,-0.01634527639340029,-0.0009987776038235642,-0.007120663270554139,-0.008753098450652396
