candidate_name,strategy_family,target_type,model_type,asset_universe,uses_macro,uses_trend,uses_volatility,uses_liquidity,uses_derivatives,uses_onchain,uses_ml,uses_ensemble,uses_state_machine,uses_broader_universe,point_in_time_safe,uses_forward_derived_features,uses_label_only_features_live,universe_bias_risk,api_reproducibility_risk,leakage_risk,selected_using_2025,parameter_count,config_json,development_gross_sharpe,development_cagr,development_volatility,development_max_dd,development_calmar,development_sortino,development_exposure,development_cash_exposure,development_turnover,development_trades,development_return_per_unit_exposure,development_drawdown_per_unit_exposure,development_conditional_sharpe_when_invested,development_net_sharpe_10bps,development_net_sharpe_25bps,development_net_sharpe_50bps,development_net_sharpe_100bps,audit_gross_sharpe,audit_cagr,audit_volatility,audit_max_dd,audit_calmar,audit_sortino,audit_exposure,audit_cash_exposure,audit_turnover,audit_trades,audit_return_per_unit_exposure,audit_drawdown_per_unit_exposure,audit_conditional_sharpe_when_invested,audit_net_sharpe_10bps,audit_net_sharpe_25bps,audit_net_sharpe_50bps,audit_net_sharpe_100bps,window_a_gross_sharpe,window_a_cagr,window_a_volatility,window_a_max_dd,window_a_calmar,window_a_sortino,window_a_exposure,window_a_cash_exposure,window_a_turnover,window_a_trades,window_a_return_per_unit_exposure,window_a_drawdown_per_unit_exposure,window_a_conditional_sharpe_when_invested,window_a_net_sharpe_10bps,window_a_net_sharpe_25bps,window_a_net_sharpe_50bps,window_a_net_sharpe_100bps,window_b_gross_sharpe,window_b_cagr,window_b_volatility,window_b_max_dd,window_b_calmar,window_b_sortino,window_b_exposure,window_b_cash_exposure,window_b_turnover,window_b_trades,window_b_return_per_unit_exposure,window_b_drawdown_per_unit_exposure,window_b_conditional_sharpe_when_invested,window_b_net_sharpe_10bps,window_b_net_sharpe_25bps,window_b_net_sharpe_50bps,window_b_net_sharpe_100bps,window_c_gross_sharpe,window_c_cagr,window_c_volatility,window_c_max_dd,window_c_calmar,window_c_sortino,window_c_exposure,window_c_cash_exposure,window_c_turnover,window_c_trades,window_c_return_per_unit_exposure,window_c_drawdown_per_unit_exposure,window_c_conditional_sharpe_when_invested,window_c_net_sharpe_10bps,window_c_net_sharpe_25bps,window_c_net_sharpe_50bps,window_c_net_sharpe_100bps,stress_return,stress_max_dd,stress_exposure,cpcv_median_sharpe,cpcv_best_fold,cpcv_worst_fold,cpcv_positive_fold_pct,pbo,dsr_probability,bootstrap_ci_low,bootstrap_ci_high,removed_best_month_sharpe,removed_worst_month_sharpe,single_month_dependence_flag,one_asset_dependence_flag,delay_1w_sharpe,delay_2w_sharpe,delay_1m_sharpe,delay_1w_max_dd,delay_2w_max_dd,delay_1m_max_dd,delay_1w_cagr,delay_2w_cagr,delay_1m_cagr,subperiod_stability,clean_score,dual_score,robust_realistic_score,high_exposure_score,onchain_incremental_score,dual_sharpe_pass,cost_50bps_pass,delayed_refit_pass,clean_selection_pass,leakage_pass,final_status,failure_reason,economic_interpretation
lab_0473_state_machine,state_machine,regime_transition,state_machine,BTC/ETH,True,True,True,True,False,False,False,False,True,False,True,False,False,none,low,low,False,3,"{""family"": ""state_machine"", ""model_type"": ""state_machine"", ""name"": ""lab_0473_state_machine"", ""params"": {""breadth"": 1.0, ""rebalance"": 14, ""votes"": 2}, ""target_type"": ""regime_transition"", ""universe"": ""BTC/ETH"", ""uses_broader_universe"": false, ""uses_derivatives"": false, ""uses_ensemble"": false, ""uses_liquidity"": true, ""uses_macro"": true, ""uses_ml"": false, ""uses_onchain"": false, ""uses_state_machine"": true, ""uses_trend"": true, ""uses_volatility"": true}",1.8048339570480814,0.08134096783298252,0.05,-0.3114267183300336,0.2611881481112409,2.0410590506052935,0.4202260987849668,0.5797739012150331,0.10995876697591639,240,0.1935647692234493,-0.7410932334533397,2.737891406000083,1.7015281123974704,1.591569345421554,1.4083047337950267,1.0417755105419721,1.2872116531258944,0.10255048101405115,0.0703744585037239,-0.1712846950815185,0.598713626837733,1.4457934010947784,0.4202260987849668,0.5797739012150331,0.10995876697591639,240,0.2440364396941635,-0.7410932334533397,1.9393977487006662,1.1839058084752834,1.073947041499367,0.8906824298728397,0.524153206619785,1.5758139539610172,0.08046395951551798,0.05,-0.21799870283102352,0.36910292800176747,1.7776860470551696,0.4202260987849668,0.5797739012150331,0.10995876697591639,240,0.19147777767294757,-0.7410932334533397,2.384600949862389,1.4725081093104062,1.3625493423344899,1.1792847307079626,0.8127555074549079,1.4213776275604983,0.060240215880576146,0.05,-0.3114267183300336,0.19343303684283358,1.600084271694573,0.4202260987849668,0.5797739012150331,0.10995876697591639,240,0.14335191473055453,-0.7410932334533397,2.1463646409687622,1.3180717829098874,1.208113015933971,1.0248484043074437,0.658319181054389,2.1929518980141594,0.10810369367532931,0.05,-0.14014202324851513,0.7713867059249462,2.487394682716283,0.4202260987849668,0.5797739012150331,0.10995876697591639,240,0.2572512606615775,-0.7410932334533397,3.336609258374758,2.089646053363549,1.9796872863876323,1.796422674761105,1.4298934515080504,-0.16065488467158479,-0.2335700387475252,0.33618087902797344,1.7739281897055035,1.9796872863876323,1.208113015933971,1.0,0.5,0.85505779136399,1.208113015933971,1.9796872863876323,1.5086088634908692,1.8635756549004854,False,False,1.1566347208758228,1.06862990515701,0.9429087398444207,-0.1712846950815185,-0.1712846950815185,-0.1712846950815185,0.09742295696334859,0.09229543291264604,0.08204038481124093,1.1834437689866886,1.300032131249258,1.2256093093682552,1.1583899919567777,1.0390428437684256,-0.1,True,True,True,True,True,candidate,,state machine timing
lab_0460_state_machine,state_machine,regime_transition,state_machine,BTC/ETH,True,True,True,True,False,False,False,False,True,False,True,False,False,none,low,low,False,3,"{""family"": ""state_machine"", ""model_type"": ""state_machine"", ""name"": ""lab_0460_state_machine"", ""params"": {""breadth"": 0, ""rebalance"": 7, ""votes"": 4}, ""target_type"": ""regime_transition"", ""universe"": ""BTC/ETH"", ""uses_broader_universe"": false, ""uses_derivatives"": false, ""uses_ensemble"": false, ""uses_liquidity"": true, ""uses_macro"": true, ""uses_ml"": false, ""uses_onchain"": false, ""uses_state_machine"": true, ""uses_trend"": true, ""uses_volatility"": true}",1.3805840612384463,0.06259523453324328,0.05,-0.2627862610231324,0.23819827676505959,1.5531716704242131,0.41911607447590726,0.5808839255240927,0.08357590815245095,183,0.14935059365479322,-0.6270011508189924,2.0861928914990164,1.2948667891368124,1.2112908809843614,1.0719977007302766,0.7934113402221067,1.6136742038599927,0.10762703090141282,0.0603400725695873,-0.14453244356272282,0.7446565507951567,1.8212253344389915,0.41911607447590726,0.5808839255240927,0.08357590815245095,183,0.2567952828724056,-0.6270011508189924,2.4462378620946756,1.5279569317583588,1.4443810236059078,1.305087843351823,1.0265014828436532,1.1915309364350481,0.057967359006632864,0.05,-0.18395038271619268,0.3151249709334263,1.3357605769003051,0.41911607447590726,0.5808839255240927,0.08357590815245095,183,0.1383086035989419,-0.6270011508189924,1.7941701315688636,1.1058136643334142,1.0222377561809632,0.8829445759268784,0.6043582154187085,0.9034295169367439,0.005134330334035875,0.05,-0.2627862610231324,0.019538047057886,1.0044439444772553,0.41911607447590726,0.5808839255240927,0.08357590815245095,183,0.012250377990050153,-0.6270011508189924,1.3491514536222227,0.8177122448351098,0.734136336682659,0.5948431564285741,0.31625679592040423,1.417658953443144,0.0875468636957883,0.05514210939693697,-0.11825381746040958,0.7403301269753789,1.5958077964596156,0.41911607447590726,0.5808839255240927,0.08357590815245095,183,0.20888452871979002,-0.6270011508189924,2.1434609866811924,1.3319416813415101,1.2483657731890592,1.1090725929349743,0.8304862324268044,-0.10914263514076324,-0.1970896957673493,0.33529285958072585,1.2007915788895582,1.531170028882812,0.734136336682659,1.0,0.6666666666666666,0.7942250986601321,0.734136336682659,1.531170028882812,1.1479964520526793,1.4181132643003687,False,False,1.4569802675511934,1.3461230732809937,1.1877556528949946,-0.14453244356272282,-0.14453244356272282,-0.14453244356272282,0.10224567935634217,0.09686432781127154,0.08610162472113025,0.7911390897159549,0.9505847536290858,1.2238913173630261,1.0740390834941704,1.011344226554684,-0.1,True,True,True,True,True,candidate,,state machine timing
lab_0465_state_machine,state_machine,regime_transition,state_machine,BTC/ETH,True,True,True,True,False,False,False,False,True,False,True,False,False,none,low,low,False,3,"{""family"": ""state_machine"", ""model_type"": ""state_machine"", ""name"": ""lab_0465_state_machine"", ""params"": {""breadth"": 0.5, ""rebalance"": 1, ""votes"": 3}, ""target_type"": ""regime_transition"", ""universe"": ""BTC/ETH"", ""uses_broader_universe"": false, ""uses_derivatives"": false, ""uses_ensemble"": false, ""uses_liquidity"": true, ""uses_macro"": true, ""uses_ml"": false, ""uses_onchain"": false, ""uses_state_machine"": true, ""uses_trend"": true, ""uses_volatility"": true}",1.593428404351376,0.03392638888975179,0.05,-0.2219949081250849,0.1528250768284995,1.7979426650040822,0.3667555156059837,0.6332444843940164,0.07447399721834716,163,0.09250409999613997,-0.6052939865356534,2.5816042716932492,1.5137790728724778,1.4393050756541308,1.3151817469568854,1.0669350895623948,1.2879242237354318,0.06861818946612444,0.05,-0.12209719946879671,0.5619964238709716,1.4466128572957464,0.3667555156059837,0.6332444843940164,0.07447399721834716,163,0.18709518070300268,-0.6052939865356534,2.077141838042203,1.2082748922565336,1.1338008950381866,1.0096775663409412,0.7614309089464507,1.3315284672044478,0.004024605685778178,0.05,-0.15539643568755943,0.025898957514508655,1.4967577372851149,0.3667555156059837,0.6332444843940164,0.07447399721834716,163,0.010973538268752121,-0.6052939865356534,2.1491431531585583,1.2518791357255497,1.1774051385072026,1.0532818098099572,0.8050351524154667,0.9960887370946973,-0.0026071283522084293,0.05,-0.2219949081250849,-0.011744090773196568,1.1110020476589018,0.3667555156059837,0.6332444843940164,0.07447399721834716,163,-0.0071086275223447345,-0.6052939865356534,1.5952497751587953,0.9164394056157992,0.8419654083974519,0.7178420797002067,0.46959542230571616,1.5575802319167638,0.09059086642804318,0.05243800823509766,-0.0998977086562882,0.9068362792957895,1.756717266704278,0.3667555156059837,0.6332444843940164,0.07447399721834716,163,0.24700614598354842,-0.6052939865356534,2.52241013473628,1.4779309004378656,1.4034569032195185,1.2793335745222731,1.0310869171277828,-0.15471811418675774,-0.16649618109381367,0.29340441248478694,1.4024880646210653,1.615180676197298,0.8419654083974519,1.0,0.8333333333333334,0.8268447563845992,0.8419654083974519,1.615180676197298,1.3289141436986696,1.641599824568945,False,False,1.1572902858365972,1.069235590175117,0.9434431678015738,-0.12209719946879671,-0.12209719946879671,-0.12209719946879671,0.06518727999281822,0.061756370519512,0.054894551572899554,0.9102690943534182,1.0963502631311488,1.2008645515617649,1.07138349147352,1.0111228344102847,-0.1,True,True,True,True,True,candidate,,state machine timing
lab_0477_state_machine,state_machine,regime_transition,state_machine,BTC/ETH,True,True,True,True,False,False,False,False,True,False,True,False,False,none,low,low,False,3,"{""family"": ""state_machine"", ""model_type"": ""state_machine"", ""name"": ""lab_0477_state_machine"", ""params"": {""breadth"": 1.0, ""rebalance"": 1, ""votes"": 4}, ""target_type"": ""regime_transition"", ""universe"": ""BTC/ETH"", ""uses_broader_universe"": false, ""uses_derivatives"": false, ""uses_ensemble"": false, ""uses_liquidity"": true, ""uses_macro"": true, ""uses_ml"": false, ""uses_onchain"": false, ""uses_state_machine"": true, ""uses_trend"": true, ""uses_volatility"": true}",1.593428404351376,0.03392638888975179,0.05,-0.2219949081250849,0.1528250768284995,1.7979426650040822,0.3667555156059837,0.6332444843940164,0.07447399721834716,163,0.09250409999613997,-0.6052939865356534,2.5816042716932492,1.5137790728724778,1.4393050756541308,1.3151817469568854,1.0669350895623948,1.2879242237354318,0.06861818946612444,0.05,-0.12209719946879671,0.5619964238709716,1.4466128572957464,0.3667555156059837,0.6332444843940164,0.07447399721834716,163,0.18709518070300268,-0.6052939865356534,2.077141838042203,1.2082748922565336,1.1338008950381866,1.0096775663409412,0.7614309089464507,1.3315284672044478,0.004024605685778178,0.05,-0.15539643568755943,0.025898957514508655,1.4967577372851149,0.3667555156059837,0.6332444843940164,0.07447399721834716,163,0.010973538268752121,-0.6052939865356534,2.1491431531585583,1.2518791357255497,1.1774051385072026,1.0532818098099572,0.8050351524154667,0.9960887370946973,-0.0026071283522084293,0.05,-0.2219949081250849,-0.011744090773196568,1.1110020476589018,0.3667555156059837,0.6332444843940164,0.07447399721834716,163,-0.0071086275223447345,-0.6052939865356534,1.5952497751587953,0.9164394056157992,0.8419654083974519,0.7178420797002067,0.46959542230571616,1.5575802319167638,0.09059086642804318,0.05243800823509766,-0.0998977086562882,0.9068362792957895,1.756717266704278,0.3667555156059837,0.6332444843940164,0.07447399721834716,163,0.24700614598354842,-0.6052939865356534,2.52241013473628,1.4779309004378656,1.4034569032195185,1.2793335745222731,1.0310869171277828,-0.15471811418675774,-0.16649618109381367,0.29340441248478694,1.4024880646210653,1.615180676197298,0.8419654083974519,1.0,0.8333333333333334,0.8268447563845992,0.8419654083974519,1.615180676197298,1.3289141436986696,1.641599824568945,False,False,1.1572902858365972,1.069235590175117,0.9434431678015738,-0.12209719946879671,-0.12209719946879671,-0.12209719946879671,0.06518727999281822,0.061756370519512,0.054894551572899554,0.9102690943534182,1.0963502631311488,1.2008645515617649,1.07138349147352,1.0111228344102847,-0.1,True,True,True,True,True,candidate,,state machine timing
lab_0285_crash_avoidance,crash_avoidance,crash_avoidance,rule,BTC/ETH,False,False,True,False,False,False,False,False,False,False,True,False,False,none,low,low,False,3,"{""family"": ""crash_avoidance"", ""model_type"": ""rule"", ""name"": ""lab_0285_crash_avoidance"", ""params"": {""dd"": -0.15, ""rebalance"": 14, ""volq"": 0.8}, ""target_type"": ""crash_avoidance"", ""universe"": ""BTC/ETH"", ""uses_broader_universe"": false, ""uses_derivatives"": false, ""uses_ensemble"": false, ""uses_liquidity"": false, ""uses_macro"": false, ""uses_ml"": false, ""uses_onchain"": false, ""uses_state_machine"": false, ""uses_trend"": false, ""uses_volatility"": true}",1.5696876925947068,0.08041970619269967,0.05,-0.37004284738227544,0.21732539018548172,1.7706408464839125,0.3377339273541593,0.6622660726458407,0.0895642439505638,196,0.2381155687339899,-1.0956638270878718,2.6493863421510797,1.4799781966276642,1.3904139526771004,1.2411402127594942,0.9425927329242815,1.2720218861360213,0.035641348737406146,0.05,-0.20352356606025152,0.17512148311539907,1.4283251690564243,0.3377339273541593,0.6622660726458407,0.0895642439505638,196,0.10553085091753726,-1.0956638270878718,2.1371839481525843,1.1823123901689787,1.092748146218415,0.9434744063008087,0.644926926465596,1.7686922398555707,0.041702738969228985,0.05,-0.2590299931675928,0.16099579226042465,1.999496075833906,0.3377339273541593,0.6622660726458407,0.0895642439505638,196,0.12347808612517057,-1.0956638270878718,2.991819377158574,1.678982743888528,1.5894184999379644,1.440144760020358,1.1415972801851453,1.088965448996068,0.03271632018138094,0.05,-0.37004284738227544,0.08841224850803049,1.2178102663454782,0.3377339273541593,0.6622660726458407,0.0895642439505638,196,0.09687010256175267,-1.0956638270878718,1.8221932998970791,0.9992559530290255,0.9096917090784618,0.7604179691608555,0.4618704893256428,1.94329369177796,0.043826073883410914,0.05,-0.16651928132202395,0.2631891846726007,2.200287745544654,0.3377339273541593,0.6622660726458407,0.0895642439505638,196,0.12976509119693325,-1.0956638270878718,3.292261281232879,1.8535841958109174,1.7640199518603537,1.6147462119427474,1.3161987321075346,-0.21569364264305393,-0.2775321355367066,0.27018714188332743,1.578102231401338,1.7640199518603537,0.9096917090784618,1.0,0.3333333333333333,0.8234193203284277,0.9096917090784618,1.7640199518603537,1.3087345387055007,1.616672077224442,False,False,1.1426601352451395,1.055718603215618,0.931516414602016,-0.20352356606025152,-0.20352356606025152,-0.20352356606025152,0.03385928130053584,0.032077213863665535,0.028513078989924917,1.052504089545723,1.1295290395147455,1.145320971502727,1.041239818101472,0.9524666921657906,-0.1,True,True,True,True,True,candidate,,crash avoidance timing
lab_0299_crash_avoidance,crash_avoidance,crash_avoidance,rule,BTC/ETH,False,False,True,False,False,False,False,False,False,False,True,False,False,none,low,low,False,3,"{""family"": ""crash_avoidance"", ""model_type"": ""rule"", ""name"": ""lab_0299_crash_avoidance"", ""params"": {""dd"": -0.35, ""rebalance"": 7, ""volq"": 0.7}, ""target_type"": ""crash_avoidance"", ""universe"": ""BTC/ETH"", ""uses_broader_universe"": false, ""uses_derivatives"": false, ""uses_ensemble"": false, ""uses_liquidity"": false, ""uses_macro"": false, ""uses_ml"": false, ""uses_onchain"": false, ""uses_state_machine"": false, ""uses_trend"": false, ""uses_volatility"": true}",1.556907677728235,0.07129193613188399,0.05,-0.3954956595928857,0.18025971816042255,1.75594382938747,0.4191098423529587,0.5808901576470413,0.08391909561580443,183,0.17010322575971523,-0.9436563392844733,2.3585704274611174,1.4709616139843653,1.3870425183685609,1.2471773590088868,0.9674470402895387,1.1878736630735847,0.08043497468761385,0.059235978187799194,-0.21752261277608714,0.369777530993579,1.3315547125346223,0.4191098423529587,0.5808901576470413,0.08391909561580443,183,0.19191860118587842,-0.9436563392844733,1.7885341859859951,1.101927599329715,1.0180085037139106,0.8781433443542366,0.5984130256348884,1.3731637708604245,0.10274223297681451,0.06657895611398934,-0.27684696171501993,0.3711156240991189,1.544638336489488,0.4191098423529587,0.5808901576470413,0.08391909561580443,183,0.24514392790205303,-0.9436563392844733,2.0747464927950947,1.287217707116555,1.2032986115007505,1.0634334521410764,0.7837031334217283,0.9596956913492491,0.008584236209282763,0.05,-0.3954956595928857,0.0217050073776263,1.0691500450516365,0.4191098423529587,0.5808901576470413,0.08391909561580443,183,0.020482067806113318,-0.9436563392844733,1.436074227759979,0.8737496276053794,0.7898305319895751,0.6499653726299011,0.3702350539105529,1.7459360616505275,0.05324394037608562,0.05,-0.17797304681679857,0.2991685613546512,1.9733264708981064,0.4191098423529587,0.5808901576470413,0.08391909561580443,183,0.12704053924661965,-0.9436563392844733,2.650557142030011,1.659989997906658,1.5760709022908534,1.4362057429311794,1.1564754242118314,-0.19980807126175243,-0.2966217446946643,0.33528787388236697,1.5224466437140034,1.7208806596190815,0.7898305319895751,1.0,0.5,0.821553419955502,0.7898305319895751,1.7208806596190815,1.2978715260689997,1.6032530616146468,False,False,1.065243770027698,0.984192613612547,0.8684052473051884,-0.21752261277608714,-0.21752261277608714,-0.21752261277608714,0.07641322595323315,0.07239147721885246,0.06434797975009109,0.8686087702328504,1.0742873898091247,1.1123335022090597,0.9948420259087645,0.9462821561723752,-0.1,True,True,True,True,True,candidate,,crash avoidance timing
lab_0296_crash_avoidance,crash_avoidance,crash_avoidance,rule,BTC/ETH,False,False,True,False,False,False,False,False,False,False,True,False,False,none,low,low,False,3,"{""family"": ""crash_avoidance"", ""model_type"": ""rule"", ""name"": ""lab_0296_crash_avoidance"", ""params"": {""dd"": -0.25, ""rebalance"": 7, ""volq"": 0.9}, ""target_type"": ""crash_avoidance"", ""universe"": ""BTC/ETH"", ""uses_broader_universe"": false, ""uses_derivatives"": false, ""uses_ensemble"": false, ""uses_liquidity"": false, ""uses_macro"": false, ""uses_ml"": false, ""uses_onchain"": false, ""uses_state_machine"": false, ""uses_trend"": false, ""uses_volatility"": true}",1.4817867877759652,0.07097354439727366,0.05,-0.23927711233308044,0.2966165200893786,1.6695548059423597,0.2987603321266138,0.7012396678733862,0.09132488911691074,200,0.23756013354274647,-0.8008998739219351,2.656081353295489,1.3909035283646913,1.2995786392477806,1.147370490719596,0.8429541936632269,1.1876442751347025,-0.015007264529791599,0.05,-0.13160241178319426,-0.11403487463827801,1.3312909164049078,0.2987603321266138,0.7012396678733862,0.09132488911691074,200,-0.0502317841962753,-0.8008998739219351,2.1179400438303535,1.0967610157234287,1.005436126606518,0.8532279780783334,0.5488116810219642,1.7411695663241802,0.09328066495250156,0.05,-0.1674939786331563,0.5569195126518786,1.967845001272807,0.2987603321266138,0.7012396678733862,0.09132488911691074,200,0.3122257372272885,-0.8008998739219351,3.13062883317943,1.6502863069129063,1.5589614177959956,1.406753269267811,1.1023369722114418,0.861956036770567,0.01959041431114027,0.05,-0.23927711233308044,0.08187333138603689,0.9567494422861519,0.2987603321266138,0.7012396678733862,0.09132488911691074,200,0.06557234078464576,-0.8008998739219351,1.5220850159499584,0.7710727773592931,0.6797478882423824,0.5275397397141979,0.22312344265782869,1.7817182781192586,0.05047914055363472,0.05,-0.1076747005498862,0.46881152485998784,2.014476019837147,0.2987603321266138,0.7012396678733862,0.09132488911691074,200,0.1689619910190815,-0.8008998739219351,3.2048137466983433,1.6908350187079848,1.599510129591074,1.4473019810628895,1.1428856840065205,-0.11391283988982782,-0.17945783424981032,0.23900826570129105,1.5373858214338585,1.599510129591074,0.6797478882423824,1.0,0.3333333333333333,0.8102732700530418,0.6797478882423824,1.599510129591074,1.2340187696095704,1.5243761271647636,False,False,1.0650327331239262,0.9839976338644971,0.8682332063510269,-0.13160241178319426,-0.13160241178319426,-0.13160241178319426,-0.014256901303302018,-0.013506538076812439,-0.01200581162383328,0.8550608111145094,1.0408615514848438,1.0806776106186586,0.9625428076234998,0.9102849956550494,-0.1,True,True,True,True,True,candidate,,crash avoidance timing
lab_0470_state_machine,state_machine,regime_transition,state_machine,BTC/ETH,True,True,True,True,False,False,False,False,True,False,True,False,False,none,low,low,False,3,"{""family"": ""state_machine"", ""model_type"": ""state_machine"", ""name"": ""lab_0470_state_machine"", ""params"": {""breadth"": 0.5, ""rebalance"": 14, ""votes"": 4}, ""target_type"": ""regime_transition"", ""universe"": ""BTC/ETH"", ""uses_broader_universe"": false, ""uses_derivatives"": false, ""uses_ensemble"": false, ""uses_liquidity"": true, ""uses_macro"": true, ""uses_ml"": false, ""uses_onchain"": false, ""uses_state_machine"": true, ""uses_trend"": true, ""uses_volatility"": true}",1.2809568331459065,0.018070400635876012,0.05,-0.3355297277884298,0.053856332656373164,1.4386003581177922,0.3784402720067385,0.6215597279932614,0.09847503436006082,215,0.047749676692850095,-0.8866121092483925,2.033497537107318,1.1853068102391993,1.0868317758791384,0.9227067186123703,0.5944566040788343,1.424572227094077,0.02122578292950164,0.05,-0.1845413502836364,0.11501911575307124,1.6037580611581885,0.3784402720067385,0.6215597279932614,0.09847503436006082,215,0.056087537451943524,-0.8866121092483925,2.2669520753825325,1.3289222041873698,1.230447169827309,1.0663221125605409,0.7380719980270048,1.3526209521013723,0.07991807436467481,0.052487176308968896,-0.23487080945190086,0.3402639712920188,1.521014094916578,0.3784402720067385,0.6215597279932614,0.09847503436006082,215,0.21117751010191585,-0.8866121092483925,2.1499914124622546,1.2569709291946651,1.1584958948346042,0.9943708375678362,0.6661207230343001,0.7500349911869252,-0.018759962893223302,0.05,-0.3355297277884298,-0.055911477700874554,0.8280402398649639,0.3784402720067385,0.6215597279932614,0.09847503436006082,215,-0.04957179317556685,-0.8866121092483925,1.1704555604269398,0.654384968280218,0.5559099339201571,0.39178487665338907,0.06353476211985298,1.4586762541014855,0.02217409356303944,0.05,-0.15098837750479344,0.14685960555033767,1.642977692216708,0.3784402720067385,0.6215597279932614,0.09847503436006082,215,0.058593377088167316,-0.8866121092483925,2.3223900034448492,1.3630262311947783,1.2645511968347174,1.1004261395679493,0.7721760250344133,-0.22192406831713635,-0.2516472958413224,0.30275221760539084,1.2115235458346607,1.4382520665428375,0.5559099339201571,1.0,0.5,0.7774654496244338,0.5559099339201571,1.4382520665428375,1.0633133081740205,1.3135046748032018,False,False,1.283006448926551,1.1853863930299655,1.0459291703205578,-0.1845413502836364,-0.1845413502836364,-0.1845413502836364,0.02016449378302656,0.019103204636551477,0.016980626343601313,0.6809084043379467,0.8603335277642064,1.0762351853372827,0.9351453487465743,0.8920252518029291,-0.1,True,True,True,True,True,candidate,,state machine timing
lab_0463_state_machine,state_machine,regime_transition,state_machine,BTC/ETH,True,True,True,True,False,False,False,False,True,False,True,False,False,none,low,low,False,3,"{""family"": ""state_machine"", ""model_type"": ""state_machine"", ""name"": ""lab_0463_state_machine"", ""params"": {""breadth"": 0.5, ""rebalance"": 7, ""votes"": 2}, ""target_type"": ""regime_transition"", ""universe"": ""BTC/ETH"", ""uses_broader_universe"": false, ""uses_derivatives"": false, ""uses_ensemble"": false, ""uses_liquidity"": true, ""uses_macro"": true, ""uses_ml"": false, ""uses_onchain"": false, ""uses_state_machine"": true, ""uses_trend"": true, ""uses_volatility"": true}",1.4599205646922087,0.023213493859489245,0.05,-0.3757528316964432,0.06177862653671914,1.6444086493960397,0.5012697371266461,0.49873026287335387,0.07450461419011017,163,0.0463093862249744,-0.7496020682403753,2.0196502567988297,1.3802508218988019,1.3057462077086917,1.1815718507251747,0.9332231367581407,1.053000825818777,0.0064555076025822195,0.05,-0.20666405743304378,0.031236721482997654,1.1764509496915936,0.5012697371266461,0.49873026287335387,0.07450461419011017,163,0.012878311065786983,-0.7496020682403753,1.4449081519539082,0.9733310830253703,0.8988264688352601,0.7746521118517431,0.5263033978847091,1.5778488419076735,0.044699272174883856,0.05,-0.2630269821875102,0.1699417748062746,1.7800261681938243,0.5012697371266461,0.49873026287335387,0.07450461419011017,163,0.08917209411265646,-0.7496020682403753,2.1862146669087887,1.4981790991142667,1.4236744849241565,1.2995001279406395,1.0511514139736056,1.1349027430011744,0.10426086104822661,0.07989933472623008,-0.3757528316964432,0.27747192370450346,1.2706381544513505,0.5012697371266461,0.49873026287335387,0.07450461419011017,163,0.20799352788753142,-0.7496020682403753,1.5605881639448893,1.0552330002077677,0.9807283860176574,0.8565540290341405,0.6082053150671065,1.6096997704410627,0.12645059721630364,0.07105164551713428,-0.16908877426339944,0.747835554235695,1.816654736007222,0.5012697371266461,0.49873026287335387,0.07450461419011017,163,0.25226058517144395,-0.7496020682403753,2.231201596658685,1.530030027647656,1.4555254134575457,1.3313510564740287,1.0830023425069948,-0.1956753488098205,-0.2818146237723324,0.4010157897013169,1.439599949190851,1.542142667583163,0.9807283860176574,1.0,0.5,0.806888938524044,0.9807283860176574,1.542142667583163,1.2154324799883773,1.501416592926819,False,False,0.941160759753275,0.8695507019459605,0.7672506193640828,-0.20666405743304378,-0.20666405743304378,-0.20666405743304378,0.006132732222453108,0.005809956842323998,0.005164406082065776,1.0699381633891323,1.099687628837468,1.0329229061841911,0.9586579434815035,0.9094661461698627,-0.1,False,True,True,True,True,rejected,did not meet dual Sharpe > 1.0 hurdle,state machine timing
lab_0475_state_machine,state_machine,regime_transition,state_machine,BTC/ETH,True,True,True,True,False,False,False,False,True,False,True,False,False,none,low,low,False,3,"{""family"": ""state_machine"", ""model_type"": ""state_machine"", ""name"": ""lab_0475_state_machine"", ""params"": {""breadth"": 1.0, ""rebalance"": 7, ""votes"": 3}, ""target_type"": ""regime_transition"", ""universe"": ""BTC/ETH"", ""uses_broader_universe"": false, ""uses_derivatives"": false, ""uses_ensemble"": false, ""uses_liquidity"": true, ""uses_macro"": true, ""uses_ml"": false, ""uses_onchain"": false, ""uses_state_machine"": true, ""uses_trend"": true, ""uses_volatility"": true}",1.4599205646922087,0.023213493859489245,0.05,-0.3757528316964432,0.06177862653671914,1.6444086493960397,0.5012697371266461,0.49873026287335387,0.07450461419011017,163,0.0463093862249744,-0.7496020682403753,2.0196502567988297,1.3802508218988019,1.3057462077086917,1.1815718507251747,0.9332231367581407,1.053000825818777,0.0064555076025822195,0.05,-0.20666405743304378,0.031236721482997654,1.1764509496915936,0.5012697371266461,0.49873026287335387,0.07450461419011017,163,0.012878311065786983,-0.7496020682403753,1.4449081519539082,0.9733310830253703,0.8988264688352601,0.7746521118517431,0.5263033978847091,1.5778488419076735,0.044699272174883856,0.05,-0.2630269821875102,0.1699417748062746,1.7800261681938243,0.5012697371266461,0.49873026287335387,0.07450461419011017,163,0.08917209411265646,-0.7496020682403753,2.1862146669087887,1.4981790991142667,1.4236744849241565,1.2995001279406395,1.0511514139736056,1.1349027430011744,0.10426086104822661,0.07989933472623008,-0.3757528316964432,0.27747192370450346,1.2706381544513505,0.5012697371266461,0.49873026287335387,0.07450461419011017,163,0.20799352788753142,-0.7496020682403753,1.5605881639448893,1.0552330002077677,0.9807283860176574,0.8565540290341405,0.6082053150671065,1.6096997704410627,0.12645059721630364,0.07105164551713428,-0.16908877426339944,0.747835554235695,1.816654736007222,0.5012697371266461,0.49873026287335387,0.07450461419011017,163,0.25226058517144395,-0.7496020682403753,2.231201596658685,1.530030027647656,1.4555254134575457,1.3313510564740287,1.0830023425069948,-0.1956753488098205,-0.2818146237723324,0.4010157897013169,1.439599949190851,1.542142667583163,0.9807283860176574,1.0,0.5,0.806888938524044,0.9807283860176574,1.542142667583163,1.2154324799883773,1.501416592926819,False,False,0.941160759753275,0.8695507019459605,0.7672506193640828,-0.20666405743304378,-0.20666405743304378,-0.20666405743304378,0.006132732222453108,0.005809956842323998,0.005164406082065776,1.0699381633891323,1.099687628837468,1.0329229061841911,0.9586579434815035,0.9094661461698627,-0.1,False,True,True,True,True,rejected,did not meet dual Sharpe > 1.0 hurdle,state machine timing
lab_0461_state_machine,state_machine,regime_transition,state_machine,BTC/ETH,True,True,True,True,False,False,False,False,True,False,True,False,False,none,low,low,False,3,"{""family"": ""state_machine"", ""model_type"": ""state_machine"", ""name"": ""lab_0461_state_machine"", ""params"": {""breadth"": 0, ""rebalance"": 14, ""votes"": 4}, ""target_type"": ""regime_transition"", ""universe"": ""BTC/ETH"", ""uses_broader_universe"": false, ""uses_derivatives"": false, ""uses_ensemble"": false, ""uses_liquidity"": true, ""uses_macro"": true, ""uses_ml"": false, ""uses_onchain"": false, ""uses_state_machine"": true, ""uses_trend"": true, ""uses_volatility"": true}",1.2172427142387698,0.09818139522004933,0.07077448972145081,-0.35658596691281164,0.2753372379459216,1.3653291213745853,0.4275665072192224,0.5724334927807776,0.07583411445328281,166,0.22962835854144592,-0.8339894750689217,1.8156731616020028,1.1366866379365812,1.0608525234832984,0.9344623327278272,0.6816819512168845,1.2495600199895645,0.028750513964366908,0.05,-0.1961222818020464,0.14659483716075608,1.402494022987999,0.4275665072192224,0.5724334927807776,0.07583411445328281,166,0.06724220321033217,-0.8339894750689217,1.865096640056134,1.1690039436873758,1.093169829234093,0.9667796384786218,0.7139992569676791,1.055671941928823,0.08227653177059087,0.06712769457797446,-0.24961017683896813,0.3296201012816485,1.1795227332181464,0.4275665072192224,0.5724334927807776,0.07583411445328281,166,0.1924297866680328,-0.8339894750689217,1.5685798659648311,0.9751158656266344,0.8992817511733516,0.7728915604178803,0.5201111789069376,0.8829247220829115,0.07600047312989552,0.07218034825846832,-0.35658596691281164,0.21313366251588442,0.9808634303953482,0.4275665072192224,0.5724334927807776,0.07583411445328281,166,0.17775123132113918,-0.8339894750689217,1.3043942137355913,0.802368645780723,0.7265345313274402,0.6001443405719689,0.34736395906102613,1.4966345562516588,0.02837910305735522,0.05,-0.16046368511076525,0.1768568572868411,1.6866297396894074,0.4275665072192224,0.5724334927807776,0.07583411445328281,166,0.06637354090694633,-0.8339894750689217,2.242952489602434,1.4160784799494701,1.3402443654961873,1.213854174740716,0.9610737932297734,-0.22750445038804684,-0.26743947518460875,0.34205320577537796,1.127116990927111,1.3402443654961873,0.7265345313274402,1.0,0.5,0.766247563215015,0.7265345313274402,1.3402443654961873,1.0091563071029543,1.2466048499507083,False,False,1.1219952183903994,1.0366260169911297,0.9146700149921734,-0.1961222818020464,-0.1961222818020464,-0.1961222818020464,0.02731298826614856,0.02587546256793022,0.023000411171493526,0.730288097462471,0.8727832591430311,1.0174359211054882,0.9014653031468258,0.8601855221363892,-0.1,True,True,True,True,True,candidate,,state machine timing
lab_0469_state_machine,state_machine,regime_transition,state_machine,BTC/ETH,True,True,True,True,False,False,False,False,True,False,True,False,False,none,low,low,False,3,"{""family"": ""state_machine"", ""model_type"": ""state_machine"", ""name"": ""lab_0469_state_machine"", ""params"": {""breadth"": 0.5, ""rebalance"": 7, ""votes"": 4}, ""target_type"": ""regime_transition"", ""universe"": ""BTC/ETH"", ""uses_broader_universe"": false, ""uses_derivatives"": false, ""uses_ensemble"": false, ""uses_liquidity"": true, ""uses_macro"": true, ""uses_ml"": false, ""uses_onchain"": false, ""uses_state_machine"": true, ""uses_trend"": true, ""uses_volatility"": true}",1.4600889005280926,0.05962400187638399,0.05,-0.39480182092408245,0.151022611133927,1.6446022356073062,0.4036817253443514,0.5963182746556486,0.09385651131308942,205,0.14770052279558382,-0.9780027089096139,2.250834126873313,1.367517892986033,1.2736613816729436,1.1172338628177945,0.8043788251074965,1.0678596358141221,0.008150903095693496,0.05,-0.21714100150824536,0.03753737451277246,1.1935385811862402,0.4036817253443514,0.5963182746556486,0.09385651131308942,205,0.020191409677365393,-0.9780027089096139,1.6334997679739316,0.9752886282720625,0.881432116958973,0.725004598103824,0.412149560393526,1.427204684334618,0.06218530463435738,0.05,-0.27636127464685767,0.22501453835679236,1.6067853869848105,0.4036817253443514,0.5963182746556486,0.09385651131308942,205,0.15404537963989237,-0.9780027089096139,2.1990772633549542,1.3346336767925584,1.240777165479469,1.0843496466243199,0.7714946089140219,1.0953268575735449,0.07191809502500368,0.05683756303325252,-0.39480182092408245,0.18216252107619588,1.2251258862095764,0.4036817253443514,0.5963182746556486,0.09385651131308942,205,0.1781554390743242,-0.9780027089096139,1.676730758777144,1.0027558500314853,0.9088993387183958,0.7524718198632467,0.43961678215294875,1.7167209426114935,0.018681491278565117,0.05,-0.1776608194158371,0.10515256734710188,1.9397290840032173,0.4036817253443514,0.5963182746556486,0.09385651131308942,205,0.046277773071419816,-0.9780027089096139,2.6547503856158303,1.624149935069434,1.5302934237563446,1.3738659049011954,1.0610108671908973,-0.25297855002759484,-0.29610136569306184,0.32294538027548114,1.3387818361524004,1.6029882618880864,0.9088993387183958,1.0,0.6666666666666666,0.8069151671208149,0.9088993387183958,1.6029882618880864,1.2155755654488787,1.5015933455544972,False,False,0.9548308649489924,0.8821806904420038,0.7783947268605915,-0.21714100150824536,-0.21714100150824536,-0.21714100150824536,0.007743357940908821,0.007335812786124146,0.006520722476554797,0.9727771514175492,1.0346674075420492,1.0039915335327672,0.9345518771566008,0.867320007304362,-0.1,False,True,True,True,True,rejected,did not meet dual Sharpe > 1.0 hurdle,state machine timing
lab_0472_state_machine,state_machine,regime_transition,state_machine,BTC/ETH,True,True,True,True,False,False,False,False,True,False,True,False,False,none,low,low,False,3,"{""family"": ""state_machine"", ""model_type"": ""state_machine"", ""name"": ""lab_0472_state_machine"", ""params"": {""breadth"": 1.0, ""rebalance"": 7, ""votes"": 2}, ""target_type"": ""regime_transition"", ""universe"": ""BTC/ETH"", ""uses_broader_universe"": false, ""uses_derivatives"": false, ""uses_ensemble"": false, ""uses_liquidity"": true, ""uses_macro"": true, ""uses_ml"": false, ""uses_onchain"": false, ""uses_state_machine"": true, ""uses_trend"": true, ""uses_volatility"": true}",1.3492543490367772,0.06904420763848557,0.05,-0.36053461562519085,0.1915050723181139,1.5171425013922937,0.2951367917061275,0.7048632082938725,0.08396950445607229,183,0.23393968349169428,-1.2215847896868819,2.428381180778484,1.2632746793993956,1.1793051749433234,1.0393560008498695,0.7594576526629618,1.0840418079718606,0.013591000647620883,0.05,-0.19829403859385497,0.06853963308225273,1.2121480791676396,0.2951367917061275,0.7048632082938725,0.08396950445607229,183,0.04604983529519987,-1.2215847896868819,1.9401984856835517,0.998062138334479,0.9140926338784067,0.7741434597849528,0.4942451115980452,1.2081226630454245,0.04367596752775355,0.05,-0.25237423093763356,0.17306032935885085,1.354841062502238,0.2951367917061275,0.7048632082938725,0.08396950445607229,183,0.14798550623008203,-1.2215847896868819,2.168596909062291,1.122142993408043,1.0381734889519707,0.8982243148585167,0.6183259666716091,0.8562702630622128,0.02052811261569781,0.05,-0.36053461562519085,0.05693797967249471,0.9502108025215446,0.2951367917061275,0.7048632082938725,0.08396950445607229,183,0.0695545699234204,-1.2215847896868819,1.5209342751245531,0.7702905934248312,0.6863210889687589,0.546371914875305,0.2664735666883974,1.7851230427646352,0.008072069550511353,0.05,-0.16224057703133588,0.049753703408933744,2.01839149917933,0.2951367917061275,0.7048632082938725,0.08396950445607229,183,0.02735026529172562,-1.2215847896868819,3.2306944980793046,1.6991433731272536,1.6151738686711814,1.4752246945777274,1.1953263463908197,-0.1561357678907207,-0.27040096171889316,0.236109433364902,1.3560705310887018,1.6151738686711814,0.6863210889687589,1.0,0.3333333333333333,0.7890576228829451,0.6863210889687589,1.6151738686711814,1.1213661966812605,1.385217066488616,False,False,0.9697184633341117,0.8959355367760814,0.7905313559788953,-0.19829403859385497,-0.19829403859385497,-0.19829403859385497,0.012911450615239838,0.012231900582858795,0.010872800518096706,0.7303249417181692,0.9397110239172185,0.9797696745407268,0.8807583866545946,0.8280337430650626,-0.1,False,True,True,True,True,rejected,did not meet dual Sharpe > 1.0 hurdle,state machine timing
lab_0471_state_machine,state_machine,regime_transition,state_machine,BTC/ETH,True,True,True,True,False,False,False,False,True,False,True,False,False,none,low,low,False,3,"{""family"": ""state_machine"", ""model_type"": ""state_machine"", ""name"": ""lab_0471_state_machine"", ""params"": {""breadth"": 1.0, ""rebalance"": 1, ""votes"": 2}, ""target_type"": ""regime_transition"", ""universe"": ""BTC/ETH"", ""uses_broader_universe"": false, ""uses_derivatives"": false, ""uses_ensemble"": false, ""uses_liquidity"": true, ""uses_macro"": true, ""uses_ml"": false, ""uses_onchain"": false, ""uses_state_machine"": true, ""uses_trend"": true, ""uses_volatility"": true}",1.0988775582096775,0.06411570897226916,0.05052946878714855,-0.26251760350438635,0.24423394132956827,1.229209191941129,0.2917734238031488,0.7082265761968511,0.10478991846396583,229,0.21974485591095574,-0.8997310313001622,1.9788145410355105,0.9990176125670336,0.8942276941030677,0.7195778299964579,0.3702781017832385,1.325201911083617,0.04294836339341543,0.05,-0.1443846819274125,0.29745789387136756,1.4894821977461594,0.2917734238031488,0.7082265761968511,0.10478991846396583,229,0.14719765369169285,-0.8997310313001622,2.3978091368314396,1.2253419654409732,1.1205520469770074,0.9459021828703975,0.5966024546571781,1.01326090025787,0.05362992188015107,0.05,-0.18376232245307045,0.2918439490981464,1.1307500352965505,0.2917734238031488,0.7082265761968511,0.10478991846396583,229,0.18380674011055115,-0.8997310313001622,1.8203123006164394,0.9134009546152263,0.8086110361512604,0.6339611720446507,0.2846614438314312,0.6284121909959401,-0.0003827381926835606,0.05,-0.26251760350438635,-0.001457952486135527,0.6881740196453311,0.2917734238031488,0.7082265761968511,0.10478991846396583,229,-0.001311765093937353,-0.8997310313001622,1.1078413387769865,0.5285522453532963,0.42376232688933035,0.24911246278272065,-0.10018726543049883,1.1817616571067746,-0.004060999888928531,0.05,-0.11813292157697386,-0.034376529715151725,1.3245259056727907,0.2917734238031488,0.7082265761968511,0.10478991846396583,229,-0.01391833373991036,-0.8997310313001622,2.1322579909970893,1.0819017114641307,0.9771117930001648,0.802461928893555,0.45316220068033564,-0.14049234467614025,-0.19688820262828977,0.23341873904251906,0.9235277580314084,1.2369891059749747,0.42376232688933035,1.0,0.8333333333333334,0.7443833998383542,0.42376232688933035,1.2369891059749747,0.9085459244782258,1.1223214361201614,False,False,1.1915857581969278,1.1009216244210744,0.9714014333127128,-0.1443846819274125,-0.1443846819274125,-0.1443846819274125,0.04080094522374465,0.038653527054073884,0.03435869071473235,0.5049071359681585,0.7006462036948832,0.9439114811278747,0.8253122358435283,0.7893902665814381,-0.1,False,True,True,True,True,rejected,did not meet dual Sharpe > 1.0 hurdle,state machine timing
lab_0492_ml_rule,ml_rule,trade_quality,score_model,BTC/ETH,True,True,True,True,False,False,True,False,False,False,True,False,False,none,low,low,False,3,"{""family"": ""ml_rule"", ""model_type"": ""score_model"", ""name"": ""lab_0492_ml_rule"", ""params"": {""btc"": 0.5, ""q"": 0.5, ""rebalance"": 1}, ""target_type"": ""trade_quality"", ""universe"": ""BTC/ETH"", ""uses_broader_universe"": false, ""uses_derivatives"": false, ""uses_ensemble"": false, ""uses_liquidity"": true, ""uses_macro"": true, ""uses_ml"": true, ""uses_onchain"": false, ""uses_state_machine"": false, ""uses_trend"": true, ""uses_volatility"": true}",1.3325268950753026,0.011881660385587876,0.05,-0.25818823958613535,0.04601937100091649,1.497905929336598,0.4119612635269701,0.58803873647303,0.08652738544543753,189,0.02884169323072778,-0.626729409885967,2.0293572565957545,1.244841971445011,1.1583145859995734,1.0141022769238441,0.7256776587723858,0.9758974915943358,0.061269103376976115,0.05346822366434349,-0.14200353177237446,0.43146182783107007,1.0877821153334861,0.4119612635269701,0.58803873647303,0.08652738544543753,189,0.14872539920968803,-0.626729409885967,1.4737230730669186,0.8882125679640441,0.8016851825186065,0.6574728734428774,0.36904825529141894,1.5871754008966994,0.051240803808066525,0.05,-0.18073176771029473,0.28351852282108664,1.7907517110312041,0.4119612635269701,0.58803873647303,0.08652738544543753,189,0.1243825775495805,-0.626729409885967,2.426103607956155,1.4994904772664077,1.4129630918209701,1.268750782745241,0.9803261645937825,0.951292374964403,0.003215452929651655,0.05,-0.25818823958613535,0.012453909344615726,1.0594862312090634,0.4119612635269701,0.58803873647303,0.08652738544543753,189,0.007805231254324345,-0.626729409885967,1.4353879168631367,0.8636074513341113,0.7770800658886737,0.6328677568129446,0.3444431386614861,1.2983093227771856,0.06061366994438015,0.05,-0.1161847078137609,0.521700928503786,1.4585557211937632,0.4119612635269701,0.58803873647303,0.08652738544543753,189,0.14713439177616253,-0.626729409885967,1.9760457442509294,1.210624399146894,1.1240970137014563,0.9798847046257271,0.6914600864742687,-0.11224477657404397,-0.1936411796896015,0.3295690108215761,1.2304831222500452,1.4129630918209701,0.7770800658886737,1.0,0.6666666666666666,0.7862599481780415,0.7770800658886737,1.4129630918209701,1.1071478608140073,1.3676532398290677,False,False,0.8702256922667889,0.8040128678551854,0.7094231186957518,-0.14200353177237446,-0.14200353177237446,-0.14200353177237446,0.058205648208127306,0.0551421930392785,0.0490152827015809,0.8447536508895654,0.9547240660767788,0.9366527902971508,0.8630765073602793,0.8307478173171313,-0.1,False,True,True,True,True,rejected,did not meet dual Sharpe > 1.0 hurdle,ml rule timing
lab_0511_ml_rule,ml_rule,trade_quality,score_model,BTC/ETH,True,True,True,True,False,False,True,False,False,False,True,False,False,none,low,low,False,3,"{""family"": ""ml_rule"", ""model_type"": ""score_model"", ""name"": ""lab_0511_ml_rule"", ""params"": {""btc"": 0.5, ""q"": 0.7, ""rebalance"": 7}, ""target_type"": ""trade_quality"", ""universe"": ""BTC/ETH"", ""uses_broader_universe"": false, ""uses_derivatives"": false, ""uses_ensemble"": false, ""uses_liquidity"": true, ""uses_macro"": true, ""uses_ml"": true, ""uses_onchain"": false, ""uses_state_machine"": false, ""uses_trend"": true, ""uses_volatility"": true}",1.3325268950753026,0.011881660385587876,0.05,-0.25818823958613535,0.04601937100091649,1.497905929336598,0.4119612635269701,0.58803873647303,0.08652738544543753,189,0.02884169323072778,-0.626729409885967,2.0293572565957545,1.244841971445011,1.1583145859995734,1.0141022769238441,0.7256776587723858,0.9758974915943358,0.061269103376976115,0.05346822366434349,-0.14200353177237446,0.43146182783107007,1.0877821153334861,0.4119612635269701,0.58803873647303,0.08652738544543753,189,0.14872539920968803,-0.626729409885967,1.4737230730669186,0.8882125679640441,0.8016851825186065,0.6574728734428774,0.36904825529141894,1.5871754008966994,0.051240803808066525,0.05,-0.18073176771029473,0.28351852282108664,1.7907517110312041,0.4119612635269701,0.58803873647303,0.08652738544543753,189,0.1243825775495805,-0.626729409885967,2.426103607956155,1.4994904772664077,1.4129630918209701,1.268750782745241,0.9803261645937825,0.951292374964403,0.003215452929651655,0.05,-0.25818823958613535,0.012453909344615726,1.0594862312090634,0.4119612635269701,0.58803873647303,0.08652738544543753,189,0.007805231254324345,-0.626729409885967,1.4353879168631367,0.8636074513341113,0.7770800658886737,0.6328677568129446,0.3444431386614861,1.2983093227771856,0.06061366994438015,0.05,-0.1161847078137609,0.521700928503786,1.4585557211937632,0.4119612635269701,0.58803873647303,0.08652738544543753,189,0.14713439177616253,-0.626729409885967,1.9760457442509294,1.210624399146894,1.1240970137014563,0.9798847046257271,0.6914600864742687,-0.11224477657404397,-0.1936411796896015,0.3295690108215761,1.2304831222500452,1.4129630918209701,0.7770800658886737,1.0,0.6666666666666666,0.7862599481780415,0.7770800658886737,1.4129630918209701,1.1071478608140073,1.3676532398290677,False,False,0.8702256922667889,0.8040128678551854,0.7094231186957518,-0.14200353177237446,-0.14200353177237446,-0.14200353177237446,0.058205648208127306,0.0551421930392785,0.0490152827015809,0.8447536508895654,0.9547240660767788,0.9366527902971508,0.8630765073602793,0.8307478173171313,-0.1,False,True,True,True,True,rejected,did not meet dual Sharpe > 1.0 hurdle,ml rule timing
lab_0444_relative_value,relative_value,relative_value,rule,BTC/ETH,False,True,False,False,False,False,False,False,False,False,True,False,False,none,low,low,False,2,"{""family"": ""relative_value"", ""model_type"": ""rule"", ""name"": ""lab_0444_relative_value"", ""params"": {""rebalance"": 30, ""thr"": 0}, ""target_type"": ""relative_value"", ""universe"": ""BTC/ETH"", ""uses_broader_universe"": false, ""uses_derivatives"": false, ""uses_ensemble"": false, ""uses_liquidity"": false, ""uses_macro"": false, ""uses_ml"": false, ""uses_onchain"": false, ""uses_state_machine"": false, ""uses_trend"": true, ""uses_volatility"": false}",1.0375192825665112,0.06840963171369434,0.05665303461514395,-0.7004577273481255,0.09766418306596102,1.1586471749514877,0.9270463583914054,0.07295364160859463,0.059467672358177154,130,0.07379310764177698,-0.755580043012679,1.0464118293738236,0.9678741676610597,0.9084064953028825,0.8092937080392539,0.6110681335119967,1.3483461891518183,0.11604322793353201,0.0764273844546324,-0.38525175004146905,0.30121401893966987,1.516098117524591,0.9270463583914054,0.07295364160859463,0.059467672358177154,130,0.12517521576255172,-0.755580043012679,1.3692373648911216,1.2787010742463667,1.2192334018881896,1.120120614624561,0.9218950400973038,0.8616926779249698,0.08729926559680368,0.08461751010231804,-0.4903204091436878,0.1780453433485791,0.9564465796137153,0.9270463583914054,0.07295364160859463,0.059467672358177154,130,0.0941692557298686,-0.755580043012679,0.8637979159737121,0.7920475630195184,0.7325798906613412,0.6334671033977126,0.4352415288704555,0.6392592662594434,0.09540307061312736,0.11788937685458858,-0.7004577273481255,0.13620103953212911,0.7006481561983599,0.9270463583914054,0.07295364160859463,0.059467672358177154,130,0.10291078730805771,-0.755580043012679,0.6327780662871937,0.569614151353992,0.5101464789958148,0.4110336917321862,0.21280811720492904,1.0374439452928252,0.05536426550332717,0.05,-0.3152059773066565,0.17564471960969374,1.1585605370867489,0.9270463583914054,0.07295364160859463,0.059467672358177154,130,0.059721140158939055,-0.755580043012679,1.0463335839092038,0.9677988303873738,0.9083311580291966,0.809218370765568,0.6109927962383108,-0.34541277686334165,-0.5253432955110942,0.7416370867131243,0.9637352321360204,1.1774980095463057,0.5101464789958148,1.0,0.5,0.7325343882945753,0.5101464789958148,1.1774980095463057,0.8563913901815344,1.0578952466948368,False,False,1.2128784940196728,1.1205942607790456,0.9887596418638637,-0.38525175004146905,-0.38525175004146905,-0.38525175004146905,0.1102410665368554,0.10443890514017881,0.09283458234682562,0.5540890036595134,0.6902616147022892,0.9345812082947434,0.8230886159191365,0.8902065740598468,-0.1,False,True,True,True,True,rejected,did not meet dual Sharpe > 1.0 hurdle,relative value timing
lab_0300_crash_avoidance,crash_avoidance,crash_avoidance,rule,BTC/ETH,False,False,True,False,False,False,False,False,False,False,True,False,False,none,low,low,False,3,"{""family"": ""crash_avoidance"", ""model_type"": ""rule"", ""name"": ""lab_0300_crash_avoidance"", ""params"": {""dd"": -0.35, ""rebalance"": 14, ""volq"": 0.7}, ""target_type"": ""crash_avoidance"", ""universe"": ""BTC/ETH"", ""uses_broader_universe"": false, ""uses_derivatives"": false, ""uses_ensemble"": false, ""uses_liquidity"": false, ""uses_macro"": false, ""uses_ml"": false, ""uses_onchain"": false, ""uses_state_machine"": false, ""uses_trend"": false, ""uses_volatility"": true}",1.4538962314327912,0.03956780103183893,0.05,-0.28909902497638384,0.13686590964833303,1.6374806661477097,0.24872118359482756,0.7512788164051725,0.07793731465976178,170,0.15908496598462546,-1.1623417868874921,2.855104133145346,1.3719380216596166,1.294000706999855,1.1641051825669186,0.904314133701046,0.8287941735246005,0.0459269483377078,0.05,-0.15900446373701113,0.28884062282471307,0.9186132995532905,0.24872118359482756,0.7512788164051725,0.07793731465976178,170,0.18465233911287524,-1.1623417868874921,1.6016901344472414,0.7468359637514259,0.6688986490916642,0.5390031246587279,0.27921207579285523,1.4055610584879596,-0.008222093685912639,0.05,-0.20236931748346867,-0.040629151633049775,1.5818952172611533,0.24872118359482756,0.7512788164051725,0.07793731465976178,170,-0.033057472496217356,-1.1623417868874921,2.7581855873941437,1.323602848714785,1.2456655340550233,1.115770009622087,0.8559789607562144,1.074363508495796,0.01826864679526814,0.05,-0.28909902497638384,0.06319165827958252,1.2010180347701653,0.24872118359482756,0.7512788164051725,0.07793731465976178,170,0.07345030500107373,-1.1623417868874921,2.094089796566235,0.9924052987226215,0.9144679840628598,0.7845724596299235,0.5247814107640508,1.7455779073126287,0.0805667020176059,0.05,-0.13009456123937274,0.6192933912845437,1.972914593409523,0.24872118359482756,0.7512788164051725,0.07793731465976178,170,0.3239237641649812,-1.1623417868874921,3.4399652627582125,1.6636196975394542,1.5856823828796924,1.4557868584467561,1.1959958095808836,-0.17399224895435358,-0.21682426873228788,0.19897694687586207,1.3760413627041141,1.5856823828796924,0.9144679840628598,1.0,0.5,0.805948496012034,0.9144679840628598,1.5856823828796924,1.2103117967178725,1.4950910430044309,False,False,0.7348906396426325,0.6789750474959104,0.5990956301434504,-0.15900446373701113,-0.15900446373701113,-0.15900446373701113,0.04363060092082241,0.041334253503937025,0.03674155867016624,0.9745752849886031,1.054801579237308,0.9206360553516469,0.8824409496517451,0.8096178745190916,-0.1,False,True,True,True,True,rejected,did not meet dual Sharpe > 1.0 hurdle,crash avoidance timing
lab_0467_state_machine,state_machine,regime_transition,state_machine,BTC/ETH,True,True,True,True,False,False,False,False,True,False,True,False,False,none,low,low,False,3,"{""family"": ""state_machine"", ""model_type"": ""state_machine"", ""name"": ""lab_0467_state_machine"", ""params"": {""breadth"": 0.5, ""rebalance"": 14, ""votes"": 3}, ""target_type"": ""regime_transition"", ""universe"": ""BTC/ETH"", ""uses_broader_universe"": false, ""uses_derivatives"": false, ""uses_ensemble"": false, ""uses_liquidity"": true, ""uses_macro"": true, ""uses_ml"": false, ""uses_onchain"": false, ""uses_state_machine"": true, ""uses_trend"": true, ""uses_volatility"": true}",1.4217369100258284,0.038448906351659845,0.05,-0.2943348796243197,0.13062979963752475,1.6004974465297024,0.4497287317641866,0.5502712682358134,0.08580211801630859,187,0.0854935511921448,-0.6544720379987929,2.075304501806442,1.334535498014956,1.2487333799986473,1.1057298499714663,0.8197227899171043,0.8399641211768755,-0.010540554376536254,0.05,-0.16188418379337585,-0.06511169979390886,0.9314587393534067,0.4497287317641866,0.5502712682358134,0.08580211801630859,187,-0.023437582773926817,-0.6544720379987929,1.2077873158863575,0.7527627091660031,0.6669605911496944,0.5239570611225135,0.23795000106815145,1.3629014040649643,0.049206346020198466,0.05,-0.20603441573702377,0.23882585753539345,1.5328366146747088,0.4497287317641866,0.5502712682358134,0.08580211801630859,187,0.10941339199559882,-0.6544720379987929,1.9875712603388613,1.275699992054092,1.1898978740377832,1.0468943440106022,0.7608872839562403,0.9997477312809825,0.02280693294154398,0.05,-0.2943348796243197,0.07748634130842418,1.1152098909731298,0.4497287317641866,0.5502712682358134,0.08580211801630859,187,0.05071264371319443,-0.6544720379987929,1.4460504840003545,0.9125463192701101,0.8267442012538014,0.6837406712266205,0.39773361117225847,1.6566302150439254,0.03900961910751694,0.05,-0.13245069583094388,0.2945218132889816,1.870624747300514,0.4497287317641866,0.5502712682358134,0.08580211801630859,187,0.0867403311202529,-0.6544720379987929,2.4255683554389535,1.569428803033053,1.4836266850167443,1.3406231549895633,1.0546160949352013,-0.14778824049806907,-0.22075115971823978,0.3597829854113493,1.3485589795507757,1.4836266850167443,0.8267442012538014,1.0,0.5,0.8008693861758852,0.8267442012538014,1.4836266850167443,1.182976373521954,1.46132375552712,False,False,0.7451669914827255,0.6884695030003442,0.6074730908826566,-0.16188418379337585,-0.16188418379337585,-0.16188418379337585,-0.01001352665770944,-0.009486498938882629,-0.008432443501229004,0.8980863192272407,1.0193089836049647,0.9105283901412398,0.8549220299384738,0.8310018862926061,-0.1,False,True,True,True,True,rejected,did not meet dual Sharpe > 1.0 hurdle,state machine timing
lab_0479_state_machine,state_machine,regime_transition,state_machine,BTC/ETH,True,True,True,True,False,False,False,False,True,False,True,False,False,none,low,low,False,3,"{""family"": ""state_machine"", ""model_type"": ""state_machine"", ""name"": ""lab_0479_state_machine"", ""params"": {""breadth"": 1.0, ""rebalance"": 14, ""votes"": 4}, ""target_type"": ""regime_transition"", ""universe"": ""BTC/ETH"", ""uses_broader_universe"": false, ""uses_derivatives"": false, ""uses_ensemble"": false, ""uses_liquidity"": true, ""uses_macro"": true, ""uses_ml"": false, ""uses_onchain"": false, ""uses_state_machine"": true, ""uses_trend"": true, ""uses_volatility"": true}",1.4217369100258284,0.038448906351659845,0.05,-0.2943348796243197,0.13062979963752475,1.6004974465297024,0.4497287317641866,0.5502712682358134,0.08580211801630859,187,0.0854935511921448,-0.6544720379987929,2.075304501806442,1.334535498014956,1.2487333799986473,1.1057298499714663,0.8197227899171043,0.8399641211768755,-0.010540554376536254,0.05,-0.16188418379337585,-0.06511169979390886,0.9314587393534067,0.4497287317641866,0.5502712682358134,0.08580211801630859,187,-0.023437582773926817,-0.6544720379987929,1.2077873158863575,0.7527627091660031,0.6669605911496944,0.5239570611225135,0.23795000106815145,1.3629014040649643,0.049206346020198466,0.05,-0.20603441573702377,0.23882585753539345,1.5328366146747088,0.4497287317641866,0.5502712682358134,0.08580211801630859,187,0.10941339199559882,-0.6544720379987929,1.9875712603388613,1.275699992054092,1.1898978740377832,1.0468943440106022,0.7608872839562403,0.9997477312809825,0.02280693294154398,0.05,-0.2943348796243197,0.07748634130842418,1.1152098909731298,0.4497287317641866,0.5502712682358134,0.08580211801630859,187,0.05071264371319443,-0.6544720379987929,1.4460504840003545,0.9125463192701101,0.8267442012538014,0.6837406712266205,0.39773361117225847,1.6566302150439254,0.03900961910751694,0.05,-0.13245069583094388,0.2945218132889816,1.870624747300514,0.4497287317641866,0.5502712682358134,0.08580211801630859,187,0.0867403311202529,-0.6544720379987929,2.4255683554389535,1.569428803033053,1.4836266850167443,1.3406231549895633,1.0546160949352013,-0.14778824049806907,-0.22075115971823978,0.3597829854113493,1.3485589795507757,1.4836266850167443,0.8267442012538014,1.0,0.5,0.8008693861758852,0.8267442012538014,1.4836266850167443,1.182976373521954,1.46132375552712,False,False,0.7451669914827255,0.6884695030003442,0.6074730908826566,-0.16188418379337585,-0.16188418379337585,-0.16188418379337585,-0.01001352665770944,-0.009486498938882629,-0.008432443501229004,0.8980863192272407,1.0193089836049647,0.9105283901412398,0.8549220299384738,0.8310018862926061,-0.1,False,True,True,True,True,rejected,did not meet dual Sharpe > 1.0 hurdle,state machine timing
lab_0457_state_machine,state_machine,regime_transition,state_machine,BTC/ETH,True,True,True,True,False,False,False,False,True,False,True,False,False,none,low,low,False,3,"{""family"": ""state_machine"", ""model_type"": ""state_machine"", ""name"": ""lab_0457_state_machine"", ""params"": {""breadth"": 0, ""rebalance"": 7, ""votes"": 3}, ""target_type"": ""regime_transition"", ""universe"": ""BTC/ETH"", ""uses_broader_universe"": false, ""uses_derivatives"": false, ""uses_ensemble"": false, ""uses_liquidity"": true, ""uses_macro"": true, ""uses_ml"": false, ""uses_onchain"": false, ""uses_state_machine"": true, ""uses_trend"": true, ""uses_volatility"": true}",1.2900779293265041,0.05635128636587099,0.05,-0.3322390258331831,0.16961067780810588,1.4490896187254796,0.3415598381195898,0.6584401618804102,0.10696503404566667,234,0.16498217904102883,-0.9727110413867124,2.1560757019805985,1.188767906629393,1.0818028725837263,0.9035278158409485,0.546977702355393,1.04070839033862,0.0840149072621637,0.06939318165513479,-0.18273146420825073,0.4597725280984764,1.162314648889413,0.3415598381195898,0.6584401618804102,0.10696503404566667,234,0.2459741980342188,-0.9727110413867124,1.7293881207504023,0.939398367641509,0.8324333335958423,0.6541582768530645,0.29760816336750895,1.3976777299801937,0.005421877706647399,0.05,-0.23256731808322814,0.023313154020665486,1.5728293894772225,0.3415598381195898,0.6584401618804102,0.10696503404566667,234,0.01587387362781524,-0.9727110413867124,2.340185994152269,1.2963677072830826,1.1894026732374159,1.0111276164946381,0.6545775030090826,0.7082251004266616,-0.005589052190075154,0.05,-0.3322390258331831,-0.01682238315038105,0.7799588654906608,0.3415598381195898,0.6584401618804102,0.10696503404566667,234,-0.016363317832813435,-0.9727110413867124,1.1604874789647812,0.6069150777295506,0.49995004368388385,0.3216749869411061,-0.034875126544449464,1.562929508390407,0.049692675617001345,0.05,-0.1495075616249324,0.33237566767134286,1.7628689346489677,0.3415598381195898,0.6584401618804102,0.10696503404566667,234,0.1454874668244881,-0.9727110413867124,2.6229425886827187,1.4616194856932958,1.354654451647629,1.1763793949048513,0.8198292814192958,-0.22146096657829317,-0.24917926937488732,0.27324787049567184,1.1982668845507392,1.3921248263400003,0.49995004368388385,1.0,0.6666666666666666,0.7790395225876926,0.49995004368388385,1.3921248263400003,1.0710662399275284,1.3230818257928294,False,False,0.9298517191115304,0.859102131787827,0.758031292753965,-0.18273146420825073,-0.18273146420825073,-0.18273146420825073,0.0798141618990555,0.07561341653594733,0.06721192580973095,0.6445080246163448,0.8393895325786835,0.9072564856371418,0.803103553903073,0.7820396951756442,-0.1,False,True,True,True,True,rejected,did not meet dual Sharpe > 1.0 hurdle,state machine timing
lab_0480_ml_rule,ml_rule,trade_quality,score_model,BTC/ETH,True,True,True,True,False,False,True,False,False,False,True,False,False,none,low,low,False,3,"{""family"": ""ml_rule"", ""model_type"": ""score_model"", ""name"": ""lab_0480_ml_rule"", ""params"": {""btc"": 0.3, ""q"": 0.4, ""rebalance"": 1}, ""target_type"": ""trade_quality"", ""universe"": ""BTC/ETH"", ""uses_broader_universe"": false, ""uses_derivatives"": false, ""uses_ensemble"": false, ""uses_liquidity"": true, ""uses_macro"": true, ""uses_ml"": true, ""uses_onchain"": false, ""uses_state_machine"": false, ""uses_trend"": true, ""uses_volatility"": true}",1.2376437417248585,0.07979820633236065,0.056689206201122874,-0.42584901437745687,0.1873861477618226,1.388790302983587,0.2732884312550715,0.7267115687449285,0.10705018752438861,234,0.2919926246635799,-1.5582401802438326,2.3100863357460555,1.1362769500419327,1.0292267625175442,0.8508097833102297,0.4939758248956011,1.0949406229880863,-0.0038430823640141394,0.05,-0.2342169579076013,-0.01640821569175293,1.224681716436299,0.2732884312550715,0.7267115687449285,0.10705018752438861,234,-0.014062367537348224,-1.5582401802438326,2.0371113570562964,0.9935738313051605,0.8865236437807719,0.7081066645734575,0.3512727061588289,1.3269323023209447,0.010867797433610833,0.05,-0.29809431006421977,0.036457580928899766,1.4914721476690862,0.2732884312550715,0.7267115687449285,0.10705018752438861,234,0.03976676723453201,-1.5582401802438326,2.4808852863346194,1.225565510638019,1.1185153231136304,0.940098343906316,0.5832643854916874,0.6285998607681142,0.056636929585193424,0.07092028482288808,-0.42584901437745687,0.1329976768127319,0.6883898398833314,0.2732884312550715,0.7267115687449285,0.10705018752438861,234,0.20724232388868233,-1.5582401802438326,1.1450540512592364,0.5272330690851885,0.42018288156079986,0.24176590235348555,-0.11506805606114312,1.5629763040343214,0.05927835343876935,0.05,-0.1916320564698556,0.3093342237763547,1.7629227496394695,0.2732884312550715,0.7267115687449285,0.10705018752438861,234,0.21690765747578383,-1.5582401802438326,2.9324108514934903,1.4616095123513957,1.3545593248270071,1.1761423456196927,0.819308387205064,-0.2736436504391009,-0.31938676078309264,0.21863074500405721,1.1192063776890921,1.3545593248270071,0.42018288156079986,1.0,0.6666666666666666,0.7698817707879098,0.42018288156079986,1.3545593248270071,1.0264971804661296,1.2680259288111013,False,False,0.9797453731490394,0.9051995295398733,0.7987054672410647,-0.2342169579076013,-0.2342169579076013,-0.2342169579076013,-0.0036509282458134324,-0.0034587741276127255,-0.0030744658912113115,0.5677042904395799,0.7715302022974152,0.8977850158730072,0.7810886393543216,0.7494464046237783,-0.1,False,True,True,True,True,rejected,did not meet dual Sharpe > 1.0 hurdle,ml rule timing
lab_0375_liquidity,liquidity,regime_transition,rule,BTC/ETH,False,False,False,True,False,False,False,False,False,False,True,False,False,none,low,low,False,3,"{""family"": ""liquidity"", ""model_type"": ""rule"", ""name"": ""lab_0375_liquidity"", ""params"": {""breadth"": 1.0, ""lb"": 126, ""q"": 0.6}, ""target_type"": ""regime_transition"", ""universe"": ""BTC/ETH"", ""uses_broader_universe"": false, ""uses_derivatives"": false, ""uses_ensemble"": false, ""uses_liquidity"": true, ""uses_macro"": false, ""uses_ml"": false, ""uses_onchain"": false, ""uses_state_machine"": false, ""uses_trend"": false, ""uses_volatility"": false}",1.1903911287536206,0.05552438167580695,0.05,-0.2963584594695594,0.1873554808429896,1.3344497980666636,0.31124268694828355,0.6887573130517164,0.08483485322084167,185,0.17839577925579644,-0.9521780652112243,2.0799592285444115,1.1038345599397261,1.0189997067188845,0.8776082846841484,0.5948254406146761,1.020171645286278,0.04562565035232036,0.05,-0.16299715270825768,0.2799168549525767,1.1386973920792194,0.31124268694828355,0.6887573130517164,0.08483485322084167,185,0.14659187915281546,-0.9521780652112243,1.7748469463639645,0.9336150764723834,0.8487802232515418,0.7073888012168057,0.4246059571473334,0.948936338415833,0.04904855283129084,0.05,-0.20745092162869158,0.23643448988421922,1.0567767891782078,0.31124268694828355,0.6887573130517164,0.08483485322084167,185,0.15758941458901105,-0.9521780652112243,1.6471602291425729,0.8623797696019385,0.7775449163810969,0.6361534943463607,0.3533706502768885,0.5620970730163255,-0.011496439686945133,0.05,-0.2963584594695594,-0.03879234528186632,0.6119116339687742,0.31124268694828355,0.6887573130517164,0.08483485322084167,185,-0.03693722027549324,-0.9521780652112243,0.953764804019597,0.47554050420243105,0.3907056509815894,0.24931422894685323,-0.033468615122619005,1.3335472065171499,0.08441722172156318,0.05614537498766608,-0.13336130676130173,0.632996359826155,1.4990792874947223,0.31124268694828355,0.6887573130517164,0.08483485322084167,185,0.2712263621332573,-0.9521780652112243,2.33656133251456,1.2469906377032554,1.1621557844824137,1.0207643624476777,0.7379815183782054,-0.1965772684379533,-0.22226884460216956,0.24899414955862686,1.0650687714768288,1.2574476443543428,0.3907056509815894,1.0,0.6666666666666666,0.7614037777114876,0.3907056509815894,1.2574476443543428,0.9863324594405775,1.2184106851913017,False,False,0.9109579136633756,0.8416458984933362,0.7426287339647084,-0.16299715270825768,-0.16299715270825768,-0.16299715270825768,0.043344367834704335,0.04106308531708832,0.03650052028185629,0.46185848112597294,0.7558854323241501,0.893407700449469,0.7689339579673391,0.768258836769202,-0.1,False,True,True,True,True,rejected,did not meet dual Sharpe > 1.0 hurdle,liquidity timing
lab_0384_liquidity,liquidity,regime_transition,rule,BTC/ETH,False,False,False,True,False,False,False,False,False,False,True,False,False,none,low,low,False,3,"{""family"": ""liquidity"", ""model_type"": ""rule"", ""name"": ""lab_0384_liquidity"", ""params"": {""breadth"": 1.0, ""lb"": 252, ""q"": 0.6}, ""target_type"": ""regime_transition"", ""universe"": ""BTC/ETH"", ""uses_broader_universe"": false, ""uses_derivatives"": false, ""uses_ensemble"": false, ""uses_liquidity"": true, ""uses_macro"": false, ""uses_ml"": false, ""uses_onchain"": false, ""uses_state_machine"": false, ""uses_trend"": false, ""uses_volatility"": false}",1.1903911287536206,0.05552438167580695,0.05,-0.2963584594695594,0.1873554808429896,1.3344497980666636,0.31124268694828355,0.6887573130517164,0.08483485322084167,185,0.17839577925579644,-0.9521780652112243,2.0799592285444115,1.1038345599397261,1.0189997067188845,0.8776082846841484,0.5948254406146761,1.020171645286278,0.04562565035232036,0.05,-0.16299715270825768,0.2799168549525767,1.1386973920792194,0.31124268694828355,0.6887573130517164,0.08483485322084167,185,0.14659187915281546,-0.9521780652112243,1.7748469463639645,0.9336150764723834,0.8487802232515418,0.7073888012168057,0.4246059571473334,0.948936338415833,0.04904855283129084,0.05,-0.20745092162869158,0.23643448988421922,1.0567767891782078,0.31124268694828355,0.6887573130517164,0.08483485322084167,185,0.15758941458901105,-0.9521780652112243,1.6471602291425729,0.8623797696019385,0.7775449163810969,0.6361534943463607,0.3533706502768885,0.5620970730163255,-0.011496439686945133,0.05,-0.2963584594695594,-0.03879234528186632,0.6119116339687742,0.31124268694828355,0.6887573130517164,0.08483485322084167,185,-0.03693722027549324,-0.9521780652112243,0.953764804019597,0.47554050420243105,0.3907056509815894,0.24931422894685323,-0.033468615122619005,1.3335472065171499,0.08441722172156318,0.05614537498766608,-0.13336130676130173,0.632996359826155,1.4990792874947223,0.31124268694828355,0.6887573130517164,0.08483485322084167,185,0.2712263621332573,-0.9521780652112243,2.33656133251456,1.2469906377032554,1.1621557844824137,1.0207643624476777,0.7379815183782054,-0.1965772684379533,-0.22226884460216956,0.24899414955862686,1.0650687714768288,1.2574476443543428,0.3907056509815894,1.0,0.6666666666666666,0.7614037777114876,0.3907056509815894,1.2574476443543428,0.9863324594405775,1.2184106851913017,False,False,0.9109579136633756,0.8416458984933362,0.7426287339647084,-0.16299715270825768,-0.16299715270825768,-0.16299715270825768,0.043344367834704335,0.04106308531708832,0.03650052028185629,0.46185848112597294,0.7558854323241501,0.893407700449469,0.7689339579673391,0.768258836769202,-0.1,False,True,True,True,True,rejected,did not meet dual Sharpe > 1.0 hurdle,liquidity timing
lab_0455_state_machine,state_machine,regime_transition,state_machine,BTC/ETH,True,True,True,True,False,False,False,False,True,False,True,False,False,none,low,low,False,3,"{""family"": ""state_machine"", ""model_type"": ""state_machine"", ""name"": ""lab_0455_state_machine"", ""params"": {""breadth"": 0, ""rebalance"": 14, ""votes"": 2}, ""target_type"": ""regime_transition"", ""universe"": ""BTC/ETH"", ""uses_broader_universe"": false, ""uses_derivatives"": false, ""uses_ensemble"": false, ""uses_liquidity"": true, ""uses_macro"": true, ""uses_ml"": false, ""uses_onchain"": false, ""uses_state_machine"": true, ""uses_trend"": true, ""uses_volatility"": true}",1.4202208573905117,0.1072750525187,0.06745921613349609,-0.38138554018984283,0.2812771886036936,1.5987539859990882,0.41939284217647577,0.5806071578235242,0.10276394092613962,225,0.25578656030939095,-0.9093754156857071,2.1467095725667225,1.321711563439752,1.2189476225136122,1.047674387636713,0.7051279178829142,0.8707921624320443,0.07059156388815688,0.06782484191964308,-0.20976204710441357,0.3365316312584345,0.9669109867968508,0.41939284217647577,0.5806071578235242,0.10276394092613962,225,0.16831847563686542,-0.9093754156857071,1.298309239166406,0.7722828684812845,0.6695189275551449,0.4982456926782455,0.1556992229244467,1.1235312423751362,0.061821501906680315,0.05,-0.26696987813288997,0.2315673301386733,1.2575609287314065,0.41939284217647577,0.5806071578235242,0.10276394092613962,225,0.1474071459728598,-0.9093754156857071,1.688576295937471,1.0250219484243765,0.9222580074982368,0.7509847726213374,0.4084383028675387,0.8902393370340966,0.03750116485421684,0.05,-0.38138554018984283,0.09832875372136508,0.989275237589211,0.41939284217647577,0.5806071578235242,0.10276394092613962,225,0.0894177512892239,-0.9093754156857071,1.3283385943265376,0.7917300430833368,0.6889661021571972,0.5176928672802978,0.17514639752649908,1.7848241623403263,0.07872562562456001,0.05,-0.1716234930854293,0.45871124173759026,2.018047786691375,0.41939284217647577,0.5806071578235242,0.10276394092613962,225,0.18771332676067265,-0.9093754156857071,2.7097117752486604,1.6863148683895666,1.5835509274634267,1.4122776925865275,1.0697312228327287,-0.1720339654410156,-0.2860391551423821,0.33551427374118065,1.4264715922182516,1.5835509274634267,0.6889661021571972,1.0,0.5,0.8006274994348429,0.6889661021571972,1.5835509274634267,1.181687728781935,1.4597319002600373,False,False,0.7735287894374807,0.7146733380672375,0.6305941218240332,-0.20976204710441357,-0.20976204710441357,-0.20976204710441357,0.06706198569374903,0.06353240749934119,0.05647325111052551,0.6860354874654189,0.960432608243276,0.8881299927512546,0.8205412818519807,0.7984166166413723,-0.1,False,True,True,True,True,rejected,did not meet dual Sharpe > 1.0 hurdle,state machine timing
lab_0297_crash_avoidance,crash_avoidance,crash_avoidance,rule,BTC/ETH,False,False,True,False,False,False,False,False,False,False,True,False,False,none,low,low,False,3,"{""family"": ""crash_avoidance"", ""model_type"": ""rule"", ""name"": ""lab_0297_crash_avoidance"", ""params"": {""dd"": -0.25, ""rebalance"": 14, ""volq"": 0.9}, ""target_type"": ""crash_avoidance"", ""universe"": ""BTC/ETH"", ""uses_broader_universe"": false, ""uses_derivatives"": false, ""uses_ensemble"": false, ""uses_liquidity"": false, ""uses_macro"": false, ""uses_ml"": false, ""uses_onchain"": false, ""uses_state_machine"": false, ""uses_trend"": false, ""uses_volatility"": true}",1.3299205646922088,0.008897463888689588,0.05,-0.3957528316964432,0.022482375806509115,1.49490864939604,0.4412697371266461,0.5587302628733539,0.07450461419011017,163,0.02016332220429606,-0.8968501539974418,1.9568824679787329,1.250250821898802,1.1757462077086918,1.0515718507251748,0.8032231367581408,0.8430008258187771,-0.008949161831990023,0.05,-0.2176640574330438,-0.04111455946162769,0.9349509496915935,0.4412697371266461,0.5587302628733539,0.07450461419011017,163,-0.020280479441583777,-0.8968501539974418,1.2238802167682423,0.7633310830253703,0.6888264688352601,0.5646521118517431,0.31630339788470924,1.4478488419076736,0.029675672540791412,0.05,-0.2770269821875102,0.10712195724207453,1.6305261681938246,0.4412697371266461,0.5587302628733539,0.07450461419011017,163,0.06725064069434333,-0.8968501539974418,2.1344100680721434,1.3681790991142668,1.2936744849241566,1.1695001279406396,0.9211514139736057,1.0049027430011745,0.09189493800757317,0.07821493187839235,-0.3957528316964432,0.23220285654976672,1.1211381544513506,0.4412697371266461,0.5587302628733539,0.07450461419011017,163,0.2082511676553042,-0.8968501539974418,1.4676051272525954,0.9252330002077678,0.8507283860176575,0.7265540290341406,0.4782053150671067,1.4796997704410628,0.11123589201101086,0.06742796113820813,-0.17808877426339945,0.6246092291392221,1.667154736007222,0.4412697371266461,0.5587302628733539,0.07450461419011017,163,0.25208139750378067,-0.8968501539974418,2.1823580160689438,1.400030027647656,1.3255254134575458,1.2013510564740288,0.9530023425069949,-0.2066753488098205,-0.2968146237723324,0.35301578970131686,1.3095999491908512,1.4121426675831632,0.8507283860176575,1.0,0.5,0.7858216139067907,0.8507283860176575,1.4121426675831632,1.1049324799883773,1.3649165929268192,False,False,0.7479607597532749,0.6910507019459605,0.6097506193640828,-0.2176640574330438,-0.2176640574330438,-0.2176640574330438,-0.00850170374039052,-0.00805424564879102,-0.007159329465592019,0.9399381633891324,0.9908146025501325,0.8815498798968558,0.8279829434815036,0.7964661461698627,-0.1,False,True,True,True,True,rejected,did not meet dual Sharpe > 1.0 hurdle,crash avoidance timing
lab_0454_state_machine,state_machine,regime_transition,state_machine,BTC/ETH,True,True,True,True,False,False,False,False,True,False,True,False,False,none,low,low,False,3,"{""family"": ""state_machine"", ""model_type"": ""state_machine"", ""name"": ""lab_0454_state_machine"", ""params"": {""breadth"": 0, ""rebalance"": 7, ""votes"": 2}, ""target_type"": ""regime_transition"", ""universe"": ""BTC/ETH"", ""uses_broader_universe"": false, ""uses_derivatives"": false, ""uses_ensemble"": false, ""uses_liquidity"": true, ""uses_macro"": true, ""uses_ml"": false, ""uses_onchain"": false, ""uses_state_machine"": true, ""uses_trend"": true, ""uses_volatility"": true}",1.3995557586484002,0.07289613857984714,0.05,-0.31107687281117813,0.23433480580247018,1.57498912244566,0.4745095517450622,0.5254904482549378,0.08432187967096114,184,0.153624175344339,-0.6555755762284615,1.9881870413583635,1.3133411722010928,1.2290192925301315,1.0884828264118631,0.8074098941753259,0.7867961121906532,0.07794416200962265,0.0814637110420149,-0.171092280046148,0.45556796594562365,0.870315529019251,0.4745095517450622,0.5254904482549378,0.08432187967096114,184,0.1642625774823167,-0.6555755762284615,1.0986425442749201,0.7005815257433456,0.6162596460723846,0.475723179954116,0.19465024771757888,1.178465827252781,0.10383815364231341,0.07700466081062067,-0.21775381096782467,0.47686032763695946,1.320735701340698,0.4745095517450622,0.5254904482549378,0.08432187967096114,184,0.21883258884976484,-0.6555755762284615,1.6672303122877745,1.0922512408054736,1.0079293611345124,0.867392895016244,0.5863199627797068,1.0184027117515744,0.028049658258678226,0.05,-0.31107687281117813,0.09016953914058473,1.1366631185143106,0.4745095517450622,0.5254904482549378,0.08432187967096114,184,0.059112947580343654,-0.6555755762284615,1.4348663431471467,0.932188125304267,0.8478662456333059,0.7073297795150373,0.4262568472785002,1.725261521029278,0.11219127397881676,0.05919566916437366,-0.13998459276503017,0.8014544441125344,1.9495507491836697,0.4745095517450622,0.5254904482549378,0.08432187967096114,184,0.23643628155897123,-0.6555755762284615,2.46101479734581,1.6390469345819707,1.5547250549110094,1.414188588792741,1.1331156565562037,-0.15384440206200112,-0.2333076546083836,0.3796076413960498,1.299098472545574,1.5547250549110094,0.8478662456333059,1.0,0.5,0.7973083702132194,0.8478662456333059,1.5547250549110094,1.16412239485114,1.4380335465808203,False,False,0.6962524232154009,0.6432766953620551,0.5675970841429898,-0.171092280046148,-0.171092280046148,-0.171092280046148,0.07404695390914151,0.07014974580866039,0.06235532960769812,0.8342118992129327,0.9969013476893984,0.8795155247448475,0.833603980711537,0.8141923027356031,-0.1,False,True,True,True,True,rejected,did not meet dual Sharpe > 1.0 hurdle,state machine timing
lab_0301_crash_avoidance,crash_avoidance,crash_avoidance,rule,BTC/ETH,False,False,True,False,False,False,False,False,False,False,True,False,False,none,low,low,False,3,"{""family"": ""crash_avoidance"", ""model_type"": ""rule"", ""name"": ""lab_0301_crash_avoidance"", ""params"": {""dd"": -0.35, ""rebalance"": 1, ""volq"": 0.8}, ""target_type"": ""crash_avoidance"", ""universe"": ""BTC/ETH"", ""uses_broader_universe"": false, ""uses_derivatives"": false, ""uses_ensemble"": false, ""uses_liquidity"": false, ""uses_macro"": false, ""uses_ml"": false, ""uses_onchain"": false, ""uses_state_machine"": false, ""uses_trend"": false, ""uses_volatility"": true}",1.0791446169754437,0.05553612963045815,0.05,-0.2704117320427303,0.20537618398036947,1.2065163095217601,0.39507612164103034,0.6049238783589697,0.09274258220511036,203,0.1405707067280537,-0.6844547600586927,1.6691484588088505,0.9873162288387035,0.8945736466335931,0.7400026762917424,0.4308607356080413,1.1022954702776486,0.08268095090023689,0.06498565217888712,-0.14872645262350168,0.5559263294576267,1.2331397908192958,0.39507612164103034,0.6049238783589697,0.09274258220511036,203,0.20927853234157626,-0.6844547600586927,1.7059805699251291,1.0104670821409083,0.917724499935798,0.7631535295939473,0.4540115889102462,1.295635653910722,0.09022236853746118,0.06155852465564884,-0.18928821242991117,0.4766401847176212,1.4554810019973303,0.39507612164103034,0.6049238783589697,0.09274258220511036,203,0.2283670502856612,-0.6844547600586927,2.013577315231137,1.2038072657739818,1.1110646835688716,0.9564937132270208,0.6473517725433197,0.7897467969211559,0.0012156366712602132,0.05,-0.2704117320427303,0.004495502699077121,0.8737088164593292,0.39507612164103034,0.6049238783589697,0.09274258220511036,203,0.003076968221240036,-0.6844547600586927,1.2087277336672355,0.6979184087844157,0.6051758265793052,0.45060485623745467,0.14146291555375345,1.496140534056207,0.0733719088677198,0.05,-0.12168527941922863,0.6029645427771078,1.686061614164638,0.39507612164103034,0.6049238783589697,0.09274258220511036,203,0.1857158781526821,-0.6844547600586927,2.3325728152445757,1.4043121459194667,1.3115695637143565,1.1569985933725058,0.8478566526888046,-0.13894436460899046,-0.2028087990320477,0.3160608973128243,0.9969116314455485,1.3115695637143565,0.6051758265793052,1.0,0.5,0.7406106083364865,0.6051758265793052,1.3115695637143565,0.8917729244291271,1.101601847824216,False,False,0.9865118326554367,0.9114511497360013,0.8042216027082365,-0.14872645262350168,-0.14872645262350168,-0.14872645262350168,0.07854690335522505,0.0744128558102132,0.06614476072018952,0.7120387539368142,0.7800921432001988,0.8784744826550116,0.7855054967602362,0.760891139683063,-0.1,False,True,True,True,True,rejected,did not meet dual Sharpe > 1.0 hurdle,crash avoidance timing
lab_0251_volatility,volatility,volatility_state,rule,BTC/ETH,False,True,True,False,False,False,False,False,False,False,True,False,False,none,low,low,False,4,"{""family"": ""volatility"", ""model_type"": ""rule"", ""name"": ""lab_0251_volatility"", ""params"": {""lb"": 252, ""q"": 0.4, ""trend"": 1, ""vt"": 0.3}, ""target_type"": ""volatility_state"", ""universe"": ""BTC/ETH"", ""uses_broader_universe"": false, ""uses_derivatives"": false, ""uses_ensemble"": false, ""uses_liquidity"": false, ""uses_macro"": false, ""uses_ml"": false, ""uses_onchain"": false, ""uses_state_machine"": false, ""uses_trend"": true, ""uses_volatility"": true}",1.1071148918196088,0.024869752473152533,0.05,-0.44557684277571397,0.05581473291616054,1.23868212559255,0.5067440376385213,0.49325596236147873,0.10210813171472392,223,0.049077543347225375,-0.8792937058562097,1.5131002624499872,1.0090428040097927,0.9069346722950689,0.736754452770529,0.39639401372144933,1.1244957330790335,0.06563697259888569,0.05070466508434472,-0.2450672635266427,0.2678324785380807,1.2586700930408885,0.5067440376385213,0.49325596236147873,0.10210813171472392,223,0.1295268769313215,-0.8792937058562097,1.5375163722549583,1.0264236452692175,0.9243155135544936,0.7541352940299537,0.4137748549808741,1.0371516778461711,0.04253150308606616,0.05,-0.3119037899429998,0.1363609691752664,1.1582244295230966,0.5067440376385213,0.49325596236147873,0.10210813171472392,223,0.08393093934418507,-0.8792937058562097,1.414817935997126,0.9390795900363551,0.8369714583216312,0.6667912387970913,0.3264307997480117,0.876995672598126,0.07841483496349191,0.0748950898420669,-0.44557684277571397,0.17598498717978234,0.9740450234878448,0.5067440376385213,0.49325596236147873,0.10210813171472392,223,0.15474249155236836,-0.8792937058562097,1.1898353501892385,0.77892358478831,0.6768154530735861,0.5066352335490463,0.16627479449996663,1.2902089089835644,0.060903000526462706,0.05,-0.20050957924907128,0.3037411018194274,1.4492402453310989,0.5067440376385213,0.49325596236147873,0.10210813171472392,223,0.12018493756784368,-0.8792937058562097,1.7703055128163532,1.1921368211737484,1.0900286894590245,0.9198484699344847,0.579488030885405,-0.24599197887963078,-0.33418263208178545,0.405395230110817,1.0389342916145328,1.2524953497199247,0.6768154530735861,1.0,0.5,0.7459476152222067,0.6768154530735861,1.2524953497199247,0.9155476580466674,1.1309706364105891,False,False,1.006936074432711,0.9303213731171784,0.8208717998092752,-0.2450672635266427,-0.2450672635266427,-0.2450672635266427,0.062355123968941405,0.059073275338997124,0.052509578079108554,0.6978297164933863,0.7841511273345217,0.8735738687558827,0.7847379292679635,0.7608948662650544,-0.1,False,True,True,True,True,rejected,did not meet dual Sharpe > 1.0 hurdle,volatility timing
lab_0458_state_machine,state_machine,regime_transition,state_machine,BTC/ETH,True,True,True,True,False,False,False,False,True,False,True,False,False,none,low,low,False,3,"{""family"": ""state_machine"", ""model_type"": ""state_machine"", ""name"": ""lab_0458_state_machine"", ""params"": {""breadth"": 0, ""rebalance"": 14, ""votes"": 3}, ""target_type"": ""regime_transition"", ""universe"": ""BTC/ETH"", ""uses_broader_universe"": false, ""uses_derivatives"": false, ""uses_ensemble"": false, ""uses_liquidity"": true, ""uses_macro"": true, ""uses_ml"": false, ""uses_onchain"": false, ""uses_state_machine"": true, ""uses_trend"": true, ""uses_volatility"": true}",1.1344706907191304,-0.0032149679334201875,0.05,-0.3830870688398522,-0.008392264304708729,1.2701412943269998,0.30292082201347614,0.6970791779865239,0.09934732404241726,217,-0.010613228605583152,-1.2646442271400204,2.0067331831180497,1.038239141357519,0.9388918173151016,0.7733129439110729,0.4421551971030153,1.0876745348859158,0.00010608928004800233,0.05,-0.21069788786191873,0.0005035137329783209,1.2163257151188032,0.30292082201347614,0.6970791779865239,0.09934732404241726,217,0.00035022115463321536,-1.2646442271400204,1.921708383870791,0.9914429855243043,0.892095661481887,0.7265167880778582,0.3953590412698007,1.3895157695294689,0.040174731192513476,0.05,-0.26816094818789654,0.14981574112112558,1.563443134958889,0.30292082201347614,0.6970791779865239,0.09934732404241726,217,0.13262452850047465,-1.2646442271400204,2.4701292941605453,1.2932842201678574,1.19393689612544,1.0283580227214113,0.6972002759133538,0.6680440663588181,0.005312523875841291,0.05,-0.3830870688398522,0.013867666929948418,0.7337506763126407,0.30292082201347614,0.6970791779865239,0.09934732404241726,217,0.017537664926859837,-1.2646442271400204,1.159274040509075,0.5718125169972066,0.4724651929547893,0.3068863195507605,-0.02427142725729703,1.237883755872218,0.07094147509149072,0.05038873045846087,-0.17238918097793351,0.41151930004570014,1.3890663192530506,0.30292082201347614,0.6970791779865239,0.09934732404241726,217,0.2341914782217735,-1.2646442271400204,2.1946262898835447,1.1416522065106065,1.0423048824681893,0.8767260090641604,0.5455682622561029,-0.18225566003900281,-0.28731530162988916,0.24233665761078094,1.083909270759061,1.2691164194570543,0.4724651929547893,1.0,0.5,0.751096840813905,0.4724651929547893,1.2691164194570543,0.9388000871112608,1.159694225255087,False,False,0.9730605720950426,0.8990233546530284,0.7932559011644369,-0.21069788786191873,-0.21069788786191873,-0.21069788786191873,0.00010078481604560222,9.54803520432021e-05,8.487142403840187e-05,0.5923059516544398,0.7559445179140126,0.8705581651393769,0.7627926088999761,0.733231901964951,-0.1,False,True,True,True,True,rejected,did not meet dual Sharpe > 1.0 hurdle,state machine timing
lab_0291_crash_avoidance,crash_avoidance,crash_avoidance,rule,BTC/ETH,False,False,True,False,False,False,False,False,False,False,True,False,False,none,low,low,False,3,"{""family"": ""crash_avoidance"", ""model_type"": ""rule"", ""name"": ""lab_0291_crash_avoidance"", ""params"": {""dd"": -0.25, ""rebalance"": 14, ""volq"": 0.7}, ""target_type"": ""crash_avoidance"", ""universe"": ""BTC/ETH"", ""uses_broader_universe"": false, ""uses_derivatives"": false, ""uses_ensemble"": false, ""uses_liquidity"": false, ""uses_macro"": false, ""uses_ml"": false, ""uses_onchain"": false, ""uses_state_machine"": false, ""uses_trend"": false, ""uses_volatility"": true}",1.2359351111372516,0.0033852830803689435,0.05,-0.38610132584252344,0.008767861837774876,1.3868253778078392,0.2618200988944966,0.7381799011055035,0.10287577168096523,225,0.012929805979994997,-1.4746817661164637,2.3567984759981377,1.1373512633499414,1.0344754916689762,0.8630158722007009,0.52009663326415,1.0140478612096642,0.03231700408743435,0.05,-0.2123557292133879,0.15218333975326967,1.1316550403911136,0.2618200988944966,0.7381799011055035,0.10287577168096523,225,0.12343209793246948,-1.4746817661164637,1.923156957774494,0.915464013422354,0.8125882417413888,0.6411286222731134,0.29820938333656255,1.5203047806952228,0.040367660434699956,0.05,-0.2702709280897664,0.14935998007633455,1.7138504977995062,0.2618200988944966,0.7381799011055035,0.10287577168096523,225,0.15418090744426222,-1.4746817661164637,2.912551432890063,1.4217209329079126,1.3188451612269474,1.147385541758672,0.8044663028221212,0.8154763456994604,0.05302474170034628,0.053806204412456975,-0.38610132584252344,0.13733374674287735,0.9032977975543793,0.2618200988944966,0.7381799011055035,0.10287577168096523,225,0.20252357219417752,-1.4746817661164637,1.5350821427956431,0.7168924979121502,0.614016726231185,0.44255710676290955,0.09963786782635875,1.1954150343445615,0.07084715396174757,0.05188690045130215,-0.17374559662913555,0.40776373811057004,1.3402272894962457,0.2618200988944966,0.7381799011055035,0.10287577168096523,225,0.270594787263816,-1.4746817661164637,2.2776087630937005,1.0968311865572513,0.9939554148762861,0.8224957954080108,0.4795765564714599,-0.17963306399191942,-0.2895759943818926,0.20945607911559727,1.181803738482584,1.3599066036107914,0.614016726231185,1.0,0.6666666666666666,0.76957892367162,0.614016726231185,1.3599066036107914,1.0250448444666638,1.2662318666941141,False,False,0.905324032312891,0.8364406820282145,0.7380358959072482,-0.2123557292133879,-0.2123557292133879,-0.2123557292133879,0.03070115388306263,0.029085303678690912,0.02585360326994748,0.6875683707231437,0.836776070154004,0.8703627968382742,0.7917657854752871,0.7373725528911339,-0.1,False,True,True,True,True,rejected,did not meet dual Sharpe > 1.0 hurdle,crash avoidance timing
lab_0306_crash_avoidance,crash_avoidance,crash_avoidance,rule,BTC/ETH,False,False,True,False,False,False,False,False,False,False,True,False,False,none,low,low,False,3,"{""family"": ""crash_avoidance"", ""model_type"": ""rule"", ""name"": ""lab_0306_crash_avoidance"", ""params"": {""dd"": -0.35, ""rebalance"": 14, ""volq"": 0.9}, ""target_type"": ""crash_avoidance"", ""universe"": ""BTC/ETH"", ""uses_broader_universe"": false, ""uses_derivatives"": false, ""uses_ensemble"": false, ""uses_liquidity"": false, ""uses_macro"": false, ""uses_ml"": false, ""uses_onchain"": false, ""uses_state_machine"": false, ""uses_trend"": false, ""uses_volatility"": true}",1.2359351111372516,0.0033852830803689435,0.05,-0.38610132584252344,0.008767861837774876,1.3868253778078392,0.2618200988944966,0.7381799011055035,0.10287577168096523,225,0.012929805979994997,-1.4746817661164637,2.3567984759981377,1.1373512633499414,1.0344754916689762,0.8630158722007009,0.52009663326415,1.0140478612096642,0.03231700408743435,0.05,-0.2123557292133879,0.15218333975326967,1.1316550403911136,0.2618200988944966,0.7381799011055035,0.10287577168096523,225,0.12343209793246948,-1.4746817661164637,1.923156957774494,0.915464013422354,0.8125882417413888,0.6411286222731134,0.29820938333656255,1.5203047806952228,0.040367660434699956,0.05,-0.2702709280897664,0.14935998007633455,1.7138504977995062,0.2618200988944966,0.7381799011055035,0.10287577168096523,225,0.15418090744426222,-1.4746817661164637,2.912551432890063,1.4217209329079126,1.3188451612269474,1.147385541758672,0.8044663028221212,0.8154763456994604,0.05302474170034628,0.053806204412456975,-0.38610132584252344,0.13733374674287735,0.9032977975543793,0.2618200988944966,0.7381799011055035,0.10287577168096523,225,0.20252357219417752,-1.4746817661164637,1.5350821427956431,0.7168924979121502,0.614016726231185,0.44255710676290955,0.09963786782635875,1.1954150343445615,0.07084715396174757,0.05188690045130215,-0.17374559662913555,0.40776373811057004,1.3402272894962457,0.2618200988944966,0.7381799011055035,0.10287577168096523,225,0.270594787263816,-1.4746817661164637,2.2776087630937005,1.0968311865572513,0.9939554148762861,0.8224957954080108,0.4795765564714599,-0.17963306399191942,-0.2895759943818926,0.20945607911559727,1.181803738482584,1.3599066036107914,0.614016726231185,1.0,0.6666666666666666,0.76957892367162,0.614016726231185,1.3599066036107914,1.0250448444666638,1.2662318666941141,False,False,0.905324032312891,0.8364406820282145,0.7380358959072482,-0.2123557292133879,-0.2123557292133879,-0.2123557292133879,0.03070115388306263,0.029085303678690912,0.02585360326994748,0.6875683707231437,0.836776070154004,0.8703627968382742,0.7917657854752871,0.7373725528911339,-0.1,False,True,True,True,True,rejected,did not meet dual Sharpe > 1.0 hurdle,crash avoidance timing
lab_0289_crash_avoidance,crash_avoidance,crash_avoidance,rule,BTC/ETH,False,False,True,False,False,False,False,False,False,False,True,False,False,none,low,low,False,3,"{""family"": ""crash_avoidance"", ""model_type"": ""rule"", ""name"": ""lab_0289_crash_avoidance"", ""params"": {""dd"": -0.25, ""rebalance"": 1, ""volq"": 0.7}, ""target_type"": ""crash_avoidance"", ""universe"": ""BTC/ETH"", ""uses_broader_universe"": false, ""uses_derivatives"": false, ""uses_ensemble"": false, ""uses_liquidity"": false, ""uses_macro"": false, ""uses_ml"": false, ""uses_onchain"": false, ""uses_state_machine"": false, ""uses_trend"": false, ""uses_volatility"": true}",1.0872427142387704,0.08627957434076684,0.0686260285015905,-0.37658596691281165,0.22910990297400688,1.2158291213745858,0.3675665072192224,0.6324334927807775,0.07583411445328281,166,0.23473187204542648,-1.0245383067184897,1.74384040158686,1.0066866379365818,0.930852523483299,0.8044623327278277,0.551681951216885,1.0395600199895647,0.013714257192825863,0.05,-0.20712228180204642,0.06621333578167621,1.1609940229879994,0.3675665072192224,0.6324334927807775,0.07583411445328281,166,0.037310954408167736,-1.0245383067184897,1.6651914711488307,0.9590039436873762,0.8831698292340934,0.7567796384786221,0.5039992569676793,0.9256719419288234,0.07134413552516805,0.06511450443786455,-0.26361017683896815,0.2706425691931845,1.0300227332181469,0.3675665072192224,0.6324334927807775,0.07583411445328281,166,0.19409857569698888,-1.0245383067184897,1.4773418609253208,0.8451158656266349,0.7692817511733521,0.6428915604178806,0.390111178906938,0.7529247220829121,0.06610456020354818,0.0716250834134765,-0.37658596691281165,0.17553644057812945,0.8313634303953488,0.3675665072192224,0.6324334927807775,0.07583411445328281,166,0.17984380759730753,-1.0245383067184897,1.1924086311456223,0.6723686457807235,0.5965345313274407,0.47014434057196935,0.21736395906102668,1.3666345562516593,0.014800931125995391,0.05,-0.16946368511076526,0.0873398398973867,1.5371297396894081,0.3675665072192224,0.6324334927807775,0.07583411445328281,166,0.040267355254889656,-1.0245383067184897,2.2046757191673176,1.2860784799494707,1.2102443654961879,1.0838541747407167,0.8310737932297739,-0.23850445038804685,-0.28243947518460877,0.2940532057753779,0.9971169909271116,1.2102443654961879,0.5965345313274407,1.0,0.5,0.7421632719113962,0.5965345313274407,1.2102443654961879,0.8986563071029547,1.110104849950709,False,False,0.9287952183903996,0.85812601699113,0.7571700149921735,-0.20712228180204642,-0.20712228180204642,-0.20712228180204642,0.01302854433318457,0.012342831473543278,0.010971405754260692,0.6002880974624716,0.7637832591430317,0.8691676516805679,0.7707903031468264,0.7471855221363894,-0.1,False,True,True,True,True,rejected,did not meet dual Sharpe > 1.0 hurdle,crash avoidance timing
lab_0456_state_machine,state_machine,regime_transition,state_machine,BTC/ETH,True,True,True,True,False,False,False,False,True,False,True,False,False,none,low,low,False,3,"{""family"": ""state_machine"", ""model_type"": ""state_machine"", ""name"": ""lab_0456_state_machine"", ""params"": {""breadth"": 0, ""rebalance"": 1, ""votes"": 3}, ""target_type"": ""regime_transition"", ""universe"": ""BTC/ETH"", ""uses_broader_universe"": false, ""uses_derivatives"": false, ""uses_ensemble"": false, ""uses_liquidity"": true, ""uses_macro"": true, ""uses_ml"": false, ""uses_onchain"": false, ""uses_state_machine"": true, ""uses_trend"": true, ""uses_volatility"": true}",1.377763779417956,0.009653075838845282,0.05,-0.24028444572812896,0.040173536033902515,1.5499283463306492,0.33794605986767645,0.6620539401323235,0.07061541546072524,154,0.028563954385575515,-0.711014195052941,2.3184091761102286,1.3006868357774726,1.2300714203167473,1.1123790612155386,0.8769943430131211,0.732985957252047,-0.024838532726352794,0.05,-0.13215644515047092,-0.18794794834313297,0.8084338508398539,0.33794605986767645,0.6620539401323235,0.07061541546072524,154,-0.07349851256167442,-0.711014195052941,1.209269101053915,0.6559090136115634,0.5852935981508383,0.46760123904962947,0.23221652084721206,1.6512833254444446,0.02800050266847912,0.05,-0.16819911200969026,0.16647235727894902,1.864475824261111,0.33794605986767645,0.6620539401323235,0.07061541546072524,154,0.08285494637648026,-0.711014195052941,2.7889146423033995,1.574206381803961,1.5035909663432359,1.3858986072420272,1.1505138890396096,0.974868447111146,0.06276727361992904,0.054824878594837784,-0.24028444572812896,0.26122071043644407,1.0865987141778177,0.33794605986767645,0.6620539401323235,0.07061541546072524,154,0.18573163316212565,-0.711014195052941,1.6253528336735166,0.8977915034706624,0.8271760880099372,0.7094837289087285,0.47409901070631105,1.7952629688990709,0.03922426714534445,0.05,-0.10812800057765803,0.3627577217353002,2.030052414233931,0.33794605986767645,0.6620539401323235,0.07061541546072524,154,0.11606665028348845,-0.711014195052941,3.0365869211224967,1.7181860252585874,1.6475706097978622,1.5298782506966535,1.294493532494236,-0.08735764083016197,-0.1802133342960967,0.27035684789414116,1.4230432015494023,1.6475706097978622,0.8271760880099372,1.0,0.3333333333333333,0.7937637930296615,0.8271760880099372,1.6475706097978622,1.1455992125052625,1.4151519683888538,False,False,0.6467470806718832,0.5975380636642399,0.5272394679390352,-0.13215644515047092,-0.13215644515047092,-0.13215644515047092,-0.023596606090035152,-0.022354679453717514,-0.019870826181082237,0.9684481563489933,1.0415733255691941,0.8673949277600865,0.8248857668243533,0.7930949350797298,-0.1,False,True,True,True,True,rejected,did not meet dual Sharpe > 1.0 hurdle,state machine timing
lab_0496_ml_rule,ml_rule,trade_quality,score_model,BTC/ETH,True,True,True,True,False,False,True,False,False,False,True,False,False,none,low,low,False,3,"{""family"": ""ml_rule"", ""model_type"": ""score_model"", ""name"": ""lab_0496_ml_rule"", ""params"": {""btc"": 0.7, ""q"": 0.5, ""rebalance"": 7}, ""target_type"": ""trade_quality"", ""universe"": ""BTC/ETH"", ""uses_broader_universe"": false, ""uses_derivatives"": false, ""uses_ensemble"": false, ""uses_liquidity"": true, ""uses_macro"": true, ""uses_ml"": true, ""uses_onchain"": false, ""uses_state_machine"": false, ""uses_trend"": true, ""uses_volatility"": true}",1.039197185458819,0.03694055023797926,0.05,-0.3807564066403987,0.09701885403301266,1.1605767632776416,0.350828701310655,0.649171298689345,0.08323802632826346,182,0.10529512009699799,-1.0853057495522382,1.7038386780940031,0.9537051679066432,0.8704671415783798,0.7317370976979407,0.45427700993706244,1.118374358281657,0.08515732554567448,0.0660967249140625,-0.2094160236522193,0.4066418799312925,1.2516305120239055,0.350828701310655,0.649171298689345,0.08323802632826346,182,0.2427319236639895,-1.0853057495522382,1.8375143674652057,1.0328823407294814,0.9496443144012179,0.8109142705207788,0.5334541827599005,1.1987622932659068,0.024145658735191394,0.05,-0.2665294846482791,0.09059282415622716,1.3440766372557926,0.350828701310655,0.649171298689345,0.08323802632826346,182,0.06882463904744976,-1.0853057495522382,1.9732341998743697,1.1132702757137312,1.0300322493854677,0.8913022055050286,0.6138421177441503,0.6297794978005612,0.017381992819339557,0.05,-0.3807564066403987,0.045651215622895064,0.6897464224706453,0.350828701310655,0.649171298689345,0.08323802632826346,182,0.04954552678957697,-1.0853057495522382,1.0126143051179703,0.5442874802483855,0.4610494539201221,0.32231941003968295,0.044859322278804736,1.1577479169637568,0.07179620816145812,0.05407367410949433,-0.17134038298817944,0.4190267752956479,1.2969101045083202,0.350828701310655,0.649171298689345,0.08323802632826346,182,0.20464747580011522,-1.0853057495522382,1.9039891784767582,1.0722558994115812,0.9890178730833177,0.8502878292028786,0.5728277414420003,-0.18093430611000882,-0.28556730498029903,0.280662961048524,0.9678780034388421,1.0300322493854677,0.4610494539201221,1.0,0.8333333333333334,0.7328630077522513,0.4610494539201221,1.0300322493854677,0.857817607639996,1.05965704473176,False,False,1.0013044096191244,0.9251182045394084,0.8162807687112428,-0.2094160236522193,-0.2094160236522193,-0.2094160236522193,0.08089945926839076,0.07664159299110704,0.06812586043653959,0.5676043696995223,0.712106606717678,0.8651383730370868,0.752414799575481,0.7370919517143515,-0.1,False,True,True,True,True,rejected,did not meet dual Sharpe > 1.0 hurdle,ml rule timing
lab_0499_ml_rule,ml_rule,trade_quality,score_model,BTC/ETH,True,True,True,True,False,False,True,False,False,False,True,False,False,none,low,low,False,3,"{""family"": ""ml_rule"", ""model_type"": ""score_model"", ""name"": ""lab_0499_ml_rule"", ""params"": {""btc"": 0.3, ""q"": 0.6, ""rebalance"": 7}, ""target_type"": ""trade_quality"", ""universe"": ""BTC/ETH"", ""uses_broader_universe"": false, ""uses_derivatives"": false, ""uses_ensemble"": false, ""uses_liquidity"": true, ""uses_macro"": true, ""uses_ml"": true, ""uses_onchain"": false, ""uses_state_machine"": false, ""uses_trend"": true, ""uses_volatility"": true}",1.039197185458819,0.03694055023797926,0.05,-0.3807564066403987,0.09701885403301266,1.1605767632776416,0.350828701310655,0.649171298689345,0.08323802632826346,182,0.10529512009699799,-1.0853057495522382,1.7038386780940031,0.9537051679066432,0.8704671415783798,0.7317370976979407,0.45427700993706244,1.118374358281657,0.08515732554567448,0.0660967249140625,-0.2094160236522193,0.4066418799312925,1.2516305120239055,0.350828701310655,0.649171298689345,0.08323802632826346,182,0.2427319236639895,-1.0853057495522382,1.8375143674652057,1.0328823407294814,0.9496443144012179,0.8109142705207788,0.5334541827599005,1.1987622932659068,0.024145658735191394,0.05,-0.2665294846482791,0.09059282415622716,1.3440766372557926,0.350828701310655,0.649171298689345,0.08323802632826346,182,0.06882463904744976,-1.0853057495522382,1.9732341998743697,1.1132702757137312,1.0300322493854677,0.8913022055050286,0.6138421177441503,0.6297794978005612,0.017381992819339557,0.05,-0.3807564066403987,0.045651215622895064,0.6897464224706453,0.350828701310655,0.649171298689345,0.08323802632826346,182,0.04954552678957697,-1.0853057495522382,1.0126143051179703,0.5442874802483855,0.4610494539201221,0.32231941003968295,0.044859322278804736,1.1577479169637568,0.07179620816145812,0.05407367410949433,-0.17134038298817944,0.4190267752956479,1.2969101045083202,0.350828701310655,0.649171298689345,0.08323802632826346,182,0.20464747580011522,-1.0853057495522382,1.9039891784767582,1.0722558994115812,0.9890178730833177,0.8502878292028786,0.5728277414420003,-0.18093430611000882,-0.28556730498029903,0.280662961048524,0.9678780034388421,1.0300322493854677,0.4610494539201221,1.0,0.8333333333333334,0.7328630077522513,0.4610494539201221,1.0300322493854677,0.857817607639996,1.05965704473176,False,False,1.0013044096191244,0.9251182045394084,0.8162807687112428,-0.2094160236522193,-0.2094160236522193,-0.2094160236522193,0.08089945926839076,0.07664159299110704,0.06812586043653959,0.5676043696995223,0.712106606717678,0.8651383730370868,0.752414799575481,0.7370919517143515,-0.1,False,True,True,True,True,rejected,did not meet dual Sharpe > 1.0 hurdle,ml rule timing
lab_0453_state_machine,state_machine,regime_transition,state_machine,BTC/ETH,True,True,True,True,False,False,False,False,True,False,True,False,False,none,low,low,False,3,"{""family"": ""state_machine"", ""model_type"": ""state_machine"", ""name"": ""lab_0453_state_machine"", ""params"": {""breadth"": 0, ""rebalance"": 1, ""votes"": 2}, ""target_type"": ""regime_transition"", ""universe"": ""BTC/ETH"", ""uses_broader_universe"": false, ""uses_derivatives"": false, ""uses_ensemble"": false, ""uses_liquidity"": true, ""uses_macro"": true, ""uses_ml"": false, ""uses_onchain"": false, ""uses_state_machine"": true, ""uses_trend"": true, ""uses_volatility"": true}",0.9782475682949239,0.08763715669626715,0.0763225275768734,-0.3741533624193028,0.23422790090565787,1.0904847035391623,0.5146989551110527,0.4853010448889473,0.0867836705550557,190,0.17026876745331326,-0.726936316275549,1.321737142403701,0.8903917879248867,0.8036081173698311,0.6589686664447382,0.3696897645945525,1.1897451774817625,0.054436597945218074,0.05,-0.20578434933061657,0.2645322548691948,1.3337069541040267,0.5146989551110527,0.4853010448889473,0.0867836705550557,190,0.10576395658987243,-0.726936316275549,1.6165380519325119,1.1018893971117252,1.0151057265566696,0.8704662756315767,0.5811873737813911,0.7668595758788792,0.0527287012421205,0.056282395568893105,-0.2619073536935119,0.20132577607509428,0.847388512260711,0.5146989551110527,0.4853010448889473,0.0867836705550557,190,0.10244571262194156,-0.726936316275549,1.0270890247851812,0.679003795508842,0.5922201249537864,0.4475806740286935,0.15830177217850783,0.6971908777363608,0.08257387494458086,0.09521995337419194,-0.3741533624193028,0.22069526359632904,0.7672695093968148,0.5146989551110527,0.4853010448889473,0.0867836705550557,190,0.1604314019381767,-0.726936316275549,0.929979673728835,0.6093350973663236,0.5225514268112679,0.3779119758861751,0.08863307403598941,1.1748745462879173,0.08346768430252528,0.062063546769407084,-0.16836901308868626,0.4957425524526875,1.3166057282311048,0.5146989551110527,0.4853010448889473,0.0867836705550557,190,0.16216796920544768,-0.726936316275549,1.5958102734102484,1.0870187659178803,1.0002350953628245,0.8555956444377316,0.5663167425875459,-0.19067172838362464,-0.2806150218144771,0.41175916408884217,0.8612514773456028,1.1071319966109403,0.5225514268112679,1.0,0.6666666666666666,0.7207626133259432,0.5225514268112679,1.1071319966109403,0.8060104330506852,0.9956599467096701,False,False,1.0669655632832216,0.985783400859498,0.8698088831113218,-0.20578434933061657,-0.20578434933061657,-0.20578434933061657,0.05171476804795717,0.04899293815069627,0.04354927835617446,0.4943124409271805,0.6757480817508449,0.8617088064360122,0.7612309556590638,0.7630529307576613,-0.1,False,True,True,True,True,rejected,did not meet dual Sharpe > 1.0 hurdle,state machine timing
lab_0242_volatility,volatility,volatility_state,rule,BTC/ETH,False,True,True,False,False,False,False,False,False,False,True,False,False,none,low,low,False,4,"{""family"": ""volatility"", ""model_type"": ""rule"", ""name"": ""lab_0242_volatility"", ""params"": {""lb"": 252, ""q"": 0.2, ""trend"": 1, ""vt"": null}, ""target_type"": ""volatility_state"", ""universe"": ""BTC/ETH"", ""uses_broader_universe"": false, ""uses_derivatives"": false, ""uses_ensemble"": false, ""uses_liquidity"": false, ""uses_macro"": false, ""uses_ml"": false, ""uses_onchain"": false, ""uses_state_machine"": false, ""uses_trend"": true, ""uses_volatility"": true}",1.1063381651009176,0.02293466009096481,0.05,-0.34402837943435705,0.06666502376540392,1.2377888898660552,0.4221059607917288,0.5778940392082712,0.11009770057059884,241,0.054333892958884314,-0.8150284795530381,1.656677589151761,1.0029396980538516,0.8928419974832529,0.7093458298655881,0.34235349463025877,1.0993774655779427,0.06978914981723655,0.05497903634634149,-0.1892156086888964,0.36883400001097233,1.229784085414634,0.4221059607917288,0.5778940392082712,0.11009770057059884,241,0.16533561783002443,-0.8150284795530381,1.6459638234613558,0.9959789985308768,0.8858812979602779,0.7023851303426132,0.3353927951072838,1.2295373555062998,0.07471577827226977,0.05338605502619144,-0.24081986560404992,0.3102558756307738,1.3794679588322447,0.4221059607917288,0.5778940392082712,0.11009770057059884,241,0.17700716221142224,-0.8150284795530381,1.8463032517585505,1.1261388884592338,1.016041187888635,0.8325450202709703,0.46555268503564096,0.8292287643385324,0.03115857813121637,0.05,-0.34402837943435705,0.09056979015058739,0.9191130789893122,0.4221059607917288,0.5778940392082712,0.11009770057059884,241,0.07381695835987097,-0.8150284795530381,1.2301564930209052,0.7258302972914665,0.6157325967208677,0.432236429103203,0.06524409386787355,1.4814576252953715,0.021007824395993635,0.05,-0.15481277074546068,0.13569826503870394,1.669176269089677,0.4221059607917288,0.5778940392082712,0.11009770057059884,241,0.049769077784616034,-0.8150284795530381,2.234053755034154,1.3780591582483055,1.2679614576777067,1.084465290060042,0.7174729548247126,-0.23167110309815558,-0.2580212845757678,0.33768476863338304,1.0567686185242984,1.2679614576777067,0.6157325967208677,1.0,0.5,0.7458003898022832,0.6157325967208677,1.2679614576777067,0.91488744033578,1.1301550733559635,False,False,0.9838272683317073,0.9089708457412512,0.802033099183457,-0.1892156086888964,-0.1892156086888964,-0.1892156086888964,0.06629969232637473,0.0628102348355129,0.055831319853789245,0.6980198590160549,0.7796220346447582,0.8583110347906937,0.7709627110577766,0.7429274570621038,-0.1,False,True,True,True,True,rejected,did not meet dual Sharpe > 1.0 hurdle,volatility timing
lab_0358_liquidity,liquidity,regime_transition,rule,BTC/ETH,False,False,False,True,False,False,False,False,False,False,True,False,False,none,low,low,False,3,"{""family"": ""liquidity"", ""model_type"": ""rule"", ""name"": ""lab_0358_liquidity"", ""params"": {""breadth"": 0, ""lb"": 63, ""q"": 0.4}, ""target_type"": ""regime_transition"", ""universe"": ""BTC/ETH"", ""uses_broader_universe"": false, ""uses_derivatives"": false, ""uses_ensemble"": false, ""uses_liquidity"": true, ""uses_macro"": false, ""uses_ml"": false, ""uses_onchain"": false, ""uses_state_machine"": false, ""uses_trend"": false, ""uses_volatility"": false}",1.149730939702977,0.04060165213258518,0.05,-0.37590230341684694,0.10801118206387006,1.2876905806584233,0.29156479291109616,0.7084352070889038,0.07086864916797395,155,0.13925430339926337,-1.2892582114036895,2.0737010049017837,1.0724851735909942,1.0016165244230204,0.8835021091430637,0.6472732785831505,0.9429755135523794,0.06464184474597402,0.05808020388485557,-0.20674626687926584,0.31266269385034695,1.0499218405852362,0.29156479291109616,0.7084352070889038,0.07086864916797395,155,0.22170661999538674,-1.2892582114036895,1.6907974699765793,0.8657297474403968,0.7948610982724228,0.6767466829924662,0.4405178524325531,1.0258255686209552,-0.01692329820041053,0.05,-0.26313161239179284,-0.0643149564834969,1.1451994039140985,0.29156479291109616,0.7084352070889038,0.07086864916797395,155,-0.05804301003369353,-1.2892582114036895,1.8442327608665925,0.9485798025089727,0.8777111533409987,0.7595967380610421,0.523367907501129,0.6193316011498713,0.06476231885232324,0.0820470367054603,-0.37590230341684694,0.17228497474916182,0.6777313413223519,0.29156479291109616,0.7084352070889038,0.07086864916797395,155,0.22211981839683417,-1.2892582114036895,1.0914207067003456,0.5420858350378887,0.4712171858699147,0.3531027705899581,0.11687394003004498,1.162179913694956,-0.004211935991400996,0.05,-0.16915603653758113,-0.024899708444429278,1.3020069007491992,0.29156479291109616,0.7084352070889038,0.07086864916797395,155,-0.014445969108092205,-1.2892582114036895,2.0967560522902313,1.0849341475829732,1.0140654984149995,0.8959510831350428,0.6597222525751296,-0.21630172247745608,-0.2819267275626352,0.23325183432887694,1.0030265808117562,1.1460781104014,0.4712171858699147,1.0,0.8333333333333334,0.7539388051160304,0.4712171858699147,1.1460781104014,0.9517712987475303,1.1757174866881257,False,False,0.8399374724681891,0.7760291865195225,0.6847316351642845,-0.20674626687926584,-0.20674626687926584,-0.20674626687926584,0.061409752508675315,0.05817766027137662,0.05171347579677922,0.5570822234476536,0.7580117526627671,0.8544163925316707,0.74694985268444,0.7358537971994606,-0.1,False,True,True,True,True,rejected,did not meet dual Sharpe > 1.0 hurdle,liquidity timing
lab_0293_crash_avoidance,crash_avoidance,crash_avoidance,rule,BTC/ETH,False,False,True,False,False,False,False,False,False,False,True,False,False,none,low,low,False,3,"{""family"": ""crash_avoidance"", ""model_type"": ""rule"", ""name"": ""lab_0293_crash_avoidance"", ""params"": {""dd"": -0.25, ""rebalance"": 7, ""volq"": 0.8}, ""target_type"": ""crash_avoidance"", ""universe"": ""BTC/ETH"", ""uses_broader_universe"": false, ""uses_derivatives"": false, ""uses_ensemble"": false, ""uses_liquidity"": false, ""uses_macro"": false, ""uses_ml"": false, ""uses_onchain"": false, ""uses_state_machine"": false, ""uses_trend"": false, ""uses_volatility"": true}",1.0093612544719333,0.08835702198087397,0.07491938678317561,-0.35105550232007615,0.25168960861440687,1.1262654426427232,0.45542513697084247,0.5445748630291576,0.07795355449316049,170,0.1940099805833309,-0.7708303161635799,1.45122389174732,0.9273922181431596,0.8494386636499992,0.719516072828065,0.4596708911841967,1.079847884165579,0.024329296104979428,0.05,-0.19308052627604189,0.1260059549982607,1.2073250667904156,0.45542513697084247,0.5445748630291576,0.07795355449316049,170,0.053421065571391715,-0.7708303161635799,1.5556714391595565,0.9978788478368052,0.9199252933436448,0.7900027025217107,0.5301575208778423,1.059421025486852,0.04140686900915796,0.05,-0.2457388516240533,0.1684994811992724,1.1838341793098797,0.45542513697084247,0.5445748630291576,0.07795355449316049,170,0.09091915585636402,-0.7708303161635799,1.5254027867980755,0.9774519891580782,0.8994984346649177,0.7695758438429836,0.5097306621991152,0.4787310238455952,0.008810692284142635,0.05,-0.35105550232007615,0.02509771881059837,0.5160406774224344,0.45542513697084247,0.5445748630291576,0.07795355449316049,170,0.019346082525758167,-0.7708303161635799,0.6649325566019995,0.3967619875168215,0.318808433023661,0.18888584220172683,-0.0709593394421415,1.031203791303266,0.07723527387753651,0.0642982268593565,-0.15797497604403427,0.48890828035959183,1.1513843599987557,0.45542513697084247,0.5445748630291576,0.07795355449316049,170,0.16958939594605935,-0.7708303161635799,1.4835903052247372,0.9492347549744922,0.8712812004813317,0.7413586096593976,0.4815134280155292,-0.22417883211763573,-0.2632916267400571,0.364340109576674,0.8853898175731247,1.0815691958769733,0.318808433023661,1.0,0.8333333333333334,0.7269814568826468,0.318808433023661,1.0815691958769733,0.8324570663011434,1.0283293171955301,False,False,0.9658600534323327,0.892370701540742,0.7873859131241843,-0.19308052627604189,-0.19308052627604189,-0.19308052627604189,0.023112831299730456,0.021896366494481487,0.019463436883983543,0.4291920225260014,0.6562830784764151,0.8528627615707132,0.7164179033604157,0.7488216208527165,-0.1,False,True,True,True,True,rejected,did not meet dual Sharpe > 1.0 hurdle,crash avoidance timing
lab_0304_crash_avoidance,crash_avoidance,crash_avoidance,rule,BTC/ETH,False,False,True,False,False,False,False,False,False,False,True,False,False,none,low,low,False,3,"{""family"": ""crash_avoidance"", ""model_type"": ""rule"", ""name"": ""lab_0304_crash_avoidance"", ""params"": {""dd"": -0.35, ""rebalance"": 1, ""volq"": 0.9}, ""target_type"": ""crash_avoidance"", ""universe"": ""BTC/ETH"", ""uses_broader_universe"": false, ""uses_derivatives"": false, ""uses_ensemble"": false, ""uses_liquidity"": false, ""uses_macro"": false, ""uses_ml"": false, ""uses_onchain"": false, ""uses_state_machine"": false, ""uses_trend"": false, ""uses_volatility"": true}",1.047821169572795,0.021184669783129356,0.05,-0.4060532877256376,0.05217214199098772,1.1704943450087142,0.3233375432919358,0.6766624567080641,0.09265706747435296,202,0.06551874418122268,-1.2558185591180149,1.789960356094716,0.9560497912565596,0.8633927237822068,0.7089642779916185,0.40010738641044197,1.1177998233071422,0.06078635816551054,0.05,-0.2233293082491007,0.2721826286127643,1.2509697968032134,0.3233375432919358,0.6766624567080641,0.09265706747435296,202,0.18799659806478952,-1.2558185591180149,1.9130261948706329,1.026028444990907,0.933371377516554,0.7789429317259657,0.47008604014478916,1.3075343372346224,0.01826236214916275,0.05,-0.2842373014079463,0.06425040646917779,1.4691644878198156,0.3233375432919358,0.6766624567080641,0.09265706747435296,202,0.05648079701240874,-1.2558185591180149,2.2466970481263537,1.2157629589183871,1.1231058914440342,0.9686774456534459,0.6598205540722694,0.7531426417186444,-0.00891478150287138,0.05,-0.4060532877256376,-0.02195470834087896,0.831614037976441,0.3233375432919358,0.6766624567080641,0.09265706747435296,202,-0.027571130194498878,-1.2558185591180149,1.2717328929415654,0.661371263402409,0.5687141959280562,0.4142857501374679,0.10542885855629136,1.0544169473682747,-0.007492456975744868,0.05,-0.18272397947653693,-0.04100423489685957,1.1780794894735158,0.3233375432919358,0.6766624567080641,0.09265706747435296,202,-0.02317224563365987,-1.2558185591180149,1.801559820838089,0.9626455690520394,0.8699885015776865,0.7155600557870982,0.4067031642059217,-0.26598364986310824,-0.3045399657942282,0.25867003463354865,0.8542475648443137,1.2177666911009801,0.5687141959280562,1.0,0.6666666666666666,0.7345479724858144,0.5687141959280562,1.2177666911009801,0.8651479941368757,1.0687122280514347,False,False,1.0007758374425708,0.9246298498110709,0.8158498674803567,-0.2233293082491007,-0.2233293082491007,-0.2233293082491007,0.05774704025723501,0.05470772234895949,0.04862908653240844,0.6273222876636931,0.7068915064552613,0.8512164701244009,0.7608951143117189,0.7192141152496759,-0.1,False,True,True,True,True,rejected,did not meet dual Sharpe > 1.0 hurdle,crash avoidance timing
lab_0014_baseline_macro,baseline_macro,regime,rule,BTC/ETH,True,False,False,False,False,False,False,False,False,False,True,False,False,none,low,low,False,3,"{""family"": ""baseline_macro"", ""model_type"": ""rule"", ""name"": ""lab_0014_baseline_macro"", ""params"": {""lookback"": 63, ""q"": 0.7, ""rebalance"": 7}, ""target_type"": ""regime"", ""universe"": ""BTC/ETH"", ""uses_broader_universe"": false, ""uses_derivatives"": false, ""uses_ensemble"": false, ""uses_liquidity"": false, ""uses_macro"": true, ""uses_ml"": false, ""uses_onchain"": false, ""uses_state_machine"": false, ""uses_trend"": false, ""uses_volatility"": false}",0.9185042591614017,-0.013316320549452688,0.05,-0.6683372175678878,-0.019924553353337763,1.0217798980356119,0.2276749095012333,0.7723250904987666,0.081660803179275,178,-0.058488309399681804,-2.9354891104690104,1.862095401845753,0.8340637237085516,0.7524029205292766,0.6163015818971516,0.3440989046329016,1.340796173920908,0.055184883391628206,0.05,-0.3675854696623383,0.1501280326513469,1.507415600009044,0.2276749095012333,0.7723250904987666,0.081660803179275,178,0.24238456276329065,-2.9354891104690104,2.747119671118807,1.2563556384680579,1.174694835288783,1.038593496656658,0.7663908193924079,0.651067635327063,0.01930298630941265,0.05,-0.4678360522975214,0.04126015131714747,0.7142277806261224,0.2276749095012333,0.7723250904987666,0.081660803179275,178,0.08478310742145298,-2.9354891104690104,1.301611304676545,0.566627099874213,0.48496629669493796,0.348864958062813,0.07666228079856297,0.4518940309627103,-0.012761857472529,0.05,-0.6683372175678878,-0.019094937610941422,0.48517813560711687,0.2276749095012333,0.7723250904987666,0.081660803179275,178,-0.05605298142200368,-2.9354891104690104,0.884190398663157,0.36745349550986034,0.28579269233058535,0.14969135369846032,-0.1225113235657897,1.094363008387194,0.0024824863456158926,0.05,-0.3007517479055495,0.008254270716310226,1.224017459645273,0.2276749095012333,0.7723250904987666,0.081660803179275,178,0.010903644811166357,-2.9354891104690104,2.2306538695527798,1.009922472934344,0.928261669755069,0.7921603311229439,0.519957653858694,-0.32959525404207707,-0.5012529131759158,0.18213992760098666,0.8383509698392646,1.0370026900134648,0.28579269233058535,1.0,0.6666666666666666,0.7085814077491792,0.28579269233058535,1.0370026900134648,0.7552286202871914,0.9329294721194717,False,False,1.2059324800072353,1.1141767478327718,0.983097130440681,-0.3675854696623383,-0.3675854696623383,-0.3675854696623383,0.052425639222046794,0.04966639505246539,0.04414790671330257,0.29781600189719337,0.549372264115863,0.850089609402379,0.7277572439460898,0.6846059562503298,-0.1,False,True,True,True,True,rejected,did not meet dual Sharpe > 1.0 hurdle,baseline macro timing
lab_0435_relative_value,relative_value,relative_value,rule,BTC/ETH,False,True,False,False,False,False,False,False,False,False,True,False,False,none,low,low,False,2,"{""family"": ""relative_value"", ""model_type"": ""rule"", ""name"": ""lab_0435_relative_value"", ""params"": {""rebalance"": 14, ""thr"": -0.1}, ""target_type"": ""relative_value"", ""universe"": ""BTC/ETH"", ""uses_broader_universe"": false, ""uses_derivatives"": false, ""uses_ensemble"": false, ""uses_liquidity"": false, ""uses_macro"": false, ""uses_ml"": false, ""uses_onchain"": false, ""uses_state_machine"": false, ""uses_trend"": true, ""uses_volatility"": false}",1.0199955231084685,0.1432284621353395,0.12036050502207156,-0.6977516588701232,0.20527140324864418,1.1384948515747386,1.0,0.0,0.08811148933971993,192,0.1432284621353395,-0.6977516588701232,0.9899955231084685,0.9312545302153219,0.843143040875602,0.6962905586427354,0.40258559417700224,1.2625435778566092,0.16316186593383258,0.11389661610012419,-0.3837634123785678,0.42516264102029533,1.4174251145351004,1.0,0.0,0.08811148933971993,192,0.16316186593383258,-0.6977516588701232,1.2325435778566092,1.1738025849634626,1.0856910956237427,0.938838613390876,0.6451336489251429,1.0578347746262542,0.08314866232331342,0.06771974865154262,-0.4884261612090862,0.17023793753692693,1.1820099908201922,1.0,0.0,0.08811148933971993,192,0.08314866232331342,-0.6977516588701232,1.0278347746262542,0.9690937817331076,0.8809822923933877,0.734129810160521,0.4404248456947879,0.555664215151668,0.008591559249691433,0.05,-0.6977516588701232,0.01231320505006586,0.604513847424418,1.0,0.0,0.08811148933971993,192,0.008591559249691433,-0.6977516588701232,0.525664215151668,0.46692322225852134,0.3788117329188014,0.23195925068593481,-0.06174571377979832,1.0023312645185556,0.1374589401580501,0.117252643786226,-0.3139882464915555,0.43778371226945584,1.118180954196339,1.0,0.0,0.08811148933971993,192,0.1374589401580501,-0.6977516588701232,0.9723312645185557,0.9135902716254091,0.825478782285689,0.6786263000528225,0.3849213355870894,-0.4189136734313305,-0.5233137441525925,0.8,0.9114474542550818,1.113797963394228,0.3788117329188014,1.0,0.6666666666666666,0.7290870380784975,0.3788117329188014,1.113797963394228,0.8414961946421982,1.039495299263892,False,False,1.1339400916280804,1.0476620411781177,0.9244076833924568,-0.3837634123785678,-0.3837634123785678,-0.3837634123785678,0.15500377263714094,0.14684567934044934,0.13052949274706607,0.47030279772808814,0.6198058352670981,0.8494456139074553,0.7471053879225688,0.8427692666916052,-0.1,False,True,True,True,True,rejected,did not meet dual Sharpe > 1.0 hurdle,relative value timing
lab_0280_crash_avoidance,crash_avoidance,crash_avoidance,rule,BTC/ETH,False,False,True,False,False,False,False,False,False,False,True,False,False,none,low,low,False,3,"{""family"": ""crash_avoidance"", ""model_type"": ""rule"", ""name"": ""lab_0280_crash_avoidance"", ""params"": {""dd"": -0.15, ""rebalance"": 1, ""volq"": 0.7}, ""target_type"": ""crash_avoidance"", ""universe"": ""BTC/ETH"", ""uses_broader_universe"": false, ""uses_derivatives"": false, ""uses_ensemble"": false, ""uses_liquidity"": false, ""uses_macro"": false, ""uses_ml"": false, ""uses_onchain"": false, ""uses_state_machine"": false, ""uses_trend"": false, ""uses_volatility"": true}",1.1368242039940821,0.0014453428323125163,0.05,-0.41651783562154393,0.0034700622847415887,1.2728478345931944,0.28177294022056254,0.7182270597794375,0.10463153483137236,229,0.005129459312811052,-1.47820381650384,2.0851101666642275,1.0370698474398339,0.9324383126084616,0.758052421222841,0.4092806384515998,1.0447952501078308,0.05217995726638429,0.05,-0.22908480959184918,0.227775719216613,1.1670145376240053,0.28177294022056254,0.7182270597794375,0.10463153483137236,229,0.18518441559909743,-1.47820381650384,1.9117398096705507,0.9450408935535826,0.8404093587222102,0.6660234673365897,0.31725168456534847,1.0344125933769754,-0.007079565166552178,0.05,-0.29156248493508075,-0.024281468063796042,1.1550744823835217,0.28177294022056254,0.7182270597794375,0.10463153483137236,229,-0.02512507113355359,-1.47820381650384,1.8921802598988988,0.9346582368227272,0.8300267019913549,0.6556408106057343,0.3068690278344931,0.5332076003470381,0.014200566393751524,0.05,-0.41651783562154393,0.03409353736932032,0.5786887403990937,0.28177294022056254,0.7182270597794375,0.10463153483137236,229,0.05039719705744558,-1.47820381650384,0.9479764533880111,0.4334532437927898,0.3288217089614175,0.15443581757579689,-0.19433596519544427,1.1364180164244528,-0.012050845167527632,0.05,-0.18743302602969478,-0.06429413974044484,1.2723807188881207,0.28177294022056254,0.7182270597794375,0.10463153483137236,229,-0.042767929234420556,-1.47820381650384,2.0843449630953588,1.0366636598702046,0.9320321250388323,0.7576462336532117,0.4088744508819705,-0.2582598395772595,-0.31238837671615793,0.22541835217645004,0.9596170740010412,1.0510458250544878,0.3288217089614175,1.0,1.0,0.7515365709410551,0.3288217089614175,1.0510458250544878,0.9408005733949698,1.1621654141937863,False,False,0.9336116300992043,0.8625759625916561,0.7610964375808731,-0.22908480959184918,-0.22908480959184918,-0.22908480959184918,0.04957095940306507,0.04696196153974586,0.041743965813107436,0.4333370559565705,0.6784769976307565,0.839877105347972,0.7208881510859625,0.7076624959142643,-0.1,False,True,True,True,True,rejected,did not meet dual Sharpe > 1.0 hurdle,crash avoidance timing
lab_0233_volatility,volatility,volatility_state,rule,BTC/ETH,False,False,True,False,False,False,False,False,False,False,True,False,False,none,low,low,False,4,"{""family"": ""volatility"", ""model_type"": ""rule"", ""name"": ""lab_0233_volatility"", ""params"": {""lb"": 126, ""q"": 0.5, ""trend"": 0, ""vt"": 0.3}, ""target_type"": ""volatility_state"", ""universe"": ""BTC/ETH"", ""uses_broader_universe"": false, ""uses_derivatives"": false, ""uses_ensemble"": false, ""uses_liquidity"": false, ""uses_macro"": false, ""uses_ml"": false, ""uses_onchain"": false, ""uses_state_machine"": false, ""uses_trend"": false, ""uses_volatility"": true}",1.1071148918196088,0.024869752473152533,0.05,-0.44557684277571397,0.05581473291616054,1.23868212559255,0.5067440376385213,0.49325596236147873,0.10210813171472392,223,0.049077543347225375,-0.8792937058562097,1.5131002624499872,1.0090428040097927,0.9069346722950689,0.736754452770529,0.39639401372144933,1.0444957330790334,0.06158302029777752,0.05070665842658008,-0.2450672635266427,0.25129027603102305,1.1666700930408884,0.5067440376385213,0.49325596236147873,0.10210813171472392,223,0.12152687693132148,-0.8792937058562097,1.425134655211284,0.9464236452692174,0.8443155135544935,0.6741352940299536,0.333774854980874,1.0371516778461711,0.04253150308606616,0.05,-0.3119037899429998,0.1363609691752664,1.1582244295230966,0.5067440376385213,0.49325596236147873,0.10210813171472392,223,0.08393093934418507,-0.8792937058562097,1.414817935997126,0.9390795900363551,0.8369714583216312,0.6667912387970913,0.3264307997480117,0.876995672598126,0.07841483496349191,0.0748950898420669,-0.44557684277571397,0.17598498717978234,0.9740450234878448,0.5067440376385213,0.49325596236147873,0.10210813171472392,223,0.15474249155236836,-0.8792937058562097,1.1898353501892385,0.77892358478831,0.6768154530735861,0.5066352335490463,0.16627479449996663,1.2902089089835644,0.060903000526462706,0.05,-0.20050957924907128,0.3037411018194274,1.4492402453310989,0.5067440376385213,0.49325596236147873,0.10210813171472392,223,0.12018493756784368,-0.8792937058562097,1.7703055128163532,1.1921368211737484,1.0900286894590245,0.9198484699344847,0.579488030885405,-0.24599197887963078,-0.33418263208178545,0.405395230110817,1.0389342916145328,1.2524953497199247,0.6768154530735861,1.0,0.5,0.7459476152222067,0.6768154530735861,1.2524953497199247,0.9155476580466674,1.1309706364105891,False,False,0.9333360744327107,0.8623213731171784,0.7608717998092751,-0.2450672635266427,-0.2450672635266427,-0.2450672635266427,0.05850386928288864,0.055424718267999766,0.04926641623822202,0.6978297164933863,0.7841511273345217,0.8393119528818251,0.7597379292679635,0.7408948662650544,-0.1,False,True,True,True,True,rejected,did not meet dual Sharpe > 1.0 hurdle,volatility timing
lab_0513_ml_rule,ml_rule,trade_quality,score_model,BTC/ETH,True,True,True,True,False,False,True,False,False,False,True,False,False,none,low,low,False,3,"{""family"": ""ml_rule"", ""model_type"": ""score_model"", ""name"": ""lab_0513_ml_rule"", ""params"": {""btc"": 0.7, ""q"": 0.7, ""rebalance"": 1}, ""target_type"": ""trade_quality"", ""universe"": ""BTC/ETH"", ""uses_broader_universe"": false, ""uses_derivatives"": false, ""uses_ensemble"": false, ""uses_liquidity"": true, ""uses_macro"": true, ""uses_ml"": true, ""uses_onchain"": false, ""uses_state_machine"": false, ""uses_trend"": true, ""uses_volatility"": true}",1.2184254177501976,0.07360808160278462,0.053015509988328394,-0.3319608763947526,0.2217372191633007,1.3666892304127272,0.45052881676923523,0.5494711832307648,0.09292422843626573,203,0.16338151714829668,-0.7368249577801942,1.7705599836315729,1.1264759321260205,1.0335517036897548,0.8786779896293118,0.568930561508426,0.8918230358258016,0.07029996489217039,0.06620685605817231,-0.18257848201711394,0.38503970520239533,0.9910964911996717,0.45052881676923523,0.5494711832307648,0.09292422843626573,203,0.15603877549119935,-0.7368249577801942,1.2839757189758993,0.7998735502016244,0.7069493217653586,0.5520756077049158,0.24232817958402997,1.2633711818939701,0.019474798855508603,0.05,-0.2323726134763268,0.08380849431506962,1.4183768591780654,0.45052881676923523,0.5494711832307648,0.09292422843626573,203,0.04322653319972596,-0.7368249577801942,1.8375218394099164,1.171421696269793,1.0784974678335273,0.9236237537730843,0.6138763256521985,0.7474206076186629,0.03925216274478678,0.05,-0.3319608763947526,0.11824333991126688,0.8250336987614623,0.45052881676923523,0.5494711832307648,0.09292422843626573,203,0.08712464393790836,-0.7368249577801942,1.0688396598643362,0.6554711219944858,0.56254689355822,0.4076731794977771,0.0979257513768913,1.6174541857933342,0.038711954683190775,0.05,-0.14938239437763867,0.2591467009514318,1.825572313662334,0.45052881676923523,0.5494711832307648,0.09292422843626573,203,0.0859255906443369,-0.7368249577801942,2.3650477474093474,1.525504700169157,1.4325804717328914,1.2777067576724483,0.9679593295515626,-0.20828468354689225,-0.24897065729606443,0.3604230534153882,1.290675845789043,1.4325804717328914,0.56254689355822,1.0,0.3333333333333333,0.7664593331750501,0.56254689355822,1.4325804717328914,1.0101616050876678,1.2478466886377075,False,False,0.7928771929597375,0.7325495804519313,0.6463672768693511,-0.18257848201711394,-0.18257848201711394,-0.18257848201711394,0.06678496664756187,0.06326996840295335,0.05623997191373631,0.6673086966850318,0.864022000594165,0.8381345437662776,0.7536913030059156,0.7586584757995304,-0.1,False,True,True,True,True,rejected,did not meet dual Sharpe > 1.0 hurdle,ml rule timing
lab_0516_ml_rule,ml_rule,trade_quality,score_model,BTC/ETH,True,True,True,True,False,False,True,False,False,False,True,False,False,none,low,low,False,3,"{""family"": ""ml_rule"", ""model_type"": ""score_model"", ""name"": ""lab_0516_ml_rule"", ""params"": {""btc"": 0.3, ""q"": 0.8, ""rebalance"": 1}, ""target_type"": ""trade_quality"", ""universe"": ""BTC/ETH"", ""uses_broader_universe"": false, ""uses_derivatives"": false, ""uses_ensemble"": false, ""uses_liquidity"": true, ""uses_macro"": true, ""uses_ml"": true, ""uses_onchain"": false, ""uses_state_machine"": false, ""uses_trend"": true, ""uses_volatility"": true}",1.2184254177501976,0.07360808160278462,0.053015509988328394,-0.3319608763947526,0.2217372191633007,1.3666892304127272,0.45052881676923523,0.5494711832307648,0.09292422843626573,203,0.16338151714829668,-0.7368249577801942,1.7705599836315729,1.1264759321260205,1.0335517036897548,0.8786779896293118,0.568930561508426,0.8918230358258016,0.07029996489217039,0.06620685605817231,-0.18257848201711394,0.38503970520239533,0.9910964911996717,0.45052881676923523,0.5494711832307648,0.09292422843626573,203,0.15603877549119935,-0.7368249577801942,1.2839757189758993,0.7998735502016244,0.7069493217653586,0.5520756077049158,0.24232817958402997,1.2633711818939701,0.019474798855508603,0.05,-0.2323726134763268,0.08380849431506962,1.4183768591780654,0.45052881676923523,0.5494711832307648,0.09292422843626573,203,0.04322653319972596,-0.7368249577801942,1.8375218394099164,1.171421696269793,1.0784974678335273,0.9236237537730843,0.6138763256521985,0.7474206076186629,0.03925216274478678,0.05,-0.3319608763947526,0.11824333991126688,0.8250336987614623,0.45052881676923523,0.5494711832307648,0.09292422843626573,203,0.08712464393790836,-0.7368249577801942,1.0688396598643362,0.6554711219944858,0.56254689355822,0.4076731794977771,0.0979257513768913,1.6174541857933342,0.038711954683190775,0.05,-0.14938239437763867,0.2591467009514318,1.825572313662334,0.45052881676923523,0.5494711832307648,0.09292422843626573,203,0.0859255906443369,-0.7368249577801942,2.3650477474093474,1.525504700169157,1.4325804717328914,1.2777067576724483,0.9679593295515626,-0.20828468354689225,-0.24897065729606443,0.3604230534153882,1.290675845789043,1.4325804717328914,0.56254689355822,1.0,0.3333333333333333,0.7664593331750501,0.56254689355822,1.4325804717328914,1.0101616050876678,1.2478466886377075,False,False,0.7928771929597375,0.7325495804519313,0.6463672768693511,-0.18257848201711394,-0.18257848201711394,-0.18257848201711394,0.06678496664756187,0.06326996840295335,0.05623997191373631,0.6673086966850318,0.864022000594165,0.8381345437662776,0.7536913030059156,0.7586584757995304,-0.1,False,True,True,True,True,rejected,did not meet dual Sharpe > 1.0 hurdle,ml rule timing
lab_0007_baseline_macro,baseline_macro,regime,rule,BTC/ETH,True,False,False,False,False,False,False,False,False,False,True,False,False,none,low,low,False,3,"{""family"": ""baseline_macro"", ""model_type"": ""rule"", ""name"": ""lab_0007_baseline_macro"", ""params"": {""lookback"": 63, ""q"": 0.5, ""rebalance"": 1}, ""target_type"": ""regime"", ""universe"": ""BTC/ETH"", ""uses_broader_universe"": false, ""uses_derivatives"": false, ""uses_ensemble"": false, ""uses_liquidity"": false, ""uses_macro"": true, ""uses_ml"": false, ""uses_onchain"": false, ""uses_state_machine"": false, ""uses_trend"": false, ""uses_volatility"": false}",0.935709109601172,0.06469994075147686,0.058514432222426076,-0.7892175195715279,0.08197985871702766,1.0415654760413477,0.3735380142195882,0.6264619857804118,0.07757742149494397,169,0.17320845078284947,-2.1128171418386836,1.4819083087749259,0.8539908286045427,0.7764134071095987,0.6471177046180254,0.38852629963487895,1.2763795550274186,0.0350453402548042,0.05,-0.4340696357643404,0.08073667763720421,1.4333364882815314,0.3735380142195882,0.6264619857804118,0.07757742149494397,169,0.09382001006784395,-2.1128171418386836,2.039308425743515,1.1946612740307894,1.1170838525358453,0.987788150044272,0.7291967450611255,1.0097452638490152,0.035659403522277706,0.05,-0.5524522637000695,0.06454748376528957,1.1267070534263675,0.3735380142195882,0.6264619857804118,0.07757742149494397,169,0.09546392111330054,-2.1128171418386836,1.6030452068877576,0.9280269828523858,0.8504495613574419,0.7211538588658686,0.4625624538827221,0.6239076199656849,-0.020088527766014632,0.05,-0.7892175195715279,-0.025453727607213844,0.6829937629605375,0.3735380142195882,0.6264619857804118,0.07757742149494397,169,-0.05377907201221395,-2.1128171418386836,0.9717431649323344,0.5421893389690555,0.46461191747411157,0.33531621498253833,0.0767248099993918,1.3142407045172493,0.014809159851426577,0.05,-0.35514788380718754,0.041698572697864034,1.4768768101948366,0.3735380142195882,0.6264619857804118,0.07757742149494397,169,0.03964565663381414,-2.1128171418386836,2.101256297763325,1.23252242352062,1.154945002025676,1.0256492995341027,0.7670578945509562,-0.4697989218065863,-0.5919131396786459,0.29883041137567057,0.8142796659853437,1.154945002025676,0.46461191747411157,1.0,0.6666666666666666,0.7121213119702366,0.46461191747411157,1.154945002025676,0.7698527431609962,0.9509945650812307,False,False,1.146669190625225,1.0594226217733058,0.9347846662705639,-0.4340696357643404,-0.4340696357643404,-0.4340696357643404,0.033293073242063986,0.03154080622932378,0.02803627220384336,0.5408567965950237,0.6109258409449878,0.8374764155715931,0.7315283470806381,0.6905321892066049,-0.1,False,True,True,True,True,rejected,did not meet dual Sharpe > 1.0 hurdle,baseline macro timing
lab_0485_ml_rule,ml_rule,trade_quality,score_model,BTC/ETH,True,True,True,True,False,False,True,False,False,False,True,False,False,none,low,low,False,3,"{""family"": ""ml_rule"", ""model_type"": ""score_model"", ""name"": ""lab_0485_ml_rule"", ""params"": {""btc"": 0.5, ""q"": 0.4, ""rebalance"": 14}, ""target_type"": ""trade_quality"", ""universe"": ""BTC/ETH"", ""uses_broader_universe"": false, ""uses_derivatives"": false, ""uses_ensemble"": false, ""uses_liquidity"": true, ""uses_macro"": true, ""uses_ml"": true, ""uses_onchain"": false, ""uses_state_machine"": false, ""uses_trend"": true, ""uses_volatility"": true}",1.0891824643265824,0.009737704610040785,0.05,-0.42892957368662393,0.022702339049149256,1.2180598339755697,0.3585299206780421,0.6414700793219579,0.07676929483650348,168,0.027160089154135588,-1.1963564236854873,1.7689195408845184,1.00800293443558,0.9312336395990766,0.8032848148715708,0.5473871654165592,0.9805994824047076,0.06361785417700236,0.05529105057829815,-0.2359112655276432,0.26966857235373465,1.0931894047654136,0.3585299206780421,0.6414700793219579,0.07676929483650348,168,0.17744085084081682,-1.1963564236854873,1.5875772651216415,0.8994199525137053,0.8226506576772018,0.694701832949696,0.4388041834946844,0.9547457134481548,0.053021785894863546,0.05,-0.3002507015806367,0.17659171357714137,1.063457570465378,0.3585299206780421,0.6414700793219579,0.07676929483650348,168,0.1478866416353485,-1.1963564236854873,1.544399400444816,0.8735661835571525,0.796796888720649,0.6688480639931432,0.41295041453813164,0.44173585017012473,0.01665285218093946,0.05,-0.42892957368662393,0.03882421078548909,0.4734962276956434,0.3585299206780421,0.6414700793219579,0.07676929483650348,168,0.046447593967739245,-1.1963564236854873,0.6876318439728866,0.36055632027912243,0.28378702544261897,0.15583820071511317,-0.10005944873989842,1.467675351447889,0.002147491436857593,0.05,-0.19301830815898077,0.01112584322876148,1.6533266541650722,0.3585299206780421,0.6414700793219579,0.07676929483650348,168,0.005989713307040917,-1.1963564236854873,2.401032974277087,1.3864958215568868,1.3097265267203833,1.1817777019928775,0.9258800525378659,-0.2719036528871598,-0.32169718026496796,0.2868239365424337,1.0983154814994593,1.3097265267203833,0.28378702544261897,1.0,0.5,0.7425342821781579,0.28378702544261897,1.3097265267203833,0.900305094677595,1.1121415875429115,False,False,0.874551523812331,0.8080095600440015,0.7129496118035307,-0.2359112655276432,-0.2359112655276432,-0.2359112655276432,0.06043696146815224,0.05725606875930212,0.05089428334160189,0.377932099018373,0.6980297130412527,0.8363223492232358,0.7000891478848537,0.7223276391470164,-0.1,False,True,True,True,True,rejected,did not meet dual Sharpe > 1.0 hurdle,ml rule timing
lab_0255_volatility,volatility,volatility_state,rule,BTC/ETH,False,True,True,False,False,False,False,False,False,False,True,False,False,none,low,low,False,4,"{""family"": ""volatility"", ""model_type"": ""rule"", ""name"": ""lab_0255_volatility"", ""params"": {""lb"": 252, ""q"": 0.5, ""trend"": 1, ""vt"": 0.3}, ""target_type"": ""volatility_state"", ""universe"": ""BTC/ETH"", ""uses_broader_universe"": false, ""uses_derivatives"": false, ""uses_ensemble"": false, ""uses_liquidity"": false, ""uses_macro"": false, ""uses_ml"": false, ""uses_onchain"": false, ""uses_state_machine"": false, ""uses_trend"": true, ""uses_volatility"": true}",1.045638869908088,0.06324070299642881,0.052022606846398645,-0.4496428915264704,0.14064650901460063,1.1679847003943011,0.3911364921919324,0.6088635078080675,0.12077345166716492,264,0.1616844867683589,-1.1495805185720913,1.6239593172626126,0.9351232354633114,0.8143497837961465,0.613060697684205,0.21048252546032187,1.1963434179690686,-0.0007169895196509901,0.05,-0.24730359033955876,-0.0028992281052876417,1.3412949306644288,0.3911364921919324,0.6088635078080675,0.12077345166716492,264,-0.0018330928818044423,-1.1495805185720913,1.864928880587447,1.085827783524292,0.9650543318571271,0.7637652457451856,0.3611870735213024,0.7557207914908644,0.06730944607223169,0.07271031037752806,-0.31475002406852925,0.21385048745088156,0.8345789102144939,0.3911364921919324,0.6088635078080675,0.12077345166716492,264,0.17208684798247523,-1.1495805185720913,1.1603937934941786,0.6452051570460877,0.5244317053789228,0.32314261926698123,-0.07943555295690186,0.5322379029237292,-0.01022000335029195,0.05,-0.4496428915264704,-0.022729155832079465,0.5775735883622884,0.3911364921919324,0.6088635078080675,0.12077345166716492,264,-0.026128994748147786,-1.1495805185720913,0.8030550485028559,0.42172226847895256,0.30094881681178764,0.09965973069984607,-0.302918441524037,1.3187686442765714,0.006527251656902974,0.05,-0.20233930118691168,0.032258941385160764,1.4820839409180568,0.3911364921919324,0.6088635078080675,0.12077345166716492,264,0.016687912754762915,-1.1495805185720913,2.0606811236539664,1.2082530098317947,1.0874795581646297,0.8861904720526883,0.48361229982880516,-0.28925671615472887,-0.33723216864485284,0.312909193753546,0.9053715671450011,1.1541862059646393,0.30094881681178764,1.0,0.6666666666666666,0.7341222341316656,0.30094881681178764,1.1541862059646393,0.8632930394218749,1.0664208134034925,False,False,1.0730359445315432,0.9913919052737082,0.8747575634768014,-0.24730359033955876,-0.24730359033955876,-0.24730359033955876,-0.0006811400436684406,-0.0006452905676858911,-0.0005735916157207921,0.306695716355144,0.6059895553886394,0.8344719891994201,0.7142548298476937,0.7108992908077965,-0.1,False,True,True,True,True,rejected,did not meet dual Sharpe > 1.0 hurdle,volatility timing
lab_0443_relative_value,relative_value,relative_value,rule,BTC/ETH,False,True,False,False,False,False,False,False,False,False,True,False,False,none,low,low,False,2,"{""family"": ""relative_value"", ""model_type"": ""rule"", ""name"": ""lab_0443_relative_value"", ""params"": {""rebalance"": 14, ""thr"": 0}, ""target_type"": ""relative_value"", ""universe"": ""BTC/ETH"", ""uses_broader_universe"": false, ""uses_derivatives"": false, ""uses_ensemble"": false, ""uses_liquidity"": false, ""uses_macro"": false, ""uses_ml"": false, ""uses_onchain"": false, ""uses_state_machine"": false, ""uses_trend"": true, ""uses_volatility"": false}",0.9586622951842511,0.09485257443570104,0.08403981850055212,-0.705966235202272,0.13435851419795464,1.0679616394618887,1.0,0.0,0.062106672645895575,136,0.09485257443570104,-0.705966235202272,0.928662295184251,0.8872578467536539,0.8251511741077584,0.7216400530312658,0.5146178108782806,1.1959395904271706,0.12709081277722917,0.09304277705098513,-0.3882814293612496,0.3273162277843227,1.340830528991246,1.0,0.0,0.062106672645895575,136,0.12709081277722917,-0.705966235202272,1.1659395904271705,1.1245351419965735,1.062428469350678,0.9589173482741853,0.7518951061212,0.8974184640217824,0.08242244176524292,0.07721661611013782,-0.49417636464159037,0.1667875027269286,0.9975312336250496,1.0,0.0,0.062106672645895575,136,0.08242244176524292,-0.705966235202272,0.8674184640217824,0.8260140155911853,0.7639073429452897,0.6603962218687971,0.4533739797158119,0.4989757187953757,0.07141250344685406,0.10674902158698153,-0.705966235202272,0.1011556925614057,0.5393220766146821,1.0,0.0,0.062106672645895575,136,0.07141250344685406,-0.705966235202272,0.46897571879537575,0.4275712703647787,0.3654645977188831,0.26195347664239055,0.05493123448940529,0.9557707406920747,0.06965994294407618,0.06187755679389241,-0.3176848058410224,0.21927376337581533,1.0646363517958857,1.0,0.0,0.062106672645895575,136,0.06965994294407618,-0.705966235202272,0.9257707406920747,0.8843662922614776,0.822259619615582,0.7187484985390894,0.5117262563861043,-0.3843935435840541,-0.529474676401704,0.8,0.7958680567575209,1.114367433051244,0.3654645977188831,1.0,0.8333333333333334,0.7168038153969996,0.3654645977188831,1.114367433051244,0.7893629509066133,0.9750954099434637,False,False,1.072664423192997,0.991048651863095,0.8744546928203779,-0.3882814293612496,-0.3882814293612496,-0.3882814293612496,0.1207362721383677,0.11438173149950626,0.10167265022178334,0.44755964455917163,0.5893915309643302,0.8336533717525647,0.7245921631612404,0.8350586472551002,-0.1,False,True,True,True,True,rejected,did not meet dual Sharpe > 1.0 hurdle,relative value timing
lab_0500_ml_rule,ml_rule,trade_quality,score_model,BTC/ETH,True,True,True,True,False,False,True,False,False,False,True,False,False,none,low,low,False,3,"{""family"": ""ml_rule"", ""model_type"": ""score_model"", ""name"": ""lab_0500_ml_rule"", ""params"": {""btc"": 0.3, ""q"": 0.6, ""rebalance"": 14}, ""target_type"": ""trade_quality"", ""universe"": ""BTC/ETH"", ""uses_broader_universe"": false, ""uses_derivatives"": false, ""uses_ensemble"": false, ""uses_liquidity"": true, ""uses_macro"": true, ""uses_ml"": true, ""uses_onchain"": false, ""uses_state_machine"": false, ""uses_trend"": true, ""uses_volatility"": true}",1.0868215272985133,0.06429986160249154,0.05116069402526983,-0.3620284796100127,0.1776099539786405,1.2153447563932902,0.4326084900741256,0.5673915099258744,0.09321247080658794,204,0.14863291654649227,-0.8368501495381672,1.6067715450531546,0.9946798800941213,0.9014674092875334,0.7461132912765535,0.4354050552545936,1.0056573793025008,0.036408677798029164,0.05,-0.19911566378550702,0.18285190178332536,1.1220059861978757,0.4326084900741256,0.5673915099258744,0.09321247080658794,204,0.08416080274289275,-0.8368501495381672,1.4833711031527699,0.9135157320981088,0.8203032612915209,0.6649491432805409,0.35424090725858104,0.9371489928157165,0.08210328923312192,0.07415739865717233,-0.2534199357270089,0.3239811777143133,1.0432213417380738,0.4326084900741256,0.5673915099258744,0.09321247080658794,204,0.1897865879124422,-0.8368501495381672,1.3792122426819269,0.8450073456113245,0.7517948748047365,0.5964407567937566,0.2857325207717968,0.7748055233530827,0.025689517779034873,0.05,-0.3620284796100127,0.07095993609869683,0.8565263518560451,0.4326084900741256,0.5673915099258744,0.09321247080658794,204,0.05938283313541323,-0.8368501495381672,1.132388289422234,0.6826638761486907,0.5894514053421027,0.43409728733112285,0.123389051309163,1.4126582845087519,0.015414575452080186,0.05,-0.16291281582450573,0.09461855639819768,1.5900570271850645,0.4326084900741256,0.5673915099258744,0.09321247080658794,204,0.035631698881912754,-0.8368501495381672,2.102167613636381,1.32051663730436,1.227304166497772,1.071950048486792,0.7612418124648321,-0.16216995379581406,-0.27152135970750957,0.3460867920593005,0.9878012936549229,1.227304166497772,0.5894514053421027,1.0,0.6666666666666666,0.7420826666430156,0.5894514053421027,1.227304166497772,0.8982982982037363,1.109662603663439,False,False,0.8976047889583008,0.8293087724071256,0.7317430344768756,-0.19911566378550702,-0.19911566378550702,-0.19911566378550702,0.0345882439081277,0.03276781001822625,0.029126942238423333,0.585521611674956,0.7516385988114104,0.8323833019383536,0.7459659465118577,0.7326107993054127,-0.1,False,True,True,True,True,rejected,did not meet dual Sharpe > 1.0 hurdle,ml rule timing
lab_0363_liquidity,liquidity,regime_transition,rule,BTC/ETH,False,False,False,True,False,False,False,False,False,False,True,False,False,none,low,low,False,3,"{""family"": ""liquidity"", ""model_type"": ""rule"", ""name"": ""lab_0363_liquidity"", ""params"": {""breadth"": 1.0, ""lb"": 63, ""q"": 0.5}, ""target_type"": ""regime_transition"", ""universe"": ""BTC/ETH"", ""uses_broader_universe"": false, ""uses_derivatives"": false, ""uses_ensemble"": false, ""uses_liquidity"": true, ""uses_macro"": false, ""uses_ml"": false, ""uses_onchain"": false, ""uses_state_machine"": false, ""uses_trend"": false, ""uses_volatility"": false}",0.9805169789521606,0.06641944813764294,0.05773008947519819,-0.3127602569957161,0.21236537140507816,1.0930945257949847,0.45294201945685886,0.5470579805431411,0.08128415893586355,178,0.14664006712666933,-0.690508373170499,1.4123377680951148,0.8963275396615848,0.8150433807257214,0.6795697824992821,0.40862258604640356,1.0547370566942043,0.0670941255191773,0.054782473635832475,-0.17201814134764387,0.390040986337493,1.1784476151983347,0.45294201945685886,0.5470579805431411,0.08128415893586355,178,0.14812961182014553,-0.690508373170499,1.5226186165883215,0.9705476174036285,0.889263458467765,0.7537898602413258,0.4828426637884472,1.1271915163522053,0.010642326404192978,0.05,-0.21893217989700123,0.048610151368335915,1.261770243805036,0.45294201945685886,0.5470579805431411,0.08128415893586355,178,0.02349600157864493,-0.690508373170499,1.6302759989474733,1.0430020770616295,0.961717918125766,0.8262443198993268,0.5552971234464482,0.4187986777938725,0.026303537613665242,0.05,-0.3127602569957161,0.08410127893591521,0.4471184794629533,0.45294201945685886,0.5470579805431411,0.08128415893586355,178,0.058072637299597156,-0.690508373170499,0.577701470876478,0.33460923850329677,0.2533250795674332,0.11785148134099394,-0.15309571511188458,1.2375597641275067,0.03584323822056894,0.05,-0.14074211564807224,0.254673152066262,1.3886937287466325,0.45294201945685886,0.5470579805431411,0.08128415893586355,178,0.07913427476556496,-0.690508373170499,1.7942680666150863,1.153370324836931,1.0720861659010674,0.9366125676746282,0.6656653712217496,-0.13657049492218848,-0.23457019274678706,0.3623536155654871,0.9779428201854092,1.0720861659010674,0.2533250795674332,1.0,0.3333333333333333,0.7212191347805142,0.2533250795674332,1.0720861659010674,0.8079394321093365,0.9980428278997686,False,False,0.9427580921586679,0.8710264981900736,0.7685527925206532,-0.17201814134764387,-0.17201814134764387,-0.17201814134764387,0.06373941924321844,0.06038471296725957,0.053675300415341846,0.39961364318750403,0.6533661021186663,0.8283612961885279,0.6901394552882364,0.7336438454435209,-0.1,False,True,True,True,True,rejected,did not meet dual Sharpe > 1.0 hurdle,liquidity timing
lab_0294_crash_avoidance,crash_avoidance,crash_avoidance,rule,BTC/ETH,False,False,True,False,False,False,False,False,False,False,True,False,False,none,low,low,False,3,"{""family"": ""crash_avoidance"", ""model_type"": ""rule"", ""name"": ""lab_0294_crash_avoidance"", ""params"": {""dd"": -0.25, ""rebalance"": 14, ""volq"": 0.8}, ""target_type"": ""crash_avoidance"", ""universe"": ""BTC/ETH"", ""uses_broader_universe"": false, ""uses_derivatives"": false, ""uses_ensemble"": false, ""uses_liquidity"": false, ""uses_macro"": false, ""uses_ml"": false, ""uses_onchain"": false, ""uses_state_machine"": false, ""uses_trend"": false, ""uses_volatility"": true}",1.2192543490367769,0.058071903252085236,0.05,-0.38053461562519086,0.15260609907111156,1.3676425013922933,0.2351367917061275,0.7648632082938724,0.08396950445607229,183,0.2469707221516535,-1.618354205073873,2.452530709746148,1.1332746793993953,1.049305174943323,0.9093560008498691,0.6294576526629615,0.8740418079718606,0.0023288771739610435,0.05,-0.20929403859385498,0.011127298176324745,0.9706480791676396,0.2351367917061275,0.7648632082938724,0.08396950445607229,183,0.009904350387121296,-1.618354205073873,1.7406187801938697,0.788062138334479,0.7040926338784067,0.5641434597849528,0.2842451115980452,1.0781226630454241,0.03355045325730134,0.05,-0.26637423093763357,0.12595232331297293,1.2053410625022376,0.2351367917061275,0.7648632082938724,0.08396950445607229,183,0.14268483045066163,-1.618354205073873,2.1614829668538165,0.9921429934080426,0.9081734889519703,0.7682243148585164,0.48832596667160877,0.7262702630622124,0.01251371274514487,0.05,-0.38053461562519086,0.03288455828015999,0.8007108025215443,0.2351367917061275,0.7648632082938724,0.08396950445607229,183,0.05321886317469377,-1.618354205073873,1.4358780388956962,0.6402905934248309,0.5563210889687585,0.4163719148753047,0.13647356668839705,1.6551230427646348,-0.005515446998256124,0.05,-0.17124057703133588,-0.032208762046199095,1.86889149917933,0.2351367917061275,0.7648632082938724,0.08396950445607229,183,-0.023456333473960533,-1.618354205073873,3.3513975986083326,1.5691433731272533,1.485173868671181,1.345224694577727,1.0653263463908194,-0.1671357678907207,-0.2854009617188932,0.18810943336490202,1.2260705310887015,1.485173868671181,0.5563210889687585,1.0,0.3333333333333333,0.7666076786231732,0.5563210889687585,1.485173868671181,1.0108661966812602,1.2487170664886158,False,False,0.7765184633341118,0.7174355367760815,0.6330313559788954,-0.20929403859385498,-0.20929403859385498,-0.20929403859385498,0.0022124333152629913,0.0020959894565649394,0.001863101739168835,0.6003249417181689,0.8307110239172182,0.8282696745407268,0.7500833866545944,0.7150337430650625,-0.1,False,True,True,True,True,rejected,did not meet dual Sharpe > 1.0 hurdle,crash avoidance timing
lab_0224_volatility,volatility,volatility_state,rule,BTC/ETH,False,False,True,False,False,False,False,False,False,False,True,False,False,none,low,low,False,4,"{""family"": ""volatility"", ""model_type"": ""rule"", ""name"": ""lab_0224_volatility"", ""params"": {""lb"": 126, ""q"": 0.3, ""trend"": 0, ""vt"": null}, ""target_type"": ""volatility_state"", ""universe"": ""BTC/ETH"", ""uses_broader_universe"": false, ""uses_derivatives"": false, ""uses_ensemble"": false, ""uses_liquidity"": false, ""uses_macro"": false, ""uses_ml"": false, ""uses_onchain"": false, ""uses_state_machine"": false, ""uses_trend"": false, ""uses_volatility"": true}",1.1063381651009176,0.02293466009096481,0.05,-0.34402837943435705,0.06666502376540392,1.2377888898660552,0.4221059607917288,0.5778940392082712,0.11009770057059884,241,0.054333892958884314,-0.8150284795530381,1.656677589151761,1.0029396980538516,0.8928419974832529,0.7093458298655881,0.34235349463025877,1.0193774655779426,0.06641230213090271,0.05583786817302078,-0.1892156086888964,0.35098744015403177,1.137784085414634,0.4221059607917288,0.5778940392082712,0.11009770057059884,241,0.15733561783002442,-0.8150284795530381,1.522829467150842,0.9159789985308767,0.8058812979602779,0.6223851303426131,0.25539279510728374,1.2295373555062998,0.07471577827226977,0.05338605502619144,-0.24081986560404992,0.3102558756307738,1.3794679588322447,0.4221059607917288,0.5778940392082712,0.11009770057059884,241,0.17700716221142224,-0.8150284795530381,1.8463032517585505,1.1261388884592338,1.016041187888635,0.8325450202709703,0.46555268503564096,0.8292287643385324,0.03115857813121637,0.05,-0.34402837943435705,0.09056979015058739,0.9191130789893122,0.4221059607917288,0.5778940392082712,0.11009770057059884,241,0.07381695835987097,-0.8150284795530381,1.2301564930209052,0.7258302972914665,0.6157325967208677,0.432236429103203,0.06524409386787355,1.4814576252953715,0.021007824395993635,0.05,-0.15481277074546068,0.13569826503870394,1.669176269089677,0.4221059607917288,0.5778940392082712,0.11009770057059884,241,0.049769077784616034,-0.8150284795530381,2.234053755034154,1.3780591582483055,1.2679614576777067,1.084465290060042,0.7174729548247126,-0.23167110309815558,-0.2580212845757678,0.33768476863338304,1.0567686185242984,1.2679614576777067,0.6157325967208677,1.0,0.5,0.7458003898022832,0.6157325967208677,1.2679614576777067,0.91488744033578,1.1301550733559635,False,False,0.9102272683317072,0.8409708457412511,0.742033099183457,-0.1892156086888964,-0.1892156086888964,-0.1892156086888964,0.06309168702435758,0.05977107191781244,0.053129841704722174,0.6980198590160549,0.7796220346447582,0.8223110347906937,0.7459627110577766,0.7229274570621038,-0.1,False,True,True,True,True,rejected,did not meet dual Sharpe > 1.0 hurdle,volatility timing
lab_0468_state_machine,state_machine,regime_transition,state_machine,BTC/ETH,True,True,True,True,False,False,False,False,True,False,True,False,False,none,low,low,False,3,"{""family"": ""state_machine"", ""model_type"": ""state_machine"", ""name"": ""lab_0468_state_machine"", ""params"": {""breadth"": 0.5, ""rebalance"": 1, ""votes"": 4}, ""target_type"": ""regime_transition"", ""universe"": ""BTC/ETH"", ""uses_broader_universe"": false, ""uses_derivatives"": false, ""uses_ensemble"": false, ""uses_liquidity"": true, ""uses_macro"": true, ""uses_ml"": false, ""uses_onchain"": false, ""uses_state_machine"": true, ""uses_trend"": true, ""uses_volatility"": true}",1.0961407775835885,0.03347681581903933,0.05,-0.28389402285186843,0.11792011498779255,1.2260618942211268,0.32956079677337485,0.6704392032266251,0.0874446242895608,191,0.10158009128148798,-0.8614314130545402,1.8571491437042633,1.007844361390548,0.9203997371009871,0.7746586966183858,0.48317661565318315,0.9383354331088578,0.05282225766080981,0.05,-0.15614171256852766,0.3382969021658906,1.0445857480751863,0.32956079677337485,0.6704392032266251,0.0874446242895608,191,0.16028076815560516,-0.8614314130545402,1.5822623121289416,0.8500390169158173,0.7625943926262564,0.6168533521436551,0.32537127117845244,1.2021207212729268,0.020404897814951826,0.05,-0.1987258159963079,0.10267864651933761,1.3479388294638657,0.32956079677337485,0.6704392032266251,0.0874446242895608,191,0.06191542809317645,-0.8614314130545402,2.0417594370264784,1.1138243050798862,1.0263796807903254,0.8806386403077241,0.5891565593425214,0.6239210249811425,0.03995366409429764,0.0503244817017494,-0.28389402285186843,0.14073443214105585,0.6830091787283138,0.32956079677337485,0.6704392032266251,0.0874446242895608,191,0.12123306074469804,-0.8614314130545402,1.0345724937673242,0.535624608788102,0.4481799844985412,0.30243894401593985,0.010956863050737176,1.3589854995003539,0.06225450659354204,0.05,-0.1277523102833408,0.48730630745908454,1.5283333244254067,0.32956079677337485,0.6704392032266251,0.0874446242895608,191,0.18890143246119123,-0.8614314130545402,2.3150078622698183,1.2706890833073132,1.1832444590177524,1.037503418535151,0.7460213375699485,-0.1770594597622816,-0.2129205171389013,0.26364863741869987,1.072314025176353,1.1832444590177524,0.4481799844985412,1.0,0.5,0.7438623059099816,0.4481799844985412,1.1832444590177524,0.9062196609460502,1.119447816462768,False,False,0.8356685984601492,0.7720851181425291,0.6812515748316433,-0.15614171256852766,-0.15614171256852766,-0.15614171256852766,0.05018114477776931,0.04754003189472883,0.04225780612864785,0.569840272645463,0.754300298242389,0.8171289570515621,0.7194790584853139,0.7171702268060661,-0.1,False,True,True,True,True,rejected,did not meet dual Sharpe > 1.0 hurdle,state machine timing
lab_0501_ml_rule,ml_rule,trade_quality,score_model,BTC/ETH,True,True,True,True,False,False,True,False,False,False,True,False,False,none,low,low,False,3,"{""family"": ""ml_rule"", ""model_type"": ""score_model"", ""name"": ""lab_0501_ml_rule"", ""params"": {""btc"": 0.5, ""q"": 0.6, ""rebalance"": 1}, ""target_type"": ""trade_quality"", ""universe"": ""BTC/ETH"", ""uses_broader_universe"": false, ""uses_derivatives"": false, ""uses_ensemble"": false, ""uses_liquidity"": true, ""uses_macro"": true, ""uses_ml"": true, ""uses_onchain"": false, ""uses_state_machine"": false, ""uses_trend"": true, ""uses_volatility"": true}",1.225941216896979,0.04178520585643043,0.05,-0.2587098374700628,0.1615137880532498,1.3753323994315256,0.25244343637171135,0.7475565636282886,0.0895284703094036,196,0.16552304332802553,-1.024822990799113,2.3802785994724656,1.1362555700240433,1.0467270997146396,0.8975129825323003,0.5990847481676217,0.829318393924992,-0.0034139912486622417,0.05,-0.14229041060853456,-0.02399312247439302,0.9192161530137406,0.25244343637171135,0.7475565636282886,0.0895284703094036,196,-0.01352378694304928,-1.024822990799113,1.5908812576598859,0.7396327470520562,0.6501042767426526,0.5008901595603132,0.20246192519563466,1.1328002294523218,0.05947900748814769,0.05,-0.18109688622904396,0.32843749402141054,1.26822026387017,0.25244343637171135,0.7475565636282886,0.0895284703094036,196,0.23561320643951142,-1.024822990799113,2.194900341732103,1.0431145825793862,0.9535861122699825,0.8043719950876431,0.5059437607229645,0.7158866128267515,0.0005501669265513924,0.05,-0.2587098374700628,0.002126579073805248,0.7887696047507641,0.25244343637171135,0.7475565636282886,0.0895284703094036,196,0.002179367126587902,-1.024822990799113,1.365118287679861,0.6262009659538157,0.5366724956444121,0.3874583784620728,0.08903014409739418,1.6471665655863035,0.054968170348264546,0.05,-0.11641942686152827,0.47215633876676655,1.859741550424249,0.25244343637171135,0.7475565636282886,0.0895284703094036,196,0.2177445020488726,-1.024822990799113,3.218642282297936,1.5574809187133678,1.467952448403964,1.3187383312216248,1.0203100968569463,-0.12418643943374263,-0.19403237810254712,0.2019547490973691,1.1507023661128657,1.467952448403964,0.5366724956444121,1.0,0.6666666666666666,0.7678019617497418,0.5366724956444121,1.467952448403964,1.016550034362432,1.255738277741828,False,False,0.7353729224109926,0.6794206348362432,0.599488795443744,-0.14229041060853456,-0.14229041060853456,-0.14229041060853456,-0.0032432916862291297,-0.0030725921237960176,-0.0027311929989297934,0.6051836611850032,0.8247668030147226,0.8155282466325118,0.7429501377705338,0.7211649305059158,-0.1,False,True,True,True,True,rejected,did not meet dual Sharpe > 1.0 hurdle,ml rule timing
lab_0119_trend,trend,direction,rule,ETH,False,True,True,False,False,False,False,False,False,False,True,False,False,none,low,low,False,4,"{""family"": ""trend"", ""model_type"": ""rule"", ""name"": ""lab_0119_trend"", ""params"": {""asset"": ""eth"", ""ma"": 50, ""rebalance"": 14, ""vt"": 0.25}, ""target_type"": ""direction"", ""universe"": ""ETH"", ""uses_broader_universe"": false, ""uses_derivatives"": false, ""uses_ensemble"": false, ""uses_liquidity"": false, ""uses_macro"": false, ""uses_ml"": false, ""uses_onchain"": false, ""uses_state_machine"": false, ""uses_trend"": true, ""uses_volatility"": true}",1.0662190215254357,0.09995861926138745,0.08085834105516615,-0.5952621125483065,0.16792370479193844,1.1916518747542508,0.611229569361978,0.38877043063802197,0.11097022479215003,243,0.1635369495715458,-0.973876498104732,1.3254073733720835,0.9622388716640022,0.8512686468718522,0.6663182722182689,0.2964175229111021,1.1065043275592887,0.06470561942857621,0.050689698445672435,-0.3273941619015686,0.19763828118605858,1.2379799766931818,0.611229569361978,0.38877043063802197,0.11097022479215003,243,0.10586140244510439,-0.973876498104732,1.3769355161166714,1.0025241776978553,0.8915539529057053,0.7066035782521219,0.3367028289449552,0.8411243902157075,0.06102161417133671,0.0603502543918644,-0.41668347878381456,0.14644596505107943,0.9327930487480636,0.611229569361978,0.38877043063802197,0.11097022479215003,243,0.09983419852385925,-0.973876498104732,1.03749325690934,0.7371442403542741,0.626174015562124,0.4412236409085407,0.07132289160137395,0.8515560719156712,0.008115592944050967,0.05,-0.5952621125483065,0.013633646040915081,0.9447894827030218,0.611229569361978,0.38877043063802197,0.11097022479215003,243,0.013277487462725824,-0.973876498104732,1.050836215834615,0.7475759220542377,0.6366056972620877,0.4516553226085044,0.08175457330133762,1.2330842840600338,0.09173510834288472,0.06538103903311887,-0.26786795064673796,0.34246391970894724,1.3835469266690388,0.611229569361978,0.38877043063802197,0.11097022479215003,243,0.15008290328401636,-0.973876498104732,1.5388414493046454,1.1291041341986003,1.0181339094064503,0.833183534752867,0.46328278544570023,-0.2782798728711786,-0.44644658441122986,0.48898365548958245,0.9258666096018848,1.1146027436665866,0.626174015562124,1.0,0.8333333333333334,0.7381198051721032,0.626174015562124,1.1146027436665866,0.8807861682966203,1.0880299726017075,False,True,0.9903839813545456,0.9150286784253954,0.8073782456694665,-0.3273941619015686,-0.3273941619015686,-0.3273941619015686,0.061470338457147396,0.05823505748571859,0.05176449554286097,0.5779419120708951,0.6975885779385976,0.8133429984973142,0.735465678325995,0.7297455629167585,-0.1,False,True,True,True,True,rejected,did not meet dual Sharpe > 1.0 hurdle,trend timing
lab_0459_state_machine,state_machine,regime_transition,state_machine,BTC/ETH,True,True,True,True,False,False,False,False,True,False,True,False,False,none,low,low,False,3,"{""family"": ""state_machine"", ""model_type"": ""state_machine"", ""name"": ""lab_0459_state_machine"", ""params"": {""breadth"": 0, ""rebalance"": 1, ""votes"": 4}, ""target_type"": ""regime_transition"", ""universe"": ""BTC/ETH"", ""uses_broader_universe"": false, ""uses_derivatives"": false, ""uses_ensemble"": false, ""uses_liquidity"": true, ""uses_macro"": true, ""uses_ml"": false, ""uses_onchain"": false, ""uses_state_machine"": true, ""uses_trend"": true, ""uses_volatility"": true}",0.9908852851422736,0.08776777165599273,0.07560417276306182,-0.21139348509380332,0.41518673868802924,1.1050180779136145,0.5277587282417712,0.47224127175822883,0.10219191471171857,223,0.16630283301688095,-0.4005494817642542,1.322677087612718,0.8927573420011279,0.7905654272894093,0.620245569436545,0.27960585373081637,1.052964214938413,0.08340540434644542,0.06819938255564216,-0.11626641680159183,0.7173645377648165,1.176408847179175,0.5277587282417712,0.47224127175822883,0.10219191471171857,223,0.15803699661076306,-0.4005494817642542,1.4081299292104688,0.9548362717972674,0.8526443570855488,0.6823244992326845,0.34168478352695586,1.1437972579646354,0.0723686022045151,0.05508353877723127,-0.1479754395656623,0.4890582005833638,1.2808668466593305,0.5277587282417712,0.47224127175822883,0.10219191471171857,223,0.13712440615735752,-0.4005494817642542,1.533163361053621,1.0456693148234897,0.9434774001117711,0.7731575422589068,0.43251782655317816,0.37262603807865324,0.007619236099238362,0.05,-0.21139348509380332,0.036042908776764894,0.3940199437904512,0.5277587282417712,0.47224127175822883,0.10219191471171857,223,0.014436968431809468,-0.4005494817642542,0.47163133538782065,0.27449809493750754,0.17230618022578892,0.0019863223729246204,-0.338653393332804,1.1373656920763158,0.06120438014634287,0.05,-0.0951270682922115,0.6433960516720135,1.273470545887763,0.5277587282417712,0.47224127175822883,0.10219191471171857,223,0.11597037977987656,-0.4005494817642542,1.5243101868303397,1.03923774893517,0.9370458342234514,0.7667259763705871,0.42608626066485855,-0.09038307636399669,-0.1585451138203525,0.42220698259341694,0.9736861160814934,1.1423439384949228,0.17230618022578892,1.0,0.5,0.7232990189428076,0.17230618022578892,1.1423439384949228,0.8167524923709325,1.0089295493993873,False,False,0.94112707774334,0.8695195826976511,0.7672231612038098,-0.11626641680159183,-0.11626641680159183,-0.11626641680159183,0.07923513412912314,0.07506486391180088,0.06672432347715633,0.3222492850309683,0.6290309004848798,0.8126649608105347,0.6736195372889717,0.7415601301860918,-0.1,False,True,True,True,True,rejected,did not meet dual Sharpe > 1.0 hurdle,state machine timing
lab_0241_volatility,volatility,volatility_state,rule,BTC/ETH,False,False,True,False,False,False,False,False,False,False,True,False,False,none,low,low,False,4,"{""family"": ""volatility"", ""model_type"": ""rule"", ""name"": ""lab_0241_volatility"", ""params"": {""lb"": 252, ""q"": 0.2, ""trend"": 0, ""vt"": 0.3}, ""target_type"": ""volatility_state"", ""universe"": ""BTC/ETH"", ""uses_broader_universe"": false, ""uses_derivatives"": false, ""uses_ensemble"": false, ""uses_liquidity"": false, ""uses_macro"": false, ""uses_ml"": false, ""uses_onchain"": false, ""uses_state_machine"": false, ""uses_trend"": false, ""uses_volatility"": true}",1.1229969404977933,0.014228965266505831,0.05,-0.374129809605364,0.03803216130121973,1.2569464815724622,0.40799292961498823,0.5920070703850118,0.09433636598362344,206,0.03487551923983907,-0.9170007185134803,1.71116791235315,1.0301060298420444,0.9357696638584209,0.7785423872190484,0.4640878339403036,0.932044357112376,0.04122114325737028,0.05,-0.20577139528295021,0.2003249440996806,1.0373510106792323,0.40799292961498823,0.5920070703850118,0.09433636598362344,206,0.10103396472156893,-0.9170007185134803,1.4122174566261196,0.839153446456627,0.7448170804730035,0.5875898038336311,0.2731352505548863,1.2020174707034907,0.06413841252126029,0.05,-0.2618908667237548,0.24490511381183125,1.3478200913090141,0.40799292961498823,0.5920070703850118,0.09433636598362344,206,0.15720471573315242,-0.9170007185134803,1.8348804230611298,1.1091265600477418,1.0147901940641182,0.8575629174247459,0.543108364146001,0.44890165381094216,0.004205742367665036,0.05,-0.374129809605364,0.011241398732972644,0.4817369018825835,0.40799292961498823,0.5920070703850118,0.09433636598362344,206,0.010308370715232442,-0.9170007185134803,0.655821660494757,0.3560107431551932,0.26167437717156977,0.10444710053219736,-0.21000745274654747,1.188094938181335,0.08792187307094261,0.06473912139653608,-0.1683584143224138,0.5222303466375511,1.3318091789085351,0.40799292961498823,0.5920070703850118,0.09433636598362344,206,0.2154985213932802,-0.9170007185134803,1.8130836640512138,1.095204027525586,1.0008676615419625,0.8436403849025902,0.5291858316238454,-0.20386538363345919,-0.280597357204023,0.3263943436919906,1.0920425632719946,1.2598628635448021,0.26167437717156977,1.0,0.5,0.7489456448457484,0.26167437717156977,1.2598628635448021,0.9290473994231243,1.147646787522683,False,False,0.829880808543386,0.7667377035455195,0.6765332678342819,-0.20577139528295021,-0.20577139528295021,-0.20577139528295021,0.039160086094501764,0.037099028931633256,0.032976914605896225,0.407324195621197,0.701753135587116,0.8096008534444643,0.681267373959891,0.7187632209877728,-0.1,False,True,True,True,True,rejected,did not meet dual Sharpe > 1.0 hurdle,volatility timing
lab_0246_volatility,volatility,volatility_state,rule,BTC/ETH,False,True,True,False,False,False,False,False,False,False,True,False,False,none,low,low,False,4,"{""family"": ""volatility"", ""model_type"": ""rule"", ""name"": ""lab_0246_volatility"", ""params"": {""lb"": 252, ""q"": 0.3, ""trend"": 1, ""vt"": null}, ""target_type"": ""volatility_state"", ""universe"": ""BTC/ETH"", ""uses_broader_universe"": false, ""uses_derivatives"": false, ""uses_ensemble"": false, ""uses_liquidity"": false, ""uses_macro"": false, ""uses_ml"": false, ""uses_onchain"": false, ""uses_state_machine"": false, ""uses_trend"": true, ""uses_volatility"": true}",1.2065834652070466,0.03925973466765416,0.05,-0.3046635150257687,0.12886260655245685,1.3530709849881035,0.46954585926422676,0.5304541407357732,0.11606000235091778,254,0.0836121411637486,-0.6488471978076287,1.7170531291817732,1.0992101303064348,0.983150127955517,0.7897167907039874,0.40285011620092814,0.9021415477478005,0.08829598974263661,0.08235478788049584,-0.1675649332641728,0.5269359645996723,1.0029627799099705,0.46954585926422676,0.5304541407357732,0.11606000235091778,254,0.18804550823000646,-0.6488471978076287,1.2727642516940132,0.7947682128471887,0.678708210496271,0.4852748732447413,0.09840819874168205,0.9867669983088967,0.09346426826401573,0.08079783430946182,-0.2132644605180381,0.4382552443899129,1.100282048055231,0.46954585926422676,0.5304541407357732,0.11606000235091778,254,0.19905248107282475,-0.6488471978076287,1.3962628380597306,0.8793936634082848,0.7633336610573671,0.5699003238058374,0.1830336493027782,1.0006082602131188,0.055215225321680876,0.05,-0.3046635150257687,0.18123346773902588,1.1161994992450865,0.46954585926422676,0.5304541407357732,0.11606000235091778,254,0.1175928276914262,-0.6488471978076287,1.4164621547824818,0.893234925312507,0.7771749229615892,0.5837415857100596,0.1968749112070004,1.4171058714869555,0.06283160411032215,0.05,-0.13709858176159592,0.45829506989052277,1.5951717522099986,0.46954585926422676,0.5304541407357732,0.11606000235091778,254,0.13381356234038266,-0.6488471978076287,2.0242800851565317,1.3097325365863437,1.193672534235426,1.0002391969838964,0.6133725224808371,-0.15668686332925297,-0.22849763626932654,0.37563668741138145,1.0985410507167557,1.2604612146103231,0.7633336610573671,1.0,0.5,0.764332945742156,0.7633336610573671,1.2604612146103231,1.0000959454259897,1.235412638467399,False,False,0.8023702239279765,0.7413203155856304,0.6541061608108504,-0.1675649332641728,-0.1675649332641728,-0.1675649332641728,0.08388119025550478,0.07946639076837295,0.0706367917941093,0.7117124638521701,0.8445777750019184,0.8070180205035866,0.7640167235458117,0.7368429081647798,-0.1,False,True,True,True,True,rejected,did not meet dual Sharpe > 1.0 hurdle,volatility timing
lab_0237_volatility,volatility,volatility_state,rule,BTC/ETH,False,False,True,False,False,False,False,False,False,False,True,False,False,none,low,low,False,4,"{""family"": ""volatility"", ""model_type"": ""rule"", ""name"": ""lab_0237_volatility"", ""params"": {""lb"": 126, ""q"": 0.6, ""trend"": 0, ""vt"": 0.3}, ""target_type"": ""volatility_state"", ""universe"": ""BTC/ETH"", ""uses_broader_universe"": false, ""uses_derivatives"": false, ""uses_ensemble"": false, ""uses_liquidity"": false, ""uses_macro"": false, ""uses_ml"": false, ""uses_onchain"": false, ""uses_state_machine"": false, ""uses_trend"": false, ""uses_volatility"": true}",1.045638869908088,0.06324070299642881,0.052022606846398645,-0.4496428915264704,0.14064650901460063,1.1679847003943011,0.3911364921919324,0.6088635078080675,0.12077345166716492,264,0.1616844867683589,-1.1495805185720913,1.6239593172626126,0.9351232354633114,0.8143497837961465,0.613060697684205,0.21048252546032187,1.1163434179690686,-0.0038460814571864496,0.05,-0.24730359033955876,-0.015552064779591795,1.2492949306644288,0.3911364921919324,0.6088635078080675,0.12077345166716492,264,-0.009833092881804442,-1.1495805185720913,1.7370126012579978,1.005827783524292,0.885054331857127,0.6837652457451855,0.28118707352130234,0.7557207914908644,0.06730944607223169,0.07271031037752806,-0.31475002406852925,0.21385048745088156,0.8345789102144939,0.3911364921919324,0.6088635078080675,0.12077345166716492,264,0.17208684798247523,-1.1495805185720913,1.1603937934941786,0.6452051570460877,0.5244317053789228,0.32314261926698123,-0.07943555295690186,0.5322379029237292,-0.01022000335029195,0.05,-0.4496428915264704,-0.022729155832079465,0.5775735883622884,0.3911364921919324,0.6088635078080675,0.12077345166716492,264,-0.026128994748147786,-1.1495805185720913,0.8030550485028559,0.42172226847895256,0.30094881681178764,0.09965973069984607,-0.302918441524037,1.3187686442765714,0.006527251656902974,0.05,-0.20233930118691168,0.032258941385160764,1.4820839409180568,0.3911364921919324,0.6088635078080675,0.12077345166716492,264,0.016687912754762915,-1.1495805185720913,2.0606811236539664,1.2082530098317947,1.0874795581646297,0.8861904720526883,0.48361229982880516,-0.28925671615472887,-0.33723216864485284,0.312909193753546,0.9053715671450011,1.1541862059646393,0.30094881681178764,1.0,0.6666666666666666,0.7341222341316656,0.30094881681178764,1.1541862059646393,0.8632930394218749,1.0664208134034925,False,False,0.999435944531543,0.9233919052737082,0.8147575634768014,-0.24730359033955876,-0.24730359033955876,-0.24730359033955876,-0.003653777384327127,-0.0034614733114678047,-0.00307686516574916,0.306695716355144,0.6059895553886394,0.8064719891994201,0.6892548298476937,0.6908992908077964,-0.1,False,True,True,True,True,rejected,did not meet dual Sharpe > 1.0 hurdle,volatility timing
lab_0506_ml_rule,ml_rule,trade_quality,score_model,BTC/ETH,True,True,True,True,False,False,True,False,False,False,True,False,False,none,low,low,False,3,"{""family"": ""ml_rule"", ""model_type"": ""score_model"", ""name"": ""lab_0506_ml_rule"", ""params"": {""btc"": 0.7, ""q"": 0.6, ""rebalance"": 14}, ""target_type"": ""trade_quality"", ""universe"": ""BTC/ETH"", ""uses_broader_universe"": false, ""uses_derivatives"": false, ""uses_ensemble"": false, ""uses_liquidity"": true, ""uses_macro"": true, ""uses_ml"": true, ""uses_onchain"": false, ""uses_state_machine"": false, ""uses_trend"": true, ""uses_volatility"": true}",1.2205087881250563,0.04905809713737794,0.05,-0.41512245700410566,0.11817741080890919,1.3690851063438145,0.37606487113107584,0.6239351288689241,0.09023458902559385,197,0.13045115591314815,-1.1038586394830174,1.9413382973359787,1.130352395441327,1.0401178064157333,0.8897268247064101,0.5889448612877639,0.8305824287990935,0.07475602166850817,0.07471250695280639,-0.22831735135225814,0.3274215526141562,0.9206697931189575,0.37606487113107584,0.6239351288689241,0.09023458902559385,197,0.19878491028334383,-1.1038586394830174,1.3054933694774828,0.7404260361153643,0.6501914470897704,0.4998004653804473,0.19901850196180115,1.3941996951888282,0.061154097881974144,0.05,-0.29058571990287396,0.21045114640325213,1.5688296494671523,0.37606487113107584,0.6239351288689241,0.09023458902559385,197,0.16261582130243465,-1.1038586394830174,2.2245725020267084,1.304043302505099,1.213808713479505,1.063417731770182,0.7626357683515359,0.7482816305458697,0.019309303371363076,0.05,-0.41512245700410566,0.04651471643022218,0.8260238751277501,0.37606487113107584,0.6239351288689241,0.09023458902559385,197,0.05134567159460342,-1.1038586394830174,1.17128714341347,0.6581252378621405,0.5678906488365466,0.41749966712722353,0.11671770370857737,1.4627952478891613,0.06315365400633625,0.05,-0.18680510565184755,0.33807241930548193,1.6477145350725353,0.37606487113107584,0.6239351288689241,0.09023458902559385,197,0.16793287236957666,-1.1038586394830174,2.3364298648722284,1.372638855205432,1.2824042661798383,1.132013284470515,0.8312313210518689,-0.23565158694058846,-0.31134184275307925,0.3008518969048607,1.142630926601539,1.3259600607482769,0.5678906488365466,1.0,0.5,0.7668320482302187,0.5678906488365466,1.3259600607482769,1.0119324699062977,1.250034227531309,False,False,0.736535834495166,0.6804950644792295,0.6004368215993201,-0.22831735135225814,-0.22831735135225814,-0.22831735135225814,0.07101822058508275,0.06728041950165736,0.05980481733480654,0.6994905348877077,0.8304206044888769,0.803404722527367,0.7299783137920204,0.7199828720713366,-0.1,False,True,True,True,True,rejected,did not meet dual Sharpe > 1.0 hurdle,ml rule timing
lab_0509_ml_rule,ml_rule,trade_quality,score_model,BTC/ETH,True,True,True,True,False,False,True,False,False,False,True,False,False,none,low,low,False,3,"{""family"": ""ml_rule"", ""model_type"": ""score_model"", ""name"": ""lab_0509_ml_rule"", ""params"": {""btc"": 0.3, ""q"": 0.7, ""rebalance"": 14}, ""target_type"": ""trade_quality"", ""universe"": ""BTC/ETH"", ""uses_broader_universe"": false, ""uses_derivatives"": false, ""uses_ensemble"": false, ""uses_liquidity"": true, ""uses_macro"": true, ""uses_ml"": true, ""uses_onchain"": false, ""uses_state_machine"": false, ""uses_trend"": true, ""uses_volatility"": true}",1.2205087881250563,0.04905809713737794,0.05,-0.41512245700410566,0.11817741080890919,1.3690851063438145,0.37606487113107584,0.6239351288689241,0.09023458902559385,197,0.13045115591314815,-1.1038586394830174,1.9413382973359787,1.130352395441327,1.0401178064157333,0.8897268247064101,0.5889448612877639,0.8305824287990935,0.07475602166850817,0.07471250695280639,-0.22831735135225814,0.3274215526141562,0.9206697931189575,0.37606487113107584,0.6239351288689241,0.09023458902559385,197,0.19878491028334383,-1.1038586394830174,1.3054933694774828,0.7404260361153643,0.6501914470897704,0.4998004653804473,0.19901850196180115,1.3941996951888282,0.061154097881974144,0.05,-0.29058571990287396,0.21045114640325213,1.5688296494671523,0.37606487113107584,0.6239351288689241,0.09023458902559385,197,0.16261582130243465,-1.1038586394830174,2.2245725020267084,1.304043302505099,1.213808713479505,1.063417731770182,0.7626357683515359,0.7482816305458697,0.019309303371363076,0.05,-0.41512245700410566,0.04651471643022218,0.8260238751277501,0.37606487113107584,0.6239351288689241,0.09023458902559385,197,0.05134567159460342,-1.1038586394830174,1.17128714341347,0.6581252378621405,0.5678906488365466,0.41749966712722353,0.11671770370857737,1.4627952478891613,0.06315365400633625,0.05,-0.18680510565184755,0.33807241930548193,1.6477145350725353,0.37606487113107584,0.6239351288689241,0.09023458902559385,197,0.16793287236957666,-1.1038586394830174,2.3364298648722284,1.372638855205432,1.2824042661798383,1.132013284470515,0.8312313210518689,-0.23565158694058846,-0.31134184275307925,0.3008518969048607,1.142630926601539,1.3259600607482769,0.5678906488365466,1.0,0.5,0.7668320482302187,0.5678906488365466,1.3259600607482769,1.0119324699062977,1.250034227531309,False,False,0.736535834495166,0.6804950644792295,0.6004368215993201,-0.22831735135225814,-0.22831735135225814,-0.22831735135225814,0.07101822058508275,0.06728041950165736,0.05980481733480654,0.6994905348877077,0.8304206044888769,0.803404722527367,0.7299783137920204,0.7199828720713366,-0.1,False,True,True,True,True,rejected,did not meet dual Sharpe > 1.0 hurdle,ml rule timing
lab_0003_baseline_macro,baseline_macro,regime,rule,BTC/ETH,True,False,False,False,False,False,False,False,False,False,True,False,False,none,low,low,False,3,"{""family"": ""baseline_macro"", ""model_type"": ""rule"", ""name"": ""lab_0003_baseline_macro"", ""params"": {""lookback"": 63, ""q"": 0.3, ""rebalance"": 14}, ""target_type"": ""regime"", ""universe"": ""BTC/ETH"", ""uses_broader_universe"": false, ""uses_derivatives"": false, ""uses_ensemble"": false, ""uses_liquidity"": false, ""uses_macro"": true, ""uses_ml"": false, ""uses_onchain"": false, ""uses_state_machine"": false, ""uses_trend"": false, ""uses_volatility"": false}",0.7999085354414324,-0.010613266577557671,0.05,-0.6535738174906258,-0.016238818467831137,0.8853948157576471,0.23197453068056703,0.7680254693194329,0.08417377935741553,184,-0.045751861406596935,-2.817437826356068,1.5985233408233612,0.7137926825364886,0.6296189031790731,0.4893292709167139,0.20875000639199548,1.335991028724198,-0.011954035959125218,0.05,-0.35946559961984426,-0.03325502070787109,1.5018896830328277,0.23197453068056703,0.7680254693194329,0.08417377935741553,184,-0.0515316742922357,-2.817437826356068,2.7115651356229877,1.2498751758192543,1.1657013964618388,1.0254117641994795,0.7448324996747612,0.7668076643140589,0.033222105702767624,0.05,-0.457501672243438,0.07261635906128457,0.8473288139611677,0.23197453068056703,0.7680254693194329,0.08417377935741553,184,0.14321445378206213,-2.817437826356068,1.529797625153311,0.6806918114091152,0.5965180320516996,0.45622839978934043,0.175649135264622,0.5732098705991633,-0.018059837213000952,0.05,-0.6535738174906258,-0.02763243681079679,0.6246913511890377,0.23197453068056703,0.7680254693194329,0.08417377935741553,184,-0.07785267270513271,-2.817437826356068,1.1278400188413746,0.48709401769421956,0.402920238336804,0.26263060607444483,-0.017948658450273602,1.1623488655834922,0.016914157124263886,0.05,-0.2941082178707816,0.057509977948644854,1.3022011954210158,0.23197453068056703,0.7680254693194329,0.08417377935741553,184,0.07291385426943692,-2.817437826356068,2.3510404265777387,1.0762330126785484,0.9920592333211329,0.8517696010587736,0.5711903365340553,-0.40344970854412754,-0.49018036311796936,0.18557962454445365,0.6203272827936519,0.9920592333211329,0.402920238336804,1.0,0.8333333333333334,0.6835011077834398,0.402920238336804,0.9920592333211329,0.6544222551252175,0.808403962213504,False,False,1.2015117464262624,1.1100923744155684,0.9794932715431486,-0.35946559961984426,-0.35946559961984426,-0.35946559961984426,-0.011356334161168958,-0.010758632363212697,-0.009563228767300175,0.41865281587087405,0.5058994672023338,0.7870318035230279,0.7034773937194702,0.6419131465465481,-0.1,False,True,True,True,True,rejected,did not meet dual Sharpe > 1.0 hurdle,baseline macro timing
lab_0016_baseline_macro,baseline_macro,regime,rule,BTC/ETH,True,False,False,False,False,False,False,False,False,False,True,False,False,none,low,low,False,3,"{""family"": ""baseline_macro"", ""model_type"": ""rule"", ""name"": ""lab_0016_baseline_macro"", ""params"": {""lookback"": 126, ""q"": 0.3, ""rebalance"": 1}, ""target_type"": ""regime"", ""universe"": ""BTC/ETH"", ""uses_broader_universe"": false, ""uses_derivatives"": false, ""uses_ensemble"": false, ""uses_liquidity"": false, ""uses_macro"": true, ""uses_ml"": false, ""uses_onchain"": false, ""uses_state_machine"": false, ""uses_trend"": false, ""uses_volatility"": false}",0.7999085354414324,-0.010613266577557671,0.05,-0.6535738174906258,-0.016238818467831137,0.8853948157576471,0.23197453068056703,0.7680254693194329,0.08417377935741553,184,-0.045751861406596935,-2.817437826356068,1.5985233408233612,0.7137926825364886,0.6296189031790731,0.4893292709167139,0.20875000639199548,1.335991028724198,-0.011954035959125218,0.05,-0.35946559961984426,-0.03325502070787109,1.5018896830328277,0.23197453068056703,0.7680254693194329,0.08417377935741553,184,-0.0515316742922357,-2.817437826356068,2.7115651356229877,1.2498751758192543,1.1657013964618388,1.0254117641994795,0.7448324996747612,0.7668076643140589,0.033222105702767624,0.05,-0.457501672243438,0.07261635906128457,0.8473288139611677,0.23197453068056703,0.7680254693194329,0.08417377935741553,184,0.14321445378206213,-2.817437826356068,1.529797625153311,0.6806918114091152,0.5965180320516996,0.45622839978934043,0.175649135264622,0.5732098705991633,-0.018059837213000952,0.05,-0.6535738174906258,-0.02763243681079679,0.6246913511890377,0.23197453068056703,0.7680254693194329,0.08417377935741553,184,-0.07785267270513271,-2.817437826356068,1.1278400188413746,0.48709401769421956,0.402920238336804,0.26263060607444483,-0.017948658450273602,1.1623488655834922,0.016914157124263886,0.05,-0.2941082178707816,0.057509977948644854,1.3022011954210158,0.23197453068056703,0.7680254693194329,0.08417377935741553,184,0.07291385426943692,-2.817437826356068,2.3510404265777387,1.0762330126785484,0.9920592333211329,0.8517696010587736,0.5711903365340553,-0.40344970854412754,-0.49018036311796936,0.18557962454445365,0.6203272827936519,0.9920592333211329,0.402920238336804,1.0,0.8333333333333334,0.6835011077834398,0.402920238336804,0.9920592333211329,0.6544222551252175,0.808403962213504,False,False,1.2015117464262624,1.1100923744155684,0.9794932715431486,-0.35946559961984426,-0.35946559961984426,-0.35946559961984426,-0.011356334161168958,-0.010758632363212697,-0.009563228767300175,0.41865281587087405,0.5058994672023338,0.7870318035230279,0.7034773937194702,0.6419131465465481,-0.1,False,True,True,True,True,rejected,did not meet dual Sharpe > 1.0 hurdle,baseline macro timing
lab_0040_baseline_macro,baseline_macro,regime,rule,BTC/ETH,True,False,False,False,False,False,False,False,False,False,True,False,False,none,low,low,False,3,"{""family"": ""baseline_macro"", ""model_type"": ""rule"", ""name"": ""lab_0040_baseline_macro"", ""params"": {""lookback"": 252, ""q"": 0.6, ""rebalance"": 1}, ""target_type"": ""regime"", ""universe"": ""BTC/ETH"", ""uses_broader_universe"": false, ""uses_derivatives"": false, ""uses_ensemble"": false, ""uses_liquidity"": false, ""uses_macro"": true, ""uses_ml"": false, ""uses_onchain"": false, ""uses_state_machine"": false, ""uses_trend"": false, ""uses_volatility"": false}",0.7999085354414324,-0.010613266577557671,0.05,-0.6535738174906258,-0.016238818467831137,0.8853948157576471,0.23197453068056703,0.7680254693194329,0.08417377935741553,184,-0.045751861406596935,-2.817437826356068,1.5985233408233612,0.7137926825364886,0.6296189031790731,0.4893292709167139,0.20875000639199548,1.335991028724198,-0.011954035959125218,0.05,-0.35946559961984426,-0.03325502070787109,1.5018896830328277,0.23197453068056703,0.7680254693194329,0.08417377935741553,184,-0.0515316742922357,-2.817437826356068,2.7115651356229877,1.2498751758192543,1.1657013964618388,1.0254117641994795,0.7448324996747612,0.7668076643140589,0.033222105702767624,0.05,-0.457501672243438,0.07261635906128457,0.8473288139611677,0.23197453068056703,0.7680254693194329,0.08417377935741553,184,0.14321445378206213,-2.817437826356068,1.529797625153311,0.6806918114091152,0.5965180320516996,0.45622839978934043,0.175649135264622,0.5732098705991633,-0.018059837213000952,0.05,-0.6535738174906258,-0.02763243681079679,0.6246913511890377,0.23197453068056703,0.7680254693194329,0.08417377935741553,184,-0.07785267270513271,-2.817437826356068,1.1278400188413746,0.48709401769421956,0.402920238336804,0.26263060607444483,-0.017948658450273602,1.1623488655834922,0.016914157124263886,0.05,-0.2941082178707816,0.057509977948644854,1.3022011954210158,0.23197453068056703,0.7680254693194329,0.08417377935741553,184,0.07291385426943692,-2.817437826356068,2.3510404265777387,1.0762330126785484,0.9920592333211329,0.8517696010587736,0.5711903365340553,-0.40344970854412754,-0.49018036311796936,0.18557962454445365,0.6203272827936519,0.9920592333211329,0.402920238336804,1.0,0.8333333333333334,0.6835011077834398,0.402920238336804,0.9920592333211329,0.6544222551252175,0.808403962213504,False,False,1.2015117464262624,1.1100923744155684,0.9794932715431486,-0.35946559961984426,-0.35946559961984426,-0.35946559961984426,-0.011356334161168958,-0.010758632363212697,-0.009563228767300175,0.41865281587087405,0.5058994672023338,0.7870318035230279,0.7034773937194702,0.6419131465465481,-0.1,False,True,True,True,True,rejected,did not meet dual Sharpe > 1.0 hurdle,baseline macro timing
lab_0061_baseline_macro,baseline_macro,regime,rule,BTC/ETH,True,False,False,False,False,False,False,False,False,False,True,False,False,none,low,low,False,3,"{""family"": ""baseline_macro"", ""model_type"": ""rule"", ""name"": ""lab_0061_baseline_macro"", ""params"": {""lookback"": 504, ""q"": 0.3, ""rebalance"": 1}, ""target_type"": ""regime"", ""universe"": ""BTC/ETH"", ""uses_broader_universe"": false, ""uses_derivatives"": false, ""uses_ensemble"": false, ""uses_liquidity"": false, ""uses_macro"": true, ""uses_ml"": false, ""uses_onchain"": false, ""uses_state_machine"": false, ""uses_trend"": false, ""uses_volatility"": false}",0.7999085354414324,-0.010613266577557671,0.05,-0.6535738174906258,-0.016238818467831137,0.8853948157576471,0.23197453068056703,0.7680254693194329,0.08417377935741553,184,-0.045751861406596935,-2.817437826356068,1.5985233408233612,0.7137926825364886,0.6296189031790731,0.4893292709167139,0.20875000639199548,1.335991028724198,-0.011954035959125218,0.05,-0.35946559961984426,-0.03325502070787109,1.5018896830328277,0.23197453068056703,0.7680254693194329,0.08417377935741553,184,-0.0515316742922357,-2.817437826356068,2.7115651356229877,1.2498751758192543,1.1657013964618388,1.0254117641994795,0.7448324996747612,0.7668076643140589,0.033222105702767624,0.05,-0.457501672243438,0.07261635906128457,0.8473288139611677,0.23197453068056703,0.7680254693194329,0.08417377935741553,184,0.14321445378206213,-2.817437826356068,1.529797625153311,0.6806918114091152,0.5965180320516996,0.45622839978934043,0.175649135264622,0.5732098705991633,-0.018059837213000952,0.05,-0.6535738174906258,-0.02763243681079679,0.6246913511890377,0.23197453068056703,0.7680254693194329,0.08417377935741553,184,-0.07785267270513271,-2.817437826356068,1.1278400188413746,0.48709401769421956,0.402920238336804,0.26263060607444483,-0.017948658450273602,1.1623488655834922,0.016914157124263886,0.05,-0.2941082178707816,0.057509977948644854,1.3022011954210158,0.23197453068056703,0.7680254693194329,0.08417377935741553,184,0.07291385426943692,-2.817437826356068,2.3510404265777387,1.0762330126785484,0.9920592333211329,0.8517696010587736,0.5711903365340553,-0.40344970854412754,-0.49018036311796936,0.18557962454445365,0.6203272827936519,0.9920592333211329,0.402920238336804,1.0,0.8333333333333334,0.6835011077834398,0.402920238336804,0.9920592333211329,0.6544222551252175,0.808403962213504,False,False,1.2015117464262624,1.1100923744155684,0.9794932715431486,-0.35946559961984426,-0.35946559961984426,-0.35946559961984426,-0.011356334161168958,-0.010758632363212697,-0.009563228767300175,0.41865281587087405,0.5058994672023338,0.7870318035230279,0.7034773937194702,0.6419131465465481,-0.1,False,True,True,True,True,rejected,did not meet dual Sharpe > 1.0 hurdle,baseline macro timing
lab_0462_state_machine,state_machine,regime_transition,state_machine,BTC/ETH,True,True,True,True,False,False,False,False,True,False,True,False,False,none,low,low,False,3,"{""family"": ""state_machine"", ""model_type"": ""state_machine"", ""name"": ""lab_0462_state_machine"", ""params"": {""breadth"": 0.5, ""rebalance"": 1, ""votes"": 2}, ""target_type"": ""regime_transition"", ""universe"": ""BTC/ETH"", ""uses_broader_universe"": false, ""uses_derivatives"": false, ""uses_ensemble"": false, ""uses_liquidity"": true, ""uses_macro"": true, ""uses_ml"": false, ""uses_onchain"": false, ""uses_state_machine"": true, ""uses_trend"": true, ""uses_volatility"": true}",0.9143327134925936,0.09060869623838745,0.0835617104518966,-0.3370498293320717,0.2688287853993156,1.0169826205164825,0.5256500402042771,0.4743499597957229,0.10097440351836827,221,0.17237456350840433,-0.641205752026744,1.2197402067862664,0.817016444480348,0.7160420409619798,0.547751368431366,0.21117002337013846,1.1194232668184287,0.10243686511379077,0.07944394036455332,-0.18537740613263948,0.552585491677967,1.2528367568411929,0.5256500402042771,0.4743499597957229,0.10097440351836827,221,0.19487654766274146,-0.641205752026744,1.5026169907238303,1.0221069978061832,0.9211325942878149,0.7528419217572011,0.4162605766959736,0.9109987203627302,0.05508131059988137,0.05095409417450446,-0.23593488053245018,0.23345980244877593,1.0131485284171395,0.5256500402042771,0.4743499597957229,0.10097440351836827,221,0.10478703773802772,-0.641205752026744,1.2151417051051707,0.8136824513504847,0.7127080478321164,0.5444173753015027,0.20783603024027508,0.402909319781255,0.04656868142574867,0.08128455903550193,-0.3370498293320717,0.1381655689250262,0.42884571774844327,0.5256500402042771,0.4743499597957229,0.10097440351836827,221,0.08859255752677436,-0.641205752026744,0.5143454311738784,0.3055930507690095,0.20461864725064124,0.03632797472002747,-0.3002533703412001,0.9000787463825839,0.07802569451241483,0.07291584360140016,-0.15167242319943228,0.5144356031670949,1.0005905583399715,0.5256500402042771,0.4743499597957229,0.10097440351836827,221,0.14843658050913994,-0.641205752026744,1.2000800307857395,0.8027624773703383,0.7017880738519701,0.5334974013213563,0.19691605626012876,-0.20907218807643538,-0.25278737199905377,0.4205200321634217,0.725967786095187,0.9340714924660767,0.20461864725064124,1.0,0.8333333333333334,0.7077192605374474,0.20461864725064124,0.9340714924660767,0.7516828064687046,0.9285493491672233,False,False,1.0022694054729544,0.9260097767956644,0.8170674501138215,-0.18537740613263948,-0.18537740613263948,-0.18537740613263948,0.09731502185810123,0.09219317860241169,0.08194949209103262,0.3027212096226939,0.5467905958421493,0.7870154099117734,0.66203870778986,0.7135926091207117,-0.1,False,True,True,True,True,rejected,did not meet dual Sharpe > 1.0 hurdle,state machine timing
lab_0474_state_machine,state_machine,regime_transition,state_machine,BTC/ETH,True,True,True,True,False,False,False,False,True,False,True,False,False,none,low,low,False,3,"{""family"": ""state_machine"", ""model_type"": ""state_machine"", ""name"": ""lab_0474_state_machine"", ""params"": {""breadth"": 1.0, ""rebalance"": 1, ""votes"": 3}, ""target_type"": ""regime_transition"", ""universe"": ""BTC/ETH"", ""uses_broader_universe"": false, ""uses_derivatives"": false, ""uses_ensemble"": false, ""uses_liquidity"": true, ""uses_macro"": true, ""uses_ml"": false, ""uses_onchain"": false, ""uses_state_machine"": true, ""uses_trend"": true, ""uses_volatility"": true}",0.9143327134925936,0.09060869623838745,0.0835617104518966,-0.3370498293320717,0.2688287853993156,1.0169826205164825,0.5256500402042771,0.4743499597957229,0.10097440351836827,221,0.17237456350840433,-0.641205752026744,1.2197402067862664,0.817016444480348,0.7160420409619798,0.547751368431366,0.21117002337013846,1.1194232668184287,0.10243686511379077,0.07944394036455332,-0.18537740613263948,0.552585491677967,1.2528367568411929,0.5256500402042771,0.4743499597957229,0.10097440351836827,221,0.19487654766274146,-0.641205752026744,1.5026169907238303,1.0221069978061832,0.9211325942878149,0.7528419217572011,0.4162605766959736,0.9109987203627302,0.05508131059988137,0.05095409417450446,-0.23593488053245018,0.23345980244877593,1.0131485284171395,0.5256500402042771,0.4743499597957229,0.10097440351836827,221,0.10478703773802772,-0.641205752026744,1.2151417051051707,0.8136824513504847,0.7127080478321164,0.5444173753015027,0.20783603024027508,0.402909319781255,0.04656868142574867,0.08128455903550193,-0.3370498293320717,0.1381655689250262,0.42884571774844327,0.5256500402042771,0.4743499597957229,0.10097440351836827,221,0.08859255752677436,-0.641205752026744,0.5143454311738784,0.3055930507690095,0.20461864725064124,0.03632797472002747,-0.3002533703412001,0.9000787463825839,0.07802569451241483,0.07291584360140016,-0.15167242319943228,0.5144356031670949,1.0005905583399715,0.5256500402042771,0.4743499597957229,0.10097440351836827,221,0.14843658050913994,-0.641205752026744,1.2000800307857395,0.8027624773703383,0.7017880738519701,0.5334974013213563,0.19691605626012876,-0.20907218807643538,-0.25278737199905377,0.4205200321634217,0.725967786095187,0.9340714924660767,0.20461864725064124,1.0,0.8333333333333334,0.7077192605374474,0.20461864725064124,0.9340714924660767,0.7516828064687046,0.9285493491672233,False,False,1.0022694054729544,0.9260097767956644,0.8170674501138215,-0.18537740613263948,-0.18537740613263948,-0.18537740613263948,0.09731502185810123,0.09219317860241169,0.08194949209103262,0.3027212096226939,0.5467905958421493,0.7870154099117734,0.66203870778986,0.7135926091207117,-0.1,False,True,True,True,True,rejected,did not meet dual Sharpe > 1.0 hurdle,state machine timing
lab_0239_volatility,volatility,volatility_state,rule,BTC/ETH,False,True,True,False,False,False,False,False,False,False,True,False,False,none,low,low,False,4,"{""family"": ""volatility"", ""model_type"": ""rule"", ""name"": ""lab_0239_volatility"", ""params"": {""lb"": 126, ""q"": 0.6, ""trend"": 1, ""vt"": 0.3}, ""target_type"": ""volatility_state"", ""universe"": ""BTC/ETH"", ""uses_broader_universe"": false, ""uses_derivatives"": false, ""uses_ensemble"": false, ""uses_liquidity"": false, ""uses_macro"": false, ""uses_ml"": false, ""uses_onchain"": false, ""uses_state_machine"": false, ""uses_trend"": true, ""uses_volatility"": true}",0.9182666199673899,0.0315416248850171,0.05,-0.3062993243110723,0.10297647556343927,1.0215066129624983,0.5353471553278224,0.4646528446721776,0.12087273952983446,264,0.05891807693589486,-0.572150839437091,1.2140193040262686,0.8076847936141669,0.6868120540843324,0.485357488201275,0.08244835643516013,1.162714425833214,0.015517112814400214,0.05,-0.16846462837108978,0.09210902587942375,1.302621589708196,0.5353471553278224,0.4646528446721776,0.12087273952983446,264,0.02898514106215477,-0.572150839437091,1.5481130867678412,1.052132599479991,0.9312598599501566,0.7298052940670992,0.3268961623009843,0.7683280667873261,0.0597343602852768,0.06366042155149101,-0.21440952701775062,0.27859937529889467,0.849077276805425,0.5353471553278224,0.4646528446721776,0.12087273952983446,264,0.11158060651073821,-0.572150839437091,1.0090940103289219,0.6577462404341031,0.5368735009042687,0.33541893502121123,-0.06749019674490364,0.5946162682980178,0.07723332096828174,0.1010092567611695,-0.3062993243110723,0.2521498248224828,0.6493087085427204,0.5353471553278224,0.4646528446721776,0.12087273952983446,264,0.14426773393609899,-0.572150839437091,0.7716771447588934,0.48403444194479484,0.3631617024149604,0.16170713653190294,-0.24120199523421193,0.8869679337575368,0.01743151463409915,0.05,-0.13783469593998254,0.1264668124032382,0.9855131238211672,0.5353471553278224,0.4646528446721776,0.12087273952983446,264,0.03256114179485063,-0.572150839437091,1.1712424976088243,0.7763861074043138,0.6555133678744793,0.4540588019914219,0.05114967022530703,-0.18303272196896173,-0.22972449323330424,0.42827772426225796,0.7808957071129599,1.071168546739126,0.3631617024149604,1.0,0.5,0.7085323342976496,0.3631617024149604,1.071168546739126,0.7550266269722814,0.9326799509657594,False,False,1.0420972717665569,0.9628072619582319,0.8495358193749105,-0.16846462837108978,-0.16846462837108978,-0.16846462837108978,0.014741257173680203,0.013965401532960192,0.01241369025152017,0.398460322261414,0.5839233145635437,0.7768769595330697,0.6846596157515631,0.7081346227711617,-0.1,False,True,True,True,True,rejected,did not meet dual Sharpe > 1.0 hurdle,volatility timing
lab_0250_volatility,volatility,volatility_state,rule,BTC/ETH,False,True,True,False,False,False,False,False,False,False,True,False,False,none,low,low,False,4,"{""family"": ""volatility"", ""model_type"": ""rule"", ""name"": ""lab_0250_volatility"", ""params"": {""lb"": 252, ""q"": 0.4, ""trend"": 1, ""vt"": null}, ""target_type"": ""volatility_state"", ""universe"": ""BTC/ETH"", ""uses_broader_universe"": false, ""uses_derivatives"": false, ""uses_ensemble"": false, ""uses_liquidity"": false, ""uses_macro"": false, ""uses_ml"": false, ""uses_onchain"": false, ""uses_state_machine"": false, ""uses_trend"": true, ""uses_volatility"": true}",0.9483500325182844,-0.003111936865752833,0.05,-0.31411123129112684,-0.009907117465878211,1.0561025373960269,0.3710171865754648,0.6289828134245352,0.11516793679744122,252,-0.00838758143383168,-0.8466217810296416,1.50768714453368,0.841571407986657,0.7264034711892157,0.534456909860147,0.15056378720200958,1.0984347063318396,0.010248209264018593,0.05,-0.17276117721011977,0.05932009395579812,1.2286999122816153,0.3710171865754648,0.6289828134245352,0.11516793679744122,252,0.027621925977636914,-0.8466217810296416,1.7540863662767492,0.991656081800212,0.8764881450027708,0.6845415836737021,0.30064846101556475,0.9631908328258181,0.014757260669780163,0.05,-0.21987786190378877,0.06711571843570795,1.0731694577496906,0.3710171865754648,0.6289828134245352,0.11516793679744122,252,0.03977514035398611,-0.8466217810296416,1.5320518018494778,0.8564122082941905,0.7412442714967493,0.5492977101676806,0.16540458750954323,0.6160347905668635,0.0561007278548773,0.07137181270872149,-0.31411123129112684,0.17860147064554216,0.6739400091518929,0.3710171865754648,0.6289828134245352,0.11516793679744122,252,0.15120789517244218,-0.8466217810296416,0.9621136698435907,0.5092561660352359,0.39408822923779474,0.20214166790872606,-0.18175145474941135,1.0130348003521694,0.034875087707833874,0.05,-0.1413500540810071,0.246728506292945,1.1304900204049948,0.3710171865754648,0.6289828134245352,0.11516793679744122,252,0.09399857734283232,-0.8466217810296416,1.6138823745189879,0.9062561758205421,0.7910882390231008,0.5991416776940321,0.21524855503589468,-0.21297099055901664,-0.23558342346834513,0.29681374926037185,0.8956657643308097,1.099346851346356,0.39408822923779474,1.0,0.5,0.7147057942025147,0.39408822923779474,1.099346851346356,0.7805975276405417,0.9642675341441986,False,False,0.9829599298252925,0.9081695003820636,0.8013260297488797,-0.17276117721011977,-0.17276117721011977,-0.17276117721011977,0.009735798800817663,0.009223388337616734,0.008198567411214875,0.4655645635534896,0.628947193208373,0.7725149944787848,0.6832619372143474,0.6754969508155632,-0.1,False,True,True,True,True,rejected,did not meet dual Sharpe > 1.0 hurdle,volatility timing
lab_0222_volatility,volatility,volatility_state,rule,BTC/ETH,False,True,True,False,False,False,False,False,False,False,True,False,False,none,low,low,False,4,"{""family"": ""volatility"", ""model_type"": ""rule"", ""name"": ""lab_0222_volatility"", ""params"": {""lb"": 126, ""q"": 0.2, ""trend"": 1, ""vt"": null}, ""target_type"": ""volatility_state"", ""universe"": ""BTC/ETH"", ""uses_broader_universe"": false, ""uses_derivatives"": false, ""uses_ensemble"": false, ""uses_liquidity"": false, ""uses_macro"": false, ""uses_ml"": false, ""uses_onchain"": false, ""uses_state_machine"": false, ""uses_trend"": true, ""uses_volatility"": true}",1.0638298391575052,0.07599098845569664,0.06158952072968627,-0.31286250805141025,0.24288940509039722,1.188904315031131,0.5276111802866765,0.47238881971332347,0.10880275805020495,238,0.14402838926651834,-0.5929792994178346,1.4232856412525985,0.9612946671240352,0.8524919090738302,0.6711539789901553,0.3084781188228054,0.9275958976407384,0.050800500027526146,0.05,-0.17207437942827566,0.2952240780778227,1.032235282286849,0.5276111802866765,0.47238881971332347,0.10880275805020495,238,0.09628397184442489,-0.5929792994178346,1.2357307792551206,0.8250607256072684,0.7162579675570634,0.5349200374733885,0.17224417730603858,1.0476699602664907,0.09894355622544107,0.0812564647679959,-0.21900375563598715,0.451789312644931,1.1703204543064643,0.5276111802866765,0.47238881971332347,0.10880275805020495,238,0.18753119706765933,-0.5929792994178346,1.4010381468209179,0.9451347882330208,0.8363320301828158,0.6549941000991408,0.29231823993179096,0.6936149214133605,0.03501739390599657,0.05,-0.31286250805141025,0.11192582366002908,0.7631571596253645,0.5276111802866765,0.47238881971332347,0.10880275805020495,238,0.06636969650068814,-0.5929792994178346,0.9136064303757339,0.5910797493798905,0.4822769913296855,0.30093906124601055,-0.06173679892133932,1.399840120438414,0.07928181987793403,0.05050311738484092,-0.1407881286231346,0.5631285865739271,1.575316138504176,0.5276111802866765,0.47238881971332347,0.10880275805020495,238,0.15026561763694318,-0.5929792994178346,1.8858749287218917,1.2973049484049441,1.1885021903547393,1.0071642602710642,0.6444884001037143,-0.1436335742865414,-0.2346468810385577,0.42208894422934123,1.0398159470838015,1.1885021903547393,0.4822769913296855,1.0,0.5,0.7376577160409131,0.4822769913296855,1.1885021903547393,0.8787553632838794,1.0855213311153804,False,False,0.8257882258294793,0.7629565129946275,0.6731969232305537,-0.17207437942827566,-0.17207437942827566,-0.17207437942827566,0.048260475026149836,0.04572045002477353,0.04064040002202092,0.5473881648128269,0.7273599327324439,0.7715791427065519,0.6872180469829693,0.7124555890038524,-0.1,False,True,True,True,True,rejected,did not meet dual Sharpe > 1.0 hurdle,volatility timing
lab_0228_volatility,volatility,volatility_state,rule,BTC/ETH,False,False,True,False,False,False,False,False,False,False,True,False,False,none,low,low,False,4,"{""family"": ""volatility"", ""model_type"": ""rule"", ""name"": ""lab_0228_volatility"", ""params"": {""lb"": 126, ""q"": 0.4, ""trend"": 0, ""vt"": null}, ""target_type"": ""volatility_state"", ""universe"": ""BTC/ETH"", ""uses_broader_universe"": false, ""uses_derivatives"": false, ""uses_ensemble"": false, ""uses_liquidity"": false, ""uses_macro"": false, ""uses_ml"": false, ""uses_onchain"": false, ""uses_state_machine"": false, ""uses_trend"": false, ""uses_volatility"": true}",1.2065834652070466,0.03925973466765416,0.05,-0.3046635150257687,0.12886260655245685,1.3530709849881035,0.46954585926422676,0.5304541407357732,0.11606000235091778,254,0.0836121411637486,-0.6488471978076287,1.7170531291817732,1.0992101303064348,0.983150127955517,0.7897167907039874,0.40285011620092814,0.8221415477478006,0.08453962286852279,0.085209235577757,-0.1675649332641728,0.5045185840598445,0.9109627799099705,0.46954585926422676,0.5304541407357732,0.11606000235091778,254,0.18004550823000645,-0.6488471978076287,1.1560158403857093,0.7147682128471887,0.5987082104962709,0.4052748732447413,0.01840819874168209,0.9867669983088967,0.09346426826401573,0.08079783430946182,-0.2132644605180381,0.4382552443899129,1.100282048055231,0.46954585926422676,0.5304541407357732,0.11606000235091778,254,0.19905248107282475,-0.6488471978076287,1.3962628380597306,0.8793936634082848,0.7633336610573671,0.5699003238058374,0.1830336493027782,1.0006082602131188,0.055215225321680876,0.05,-0.3046635150257687,0.18123346773902588,1.1161994992450865,0.46954585926422676,0.5304541407357732,0.11606000235091778,254,0.1175928276914262,-0.6488471978076287,1.4164621547824818,0.893234925312507,0.7771749229615892,0.5837415857100596,0.1968749112070004,1.4171058714869555,0.06283160411032215,0.05,-0.13709858176159592,0.45829506989052277,1.5951717522099986,0.46954585926422676,0.5304541407357732,0.11606000235091778,254,0.13381356234038266,-0.6488471978076287,2.0242800851565317,1.3097325365863437,1.193672534235426,1.0002391969838964,0.6133725224808371,-0.15668686332925297,-0.22849763626932654,0.37563668741138145,1.0985410507167557,1.2604612146103231,0.7633336610573671,1.0,0.5,0.764332945742156,0.7633336610573671,1.2604612146103231,1.0000959454259897,1.235412638467399,False,False,0.7287702239279765,0.6733203155856304,0.5941061608108504,-0.1675649332641728,-0.1675649332641728,-0.1675649332641728,0.08031264172509665,0.07608566058167052,0.06763169829481823,0.7117124638521701,0.8445777750019184,0.7710180205035866,0.7390167235458117,0.7168429081647798,-0.1,False,True,True,True,True,rejected,did not meet dual Sharpe > 1.0 hurdle,volatility timing
lab_0272_volatility,volatility,volatility_state,rule,BTC/ETH,False,False,True,False,False,False,False,False,False,False,True,False,False,none,low,low,False,4,"{""family"": ""volatility"", ""model_type"": ""rule"", ""name"": ""lab_0272_volatility"", ""params"": {""lb"": 504, ""q"": 0.5, ""trend"": 0, ""vt"": null}, ""target_type"": ""volatility_state"", ""universe"": ""BTC/ETH"", ""uses_broader_universe"": false, ""uses_derivatives"": false, ""uses_ensemble"": false, ""uses_liquidity"": false, ""uses_macro"": false, ""uses_ml"": false, ""uses_onchain"": false, ""uses_state_machine"": false, ""uses_trend"": false, ""uses_volatility"": true}",1.2065834652070466,0.03925973466765416,0.05,-0.3046635150257687,0.12886260655245685,1.3530709849881035,0.46954585926422676,0.5304541407357732,0.11606000235091778,254,0.0836121411637486,-0.6488471978076287,1.7170531291817732,1.0992101303064348,0.983150127955517,0.7897167907039874,0.40285011620092814,0.8221415477478006,0.08453962286852279,0.085209235577757,-0.1675649332641728,0.5045185840598445,0.9109627799099705,0.46954585926422676,0.5304541407357732,0.11606000235091778,254,0.18004550823000645,-0.6488471978076287,1.1560158403857093,0.7147682128471887,0.5987082104962709,0.4052748732447413,0.01840819874168209,0.9867669983088967,0.09346426826401573,0.08079783430946182,-0.2132644605180381,0.4382552443899129,1.100282048055231,0.46954585926422676,0.5304541407357732,0.11606000235091778,254,0.19905248107282475,-0.6488471978076287,1.3962628380597306,0.8793936634082848,0.7633336610573671,0.5699003238058374,0.1830336493027782,1.0006082602131188,0.055215225321680876,0.05,-0.3046635150257687,0.18123346773902588,1.1161994992450865,0.46954585926422676,0.5304541407357732,0.11606000235091778,254,0.1175928276914262,-0.6488471978076287,1.4164621547824818,0.893234925312507,0.7771749229615892,0.5837415857100596,0.1968749112070004,1.4171058714869555,0.06283160411032215,0.05,-0.13709858176159592,0.45829506989052277,1.5951717522099986,0.46954585926422676,0.5304541407357732,0.11606000235091778,254,0.13381356234038266,-0.6488471978076287,2.0242800851565317,1.3097325365863437,1.193672534235426,1.0002391969838964,0.6133725224808371,-0.15668686332925297,-0.22849763626932654,0.37563668741138145,1.0985410507167557,1.2604612146103231,0.7633336610573671,1.0,0.5,0.764332945742156,0.7633336610573671,1.2604612146103231,1.0000959454259897,1.235412638467399,False,False,0.7287702239279765,0.6733203155856304,0.5941061608108504,-0.1675649332641728,-0.1675649332641728,-0.1675649332641728,0.08031264172509665,0.07608566058167052,0.06763169829481823,0.7117124638521701,0.8445777750019184,0.7710180205035866,0.7390167235458117,0.7168429081647798,-0.1,False,True,True,True,True,rejected,did not meet dual Sharpe > 1.0 hurdle,volatility timing
lab_0226_volatility,volatility,volatility_state,rule,BTC/ETH,False,True,True,False,False,False,False,False,False,False,True,False,False,none,low,low,False,4,"{""family"": ""volatility"", ""model_type"": ""rule"", ""name"": ""lab_0226_volatility"", ""params"": {""lb"": 126, ""q"": 0.3, ""trend"": 1, ""vt"": null}, ""target_type"": ""volatility_state"", ""universe"": ""BTC/ETH"", ""uses_broader_universe"": false, ""uses_derivatives"": false, ""uses_ensemble"": false, ""uses_liquidity"": false, ""uses_macro"": false, ""uses_ml"": false, ""uses_onchain"": false, ""uses_state_machine"": false, ""uses_trend"": true, ""uses_volatility"": true}",0.9996243153959793,0.037427869175119685,0.05,-0.30973922519364727,0.12083671079024617,1.1150679627053761,0.43784013746196476,0.5621598625380353,0.0941486278975533,206,0.08548295593016766,-0.7074253790187391,1.4653646551694806,0.9068585634642771,0.8127099355667238,0.6557955557374683,0.3419667960789573,0.93680910613401,0.06181270141701816,0.05584766250516737,-0.17035657385650602,0.36284306509406533,1.0428304720541115,0.43784013746196476,0.5621598625380353,0.0941486278975533,206,0.14117641606666964,-0.7074253790187391,1.3704338804374405,0.8440433542023078,0.7498947263047545,0.592980346475499,0.27915158681698804,0.9563924343487787,-0.009329375492169459,0.05,-0.21681745763555307,-0.04302870992911991,1.0653512995010954,0.43784013746196476,0.5621598625380353,0.0941486278975533,206,-0.021307721001206526,-0.7074253790187391,1.4000295872909614,0.8636266824170765,0.7694780545195232,0.6125636746902677,0.29873491503175675,0.5169727186028098,0.06897598478861841,0.10040571178562124,-0.30973922519364727,0.22269050600709356,0.5600186263932312,0.43784013746196476,0.5621598625380353,0.0941486278975533,206,0.15753691561594296,-0.7074253790187391,0.7359475196132338,0.4242069666711076,0.3300583387735543,0.1731439589442988,-0.1406848007142122,1.1933275957163259,0.08274430104678963,0.06069289678194605,-0.13938265133714128,0.5936484939337695,1.3378267350737747,0.43784013746196476,0.5621598625380353,0.0941486278975533,206,0.18898290487125027,-0.7074253790187391,1.7581027147094825,1.1005618437846236,1.0064132158870702,0.8494988360578148,0.5356700763993039,-0.20658265774197654,-0.23230441889523545,0.3502721099695718,0.9790831815851054,1.0571296837200885,0.3300583387735543,1.0,0.5,0.7250446095466149,0.3300583387735543,1.0571296837200885,0.8241806680865823,1.0181055311657783,False,False,0.8342643776432892,0.7707877402139085,0.6801068296005075,-0.17035657385650602,-0.17035657385650602,-0.17035657385650602,0.05872206634616725,0.05563143127531635,0.04945016113361453,0.42176823060858515,0.6626302487651671,0.7706089664260997,0.6582796297065718,0.6926304333600847,-0.1,False,True,True,True,True,rejected,did not meet dual Sharpe > 1.0 hurdle,volatility timing
lab_0270_volatility,volatility,volatility_state,rule,BTC/ETH,False,True,True,False,False,False,False,False,False,False,True,False,False,none,low,low,False,4,"{""family"": ""volatility"", ""model_type"": ""rule"", ""name"": ""lab_0270_volatility"", ""params"": {""lb"": 504, ""q"": 0.4, ""trend"": 1, ""vt"": null}, ""target_type"": ""volatility_state"", ""universe"": ""BTC/ETH"", ""uses_broader_universe"": false, ""uses_derivatives"": false, ""uses_ensemble"": false, ""uses_liquidity"": false, ""uses_macro"": false, ""uses_ml"": false, ""uses_onchain"": false, ""uses_state_machine"": false, ""uses_trend"": true, ""uses_volatility"": true}",0.9996243153959793,0.037427869175119685,0.05,-0.30973922519364727,0.12083671079024617,1.1150679627053761,0.43784013746196476,0.5621598625380353,0.0941486278975533,206,0.08548295593016766,-0.7074253790187391,1.4653646551694806,0.9068585634642771,0.8127099355667238,0.6557955557374683,0.3419667960789573,0.93680910613401,0.06181270141701816,0.05584766250516737,-0.17035657385650602,0.36284306509406533,1.0428304720541115,0.43784013746196476,0.5621598625380353,0.0941486278975533,206,0.14117641606666964,-0.7074253790187391,1.3704338804374405,0.8440433542023078,0.7498947263047545,0.592980346475499,0.27915158681698804,0.9563924343487787,-0.009329375492169459,0.05,-0.21681745763555307,-0.04302870992911991,1.0653512995010954,0.43784013746196476,0.5621598625380353,0.0941486278975533,206,-0.021307721001206526,-0.7074253790187391,1.4000295872909614,0.8636266824170765,0.7694780545195232,0.6125636746902677,0.29873491503175675,0.5169727186028098,0.06897598478861841,0.10040571178562124,-0.30973922519364727,0.22269050600709356,0.5600186263932312,0.43784013746196476,0.5621598625380353,0.0941486278975533,206,0.15753691561594296,-0.7074253790187391,0.7359475196132338,0.4242069666711076,0.3300583387735543,0.1731439589442988,-0.1406848007142122,1.1933275957163259,0.08274430104678963,0.06069289678194605,-0.13938265133714128,0.5936484939337695,1.3378267350737747,0.43784013746196476,0.5621598625380353,0.0941486278975533,206,0.18898290487125027,-0.7074253790187391,1.7581027147094825,1.1005618437846236,1.0064132158870702,0.8494988360578148,0.5356700763993039,-0.20658265774197654,-0.23230441889523545,0.3502721099695718,0.9790831815851054,1.0571296837200885,0.3300583387735543,1.0,0.5,0.7250446095466149,0.3300583387735543,1.0571296837200885,0.8241806680865823,1.0181055311657783,False,False,0.8342643776432892,0.7707877402139085,0.6801068296005075,-0.17035657385650602,-0.17035657385650602,-0.17035657385650602,0.05872206634616725,0.05563143127531635,0.04945016113361453,0.42176823060858515,0.6626302487651671,0.7706089664260997,0.6582796297065718,0.6926304333600847,-0.1,False,True,True,True,True,rejected,did not meet dual Sharpe > 1.0 hurdle,volatility timing
lab_0494_ml_rule,ml_rule,trade_quality,score_model,BTC/ETH,True,True,True,True,False,False,True,False,False,False,True,False,False,none,low,low,False,3,"{""family"": ""ml_rule"", ""model_type"": ""score_model"", ""name"": ""lab_0494_ml_rule"", ""params"": {""btc"": 0.5, ""q"": 0.5, ""rebalance"": 14}, ""target_type"": ""trade_quality"", ""universe"": ""BTC/ETH"", ""uses_broader_universe"": false, ""uses_derivatives"": false, ""uses_ensemble"": false, ""uses_liquidity"": true, ""uses_macro"": true, ""uses_ml"": true, ""uses_onchain"": false, ""uses_state_machine"": false, ""uses_trend"": true, ""uses_volatility"": true}",1.1163992930113753,0.07559580229846663,0.05876542587449802,-0.3970145790916458,0.19041064555217832,1.2493591869630816,0.28915347566251437,0.7108465243374856,0.09716017997850443,212,0.261438331755342,-1.3730237140743262,2.0203437377654554,1.0216258396923723,0.9244656597138678,0.7625320264163605,0.4386647598213458,0.8627814455567232,0.07398942252752634,0.07164092930391693,-0.2183580185004052,0.3388445408859077,0.9576986623902316,0.28915347566251437,0.7108465243374856,0.09716017997850443,212,0.2558828745115384,-1.3730237140743262,1.5486983370488738,0.7680079922377202,0.6708478122592159,0.5089141789617084,0.18504691236669368,0.904104907520878,0.014747148231763239,0.05,-0.277910205364152,0.05306443573182107,1.0052206436490096,0.28915347566251437,0.7108465243374856,0.09716017997850443,212,0.051001110043634335,-1.3730237140743262,1.625546322995782,0.809331454201875,0.7121712742233706,0.5502376409258632,0.2263703743308485,0.8981830575554239,0.03885530508209533,0.05,-0.3970145790916458,0.09786871094506097,0.9984105161887374,0.28915347566251437,0.7108465243374856,0.09716017997850443,212,0.13437606099345428,-1.3730237140743262,1.6145336386442224,0.8034096042364209,0.7062494242579165,0.5443157909604092,0.22044852436539442,1.1279921431857376,0.012421544280524843,0.05,-0.1786565605912406,0.0695275014777927,1.2626909646635982,0.28915347566251437,0.7108465243374856,0.09716017997850443,212,0.04295830873920622,-1.3730237140743262,2.0419026088023684,1.0332186898667346,0.9360585098882301,0.7741248765907228,0.4502576099957081,-0.17814992214776681,-0.29776093431873435,0.2313227805300115,0.9478763459399915,1.0469428911314043,0.7062494242579165,1.0,1.0,0.7477030787923147,0.7062494242579165,1.0469428911314043,0.923439399059669,1.140719257661944,False,False,0.7661589299121854,0.7078642287232146,0.6245860841675424,-0.2183580185004052,-0.2183580185004052,-0.2183580185004052,0.07028995140115002,0.06659048027477371,0.059191538022021074,0.6778618300260255,0.7705945077889602,0.7633273136112799,0.7219571039760558,0.6685020699047377,-0.1,False,True,True,True,True,rejected,did not meet dual Sharpe > 1.0 hurdle,ml rule timing
lab_0486_ml_rule,ml_rule,trade_quality,score_model,BTC/ETH,True,True,True,True,False,False,True,False,False,False,True,False,False,none,low,low,False,3,"{""family"": ""ml_rule"", ""model_type"": ""score_model"", ""name"": ""lab_0486_ml_rule"", ""params"": {""btc"": 0.7, ""q"": 0.4, ""rebalance"": 1}, ""target_type"": ""trade_quality"", ""universe"": ""BTC/ETH"", ""uses_broader_universe"": false, ""uses_derivatives"": false, ""uses_ensemble"": false, ""uses_liquidity"": true, ""uses_macro"": true, ""uses_ml"": true, ""uses_onchain"": false, ""uses_state_machine"": false, ""uses_trend"": true, ""uses_volatility"": true}",0.960683104867244,0.06325876882166541,0.055947390165605036,-0.3547181734124748,0.17833529140359716,1.0702855705973304,0.4282446111194266,0.5717553888805734,0.08157396545342001,178,0.1477164386407752,-0.8283073836825302,1.4221842891947079,0.8763004612316306,0.7947264957782105,0.6587698866891772,0.38685666851111056,0.9214705036459726,0.01288272544598051,0.05,-0.19509499537686115,0.06603309029580796,1.0251910791928684,0.4282446111194266,0.5717553888805734,0.08157396545342001,178,0.030082632942666138,-0.8283073836825302,1.3622631999391934,0.8370878600103593,0.7555138945569393,0.6195572854679059,0.3476440672898392,1.234136071755177,0.03179839380652802,0.05,-0.24830272138873236,0.12806300965483897,1.3847564825184535,0.4282446111194266,0.5717553888805734,0.08157396545342001,178,0.07425287553159718,-0.8283073836825302,1.8400499529290606,1.1497534281195636,1.0681794626661436,0.9322228535771103,0.6603096353990436,0.6921103611180278,0.06904892433208319,0.08009290625220777,-0.3547181734124748,0.1946585472850624,0.7614269152857319,0.4282446111194266,0.5717553888805734,0.08157396545342001,178,0.16123711201313212,-0.8283073836825302,1.011776133434176,0.6077277174824145,0.5261537520289945,0.3901971429399611,0.11828392476189442,1.1215667209745568,0.031481414476142444,0.05,-0.15962317803561366,0.19722332848879,1.2553017291207402,0.4282446111194266,0.5717553888805734,0.08157396545342001,178,0.07351269264976945,-0.8283073836825302,1.6680318285129279,1.0371840773389434,0.9556101118855234,0.8196535027964901,0.5477402846184234,-0.2394870194477675,-0.26603863005935613,0.34259568889554126,0.9505762165029022,1.1221248678684506,0.5261537520289945,1.0,0.3333333333333333,0.7172138521083509,0.5261537520289945,1.1221248678684506,0.7910806391371573,0.9772172601106062,False,False,0.8201528633542948,0.7577499280990767,0.6686028777344795,-0.19509499537686115,-0.19509499537686115,-0.19509499537686115,0.012238589173681485,0.01159445290138246,0.01030618035678441,0.6164344219387169,0.7097661704350209,0.7620144336221789,0.6783363134384781,0.6817995841920483,-0.1,False,True,True,True,True,rejected,did not meet dual Sharpe > 1.0 hurdle,ml rule timing
lab_0489_ml_rule,ml_rule,trade_quality,score_model,BTC/ETH,True,True,True,True,False,False,True,False,False,False,True,False,False,none,low,low,False,3,"{""family"": ""ml_rule"", ""model_type"": ""score_model"", ""name"": ""lab_0489_ml_rule"", ""params"": {""btc"": 0.3, ""q"": 0.5, ""rebalance"": 1}, ""target_type"": ""trade_quality"", ""universe"": ""BTC/ETH"", ""uses_broader_universe"": false, ""uses_derivatives"": false, ""uses_ensemble"": false, ""uses_liquidity"": true, ""uses_macro"": true, ""uses_ml"": true, ""uses_onchain"": false, ""uses_state_machine"": false, ""uses_trend"": true, ""uses_volatility"": true}",0.960683104867244,0.06325876882166541,0.055947390165605036,-0.3547181734124748,0.17833529140359716,1.0702855705973304,0.4282446111194266,0.5717553888805734,0.08157396545342001,178,0.1477164386407752,-0.8283073836825302,1.4221842891947079,0.8763004612316306,0.7947264957782105,0.6587698866891772,0.38685666851111056,0.9214705036459726,0.01288272544598051,0.05,-0.19509499537686115,0.06603309029580796,1.0251910791928684,0.4282446111194266,0.5717553888805734,0.08157396545342001,178,0.030082632942666138,-0.8283073836825302,1.3622631999391934,0.8370878600103593,0.7555138945569393,0.6195572854679059,0.3476440672898392,1.234136071755177,0.03179839380652802,0.05,-0.24830272138873236,0.12806300965483897,1.3847564825184535,0.4282446111194266,0.5717553888805734,0.08157396545342001,178,0.07425287553159718,-0.8283073836825302,1.8400499529290606,1.1497534281195636,1.0681794626661436,0.9322228535771103,0.6603096353990436,0.6921103611180278,0.06904892433208319,0.08009290625220777,-0.3547181734124748,0.1946585472850624,0.7614269152857319,0.4282446111194266,0.5717553888805734,0.08157396545342001,178,0.16123711201313212,-0.8283073836825302,1.011776133434176,0.6077277174824145,0.5261537520289945,0.3901971429399611,0.11828392476189442,1.1215667209745568,0.031481414476142444,0.05,-0.15962317803561366,0.19722332848879,1.2553017291207402,0.4282446111194266,0.5717553888805734,0.08157396545342001,178,0.07351269264976945,-0.8283073836825302,1.6680318285129279,1.0371840773389434,0.9556101118855234,0.8196535027964901,0.5477402846184234,-0.2394870194477675,-0.26603863005935613,0.34259568889554126,0.9505762165029022,1.1221248678684506,0.5261537520289945,1.0,0.3333333333333333,0.7172138521083509,0.5261537520289945,1.1221248678684506,0.7910806391371573,0.9772172601106062,False,False,0.8201528633542948,0.7577499280990767,0.6686028777344795,-0.19509499537686115,-0.19509499537686115,-0.19509499537686115,0.012238589173681485,0.01159445290138246,0.01030618035678441,0.6164344219387169,0.7097661704350209,0.7620144336221789,0.6783363134384781,0.6817995841920483,-0.1,False,True,True,True,True,rejected,did not meet dual Sharpe > 1.0 hurdle,ml rule timing
lab_0505_ml_rule,ml_rule,trade_quality,score_model,BTC/ETH,True,True,True,True,False,False,True,False,False,False,True,False,False,none,low,low,False,3,"{""family"": ""ml_rule"", ""model_type"": ""score_model"", ""name"": ""lab_0505_ml_rule"", ""params"": {""btc"": 0.7, ""q"": 0.6, ""rebalance"": 7}, ""target_type"": ""trade_quality"", ""universe"": ""BTC/ETH"", ""uses_broader_universe"": false, ""uses_derivatives"": false, ""uses_ensemble"": false, ""uses_liquidity"": true, ""uses_macro"": true, ""uses_ml"": true, ""uses_onchain"": false, ""uses_state_machine"": false, ""uses_trend"": true, ""uses_volatility"": true}",0.960683104867244,0.06325876882166541,0.055947390165605036,-0.3547181734124748,0.17833529140359716,1.0702855705973304,0.4282446111194266,0.5717553888805734,0.08157396545342001,178,0.1477164386407752,-0.8283073836825302,1.4221842891947079,0.8763004612316306,0.7947264957782105,0.6587698866891772,0.38685666851111056,0.9214705036459726,0.01288272544598051,0.05,-0.19509499537686115,0.06603309029580796,1.0251910791928684,0.4282446111194266,0.5717553888805734,0.08157396545342001,178,0.030082632942666138,-0.8283073836825302,1.3622631999391934,0.8370878600103593,0.7555138945569393,0.6195572854679059,0.3476440672898392,1.234136071755177,0.03179839380652802,0.05,-0.24830272138873236,0.12806300965483897,1.3847564825184535,0.4282446111194266,0.5717553888805734,0.08157396545342001,178,0.07425287553159718,-0.8283073836825302,1.8400499529290606,1.1497534281195636,1.0681794626661436,0.9322228535771103,0.6603096353990436,0.6921103611180278,0.06904892433208319,0.08009290625220777,-0.3547181734124748,0.1946585472850624,0.7614269152857319,0.4282446111194266,0.5717553888805734,0.08157396545342001,178,0.16123711201313212,-0.8283073836825302,1.011776133434176,0.6077277174824145,0.5261537520289945,0.3901971429399611,0.11828392476189442,1.1215667209745568,0.031481414476142444,0.05,-0.15962317803561366,0.19722332848879,1.2553017291207402,0.4282446111194266,0.5717553888805734,0.08157396545342001,178,0.07351269264976945,-0.8283073836825302,1.6680318285129279,1.0371840773389434,0.9556101118855234,0.8196535027964901,0.5477402846184234,-0.2394870194477675,-0.26603863005935613,0.34259568889554126,0.9505762165029022,1.1221248678684506,0.5261537520289945,1.0,0.3333333333333333,0.7172138521083509,0.5261537520289945,1.1221248678684506,0.7910806391371573,0.9772172601106062,False,False,0.8201528633542948,0.7577499280990767,0.6686028777344795,-0.19509499537686115,-0.19509499537686115,-0.19509499537686115,0.012238589173681485,0.01159445290138246,0.01030618035678441,0.6164344219387169,0.7097661704350209,0.7620144336221789,0.6783363134384781,0.6817995841920483,-0.1,False,True,True,True,True,rejected,did not meet dual Sharpe > 1.0 hurdle,ml rule timing
lab_0508_ml_rule,ml_rule,trade_quality,score_model,BTC/ETH,True,True,True,True,False,False,True,False,False,False,True,False,False,none,low,low,False,3,"{""family"": ""ml_rule"", ""model_type"": ""score_model"", ""name"": ""lab_0508_ml_rule"", ""params"": {""btc"": 0.3, ""q"": 0.7, ""rebalance"": 7}, ""target_type"": ""trade_quality"", ""universe"": ""BTC/ETH"", ""uses_broader_universe"": false, ""uses_derivatives"": false, ""uses_ensemble"": false, ""uses_liquidity"": true, ""uses_macro"": true, ""uses_ml"": true, ""uses_onchain"": false, ""uses_state_machine"": false, ""uses_trend"": true, ""uses_volatility"": true}",0.960683104867244,0.06325876882166541,0.055947390165605036,-0.3547181734124748,0.17833529140359716,1.0702855705973304,0.4282446111194266,0.5717553888805734,0.08157396545342001,178,0.1477164386407752,-0.8283073836825302,1.4221842891947079,0.8763004612316306,0.7947264957782105,0.6587698866891772,0.38685666851111056,0.9214705036459726,0.01288272544598051,0.05,-0.19509499537686115,0.06603309029580796,1.0251910791928684,0.4282446111194266,0.5717553888805734,0.08157396545342001,178,0.030082632942666138,-0.8283073836825302,1.3622631999391934,0.8370878600103593,0.7555138945569393,0.6195572854679059,0.3476440672898392,1.234136071755177,0.03179839380652802,0.05,-0.24830272138873236,0.12806300965483897,1.3847564825184535,0.4282446111194266,0.5717553888805734,0.08157396545342001,178,0.07425287553159718,-0.8283073836825302,1.8400499529290606,1.1497534281195636,1.0681794626661436,0.9322228535771103,0.6603096353990436,0.6921103611180278,0.06904892433208319,0.08009290625220777,-0.3547181734124748,0.1946585472850624,0.7614269152857319,0.4282446111194266,0.5717553888805734,0.08157396545342001,178,0.16123711201313212,-0.8283073836825302,1.011776133434176,0.6077277174824145,0.5261537520289945,0.3901971429399611,0.11828392476189442,1.1215667209745568,0.031481414476142444,0.05,-0.15962317803561366,0.19722332848879,1.2553017291207402,0.4282446111194266,0.5717553888805734,0.08157396545342001,178,0.07351269264976945,-0.8283073836825302,1.6680318285129279,1.0371840773389434,0.9556101118855234,0.8196535027964901,0.5477402846184234,-0.2394870194477675,-0.26603863005935613,0.34259568889554126,0.9505762165029022,1.1221248678684506,0.5261537520289945,1.0,0.3333333333333333,0.7172138521083509,0.5261537520289945,1.1221248678684506,0.7910806391371573,0.9772172601106062,False,False,0.8201528633542948,0.7577499280990767,0.6686028777344795,-0.19509499537686115,-0.19509499537686115,-0.19509499537686115,0.012238589173681485,0.01159445290138246,0.01030618035678441,0.6164344219387169,0.7097661704350209,0.7620144336221789,0.6783363134384781,0.6817995841920483,-0.1,False,True,True,True,True,rejected,did not meet dual Sharpe > 1.0 hurdle,ml rule timing
lab_0295_crash_avoidance,crash_avoidance,crash_avoidance,rule,BTC/ETH,False,False,True,False,False,False,False,False,False,False,True,False,False,none,low,low,False,3,"{""family"": ""crash_avoidance"", ""model_type"": ""rule"", ""name"": ""lab_0295_crash_avoidance"", ""params"": {""dd"": -0.25, ""rebalance"": 1, ""volq"": 0.9}, ""target_type"": ""crash_avoidance"", ""universe"": ""BTC/ETH"", ""uses_broader_universe"": false, ""uses_derivatives"": false, ""uses_ensemble"": false, ""uses_liquidity"": false, ""uses_macro"": false, ""uses_ml"": false, ""uses_onchain"": false, ""uses_state_machine"": false, ""uses_trend"": false, ""uses_volatility"": true}",0.9501059727475083,-0.0033208269085315753,0.05,-0.3609574704148838,-0.009200050368024308,1.0581218686596345,0.342227375252941,0.657772624747059,0.07726845032518763,169,-0.009703568880418012,-1.0547299734514206,1.5728252644652376,0.8685936725307165,0.7913252222055289,0.6625444716635496,0.40498297057959076,0.9145384711460777,-0.016222314503729136,0.05,-0.19852660872818612,-0.08171355269529645,1.0172192418179893,0.342227375252941,0.657772624747059,0.07726845032518763,169,-0.04740215329571221,-1.0547299734514206,1.5120263274193315,0.8330261709292859,0.7557577206040983,0.6269769700621188,0.36941546897816013,0.8125663755925824,0.0418862860333552,0.05,-0.25267022929041866,0.1657745202154829,0.8999513319314696,0.342227375252941,0.657772624747059,0.07726845032518763,169,0.12239314871405876,-1.0547299734514206,1.3377156578797342,0.7310540753757906,0.653785625050603,0.5250048745086235,0.26744337342466484,0.7241814387673186,0.028575492317518675,0.05,-0.3609574704148838,0.07916581497724388,0.7983086545824163,0.342227375252941,0.657772624747059,0.07726845032518763,169,0.08349855792920852,-1.0547299734514206,1.1866308200954168,0.6426691385505268,0.5654006882253392,0.43661993768335977,0.17905843659940102,1.2251225527849463,0.013396862799897245,0.05,-0.1624308616866977,0.0824773239566849,1.3743909357026882,0.342227375252941,0.657772624747059,0.07726845032518763,169,0.03914608756823031,-1.0547299734514206,2.042937445063383,1.1436102525681546,1.066341802242967,0.9375610517009876,0.6799995506170288,-0.1533862710486361,-0.2707181028111628,0.2737819002023528,0.8071551176804843,1.066341802242967,0.5654006882253392,1.0,0.8333333333333334,0.715063697886665,0.5654006882253392,1.066341802242967,0.782090076835382,0.9661112713848837,False,False,0.8137753934543914,0.751857700474166,0.6634038533595582,-0.19852660872818612,-0.19852660872818612,-0.19852660872818612,-0.01541119877854268,-0.014600083053356224,-0.01297785160298331,0.5435268035506735,0.6708052606311182,0.7561976473481156,0.6814777540248873,0.6634636148408581,-0.1,False,True,True,True,True,rejected,did not meet dual Sharpe > 1.0 hurdle,crash avoidance timing
lab_0484_ml_rule,ml_rule,trade_quality,score_model,BTC/ETH,True,True,True,True,False,False,True,False,False,False,True,False,False,none,low,low,False,3,"{""family"": ""ml_rule"", ""model_type"": ""score_model"", ""name"": ""lab_0484_ml_rule"", ""params"": {""btc"": 0.5, ""q"": 0.4, ""rebalance"": 7}, ""target_type"": ""trade_quality"", ""universe"": ""BTC/ETH"", ""uses_broader_universe"": false, ""uses_derivatives"": false, ""uses_ensemble"": false, ""uses_liquidity"": true, ""uses_macro"": true, ""uses_ml"": true, ""uses_onchain"": false, ""uses_state_machine"": false, ""uses_trend"": true, ""uses_volatility"": true}",0.8904006863480094,0.014895170500638249,0.05,-0.34001346757865647,0.04380758976022765,0.9894607893002108,0.40056386176605097,0.599436138233949,0.09681112395921214,212,0.03718550753671773,-0.8488371019781138,1.3594550911184469,0.795859937041868,0.6990488130826558,0.5376969398173022,0.21499319328659505,1.0533768628239448,0.017236070233693748,0.05,-0.18700740716826109,0.0921678477590221,1.1768833922475364,0.40056386176605097,0.599436138233949,0.09681112395921214,212,0.04302951883303058,-0.8488371019781138,1.6169616184338076,0.9588361135178034,0.8620249895585912,0.7006731162932376,0.3779693697625305,1.0386878077289734,0.005466866014021174,0.05,-0.2380094273050595,0.022969115450264192,1.1599909788883194,0.40056386176605097,0.599436138233949,0.09681112395921214,212,0.01364792617566208,-0.8488371019781138,1.5937525356780307,0.944147058422832,0.8473359344636198,0.6859840611982662,0.36328031466755906,0.2628082064598988,0.04049499855286387,0.09356337968747798,-0.34001346757865647,0.11909821937713695,0.26772943742888355,0.40056386176605097,0.599436138233949,0.09681112395921214,212,0.10109498738684257,-0.8488371019781138,0.3678429208017287,0.16826745715375732,0.07145633319454517,-0.08989554007080841,-0.41259928660151557,1.1547120968925115,0.0694474347659214,0.05242454940120958,-0.1530060604103954,0.45388682369605704,1.293418911426388,0.40056386176605097,0.599436138233949,0.09681112395921214,212,0.17337418922349546,-0.8488371019781138,1.7770738801393637,1.06017134758637,0.9633602236271579,0.8020083503618043,0.4793046038310972,-0.2069941269504518,-0.2550101006839923,0.3204510894128408,0.8537185009146715,0.9633602236271579,0.07145633319454517,1.0,0.6666666666666666,0.7027443624076773,0.07145633319454517,0.9633602236271579,0.731340583395808,0.9034207206654099,False,False,0.9415067137980293,0.869870333400353,0.7675326471179587,-0.18700740716826109,-0.18700740716826109,-0.18700740716826109,0.01637426672200906,0.015512463210324373,0.013788856186954999,0.231440376911195,0.5332845096274936,0.754192405554004,0.6165806661477052,0.6683083406604932,-0.1,False,True,True,True,True,rejected,did not meet dual Sharpe > 1.0 hurdle,ml rule timing
lab_0379_liquidity,liquidity,regime_transition,rule,BTC/ETH,False,False,False,True,False,False,False,False,False,False,True,False,False,none,low,low,False,3,"{""family"": ""liquidity"", ""model_type"": ""rule"", ""name"": ""lab_0379_liquidity"", ""params"": {""breadth"": 0, ""lb"": 252, ""q"": 0.5}, ""target_type"": ""regime_transition"", ""universe"": ""BTC/ETH"", ""uses_broader_universe"": false, ""uses_derivatives"": false, ""uses_ensemble"": false, ""uses_liquidity"": true, ""uses_macro"": false, ""uses_ml"": false, ""uses_onchain"": false, ""uses_state_machine"": false, ""uses_trend"": false, ""uses_volatility"": false}",1.0269317605281136,0.07499608819688197,0.06265694559211295,-0.38012787500927325,0.19729173556412413,1.1464715246073305,0.31756817624885436,0.6824318237511456,0.08646500130312579,189,0.23615744210500852,-1.196996120642125,1.7690778489141856,0.9392884263260297,0.852823425022904,0.7087150895176944,0.4204984185072751,0.8791472419267765,0.05459157965936678,0.052034240264606166,-0.2090703312551003,0.261115861498091,0.9765193282157929,0.31756817624885436,0.6824318237511456,0.08646500130312579,189,0.17190507028823773,-1.196996120642125,1.5068308941862354,0.7915039077246926,0.7050389064215669,0.5609305709163572,0.272713899905938,1.121470967296599,0.04186253782983836,0.05,-0.26608951250649127,0.15732501982323382,1.2551916123910887,0.31756817624885436,0.6824318237511456,0.08646500130312579,189,0.1318222068858494,-1.196996120642125,1.9368397993002864,1.033827633094515,0.9473626317913894,0.8032542962861797,0.5150376252757605,0.7417710809407767,-0.0035536177147598193,0.05,-0.38012787500927325,-0.009348479678511155,0.8185367430818932,0.31756817624885436,0.6824318237511456,0.08646500130312579,189,-0.011190093909079591,-1.196996120642125,1.263053804327588,0.6541277467386928,0.567662745435567,0.4235544099303574,0.13533773891993817,1.035158117848235,-0.009019578222003596,0.05,-0.17105754375417298,-0.05272832769635488,1.1559318355254702,0.31756817624885436,0.6824318237511456,0.08646500130312579,189,-0.02840202166521758,-1.196996120642125,1.7836757051451582,0.947514783646151,0.8610497823430253,0.7169414468378157,0.42872477582739643,-0.1647345196429435,-0.2850959062569549,0.2540545409990835,0.9932428113137921,1.1312876466173116,0.567662745435567,1.0,0.5,0.7304548986346432,0.567662745435567,1.1312876466173116,0.8473919964488965,1.0467783485545192,False,False,0.7812154625726344,0.72177515563776,0.6368604314450823,-0.2090703312551003,-0.2090703312551003,-0.2090703312551003,0.051862000676398436,0.0491324216934301,0.043673263727493424,0.629510826426831,0.7350264133099838,0.7540570824351216,0.6869131094408386,0.6625082957461107,-0.1,False,True,True,True,True,rejected,did not meet dual Sharpe > 1.0 hurdle,liquidity timing
lab_0369_liquidity,liquidity,regime_transition,rule,BTC/ETH,False,False,False,True,False,False,False,False,False,False,True,False,False,none,low,low,False,3,"{""family"": ""liquidity"", ""model_type"": ""rule"", ""name"": ""lab_0369_liquidity"", ""params"": {""breadth"": 1.0, ""lb"": 126, ""q"": 0.4}, ""target_type"": ""regime_transition"", ""universe"": ""BTC/ETH"", ""uses_broader_universe"": false, ""uses_derivatives"": false, ""uses_ensemble"": false, ""uses_liquidity"": true, ""uses_macro"": false, ""uses_ml"": false, ""uses_onchain"": false, ""uses_state_machine"": false, ""uses_trend"": false, ""uses_volatility"": false}",1.1503462453035762,0.04763681276178,0.05,-0.398059143782128,0.1196727006674499,1.2883981820991126,0.4583651636765893,0.5416348363234107,0.09465578550848887,207,0.1039276466380663,-0.8684323664330396,1.6548036165490903,1.057242388297917,0.9625866027894281,0.80482696027528,0.4893076752469837,0.7839365422824001,0.07536497182039344,0.07900417740584117,-0.2189325290801704,0.3442383465674747,0.8670270236247599,0.4583651636765893,0.5416348363234107,0.09465578550848887,207,0.1644212470596239,-0.8684323664330396,1.1135994091535242,0.6908326852767408,0.5961768997682519,0.4384172572541038,0.12289797222580756,1.4020073094524694,0.07924201197548617,0.05040817017771131,-0.27864140064748955,0.28438707166755733,1.5778084058703397,0.4583651636765893,0.5416348363234107,0.09465578550848887,207,0.17287965634185345,-0.8684323664330396,2.0265187366237214,1.3089034524468102,1.2142476669383213,1.0564880244241732,0.7409687393958769,0.5352918876937574,0.057197780164318354,0.08109802645164414,-0.398059143782128,0.14369166255259985,0.5810856708478209,0.4583651636765893,0.5416348363234107,0.09465578550848887,207,0.12478649054725206,-0.8684323664330396,0.7463396665751091,0.4421880306880981,0.34753224517960923,0.1897726026654611,-0.12574668236283515,1.152976591209078,0.051510925656456555,0.05,-0.1791266147019576,0.28756712531057294,1.2914230798904396,0.4583651636765893,0.5416348363234107,0.09465578550848887,207,0.11237966961381328,-0.8684323664330396,1.658688760035263,1.0598727342034187,0.9652169486949298,0.8074573061807817,0.4919380211524854,-0.24982438893990103,-0.298544357836596,0.36669213094127145,1.120213890610178,1.2975516694452836,0.34753224517960923,1.0,0.5,0.7540529357492448,0.34753224517960923,1.2975516694452836,0.9522943085080398,1.176363557568755,False,False,0.6936216188998081,0.64084606094004,0.5654524067118001,-0.2189325290801704,-0.2189325290801704,-0.2189325290801704,0.07159672322937376,0.06782847463835409,0.06029197745631475,0.4779841149464125,0.741482592531969,0.7535386076913938,0.6568652627816026,0.6974049435595222,-0.1,False,True,True,True,True,rejected,did not meet dual Sharpe > 1.0 hurdle,liquidity timing
lab_0378_liquidity,liquidity,regime_transition,rule,BTC/ETH,False,False,False,True,False,False,False,False,False,False,True,False,False,none,low,low,False,3,"{""family"": ""liquidity"", ""model_type"": ""rule"", ""name"": ""lab_0378_liquidity"", ""params"": {""breadth"": 1.0, ""lb"": 252, ""q"": 0.4}, ""target_type"": ""regime_transition"", ""universe"": ""BTC/ETH"", ""uses_broader_universe"": false, ""uses_derivatives"": false, ""uses_ensemble"": false, ""uses_liquidity"": true, ""uses_macro"": false, ""uses_ml"": false, ""uses_onchain"": false, ""uses_state_machine"": false, ""uses_trend"": false, ""uses_volatility"": false}",1.1503462453035762,0.04763681276178,0.05,-0.398059143782128,0.1196727006674499,1.2883981820991126,0.4583651636765893,0.5416348363234107,0.09465578550848887,207,0.1039276466380663,-0.8684323664330396,1.6548036165490903,1.057242388297917,0.9625866027894281,0.80482696027528,0.4893076752469837,0.7839365422824001,0.07536497182039344,0.07900417740584117,-0.2189325290801704,0.3442383465674747,0.8670270236247599,0.4583651636765893,0.5416348363234107,0.09465578550848887,207,0.1644212470596239,-0.8684323664330396,1.1135994091535242,0.6908326852767408,0.5961768997682519,0.4384172572541038,0.12289797222580756,1.4020073094524694,0.07924201197548617,0.05040817017771131,-0.27864140064748955,0.28438707166755733,1.5778084058703397,0.4583651636765893,0.5416348363234107,0.09465578550848887,207,0.17287965634185345,-0.8684323664330396,2.0265187366237214,1.3089034524468102,1.2142476669383213,1.0564880244241732,0.7409687393958769,0.5352918876937574,0.057197780164318354,0.08109802645164414,-0.398059143782128,0.14369166255259985,0.5810856708478209,0.4583651636765893,0.5416348363234107,0.09465578550848887,207,0.12478649054725206,-0.8684323664330396,0.7463396665751091,0.4421880306880981,0.34753224517960923,0.1897726026654611,-0.12574668236283515,1.152976591209078,0.051510925656456555,0.05,-0.1791266147019576,0.28756712531057294,1.2914230798904396,0.4583651636765893,0.5416348363234107,0.09465578550848887,207,0.11237966961381328,-0.8684323664330396,1.658688760035263,1.0598727342034187,0.9652169486949298,0.8074573061807817,0.4919380211524854,-0.24982438893990103,-0.298544357836596,0.36669213094127145,1.120213890610178,1.2975516694452836,0.34753224517960923,1.0,0.5,0.7540529357492448,0.34753224517960923,1.2975516694452836,0.9522943085080398,1.176363557568755,False,False,0.6936216188998081,0.64084606094004,0.5654524067118001,-0.2189325290801704,-0.2189325290801704,-0.2189325290801704,0.07159672322937376,0.06782847463835409,0.06029197745631475,0.4779841149464125,0.741482592531969,0.7535386076913938,0.6568652627816026,0.6974049435595222,-0.1,False,True,True,True,True,rejected,did not meet dual Sharpe > 1.0 hurdle,liquidity timing
lab_0001_baseline_macro,baseline_macro,regime,rule,BTC/ETH,True,False,False,False,False,False,False,False,False,False,True,False,False,none,low,low,False,3,"{""family"": ""baseline_macro"", ""model_type"": ""rule"", ""name"": ""lab_0001_baseline_macro"", ""params"": {""lookback"": 63, ""q"": 0.3, ""rebalance"": 1}, ""target_type"": ""regime"", ""universe"": ""BTC/ETH"", ""uses_broader_universe"": false, ""uses_derivatives"": false, ""uses_ensemble"": false, ""uses_liquidity"": false, ""uses_macro"": true, ""uses_ml"": false, ""uses_onchain"": false, ""uses_state_machine"": false, ""uses_trend"": false, ""uses_volatility"": false}",0.8453942309080964,0.05451307146930215,0.05368660743773336,-0.7758503782897206,0.07026235082783668,0.9377033655443108,0.32515223570839447,0.6748477642916055,0.08167718548185901,178,0.16765399552162694,-2.3861142353808837,1.4299612279617386,0.7609427739201904,0.6792655884383314,0.5431369459685663,0.27087966102903627,1.1736258716610883,-0.010581944718103448,0.05,-0.42671770805934633,-0.024798466335575062,1.3151697524102515,0.32515223570839447,0.6748477642916055,0.08167718548185901,178,-0.0325445854464111,-2.3861142353808837,2.0055828135404403,1.0891744146731823,1.0074972291913233,0.8713685867215583,0.5991113017820282,0.7675553131593262,0.07269424132211101,0.07753594940137415,-0.5430952648028043,0.13385173105588757,0.8481886101332251,0.32515223570839447,0.6748477642916055,0.08167718548185901,178,0.22356986463197878,-2.3861142353808837,1.2934547011945783,0.6831038561714202,0.6014266706895612,0.46529802821979616,0.1930407432802661,0.5240920609567994,0.04959008407045966,0.0714459750513501,-0.7758503782897206,0.06391707145877239,0.5682058701003192,0.32515223570839447,0.6748477642916055,0.08167718548185901,178,0.15251343409163398,-2.3861142353808837,0.8664918924249352,0.4396406039688934,0.35796341848703433,0.2218347760172693,-0.050422508922260745,0.9394983675131088,-0.00301543370491468,0.05,-0.34913267023037425,-0.008636927913176828,1.045923122640075,0.32515223570839447,0.6748477642916055,0.08167718548185901,178,-0.009273913489615383,-2.3861142353808837,1.5949921561130436,0.8550469105252028,0.7733697250433438,0.6372410825735787,0.36498379763404865,-0.44105335271773827,-0.5818877837172904,0.2601217885667156,0.8162876762595732,1.0109025017814564,0.35796341848703433,1.0,0.5,0.6932577894775918,0.35796341848703433,1.0109025017814564,0.6930850962718819,0.8561639424535012,False,False,1.0521358019282012,0.972081990911925,0.8577194037458162,-0.42671770805934633,-0.42671770805934633,-0.42671770805934633,-0.010052847482198275,-0.009523750246293103,-0.008465555774482759,0.407161916700465,0.5443657217710101,0.7491229662690881,0.6510853059575028,0.6205734301283983,-0.1,False,True,True,True,True,rejected,did not meet dual Sharpe > 1.0 hurdle,baseline macro timing
lab_0269_volatility,volatility,volatility_state,rule,BTC/ETH,False,False,True,False,False,False,False,False,False,False,True,False,False,none,low,low,False,4,"{""family"": ""volatility"", ""model_type"": ""rule"", ""name"": ""lab_0269_volatility"", ""params"": {""lb"": 504, ""q"": 0.4, ""trend"": 0, ""vt"": 0.3}, ""target_type"": ""volatility_state"", ""universe"": ""BTC/ETH"", ""uses_broader_universe"": false, ""uses_derivatives"": false, ""uses_ensemble"": false, ""uses_liquidity"": false, ""uses_macro"": false, ""uses_ml"": false, ""uses_onchain"": false, ""uses_state_machine"": false, ""uses_trend"": false, ""uses_volatility"": true}",0.9182666199673899,0.0315416248850171,0.05,-0.3062993243110723,0.10297647556343927,1.0215066129624983,0.5353471553278224,0.4646528446721776,0.12087273952983446,264,0.05891807693589486,-0.572150839437091,1.2140193040262686,0.8076847936141669,0.6868120540843324,0.485357488201275,0.08244835643516013,1.082714425833214,0.01123433557177763,0.05,-0.16846462837108978,0.06668661356632628,1.210621589708196,0.5353471553278224,0.4646528446721776,0.12087273952983446,264,0.020985141062154763,-0.572150839437091,1.4387748068652741,0.972132599479991,0.8512598599501565,0.6498052940670991,0.2468961623009842,0.7683280667873261,0.0597343602852768,0.06366042155149101,-0.21440952701775062,0.27859937529889467,0.849077276805425,0.5353471553278224,0.4646528446721776,0.12087273952983446,264,0.11158060651073821,-0.572150839437091,1.0090940103289219,0.6577462404341031,0.5368735009042687,0.33541893502121123,-0.06749019674490364,0.5946162682980178,0.07723332096828174,0.1010092567611695,-0.3062993243110723,0.2521498248224828,0.6493087085427204,0.5353471553278224,0.4646528446721776,0.12087273952983446,264,0.14426773393609899,-0.572150839437091,0.7716771447588934,0.48403444194479484,0.3631617024149604,0.16170713653190294,-0.24120199523421193,0.8869679337575368,0.01743151463409915,0.05,-0.13783469593998254,0.1264668124032382,0.9855131238211672,0.5353471553278224,0.4646528446721776,0.12087273952983446,264,0.03256114179485063,-0.572150839437091,1.1712424976088243,0.7763861074043138,0.6555133678744793,0.4540588019914219,0.05114967022530703,-0.18303272196896173,-0.22972449323330424,0.42827772426225796,0.7808957071129599,1.071168546739126,0.3631617024149604,1.0,0.5,0.7085323342976496,0.3631617024149604,1.071168546739126,0.7550266269722814,0.9326799509657594,False,False,0.9684972717665569,0.8948072619582318,0.7895358193749105,-0.16846462837108978,-0.16846462837108978,-0.16846462837108978,0.010672618793188749,0.010110902014599868,0.008987468457422104,0.398460322261414,0.5839233145635437,0.7488769595330697,0.6596596157515631,0.6881346227711616,-0.1,False,True,True,True,True,rejected,did not meet dual Sharpe > 1.0 hurdle,volatility timing
lab_0452_relative_value,relative_value,relative_value,rule,BTC/ETH,False,True,False,False,False,False,False,False,False,False,True,False,False,none,low,low,False,2,"{""family"": ""relative_value"", ""model_type"": ""rule"", ""name"": ""lab_0452_relative_value"", ""params"": {""rebalance"": 30, ""thr"": 0.1}, ""target_type"": ""relative_value"", ""universe"": ""BTC/ETH"", ""uses_broader_universe"": false, ""uses_derivatives"": false, ""uses_ensemble"": false, ""uses_liquidity"": false, ""uses_macro"": false, ""uses_ml"": false, ""uses_onchain"": false, ""uses_state_machine"": false, ""uses_trend"": true, ""uses_volatility"": false}",0.7012641624906245,0.02398259028350607,0.05,-0.6900089150077914,0.03475692815249389,0.7719537868642181,1.0,0.0,0.06352405561889794,139,0.02398259028350607,-0.6900089150077914,0.6712641624906245,0.6289147920780258,0.565390736459128,0.45951731042763133,0.24777045836463818,1.3216332478380284,0.17069102232957378,0.11443229934501203,-0.37950490325428526,0.44977290376457446,1.4853782350137326,1.0,0.0,0.06352405561889794,139,0.17069102232957378,-0.6900089150077914,1.2916332478380284,1.2492838774254298,1.1857598218065317,1.079886395775035,0.868139543712042,0.4502120888224945,-0.006852805326642029,0.05,-0.48300624050545393,-0.01418781943577114,0.48324390214586865,1.0,0.0,0.06352405561889794,139,-0.006852805326642029,-0.6900089150077914,0.4202120888224945,0.3778627184098959,0.3143386627909979,0.20846523675950135,-0.0032816153034918027,0.15039762548928468,0.029105134724747253,0.09084066924747118,-0.6900089150077914,0.042180809684782994,0.13845726931267738,1.0,0.0,0.06352405561889794,139,0.029105134724747253,-0.6900089150077914,0.12039762548928468,0.07804825507668604,0.0145241994577881,-0.09134922657370848,-0.3030960786367016,0.8575080693301458,0.03398892467630814,0.05,-0.3105040117535061,0.10946372152927375,0.9516342797296675,1.0,0.0,0.06352405561889794,139,0.03398892467630814,-0.6900089150077914,0.8275080693301458,0.7851586989175471,0.7216346432986491,0.6157612172671526,0.40401436520415945,-0.34937011408101487,-0.5175066862558435,0.8,0.6242684192509099,0.8000215609826227,0.0145241994577881,1.0,0.6666666666666666,0.661786168514859,0.0145241994577881,0.8000215609826227,0.5705745381170308,0.7048273706151558,False,False,1.188302588010986,1.0978882606623241,0.9687249358785213,-0.37950490325428526,-0.37950490325428526,-0.37950490325428526,0.1621564712130951,0.1536219200966164,0.13655281786365903,0.060379724797155865,0.36778492598889984,0.748416743059496,0.6254165764525506,0.7770618305770645,-0.1,False,True,True,True,True,rejected,did not meet dual Sharpe > 1.0 hurdle,relative value timing
lab_0497_ml_rule,ml_rule,trade_quality,score_model,BTC/ETH,True,True,True,True,False,False,True,False,False,False,True,False,False,none,low,low,False,3,"{""family"": ""ml_rule"", ""model_type"": ""score_model"", ""name"": ""lab_0497_ml_rule"", ""params"": {""btc"": 0.7, ""q"": 0.5, ""rebalance"": 14}, ""target_type"": ""trade_quality"", ""universe"": ""BTC/ETH"", ""uses_broader_universe"": false, ""uses_derivatives"": false, ""uses_ensemble"": false, ""uses_liquidity"": true, ""uses_macro"": true, ""uses_ml"": true, ""uses_onchain"": false, ""uses_state_machine"": false, ""uses_trend"": true, ""uses_volatility"": true}",1.138438355832659,0.04069844694349135,0.05,-0.37252580482951336,0.109250007424632,1.2747041092075577,0.27722855160066895,0.722771448399331,0.10860599093773629,237,0.14680467328673638,-1.3437497785802177,2.1051961518649667,1.036034361874168,0.9274283709364317,0.7464183860402046,0.3843984162477503,0.8386810753120996,0.000388300903223629,0.05,-0.20488919265623237,0.001895175134371918,0.9299832366089144,0.27722855160066895,0.722771448399331,0.10860599093773629,237,0.0014006526419506496,-1.3437497785802177,1.5358835959390706,0.7362770813536087,0.6276710904158724,0.4466611055196452,0.0846411357271909,0.9131656255943059,0.0654592591440516,0.060433287022135455,-0.26076806338065933,0.2510248313977646,1.0156404694334518,0.27722855160066895,0.722771448399331,0.10860599093773629,237,0.23612019312621782,-1.3437497785802177,1.6773480155005012,0.810761631635815,0.7021556406980787,0.5211456558018516,0.15912568600939725,0.6215671366756044,-0.030834056377306365,0.05,-0.37252580482951336,-0.08277025638913145,0.6803022071769449,0.27722855160066895,0.722771448399331,0.10860599093773629,237,-0.11122251369592324,-1.3437497785802177,1.1235310048105842,0.5191631427171135,0.4105571517793772,0.22954716688315002,-0.1324728029093043,1.2580363261413459,-0.008680187602415908,0.05,-0.16763661217328102,-0.05177978420038371,1.4122417750625476,0.27722855160066895,0.722771448399331,0.10860599093773629,237,-0.03131058309938868,-1.3437497785802177,2.3323420148169696,1.155632332182855,1.0470263412451186,0.8660163563488915,0.5039963865564372,-0.2257267973617621,-0.27939435362213505,0.22178284128053516,1.0232943026703645,1.0917099086942184,0.4105571517793772,1.0,1.0,0.7518378580768071,0.4105571517793772,1.0917099086942184,0.94217260245776,1.163860273624292,False,False,0.7439865892871316,0.6873789140152846,0.6065108064840746,-0.20488919265623237,-0.20488919265623237,-0.20488919265623237,0.0003688858580624475,0.0003494708129012661,0.0003106407225789032,0.45977237579527996,0.7094446495586604,0.7459816869139859,0.6703656850748134,0.6575532439909164,-0.1,False,True,True,True,True,rejected,did not meet dual Sharpe > 1.0 hurdle,ml rule timing
lab_0109_trend,trend,direction,rule,BTC,False,True,False,False,False,False,False,False,False,False,True,False,False,none,low,low,False,4,"{""family"": ""trend"", ""model_type"": ""rule"", ""name"": ""lab_0109_trend"", ""params"": {""asset"": ""btc"", ""ma"": 200, ""rebalance"": 30, ""vt"": null}, ""target_type"": ""direction"", ""universe"": ""BTC"", ""uses_broader_universe"": false, ""uses_derivatives"": false, ""uses_ensemble"": false, ""uses_liquidity"": false, ""uses_macro"": false, ""uses_ml"": false, ""uses_onchain"": false, ""uses_state_machine"": false, ""uses_trend"": true, ""uses_volatility"": false}",0.9066548281439691,0.05210455796044207,0.05,-0.539369477127424,0.09660271885969655,1.0081530523655644,0.5112656166320698,0.4887343833679302,0.10150342513621058,222,0.1019128927614526,-1.0549691971865556,1.2260419654159393,0.808985878053162,0.7074824529169514,0.5383100776899339,0.19996532723589855,1.0696578721308805,0.06015875639769841,0.05,-0.29665321242008325,0.2027915218140604,1.1956065529505124,0.5112656166320698,0.4887343833679302,0.10150342513621058,222,0.11766634493043057,-1.0549691971865556,1.4540091949372866,0.9719889220400734,0.8704854969038628,0.7013131216768451,0.3629683712228099,1.1607191658336453,0.01090893305649284,0.05,-0.37755863398919676,0.028893348143655437,1.300327040708692,0.5112656166320698,0.4887343833679302,0.10150342513621058,222,0.02133711460660068,-1.0549691971865556,1.5813625886795282,1.0630502157428383,0.9615467906066276,0.79237441537961,0.4540296649255747,0.4498659704259268,0.003089585412313741,0.05,-0.539369477127424,0.005728142847029956,0.48284586598981577,0.5112656166320698,0.4887343833679302,0.10150342513621058,222,0.006043014260701103,-1.0549691971865556,0.5872018074458548,0.35219702033511974,0.2506935951989091,0.08152121997189149,-0.2568235304821438,1.0015223702596079,0.0182091042463371,0.05,-0.2427162647073408,0.07502218389976062,1.117250725798549,0.5112656166320698,0.4887343833679302,0.10150342513621058,222,0.03561574190396067,-1.0549691971865556,1.3587185720524293,0.9038534201688008,0.8023499950325902,0.6331776198055725,0.2948328693515373,-0.3150168025954507,-0.404527107845568,0.40901249330565587,0.80379234348363,1.0516786274199512,0.2506935951989091,1.0,0.6666666666666666,0.7061285400174735,0.2506935951989091,1.0516786274199512,0.7451566039223737,0.9204875695511676,False,True,0.9564852423604101,0.8837091913112484,0.7797434040981603,-0.29665321242008325,-0.29665321242008325,-0.29665321242008325,0.057150818577813484,0.05414288075792857,0.04812700511815873,0.36693920481169573,0.5542306585063546,0.7454523030691309,0.6276533564227149,0.6645955257246868,-0.1,False,True,True,True,True,rejected,did not meet dual Sharpe > 1.0 hurdle,trend timing
lab_0361_liquidity,liquidity,regime_transition,rule,BTC/ETH,False,False,False,True,False,False,False,False,False,False,True,False,False,none,low,low,False,3,"{""family"": ""liquidity"", ""model_type"": ""rule"", ""name"": ""lab_0361_liquidity"", ""params"": {""breadth"": 0, ""lb"": 63, ""q"": 0.5}, ""target_type"": ""regime_transition"", ""universe"": ""BTC/ETH"", ""uses_broader_universe"": false, ""uses_derivatives"": false, ""uses_ensemble"": false, ""uses_liquidity"": true, ""uses_macro"": false, ""uses_ml"": false, ""uses_onchain"": false, ""uses_state_machine"": false, ""uses_trend"": false, ""uses_volatility"": false}",1.1592686355076094,-0.01826863041932675,0.05,-0.30361371983263874,-0.06017063533689118,1.2986589308337506,0.2761977098306061,0.7238022901693939,0.09452170221219448,207,-0.06614330882950124,-1.099262264045734,2.1487566291794065,1.0662541673661463,0.9717324651539518,0.8141962948002944,0.4991239540929795,0.7551519540898549,0.039974466591608915,0.05,-0.1669875459079513,0.2393859157235838,0.8339247472033331,0.2761977098306061,0.7238022901693939,0.09452170221219448,207,0.1447313470344324,-1.099262264045734,1.379809037034463,0.662137485948392,0.5676157837361975,0.41007961338253995,0.09500727267522502,1.1069396761694124,0.0632798966825752,0.05,-0.2125296038828471,0.2977462693501139,1.2384806275948241,0.2761977098306061,0.7238022901693939,0.09452170221219448,207,0.22911086670988398,-1.099262264045734,2.049185814281614,1.0139252080279493,0.9194035058157548,0.7618673354620974,0.44679499475478246,0.7488843234771237,0.055964596661545477,0.06090494225624772,-0.30361371983263874,0.18432828625924708,0.8267169719986922,0.2761977098306061,0.7238022901693939,0.09452170221219448,207,0.20262512928101012,-1.099262264045734,1.367883076811278,0.6558698553356608,0.5613481531234663,0.4038119827698088,0.08873964206249385,1.5140307601233165,0.06868385197551603,0.05,-0.13662617392468743,0.5027137187738031,1.7066353741418139,0.2761977098306061,0.7238022901693939,0.09452170221219448,207,0.24867639929976357,-1.099262264045734,2.8237930581395685,1.4210162919818534,1.326494589769659,1.1689584194160014,0.8538860787086866,-0.18799412756413822,-0.22771028987447905,0.22095816786448488,1.2142123634291893,1.326494589769659,0.5613481531234663,1.0,0.3333333333333333,0.7557039031151505,0.5613481531234663,1.326494589769659,0.9598783401814679,1.1857320672829899,False,False,0.6671397977626665,0.6163791609763767,0.5438639655673911,-0.1669875459079513,-0.1669875459079513,-0.1669875459079513,0.03797574326202847,0.03597701993244803,0.03197957327328713,0.6231652752537019,0.8172341229614993,0.7446917937334531,0.692487744356556,0.6712280905831824,-0.1,False,True,True,True,True,rejected,did not meet dual Sharpe > 1.0 hurdle,liquidity timing
lab_0232_volatility,volatility,volatility_state,rule,BTC/ETH,False,False,True,False,False,False,False,False,False,False,True,False,False,none,low,low,False,4,"{""family"": ""volatility"", ""model_type"": ""rule"", ""name"": ""lab_0232_volatility"", ""params"": {""lb"": 126, ""q"": 0.5, ""trend"": 0, ""vt"": null}, ""target_type"": ""volatility_state"", ""universe"": ""BTC/ETH"", ""uses_broader_universe"": false, ""uses_derivatives"": false, ""uses_ensemble"": false, ""uses_liquidity"": false, ""uses_macro"": false, ""uses_ml"": false, ""uses_onchain"": false, ""uses_state_machine"": false, ""uses_trend"": false, ""uses_volatility"": true}",0.9483500325182844,-0.003111936865752833,0.05,-0.31411123129112684,-0.009907117465878211,1.0561025373960269,0.3710171865754648,0.6289828134245352,0.11516793679744122,252,-0.00838758143383168,-0.8466217810296416,1.50768714453368,0.841571407986657,0.7264034711892157,0.534456909860147,0.15056378720200958,1.0184347063318395,0.0072800717714148686,0.05,-0.17276117721011977,0.042139512412331645,1.1366999122816153,0.3710171865754648,0.6289828134245352,0.11516793679744122,252,0.0196219259776369,-0.8466217810296416,1.6227475877154351,0.911656081800212,0.7964881450027708,0.604541583673702,0.22064846101556468,0.9631908328258181,0.014757260669780163,0.05,-0.21987786190378877,0.06711571843570795,1.0731694577496906,0.3710171865754648,0.6289828134245352,0.11516793679744122,252,0.03977514035398611,-0.8466217810296416,1.5320518018494778,0.8564122082941905,0.7412442714967493,0.5492977101676806,0.16540458750954323,0.6160347905668635,0.0561007278548773,0.07137181270872149,-0.31411123129112684,0.17860147064554216,0.6739400091518929,0.3710171865754648,0.6289828134245352,0.11516793679744122,252,0.15120789517244218,-0.8466217810296416,0.9621136698435907,0.5092561660352359,0.39408822923779474,0.20214166790872606,-0.18175145474941135,1.0130348003521694,0.034875087707833874,0.05,-0.1413500540810071,0.246728506292945,1.1304900204049948,0.3710171865754648,0.6289828134245352,0.11516793679744122,252,0.09399857734283232,-0.8466217810296416,1.6138823745189879,0.9062561758205421,0.7910882390231008,0.5991416776940321,0.21524855503589468,-0.21297099055901664,-0.23558342346834513,0.29681374926037185,0.8956657643308097,1.099346851346356,0.39408822923779474,1.0,0.5,0.7147057942025147,0.39408822923779474,1.099346851346356,0.7805975276405417,0.9642675341441986,False,False,0.9093599298252923,0.8401695003820635,0.7413260297488796,-0.17276117721011977,-0.17276117721011977,-0.17276117721011977,0.006916068182844124,0.006552064594273382,0.0058240574171318955,0.4655645635534896,0.628947193208373,0.7445149944787848,0.6582619372143472,0.6554969508155631,-0.1,False,True,True,True,True,rejected,did not meet dual Sharpe > 1.0 hurdle,volatility timing
lab_0495_ml_rule,ml_rule,trade_quality,score_model,BTC/ETH,True,True,True,True,False,False,True,False,False,False,True,False,False,none,low,low,False,3,"{""family"": ""ml_rule"", ""model_type"": ""score_model"", ""name"": ""lab_0495_ml_rule"", ""params"": {""btc"": 0.7, ""q"": 0.5, ""rebalance"": 1}, ""target_type"": ""trade_quality"", ""universe"": ""BTC/ETH"", ""uses_broader_universe"": false, ""uses_derivatives"": false, ""uses_ensemble"": false, ""uses_liquidity"": true, ""uses_macro"": true, ""uses_ml"": true, ""uses_onchain"": false, ""uses_state_machine"": false, ""uses_trend"": true, ""uses_volatility"": true}",1.1497651028033349,0.05302971691580442,0.05,-0.34402571065926,0.15414463301066372,1.287729868223835,0.35597298098484387,0.6440270190151561,0.10589216482918436,231,0.14897118531044426,-0.9664377046467678,1.8768017985643681,1.0491703262505452,0.9432781614213609,0.7667912200393869,0.4138173372754391,0.8005072199633494,0.010890784670845099,0.05,-0.18921414086259303,0.05755798494338733,0.8860833029578516,0.35597298098484387,0.6440270190151561,0.10589216482918436,231,0.03059441376902926,-0.9664377046467678,1.2914220425460277,0.6999124434105598,0.5940202785813754,0.4175333371994015,0.06455945443545363,0.9249437815360428,0.08047157314068049,0.07349379438256717,-0.240817997461482,0.33415929867763156,1.029185348766449,0.35597298098484387,0.6440270190151561,0.10589216482918436,231,0.22606090192026876,-0.9664377046467678,1.4999861083327912,0.8243490049832533,0.7184568401540689,0.5419698987720949,0.18899601600814708,0.7168731693387639,0.02705540105699552,0.05,-0.34402571065926,0.07864354383615392,0.7899041447395784,0.35597298098484387,0.6440270190151561,0.10589216482918436,231,0.07600408599030005,-0.9664377046467678,1.151245735711242,0.6162783927859743,0.5103862279567899,0.333899286574816,-0.019074596189131876,1.32515629922256,0.00680615266699746,0.05,-0.15481156979666702,0.043964108599485255,1.4894297441059439,0.35597298098484387,0.6440270190151561,0.10589216482918436,231,0.01911985749077749,-0.9664377046467678,2.170769267337836,1.2245615226697704,1.1186693578405862,0.9421824164586121,0.5892085336946643,-0.23566531666224616,-0.258019282994445,0.2847783847878751,1.0472913130677286,1.2743579699758232,0.5103862279567899,1.0,0.8333333333333334,0.7539451428314551,0.5103862279567899,1.2743579699758232,0.9518003373828346,1.1757533579435016,False,False,0.7088666423662815,0.654931136968847,0.5778804149725121,-0.18921414086259303,-0.18921414086259303,-0.18921414086259303,0.010346245437302844,0.009801706203760589,0.00871262773667608,0.5300777379514584,0.75175868977131,0.7441921208443808,0.6823167081142693,0.6752998633612434,-0.1,False,True,True,True,True,rejected,did not meet dual Sharpe > 1.0 hurdle,ml rule timing
lab_0498_ml_rule,ml_rule,trade_quality,score_model,BTC/ETH,True,True,True,True,False,False,True,False,False,False,True,False,False,none,low,low,False,3,"{""family"": ""ml_rule"", ""model_type"": ""score_model"", ""name"": ""lab_0498_ml_rule"", ""params"": {""btc"": 0.3, ""q"": 0.6, ""rebalance"": 1}, ""target_type"": ""trade_quality"", ""universe"": ""BTC/ETH"", ""uses_broader_universe"": false, ""uses_derivatives"": false, ""uses_ensemble"": false, ""uses_liquidity"": true, ""uses_macro"": true, ""uses_ml"": true, ""uses_onchain"": false, ""uses_state_machine"": false, ""uses_trend"": true, ""uses_volatility"": true}",1.1497651028033349,0.05302971691580442,0.05,-0.34402571065926,0.15414463301066372,1.287729868223835,0.35597298098484387,0.6440270190151561,0.10589216482918436,231,0.14897118531044426,-0.9664377046467678,1.8768017985643681,1.0491703262505452,0.9432781614213609,0.7667912200393869,0.4138173372754391,0.8005072199633494,0.010890784670845099,0.05,-0.18921414086259303,0.05755798494338733,0.8860833029578516,0.35597298098484387,0.6440270190151561,0.10589216482918436,231,0.03059441376902926,-0.9664377046467678,1.2914220425460277,0.6999124434105598,0.5940202785813754,0.4175333371994015,0.06455945443545363,0.9249437815360428,0.08047157314068049,0.07349379438256717,-0.240817997461482,0.33415929867763156,1.029185348766449,0.35597298098484387,0.6440270190151561,0.10589216482918436,231,0.22606090192026876,-0.9664377046467678,1.4999861083327912,0.8243490049832533,0.7184568401540689,0.5419698987720949,0.18899601600814708,0.7168731693387639,0.02705540105699552,0.05,-0.34402571065926,0.07864354383615392,0.7899041447395784,0.35597298098484387,0.6440270190151561,0.10589216482918436,231,0.07600408599030005,-0.9664377046467678,1.151245735711242,0.6162783927859743,0.5103862279567899,0.333899286574816,-0.019074596189131876,1.32515629922256,0.00680615266699746,0.05,-0.15481156979666702,0.043964108599485255,1.4894297441059439,0.35597298098484387,0.6440270190151561,0.10589216482918436,231,0.01911985749077749,-0.9664377046467678,2.170769267337836,1.2245615226697704,1.1186693578405862,0.9421824164586121,0.5892085336946643,-0.23566531666224616,-0.258019282994445,0.2847783847878751,1.0472913130677286,1.2743579699758232,0.5103862279567899,1.0,0.8333333333333334,0.7539451428314551,0.5103862279567899,1.2743579699758232,0.9518003373828346,1.1757533579435016,False,False,0.7088666423662815,0.654931136968847,0.5778804149725121,-0.18921414086259303,-0.18921414086259303,-0.18921414086259303,0.010346245437302844,0.009801706203760589,0.00871262773667608,0.5300777379514584,0.75175868977131,0.7441921208443808,0.6823167081142693,0.6752998633612434,-0.1,False,True,True,True,True,rejected,did not meet dual Sharpe > 1.0 hurdle,ml rule timing
lab_0514_ml_rule,ml_rule,trade_quality,score_model,BTC/ETH,True,True,True,True,False,False,True,False,False,False,True,False,False,none,low,low,False,3,"{""family"": ""ml_rule"", ""model_type"": ""score_model"", ""name"": ""lab_0514_ml_rule"", ""params"": {""btc"": 0.7, ""q"": 0.7, ""rebalance"": 7}, ""target_type"": ""trade_quality"", ""universe"": ""BTC/ETH"", ""uses_broader_universe"": false, ""uses_derivatives"": false, ""uses_ensemble"": false, ""uses_liquidity"": true, ""uses_macro"": true, ""uses_ml"": true, ""uses_onchain"": false, ""uses_state_machine"": false, ""uses_trend"": true, ""uses_volatility"": true}",1.1497651028033349,0.05302971691580442,0.05,-0.34402571065926,0.15414463301066372,1.287729868223835,0.35597298098484387,0.6440270190151561,0.10589216482918436,231,0.14897118531044426,-0.9664377046467678,1.8768017985643681,1.0491703262505452,0.9432781614213609,0.7667912200393869,0.4138173372754391,0.8005072199633494,0.010890784670845099,0.05,-0.18921414086259303,0.05755798494338733,0.8860833029578516,0.35597298098484387,0.6440270190151561,0.10589216482918436,231,0.03059441376902926,-0.9664377046467678,1.2914220425460277,0.6999124434105598,0.5940202785813754,0.4175333371994015,0.06455945443545363,0.9249437815360428,0.08047157314068049,0.07349379438256717,-0.240817997461482,0.33415929867763156,1.029185348766449,0.35597298098484387,0.6440270190151561,0.10589216482918436,231,0.22606090192026876,-0.9664377046467678,1.4999861083327912,0.8243490049832533,0.7184568401540689,0.5419698987720949,0.18899601600814708,0.7168731693387639,0.02705540105699552,0.05,-0.34402571065926,0.07864354383615392,0.7899041447395784,0.35597298098484387,0.6440270190151561,0.10589216482918436,231,0.07600408599030005,-0.9664377046467678,1.151245735711242,0.6162783927859743,0.5103862279567899,0.333899286574816,-0.019074596189131876,1.32515629922256,0.00680615266699746,0.05,-0.15481156979666702,0.043964108599485255,1.4894297441059439,0.35597298098484387,0.6440270190151561,0.10589216482918436,231,0.01911985749077749,-0.9664377046467678,2.170769267337836,1.2245615226697704,1.1186693578405862,0.9421824164586121,0.5892085336946643,-0.23566531666224616,-0.258019282994445,0.2847783847878751,1.0472913130677286,1.2743579699758232,0.5103862279567899,1.0,0.8333333333333334,0.7539451428314551,0.5103862279567899,1.2743579699758232,0.9518003373828346,1.1757533579435016,False,False,0.7088666423662815,0.654931136968847,0.5778804149725121,-0.18921414086259303,-0.18921414086259303,-0.18921414086259303,0.010346245437302844,0.009801706203760589,0.00871262773667608,0.5300777379514584,0.75175868977131,0.7441921208443808,0.6823167081142693,0.6752998633612434,-0.1,False,True,True,True,True,rejected,did not meet dual Sharpe > 1.0 hurdle,ml rule timing
lab_0517_ml_rule,ml_rule,trade_quality,score_model,BTC/ETH,True,True,True,True,False,False,True,False,False,False,True,False,False,none,low,low,False,3,"{""family"": ""ml_rule"", ""model_type"": ""score_model"", ""name"": ""lab_0517_ml_rule"", ""params"": {""btc"": 0.3, ""q"": 0.8, ""rebalance"": 7}, ""target_type"": ""trade_quality"", ""universe"": ""BTC/ETH"", ""uses_broader_universe"": false, ""uses_derivatives"": false, ""uses_ensemble"": false, ""uses_liquidity"": true, ""uses_macro"": true, ""uses_ml"": true, ""uses_onchain"": false, ""uses_state_machine"": false, ""uses_trend"": true, ""uses_volatility"": true}",1.1497651028033349,0.05302971691580442,0.05,-0.34402571065926,0.15414463301066372,1.287729868223835,0.35597298098484387,0.6440270190151561,0.10589216482918436,231,0.14897118531044426,-0.9664377046467678,1.8768017985643681,1.0491703262505452,0.9432781614213609,0.7667912200393869,0.4138173372754391,0.8005072199633494,0.010890784670845099,0.05,-0.18921414086259303,0.05755798494338733,0.8860833029578516,0.35597298098484387,0.6440270190151561,0.10589216482918436,231,0.03059441376902926,-0.9664377046467678,1.2914220425460277,0.6999124434105598,0.5940202785813754,0.4175333371994015,0.06455945443545363,0.9249437815360428,0.08047157314068049,0.07349379438256717,-0.240817997461482,0.33415929867763156,1.029185348766449,0.35597298098484387,0.6440270190151561,0.10589216482918436,231,0.22606090192026876,-0.9664377046467678,1.4999861083327912,0.8243490049832533,0.7184568401540689,0.5419698987720949,0.18899601600814708,0.7168731693387639,0.02705540105699552,0.05,-0.34402571065926,0.07864354383615392,0.7899041447395784,0.35597298098484387,0.6440270190151561,0.10589216482918436,231,0.07600408599030005,-0.9664377046467678,1.151245735711242,0.6162783927859743,0.5103862279567899,0.333899286574816,-0.019074596189131876,1.32515629922256,0.00680615266699746,0.05,-0.15481156979666702,0.043964108599485255,1.4894297441059439,0.35597298098484387,0.6440270190151561,0.10589216482918436,231,0.01911985749077749,-0.9664377046467678,2.170769267337836,1.2245615226697704,1.1186693578405862,0.9421824164586121,0.5892085336946643,-0.23566531666224616,-0.258019282994445,0.2847783847878751,1.0472913130677286,1.2743579699758232,0.5103862279567899,1.0,0.8333333333333334,0.7539451428314551,0.5103862279567899,1.2743579699758232,0.9518003373828346,1.1757533579435016,False,False,0.7088666423662815,0.654931136968847,0.5778804149725121,-0.18921414086259303,-0.18921414086259303,-0.18921414086259303,0.010346245437302844,0.009801706203760589,0.00871262773667608,0.5300777379514584,0.75175868977131,0.7441921208443808,0.6823167081142693,0.6752998633612434,-0.1,False,True,True,True,True,rejected,did not meet dual Sharpe > 1.0 hurdle,ml rule timing
lab_0027_baseline_macro,baseline_macro,regime,rule,BTC/ETH,True,False,False,False,False,False,False,False,False,False,True,False,False,none,low,low,False,3,"{""family"": ""baseline_macro"", ""model_type"": ""rule"", ""name"": ""lab_0027_baseline_macro"", ""params"": {""lookback"": 126, ""q"": 0.6, ""rebalance"": 14}, ""target_type"": ""regime"", ""universe"": ""BTC/ETH"", ""uses_broader_universe"": false, ""uses_derivatives"": false, ""uses_ensemble"": false, ""uses_liquidity"": false, ""uses_macro"": true, ""uses_ml"": false, ""uses_onchain"": false, ""uses_state_machine"": false, ""uses_trend"": false, ""uses_volatility"": false}",0.819254349036777,-0.01140539305359626,0.05,-0.7501524777196386,-0.015204099689528591,0.9076425013922934,0.2389839825655527,0.7610160174344474,0.07085613195102125,155,-0.047724508275226306,-3.138923662023557,1.6144796921250888,0.7420169277360961,0.6711607957850748,0.5530672425333728,0.3168801360299686,1.1540418079718606,0.0569709568205085,0.05,-0.4125838627458012,0.13808333763070396,1.2926480791676396,0.2389839825655527,0.7610160174344474,0.07085613195102125,155,0.2383881807011125,-3.138923662023557,2.299312856856461,1.0768043866711798,1.0059482547201586,0.8878547014684565,0.6516675949650523,0.7141484424051376,-0.007171895722025506,0.05,-0.525106734403747,-0.013657977039980484,0.7867707087659082,0.2389839825655527,0.7610160174344474,0.07085613195102125,155,-0.03000994311431844,-3.138923662023557,1.399477580339107,0.6369110211044567,0.5660548891534355,0.4479613359017335,0.2117742293983293,0.4137805151717918,0.0005749223997685501,0.05,-0.7501524777196386,0.0007664073862906325,0.4413475924475606,0.2389839825655527,0.7610160174344474,0.07085613195102125,155,0.0024056942795772952,-3.138923662023557,0.7850521808772329,0.33654309387111103,0.2656869619200898,0.1475934086683877,-0.08859369783501647,0.9999635348540863,0.07035431359585068,0.060133766138809636,-0.33756861497383733,0.2084148539736236,1.115458065082199,0.2389839825655527,0.7610160174344474,0.07085613195102125,155,0.29438924249474613,-3.138923662023557,1.9841340513802068,0.9227261135534054,0.8518699816023841,0.7337764283506821,0.49758932184727794,-0.456311931584395,-0.5626143582897289,0.19118718605244217,0.8454958272540656,0.957887431849314,0.2656869619200898,1.0,0.3333333333333333,0.6876712024423453,0.2656869619200898,0.957887431849314,0.6708661966812604,0.8287170664886159,False,False,1.0341184633341118,0.9554355367760815,0.8430313559788954,-0.4125838627458012,-0.4125838627458012,-0.4125838627458012,0.05412240897948307,0.05127386113845765,0.0455767654564068,0.32187114679184775,0.5212057165242697,0.7436915607383217,0.6339542918087252,0.6063151051372593,-0.1,False,True,True,True,True,rejected,did not meet dual Sharpe > 1.0 hurdle,baseline macro timing
lab_0051_baseline_macro,baseline_macro,regime,rule,BTC/ETH,True,False,False,False,False,False,False,False,False,False,True,False,False,none,low,low,False,3,"{""family"": ""baseline_macro"", ""model_type"": ""rule"", ""name"": ""lab_0051_baseline_macro"", ""params"": {""lookback"": 365, ""q"": 0.4, ""rebalance"": 14}, ""target_type"": ""regime"", ""universe"": ""BTC/ETH"", ""uses_broader_universe"": false, ""uses_derivatives"": false, ""uses_ensemble"": false, ""uses_liquidity"": false, ""uses_macro"": true, ""uses_ml"": false, ""uses_onchain"": false, ""uses_state_machine"": false, ""uses_trend"": false, ""uses_volatility"": false}",0.819254349036777,-0.01140539305359626,0.05,-0.7501524777196386,-0.015204099689528591,0.9076425013922934,0.2389839825655527,0.7610160174344474,0.07085613195102125,155,-0.047724508275226306,-3.138923662023557,1.6144796921250888,0.7420169277360961,0.6711607957850748,0.5530672425333728,0.3168801360299686,1.1540418079718606,0.0569709568205085,0.05,-0.4125838627458012,0.13808333763070396,1.2926480791676396,0.2389839825655527,0.7610160174344474,0.07085613195102125,155,0.2383881807011125,-3.138923662023557,2.299312856856461,1.0768043866711798,1.0059482547201586,0.8878547014684565,0.6516675949650523,0.7141484424051376,-0.007171895722025506,0.05,-0.525106734403747,-0.013657977039980484,0.7867707087659082,0.2389839825655527,0.7610160174344474,0.07085613195102125,155,-0.03000994311431844,-3.138923662023557,1.399477580339107,0.6369110211044567,0.5660548891534355,0.4479613359017335,0.2117742293983293,0.4137805151717918,0.0005749223997685501,0.05,-0.7501524777196386,0.0007664073862906325,0.4413475924475606,0.2389839825655527,0.7610160174344474,0.07085613195102125,155,0.0024056942795772952,-3.138923662023557,0.7850521808772329,0.33654309387111103,0.2656869619200898,0.1475934086683877,-0.08859369783501647,0.9999635348540863,0.07035431359585068,0.060133766138809636,-0.33756861497383733,0.2084148539736236,1.115458065082199,0.2389839825655527,0.7610160174344474,0.07085613195102125,155,0.29438924249474613,-3.138923662023557,1.9841340513802068,0.9227261135534054,0.8518699816023841,0.7337764283506821,0.49758932184727794,-0.456311931584395,-0.5626143582897289,0.19118718605244217,0.8454958272540656,0.957887431849314,0.2656869619200898,1.0,0.3333333333333333,0.6876712024423453,0.2656869619200898,0.957887431849314,0.6708661966812604,0.8287170664886159,False,False,1.0341184633341118,0.9554355367760815,0.8430313559788954,-0.4125838627458012,-0.4125838627458012,-0.4125838627458012,0.05412240897948307,0.05127386113845765,0.0455767654564068,0.32187114679184775,0.5212057165242697,0.7436915607383217,0.6339542918087252,0.6063151051372593,-0.1,False,True,True,True,True,rejected,did not meet dual Sharpe > 1.0 hurdle,baseline macro timing
