candidate,universe_size,rebalance_days,momentum_signal,top_k,threshold_set,risk_on_votes,neutral_policy,development_sharpe,development_cagr,holdout_sharpe,holdout_cagr,holdout_max_drawdown,holdout_turnover,holdout_exposure
u10_r7_momentum_21d_k3_balanced_v3_btc_eth,10,7,momentum_21d,3,balanced,3,btc_eth,1.0736057725835826,0.47620996243106917,0.1930517158277286,0.013387395869007612,-0.35430406392059655,24.9562029103632,0.433138182613363
u10_r7_momentum_21d_k3_balanced_v3_reduced_momentum,10,7,momentum_21d,3,balanced,3,reduced_momentum,1.1502886428425998,0.5589754563384959,0.02991372186052394,-0.037757357998759455,-0.3966930607564867,24.164749451925022,0.4336555776074499
u10_r7_momentum_21d_k3_balanced_v4_btc_eth,10,7,momentum_21d,3,balanced,4,btc_eth,1.6875555325625597,0.5338008078057834,0.00019758242445122546,-0.028197730513936814,-0.27625339372433755,16.28252788104089,0.26765799256505574
u10_r7_momentum_21d_k3_balanced_v4_reduced_momentum,10,7,momentum_21d,3,balanced,4,reduced_momentum,1.2736932337092333,0.4867242286407809,-0.07353237220237399,-0.04405953612298252,-0.26083296347382223,17.847406095870618,0.26718743112391086
u10_r7_momentum_21d_k3_strict_v3_btc_eth,10,7,momentum_21d,3,strict,3,btc_eth,1.0354541402913942,0.3977425476972969,-0.07042975500230327,-0.05061496701810175,-0.2708239639975173,20.615283879689084,0.32746704967894563
u10_r7_momentum_21d_k3_strict_v3_reduced_momentum,10,7,momentum_21d,3,strict,3,reduced_momentum,1.1784466195124055,0.5154483343699223,-0.10699680177794506,-0.06290191401120782,-0.28892343502916573,19.904873812007725,0.3270471810394229
u10_r7_momentum_21d_k3_strict_v4_btc_eth,10,7,momentum_21d,3,strict,4,btc_eth,0.9181263248735756,0.19220575463226575,-0.24525653689275698,-0.041220835701350045,-0.17385307000290362,10.990706319702602,0.14702602230483272
u10_r7_momentum_21d_k3_strict_v4_reduced_momentum,10,7,momentum_21d,3,strict,4,reduced_momentum,0.6571507154568011,0.16680570293634767,-0.23367821014198664,-0.04346468837827733,-0.17092665359928838,12.166666666666668,0.14702602230483272
u10_r7_momentum_21d_k5_balanced_v3_btc_eth,10,7,momentum_21d,5,balanced,3,btc_eth,1.183023772399615,0.7301255849652477,0.22655260328693064,-0.005829271478314135,-0.5284343167716294,29.80451997749623,0.6330497797423016
u10_r7_momentum_21d_k5_balanced_v3_reduced_momentum,10,7,momentum_21d,5,balanced,3,reduced_momentum,1.2124214433159504,0.7806578405013078,0.16343293674141024,-0.033561842572733425,-0.5214420121128789,29.470530314234182,0.6208245865271859
u10_r7_momentum_21d_k5_balanced_v4_btc_eth,10,7,momentum_21d,5,balanced,4,btc_eth,1.5148933704900047,0.5506996314528885,-0.02085882094656547,-0.04826602226251375,-0.3400433279201923,18.771164244677255,0.3257434944237918
u10_r7_momentum_21d_k5_balanced_v4_reduced_momentum,10,7,momentum_21d,5,balanced,4,reduced_momentum,1.3047045754171096,0.5270572273607887,0.06001907282719036,-0.029379293825052777,-0.33247075377332813,20.199997183733245,0.32051931958995156
u10_r7_momentum_21d_k5_strict_v3_btc_eth,10,7,momentum_21d,5,strict,3,btc_eth,1.2229657605785915,0.6611718530009536,-0.12139525508500978,-0.09846992851400127,-0.3833984593756139,24.541479500602595,0.43059310577897936
u10_r7_momentum_21d_k5_strict_v3_reduced_momentum,10,7,momentum_21d,5,strict,3,reduced_momentum,1.2159830971775167,0.6748359160434481,0.1367872300093394,-0.016301204763886967,-0.3800160923602254,24.5071526886556,0.4305959857870572
u10_r7_momentum_21d_k5_strict_v4_btc_eth,10,7,momentum_21d,5,strict,4,btc_eth,1.0190954732105637,0.24288422674432075,-0.22691193628912132,-0.039347451607190775,-0.1728836022110004,11.569164547055372,0.15356583838779106
u10_r7_momentum_21d_k5_strict_v4_reduced_momentum,10,7,momentum_21d,5,strict,4,reduced_momentum,0.8541128394790266,0.2361381718265987,-0.41761698862609986,-0.0752030525769749,-0.18894481455698942,12.551115241635689,0.15288104089219332
u10_r7_momentum_21d_k10_balanced_v3_btc_eth,10,7,momentum_21d,10,balanced,3,btc_eth,1.418888366357127,0.9504163852649721,0.2295914098171544,-0.011982792045943658,-0.5267551569016111,23.97171507381529,0.6544433061140229
u10_r7_momentum_21d_k10_balanced_v3_reduced_momentum,10,7,momentum_21d,10,balanced,3,reduced_momentum,1.2961423495934647,0.8362529079141836,0.14366341883149777,-0.055556504303978516,-0.549525735932332,19.685216256647323,0.6420235697165914
u10_r7_momentum_21d_k10_balanced_v4_btc_eth,10,7,momentum_21d,10,balanced,4,btc_eth,1.5365795967053708,0.5584436909998138,-0.03593751425432086,-0.049090227985386314,-0.3157243800865852,18.296090488934357,0.31273234200743494
u10_r7_momentum_21d_k10_balanced_v4_reduced_momentum,10,7,momentum_21d,10,balanced,4,reduced_momentum,1.42351157237543,0.555923912160198,0.04437866033984581,-0.0397298586052689,-0.3642633092286369,16.316449814126397,0.3257434944237917
u10_r7_momentum_21d_k10_strict_v3_btc_eth,10,7,momentum_21d,10,strict,3,btc_eth,1.3206035735882564,0.702852854635825,-0.021092436789392967,-0.06410067173796141,-0.3873001627277375,23.04207730880594,0.4202433254477864
u10_r7_momentum_21d_k10_strict_v3_reduced_momentum,10,7,momentum_21d,10,strict,3,reduced_momentum,1.2492353279187287,0.6650304858671217,-0.034859672532247234,-0.08201512178089154,-0.43367644025140406,19.098048327137548,0.4368029739776952
u10_r7_momentum_21d_k10_strict_v4_btc_eth,10,7,momentum_21d,10,strict,4,btc_eth,1.0534219814521428,0.24937815407306774,-0.029892825334662216,-0.013217331690128287,-0.16023482518714816,11.569164547055372,0.15356583838779106
u10_r7_momentum_21d_k10_strict_v4_reduced_momentum,10,7,momentum_21d,10,strict,4,reduced_momentum,1.0212588525464656,0.2787093141156254,-0.2692464551671261,-0.05584631479350366,-0.19716131642442591,11.397769516728623,0.15288104089219332
u10_r7_momentum_63d_k3_balanced_v3_btc_eth,10,7,momentum_63d,3,balanced,3,btc_eth,1.3807682126123468,0.6907998993078168,0.4511229460176036,0.09837595265579302,-0.35979891177977064,23.822448462318356,0.43442886110172363
u10_r7_momentum_63d_k3_balanced_v3_reduced_momentum,10,7,momentum_63d,3,balanced,3,reduced_momentum,1.3021137686844029,0.6714592279302174,0.18286764031074845,0.007433206546472615,-0.380920012256754,19.15458488228005,0.4340148698884759
u10_r7_momentum_63d_k3_balanced_v4_btc_eth,10,7,momentum_63d,3,balanced,4,btc_eth,1.6037457039616472,0.5190369057094191,-0.0280540167656655,-0.037796413954236496,-0.2598923195914964,17.327940182494086,0.2667117269347753
u10_r7_momentum_63d_k3_balanced_v4_reduced_momentum,10,7,momentum_63d,3,balanced,4,reduced_momentum,1.552869064878817,0.6276168239076192,0.3128540587490874,0.048824342899881135,-0.2635102331566419,16.586350412154516,0.2676297074511072
u10_r7_momentum_63d_k3_strict_v3_btc_eth,10,7,momentum_63d,3,strict,3,btc_eth,1.4352169383207867,0.6104427823816392,0.05036003186344977,-0.021833073990809138,-0.24512067522168202,20.22980736735384,0.3266390672524502
u10_r7_momentum_63d_k3_strict_v3_reduced_momentum,10,7,momentum_63d,3,strict,3,reduced_momentum,1.332388158824993,0.5973341697495371,-0.1545798241247024,-0.07666674382888228,-0.31959701113546457,17.490935294434568,0.32785275577824474
u10_r7_momentum_63d_k3_strict_v4_btc_eth,10,7,momentum_63d,3,strict,4,btc_eth,0.927270060398415,0.19502365319788706,-0.2877946824282349,-0.04910746005406286,-0.16784056971132455,10.990706319702602,0.14702602230483272
u10_r7_momentum_63d_k3_strict_v4_reduced_momentum,10,7,momentum_63d,3,strict,4,reduced_momentum,1.0303318554969223,0.29362821104213155,-0.1658780823896303,-0.038881755498086035,-0.15949717486989823,11.035935563816604,0.14702602230483272
u10_r7_momentum_63d_k5_balanced_v3_btc_eth,10,7,momentum_63d,5,balanced,3,btc_eth,1.3642274144906303,0.9552988704555725,0.4001061819065139,0.07980729136036868,-0.5123634104953851,26.901102291357002,0.6409430993784985
u10_r7_momentum_63d_k5_balanced_v3_reduced_momentum,10,7,momentum_63d,5,balanced,3,reduced_momentum,1.1850709196986766,0.7678624794034961,0.25402830472161464,0.007533714295638871,-0.5106302243768002,25.462356478387267,0.6332602563733157
u10_r7_momentum_63d_k5_balanced_v4_btc_eth,10,7,momentum_63d,5,balanced,4,btc_eth,1.5050913478445167,0.5675868830879494,-0.07241277264202907,-0.06229812242334132,-0.3090877938916937,18.577865088653567,0.3137598551451799
u10_r7_momentum_63d_k5_balanced_v4_reduced_momentum,10,7,momentum_63d,5,balanced,4,reduced_momentum,1.3017636286323455,0.5385361719980832,0.2354240525108383,0.023200765628522024,-0.339163249388293,18.337903850986493,0.32145601991183914
u10_r7_momentum_63d_k5_strict_v3_btc_eth,10,7,momentum_63d,5,strict,3,btc_eth,1.254920537043115,0.7051678109843373,0.11508722249175767,-0.015772194543596574,-0.3477362175250438,23.608284745585205,0.42739919166772444
u10_r7_momentum_63d_k5_strict_v3_reduced_momentum,10,7,momentum_63d,5,strict,3,reduced_momentum,1.154708709398334,0.6327083156613797,0.09614065130015671,-0.029010178988438495,-0.38710660047281753,22.761617100371748,0.43788723667905827
u10_r7_momentum_63d_k5_strict_v4_btc_eth,10,7,momentum_63d,5,strict,4,btc_eth,1.013900386969001,0.24038773702979666,-0.20579823152126653,-0.03851023492899397,-0.1728836022110004,11.569164547055372,0.15356583838779106
u10_r7_momentum_63d_k5_strict_v4_reduced_momentum,10,7,momentum_63d,5,strict,4,reduced_momentum,0.8659943441696288,0.24496804407657735,-0.1805787142483003,-0.03961161876005914,-0.1636486975497944,12.144052044609666,0.15288104089219332
u10_r7_momentum_63d_k10_balanced_v3_btc_eth,10,7,momentum_63d,10,balanced,3,btc_eth,1.418888366357127,0.9504163852649721,0.2295914098171544,-0.011982792045943658,-0.5267551569016111,23.97171507381529,0.6544433061140229
u10_r7_momentum_63d_k10_balanced_v3_reduced_momentum,10,7,momentum_63d,10,balanced,3,reduced_momentum,1.2961423495934647,0.8362529079141836,0.14366341883149777,-0.055556504303978516,-0.549525735932332,19.685216256647323,0.6420235697165914
u10_r7_momentum_63d_k10_balanced_v4_btc_eth,10,7,momentum_63d,10,balanced,4,btc_eth,1.5365795967053708,0.5584436909998138,-0.03593751425432086,-0.049090227985386314,-0.3157243800865852,18.296090488934357,0.31273234200743494
u10_r7_momentum_63d_k10_balanced_v4_reduced_momentum,10,7,momentum_63d,10,balanced,4,reduced_momentum,1.42351157237543,0.555923912160198,0.04437866033984581,-0.0397298586052689,-0.3642633092286369,16.316449814126397,0.3257434944237917
u10_r7_momentum_63d_k10_strict_v3_btc_eth,10,7,momentum_63d,10,strict,3,btc_eth,1.3206035735882564,0.702852854635825,-0.021092436789392967,-0.06410067173796141,-0.3873001627277375,23.04207730880594,0.4202433254477864
u10_r7_momentum_63d_k10_strict_v3_reduced_momentum,10,7,momentum_63d,10,strict,3,reduced_momentum,1.2492353279187287,0.6650304858671217,-0.034859672532247234,-0.08201512178089154,-0.43367644025140406,19.098048327137548,0.4368029739776952
u10_r7_momentum_63d_k10_strict_v4_btc_eth,10,7,momentum_63d,10,strict,4,btc_eth,1.0534219814521428,0.24937815407306774,-0.029892825334662216,-0.013217331690128287,-0.16023482518714816,11.569164547055372,0.15356583838779106
u10_r7_momentum_63d_k10_strict_v4_reduced_momentum,10,7,momentum_63d,10,strict,4,reduced_momentum,1.0212588525464656,0.2787093141156254,-0.2692464551671261,-0.05584631479350366,-0.19716131642442591,11.397769516728623,0.15288104089219332
u10_r7_momentum_126d_k3_balanced_v3_btc_eth,10,7,momentum_126d,3,balanced,3,btc_eth,1.0391920227816824,0.46141684648437487,0.5748982393568778,0.16172652486625938,-0.3969832578482768,23.800861777627574,0.4340148698884759
u10_r7_momentum_126d_k3_balanced_v3_reduced_momentum,10,7,momentum_126d,3,balanced,3,reduced_momentum,0.8851339056715126,0.37376618382555193,0.3535614235096358,0.06671127479012151,-0.41111904618293216,16.78004956629492,0.4340148698884759
u10_r7_momentum_126d_k3_balanced_v4_btc_eth,10,7,momentum_126d,3,balanced,4,btc_eth,1.6238370503257777,0.5310808802979059,0.09811310636588622,-0.006370491985821625,-0.2690508732124718,17.075067590402163,0.2675397093612707
u10_r7_momentum_126d_k3_balanced_v4_reduced_momentum,10,7,momentum_126d,3,balanced,4,reduced_momentum,1.1456850580336595,0.42959134916911723,0.47916439452931414,0.10813558174304538,-0.31869754454018784,16.35430472496094,0.26760142233715856
u10_r7_momentum_126d_k3_strict_v3_btc_eth,10,7,momentum_126d,3,strict,3,btc_eth,0.9691037550388185,0.36397191154270603,0.08060864404241094,-0.016488626815241658,-0.29375120458803805,21.44791314633322,0.32746704967894563
u10_r7_momentum_126d_k3_strict_v3_reduced_momentum,10,7,momentum_126d,3,strict,3,reduced_momentum,0.8994749098025958,0.34599773244299326,0.1176339391240502,-0.012309174461187289,-0.340032819638742,16.305142503097894,0.32785275577824474
u10_r7_momentum_126d_k3_strict_v4_btc_eth,10,7,momentum_126d,3,strict,4,btc_eth,0.9878598310878616,0.21390844263258124,0.07862471127962553,0.0018912579236245453,-0.16298603013603374,10.990706319702602,0.14702602230483272
u10_r7_momentum_126d_k3_strict_v4_reduced_momentum,10,7,momentum_126d,3,strict,4,reduced_momentum,0.5619230554492667,0.13447767814071243,0.09170383305706586,0.0014574050335391942,-0.16868660037078564,12.166666666666668,0.14702602230483272
u10_r7_momentum_126d_k5_balanced_v3_btc_eth,10,7,momentum_126d,5,balanced,3,btc_eth,1.187659112438095,0.7435930723862572,0.16718678264106002,-0.043245115953411295,-0.5554394561062821,28.77123565622109,0.6507787764655616
u10_r7_momentum_126d_k5_balanced_v3_reduced_momentum,10,7,momentum_126d,5,balanced,3,reduced_momentum,1.1815299639315782,0.7580064827451838,0.06671788015828546,-0.08852557844739806,-0.5475517920275412,26.617859638258686,0.6383272628163367
u10_r7_momentum_126d_k5_balanced_v4_btc_eth,10,7,momentum_126d,5,balanced,4,btc_eth,1.5156549585112578,0.5806311628128602,-0.043508568006794014,-0.0521311942910867,-0.31508477413281943,18.42251283107942,0.31048442591740205
u10_r7_momentum_126d_k5_balanced_v4_reduced_momentum,10,7,momentum_126d,5,balanced,4,reduced_momentum,1.3072168312162613,0.5387235651473832,0.12430855903336924,-0.014561026618350792,-0.397788604660098,19.2249888943443,0.324925182951065
u10_r7_momentum_126d_k5_strict_v3_btc_eth,10,7,momentum_126d,5,strict,3,btc_eth,1.2647235144392497,0.7084275453889912,-0.043297937822348316,-0.0727513241071257,-0.35499067036975374,24.18089914629683,0.4247567267442908
u10_r7_momentum_126d_k5_strict_v3_reduced_momentum,10,7,momentum_126d,5,strict,3,reduced_momentum,1.181610659463024,0.655347260738721,-0.08979816114946605,-0.09830582880618621,-0.42055175150026347,23.20693498222369,0.437311469472585
u10_r7_momentum_126d_k5_strict_v4_btc_eth,10,7,momentum_126d,5,strict,4,btc_eth,1.1025116672554793,0.26600588595536645,-0.0830015145962851,-0.01985591119624408,-0.1646995022342963,11.569164547055372,0.15356583838779103
u10_r7_momentum_126d_k5_strict_v4_reduced_momentum,10,7,momentum_126d,5,strict,4,reduced_momentum,0.9579498609744177,0.2794142325858928,-0.2975985791594981,-0.05932305628390755,-0.18369504322883257,12.279739776951674,0.15288104089219332
u10_r7_momentum_126d_k10_balanced_v3_btc_eth,10,7,momentum_126d,10,balanced,3,btc_eth,1.418888366357127,0.9504163852649721,0.2295914098171544,-0.011982792045943658,-0.5267551569016111,23.97171507381529,0.6544433061140229
u10_r7_momentum_126d_k10_balanced_v3_reduced_momentum,10,7,momentum_126d,10,balanced,3,reduced_momentum,1.2961423495934647,0.8362529079141836,0.14366341883149777,-0.055556504303978516,-0.549525735932332,19.685216256647323,0.6420235697165914
u10_r7_momentum_126d_k10_balanced_v4_btc_eth,10,7,momentum_126d,10,balanced,4,btc_eth,1.5365795967053708,0.5584436909998138,-0.03593751425432086,-0.049090227985386314,-0.3157243800865852,18.296090488934357,0.31273234200743494
u10_r7_momentum_126d_k10_balanced_v4_reduced_momentum,10,7,momentum_126d,10,balanced,4,reduced_momentum,1.42351157237543,0.555923912160198,0.04437866033984581,-0.0397298586052689,-0.3642633092286369,16.316449814126397,0.3257434944237917
u10_r7_momentum_126d_k10_strict_v3_btc_eth,10,7,momentum_126d,10,strict,3,btc_eth,1.3206035735882564,0.702852854635825,-0.021092436789392967,-0.06410067173796141,-0.3873001627277375,23.04207730880594,0.4202433254477864
u10_r7_momentum_126d_k10_strict_v3_reduced_momentum,10,7,momentum_126d,10,strict,3,reduced_momentum,1.2492353279187287,0.6650304858671217,-0.034859672532247234,-0.08201512178089154,-0.43367644025140406,19.098048327137548,0.4368029739776952
u10_r7_momentum_126d_k10_strict_v4_btc_eth,10,7,momentum_126d,10,strict,4,btc_eth,1.0534219814521428,0.24937815407306774,-0.029892825334662216,-0.013217331690128287,-0.16023482518714816,11.569164547055372,0.15356583838779106
u10_r7_momentum_126d_k10_strict_v4_reduced_momentum,10,7,momentum_126d,10,strict,4,reduced_momentum,1.0212588525464656,0.2787093141156254,-0.2692464551671261,-0.05584631479350366,-0.19716131642442591,11.397769516728623,0.15288104089219332
u10_r7_volatility_adjusted_momentum_k3_balanced_v3_btc_eth,10,7,volatility_adjusted_momentum,3,balanced,3,btc_eth,1.1597033062102293,0.5444651688619941,0.5023412264356988,0.11348515027793216,-0.34949640202570786,24.351960713208584,0.43582444234095236
u10_r7_volatility_adjusted_momentum_k3_balanced_v3_reduced_momentum,10,7,volatility_adjusted_momentum,3,balanced,3,reduced_momentum,1.1243173436170018,0.543416707135197,0.36412533244767276,0.06688267292276118,-0.3352414940836306,20.257658405414016,0.4340425941078136
u10_r7_volatility_adjusted_momentum_k3_balanced_v4_btc_eth,10,7,volatility_adjusted_momentum,3,balanced,4,btc_eth,1.6317564311009696,0.5150844442597362,0.18983629351815376,0.016909630562493394,-0.24424332797503334,17.099738087191618,0.2667117269347753
u10_r7_volatility_adjusted_momentum_k3_balanced_v4_reduced_momentum,10,7,volatility_adjusted_momentum,3,balanced,4,reduced_momentum,1.2879880248515623,0.5004651120155443,0.430066232004393,0.07814079574216337,-0.24307630306670291,16.812496632724528,0.2676297074511072
u10_r7_volatility_adjusted_momentum_k3_strict_v3_btc_eth,10,7,volatility_adjusted_momentum,3,strict,3,btc_eth,1.0738720407887643,0.42729928352250135,-0.015643866058794063,-0.037205415312211776,-0.271656911490299,21.44482933423454,0.3266390672524502
u10_r7_volatility_adjusted_momentum_k3_strict_v3_reduced_momentum,10,7,volatility_adjusted_momentum,3,strict,3,reduced_momentum,1.0681223816095025,0.4458122361912027,0.014701537479870646,-0.028685783822280153,-0.2709957648768182,18.295229244114005,0.3278810408921934
u10_r7_volatility_adjusted_momentum_k3_strict_v4_btc_eth,10,7,volatility_adjusted_momentum,3,strict,4,btc_eth,0.9206950051786345,0.19209590613566552,-0.1928320741101099,-0.033744496153052306,-0.16335964015083848,10.990706319702602,0.14702602230483272
u10_r7_volatility_adjusted_momentum_k3_strict_v4_reduced_momentum,10,7,volatility_adjusted_momentum,3,strict,4,reduced_momentum,0.7001985480684859,0.18545957315820827,-0.02166285605514814,-0.01350182712379322,-0.15923432510682511,11.714374225526642,0.14702602230483272
u10_r7_volatility_adjusted_momentum_k5_balanced_v3_btc_eth,10,7,volatility_adjusted_momentum,5,balanced,3,btc_eth,1.357216594792613,0.9424439247411098,0.4892571606383709,0.1281693408149176,-0.48498579135501374,26.860185253422898,0.6391452864896441
u10_r7_volatility_adjusted_momentum_k5_balanced_v3_reduced_momentum,10,7,volatility_adjusted_momentum,5,balanced,3,reduced_momentum,1.1725527925719255,0.7472693036992297,0.3427919791672492,0.05207916310250282,-0.48543520494511216,25.33957469177549,0.6311534013028359
u10_r7_volatility_adjusted_momentum_k5_balanced_v4_btc_eth,10,7,volatility_adjusted_momentum,5,balanced,4,btc_eth,1.3844538939353794,0.49390331098128826,0.0877196286671915,-0.013921635401519361,-0.2727831577364014,18.3365475471409,0.3176551908903547
u10_r7_volatility_adjusted_momentum_k5_balanced_v4_reduced_momentum,10,7,volatility_adjusted_momentum,5,balanced,4,reduced_momentum,1.2628910391685157,0.5066863760507481,0.36785918046007865,0.06826493202044048,-0.29723789110714305,18.521375464684017,0.3257434944237918
u10_r7_volatility_adjusted_momentum_k5_strict_v3_btc_eth,10,7,volatility_adjusted_momentum,5,strict,3,btc_eth,1.2505380679092155,0.6941880019205449,0.13599152926747501,-0.008203345798431294,-0.330745637575363,23.224098214818206,0.42502814106893
u10_r7_volatility_adjusted_momentum_k5_strict_v3_reduced_momentum,10,7,volatility_adjusted_momentum,5,strict,3,reduced_momentum,1.1594241546537825,0.6326967339585328,0.19113243998253365,0.006019437093333524,-0.3533175150172567,22.658530397341405,0.4370455182439487
u10_r7_volatility_adjusted_momentum_k5_strict_v4_btc_eth,10,7,volatility_adjusted_momentum,5,strict,4,btc_eth,0.9993765421319322,0.23647582152524604,-0.14140379879277698,-0.02839201133228708,-0.16240761305788365,11.569164547055372,0.15356583838779106
u10_r7_volatility_adjusted_momentum_k5_strict_v4_reduced_momentum,10,7,volatility_adjusted_momentum,5,strict,4,reduced_momentum,0.8284736271239849,0.227083970872493,-0.09181979125224135,-0.0242729190116312,-0.14925900895907052,11.87267657992565,0.15288104089219332
u10_r7_volatility_adjusted_momentum_k10_balanced_v3_btc_eth,10,7,volatility_adjusted_momentum,10,balanced,3,btc_eth,1.418888366357127,0.9504163852649721,0.2295914098171544,-0.011982792045943658,-0.5267551569016111,23.97171507381529,0.6544433061140229
u10_r7_volatility_adjusted_momentum_k10_balanced_v3_reduced_momentum,10,7,volatility_adjusted_momentum,10,balanced,3,reduced_momentum,1.2961423495934647,0.8362529079141836,0.14366341883149777,-0.055556504303978516,-0.549525735932332,19.685216256647323,0.6420235697165914
u10_r7_volatility_adjusted_momentum_k10_balanced_v4_btc_eth,10,7,volatility_adjusted_momentum,10,balanced,4,btc_eth,1.5365795967053708,0.5584436909998138,-0.03593751425432086,-0.049090227985386314,-0.3157243800865852,18.296090488934357,0.31273234200743494
u10_r7_volatility_adjusted_momentum_k10_balanced_v4_reduced_momentum,10,7,volatility_adjusted_momentum,10,balanced,4,reduced_momentum,1.42351157237543,0.555923912160198,0.04437866033984581,-0.0397298586052689,-0.3642633092286369,16.316449814126397,0.3257434944237917
u10_r7_volatility_adjusted_momentum_k10_strict_v3_btc_eth,10,7,volatility_adjusted_momentum,10,strict,3,btc_eth,1.3206035735882564,0.702852854635825,-0.021092436789392967,-0.06410067173796141,-0.3873001627277375,23.04207730880594,0.4202433254477864
u10_r7_volatility_adjusted_momentum_k10_strict_v3_reduced_momentum,10,7,volatility_adjusted_momentum,10,strict,3,reduced_momentum,1.2492353279187287,0.6650304858671217,-0.034859672532247234,-0.08201512178089154,-0.43367644025140406,19.098048327137548,0.4368029739776952
u10_r7_volatility_adjusted_momentum_k10_strict_v4_btc_eth,10,7,volatility_adjusted_momentum,10,strict,4,btc_eth,1.0534219814521428,0.24937815407306774,-0.029892825334662216,-0.013217331690128287,-0.16023482518714816,11.569164547055372,0.15356583838779106
u10_r7_volatility_adjusted_momentum_k10_strict_v4_reduced_momentum,10,7,volatility_adjusted_momentum,10,strict,4,reduced_momentum,1.0212588525464656,0.2787093141156254,-0.2692464551671261,-0.05584631479350366,-0.19716131642442591,11.397769516728623,0.15288104089219332
u10_r14_momentum_21d_k3_balanced_v3_btc_eth,10,14,momentum_21d,3,balanced,3,btc_eth,0.9055744403141666,0.3656149545005243,0.162667043043349,0.003851041429621116,-0.2894172816127183,13.611946603582291,0.44729638391348436
u10_r14_momentum_21d_k3_balanced_v3_reduced_momentum,10,14,momentum_21d,3,balanced,3,reduced_momentum,0.9610983585660574,0.4147739150579606,-0.05150431077060705,-0.0602987573121454,-0.3028981818208146,14.025772295672555,0.4447683555160674
u10_r14_momentum_21d_k3_balanced_v4_btc_eth,10,14,momentum_21d,3,balanced,4,btc_eth,1.2313461342027492,0.3551960949797228,0.051464927415475176,-0.011672091238765225,-0.1727748606209425,9.29460966542751,0.26747211895910783
u10_r14_momentum_21d_k3_balanced_v4_reduced_momentum,10,14,momentum_21d,3,balanced,4,reduced_momentum,0.847223783711519,0.2726077228284971,0.011869555785488975,-0.022167208801166738,-0.2344721162137634,10.309317924680782,0.2673791821561339
u10_r14_momentum_21d_k3_strict_v3_btc_eth,10,14,momentum_21d,3,strict,3,btc_eth,0.8949216657777763,0.3223859845453596,0.4464063057429726,0.08112920508935995,-0.2264891861527446,9.667750929368031,0.3367184859749916
u10_r14_momentum_21d_k3_strict_v3_reduced_momentum,10,14,momentum_21d,3,strict,3,reduced_momentum,0.9735044620019696,0.3784033368298596,0.1075367946535637,-0.006159400631462142,-0.24453264370772232,11.410374942121184,0.33508690820256654
u10_r14_momentum_21d_k3_strict_v4_btc_eth,10,14,momentum_21d,3,strict,4,btc_eth,0.5353456658812326,0.10295472312417342,-0.196455446627225,-0.03266720074681584,-0.1280313790549975,5.359665427509294,0.1429368029739777
u10_r14_momentum_21d_k3_strict_v4_reduced_momentum,10,14,momentum_21d,3,strict,4,reduced_momentum,0.4031768140588227,0.07978389324142277,0.02150477049878648,-0.00725218495469282,-0.17421667018657394,6.128562577447336,0.1429368029739777
u10_r14_momentum_21d_k5_balanced_v3_btc_eth,10,14,momentum_21d,5,balanced,3,btc_eth,1.1911088783632058,0.7467836055977921,0.06632110025899152,-0.06433239842880223,-0.4136912465536916,16.09523001254857,0.6286328944424561
u10_r14_momentum_21d_k5_balanced_v3_reduced_momentum,10,14,momentum_21d,5,balanced,3,reduced_momentum,1.1886263470138914,0.743093237415084,-0.0585984770482468,-0.11932125894613899,-0.40971818054868336,16.102247991382253,0.6322955105665691
u10_r14_momentum_21d_k5_balanced_v4_btc_eth,10,14,momentum_21d,5,balanced,4,btc_eth,1.0775769798763914,0.36127369787711117,-0.20666235620049567,-0.09257275968880996,-0.28254277195770805,9.905204460966544,0.3155626900980061
u10_r14_momentum_21d_k5_balanced_v4_reduced_momentum,10,14,momentum_21d,5,balanced,4,reduced_momentum,0.9699314199700201,0.35285289432534506,-0.14968798330715005,-0.08092261740549556,-0.28991654232864994,11.090458200853847,0.3128852250599463
u10_r14_momentum_21d_k5_strict_v3_btc_eth,10,14,momentum_21d,5,strict,3,btc_eth,1.0697292355412955,0.550959919925889,0.0493745067393364,-0.03848551961088964,-0.28984567516965576,11.211545452644229,0.44446561199377627
u10_r14_momentum_21d_k5_strict_v3_reduced_momentum,10,14,momentum_21d,5,strict,3,reduced_momentum,1.152166501744169,0.6287053127367515,-0.07438919179169394,-0.08558281798163037,-0.31061107076549055,12.051426900970375,0.44038069273292524
u10_r14_momentum_21d_k5_strict_v4_btc_eth,10,14,momentum_21d,5,strict,4,btc_eth,0.6742290202388699,0.15389440388625442,-0.39838699712725334,-0.06118116520072414,-0.16565074959117154,5.766728624535316,0.15985130111524162
u10_r14_momentum_21d_k5_strict_v4_reduced_momentum,10,14,momentum_21d,5,strict,4,reduced_momentum,0.5929900068092009,0.14917323402088223,-0.42207665141376194,-0.0789593620097837,-0.18674763926753313,6.513011152416358,0.15985130111524162
u10_r14_momentum_21d_k10_balanced_v3_btc_eth,10,14,momentum_21d,10,balanced,3,btc_eth,1.0103326036954534,0.5329376870654405,-0.21424170956068547,-0.19310672012994445,-0.44343599901431263,13.075163817126088,0.6399942496430813
u10_r14_momentum_21d_k10_balanced_v3_reduced_momentum,10,14,momentum_21d,10,balanced,3,reduced_momentum,1.058578903056046,0.5849814036565448,-0.25198605181553646,-0.2152038675601996,-0.4535611228678562,10.51791937732342,0.6488731412639405
u10_r14_momentum_21d_k10_balanced_v4_btc_eth,10,14,momentum_21d,10,balanced,4,btc_eth,1.061509528509392,0.34718956677470847,-0.44855336538290436,-0.1448441932579958,-0.33157592541463443,10.099484623183509,0.308761405880365
u10_r14_momentum_21d_k10_balanced_v4_reduced_momentum,10,14,momentum_21d,10,balanced,4,reduced_momentum,0.9047814323581,0.2994703191700392,-0.4183714884856805,-0.16990934887802023,-0.39207786092346597,9.260687732342008,0.31970260223048325
u10_r14_momentum_21d_k10_strict_v3_btc_eth,10,14,momentum_21d,10,strict,3,btc_eth,1.1214644329395922,0.5599007156632392,-0.14241844071583107,-0.10916881493531527,-0.3502005134732489,11.09435352121425,0.4590638112320549
u10_r14_momentum_21d_k10_strict_v3_reduced_momentum,10,14,momentum_21d,10,strict,3,reduced_momentum,1.0589939039469614,0.520123120794431,-0.34830301632308736,-0.18528209307977606,-0.38397365426087215,8.686134990706321,0.4594563197026022
u10_r14_momentum_21d_k10_strict_v4_btc_eth,10,14,momentum_21d,10,strict,4,btc_eth,0.674168053024392,0.15102097773814993,-0.30156374524445473,-0.049461632044193515,-0.1502534016565069,5.785064804581534,0.15157147685028727
u10_r14_momentum_21d_k10_strict_v4_reduced_momentum,10,14,momentum_21d,10,strict,4,reduced_momentum,0.6413221716738774,0.16037609099376904,-0.6002691044969671,-0.11678594056184999,-0.23482320311539207,5.5971189591078065,0.1598513011152416
u10_r14_momentum_63d_k3_balanced_v3_btc_eth,10,14,momentum_63d,3,balanced,3,btc_eth,1.1687612760114883,0.5345166110431891,0.27450508835724047,0.03748592118891625,-0.2836827598456414,13.17867100371747,0.44564041906049345
u10_r14_momentum_63d_k3_balanced_v3_reduced_momentum,10,14,momentum_63d,3,balanced,3,reduced_momentum,1.121425178514364,0.5297009640987662,-0.06922776619321767,-0.06925660865879368,-0.31164265248527645,11.51403817143473,0.44646840148698885
u10_r14_momentum_63d_k3_balanced_v4_btc_eth,10,14,momentum_63d,3,balanced,4,btc_eth,1.1428523914543567,0.32633846862083504,-0.15957554695411263,-0.06011059864051238,-0.21543667209043116,9.40562690098006,0.26611186211557963
u10_r14_momentum_63d_k3_balanced_v4_reduced_momentum,10,14,momentum_63d,3,balanced,4,reduced_momentum,1.1066421458914808,0.3877541633978072,0.031006441606433684,-0.023510651187441556,-0.25156143169924605,9.927819083023545,0.26747211895910783
u10_r14_momentum_63d_k3_strict_v3_btc_eth,10,14,momentum_63d,3,strict,3,btc_eth,1.388451252348199,0.5846683574872569,0.3518136265636456,0.05775937162320499,-0.2162113848476993,10.244423791821562,0.3358905035484962
u10_r14_momentum_63d_k3_strict_v3_reduced_momentum,10,14,momentum_63d,3,strict,3,reduced_momentum,1.2757439506219106,0.5493104360771286,-0.19348674370108096,-0.08480486792770914,-0.28399246387897714,9.639236840687463,0.33760303862938423
u10_r14_momentum_63d_k3_strict_v4_btc_eth,10,14,momentum_63d,3,strict,4,btc_eth,0.5848196490015158,0.11634448054188562,-0.17337518577900102,-0.030060360890493465,-0.12456556029253263,5.631040892193309,0.1429368029739777
u10_r14_momentum_63d_k3_strict_v4_reduced_momentum,10,14,momentum_63d,3,strict,4,reduced_momentum,0.775847761962358,0.207833410318067,-0.2898657618998525,-0.057768394640420495,-0.14419646632431804,6.128562577447336,0.1429368029739777
u10_r14_momentum_63d_k5_balanced_v3_btc_eth,10,14,momentum_63d,5,balanced,3,btc_eth,0.9965524845455107,0.540729351991637,-0.03794847290669516,-0.117030974825443,-0.4236948005485214,15.388664788493772,0.6393073936929816
u10_r14_momentum_63d_k5_balanced_v3_reduced_momentum,10,14,momentum_63d,5,balanced,3,reduced_momentum,0.9712173380597939,0.520722771356293,-0.2955026008467779,-0.21405579272963016,-0.48225607718161745,14.593137538232444,0.6394286827051752
u10_r14_momentum_63d_k5_balanced_v4_btc_eth,10,14,momentum_63d,5,balanced,4,btc_eth,1.1038445229203195,0.3756875103527699,-0.351696938160391,-0.12847863077760346,-0.31088989308553594,10.201250422440014,0.308761405880365
u10_r14_momentum_63d_k5_balanced_v4_reduced_momentum,10,14,momentum_63d,5,balanced,4,reduced_momentum,0.813814937177002,0.2721527344255419,-0.27364065410772653,-0.13051815849204418,-0.35311715364936314,10.737062774586011,0.3155626900980061
u10_r14_momentum_63d_k5_strict_v3_btc_eth,10,14,momentum_63d,5,strict,3,btc_eth,1.0697151288597384,0.5523728927640275,0.11755278414394614,-0.013566982740798816,-0.28173785541810525,11.663342822466591,0.4393819332557916
u10_r14_momentum_63d_k5_strict_v3_reduced_momentum,10,14,momentum_63d,5,strict,3,reduced_momentum,0.9204453691836685,0.4307943327607804,-0.3041110790797073,-0.16147648254762126,-0.35257395272102376,12.005361035941965,0.45629434899869115
u10_r14_momentum_63d_k5_strict_v4_btc_eth,10,14,momentum_63d,5,strict,4,btc_eth,0.5867054631428352,0.12764126455105385,-0.39838699712725334,-0.06118116520072414,-0.16565074959117154,5.766728624535316,0.15985130111524162
u10_r14_momentum_63d_k5_strict_v4_reduced_momentum,10,14,momentum_63d,5,strict,4,reduced_momentum,0.5030843124271048,0.11610128032360612,-0.4161249719561649,-0.0800027573179618,-0.18160947440444564,6.3855469190041685,0.15551425030978933
u10_r14_momentum_63d_k10_balanced_v3_btc_eth,10,14,momentum_63d,10,balanced,3,btc_eth,1.0103326036954534,0.5329376870654405,-0.21424170956068547,-0.19310672012994445,-0.44343599901431263,13.075163817126088,0.6399942496430813
u10_r14_momentum_63d_k10_balanced_v3_reduced_momentum,10,14,momentum_63d,10,balanced,3,reduced_momentum,1.058578903056046,0.5849814036565448,-0.25198605181553646,-0.2152038675601996,-0.4535611228678562,10.51791937732342,0.6488731412639405
u10_r14_momentum_63d_k10_balanced_v4_btc_eth,10,14,momentum_63d,10,balanced,4,btc_eth,1.061509528509392,0.34718956677470847,-0.44855336538290436,-0.1448441932579958,-0.33157592541463443,10.099484623183509,0.308761405880365
u10_r14_momentum_63d_k10_balanced_v4_reduced_momentum,10,14,momentum_63d,10,balanced,4,reduced_momentum,0.9047814323581,0.2994703191700392,-0.4183714884856805,-0.16990934887802023,-0.39207786092346597,9.260687732342008,0.31970260223048325
u10_r14_momentum_63d_k10_strict_v3_btc_eth,10,14,momentum_63d,10,strict,3,btc_eth,1.1214644329395922,0.5599007156632392,-0.14241844071583107,-0.10916881493531527,-0.3502005134732489,11.09435352121425,0.4590638112320549
u10_r14_momentum_63d_k10_strict_v3_reduced_momentum,10,14,momentum_63d,10,strict,3,reduced_momentum,1.0589939039469614,0.520123120794431,-0.34830301632308736,-0.18528209307977606,-0.38397365426087215,8.686134990706321,0.4594563197026022
u10_r14_momentum_63d_k10_strict_v4_btc_eth,10,14,momentum_63d,10,strict,4,btc_eth,0.674168053024392,0.15102097773814993,-0.30156374524445473,-0.049461632044193515,-0.1502534016565069,5.785064804581534,0.15157147685028727
u10_r14_momentum_63d_k10_strict_v4_reduced_momentum,10,14,momentum_63d,10,strict,4,reduced_momentum,0.6413221716738774,0.16037609099376904,-0.6002691044969671,-0.11678594056184999,-0.23482320311539207,5.5971189591078065,0.1598513011152416
u10_r14_momentum_126d_k3_balanced_v3_btc_eth,10,14,momentum_126d,3,balanced,3,btc_eth,0.7662222744101648,0.2832863946500912,0.1308920399812947,-0.011913322319962782,-0.3001272184849547,12.121115193481906,0.44678157618716596
u10_r14_momentum_126d_k3_balanced_v3_reduced_momentum,10,14,momentum_126d,3,balanced,3,reduced_momentum,0.7258607422424744,0.2665391011240983,-0.14708980717492373,-0.09412437149623287,-0.3634336959129607,9.209804832713758,0.4465249717148861
u10_r14_momentum_126d_k3_balanced_v4_btc_eth,10,14,momentum_126d,3,balanced,4,btc_eth,1.3187595469421451,0.40990523305509674,-0.07860169040626101,-0.044571575085674664,-0.21286146074992673,9.057156133828997,0.26693984454207503
u10_r14_momentum_126d_k3_balanced_v4_reduced_momentum,10,14,momentum_126d,3,balanced,4,reduced_momentum,0.73012082308881,0.22404739923560402,0.020113514455172458,-0.02895956730635285,-0.29810720555841375,8.299566294919456,0.26747211895910783
u10_r14_momentum_126d_k3_strict_v3_btc_eth,10,14,momentum_126d,3,strict,3,btc_eth,1.030919184409352,0.4017000037048899,0.3110966910612731,0.04922570041250651,-0.21368705687563672,9.470386955052383,0.33754646840148705
u10_r14_momentum_126d_k3_strict_v3_reduced_momentum,10,14,momentum_126d,3,strict,3,reduced_momentum,0.9285132990940503,0.3600306876606423,-0.17544490490957923,-0.08357534616314044,-0.2756009285627552,8.173711006950057,0.33748989817358976
u10_r14_momentum_126d_k3_strict_v4_btc_eth,10,14,momentum_126d,3,strict,4,btc_eth,0.7049671664606694,0.15020365909469113,-0.3045909625278259,-0.04918988045793571,-0.14989529639316035,5.631040892193309,0.1429368029739777
u10_r14_momentum_126d_k3_strict_v4_reduced_momentum,10,14,momentum_126d,3,strict,4,reduced_momentum,0.4599895037810668,0.10067189093802509,-0.20677326742528238,-0.058079400291840666,-0.19826414898141653,5.450123915737299,0.1429368029739777
u10_r14_momentum_126d_k5_balanced_v3_btc_eth,10,14,momentum_126d,5,balanced,3,btc_eth,1.0275082310531753,0.5633676908055794,-0.18831396794044863,-0.1916053534665465,-0.5024338969504274,14.311197742961419,0.6414118914793605
u10_r14_momentum_126d_k5_balanced_v3_reduced_momentum,10,14,momentum_126d,5,balanced,3,reduced_momentum,0.9644388086766896,0.5080793777322556,-0.4226624734999606,-0.2756754743476185,-0.5675694857694134,13.898250730234865,0.6480251169143063
u10_r14_momentum_126d_k5_balanced_v4_btc_eth,10,14,momentum_126d,5,balanced,4,btc_eth,1.1610871107153131,0.40796339094072387,-0.3404205337363917,-0.12127798170152171,-0.31490833794307005,10.191998986143968,0.308761405880365
u10_r14_momentum_126d_k5_balanced_v4_reduced_momentum,10,14,momentum_126d,5,balanced,4,reduced_momentum,0.8928886023758984,0.3101204901914969,-0.3778458133984972,-0.1662806648829408,-0.4180695476622751,10.22180916976456,0.32187112763320946
u10_r14_momentum_126d_k5_strict_v3_btc_eth,10,14,momentum_126d,5,strict,3,btc_eth,1.1528900596703318,0.6125815936311565,-0.04823377054870616,-0.07860285882850493,-0.298198606155905,11.253396650080216,0.44179425854367876
u10_r14_momentum_126d_k5_strict_v3_reduced_momentum,10,14,momentum_126d,5,strict,3,reduced_momentum,1.0131219417295665,0.5035176682644602,-0.5230069506384913,-0.24664830056315024,-0.47654310481119955,10.592154484900616,0.45637876869349503
u10_r14_momentum_126d_k5_strict_v4_btc_eth,10,14,momentum_126d,5,strict,4,btc_eth,0.7418763063314426,0.17249356123916293,-0.36309793292600484,-0.057137464632488366,-0.16034829163538877,5.785064804581534,0.15157147685028727
u10_r14_momentum_126d_k5_strict_v4_reduced_momentum,10,14,momentum_126d,5,strict,4,reduced_momentum,0.6699905873190727,0.17769940024723319,-0.6926464500990973,-0.13912000344125786,-0.27368421033333545,5.970260223048328,0.15985130111524162
u10_r14_momentum_126d_k10_balanced_v3_btc_eth,10,14,momentum_126d,10,balanced,3,btc_eth,1.0103326036954534,0.5329376870654405,-0.21424170956068547,-0.19310672012994445,-0.44343599901431263,13.075163817126088,0.6399942496430813
u10_r14_momentum_126d_k10_balanced_v3_reduced_momentum,10,14,momentum_126d,10,balanced,3,reduced_momentum,1.058578903056046,0.5849814036565448,-0.25198605181553646,-0.2152038675601996,-0.4535611228678562,10.51791937732342,0.6488731412639405
u10_r14_momentum_126d_k10_balanced_v4_btc_eth,10,14,momentum_126d,10,balanced,4,btc_eth,1.061509528509392,0.34718956677470847,-0.44855336538290436,-0.1448441932579958,-0.33157592541463443,10.099484623183509,0.308761405880365
u10_r14_momentum_126d_k10_balanced_v4_reduced_momentum,10,14,momentum_126d,10,balanced,4,reduced_momentum,0.9047814323581,0.2994703191700392,-0.4183714884856805,-0.16990934887802023,-0.39207786092346597,9.260687732342008,0.31970260223048325
u10_r14_momentum_126d_k10_strict_v3_btc_eth,10,14,momentum_126d,10,strict,3,btc_eth,1.1214644329395922,0.5599007156632392,-0.14241844071583107,-0.10916881493531527,-0.3502005134732489,11.09435352121425,0.4590638112320549
u10_r14_momentum_126d_k10_strict_v3_reduced_momentum,10,14,momentum_126d,10,strict,3,reduced_momentum,1.0589939039469614,0.520123120794431,-0.34830301632308736,-0.18528209307977606,-0.38397365426087215,8.686134990706321,0.4594563197026022
u10_r14_momentum_126d_k10_strict_v4_btc_eth,10,14,momentum_126d,10,strict,4,btc_eth,0.674168053024392,0.15102097773814993,-0.30156374524445473,-0.049461632044193515,-0.1502534016565069,5.785064804581534,0.15157147685028727
u10_r14_momentum_126d_k10_strict_v4_reduced_momentum,10,14,momentum_126d,10,strict,4,reduced_momentum,0.6413221716738774,0.16037609099376904,-0.6002691044969671,-0.11678594056184999,-0.23482320311539207,5.5971189591078065,0.1598513011152416
u10_r14_volatility_adjusted_momentum_k3_balanced_v3_btc_eth,10,14,volatility_adjusted_momentum,3,balanced,3,btc_eth,0.8312861524618487,0.32214927869769805,0.4625267913688206,0.09970432714904498,-0.26297408608334927,13.263475836431228,0.4439844542075026
u10_r14_volatility_adjusted_momentum_k3_balanced_v3_reduced_momentum,10,14,volatility_adjusted_momentum,3,balanced,3,reduced_momentum,0.8602464406761388,0.35220910815441475,0.3395631836757604,0.05849728422401679,-0.26044306619859015,11.910675948473727,0.44651666044917604
u10_r14_volatility_adjusted_momentum_k3_balanced_v4_btc_eth,10,14,volatility_adjusted_momentum,3,balanced,4,btc_eth,1.0776330745943032,0.2968972043936793,0.030496929246820032,-0.016354247576268244,-0.1751608440115251,9.328531598513012,0.26693984454207503
u10_r14_volatility_adjusted_momentum_k3_balanced_v4_reduced_momentum,10,14,volatility_adjusted_momentum,3,balanced,4,reduced_momentum,0.7314761415096717,0.22201309294089855,0.3632838898821235,0.05930946563475725,-0.20649809300397493,9.927819083023545,0.26747211895910783
u10_r14_volatility_adjusted_momentum_k3_strict_v3_btc_eth,10,14,volatility_adjusted_momentum,3,strict,3,btc_eth,0.9370861994347409,0.35330528327717303,0.47439282318702347,0.08903384718627683,-0.19998626000427322,10.27895969654662,0.3374752843919693
u10_r14_volatility_adjusted_momentum_k3_strict_v3_reduced_momentum,10,14,volatility_adjusted_momentum,3,strict,3,reduced_momentum,0.9353155959685646,0.3636104192412999,0.22377892538561175,0.02522579134600078,-0.22001643367500168,9.620955893001943,0.33759955107226997
u10_r14_volatility_adjusted_momentum_k3_strict_v4_btc_eth,10,14,volatility_adjusted_momentum,3,strict,4,btc_eth,0.5462838212844431,0.10519456246890524,-0.19649819093073886,-0.033091479112637545,-0.12859504278928924,5.643376140588037,0.14210882054748225
u10_r14_volatility_adjusted_momentum_k3_strict_v4_reduced_momentum,10,14,volatility_adjusted_momentum,3,strict,4,reduced_momentum,0.3443956451448513,0.05904018488401119,-0.012780731821619712,-0.012963662539836718,-0.13179551319546856,6.128562577447336,0.1429368029739777
u10_r14_volatility_adjusted_momentum_k5_balanced_v3_btc_eth,10,14,volatility_adjusted_momentum,5,balanced,3,btc_eth,1.0210871826896848,0.5703076420697761,0.021571715625767714,-0.08506867256643003,-0.4443912832225966,14.626471232005674,0.6372076950418103
u10_r14_volatility_adjusted_momentum_k5_balanced_v3_reduced_momentum,10,14,volatility_adjusted_momentum,5,balanced,3,reduced_momentum,0.9946203621163805,0.5473634771019746,-0.1986216997531193,-0.1724110906581715,-0.4462892772091883,14.82900270161355,0.6473731993309987
u10_r14_volatility_adjusted_momentum_k5_balanced_v4_btc_eth,10,14,volatility_adjusted_momentum,5,balanced,4,btc_eth,1.0556247902655227,0.3533335647857825,-0.24865523324807703,-0.09163487638366397,-0.2684949999874501,9.948377830348091,0.31290131801284216
u10_r14_volatility_adjusted_momentum_k5_balanced_v4_reduced_momentum,10,14,volatility_adjusted_momentum,5,balanced,4,reduced_momentum,0.8403265815863812,0.286572892087096,-0.17409383372112291,-0.08960422812977542,-0.31127529464534265,10.583643122676582,0.31970260223048325
u10_r14_volatility_adjusted_momentum_k5_strict_v3_btc_eth,10,14,volatility_adjusted_momentum,5,strict,3,btc_eth,1.1125294122565388,0.5970844081926954,0.24417763369722098,0.028865475652546158,-0.2501313044317687,10.870958673315378,0.43258450282516026
u10_r14_volatility_adjusted_momentum_k5_strict_v3_reduced_momentum,10,14,volatility_adjusted_momentum,5,strict,3,reduced_momentum,0.9898023421083633,0.49155645895711353,-0.23193177719863378,-0.12577313570262516,-0.32432865385330834,11.341486977909861,0.457987735760622
u10_r14_volatility_adjusted_momentum_k5_strict_v4_btc_eth,10,14,volatility_adjusted_momentum,5,strict,4,btc_eth,0.5969893874945036,0.12998853285607836,-0.3597770422527719,-0.05958316699771815,-0.16355660394369598,5.766728624535316,0.15985130111524162
u10_r14_volatility_adjusted_momentum_k5_strict_v4_reduced_momentum,10,14,volatility_adjusted_momentum,5,strict,4,reduced_momentum,0.5673995122957474,0.1408630404087996,-0.41642886096256326,-0.0746959675076142,-0.1706799843974448,5.970260223048328,0.15985130111524162
u10_r14_volatility_adjusted_momentum_k10_balanced_v3_btc_eth,10,14,volatility_adjusted_momentum,10,balanced,3,btc_eth,1.0103326036954534,0.5329376870654405,-0.21424170956068547,-0.19310672012994445,-0.44343599901431263,13.075163817126088,0.6399942496430813
u10_r14_volatility_adjusted_momentum_k10_balanced_v3_reduced_momentum,10,14,volatility_adjusted_momentum,10,balanced,3,reduced_momentum,1.058578903056046,0.5849814036565448,-0.25198605181553646,-0.2152038675601996,-0.4535611228678562,10.51791937732342,0.6488731412639405
u10_r14_volatility_adjusted_momentum_k10_balanced_v4_btc_eth,10,14,volatility_adjusted_momentum,10,balanced,4,btc_eth,1.061509528509392,0.34718956677470847,-0.44855336538290436,-0.1448441932579958,-0.33157592541463443,10.099484623183509,0.308761405880365
u10_r14_volatility_adjusted_momentum_k10_balanced_v4_reduced_momentum,10,14,volatility_adjusted_momentum,10,balanced,4,reduced_momentum,0.9047814323581,0.2994703191700392,-0.4183714884856805,-0.16990934887802023,-0.39207786092346597,9.260687732342008,0.31970260223048325
u10_r14_volatility_adjusted_momentum_k10_strict_v3_btc_eth,10,14,volatility_adjusted_momentum,10,strict,3,btc_eth,1.1214644329395922,0.5599007156632392,-0.14241844071583107,-0.10916881493531527,-0.3502005134732489,11.09435352121425,0.4590638112320549
u10_r14_volatility_adjusted_momentum_k10_strict_v3_reduced_momentum,10,14,volatility_adjusted_momentum,10,strict,3,reduced_momentum,1.0589939039469614,0.520123120794431,-0.34830301632308736,-0.18528209307977606,-0.38397365426087215,8.686134990706321,0.4594563197026022
u10_r14_volatility_adjusted_momentum_k10_strict_v4_btc_eth,10,14,volatility_adjusted_momentum,10,strict,4,btc_eth,0.674168053024392,0.15102097773814993,-0.30156374524445473,-0.049461632044193515,-0.1502534016565069,5.785064804581534,0.15157147685028727
u10_r14_volatility_adjusted_momentum_k10_strict_v4_reduced_momentum,10,14,volatility_adjusted_momentum,10,strict,4,reduced_momentum,0.6413221716738774,0.16037609099376904,-0.6002691044969671,-0.11678594056184999,-0.23482320311539207,5.5971189591078065,0.1598513011152416
u20_r7_momentum_21d_k3_balanced_v3_btc_eth,20,7,momentum_21d,3,balanced,3,btc_eth,1.3481075386970074,0.7166835696427922,-0.02489557142596772,-0.0695481399718827,-0.45047579875131893,27.00835664567684,0.42523354542994957
u20_r7_momentum_21d_k3_balanced_v3_reduced_momentum,20,7,momentum_21d,3,balanced,3,reduced_momentum,1.2933262765627154,0.7177625156776664,-0.23942173968665956,-0.1480451394827449,-0.48337528821432596,26.52611796020405,0.4257311985913973
u20_r7_momentum_21d_k3_balanced_v4_btc_eth,20,7,momentum_21d,3,balanced,4,btc_eth,1.601018690251214,0.5549135898766251,-0.0626913156795916,-0.037613092307651974,-0.3246666429820919,14.46307874281852,0.2434099357891179
u20_r7_momentum_21d_k3_balanced_v4_reduced_momentum,20,7,momentum_21d,3,balanced,4,reduced_momentum,1.4108869624441935,0.6210443431515067,-0.010130586775553023,-0.04261486521419622,-0.3550574556718735,18.126727214169254,0.24418129108634246
u20_r7_momentum_21d_k3_strict_v3_btc_eth,20,7,momentum_21d,3,strict,3,btc_eth,1.24004755794087,0.5325732455641243,-0.12558688622702527,-0.07338556331881851,-0.3411375661763685,20.547440013518084,0.30753632984116264
u20_r7_momentum_21d_k3_strict_v3_reduced_momentum,20,7,momentum_21d,3,strict,3,reduced_momentum,1.346910902655946,0.666309687197091,-0.08459883420374704,-0.07142823369184848,-0.37449163789793405,21.158825307709076,0.3082491895666812
u20_r7_momentum_21d_k3_strict_v4_btc_eth,20,7,momentum_21d,3,strict,4,btc_eth,1.3020983681552751,0.30485812748650276,-0.7422611282830301,-0.0808925154595479,-0.1835692893224552,9.498141263940521,0.11319702602230484
u20_r7_momentum_21d_k3_strict_v4_reduced_momentum,20,7,momentum_21d,3,strict,4,reduced_momentum,1.0093797677120981,0.3116576229732504,-0.28320362793368004,-0.06329099237278857,-0.24142767030131196,10.438122945961963,0.11322531113625345
u20_r7_momentum_21d_k5_balanced_v3_btc_eth,20,7,momentum_21d,5,balanced,3,btc_eth,1.258119878203595,0.8506573589393553,-0.09874394946056188,-0.15270421718668914,-0.6057914499270192,30.76625978846397,0.5998869252645193
u20_r7_momentum_21d_k5_balanced_v3_reduced_momentum,20,7,momentum_21d,5,balanced,3,reduced_momentum,1.212185311262614,0.8142042457565857,-0.25907860988885045,-0.21708251073986173,-0.6004217364872443,31.402037416792417,0.5855110118384678
u20_r7_momentum_21d_k5_balanced_v4_btc_eth,20,7,momentum_21d,5,balanced,4,btc_eth,1.522090007644386,0.5847495687688893,0.040501339160217004,-0.020487131114844237,-0.3589986514239767,15.588503466291572,0.2680804325785739
u20_r7_momentum_21d_k5_balanced_v4_reduced_momentum,20,7,momentum_21d,5,balanced,4,reduced_momentum,1.4018439412549601,0.6190322796705123,0.024028495145147512,-0.038257460277827504,-0.42267624683506577,19.367019663349648,0.27808465559592666
u20_r7_momentum_21d_k5_strict_v3_btc_eth,20,7,momentum_21d,5,strict,3,btc_eth,1.379091499194734,0.816056193757632,-0.08135884720934244,-0.07558764138424046,-0.3904054913039039,23.515229840529265,0.375653187017226
u20_r7_momentum_21d_k5_strict_v3_reduced_momentum,20,7,momentum_21d,5,strict,3,reduced_momentum,1.3382778024017574,0.8152114435645705,-0.23880368467977844,-0.13742160710177598,-0.48331884465158526,25.557143953228433,0.38262792466060735
u20_r7_momentum_21d_k5_strict_v4_btc_eth,20,7,momentum_21d,5,strict,4,btc_eth,1.2869110496792981,0.3300185032777663,-0.6977976944956846,-0.0787325162154846,-0.18073960655069643,9.873067892780279,0.11778516924280963
u20_r7_momentum_21d_k5_strict_v4_reduced_momentum,20,7,momentum_21d,5,strict,4,reduced_momentum,1.1082097657806285,0.33858516499704816,-0.4422712137209235,-0.08137883054671646,-0.2749782831776185,10.583643122676582,0.1171003717472119
u20_r7_momentum_21d_k10_balanced_v3_btc_eth,20,7,momentum_21d,10,balanced,3,btc_eth,1.3501290860535917,0.9302963234922523,0.13520098833208907,-0.05699086645599738,-0.5568296616451812,28.7918386871941,0.6162655536344572
u20_r7_momentum_21d_k10_balanced_v3_reduced_momentum,20,7,momentum_21d,10,balanced,3,reduced_momentum,1.1716045095149825,0.7378896591478301,-0.03918363058831156,-0.1427660245916359,-0.5882959338510085,28.300077014230286,0.6079834653428708
u20_r7_momentum_21d_k10_balanced_v4_btc_eth,20,7,momentum_21d,10,balanced,4,btc_eth,1.3786278249096786,0.49861606835251804,0.09526992968009011,-0.0070098768270924205,-0.3364352477121876,15.576168217896845,0.26562378142303794
u20_r7_momentum_21d_k10_balanced_v4_reduced_momentum,20,7,momentum_21d,10,balanced,4,reduced_momentum,1.3202823437612952,0.5386339858452811,0.10461296237799314,-0.014754919399261657,-0.3844888587840467,17.336934634448575,0.27871359975216853
u20_r7_momentum_21d_k10_strict_v3_btc_eth,20,7,momentum_21d,10,strict,3,btc_eth,1.4210727315144398,0.81877204336707,-0.0790347618479574,-0.07690674203589953,-0.3942046080383088,23.396970384194383,0.37376640731422894
u20_r7_momentum_21d_k10_strict_v3_reduced_momentum,20,7,momentum_21d,10,strict,3,reduced_momentum,1.3134685850050585,0.7512053121980367,-0.04134683958783236,-0.08271330276928734,-0.4538844294704597,23.430650083748773,0.38954698483500666
u20_r7_momentum_21d_k10_strict_v4_btc_eth,20,7,momentum_21d,10,strict,4,btc_eth,1.1875663863849457,0.2953345359627946,-0.3882759351558849,-0.04879987627841653,-0.16016389867391823,9.891327306522475,0.11813534978033119
u20_r7_momentum_21d_k10_strict_v4_reduced_momentum,20,7,momentum_21d,10,strict,4,reduced_momentum,1.1111129725835125,0.3189207769231748,-0.4964133073741347,-0.08841897921365671,-0.26824777240323683,10.244423791821562,0.1171003717472119
u20_r7_momentum_63d_k3_balanced_v3_btc_eth,20,7,momentum_63d,3,balanced,3,btc_eth,1.282020892330325,0.6553333787565514,0.5893928992872485,0.16310628665479743,-0.36941338869770446,24.15250607883421,0.42595638492307064
u20_r7_momentum_63d_k3_balanced_v3_reduced_momentum,20,7,momentum_63d,3,balanced,3,reduced_momentum,1.0539329332866119,0.5161924722295748,0.36309784422458924,0.06768733991226061,-0.3539929864861522,20.529652227789455,0.4262789293436329
u20_r7_momentum_63d_k3_balanced_v4_btc_eth,20,7,momentum_63d,3,balanced,4,btc_eth,1.4398016611030846,0.47763498567769225,0.5057382143098043,0.09493547974147876,-0.2555362821528441,14.768376140588037,0.24329165258533292
u20_r7_momentum_63d_k3_balanced_v4_reduced_momentum,20,7,momentum_63d,3,balanced,4,reduced_momentum,1.2481678812653885,0.5107584162390864,0.6774992035128733,0.17404689336517332,-0.25762295475300145,15.455619309304454,0.24420963310166482
u20_r7_momentum_63d_k3_strict_v3_btc_eth,20,7,momentum_63d,3,strict,3,btc_eth,1.243915712608875,0.5101875711896326,-0.05902259709602248,-0.05367401443262987,-0.3058664617342449,20.192801622169654,0.3062943562014194
u20_r7_momentum_63d_k3_strict_v3_reduced_momentum,20,7,momentum_63d,3,strict,3,reduced_momentum,1.1207413445886298,0.49166203897409644,0.10947484769816852,-0.01648055736399956,-0.3267352947783616,19.276507192500404,0.3083077420397608
u20_r7_momentum_63d_k3_strict_v4_btc_eth,20,7,momentum_63d,3,strict,4,btc_eth,1.0370122032821167,0.22253431516942168,-0.33008281178282906,-0.046002874466241406,-0.1678405697113241,9.553649881716797,0.11361101723555256
u20_r7_momentum_63d_k3_strict_v4_reduced_momentum,20,7,momentum_63d,3,strict,4,reduced_momentum,0.9593990887096729,0.2739722579564565,-0.5037433197539037,-0.0954899917469908,-0.2931949811110154,9.769516728624536,0.11319702602230484
u20_r7_momentum_63d_k5_balanced_v3_btc_eth,20,7,momentum_63d,5,balanced,3,btc_eth,1.2860316678783403,0.8919995270241277,0.2494391553243637,-0.014083652404642155,-0.5549098117567572,27.878917434105652,0.6187067929795114
u20_r7_momentum_63d_k5_balanced_v3_reduced_momentum,20,7,momentum_63d,5,balanced,3,reduced_momentum,1.0875533090799625,0.6687215038862988,0.10215480900519522,-0.09431053657371469,-0.5621785220105187,26.586534368107014,0.6137324695322766
u20_r7_momentum_63d_k5_balanced_v4_btc_eth,20,7,momentum_63d,5,balanced,4,btc_eth,1.3350243248134046,0.4897262711971422,0.25055549597486104,0.031416497909688035,-0.32634151617740714,15.557832037850625,0.26360256843528224
u20_r7_momentum_63d_k5_balanced_v4_reduced_momentum,20,7,momentum_63d,5,balanced,4,reduced_momentum,1.2088994388012961,0.5008527583433033,0.32529589554086463,0.05281103830074496,-0.3959928426112366,16.79649656415456,0.2793173369381548
u20_r7_momentum_63d_k5_strict_v3_btc_eth,20,7,momentum_63d,5,strict,3,btc_eth,1.3082186923318477,0.7442584249935773,-0.030184446722279618,-0.06270520612919284,-0.3875971501060298,23.063175179778593,0.37492033782524287
u20_r7_momentum_63d_k5_strict_v3_reduced_momentum,20,7,momentum_63d,5,strict,3,reduced_momentum,1.2268702315716769,0.7039834897536834,-0.0744481117872757,-0.09416542019809793,-0.4700830662581089,23.033614445549894,0.3858855088924091
u20_r7_momentum_63d_k5_strict_v4_btc_eth,20,7,momentum_63d,5,strict,4,btc_eth,0.9338699628441296,0.2084783721090746,-0.45620490429967475,-0.06130197510447155,-0.17367059538107565,9.873067892780279,0.11778516924280963
u20_r7_momentum_63d_k5_strict_v4_reduced_momentum,20,7,momentum_63d,5,strict,4,reduced_momentum,0.9774451439151396,0.273197949921858,-0.5334013576765242,-0.10133429359630708,-0.28686947920142924,10.176579925650557,0.1171003717472119
u20_r7_momentum_63d_k10_balanced_v3_btc_eth,20,7,momentum_63d,10,balanced,3,btc_eth,1.0984255780201964,0.6430736434133315,0.08035654336126288,-0.08746490799025752,-0.5743375297244262,27.684068813741703,0.6238272724829185
u20_r7_momentum_63d_k10_balanced_v3_reduced_momentum,20,7,momentum_63d,10,balanced,3,reduced_momentum,0.9141893788871309,0.4611175272129189,-0.09686918532229999,-0.17398870732170668,-0.5957495857643238,25.521954262098248,0.6185164092107337
u20_r7_momentum_63d_k10_balanced_v4_btc_eth,20,7,momentum_63d,10,balanced,4,btc_eth,1.2838702712208871,0.4511598144208506,0.08537758932160304,-0.011245189952633794,-0.33603092033484805,15.540585770604359,0.262894169027998
u20_r7_momentum_63d_k10_balanced_v4_reduced_momentum,20,7,momentum_63d,10,balanced,4,reduced_momentum,1.0195223838568677,0.37151386612191617,0.029421492224764347,-0.045695660392557236,-0.4242108771685924,16.928458023543993,0.28155978934324655
u20_r7_momentum_63d_k10_strict_v3_btc_eth,20,7,momentum_63d,10,strict,3,btc_eth,1.1989164135244896,0.6232080968516829,-0.1147070289406992,-0.08484179815879633,-0.3910129646541196,23.217416662340376,0.3740021643829634
u20_r7_momentum_63d_k10_strict_v3_reduced_momentum,20,7,momentum_63d,10,strict,3,reduced_momentum,1.0673931367636302,0.5365128836506541,-0.19770649406302268,-0.13844640424291088,-0.4935979310472117,22.32536580169211,0.3942743131176408
u20_r7_momentum_63d_k10_strict_v4_btc_eth,20,7,momentum_63d,10,strict,4,btc_eth,1.0566053910562634,0.2456280164494069,-0.4210119172611955,-0.05376667371689936,-0.16869057487814132,9.891327306522475,0.11813534978033119
u20_r7_momentum_63d_k10_strict_v4_reduced_momentum,20,7,momentum_63d,10,strict,4,reduced_momentum,0.8380008147929436,0.21736324304221766,-0.6449888136736961,-0.10908670296276513,-0.2727413205502863,10.04089219330855,0.1171003717472119
u20_r7_momentum_126d_k3_balanced_v3_btc_eth,20,7,momentum_126d,3,balanced,3,btc_eth,1.1002564697818,0.5309296844837965,-0.033639520008116625,-0.08105585493801148,-0.46714905339770163,24.250350035420528,0.42712804475826793
u20_r7_momentum_126d_k3_balanced_v3_reduced_momentum,20,7,momentum_126d,3,balanced,3,reduced_momentum,0.7471475320890348,0.2941648117955771,-0.09450666478309594,-0.11035396137684916,-0.4998982979486354,19.060685038521633,0.42642233715855826
u20_r7_momentum_126d_k3_balanced_v4_btc_eth,20,7,momentum_126d,3,balanced,4,btc_eth,1.3157746960764192,0.4275325930561298,0.004102808528779851,-0.02959877360378327,-0.3168049228215868,14.645023656640758,0.24370564379858062
u20_r7_momentum_126d_k3_balanced_v4_reduced_momentum,20,7,momentum_126d,3,balanced,4,reduced_momentum,0.9011308693768761,0.33399399808152497,-0.0833926203049309,-0.0710456699153561,-0.3882514605808478,15.46840148698885,0.2442379182156134
u20_r7_momentum_126d_k3_strict_v3_btc_eth,20,7,momentum_126d,3,strict,3,btc_eth,0.7782334203942028,0.2660577896595606,-0.2614802725433029,-0.10672003741640568,-0.34148078041069174,20.004689084150055,0.30753632984116264
u20_r7_momentum_126d_k3_strict_v3_reduced_momentum,20,7,momentum_126d,3,strict,3,reduced_momentum,0.7539119524174204,0.27307714785396,-0.3017966206593876,-0.14538951028487557,-0.4292102264348914,17.98993184634449,0.308364312267658
u20_r7_momentum_126d_k3_strict_v4_btc_eth,20,7,momentum_126d,3,strict,4,btc_eth,0.9447418796001847,0.20251798606634575,-0.4730361363233803,-0.06064320882478369,-0.18046451785012352,9.498141263940521,0.11319702602230484
u20_r7_momentum_126d_k3_strict_v4_reduced_momentum,20,7,momentum_126d,3,strict,4,reduced_momentum,0.37762899282337087,0.07035450716335556,-0.6972480478202858,-0.12208145990534669,-0.2701948398464703,9.769516728624534,0.11319702602230484
u20_r7_momentum_126d_k5_balanced_v3_btc_eth,20,7,momentum_126d,5,balanced,3,btc_eth,1.229579455415018,0.841203806711871,-0.11670133668806192,-0.18178165131946622,-0.5735686603015824,26.9457006411112,0.6188906810597438
u20_r7_momentum_126d_k5_balanced_v3_reduced_momentum,20,7,momentum_126d,5,balanced,3,reduced_momentum,0.9836187362234231,0.5573486498874176,-0.27000157743825376,-0.2626934127447016,-0.6089681719218498,24.85697409207449,0.6180935919631382
u20_r7_momentum_126d_k5_balanced_v4_btc_eth,20,7,momentum_126d,5,balanced,4,btc_eth,1.3611456296971935,0.515143078399479,0.1306297268844545,-0.0014363619264142757,-0.3380546684106355,15.557832037850625,0.2647854004731328
u20_r7_momentum_126d_k5_balanced_v4_reduced_momentum,20,7,momentum_126d,5,balanced,4,reduced_momentum,1.1239925748884507,0.468450937245505,-0.04390002635592559,-0.07489960774280291,-0.4301446077375297,16.62174721189591,0.28345724907063197
u20_r7_momentum_126d_k5_strict_v3_btc_eth,20,7,momentum_126d,5,strict,3,btc_eth,1.0895730196128957,0.5611163370413297,-0.40444875761699517,-0.16918649715482703,-0.4151087256300162,22.72288430512871,0.3754340569621128
u20_r7_momentum_126d_k5_strict_v3_reduced_momentum,20,7,momentum_126d,5,strict,3,reduced_momentum,1.077494954977697,0.5792653137865833,-0.46584543351869606,-0.22849888891389647,-0.5460807755134263,21.57042284933428,0.394314692096331
u20_r7_momentum_126d_k5_strict_v4_btc_eth,20,7,momentum_126d,5,strict,4,btc_eth,1.0087218771123643,0.24034681214867581,-0.3715418871313063,-0.05164953591257637,-0.16078129810797437,9.873067892780279,0.11778516924280963
u20_r7_momentum_126d_k5_strict_v4_reduced_momentum,20,7,momentum_126d,5,strict,4,reduced_momentum,0.7320856028318611,0.19460698691155187,-0.860215465735128,-0.14060479388999314,-0.26047154765410796,10.04089219330855,0.1171003717472119
u20_r7_momentum_126d_k10_balanced_v3_btc_eth,20,7,momentum_126d,10,balanced,3,btc_eth,1.2756108291205632,0.8515922221030341,-0.13951506724993956,-0.1849874523048598,-0.5865691125148313,27.146168734206622,0.6255320855697403
u20_r7_momentum_126d_k10_balanced_v3_reduced_momentum,20,7,momentum_126d,10,balanced,3,reduced_momentum,1.055463433966804,0.6105034199698747,-0.3125895520139088,-0.2656580629429365,-0.6068920464250951,23.990081615824767,0.6214123660616663
u20_r7_momentum_126d_k10_balanced_v4_btc_eth,20,7,momentum_126d,10,balanced,4,btc_eth,1.3207717688472003,0.4673003478436617,0.006917959640973978,-0.02991071009510693,-0.3386982876441267,15.494940785481633,0.26065198741778667
u20_r7_momentum_126d_k10_balanced_v4_reduced_momentum,20,7,momentum_126d,10,balanced,4,reduced_momentum,1.1884899758943153,0.4640117585284891,-0.21760683157153116,-0.12049132773362403,-0.4350004307941122,16.498780204460967,0.2830506505576208
u20_r7_momentum_126d_k10_strict_v3_btc_eth,20,7,momentum_126d,10,strict,3,btc_eth,1.3108287902228537,0.7152811159329158,-0.28710542045424403,-0.1325784807928636,-0.38392499010947767,22.82031106871572,0.373161895239064
u20_r7_momentum_126d_k10_strict_v3_reduced_momentum,20,7,momentum_126d,10,strict,3,reduced_momentum,1.181312726377335,0.6348335390517936,-0.4491309719216273,-0.21519969952628593,-0.5138288866707313,21.267234798194373,0.39776951672862454
u20_r7_momentum_126d_k10_strict_v4_btc_eth,20,7,momentum_126d,10,strict,4,btc_eth,1.1096847585575662,0.2630023155478318,-0.4100181381729766,-0.05239371670194415,-0.16017735461915172,9.891327306522475,0.11813534978033119
u20_r7_momentum_126d_k10_strict_v4_reduced_momentum,20,7,momentum_126d,10,strict,4,reduced_momentum,0.9837390647280284,0.2672697538605122,-0.8601509826064289,-0.13472649636076106,-0.2650453003321641,9.83736059479554,0.1171003717472119
u20_r7_volatility_adjusted_momentum_k3_balanced_v3_btc_eth,20,7,volatility_adjusted_momentum,3,balanced,3,btc_eth,1.227638413516836,0.5957895828444915,0.3291812742670501,0.05579632408819646,-0.38612466199538975,25.795474209328177,0.4272769024468787
u20_r7_volatility_adjusted_momentum_k3_balanced_v3_reduced_momentum,20,7,volatility_adjusted_momentum,3,balanced,3,reduced_momentum,1.003356503930031,0.46096540015134013,0.2874872803895242,0.040849818575853236,-0.3609159355115136,22.37347201889777,0.4263354199736944
u20_r7_volatility_adjusted_momentum_k3_balanced_v4_btc_eth,20,7,volatility_adjusted_momentum,3,balanced,4,btc_eth,1.3842464168435744,0.4453405686609735,0.5293597724526189,0.1010604477458088,-0.23835011253507155,14.725202771206488,0.2428776613720852
u20_r7_volatility_adjusted_momentum_k3_balanced_v4_reduced_momentum,20,7,volatility_adjusted_momentum,3,balanced,4,reduced_momentum,1.1790310044170633,0.45606832424903754,0.4598490925826912,0.09000859730562105,-0.2623162637590368,16.782016055169443,0.24415306287376756
u20_r7_volatility_adjusted_momentum_k3_strict_v3_btc_eth,20,7,volatility_adjusted_momentum,3,strict,3,btc_eth,1.1688308404975118,0.4660229689255575,-0.01174478455939986,-0.038551972496406184,-0.28821862787327557,20.59570525869048,0.30668771662330935
u20_r7_volatility_adjusted_momentum_k3_strict_v3_reduced_momentum,20,7,volatility_adjusted_momentum,3,strict,3,reduced_momentum,1.0726841930307502,0.4485099152965848,0.20856013805778678,0.018732121491489062,-0.3186841658405989,20.003616453854857,0.3082511718118637
u20_r7_volatility_adjusted_momentum_k3_strict_v4_btc_eth,20,7,volatility_adjusted_momentum,3,strict,4,btc_eth,0.9552536096175727,0.19823770250627137,-0.39851310530979167,-0.05255668276590153,-0.17004440646761698,9.498141263940521,0.11319702602230484
u20_r7_volatility_adjusted_momentum_k3_strict_v4_reduced_momentum,20,7,volatility_adjusted_momentum,3,strict,4,reduced_momentum,0.80079310307014,0.21418998366073883,-0.33739057848786413,-0.062009294442453844,-0.25201925200890696,10.22180916976456,0.11319702602230484
u20_r7_volatility_adjusted_momentum_k5_balanced_v3_btc_eth,20,7,volatility_adjusted_momentum,5,balanced,3,btc_eth,1.3421206197723232,0.9489599080971678,-0.10277736396793705,-0.15297431342857903,-0.5619991685209935,29.593623455515143,0.6173121896767854
u20_r7_volatility_adjusted_momentum_k5_balanced_v3_reduced_momentum,20,7,volatility_adjusted_momentum,5,balanced,3,reduced_momentum,1.1697739561191753,0.7579746322981709,-0.18780213413859967,-0.18784765799402736,-0.5561836609393747,28.811448865932878,0.6132596977145243
u20_r7_volatility_adjusted_momentum_k5_balanced_v4_btc_eth,20,7,volatility_adjusted_momentum,5,balanced,4,btc_eth,1.3350308129629402,0.47107063907868674,0.20844363265425764,0.020186256939721536,-0.3204150484209277,15.452815733949564,0.26157485637039546
u20_r7_volatility_adjusted_momentum_k5_balanced_v4_reduced_momentum,20,7,volatility_adjusted_momentum,5,balanced,4,reduced_momentum,1.2627784762719747,0.5187874949937199,0.08865403366999412,-0.019482311246105666,-0.37228088474855026,17.751288071479816,0.2780930020217831
u20_r7_volatility_adjusted_momentum_k5_strict_v3_btc_eth,20,7,volatility_adjusted_momentum,5,strict,3,btc_eth,1.3433137057801405,0.7661968691386685,-0.19485718096659804,-0.10568352070522036,-0.38372851817686693,23.22476769487554,0.37169673104447853
u20_r7_volatility_adjusted_momentum_k5_strict_v3_reduced_momentum,20,7,volatility_adjusted_momentum,5,strict,3,reduced_momentum,1.280011639236004,0.7449510795310956,-0.2505908751195133,-0.1346392313882172,-0.4455750316181204,23.991656584111958,0.3865905106608925
u20_r7_volatility_adjusted_momentum_k5_strict_v4_btc_eth,20,7,volatility_adjusted_momentum,5,strict,4,btc_eth,0.9997231864297461,0.2264716748435811,-0.44067611847272525,-0.05735442886905828,-0.1703781186401533,9.873067892780279,0.11778516924280961
u20_r7_volatility_adjusted_momentum_k5_strict_v4_reduced_momentum,20,7,volatility_adjusted_momentum,5,strict,4,reduced_momentum,1.0500321073314587,0.29462016560709725,-0.5834384037046159,-0.0952448732242065,-0.2519821773252606,10.58364312267658,0.1171003717472119
u20_r7_volatility_adjusted_momentum_k10_balanced_v3_btc_eth,20,7,volatility_adjusted_momentum,10,balanced,3,btc_eth,1.2262461071088768,0.7807953252560369,0.14842703592987905,-0.053696631181174403,-0.5765795335730088,27.144145555286478,0.6234814651368225
u20_r7_volatility_adjusted_momentum_k10_balanced_v3_reduced_momentum,20,7,volatility_adjusted_momentum,10,balanced,3,reduced_momentum,1.0025612777298483,0.550560678906231,0.0024703248388886997,-0.12898160592546504,-0.5899839977484367,25.23717396067733,0.6171191641154603
u20_r7_volatility_adjusted_momentum_k10_balanced_v4_btc_eth,20,7,volatility_adjusted_momentum,10,balanced,4,btc_eth,1.3503746543248363,0.479628805451108,0.09817688638638594,-0.007874505219623296,-0.33505128330894773,15.540585770604359,0.263576572126758
u20_r7_volatility_adjusted_momentum_k10_balanced_v4_reduced_momentum,20,7,volatility_adjusted_momentum,10,balanced,4,reduced_momentum,1.1334391758605094,0.43092915740464743,0.04931859703557808,-0.038641528114741974,-0.4286203029595589,16.79135687732342,0.28345724907063186
u20_r7_volatility_adjusted_momentum_k10_strict_v3_btc_eth,20,7,volatility_adjusted_momentum,10,strict,3,btc_eth,1.2939420473929721,0.6983343086436986,-0.15542907199997,-0.09789477235498278,-0.3985972627289953,23.34600509490627,0.3717433472140507
u20_r7_volatility_adjusted_momentum_k10_strict_v3_reduced_momentum,20,7,volatility_adjusted_momentum,10,strict,3,reduced_momentum,1.1486294160040948,0.6009544275843961,-0.17024262761610895,-0.1320687981992399,-0.4884366179577594,22.216785570044234,0.3962752537571919
u20_r7_volatility_adjusted_momentum_k10_strict_v4_btc_eth,20,7,volatility_adjusted_momentum,10,strict,4,btc_eth,1.0631597267229604,0.24654702555084218,-0.4534832412725139,-0.05696299153287754,-0.16769063499872228,9.891327306522475,0.11813534978033119
u20_r7_volatility_adjusted_momentum_k10_strict_v4_reduced_momentum,20,7,volatility_adjusted_momentum,10,strict,4,reduced_momentum,0.9458293327483989,0.25245893093411076,-0.6808111534411545,-0.11605777480946855,-0.27556452426326716,10.312267657992566,0.1171003717472119
u20_r14_momentum_21d_k3_balanced_v3_btc_eth,20,14,momentum_21d,3,balanced,3,btc_eth,1.0616738428382835,0.4843228994260602,-0.276620334812678,-0.1416805814492248,-0.37582173681531805,15.176969163251721,0.4434591443420439
u20_r14_momentum_21d_k3_balanced_v3_reduced_momentum,20,14,momentum_21d,3,balanced,3,reduced_momentum,1.1118431040112469,0.5460580245480164,-0.3715516971973848,-0.18222504479665758,-0.4148919101282893,15.341501749999235,0.44249652796949734
u20_r14_momentum_21d_k3_balanced_v4_btc_eth,20,14,momentum_21d,3,balanced,4,btc_eth,1.173234455975241,0.3698004663990653,0.0663308311399292,-0.00839403611385614,-0.18255523370339832,8.887546468401489,0.2538188577222035
u20_r14_momentum_21d_k3_balanced_v4_reduced_momentum,20,14,momentum_21d,3,balanced,4,reduced_momentum,0.9321098344439706,0.3375031484166737,-0.43900339342336614,-0.14791935715946825,-0.34035410968823665,10.84496496287044,0.2550424032539349
u20_r14_momentum_21d_k3_strict_v3_btc_eth,20,14,momentum_21d,3,strict,3,btc_eth,1.1322691625750911,0.4694512386066727,0.234752723448799,0.027825861277847475,-0.23964851466295944,10.68213933802123,0.3056802403938159
u20_r14_momentum_21d_k3_strict_v3_reduced_momentum,20,14,momentum_21d,3,strict,3,reduced_momentum,1.2137433934614712,0.5519247207803935,-0.02975607077382185,-0.0472713112528812,-0.28917696680529736,11.817817718730648,0.3035626033741414
u20_r14_momentum_21d_k3_strict_v4_btc_eth,20,14,momentum_21d,3,strict,4,btc_eth,0.858934193619547,0.19465247537584007,-0.6699541922011498,-0.07787315828263008,-0.15133209606090614,5.020446096654275,0.11970260223048328
u20_r14_momentum_21d_k3_strict_v4_reduced_momentum,20,14,momentum_21d,3,strict,4,reduced_momentum,0.7414275063054243,0.2120559313173067,-0.36872816067455655,-0.06932464206294808,-0.19289689368861018,5.563197026022305,0.11970260223048328
u20_r14_momentum_21d_k5_balanced_v3_btc_eth,20,14,momentum_21d,5,balanced,3,btc_eth,1.0972719270402727,0.6470786591118733,-0.3488242866619773,-0.24440564001782017,-0.4939260469848856,16.413802344418755,0.6052036858986247
u20_r14_momentum_21d_k5_balanced_v3_reduced_momentum,20,14,momentum_21d,5,balanced,3,reduced_momentum,1.1123667653759317,0.6707115917888202,-0.3847665674084016,-0.26339684942765795,-0.5166510102469244,16.633798666916295,0.6092230065514308
u20_r14_momentum_21d_k5_balanced_v4_btc_eth,20,14,momentum_21d,5,balanced,4,btc_eth,0.9982205536203576,0.3312796423680404,-0.06657636235492102,-0.04958913192954151,-0.25306495419057595,9.522811760729978,0.292032781345049
u20_r14_momentum_21d_k5_balanced_v4_reduced_momentum,20,14,momentum_21d,5,balanced,4,reduced_momentum,0.8844903893128481,0.31456210150183517,-0.31261349634470703,-0.1400505567267708,-0.3623137777025517,11.470019570530901,0.29703873898002653
u20_r14_momentum_21d_k5_strict_v3_btc_eth,20,14,momentum_21d,5,strict,3,btc_eth,1.2117249837577906,0.6641368743761951,-0.030894839928592304,-0.04994130302552813,-0.28331918458531546,11.56177017416431,0.373326457659914
u20_r14_momentum_21d_k5_strict_v3_reduced_momentum,20,14,momentum_21d,5,strict,3,reduced_momentum,1.1579826272496263,0.6244133058168229,-0.33701758208855026,-0.15331687342312816,-0.36285011955376445,12.689430406316207,0.37097825223868713
u20_r14_momentum_21d_k5_strict_v4_btc_eth,20,14,momentum_21d,5,strict,4,btc_eth,0.8650285879370435,0.20666016083266636,-0.8606472347775512,-0.10505459160839314,-0.18794620300645493,5.4275092936802976,0.1366171003717472
u20_r14_momentum_21d_k5_strict_v4_reduced_momentum,20,14,momentum_21d,5,strict,4,reduced_momentum,0.8220001170786437,0.23581670346635142,-0.6121786722492141,-0.10594918557280797,-0.221159094390876,5.943533851526416,0.13228004956629494
u20_r14_momentum_21d_k10_balanced_v3_btc_eth,20,14,momentum_21d,10,balanced,3,btc_eth,1.1043747078815902,0.6447530198127502,-0.2722835415395882,-0.21323358138693527,-0.4546906258639144,15.96551875630246,0.6143155186101046
u20_r14_momentum_21d_k10_balanced_v3_reduced_momentum,20,14,momentum_21d,10,balanced,3,reduced_momentum,1.110939457864667,0.6590129631293928,-0.267870207017428,-0.22692832953859665,-0.4580069627731216,16.015640187599182,0.6262727102517169
u20_r14_momentum_21d_k10_balanced_v4_btc_eth,20,14,momentum_21d,10,balanced,4,btc_eth,0.8927031864245503,0.28349084231458366,-0.16467592967231162,-0.07319233827605842,-0.25155726235762976,9.51356032443393,0.292032781345049
u20_r14_momentum_21d_k10_balanced_v4_reduced_momentum,20,14,momentum_21d,10,balanced,4,reduced_momentum,0.8260301078324818,0.2760039780313255,-0.3442214770995073,-0.14527833397837142,-0.3490934451677594,10.466198391120596,0.29553919167448256
u20_r14_momentum_21d_k10_strict_v3_btc_eth,20,14,momentum_21d,10,strict,3,btc_eth,1.2521946638038688,0.6824946722198726,-0.04173936758950492,-0.05597761933746781,-0.27823528823442134,11.652170364683618,0.38618242890219645
u20_r14_momentum_21d_k10_strict_v3_reduced_momentum,20,14,momentum_21d,10,strict,3,reduced_momentum,1.2017017793761482,0.6538648565032406,-0.2360185343402439,-0.1369970418627371,-0.3420467473555655,11.873974629268696,0.398816955759869
u20_r14_momentum_21d_k10_strict_v4_btc_eth,20,14,momentum_21d,10,strict,4,btc_eth,0.8410112361048522,0.1997236093892938,-0.6623578540962356,-0.08255749194162143,-0.15767898252641677,5.445845473726515,0.12833727610679282
u20_r14_momentum_21d_k10_strict_v4_reduced_momentum,20,14,momentum_21d,10,strict,4,reduced_momentum,0.8341893306016336,0.2316723339694784,-0.6651499242118462,-0.11557772797867971,-0.22053699701477547,5.664962825278811,0.13661710037174718
u20_r14_momentum_63d_k3_balanced_v3_btc_eth,20,14,momentum_63d,3,balanced,3,btc_eth,0.9485570911035279,0.4040636425683506,0.2645102031416608,0.028980062449920796,-0.37249377448869136,14.031398218177156,0.4435040379438534
u20_r14_momentum_63d_k3_balanced_v3_reduced_momentum,20,14,momentum_63d,3,balanced,3,reduced_momentum,0.7613126015490953,0.294123029986336,0.09804063109479809,-0.03923756217627894,-0.4036773470783319,12.600456235214601,0.44359580939506593
u20_r14_momentum_63d_k3_balanced_v4_btc_eth,20,14,momentum_63d,3,balanced,4,btc_eth,1.1402823733366592,0.35127668553621016,0.24409324907844326,0.03013655183087982,-0.20503622322403814,8.930719837783036,0.25328658330517073
u20_r14_momentum_63d_k3_balanced_v4_reduced_momentum,20,14,momentum_63d,3,balanced,4,reduced_momentum,0.785246241719018,0.2574919763639587,0.13282005028114446,-0.007435603547551128,-0.3243208506799462,9.66824255158666,0.25470341037659616
u20_r14_momentum_63d_k3_strict_v3_btc_eth,20,14,momentum_63d,3,strict,3,btc_eth,1.2346534571768795,0.5187491920947436,0.3170870085280097,0.049176602811197956,-0.23981687311417188,10.592894558972628,0.30604934099357894
u20_r14_momentum_63d_k3_strict_v3_reduced_momentum,20,14,momentum_63d,3,strict,3,reduced_momentum,1.0006274716329095,0.4064053902850677,0.09331824243725313,-0.018983960461412153,-0.30550181223291395,10.24706067463058,0.3060493409935789
u20_r14_momentum_63d_k3_strict_v4_btc_eth,20,14,momentum_63d,3,strict,4,btc_eth,0.8449954297054123,0.18772978396447693,-0.6392951590177349,-0.07538814277873196,-0.14795889079420066,5.29182156133829,0.11970260223048328
u20_r14_momentum_63d_k3_strict_v4_reduced_momentum,20,14,momentum_63d,3,strict,4,reduced_momentum,0.7463591014060225,0.20579350774693594,-0.46447257799764113,-0.08856781431385152,-0.2510455532571534,5.563197026022305,0.11970260223048328
u20_r14_momentum_63d_k5_balanced_v3_btc_eth,20,14,momentum_63d,5,balanced,3,btc_eth,1.1322855376659262,0.6991960069382135,-0.26996125813138433,-0.24777415241755807,-0.5706013827035722,16.01373227721296,0.6120392208768056
u20_r14_momentum_63d_k5_balanced_v3_reduced_momentum,20,14,momentum_63d,5,balanced,3,reduced_momentum,0.9520679583551166,0.5094915190328968,-0.26712949950926174,-0.2648319077889454,-0.594634755956229,15.524238433351213,0.6223261411549255
u20_r14_momentum_63d_k5_balanced_v4_btc_eth,20,14,momentum_63d,5,balanced,4,btc_eth,0.9086632741782988,0.2947971957240987,-0.1532958566061532,-0.0740549338592289,-0.2943025588323357,9.565985130111526,0.28814633322068267
u20_r14_momentum_63d_k5_balanced_v4_reduced_momentum,20,14,momentum_63d,5,balanced,4,reduced_momentum,0.7967203252489036,0.27078813823627224,-0.29903585163840724,-0.17700025148225307,-0.48224199665462697,10.608313619466037,0.3071138898276445
u20_r14_momentum_63d_k5_strict_v3_btc_eth,20,14,momentum_63d,5,strict,3,btc_eth,1.3623608677034689,0.8196216913684176,-0.16111231739432705,-0.09142394308769186,-0.32479257636753356,11.650729635818447,0.3770620707697785
u20_r14_momentum_63d_k5_strict_v3_reduced_momentum,20,14,momentum_63d,5,strict,3,reduced_momentum,1.1670100806646466,0.6454038374637119,-0.474863737793955,-0.23362520401953968,-0.4824728625251571,11.859099206315742,0.39650072197481057
u20_r14_momentum_63d_k5_strict_v4_btc_eth,20,14,momentum_63d,5,strict,4,btc_eth,0.7428596648969547,0.16985944723267465,-0.8129686315118313,-0.10137866797024764,-0.18302505548495906,5.445845473726515,0.12833727610679282
u20_r14_momentum_63d_k5_strict_v4_reduced_momentum,20,14,momentum_63d,5,strict,4,reduced_momentum,0.8146807305230882,0.22928039994159155,-0.9339342161071298,-0.1781336401378828,-0.32190020011250453,5.83457249070632,0.1366171003717472
u20_r14_momentum_63d_k10_balanced_v3_btc_eth,20,14,momentum_63d,10,balanced,3,btc_eth,0.8908999532633342,0.4349570941264873,-0.2890229798687545,-0.2444266358531948,-0.5083506361508981,15.170639132707475,0.6236338339751508
u20_r14_momentum_63d_k10_balanced_v3_reduced_momentum,20,14,momentum_63d,10,balanced,3,reduced_momentum,0.7867849682771869,0.3393509566737354,-0.31781430334902705,-0.2691679039868413,-0.5366039225707062,14.6331579481064,0.636719678870869
u20_r14_momentum_63d_k10_balanced_v4_btc_eth,20,14,momentum_63d,10,balanced,4,btc_eth,0.8371801986123151,0.2582056255125653,-0.25274904293702277,-0.09996973125712583,-0.29648515385313245,9.485094366599943,0.2893031689500091
u20_r14_momentum_63d_k10_balanced_v4_reduced_momentum,20,14,momentum_63d,10,balanced,4,reduced_momentum,0.6214175026953387,0.1787553205769601,-0.38237762004370274,-0.1843776825323049,-0.4211349412672849,9.850081319702603,0.301950029195974
u20_r14_momentum_63d_k10_strict_v3_btc_eth,20,14,momentum_63d,10,strict,3,btc_eth,1.1420143728676293,0.5904263373444822,-0.09924688551334994,-0.0739225197682476,-0.30487700572934695,11.590599601595692,0.383873930363068
u20_r14_momentum_63d_k10_strict_v3_reduced_momentum,20,14,momentum_63d,10,strict,3,reduced_momentum,0.95733920020208,0.4539019253436267,-0.35252869143903837,-0.19440685098944177,-0.41398055371677134,11.503513853953034,0.4095743117890739
u20_r14_momentum_63d_k10_strict_v4_btc_eth,20,14,momentum_63d,10,strict,4,btc_eth,0.7821530475362061,0.18105707919071845,-0.7462200206851655,-0.09266188766934091,-0.1713173159865039,5.445845473726515,0.12833727610679282
u20_r14_momentum_63d_k10_strict_v4_reduced_momentum,20,14,momentum_63d,10,strict,4,reduced_momentum,0.6606000807705951,0.1677683612646128,-0.7790071986520233,-0.14359916461344024,-0.25867166666206876,5.563197026022305,0.13661710037174718
u20_r14_momentum_126d_k3_balanced_v3_btc_eth,20,14,momentum_126d,3,balanced,3,btc_eth,0.8173437553653379,0.3314958186138883,-0.4289669927903487,-0.20607098643172372,-0.4197059932503986,12.74867095556369,0.4430810016687475
u20_r14_momentum_126d_k3_balanced_v3_reduced_momentum,20,14,momentum_126d,3,balanced,3,reduced_momentum,0.6975932520470504,0.25799775594582885,-0.5698070141606509,-0.26024127441528966,-0.504647998625112,11.127377296481873,0.4445369322773558
u20_r14_momentum_126d_k3_balanced_v4_btc_eth,20,14,momentum_126d,3,balanced,4,btc_eth,1.0211227860059113,0.3071162404327443,-0.3396271821533468,-0.10951737502142134,-0.2598073778981319,8.853624535315985,0.2541145657316662
u20_r14_momentum_126d_k3_balanced_v4_reduced_momentum,20,14,momentum_126d,3,balanced,4,reduced_momentum,0.6379469216645098,0.19480212759078364,-0.5600585393860282,-0.1967173410284767,-0.39617527885696735,8.322180916976457,0.25470341037659616
u20_r14_momentum_126d_k3_strict_v3_btc_eth,20,14,momentum_126d,3,strict,3,btc_eth,0.8837951854938726,0.3286353263771713,-0.25076186589215355,-0.10205080541071021,-0.2602156399463078,10.35605499901367,0.3068061394105567
u20_r14_momentum_126d_k3_strict_v3_reduced_momentum,20,14,momentum_126d,3,strict,3,reduced_momentum,0.8795392770546023,0.3519662223594955,-0.591144819774063,-0.22311850095082664,-0.42632041327808334,8.797087980173483,0.30682075319217716
u20_r14_momentum_126d_k3_strict_v4_btc_eth,20,14,momentum_126d,3,strict,4,btc_eth,0.8380776016013733,0.18843391113668462,-0.8377445004864905,-0.1001724715736323,-0.18140817638827256,5.29182156133829,0.11970260223048328
u20_r14_momentum_126d_k3_strict_v4_reduced_momentum,20,14,momentum_126d,3,strict,4,reduced_momentum,0.4232376050880805,0.0881989300608379,-1.0617129671617842,-0.1961774161351203,-0.3110404702634624,5.11090458488228,0.11970260223048328
u20_r14_momentum_126d_k5_balanced_v3_btc_eth,20,14,momentum_126d,5,balanced,3,btc_eth,1.0567406023437265,0.6314466113076935,-0.562498080806197,-0.370909915847785,-0.6444703438041048,14.421201233631054,0.6168318822619103
u20_r14_momentum_126d_k5_balanced_v3_reduced_momentum,20,14,momentum_126d,5,balanced,3,reduced_momentum,0.9169934458090326,0.4803539532136396,-0.6701871414040154,-0.42343432727456654,-0.7022863615433554,14.059050870606532,0.6399694016638214
u20_r14_momentum_126d_k5_balanced_v4_btc_eth,20,14,momentum_126d,5,balanced,4,btc_eth,1.0327575315712318,0.3592747143030677,-0.2902119830142382,-0.12524801622081316,-0.318560018753243,9.328531598513012,0.29051199729638394
u20_r14_momentum_126d_k5_balanced_v4_reduced_momentum,20,14,momentum_126d,5,balanced,4,reduced_momentum,0.7979130036622606,0.28020122685202087,-0.525034890695413,-0.2539968848518922,-0.5169267060374392,9.430297397769518,0.30297397769516726
u20_r14_momentum_126d_k5_strict_v3_btc_eth,20,14,momentum_126d,5,strict,3,btc_eth,1.1574797221632867,0.6382336000298725,-0.5103248258458093,-0.20509902213554676,-0.3638838257833815,11.516599250812826,0.3853370781502331
u20_r14_momentum_126d_k5_strict_v3_reduced_momentum,20,14,momentum_126d,5,strict,3,reduced_momentum,1.0725702042043654,0.5872535309199869,-0.9034794879055605,-0.384831909288347,-0.6124662016358112,11.414803907368965,0.4073729863692689
u20_r14_momentum_126d_k5_strict_v4_btc_eth,20,14,momentum_126d,5,strict,4,btc_eth,0.8423855997706231,0.20502277940598956,-0.8382639833171651,-0.11128057621885423,-0.19625940308848733,5.445845473726515,0.12833727610679282
u20_r14_momentum_126d_k5_strict_v4_reduced_momentum,20,14,momentum_126d,5,strict,4,reduced_momentum,0.7141577121913397,0.20090124648019225,-1.2537388113069938,-0.2435324205217484,-0.3721527031836538,5.4275092936802976,0.1366171003717472
u20_r14_momentum_126d_k10_balanced_v3_btc_eth,20,14,momentum_126d,10,balanced,3,btc_eth,1.0194125085671477,0.5636041525383444,-0.5184346971281965,-0.33854986029460643,-0.5912238486486938,15.156460714818946,0.627511323884555
u20_r14_momentum_126d_k10_balanced_v3_reduced_momentum,20,14,momentum_126d,10,balanced,3,reduced_momentum,0.9652228690731777,0.5120079761370624,-0.6182825271499954,-0.38581982349109345,-0.6337641883798046,14.127736852175815,0.6477080144325388
u20_r14_momentum_126d_k10_balanced_v4_btc_eth,20,14,momentum_126d,10,balanced,4,btc_eth,0.9365668502951184,0.30183853357109025,-0.318810203971774,-0.116298517820844,-0.29152171647116076,9.626823435885385,0.2879919241122933
u20_r14_momentum_126d_k10_balanced_v4_reduced_momentum,20,14,momentum_126d,10,balanced,4,reduced_momentum,0.8074197616008467,0.26629765021900154,-0.6094828516965772,-0.2566681215118136,-0.489866444693424,9.703086276332094,0.3046197335811648
u20_r14_momentum_126d_k10_strict_v3_btc_eth,20,14,momentum_126d,10,strict,3,btc_eth,1.2690927728536703,0.6948768661097806,-0.27804039665287783,-0.12977756062239254,-0.30178728650588016,11.774200426771442,0.38645561050239047
u20_r14_momentum_126d_k10_strict_v3_reduced_momentum,20,14,momentum_126d,10,strict,3,reduced_momentum,1.1556987434139498,0.6249050055492975,-0.7714876171513005,-0.32676931518980756,-0.5344075609872829,11.32525550398326,0.4148115974107478
u20_r14_momentum_126d_k10_strict_v4_btc_eth,20,14,momentum_126d,10,strict,4,btc_eth,0.8782537082399087,0.21034478375317578,-0.6451533240757111,-0.0807315990196571,-0.1552068701418664,5.435782935896273,0.12560766371175294
u20_r14_momentum_126d_k10_strict_v4_reduced_momentum,20,14,momentum_126d,10,strict,4,reduced_momentum,0.8338661140981547,0.22953132534384113,-1.013202580927207,-0.1874371336741698,-0.3045593671992105,5.359665427509294,0.13661710037174718
u20_r14_volatility_adjusted_momentum_k3_balanced_v3_btc_eth,20,14,volatility_adjusted_momentum,3,balanced,3,btc_eth,1.094584423308249,0.49160410629375506,0.10539713335231495,-0.022800874032935625,-0.36835576570524686,13.681918439640395,0.44435260781204367
u20_r14_volatility_adjusted_momentum_k3_balanced_v3_reduced_momentum,20,14,volatility_adjusted_momentum,3,balanced,3,reduced_momentum,0.9519352621692461,0.41364370429349306,0.0786761697562372,-0.03166488578783633,-0.3745700834869313,12.67377498518399,0.444310651365767
u20_r14_volatility_adjusted_momentum_k3_balanced_v4_btc_eth,20,14,volatility_adjusted_momentum,3,balanced,4,btc_eth,1.060430456099128,0.3143792611839793,0.2722277762136595,0.0367661403018098,-0.19081682623965213,9.038653261236906,0.25328658330517073
u20_r14_volatility_adjusted_momentum_k3_balanced_v4_reduced_momentum,20,14,volatility_adjusted_momentum,3,balanced,4,reduced_momentum,0.9024964802854808,0.30766995149303455,0.09695345426327022,-0.010579033167546603,-0.3083980346285379,9.663326329400356,0.25470341037659616
u20_r14_volatility_adjusted_momentum_k3_strict_v3_btc_eth,20,14,volatility_adjusted_momentum,3,strict,3,btc_eth,1.2800539430170093,0.529350143737342,0.1479573515453562,0.006122329262641557,-0.23981687311417188,10.803207753322559,0.3059781569840612
u20_r14_volatility_adjusted_momentum_k3_strict_v3_reduced_momentum,20,14,volatility_adjusted_momentum,3,strict,3,reduced_momentum,1.139179369029572,0.48127068220192837,0.019170190823910055,-0.035512498519802205,-0.32848988829434267,10.172155325682883,0.30670761273638275
u20_r14_volatility_adjusted_momentum_k3_strict_v4_btc_eth,20,14,volatility_adjusted_momentum,3,strict,4,btc_eth,0.8377840538782596,0.1844436668761591,-0.7337436529550331,-0.0862437907304131,-0.16266282942817356,5.304156809733018,0.11887461980398784
u20_r14_volatility_adjusted_momentum_k3_strict_v4_reduced_momentum,20,14,volatility_adjusted_momentum,3,strict,4,reduced_momentum,0.6997288939964369,0.18379576366097994,-0.6307754646957402,-0.11304367657865222,-0.27340378253696374,5.563197026022305,0.11970260223048328
u20_r14_volatility_adjusted_momentum_k5_balanced_v3_btc_eth,20,14,volatility_adjusted_momentum,5,balanced,3,btc_eth,1.1265937557928278,0.6918986911358234,-0.1843759695154579,-0.19069216511375164,-0.518357763566331,16.07434969731215,0.6137977062763244
u20_r14_volatility_adjusted_momentum_k5_balanced_v3_reduced_momentum,20,14,volatility_adjusted_momentum,5,balanced,3,reduced_momentum,1.022488221018448,0.5814361439018907,-0.21350475703758948,-0.20652450039184977,-0.547718236878812,16.435518880155588,0.6240061115621729
u20_r14_volatility_adjusted_momentum_k5_balanced_v4_btc_eth,20,14,volatility_adjusted_momentum,5,balanced,4,btc_eth,0.8744429895648458,0.27537103379319494,-0.09791333945178325,-0.06367819863429325,-0.28560108060912637,9.615794550844667,0.28982482820772787
u20_r14_volatility_adjusted_momentum_k5_balanced_v4_reduced_momentum,20,14,volatility_adjusted_momentum,5,balanced,4,reduced_momentum,0.8077163752618649,0.27442010159651353,-0.23515785355943883,-0.13384475531854922,-0.4235915435285912,10.743670321130784,0.3055468044441644
u20_r14_volatility_adjusted_momentum_k5_strict_v3_btc_eth,20,14,volatility_adjusted_momentum,5,strict,3,btc_eth,1.3588475437145613,0.8020495540167496,-0.15330509542070636,-0.0933400133698975,-0.31402286004369795,11.700832170737332,0.3793412374823996
u20_r14_volatility_adjusted_momentum_k5_strict_v3_reduced_momentum,20,14,volatility_adjusted_momentum,5,strict,3,reduced_momentum,1.1615751643487269,0.6350061316696063,-0.3985638407582515,-0.19626218889699598,-0.4488846477773194,12.104833743129163,0.39852335941502987
u20_r14_volatility_adjusted_momentum_k5_strict_v4_btc_eth,20,14,volatility_adjusted_momentum,5,strict,4,btc_eth,0.8054808174359275,0.19017050131283098,-0.7262680260043015,-0.0898193034217516,-0.16748779889358567,5.4275092936802976,0.12360594795539033
u20_r14_volatility_adjusted_momentum_k5_strict_v4_reduced_momentum,20,14,volatility_adjusted_momentum,5,strict,4,reduced_momentum,0.8290258048568497,0.23483098949764947,-0.7672129981894926,-0.1430177732507314,-0.28361023173480826,5.766728624535316,0.13228004956629494
u20_r14_volatility_adjusted_momentum_k10_balanced_v3_btc_eth,20,14,volatility_adjusted_momentum,10,balanced,3,btc_eth,0.9444962712971974,0.48553712534205085,-0.23972949184098635,-0.21789361557217257,-0.48342620730237407,14.689985337801152,0.619340418529203
u20_r14_volatility_adjusted_momentum_k10_balanced_v3_reduced_momentum,20,14,volatility_adjusted_momentum,10,balanced,3,reduced_momentum,0.8597084291223978,0.4078381432207412,-0.1917546876584455,-0.2117488696383686,-0.4773524504341241,13.931145213527282,0.6339566396201612
u20_r14_volatility_adjusted_momentum_k10_balanced_v4_btc_eth,20,14,volatility_adjusted_momentum,10,balanced,4,btc_eth,0.8499352808603919,0.2620477713182052,-0.26584431759225247,-0.10398891370607677,-0.30104761097628885,9.485094366599943,0.29066797514752907
u20_r14_volatility_adjusted_momentum_k10_balanced_v4_reduced_momentum,20,14,volatility_adjusted_momentum,10,balanced,4,reduced_momentum,0.6835988858540134,0.2065820630072892,-0.3157430279347252,-0.16013740357789052,-0.40224821959231793,9.714393587360595,0.30297397769516726
u20_r14_volatility_adjusted_momentum_k10_strict_v3_btc_eth,20,14,volatility_adjusted_momentum,10,strict,3,btc_eth,1.2095389951104822,0.649799582465123,-0.13111246697828843,-0.08592106163827884,-0.3138427851585671,11.678007356433799,0.38308679997652284
u20_r14_volatility_adjusted_momentum_k10_strict_v3_reduced_momentum,20,14,volatility_adjusted_momentum,10,strict,3,reduced_momentum,1.0266629356297667,0.5089395110809931,-0.3519500980454128,-0.19167395519293917,-0.40517062127802383,11.245869095779577,0.40737070850645096
u20_r14_volatility_adjusted_momentum_k10_strict_v4_btc_eth,20,14,volatility_adjusted_momentum,10,strict,4,btc_eth,0.8295686533717879,0.19504621823611057,-0.7710035373775841,-0.09860425052012534,-0.1793044749743815,5.445845473726515,0.12833727610679282
u20_r14_volatility_adjusted_momentum_k10_strict_v4_reduced_momentum,20,14,volatility_adjusted_momentum,10,strict,4,reduced_momentum,0.7485969136591815,0.1995159397955375,-0.809295301694534,-0.1552169520198292,-0.2752135733987794,5.529275092936803,0.13661710037174718
u30_r7_momentum_21d_k3_balanced_v3_btc_eth,30,7,momentum_21d,3,balanced,3,btc_eth,1.4307404953286371,0.8491159301216591,-0.3059330458319323,-0.16592511698724344,-0.5140920718521163,28.884727948324233,0.43110000886584554
u30_r7_momentum_21d_k3_balanced_v3_reduced_momentum,30,7,momentum_21d,3,balanced,3,reduced_momentum,1.3130186998533273,0.8121447484309592,-0.6953968958293602,-0.3152453802755333,-0.6299783791585487,27.791352213596745,0.43027844139086935
u30_r7_momentum_21d_k3_balanced_v4_btc_eth,30,7,momentum_21d,3,balanced,4,btc_eth,1.6000742043119418,0.6034451603354332,-0.3036677710302485,-0.10196062726161825,-0.3216681840610036,15.887799932409598,0.23867860763771548
u30_r7_momentum_21d_k3_balanced_v4_reduced_momentum,30,7,momentum_21d,3,balanced,4,reduced_momentum,1.407690388640142,0.6958213670183659,-0.440948503714661,-0.166791627181328,-0.4179267847101239,19.671734677858655,0.24026505982925206
u30_r7_momentum_21d_k3_strict_v3_btc_eth,30,7,momentum_21d,3,strict,3,btc_eth,1.3588076831647162,0.6525117646255378,-0.3818208944820961,-0.13998476237694257,-0.3590292359022451,20.701022192188933,0.31976697298403234
u30_r7_momentum_21d_k3_strict_v3_reduced_momentum,30,7,momentum_21d,3,strict,3,reduced_momentum,1.276049846410886,0.6757893826720902,-0.6900013754262893,-0.25739086796707,-0.4623868548903185,22.993499075103372,0.3212670936448611
u30_r7_momentum_21d_k3_strict_v4_btc_eth,30,7,momentum_21d,3,strict,4,btc_eth,1.2913653888547798,0.30357370103108616,-0.28744041030860784,-0.038807313793126186,-0.17385307000290373,10.367776275768842,0.11491213247718825
u30_r7_momentum_21d_k3_strict_v4_reduced_momentum,30,7,momentum_21d,3,strict,4,reduced_momentum,1.1214206054829368,0.39225084872388627,-0.46464621561438846,-0.09762069496682124,-0.25584470343993093,11.026103119443995,0.11452642637788914
u30_r7_momentum_21d_k5_balanced_v3_btc_eth,30,7,momentum_21d,5,balanced,3,btc_eth,1.2330751115533396,0.8346787895575754,-0.16464645598181157,-0.17986427062743504,-0.6078434552370813,31.786563328380986,0.5898860677580207
u30_r7_momentum_21d_k5_balanced_v3_reduced_momentum,30,7,momentum_21d,5,balanced,3,reduced_momentum,1.2115112855060133,0.842340025346092,-0.5448743327183079,-0.33982881693871136,-0.6623442165166232,32.31036095574803,0.5821313899479006
u30_r7_momentum_21d_k5_balanced_v4_btc_eth,30,7,momentum_21d,5,balanced,4,btc_eth,1.4175587669505207,0.5590884207109097,-0.2836781474982305,-0.1187003294706942,-0.3976200644864618,17.469628846487584,0.2745860087867523
u30_r7_momentum_21d_k5_balanced_v4_reduced_momentum,30,7,momentum_21d,5,balanced,4,reduced_momentum,1.2982214343162461,0.6010001812584818,-0.2773517150628685,-0.1398207850108053,-0.4465790989720495,20.63208336723855,0.279857901297983
u30_r7_momentum_21d_k5_strict_v3_btc_eth,30,7,momentum_21d,5,strict,3,btc_eth,1.4213136022930346,0.8784198774953111,-0.1487310057229066,-0.09640901214353836,-0.41848116259143153,23.01895437890043,0.3871400730537532
u30_r7_momentum_21d_k5_strict_v3_reduced_momentum,30,7,momentum_21d,5,strict,3,reduced_momentum,1.3413775238562138,0.8539744300050223,-0.4958526126786935,-0.23164670149530542,-0.5127889045504936,25.627122357730865,0.39496206080990914
u30_r7_momentum_21d_k5_strict_v4_btc_eth,30,7,momentum_21d,5,strict,4,btc_eth,1.2135371325695399,0.2923791787411272,-0.2779835435498497,-0.04122730771902605,-0.17288360221100052,10.890725885345335,0.12103795734689886
u30_r7_momentum_21d_k5_strict_v4_reduced_momentum,30,7,momentum_21d,5,strict,4,reduced_momentum,1.1770643773553027,0.38585165717780123,-0.1362902229231906,-0.03728926555195555,-0.25164212797684204,11.417723595014214,0.12073584080472337
u30_r7_momentum_21d_k10_balanced_v3_btc_eth,30,7,momentum_21d,10,balanced,3,btc_eth,1.3683312595596882,0.9548105437715415,0.004811359719535845,-0.11906210652285487,-0.5840707264235232,31.08597699829411,0.6085380465360392
u30_r7_momentum_21d_k10_balanced_v3_reduced_momentum,30,7,momentum_21d,10,balanced,3,reduced_momentum,1.100881581886097,0.6647893875367048,-0.1940797738486822,-0.21334479632562475,-0.6131732700339767,30.93325717254987,0.5986079547448508
u30_r7_momentum_21d_k10_balanced_v4_btc_eth,30,7,momentum_21d,10,balanced,4,btc_eth,1.251645855959378,0.44675740580553813,-0.3291992580059165,-0.12363883950636856,-0.36705241456707327,17.534974262251826,0.26918281052366433
u30_r7_momentum_21d_k10_balanced_v4_reduced_momentum,30,7,momentum_21d,10,balanced,4,reduced_momentum,1.203738068710789,0.48979491914355844,-0.17732799638429844,-0.11598107566132854,-0.4332175780247767,19.56702515540925,0.28446521021558324
u30_r7_momentum_21d_k10_strict_v3_btc_eth,30,7,momentum_21d,10,strict,3,btc_eth,1.4758010802029238,0.8849447644750148,-0.061242440720265426,-0.07346496533549851,-0.392556381119462,22.86309089315918,0.38773876212054187
u30_r7_momentum_21d_k10_strict_v3_reduced_momentum,30,7,momentum_21d,10,strict,3,reduced_momentum,1.2832291535514893,0.7398293263524522,-0.3232669608276949,-0.18576966904668313,-0.47633921607573504,24.637730948443828,0.4041129635557513
u30_r7_momentum_21d_k10_strict_v4_btc_eth,30,7,momentum_21d,10,strict,4,btc_eth,1.1112856340673278,0.26056801267098284,-0.0335790915367841,-0.011991639100533025,-0.16096611232452296,10.90898529908753,0.12138813788442042
u30_r7_momentum_21d_k10_strict_v4_reduced_momentum,30,7,momentum_21d,10,strict,4,reduced_momentum,1.1654853461022752,0.342779594041289,-0.03471865318575052,-0.021607815633814975,-0.23694113213826684,11.058550185873607,0.12035315985130111
u30_r7_momentum_63d_k3_balanced_v3_btc_eth,30,7,momentum_63d,3,balanced,3,btc_eth,1.0358611819405374,0.485524400066742,0.2877994208512452,0.03483416116109739,-0.4462278470322135,26.007566213116956,0.4325102928047636
u30_r7_momentum_63d_k3_balanced_v3_reduced_momentum,30,7,momentum_63d,3,balanced,3,reduced_momentum,0.7938591860776291,0.33213001451000657,-0.1663808001047102,-0.15754391439286475,-0.5528316402898094,21.482738347035728,0.4311967019905142
u30_r7_momentum_63d_k3_balanced_v4_btc_eth,30,7,momentum_63d,3,balanced,4,btc_eth,1.2583293609871975,0.4129159669657321,-0.05436075497728317,-0.049175786266611676,-0.28068072900299057,16.14992396079757,0.23814633322068265
u30_r7_momentum_63d_k3_balanced_v4_reduced_momentum,30,7,momentum_63d,3,balanced,4,reduced_momentum,0.8802854955295176,0.3249889907825627,0.22623848458162008,0.01819143901443776,-0.3443137890874368,16.495891923926514,0.24027800226280915
u30_r7_momentum_63d_k3_strict_v3_btc_eth,30,7,momentum_63d,3,strict,3,btc_eth,1.0821825398251443,0.43772630843986393,0.04280450990181599,-0.03367640668216654,-0.32078550498535996,20.38037089795425,0.3195907978994444
u30_r7_momentum_63d_k3_strict_v3_reduced_momentum,30,7,momentum_63d,3,strict,3,reduced_momentum,0.8065898216129542,0.31123728327283184,-0.39384398000307586,-0.1874761391620019,-0.45082390272024864,19.21375832023157,0.3209331883568186
u30_r7_momentum_63d_k3_strict_v4_btc_eth,30,7,momentum_63d,3,strict,4,btc_eth,1.1300754199797016,0.25163981901388355,-0.12842016527787298,-0.02410493927425661,-0.1830147356126367,10.367776275768842,0.11491213247718825
u30_r7_momentum_63d_k3_strict_v4_reduced_momentum,30,7,momentum_63d,3,strict,4,reduced_momentum,0.7938140032791255,0.22898217466864268,-0.02811207615701,-0.027466562460213284,-0.2810226866524944,10.357496902106568,0.11449814126394053
u30_r7_momentum_63d_k5_balanced_v3_btc_eth,30,7,momentum_63d,5,balanced,3,btc_eth,1.3392502263152213,0.9830342102346015,0.08362044283290977,-0.10276293557756666,-0.5787725145853871,30.39854485311987,0.6097951572497218
u30_r7_momentum_63d_k5_balanced_v3_reduced_momentum,30,7,momentum_63d,5,balanced,3,reduced_momentum,1.011270104301475,0.5979924604399716,-0.1859407032312016,-0.24808815326435807,-0.6230035727203458,29.906708494892236,0.6110246230029999
u30_r7_momentum_63d_k5_balanced_v4_btc_eth,30,7,momentum_63d,5,balanced,4,btc_eth,1.253640527050761,0.4719501830947628,-0.16321971511621067,-0.0868188674202448,-0.3607921339664847,17.513083833089492,0.26666250348972187
u30_r7_momentum_63d_k5_balanced_v4_reduced_momentum,30,7,momentum_63d,5,balanced,4,reduced_momentum,1.0807032089380486,0.4535364831659423,-0.08032698945956342,-0.10408768153869352,-0.45177721283199235,19.050820083101687,0.28123074170526613
u30_r7_momentum_63d_k5_strict_v3_btc_eth,30,7,momentum_63d,5,strict,3,btc_eth,1.2602107384120553,0.7061022846486278,-0.08490231994848939,-0.08241944521075151,-0.37391793595920186,22.54805040937901,0.3839149107592106
u30_r7_momentum_63d_k5_strict_v3_reduced_momentum,30,7,momentum_63d,5,strict,3,reduced_momentum,1.168443915881908,0.6773822465331931,-0.3666271597723065,-0.20591991125600106,-0.483721804360434,23.299235593881097,0.4006262204508739
u30_r7_momentum_63d_k5_strict_v4_btc_eth,30,7,momentum_63d,5,strict,4,btc_eth,1.11420299950926,0.26225753569336274,-0.13859546393691322,-0.026655766698886363,-0.17702404020819784,10.890725885345335,0.12103795734689886
u30_r7_momentum_63d_k5_strict_v4_reduced_momentum,30,7,momentum_63d,5,strict,4,reduced_momentum,1.0323531453672972,0.31107868830665364,-0.21698939898280167,-0.0567018956862696,-0.2676678727588965,10.9228624535316,0.12035315985130111
u30_r7_momentum_63d_k10_balanced_v3_btc_eth,30,7,momentum_63d,10,balanced,3,btc_eth,1.3063738399489813,0.8914603025240471,-0.08923939189731771,-0.176724662559002,-0.5917361285675352,29.196238641248975,0.620785724769482
u30_r7_momentum_63d_k10_balanced_v3_reduced_momentum,30,7,momentum_63d,10,balanced,3,reduced_momentum,0.9813179051668177,0.538747385400641,-0.2472646380524155,-0.2586874082837086,-0.6265493488658866,26.8984831533501,0.6158376890968222
u30_r7_momentum_63d_k10_balanced_v4_btc_eth,30,7,momentum_63d,10,balanced,4,btc_eth,1.2257904097655314,0.4352221928985054,-0.33275869417112774,-0.12354333922764105,-0.3648257352409012,17.49046724650814,0.26551979618894117
u30_r7_momentum_63d_k10_balanced_v4_reduced_momentum,30,7,momentum_63d,10,balanced,4,reduced_momentum,1.0954787079779953,0.43069989085914506,-0.27317838547831474,-0.15451123500441233,-0.4699855497134984,18.042228159851305,0.28630343866171004
u30_r7_momentum_63d_k10_strict_v3_btc_eth,30,7,momentum_63d,10,strict,3,btc_eth,1.3793519891630541,0.7991261212516343,-0.11690258349183695,-0.09063862425576141,-0.3869227047223244,22.759683900426378,0.38692543278056885
u30_r7_momentum_63d_k10_strict_v3_reduced_momentum,30,7,momentum_63d,10,strict,3,reduced_momentum,1.2146497148647113,0.6841524686030462,-0.41212211231261137,-0.2197519960102149,-0.5179204395746073,21.950838265505773,0.4112586007304506
u30_r7_momentum_63d_k10_strict_v4_btc_eth,30,7,momentum_63d,10,strict,4,btc_eth,1.0387200199059234,0.2356364063319778,-0.168688733286442,-0.029743004675165885,-0.17732341618079972,10.90898529908753,0.12138813788442042
u30_r7_momentum_63d_k10_strict_v4_reduced_momentum,30,7,momentum_63d,10,strict,4,reduced_momentum,1.0955959262180648,0.3162312069888258,-0.2417479245467784,-0.056535204495411606,-0.2645865621579374,10.855018587360595,0.12035315985130111
u30_r7_momentum_126d_k3_balanced_v3_btc_eth,30,7,momentum_126d,3,balanced,3,btc_eth,1.0418464452692289,0.4926736716747455,0.20737818446702608,0.007139327180901489,-0.45241608386631993,26.259712696430846,0.43195460552338455
u30_r7_momentum_126d_k3_balanced_v3_reduced_momentum,30,7,momentum_126d,3,balanced,3,reduced_momentum,0.8074501870802808,0.3465567537888248,0.01993796817016344,-0.0778431221617818,-0.5753198275681537,19.706140318654462,0.43198421911045154
u30_r7_momentum_126d_k3_balanced_v4_btc_eth,30,7,momentum_126d,3,balanced,4,btc_eth,1.1329049666501818,0.35081599986841927,-0.020735283938998025,-0.03444147864047897,-0.2887019845730564,16.001900980060835,0.2398022980736735
u30_r7_momentum_126d_k3_balanced_v4_reduced_momentum,30,7,momentum_126d,3,balanced,4,reduced_momentum,0.7024601942147282,0.23092865525151884,0.05693576757991381,-0.02998263120489264,-0.38128260403696135,17.006195786864932,0.24033457249070633
u30_r7_momentum_126d_k3_strict_v3_btc_eth,30,7,momentum_126d,3,strict,3,btc_eth,0.7959536775648152,0.28354623042628746,0.07106349267013928,-0.021269297417284894,-0.326576713568567,20.056570627592645,0.32083277153918754
u30_r7_momentum_126d_k3_strict_v3_reduced_momentum,30,7,momentum_126d,3,strict,3,reduced_momentum,0.8237732737581541,0.32983288811238465,-0.05008167904766786,-0.07765802910502229,-0.4232749666939284,17.89947335811648,0.3213754646840149
u30_r7_momentum_126d_k3_strict_v4_btc_eth,30,7,momentum_126d,3,strict,4,btc_eth,0.97433963391588,0.2085434040837162,-0.2940009930383391,-0.04058378583982458,-0.18046451785012363,10.312267657992566,0.11449814126394053
u30_r7_momentum_126d_k3_strict_v4_reduced_momentum,30,7,momentum_126d,3,strict,4,reduced_momentum,0.41400552902001786,0.08457060250572246,0.1709623761544231,0.014656827165205222,-0.23039625120885698,10.583643122676582,0.11449814126394053
u30_r7_momentum_126d_k5_balanced_v3_btc_eth,30,7,momentum_126d,5,balanced,3,btc_eth,1.2868544131410768,0.9347881767669517,0.05377273633553473,-0.10656941895005712,-0.5554896678558421,30.107575166511445,0.6152057441219897
u30_r7_momentum_126d_k5_balanced_v3_reduced_momentum,30,7,momentum_126d,5,balanced,3,reduced_momentum,1.0181004175535064,0.6090676707209737,-0.08725091312627005,-0.20020129212553994,-0.6346331026053211,27.338117149706218,0.6163542727785714
u30_r7_momentum_126d_k5_balanced_v4_btc_eth,30,7,momentum_126d,5,balanced,4,btc_eth,1.266123322392811,0.4690849746790382,-0.03828078867709984,-0.04637111366849289,-0.30490457548031913,17.446653693300455,0.2682528395688624
u30_r7_momentum_126d_k5_balanced_v4_reduced_momentum,30,7,momentum_126d,5,balanced,4,reduced_momentum,1.1004225525946494,0.4752545011922804,0.010864045150454577,-0.058614088027563294,-0.3836908799143782,18.982097351436433,0.2864549165391064
u30_r7_momentum_126d_k5_strict_v3_btc_eth,30,7,momentum_126d,5,strict,3,btc_eth,1.151262641404286,0.6213602828877987,0.0931154089328114,-0.024160547593199744,-0.35842445988670957,22.766921474024986,0.38685224702528714
u30_r7_momentum_126d_k5_strict_v3_reduced_momentum,30,7,momentum_126d,5,strict,3,reduced_momentum,1.2166321841612684,0.7421445997850029,-0.1694182283295658,-0.14822512642074293,-0.46048605169187207,21.92093838505178,0.413681732592827
u30_r7_momentum_126d_k5_strict_v4_btc_eth,30,7,momentum_126d,5,strict,4,btc_eth,0.9647533381655589,0.2243683329036834,-0.08512953525537227,-0.021211672776126456,-0.16078129810797515,10.890725885345335,0.12103795734689886
u30_r7_momentum_126d_k5_strict_v4_reduced_momentum,30,7,momentum_126d,5,strict,4,reduced_momentum,0.8013698034197252,0.2273385602744884,0.19051143954110994,0.018155005893733867,-0.17052193294868545,11.194237918215613,0.12035315985130111
u30_r7_momentum_126d_k10_balanced_v3_btc_eth,30,7,momentum_126d,10,balanced,3,btc_eth,1.3305587894554867,0.9223796309380441,-0.048515258225132675,-0.150599736814648,-0.5858331185224412,29.549424738333247,0.6245712113475755
u30_r7_momentum_126d_k10_balanced_v3_reduced_momentum,30,7,momentum_126d,10,balanced,3,reduced_momentum,1.074902740340135,0.6450375438206637,-0.20952363875394142,-0.23733955182467414,-0.6238563141309305,26.72319646957296,0.6215387874480647
u30_r7_momentum_126d_k10_balanced_v4_btc_eth,30,7,momentum_126d,10,balanced,4,btc_eth,1.274566257977787,0.45069113069528544,-0.22633469339112378,-0.0885788381046031,-0.30915963040417815,17.444576130953024,0.265090881809612
u30_r7_momentum_126d_k10_balanced_v4_reduced_momentum,30,7,momentum_126d,10,balanced,4,reduced_momentum,1.1501933652554557,0.45880652567780555,-0.22351158662333115,-0.12716146245508653,-0.41351996061686924,18.47897304832714,0.2903694237918215
u30_r7_momentum_126d_k10_strict_v3_btc_eth,30,7,momentum_126d,10,strict,3,btc_eth,1.4095218240384644,0.8155336827102191,-0.1542970824996765,-0.0977645615707855,-0.3686575635043716,22.9055926009471,0.3861830948217775
u30_r7_momentum_126d_k10_strict_v3_reduced_momentum,30,7,momentum_126d,10,strict,3,reduced_momentum,1.3112375094291404,0.7757169053728745,-0.41235817607212927,-0.21798512485871313,-0.4802118900179886,21.89313115862174,0.4179903447389521
u30_r7_momentum_126d_k10_strict_v4_btc_eth,30,7,momentum_126d,10,strict,4,btc_eth,1.1036339163576745,0.2549514027558497,-0.09848709790501298,-0.022440455590364894,-0.16514081184550067,10.90898529908753,0.12138813788442042
u30_r7_momentum_126d_k10_strict_v4_reduced_momentum,30,7,momentum_126d,10,strict,4,reduced_momentum,1.1270014364530363,0.3267119634651767,-0.24302471334884074,-0.05464994204770146,-0.21236367372557097,11.058550185873607,0.12035315985130111
u30_r7_volatility_adjusted_momentum_k3_balanced_v3_btc_eth,30,7,volatility_adjusted_momentum,3,balanced,3,btc_eth,1.0110951925825031,0.44406011181018124,0.2316620395910023,0.020943259751505794,-0.41909624052744243,26.200622967825854,0.4320806753956043
u30_r7_volatility_adjusted_momentum_k3_balanced_v3_reduced_momentum,30,7,volatility_adjusted_momentum,3,balanced,3,reduced_momentum,0.7373387341752887,0.2824741246477749,0.0164582826536313,-0.06018952738898431,-0.4543822014256502,22.565044621368948,0.43124053113119104
u30_r7_volatility_adjusted_momentum_k3_balanced_v4_btc_eth,30,7,volatility_adjusted_momentum,3,balanced,4,btc_eth,1.2642347464933503,0.4021691896986779,0.17796546665966587,0.014022132133363119,-0.23887713581350412,15.810704629942549,0.23897431564717808
u30_r7_volatility_adjusted_momentum_k3_balanced_v4_reduced_momentum,30,7,volatility_adjusted_momentum,3,balanced,4,reduced_momentum,0.8512928291747498,0.29192139967020014,0.23254822438266004,0.026503028061308553,-0.28129138910964013,16.93540218738215,0.2402780022628091
u30_r7_volatility_adjusted_momentum_k3_strict_v3_btc_eth,30,7,volatility_adjusted_momentum,3,strict,3,btc_eth,0.9983033202986769,0.37009691494573094,0.1420057952391814,-0.00022260419250086372,-0.29834322259575485,20.21692885672411,0.3195907978994444
u30_r7_volatility_adjusted_momentum_k3_strict_v3_reduced_momentum,30,7,volatility_adjusted_momentum,3,strict,3,reduced_momentum,0.7984163646706784,0.29259197413590665,-0.19516150930766568,-0.10249443054419993,-0.3616523556732758,20.46310784559574,0.32092903272396356
u30_r7_volatility_adjusted_momentum_k3_strict_v4_btc_eth,30,7,volatility_adjusted_momentum,3,strict,4,btc_eth,0.9616311380568964,0.19803737108376196,-0.1765399162467269,-0.029063926625451986,-0.18301473561263626,10.312267657992566,0.11449814126394053
u30_r7_volatility_adjusted_momentum_k3_strict_v4_reduced_momentum,30,7,volatility_adjusted_momentum,3,strict,4,reduced_momentum,0.6604845939262711,0.1654667282923612,0.04429707911309177,-0.007744999578159439,-0.2172629574700794,10.583643122676582,0.11449814126394053
u30_r7_volatility_adjusted_momentum_k5_balanced_v3_btc_eth,30,7,volatility_adjusted_momentum,5,balanced,3,btc_eth,1.3538418478669556,0.979027394510239,-0.31039641525635076,-0.2500517304532782,-0.6169133501340974,29.990968779553207,0.6082785978512056
u30_r7_volatility_adjusted_momentum_k5_balanced_v3_reduced_momentum,30,7,volatility_adjusted_momentum,5,balanced,3,reduced_momentum,1.0570838944812018,0.6402681909418029,-0.48440712327610974,-0.3244859255712772,-0.6562576077269016,29.096397673140995,0.6076064139914993
u30_r7_volatility_adjusted_momentum_k5_balanced_v4_btc_eth,30,7,volatility_adjusted_momentum,5,balanced,4,btc_eth,1.216527214721567,0.4324161707156313,-0.14215870715786738,-0.07447380052116825,-0.31692059945401185,17.403313631373035,0.26622512750397564
u30_r7_volatility_adjusted_momentum_k5_balanced_v4_reduced_momentum,30,7,volatility_adjusted_momentum,5,balanced,4,reduced_momentum,1.1352408175361504,0.4665893395525307,-0.3507209133725854,-0.1621526454225688,-0.4226296558047683,18.774281606561537,0.28531713933779873
u30_r7_volatility_adjusted_momentum_k5_strict_v3_btc_eth,30,7,volatility_adjusted_momentum,5,strict,3,btc_eth,1.3492210100759239,0.7825081670606815,-0.23121956667522525,-0.12382369085244505,-0.40457160187554375,22.72591769835912,0.3804902103610526
u30_r7_volatility_adjusted_momentum_k5_strict_v3_reduced_momentum,30,7,volatility_adjusted_momentum,5,strict,3,reduced_momentum,1.2354966485728707,0.7269119953537244,-0.6246987129019884,-0.26649361309177144,-0.5244153413806619,23.62093409048644,0.4044559097528554
u30_r7_volatility_adjusted_momentum_k5_strict_v4_btc_eth,30,7,volatility_adjusted_momentum,5,strict,4,btc_eth,1.0532812746901457,0.23859141676416917,-0.2305859612775089,-0.03779061517674087,-0.18510268046227574,10.890725885345335,0.12103795734689884
u30_r7_volatility_adjusted_momentum_k5_strict_v4_reduced_momentum,30,7,volatility_adjusted_momentum,5,strict,4,reduced_momentum,1.1274400971613574,0.33423839410698464,-0.41957258885631443,-0.08704748929601547,-0.27601982080780396,11.058550185873607,0.12035315985130111
u30_r7_volatility_adjusted_momentum_k10_balanced_v3_btc_eth,30,7,volatility_adjusted_momentum,10,balanced,3,btc_eth,1.2996946543975376,0.86930986014811,-0.01208190017132466,-0.13034448310460944,-0.583919471196242,30.39889572037458,0.6209565131949549
u30_r7_volatility_adjusted_momentum_k10_balanced_v3_reduced_momentum,30,7,volatility_adjusted_momentum,10,balanced,3,reduced_momentum,1.004524876365285,0.5600048128758042,-0.2640935910904648,-0.24691499695641805,-0.6172922281301141,28.76566107484162,0.6148010241059182
u30_r7_volatility_adjusted_momentum_k10_balanced_v4_btc_eth,30,7,volatility_adjusted_momentum,10,balanced,4,btc_eth,1.208733981137982,0.41839044067530806,-0.2548422702649753,-0.10304427978209885,-0.34598587298575656,17.508880467570673,0.26818195264548295
u30_r7_volatility_adjusted_momentum_k10_balanced_v4_reduced_momentum,30,7,volatility_adjusted_momentum,10,balanced,4,reduced_momentum,1.0760087843971036,0.4121388257030847,-0.20901497403357885,-0.11933969613457651,-0.4203770495486002,18.56660470879802,0.2861679058240396
u30_r7_volatility_adjusted_momentum_k10_strict_v3_btc_eth,30,7,volatility_adjusted_momentum,10,strict,3,btc_eth,1.3342990917833812,0.7344535318743588,-0.12329464402576339,-0.09168143361470604,-0.4059103932212794,23.058244909759008,0.3830662060911945
u30_r7_volatility_adjusted_momentum_k10_strict_v3_reduced_momentum,30,7,volatility_adjusted_momentum,10,strict,3,reduced_momentum,1.2087083899817501,0.6613474073531425,-0.4317368230393646,-0.21312160471997277,-0.48277006971645064,23.290322255788666,0.41029140818918053
u30_r7_volatility_adjusted_momentum_k10_strict_v4_btc_eth,30,7,volatility_adjusted_momentum,10,strict,4,btc_eth,1.0290274834790891,0.23126523613688565,-0.15517095752047352,-0.027469283069393002,-0.17252975402073567,10.90898529908753,0.12138813788442042
u30_r7_volatility_adjusted_momentum_k10_strict_v4_reduced_momentum,30,7,volatility_adjusted_momentum,10,strict,4,reduced_momentum,1.0426886774150352,0.28671785567671293,-0.2865942404139539,-0.06254815742855213,-0.25613724817786065,11.058550185873607,0.12035315985130111
u30_r14_momentum_21d_k3_balanced_v3_btc_eth,30,14,momentum_21d,3,balanced,3,btc_eth,1.2336104297458226,0.6494514802647804,-0.7800731132759405,-0.28108527255063653,-0.4645861508001079,15.02424425217071,0.43954805875044406
u30_r14_momentum_21d_k3_balanced_v3_reduced_momentum,30,14,momentum_21d,3,balanced,3,reduced_momentum,1.0437827910738509,0.5289055799973459,-0.902443493599124,-0.35602415927486053,-0.5811033173135507,16.054176536717215,0.44001204658737103
u30_r14_momentum_21d_k3_balanced_v4_btc_eth,30,14,momentum_21d,3,balanced,4,btc_eth,1.3493243725538309,0.4640615334492686,-0.5625274145296151,-0.16438580084197163,-0.31562106984517313,9.177424805677594,0.24258195336262253
u30_r14_momentum_21d_k3_balanced_v4_reduced_momentum,30,14,momentum_21d,3,balanced,4,reduced_momentum,1.2251563067869333,0.5365717533310588,-1.1253833906607167,-0.3135084133346623,-0.48890631028007725,10.839713913654412,0.24216639036733162
u30_r14_momentum_21d_k3_strict_v3_btc_eth,30,14,momentum_21d,3,strict,3,btc_eth,1.2918119671711494,0.6067145404368379,-0.24493633841715387,-0.08736750566220142,-0.29456910638665346,9.963611119028327,0.3186913928101728
u30_r14_momentum_21d_k3_strict_v3_reduced_momentum,30,14,momentum_21d,3,strict,3,reduced_momentum,1.1112738839709095,0.5239511278162536,-0.46824608859975053,-0.1816993084442613,-0.3677738904944824,12.472712063882115,0.3173411399207554
u30_r14_momentum_21d_k3_strict_v4_btc_eth,30,14,momentum_21d,3,strict,4,btc_eth,0.9634900524058003,0.23736922907546565,-0.8428796506524286,-0.10754313079211553,-0.221948698676406,5.359665427509294,0.12147685028725921
u30_r14_momentum_21d_k3_strict_v4_reduced_momentum,30,14,momentum_21d,3,strict,4,reduced_momentum,1.0580924874513657,0.38070557646654857,-1.1339073955857164,-0.18550085844635278,-0.30386711076859807,5.666131226136074,0.12152166566260635
u30_r14_momentum_21d_k5_balanced_v3_btc_eth,30,14,momentum_21d,5,balanced,3,btc_eth,1.3456556957547117,0.9553280915403282,-0.640712292836481,-0.33462957924942727,-0.552855377847999,15.908376689970915,0.5881394494815513
u30_r14_momentum_21d_k5_balanced_v3_reduced_momentum,30,14,momentum_21d,5,balanced,3,reduced_momentum,1.126437639144167,0.7118912323799902,-0.7863725574399466,-0.39398135293161873,-0.615329705616011,16.84970328450018,0.5860293048653243
u30_r14_momentum_21d_k5_balanced_v4_btc_eth,30,14,momentum_21d,5,balanced,4,btc_eth,1.09197034244728,0.3878823553813746,-0.657169560895044,-0.21253158568808028,-0.4264370548495636,9.86884783192822,0.2810356402363838
u30_r14_momentum_21d_k5_balanced_v4_reduced_momentum,30,14,momentum_21d,5,balanced,4,reduced_momentum,1.1629847031277523,0.49500826759470495,-0.9194044779082305,-0.30082660054147736,-0.5101220251599368,11.50003125602349,0.2824907258535128
u30_r14_momentum_21d_k5_strict_v3_btc_eth,30,14,momentum_21d,5,strict,3,btc_eth,1.3459615775895066,0.7953801055623473,-0.22042382585974063,-0.10668189833873998,-0.3303367737619072,10.741154774594774,0.3832530274501337
u30_r14_momentum_21d_k5_strict_v3_reduced_momentum,30,14,momentum_21d,5,strict,3,reduced_momentum,1.1873006168366533,0.6745240347877814,-0.46471555418072874,-0.20223972487785558,-0.42588244486165305,13.415217427763373,0.38324913031855673
u30_r14_momentum_21d_k5_strict_v4_btc_eth,30,14,momentum_21d,5,strict,4,btc_eth,0.8469570709169039,0.20917289147289853,-1.0584911764564033,-0.15187470386608637,-0.27823915637808094,5.766728624535316,0.14312267657992564
u30_r14_momentum_21d_k5_strict_v4_reduced_momentum,30,14,momentum_21d,5,strict,4,reduced_momentum,1.138860436049774,0.3961333932136768,-0.8981376144962254,-0.16349950269916946,-0.3342824648709686,5.854236715760879,0.1370135440767411
u30_r14_momentum_21d_k10_balanced_v3_btc_eth,30,14,momentum_21d,10,balanced,3,btc_eth,1.2029631636223195,0.7472915999780283,-0.4699150877156996,-0.2788591133396465,-0.5129851548800715,15.96723437158191,0.5941356365158764
u30_r14_momentum_21d_k10_balanced_v3_reduced_momentum,30,14,momentum_21d,10,balanced,3,reduced_momentum,1.062662985596196,0.6129431050995684,-0.45767305369935823,-0.30212591469202155,-0.5413259560050849,16.915697520490717,0.6081290345936298
u30_r14_momentum_21d_k10_balanced_v4_btc_eth,30,14,momentum_21d,10,balanced,4,btc_eth,1.00316112585285,0.3282187088266346,-0.7692151102364301,-0.22819662150566933,-0.4119523846780264,9.916380325839594,0.2806962064913754
u30_r14_momentum_21d_k10_balanced_v4_reduced_momentum,30,14,momentum_21d,10,balanced,4,reduced_momentum,1.0164105644901122,0.3747938076322157,-0.8578850281478401,-0.2933993943131141,-0.48872848793900336,10.877612071958275,0.28870745989408986
u30_r14_momentum_21d_k10_strict_v3_btc_eth,30,14,momentum_21d,10,strict,3,btc_eth,1.2707285014028697,0.6957809914675805,-0.25138732641969924,-0.12330643517914697,-0.3597472650460821,10.81534758942173,0.39307423785534723
u30_r14_momentum_21d_k10_strict_v3_reduced_momentum,30,14,momentum_21d,10,strict,3,reduced_momentum,1.1015486638871321,0.5746192528341976,-0.4270632967287669,-0.20230384791565048,-0.4086290227737769,12.818045757394573,0.3968211098054989
u30_r14_momentum_21d_k10_strict_v4_btc_eth,30,14,momentum_21d,10,strict,4,btc_eth,0.8443164036642214,0.20196744317422133,-0.9557340207106723,-0.1420991514803861,-0.2659436532102283,5.785064804581534,0.13584371019315256
u30_r14_momentum_21d_k10_strict_v4_reduced_momentum,30,14,momentum_21d,10,strict,4,reduced_momentum,1.014192244242588,0.30840947215370895,-1.0132425657224058,-0.20047892244547227,-0.3729092756578548,5.830433207204816,0.14163181536555142
u30_r14_momentum_63d_k3_balanced_v3_btc_eth,30,14,momentum_63d,3,balanced,3,btc_eth,0.9816717134089056,0.43887937978977787,-0.35161287416458004,-0.18933491706677386,-0.46936506031334413,14.100783990397506,0.44007382503408654
u30_r14_momentum_63d_k3_balanced_v3_reduced_momentum,30,14,momentum_63d,3,balanced,3,reduced_momentum,0.7380413784682346,0.2878080186284011,-0.6174483883730928,-0.29099060780979236,-0.552826405226105,13.052011243026682,0.4417649911103928
u30_r14_momentum_63d_k3_balanced_v4_btc_eth,30,14,momentum_63d,3,balanced,4,btc_eth,1.2191313393498777,0.3917196343155598,-0.6888471332981392,-0.19470415041826405,-0.36198340017659925,9.242184859749916,0.24204967894558976
u30_r14_momentum_63d_k3_balanced_v4_reduced_momentum,30,14,momentum_63d,3,balanced,4,reduced_momentum,0.9198412679672853,0.335920594020108,-0.6653406347015178,-0.24267221631428915,-0.4561913751837512,9.5817170411077,0.24423791821561344
u30_r14_momentum_63d_k3_strict_v3_btc_eth,30,14,momentum_63d,3,strict,3,btc_eth,1.2289674087898417,0.533480326089572,0.04903313664191117,-0.024283424270382103,-0.2820643791228369,9.45558186619853,0.31981729182691354
u30_r14_momentum_63d_k3_strict_v3_reduced_momentum,30,14,momentum_63d,3,strict,3,reduced_momentum,0.8451232827644757,0.33270963463346437,-0.5313974433774306,-0.21526058896650746,-0.46731972646125186,10.485107983713933,0.31980290742448586
u30_r14_momentum_63d_k3_strict_v4_btc_eth,30,14,momentum_63d,3,strict,4,btc_eth,0.906442754792249,0.2181765397378681,-0.9276966243921464,-0.12303553435483827,-0.2417746200060047,5.643376140588037,0.12064886786076377
u30_r14_momentum_63d_k3_strict_v4_reduced_momentum,30,14,momentum_63d,3,strict,4,reduced_momentum,0.8529994966788187,0.2642346259324784,-0.7543158597909583,-0.1567823849063581,-0.3685287736854791,5.020446096654275,0.12230483271375467
u30_r14_momentum_63d_k5_balanced_v3_btc_eth,30,14,momentum_63d,5,balanced,3,btc_eth,1.1979483636754629,0.7896785788680578,-0.4843723710677282,-0.31768324118352964,-0.5923782003247309,15.803968245457408,0.5919175114191632
u30_r14_momentum_63d_k5_balanced_v3_reduced_momentum,30,14,momentum_63d,5,balanced,3,reduced_momentum,1.0298012582362581,0.6175443937692506,-0.46340765869143785,-0.35095381520544444,-0.6406655103334418,16.22136758647,0.6067983681259645
u30_r14_momentum_63d_k5_balanced_v4_btc_eth,30,14,momentum_63d,5,balanced,4,btc_eth,1.1163351288193137,0.40905111673710204,-0.7454224071202904,-0.23257766089487608,-0.4561756546769553,9.905204460966544,0.27927509293680297
u30_r14_momentum_63d_k5_balanced_v4_reduced_momentum,30,14,momentum_63d,5,balanced,4,reduced_momentum,1.025464967140096,0.41095658965647885,-0.8159973680331366,-0.327255992579624,-0.5825070381353784,10.680392981480265,0.2919096775072702
u30_r14_momentum_63d_k5_strict_v3_btc_eth,30,14,momentum_63d,5,strict,3,btc_eth,1.410176200661925,0.8528261600253357,-0.3301299571661198,-0.1543371122653845,-0.4079932259610587,10.805846976452905,0.39669391300540474
u30_r14_momentum_63d_k5_strict_v3_reduced_momentum,30,14,momentum_63d,5,strict,3,reduced_momentum,1.096641267352288,0.611068271584627,-0.5633304832409571,-0.2691062806287253,-0.5282906565267185,12.176016961256982,0.40456735472996014
u30_r14_momentum_63d_k5_strict_v4_btc_eth,30,14,momentum_63d,5,strict,4,btc_eth,0.8966550316308235,0.2302381893851415,-1.0677285975055641,-0.15899965926741733,-0.2871586067062807,5.785064804581534,0.13484285231497128
u30_r14_momentum_63d_k5_strict_v4_reduced_momentum,30,14,momentum_63d,5,strict,4,reduced_momentum,0.9657971967756562,0.3100839548975505,-1.1151170097523069,-0.24267330136068876,-0.44777418123345236,5.78980476949144,0.14834483979465393
u30_r14_momentum_63d_k10_balanced_v3_btc_eth,30,14,momentum_63d,10,balanced,3,btc_eth,1.0975436404914924,0.6467089835609545,-0.511793388067452,-0.3159072239434608,-0.562135658948388,15.567986798795094,0.6016753654335063
u30_r14_momentum_63d_k10_balanced_v3_reduced_momentum,30,14,momentum_63d,10,balanced,3,reduced_momentum,0.9364643756841534,0.49053180577675426,-0.5519839263754591,-0.3620936685639129,-0.6168598550882678,15.404261829691247,0.6187004115016013
u30_r14_momentum_63d_k10_balanced_v4_btc_eth,30,14,momentum_63d,10,balanced,4,btc_eth,1.0199425804157307,0.33829971415074134,-0.8166704163611112,-0.24113475027668974,-0.4258064338263623,9.824313697454961,0.2802759508149843
u30_r14_momentum_63d_k10_balanced_v4_reduced_momentum,30,14,momentum_63d,10,balanced,4,reduced_momentum,0.9177430825913386,0.32503864713644615,-0.9094582651356946,-0.3359243035560243,-0.5534654436823767,10.341027557782448,0.2950389930499434
u30_r14_momentum_63d_k10_strict_v3_btc_eth,30,14,momentum_63d,10,strict,3,btc_eth,1.2825997865614807,0.7146550672181402,-0.40815455057571465,-0.1784452387523029,-0.3852786413287296,10.754312805798115,0.3996422109525511
u30_r14_momentum_63d_k10_strict_v3_reduced_momentum,30,14,momentum_63d,10,strict,3,reduced_momentum,1.0697300483602985,0.5534452496658213,-0.5995644922252336,-0.2767599306235434,-0.5068681485859496,11.641543605835937,0.41708274671850143
u30_r14_momentum_63d_k10_strict_v4_btc_eth,30,14,momentum_63d,10,strict,4,btc_eth,0.8310007306782403,0.19543035490947558,-1.0354138133922144,-0.1545525373015586,-0.281595612769596,5.785064804581534,0.13484285231497128
u30_r14_momentum_63d_k10_strict_v4_reduced_momentum,30,14,momentum_63d,10,strict,4,reduced_momentum,0.9343227188334653,0.2745931937008206,-1.1669720396318468,-0.2541452042216178,-0.4354173556336828,5.808209249232261,0.15040609342169065
u30_r14_momentum_126d_k3_balanced_v3_btc_eth,30,14,momentum_126d,3,balanced,3,btc_eth,0.7527743605195215,0.2893224176123248,-0.3877952747551509,-0.18492742327070189,-0.4156659081891897,12.993834017408906,0.43965078875898067
u30_r14_momentum_126d_k3_balanced_v3_reduced_momentum,30,14,momentum_126d,3,balanced,3,reduced_momentum,0.6469655761433217,0.22517364506037496,-0.5825937124373566,-0.271283327983054,-0.5296486390688209,11.545186283424117,0.4419263905283744
u30_r14_momentum_126d_k3_balanced_v4_btc_eth,30,14,momentum_126d,3,balanced,4,btc_eth,1.2144869820923476,0.37613999851542057,-0.5932344123948079,-0.15492536545644253,-0.3250889747643,9.057156133828997,0.2428776613720852
u30_r14_momentum_126d_k3_balanced_v4_reduced_momentum,30,14,momentum_126d,3,balanced,4,reduced_momentum,0.7219387266858924,0.237681113166462,-0.676679107960439,-0.21816862067296838,-0.42271266052448686,8.678115403264911,0.2442944884435106
u30_r14_momentum_126d_k3_strict_v3_btc_eth,30,14,momentum_126d,3,strict,3,btc_eth,0.8629918893286888,0.324671607387387,-0.19042659341271692,-0.09089430784400898,-0.2988265182527865,8.999177675593595,0.32064527425340894
u30_r14_momentum_126d_k3_strict_v3_reduced_momentum,30,14,momentum_126d,3,strict,3,reduced_momentum,0.7922858726609815,0.30717722017030047,-0.2958177131615055,-0.1460678396748929,-0.3938484462906947,9.66775092936803,0.31988847583643126
u30_r14_momentum_126d_k3_strict_v4_btc_eth,30,14,momentum_126d,3,strict,4,btc_eth,0.8242562644466453,0.1840891153582287,-0.9824923617749564,-0.13093981205591765,-0.2518262801945569,5.631040892193309,0.12147685028725921
u30_r14_momentum_126d_k3_strict_v4_reduced_momentum,30,14,momentum_126d,3,strict,4,reduced_momentum,0.5004286645908188,0.11999430766234842,-0.9637838588175671,-0.1897707230036465,-0.35682360394482293,4.794299876084263,0.12230483271375467
u30_r14_momentum_126d_k5_balanced_v3_btc_eth,30,14,momentum_126d,5,balanced,3,btc_eth,1.1201064264157985,0.7194713089805382,-0.5638512459020802,-0.3593046410385653,-0.6029398421861913,14.971768518362536,0.6031616969507227
u30_r14_momentum_126d_k5_balanced_v3_reduced_momentum,30,14,momentum_126d,5,balanced,3,reduced_momentum,0.9916671751500679,0.5817922703785747,-0.6981589918333496,-0.4295969691571455,-0.6834081318628695,15.164096262425828,0.6197791348319568
u30_r14_momentum_126d_k5_balanced_v4_btc_eth,30,14,momentum_126d,5,balanced,4,btc_eth,1.1466132138695448,0.4193310271182289,-0.8740294236569729,-0.25842530037313893,-0.44835488095423304,9.66775092936803,0.28164075701250424
u30_r14_momentum_126d_k5_balanced_v4_reduced_momentum,30,14,momentum_126d,5,balanced,4,reduced_momentum,0.9574462957700813,0.3793514664464077,-0.9500844821572118,-0.36275039418253907,-0.5935571219144777,10.086121437422554,0.2964684014869889
u30_r14_momentum_126d_k5_strict_v3_btc_eth,30,14,momentum_126d,5,strict,3,btc_eth,1.1181932455878445,0.6042937013372112,-0.4933192052511856,-0.22471298472471157,-0.4169473505711244,10.313542998748712,0.4034665628265579
u30_r14_momentum_126d_k5_strict_v3_reduced_momentum,30,14,momentum_126d,5,strict,3,reduced_momentum,1.0692735229079495,0.5978790361580333,-0.689680844333574,-0.3173843911239468,-0.5528205931796952,11.696530693032692,0.4117885781366776
u30_r14_momentum_126d_k5_strict_v4_btc_eth,30,14,momentum_126d,5,strict,4,btc_eth,0.7789057623720287,0.18810544558958653,-1.1204602592993536,-0.18062138351701518,-0.3140064983877341,5.785064804581534,0.13484285231497128
u30_r14_momentum_126d_k5_strict_v4_reduced_momentum,30,14,momentum_126d,5,strict,4,reduced_momentum,0.7421779510560741,0.21877217384346181,-1.2492833075132828,-0.30011522911344823,-0.4756258527225733,5.563197026022306,0.1496282527881041
u30_r14_momentum_126d_k10_balanced_v3_btc_eth,30,14,momentum_126d,10,balanced,3,btc_eth,1.1982743733454515,0.7702000195493388,-0.5945032292399192,-0.3585957848171406,-0.5896751845668926,14.78280495425558,0.6101942573365093
u30_r14_momentum_126d_k10_balanced_v3_reduced_momentum,30,14,momentum_126d,10,balanced,3,reduced_momentum,1.0812911677033306,0.6544725968910876,-0.6440697922514965,-0.4055087485043003,-0.6458728543533183,14.264326123173177,0.6314836100015002
u30_r14_momentum_126d_k10_balanced_v4_btc_eth,30,14,momentum_126d,10,balanced,4,btc_eth,1.1760922169804038,0.41385163382824763,-0.9734153825288334,-0.2622363044031182,-0.440172139796021,9.966042766740404,0.2798420813899599
u30_r14_momentum_126d_k10_balanced_v4_reduced_momentum,30,14,momentum_126d,10,balanced,4,reduced_momentum,1.081217269083229,0.4140225037551024,-1.0836526330917604,-0.3823988771240924,-0.5938884713898425,9.83736059479554,0.2950743494423792
u30_r14_momentum_126d_k10_strict_v3_btc_eth,30,14,momentum_126d,10,strict,3,btc_eth,1.3917156835831044,0.8335870242347616,-0.5200544407783548,-0.21976774787850883,-0.42509849860383375,10.35984472396465,0.4028138658022475
u30_r14_momentum_126d_k10_strict_v3_reduced_momentum,30,14,momentum_126d,10,strict,3,reduced_momentum,1.2773967307314062,0.7641782784662767,-0.7566237797237448,-0.3330199827953483,-0.5558824298183387,10.41578140695688,0.4189906897255677
u30_r14_momentum_126d_k10_strict_v4_btc_eth,30,14,momentum_126d,10,strict,4,btc_eth,0.9569398918916853,0.23665532192331873,-1.0701713129504993,-0.16442845999396782,-0.29393072301735,5.775002266751292,0.13211323991993137
u30_r14_momentum_126d_k10_strict_v4_reduced_momentum,30,14,momentum_126d,10,strict,4,reduced_momentum,1.0755868508969775,0.33423421795760655,-1.329338350673228,-0.3000846498011107,-0.4783795935555285,5.495353159851303,0.14962825278810407
u30_r14_volatility_adjusted_momentum_k3_balanced_v3_btc_eth,30,14,volatility_adjusted_momentum,3,balanced,3,btc_eth,0.9035808278149559,0.37340689344679867,-0.12920600146410702,-0.10083960622302235,-0.37387058169482756,13.459883968535294,0.4417503773287723
u30_r14_volatility_adjusted_momentum_k3_balanced_v3_reduced_momentum,30,14,volatility_adjusted_momentum,3,balanced,3,reduced_momentum,0.7399974182604135,0.28122012549478836,-0.21772062776280895,-0.13323253197224627,-0.4073431386961346,13.569964374892889,0.4418698203004772
u30_r14_volatility_adjusted_momentum_k3_balanced_v4_btc_eth,30,14,volatility_adjusted_momentum,3,balanced,4,btc_eth,1.0510027308831442,0.3041175527005404,-0.5474170958920812,-0.13505764009192522,-0.28268856279357557,9.242184859749916,0.24204967894558976
u30_r14_volatility_adjusted_momentum_k3_balanced_v4_reduced_momentum,30,14,volatility_adjusted_momentum,3,balanced,4,reduced_momentum,0.7997603931521697,0.26043875634809854,-0.4363248949528023,-0.1464751773377262,-0.3763153534557967,9.582700285544961,0.2442944884435106
u30_r14_volatility_adjusted_momentum_k3_strict_v3_btc_eth,30,14,volatility_adjusted_momentum,3,strict,3,btc_eth,1.08833647055772,0.42194411987695046,0.050667632139681125,-0.023055265233227318,-0.2820643791228369,9.45558186619853,0.31981729182691354
u30_r14_volatility_adjusted_momentum_k3_strict_v3_reduced_momentum,30,14,volatility_adjusted_momentum,3,strict,3,reduced_momentum,0.7755099348890314,0.279903758380156,-0.2859547477865451,-0.12480881801234645,-0.3690062259806792,10.639962991248787,0.3198718533050112
u30_r14_volatility_adjusted_momentum_k3_strict_v4_btc_eth,30,14,volatility_adjusted_momentum,3,strict,4,btc_eth,0.8144431618349092,0.17726423099062916,-0.9276966243921464,-0.12303553435483827,-0.2417746200060047,5.643376140588037,0.12064886786076377
u30_r14_volatility_adjusted_momentum_k3_strict_v4_reduced_momentum,30,14,volatility_adjusted_momentum,3,strict,4,reduced_momentum,0.6178339774462005,0.1567619933665707,-0.7253575036803335,-0.14656755346034334,-0.34313203026840233,5.020446096654275,0.12230483271375467
u30_r14_volatility_adjusted_momentum_k5_balanced_v3_btc_eth,30,14,volatility_adjusted_momentum,5,balanced,3,btc_eth,1.3023506472335056,0.902072630254209,-0.5096285979901256,-0.3220474110307663,-0.5911640254152086,15.63312216377369,0.6009754528774027
u30_r14_volatility_adjusted_momentum_k5_balanced_v3_reduced_momentum,30,14,volatility_adjusted_momentum,5,balanced,3,reduced_momentum,1.1622692408185544,0.757202999756847,-0.5918823172251986,-0.3613949435536066,-0.6437783865017186,16.092732343813854,0.6110766133708851
u30_r14_volatility_adjusted_momentum_k5_balanced_v4_btc_eth,30,14,volatility_adjusted_momentum,5,balanced,4,btc_eth,1.0844955720078853,0.36779739261282596,-0.7613789630807142,-0.21730359823768097,-0.4099905906649489,9.956384921411335,0.2780566870030772
u30_r14_volatility_adjusted_momentum_k5_balanced_v4_reduced_momentum,30,14,volatility_adjusted_momentum,5,balanced,4,reduced_momentum,1.140436924643879,0.4595761085322203,-0.9187198942790611,-0.3257548111715505,-0.5502225009403314,10.580297369057071,0.2939298085504371
u30_r14_volatility_adjusted_momentum_k5_strict_v3_btc_eth,30,14,volatility_adjusted_momentum,5,strict,3,btc_eth,1.4912128937603883,0.9384148106934445,-0.545226120199692,-0.21470506895311836,-0.41950754281892755,10.844295539251569,0.39520674029437963
u30_r14_volatility_adjusted_momentum_k5_strict_v3_reduced_momentum,30,14,volatility_adjusted_momentum,5,strict,3,reduced_momentum,1.2600297932396514,0.7511594390120069,-0.7206907815447491,-0.29943304745283206,-0.5429597654432766,11.68469855182173,0.40135392391238495
u30_r14_volatility_adjusted_momentum_k5_strict_v4_btc_eth,30,14,volatility_adjusted_momentum,5,strict,4,btc_eth,0.9514028324004041,0.2330166337063706,-1.0498494243590133,-0.15488425149928742,-0.282011040454873,5.766728624535316,0.13011152416356878
u30_r14_volatility_adjusted_momentum_k5_strict_v4_reduced_momentum,30,14,volatility_adjusted_momentum,5,strict,4,reduced_momentum,1.0632595876766076,0.33662159181415685,-1.370218997796015,-0.29130104214236363,-0.475457954170295,5.857648635662444,0.14834483979465393
u30_r14_volatility_adjusted_momentum_k10_balanced_v3_btc_eth,30,14,volatility_adjusted_momentum,10,balanced,3,btc_eth,1.1260955896169524,0.6751942209922333,-0.40601720744322284,-0.27729677900073335,-0.5370931567963846,15.777297256271094,0.600919949319214
u30_r14_volatility_adjusted_momentum_k10_balanced_v3_reduced_momentum,30,14,volatility_adjusted_momentum,10,balanced,3,reduced_momentum,1.009881674446643,0.563722157229479,-0.4534691406647277,-0.3171270494634295,-0.5771880098561223,15.568744773920272,0.6150938869380643
u30_r14_volatility_adjusted_momentum_k10_balanced_v4_btc_eth,30,14,volatility_adjusted_momentum,10,balanced,4,btc_eth,1.0226683431990682,0.33136515684636314,-0.7459634700917165,-0.2255426892803173,-0.42245739019797734,9.902595081498427,0.28179673486364937
u30_r14_volatility_adjusted_momentum_k10_balanced_v4_reduced_momentum,30,14,volatility_adjusted_momentum,10,balanced,4,reduced_momentum,0.9617824329901669,0.3429550740186389,-0.7756074610342973,-0.2946768350167127,-0.5253052066469821,10.513205662118958,0.29373743037605776
u30_r14_volatility_adjusted_momentum_k10_strict_v3_btc_eth,30,14,volatility_adjusted_momentum,10,strict,3,btc_eth,1.3107268184353844,0.7408420527891482,-0.34364279091023975,-0.16521013391102368,-0.3795517712751544,10.87644748140535,0.40085338572980805
u30_r14_volatility_adjusted_momentum_k10_strict_v3_reduced_momentum,30,14,volatility_adjusted_momentum,10,strict,3,reduced_momentum,1.159128050340682,0.6324061557041722,-0.5024768951519798,-0.243422258762648,-0.46971858588897264,11.586916794994792,0.41450085358928396
u30_r14_volatility_adjusted_momentum_k10_strict_v4_btc_eth,30,14,volatility_adjusted_momentum,10,strict,4,btc_eth,0.8468722224144511,0.19728863766952132,-0.984136017066347,-0.14863260986763038,-0.2741687168402016,5.785064804581534,0.13484285231497128
u30_r14_volatility_adjusted_momentum_k10_strict_v4_reduced_momentum,30,14,volatility_adjusted_momentum,10,strict,4,reduced_momentum,0.952855439465149,0.27536911031169464,-1.042597391477251,-0.2271700764566168,-0.4129792441296565,5.7794493494423795,0.14474907063197026
u50_r7_momentum_21d_k3_balanced_v3_btc_eth,50,7,momentum_21d,3,balanced,3,btc_eth,1.232907490761688,0.7522090678876159,-0.43712316762228964,-0.24805172850582058,-0.5626207166701072,28.6126302711886,0.42851636675875865
u50_r7_momentum_21d_k3_balanced_v3_reduced_momentum,50,7,momentum_21d,3,balanced,3,reduced_momentum,0.9759768809416322,0.5377689798465568,-0.6446558939109804,-0.33933077098126996,-0.6342739941706772,27.85570723160155,0.42676937190219244
u50_r7_momentum_21d_k3_balanced_v4_btc_eth,50,7,momentum_21d,3,balanced,4,btc_eth,1.1926532803797028,0.41819527636620824,0.11921122606283527,-0.005341029909745609,-0.32482387998377193,17.9064794557972,0.25263226104024955
u50_r7_momentum_21d_k3_balanced_v4_reduced_momentum,50,7,momentum_21d,3,balanced,4,reduced_momentum,0.9951985736387842,0.46756961319641177,-0.3954802290132873,-0.19766336329750744,-0.47408067463780046,19.5796214148251,0.25454974771286987
u50_r7_momentum_21d_k3_strict_v3_btc_eth,50,7,momentum_21d,3,strict,3,btc_eth,1.1576452615593769,0.5941350104080605,-0.4662271754053892,-0.17430411961381365,-0.465006970472051,21.166677819089912,0.3050998557146846
u50_r7_momentum_21d_k3_strict_v3_reduced_momentum,50,7,momentum_21d,3,strict,3,reduced_momentum,1.0494498490906377,0.5645565688052119,-0.7700166006701159,-0.307927813122594,-0.5339385694473011,22.721610099622964,0.30778825851460584
u50_r7_momentum_21d_k3_strict_v4_btc_eth,50,7,momentum_21d,3,strict,4,btc_eth,1.0616172044826684,0.2429132802630838,-0.30135829383434426,-0.045242705716750486,-0.19834201466134171,10.367776275768842,0.11491213247718825
u50_r7_momentum_21d_k3_strict_v4_reduced_momentum,50,7,momentum_21d,3,strict,4,reduced_momentum,0.8280890261682067,0.2989106206463015,-0.50375259932527,-0.1281918655534645,-0.3466680664237465,10.799956898873985,0.11452642637788914
u50_r7_momentum_21d_k5_balanced_v3_btc_eth,50,7,momentum_21d,5,balanced,3,btc_eth,1.3723748210186528,1.1329670409618013,-0.51775096913916,-0.3757799444991269,-0.7233684782642031,32.67719955058455,0.599762094769305
u50_r7_momentum_21d_k5_balanced_v3_reduced_momentum,50,7,momentum_21d,5,balanced,3,reduced_momentum,1.237003361507612,0.9648779460068384,-0.7141738677235957,-0.4628588077379918,-0.7634315892366497,32.59672171761211,0.587791968163795
u50_r7_momentum_21d_k5_balanced_v4_btc_eth,50,7,momentum_21d,5,balanced,4,btc_eth,1.377431482713085,0.5832186437014941,0.18926045643588546,0.008404151959206407,-0.3657518212224202,18.83323271076991,0.28694568600029674
u50_r7_momentum_21d_k5_balanced_v4_reduced_momentum,50,7,momentum_21d,5,balanced,4,reduced_momentum,1.2627819265511608,0.6528247120979274,-0.2929665901656951,-0.1796298342827628,-0.520682152957146,21.91294508761271,0.292583800731458
u50_r7_momentum_21d_k5_strict_v3_btc_eth,50,7,momentum_21d,5,strict,3,btc_eth,1.5257799577777305,1.120163464606899,-0.3957289011073911,-0.18785902236908902,-0.5169279571535459,23.356140094461452,0.3679262530582162
u50_r7_momentum_21d_k5_strict_v3_reduced_momentum,50,7,momentum_21d,5,strict,3,reduced_momentum,1.4295669229999761,1.0934560888983413,-0.640289187973442,-0.3111087619458828,-0.6156220187991756,25.434347602137642,0.38094731876601434
u50_r7_momentum_21d_k5_strict_v4_btc_eth,50,7,momentum_21d,5,strict,4,btc_eth,1.2481999719241355,0.3159645926032857,-0.22462792037460777,-0.03818987656587436,-0.18993527264701615,10.890725885345335,0.12103795734689884
u50_r7_momentum_21d_k5_strict_v4_reduced_momentum,50,7,momentum_21d,5,strict,4,reduced_momentum,1.1950413355948193,0.44562205012358524,-0.3764943823300071,-0.10016952898229337,-0.3323652586181429,11.446229421136486,0.1212825278810409
u50_r7_momentum_21d_k10_balanced_v3_btc_eth,50,7,momentum_21d,10,balanced,3,btc_eth,1.4334727934415255,1.1518476522156527,-0.03260585644203227,-0.15817135999264964,-0.6233932178741054,32.32764277176648,0.6104803152601409
u50_r7_momentum_21d_k10_balanced_v3_reduced_momentum,50,7,momentum_21d,10,balanced,3,reduced_momentum,1.297931104373506,0.9959255755036955,-0.2157795235802658,-0.2535405666638676,-0.6797079279603613,31.983063604956723,0.5961318024554976
u50_r7_momentum_21d_k10_balanced_v4_btc_eth,50,7,momentum_21d,10,balanced,4,btc_eth,1.215753905932185,0.43243882198371764,0.14009159118027933,-0.0031464240096292784,-0.3481763615137351,18.777708324828534,0.2840399062547228
u50_r7_momentum_21d_k10_balanced_v4_reduced_momentum,50,7,momentum_21d,10,balanced,4,reduced_momentum,1.3645940235742748,0.6454553969054009,0.10448168027987481,-0.03297792091561991,-0.4440436657069735,21.25234184504537,0.2956067998760843
u50_r7_momentum_21d_k10_strict_v3_btc_eth,50,7,momentum_21d,10,strict,3,btc_eth,1.6614112741378078,1.222163086925156,-0.08187266164368805,-0.08556649586374698,-0.44618363636831004,23.382035337876847,0.36872613861692316
u50_r7_momentum_21d_k10_strict_v3_reduced_momentum,50,7,momentum_21d,10,strict,3,reduced_momentum,1.6698996042126242,1.3372374180726645,-0.12502979385299362,-0.13616682633289,-0.5146963404818317,24.861792466757088,0.39123157374607065
u50_r7_momentum_21d_k10_strict_v4_btc_eth,50,7,momentum_21d,10,strict,4,btc_eth,1.1794589733214424,0.28509379720897554,-0.19114851120152315,-0.03162346640028857,-0.17953620472840837,10.90898529908753,0.12138813788442042
u50_r7_momentum_21d_k10_strict_v4_reduced_momentum,50,7,momentum_21d,10,strict,4,reduced_momentum,1.4406528797309208,0.5266556823065236,0.049638429168172696,-0.010385245511909225,-0.2660342538546213,11.262081784386618,0.12035315985130111
u50_r7_momentum_63d_k3_balanced_v3_btc_eth,50,7,momentum_63d,3,balanced,3,btc_eth,0.9051926335175717,0.4037849254845658,-0.1112996348956304,-0.14199045798335352,-0.563760206787668,27.56824579270071,0.42877506187151965
u50_r7_momentum_63d_k3_balanced_v3_reduced_momentum,50,7,momentum_63d,3,balanced,3,reduced_momentum,0.6804335258218969,0.2551138879980104,-0.4726308461728149,-0.28931442398068075,-0.6146436105856922,23.72754771510034,0.4272788306349195
u50_r7_momentum_63d_k3_balanced_v4_btc_eth,50,7,momentum_63d,3,balanced,4,btc_eth,1.0497001348000112,0.33215792826270363,0.20838732404262666,0.01683052114766781,-0.3303442001366901,17.808471607653477,0.2530291794420114
u50_r7_momentum_63d_k3_balanced_v4_reduced_momentum,50,7,momentum_63d,3,balanced,4,reduced_momentum,0.7410515977081321,0.25973086728395,0.006752854717185391,-0.07448850559211129,-0.4680603320805845,18.52253748083714,0.254176278707554
u50_r7_momentum_63d_k3_strict_v3_btc_eth,50,7,momentum_63d,3,strict,3,btc_eth,1.198450829514187,0.5368138701732503,-0.4263893688330706,-0.17051817108173928,-0.45120877324358444,20.98479806929592,0.30533767184334437
u50_r7_momentum_63d_k3_strict_v3_reduced_momentum,50,7,momentum_63d,3,strict,3,reduced_momentum,0.7767078806103701,0.30298440006200567,-0.5687531733353347,-0.26578702405062327,-0.5515955228810401,21.037479161559364,0.30793421613307115
u50_r7_momentum_63d_k3_strict_v4_btc_eth,50,7,momentum_63d,3,strict,4,btc_eth,0.9631823053795686,0.20764268758699655,-0.10442710301158722,-0.023277093078839295,-0.19834201466134216,10.367776275768842,0.11491213247718825
u50_r7_momentum_63d_k3_strict_v4_reduced_momentum,50,7,momentum_63d,3,strict,4,reduced_momentum,0.8290264681722692,0.2600920806701221,-0.4797105459588913,-0.13423058563427848,-0.3709223078474768,10.583643122676582,0.11449814126394053
u50_r7_momentum_63d_k5_balanced_v3_btc_eth,50,7,momentum_63d,5,balanced,3,btc_eth,1.1096120373950058,0.7069929212960722,-0.09762858680634694,-0.22083634321089085,-0.6611597978687727,31.45759388066696,0.6145693172039001
u50_r7_momentum_63d_k5_balanced_v3_reduced_momentum,50,7,momentum_63d,5,balanced,3,reduced_momentum,0.8422740863571869,0.4096509571179603,-0.37991753014510965,-0.36695902713672235,-0.685529295833482,30.457198451345675,0.6154851374990653
u50_r7_momentum_63d_k5_balanced_v4_btc_eth,50,7,momentum_63d,5,balanced,4,btc_eth,1.304709661448922,0.5141765167240584,0.25079816991487797,0.02787842802423679,-0.33585912816870667,18.716707750988373,0.2806120290558136
u50_r7_momentum_63d_k5_balanced_v4_reduced_momentum,50,7,momentum_63d,5,balanced,4,reduced_momentum,0.9455828053742303,0.38735492527419324,0.13784237890245768,-0.04432082613579347,-0.4925439338151453,20.696218421250364,0.3018442934615779
u50_r7_momentum_63d_k5_strict_v3_btc_eth,50,7,momentum_63d,5,strict,3,btc_eth,1.328574247147798,0.8007170796301231,-0.3607160194303561,-0.18384752368331425,-0.47871208328217885,22.966510122277203,0.36748342795828737
u50_r7_momentum_63d_k5_strict_v3_reduced_momentum,50,7,momentum_63d,5,strict,3,reduced_momentum,1.1302725430984308,0.671245440305801,-0.6357872370228519,-0.3339964112787267,-0.6067255779305614,24.075271058189845,0.39670199744382234
u50_r7_momentum_63d_k5_strict_v4_btc_eth,50,7,momentum_63d,5,strict,4,btc_eth,1.1524702919327414,0.2872524684899571,-0.18082266018909188,-0.03558839927324131,-0.1966834579467629,10.890725885345335,0.12103795734689884
u50_r7_momentum_63d_k5_strict_v4_reduced_momentum,50,7,momentum_63d,5,strict,4,reduced_momentum,0.9992528926217096,0.32004686901722934,-0.40602422288147993,-0.1095713968340758,-0.33872495284882986,10.787174721189592,0.12035315985130111
u50_r7_momentum_63d_k10_balanced_v3_btc_eth,50,7,momentum_63d,10,balanced,3,btc_eth,1.427953748374557,1.1553782672273178,-0.23477666265308647,-0.27112830573293345,-0.6621305533209019,29.843976649136412,0.624518074355815
u50_r7_momentum_63d_k10_balanced_v3_reduced_momentum,50,7,momentum_63d,10,balanced,3,reduced_momentum,1.1929120285631423,0.8456692223440543,-0.4577779357194461,-0.37540377603469643,-0.6819727481430327,28.088472889437973,0.6143684026821751
u50_r7_momentum_63d_k10_balanced_v4_btc_eth,50,7,momentum_63d,10,balanced,4,btc_eth,1.2926371690286496,0.4712840353994827,0.1396963427856542,-0.007127153119976248,-0.35774872077022324,18.86326733006665,0.28746778678685747
u50_r7_momentum_63d_k10_balanced_v4_reduced_momentum,50,7,momentum_63d,10,balanced,4,reduced_momentum,1.287115864184094,0.5856863689394818,-0.057967723541328654,-0.11309356395363324,-0.5069603519203961,19.63797242874845,0.30148311648079307
u50_r7_momentum_63d_k10_strict_v3_btc_eth,50,7,momentum_63d,10,strict,3,btc_eth,1.657560462208775,1.2127722866574517,-0.39854622875160106,-0.18011669095587024,-0.46701555840777187,23.389683194820574,0.36992698959843395
u50_r7_momentum_63d_k10_strict_v3_reduced_momentum,50,7,momentum_63d,10,strict,3,reduced_momentum,1.528429553165746,1.1388903598817635,-0.6983339203627917,-0.33476581865296606,-0.5968320575251256,23.01373228283254,0.3984678383383314
u50_r7_momentum_63d_k10_strict_v4_btc_eth,50,7,momentum_63d,10,strict,4,btc_eth,1.1541342333225966,0.2763439599450095,-0.1413587189435362,-0.029208514331292568,-0.19287791480946814,10.90898529908753,0.12138813788442042
u50_r7_momentum_63d_k10_strict_v4_reduced_momentum,50,7,momentum_63d,10,strict,4,reduced_momentum,1.3995320553252988,0.4856552752631986,-0.46768986184018996,-0.10922874781314451,-0.3337462081487088,10.990706319702602,0.12035315985130111
u50_r7_momentum_126d_k3_balanced_v3_btc_eth,50,7,momentum_126d,3,balanced,3,btc_eth,0.9623192404447738,0.44842457588052387,-0.043505529842024306,-0.10337107648833121,-0.5502482833686886,25.747583059408072,0.4288585734099273
u50_r7_momentum_126d_k3_balanced_v3_reduced_momentum,50,7,momentum_126d,3,balanced,3,reduced_momentum,0.78316454364271,0.3325099207929656,-0.40651901169860133,-0.2508053417747239,-0.6557244048770121,18.827656106890796,0.4277517375141425
u50_r7_momentum_126d_k3_balanced_v4_btc_eth,50,7,momentum_126d,3,balanced,4,btc_eth,1.191324452637412,0.3790960410087143,0.08298986782090731,-0.017235847535781113,-0.29509170275196106,17.701081446434607,0.2528725920919229
u50_r7_momentum_126d_k3_balanced_v4_reduced_momentum,50,7,momentum_126d,3,balanced,4,reduced_momentum,0.6813587343237966,0.22631093124522517,-1.5739379288925418e-05,-0.06588658276950388,-0.4617019694095227,17.36655487312106,0.2546185550347503
u50_r7_momentum_126d_k3_strict_v3_btc_eth,50,7,momentum_126d,3,strict,3,btc_eth,0.8864237033107221,0.3480410993066927,-0.12828779779980087,-0.08079717951058718,-0.4053798255111546,20.81518840386841,0.3069936366963353
u50_r7_momentum_126d_k3_strict_v3_reduced_momentum,50,7,momentum_126d,3,strict,3,reduced_momentum,0.8237445886111767,0.3397632879049568,-0.3551944237635991,-0.18674716921255896,-0.49336467443726295,17.60105867140779,0.30827945692581216
u50_r7_momentum_126d_k3_strict_v4_btc_eth,50,7,momentum_126d,3,strict,4,btc_eth,0.908491694124583,0.1951458510652524,-0.10676918471980998,-0.022953103811999,-0.17499502963388858,10.312267657992566,0.11449814126394053
u50_r7_momentum_126d_k3_strict_v4_reduced_momentum,50,7,momentum_126d,3,strict,4,reduced_momentum,0.440209192820709,0.09619423730017695,-0.0866745889927845,-0.040381150097018814,-0.28368354014407404,10.583643122676582,0.11449814126394053
u50_r7_momentum_126d_k5_balanced_v3_btc_eth,50,7,momentum_126d,5,balanced,3,btc_eth,1.1802433254276634,0.803103706007992,0.0013841244048556434,-0.16962662782921523,-0.6408632159361454,29.93661337079965,0.6243559917709001
u50_r7_momentum_126d_k5_balanced_v3_reduced_momentum,50,7,momentum_126d,5,balanced,3,reduced_momentum,0.9595476555808404,0.539225041069975,-0.21774687748492597,-0.2886186382309631,-0.6924741364547751,27.223867562063077,0.6212218587529105
u50_r7_momentum_126d_k5_balanced_v4_btc_eth,50,7,momentum_126d,5,balanced,4,btc_eth,1.4415075759426053,0.5611167959244707,0.0743387365789766,-0.03347073667907341,-0.3446188762101249,18.77672873016003,0.28674102687354197
u50_r7_momentum_126d_k5_balanced_v4_reduced_momentum,50,7,momentum_126d,5,balanced,4,reduced_momentum,1.1267488066662363,0.5010135231538693,0.11897259454423022,-0.0465653138235218,-0.4875865191216475,20.0704770755886,0.30297397769516726
u50_r7_momentum_126d_k5_strict_v3_btc_eth,50,7,momentum_126d,5,strict,3,btc_eth,1.193216537839269,0.6716963763951418,-0.1469755041132412,-0.11313618440135831,-0.48483299349291253,23.23514658484183,0.37675635007028935
u50_r7_momentum_126d_k5_strict_v3_reduced_momentum,50,7,momentum_126d,5,strict,3,reduced_momentum,1.1999411604706078,0.7433486253335233,-0.2694782642588206,-0.20691474812632626,-0.5313362871795893,22.605862824157363,0.402857527469556
u50_r7_momentum_126d_k5_strict_v4_btc_eth,50,7,momentum_126d,5,strict,4,btc_eth,1.0556666001068642,0.2611957325796732,0.004460740501979608,-0.010184499855010243,-0.16386033581967752,10.890725885345335,0.12103795734689886
u50_r7_momentum_126d_k5_strict_v4_reduced_momentum,50,7,momentum_126d,5,strict,4,reduced_momentum,0.8682913600887109,0.2601245080338386,0.005688795372570649,-0.02056666511829497,-0.2557156012197177,10.9228624535316,0.12035315985130111
u50_r7_momentum_126d_k10_balanced_v3_btc_eth,50,7,momentum_126d,10,balanced,3,btc_eth,1.413988446307318,1.1491145437286656,-0.06111284233553827,-0.17860619251626875,-0.613809218966779,30.156598312283787,0.6305631793420104
u50_r7_momentum_126d_k10_balanced_v3_reduced_momentum,50,7,momentum_126d,10,balanced,3,reduced_momentum,1.306181208398331,1.0256171544787893,-0.2845089693685906,-0.2864409990702428,-0.6563573833182288,27.73167977448268,0.6231973113545947
u50_r7_momentum_126d_k10_balanced_v4_btc_eth,50,7,momentum_126d,10,balanced,4,btc_eth,1.321629737604947,0.4777229648802095,0.12468297146008374,-0.011071807273024814,-0.32154367519372495,18.786963733805493,0.2855419313837891
u50_r7_momentum_126d_k10_balanced_v4_reduced_momentum,50,7,momentum_126d,10,balanced,4,reduced_momentum,1.3118192778853845,0.6017832045279468,0.02750792954580751,-0.06838548803429234,-0.44524503953388384,19.779659543740472,0.3041528208659838
u50_r7_momentum_126d_k10_strict_v3_btc_eth,50,7,momentum_126d,10,strict,3,btc_eth,1.5591688535430575,1.0933956062488557,-0.1600870564206726,-0.10535311096928901,-0.4260526696245792,23.37564299269746,0.37150311882198833
u50_r7_momentum_126d_k10_strict_v3_reduced_momentum,50,7,momentum_126d,10,strict,3,reduced_momentum,1.653199482399744,1.3204537022375118,-0.38128668402134736,-0.22708278078060418,-0.49312944750895404,22.75084149198935,0.41067923873707174
u50_r7_momentum_126d_k10_strict_v4_btc_eth,50,7,momentum_126d,10,strict,4,btc_eth,1.1902427130029383,0.2920591013809051,0.03639022690156034,-0.004917178656383192,-0.16589165687824148,10.90898529908753,0.12138813788442042
u50_r7_momentum_126d_k10_strict_v4_reduced_momentum,50,7,momentum_126d,10,strict,4,reduced_momentum,1.3209416433892411,0.4539117546064231,-0.1267789375709997,-0.041971624827797926,-0.22963492242042527,11.194237918215613,0.12035315985130111
u50_r7_volatility_adjusted_momentum_k3_balanced_v3_btc_eth,50,7,volatility_adjusted_momentum,3,balanced,3,btc_eth,1.1271848268525777,0.5257293341243863,-0.028390149338524344,-0.07862443836591926,-0.4742659228896333,27.48081406170297,0.42824802943194185
u50_r7_volatility_adjusted_momentum_k3_balanced_v3_reduced_momentum,50,7,volatility_adjusted_momentum,3,balanced,3,reduced_momentum,0.8034607435316109,0.3303681217101726,-0.37019279592727944,-0.19810975881842263,-0.518160347472854,24.874991933650293,0.42727560371549733
u50_r7_volatility_adjusted_momentum_k3_balanced_v4_btc_eth,50,7,volatility_adjusted_momentum,3,balanced,4,btc_eth,1.260334285069047,0.4050787801015685,0.31776407830820125,0.05059122338484778,-0.2781880954880315,17.50680128421764,0.2528725920919229
u50_r7_volatility_adjusted_momentum_k3_balanced_v4_reduced_momentum,50,7,volatility_adjusted_momentum,3,balanced,4,reduced_momentum,0.9357396191133366,0.3351371176542579,0.071835389823489,-0.028260336425463883,-0.37087784806086566,18.9579067481803,0.2545897090261908
u50_r7_volatility_adjusted_momentum_k3_strict_v3_btc_eth,50,7,volatility_adjusted_momentum,3,strict,3,btc_eth,1.3153611739771438,0.5514301202247709,-0.1554307020652231,-0.08375303695834724,-0.41255158801782443,20.887634507384657,0.30603115966249034
u50_r7_volatility_adjusted_momentum_k3_strict_v3_reduced_momentum,50,7,volatility_adjusted_momentum,3,strict,3,reduced_momentum,0.9339985323874954,0.37335981883537017,-0.5317398725905714,-0.20666514279440096,-0.4812954119363556,21.804559955694142,0.3079030070438287
u50_r7_volatility_adjusted_momentum_k3_strict_v4_btc_eth,50,7,volatility_adjusted_momentum,3,strict,4,btc_eth,1.0505206013876685,0.23272425991570378,-0.14828890802045588,-0.028240287110626983,-0.19834201466134194,10.312267657992566,0.11449814126394053
u50_r7_volatility_adjusted_momentum_k3_strict_v4_reduced_momentum,50,7,volatility_adjusted_momentum,3,strict,4,reduced_momentum,0.9427194645742476,0.27002125385519693,-0.19375024779856947,-0.05465746038675434,-0.2952370670073867,10.809789343246592,0.11449814126394053
u50_r7_volatility_adjusted_momentum_k5_balanced_v3_btc_eth,50,7,volatility_adjusted_momentum,5,balanced,3,btc_eth,1.2891176986349153,0.8980272490924233,-0.2291525495425662,-0.2372943256421629,-0.6411040851340226,31.79584776695266,0.6138210455002124
u50_r7_volatility_adjusted_momentum_k5_balanced_v3_reduced_momentum,50,7,volatility_adjusted_momentum,5,balanced,3,reduced_momentum,0.9971850287188935,0.5737419677395765,-0.4300680581993153,-0.32300850423177874,-0.6417481610923195,31.239851034315713,0.6113457493664021
u50_r7_volatility_adjusted_momentum_k5_balanced_v4_btc_eth,50,7,volatility_adjusted_momentum,5,balanced,4,btc_eth,1.2417821751519527,0.45668206478619644,0.2866925208804318,0.04158240444131045,-0.3254682975159241,18.71746004423992,0.28410235388838756
u50_r7_volatility_adjusted_momentum_k5_balanced_v4_reduced_momentum,50,7,volatility_adjusted_momentum,5,balanced,4,reduced_momentum,1.1002049900879283,0.4616672013657488,0.05629359337573889,-0.050387337804147725,-0.4411148948302962,20.81214437447842,0.2982386263055408
u50_r7_volatility_adjusted_momentum_k5_strict_v3_btc_eth,50,7,volatility_adjusted_momentum,5,strict,3,btc_eth,1.476230472251925,0.9021377659498475,-0.15377701195808882,-0.10719403154352725,-0.4686809865830742,23.230715091791875,0.366436644417746
u50_r7_volatility_adjusted_momentum_k5_strict_v3_reduced_momentum,50,7,volatility_adjusted_momentum,5,strict,3,reduced_momentum,1.285354855749274,0.7883681005751608,-0.5063385595440657,-0.25121083850038195,-0.5343887604341966,24.90525289239416,0.3939331674992854
u50_r7_volatility_adjusted_momentum_k5_strict_v4_btc_eth,50,7,volatility_adjusted_momentum,5,strict,4,btc_eth,1.2338067914852826,0.30884136621873526,-0.12665869199179994,-0.027083349104280785,-0.1966834579467629,10.890725885345335,0.12103795734689884
u50_r7_volatility_adjusted_momentum_k5_strict_v4_reduced_momentum,50,7,volatility_adjusted_momentum,5,strict,4,reduced_momentum,1.2123313028453606,0.39332175037919237,-0.24177473913665137,-0.06478392438402458,-0.2963513995613507,11.194237918215613,0.12035315985130111
u50_r7_volatility_adjusted_momentum_k10_balanced_v3_btc_eth,50,7,volatility_adjusted_momentum,10,balanced,3,btc_eth,1.3625554639457844,0.9823077860914111,-0.3719977510960629,-0.2999682462071728,-0.6752539100361183,30.43722645611383,0.6242129576084953
u50_r7_volatility_adjusted_momentum_k10_balanced_v3_reduced_momentum,50,7,volatility_adjusted_momentum,10,balanced,3,reduced_momentum,1.1163406244938197,0.7004053247809097,-0.6346110134116203,-0.40300587487291606,-0.6970600254793818,28.975779617612076,0.615138861311423
u50_r7_volatility_adjusted_momentum_k10_balanced_v4_btc_eth,50,7,volatility_adjusted_momentum,10,balanced,4,btc_eth,1.321868135219174,0.48115335820977,0.06070517210637891,-0.027765592070659095,-0.3580927181921142,18.753616312302256,0.28390808514924076
u50_r7_volatility_adjusted_momentum_k10_balanced_v4_reduced_momentum,50,7,volatility_adjusted_momentum,10,balanced,4,reduced_momentum,1.2433548846279139,0.5247016866993641,-0.19992607851790256,-0.1412013255788136,-0.4997981582122417,20.21420504753489,0.30470035498811626
u50_r7_volatility_adjusted_momentum_k10_strict_v3_btc_eth,50,7,volatility_adjusted_momentum,10,strict,3,btc_eth,1.6124709909406578,1.0281051763851026,-0.43039927292593194,-0.18579407338440068,-0.4920498059178515,23.360226538731347,0.3687397002779725
u50_r7_volatility_adjusted_momentum_k10_strict_v3_reduced_momentum,50,7,volatility_adjusted_momentum,10,strict,3,reduced_momentum,1.4501072065282794,0.9293074328614126,-0.7916145070086053,-0.33632765746594284,-0.5851826922016291,23.46615124003786,0.40048186529276597
u50_r7_volatility_adjusted_momentum_k10_strict_v4_btc_eth,50,7,volatility_adjusted_momentum,10,strict,4,btc_eth,1.163096047996897,0.28079655449667595,-0.19245062932416518,-0.03450575061555372,-0.19076415326325868,10.90898529908753,0.12138813788442042
u50_r7_volatility_adjusted_momentum_k10_strict_v4_reduced_momentum,50,7,volatility_adjusted_momentum,10,strict,4,reduced_momentum,1.3174053273612327,0.4092927547429135,-0.5099713912701523,-0.1078776509064091,-0.3186424755673133,10.9228624535316,0.12035315985130111
u50_r14_momentum_21d_k3_balanced_v3_btc_eth,50,14,momentum_21d,3,balanced,3,btc_eth,0.7758144110105388,0.33413392634949246,-0.39877018797213437,-0.2117715412161516,-0.4346804994237202,15.125973403697095,0.4385134647008137
u50_r14_momentum_21d_k3_balanced_v3_reduced_momentum,50,14,momentum_21d,3,balanced,3,reduced_momentum,0.6802153342588603,0.2634637950629517,-0.47528010115302793,-0.27299527988690986,-0.5196738587036664,15.773457148822638,0.4402191082855974
u50_r14_momentum_21d_k3_balanced_v4_btc_eth,50,14,momentum_21d,3,balanced,4,btc_eth,0.8345036371735103,0.25707084957102033,-0.4505631059108907,-0.17393176686077616,-0.32674894123520226,10.022389320716458,0.24601216627238937
u50_r14_momentum_21d_k3_balanced_v4_reduced_momentum,50,14,momentum_21d,3,balanced,4,reduced_momentum,0.5978539237513699,0.1990674010716189,-0.5027769877096581,-0.22304664973319543,-0.4103917477672746,10.757433726290893,0.2473680375467574
u50_r14_momentum_21d_k3_strict_v3_btc_eth,50,14,momentum_21d,3,strict,3,btc_eth,1.0396158039322811,0.5038475264913416,-0.08122214515531041,-0.06008225671844014,-0.28600393690085446,9.994449240015147,0.3056802403938159
u50_r14_momentum_21d_k3_strict_v3_reduced_momentum,50,14,momentum_21d,3,strict,3,reduced_momentum,0.8967356651945537,0.4266040993980438,-0.10337901010894364,-0.09655787733960997,-0.34271146351270976,11.803290268328643,0.3059595133384333
u50_r14_momentum_21d_k3_strict_v4_btc_eth,50,14,momentum_21d,3,strict,4,btc_eth,0.7830553213231878,0.17764642374647788,-0.7775039524294325,-0.10383132870312561,-0.21717425517865396,5.643376140588037,0.12064886786076377
u50_r14_momentum_21d_k3_strict_v4_reduced_momentum,50,14,momentum_21d,3,strict,4,reduced_momentum,0.7054082099178018,0.24932366990918275,-0.6892443822207033,-0.1575650592934814,-0.3203554520195614,5.463902650646304,0.12200534970842652
u50_r14_momentum_21d_k5_balanced_v3_btc_eth,50,14,momentum_21d,5,balanced,3,btc_eth,1.032500153326738,0.6023951867595934,-0.598232651629138,-0.35626446463683126,-0.5922784002792469,15.961455090869869,0.5781430085796714
u50_r14_momentum_21d_k5_balanced_v3_reduced_momentum,50,14,momentum_21d,5,balanced,3,reduced_momentum,0.9642583311688787,0.5443057044977366,-0.6568372052484684,-0.4024461320572149,-0.6490598390586977,17.09404930615345,0.5784626025941058
u50_r14_momentum_21d_k5_balanced_v4_btc_eth,50,14,momentum_21d,5,balanced,4,btc_eth,0.8549711727891712,0.29249251360386697,-0.5680421704729014,-0.22572952219133002,-0.4376097484360276,10.886763711905852,0.28837295986322886
u50_r14_momentum_21d_k5_balanced_v4_reduced_momentum,50,14,momentum_21d,5,balanced,4,reduced_momentum,0.8562646538969774,0.34849289290702545,-0.7083354268529494,-0.31221515295287317,-0.5247900326832313,11.720515301807435,0.29518953751262017
u50_r14_momentum_21d_k5_strict_v3_btc_eth,50,14,momentum_21d,5,strict,3,btc_eth,1.4203063831219453,0.9001370038735059,-0.30980690676719597,-0.14165456585774805,-0.34434716039242474,10.7957271964047,0.37035296380573923
u50_r14_momentum_21d_k5_strict_v3_reduced_momentum,50,14,momentum_21d,5,strict,3,reduced_momentum,1.2338581536390898,0.7664391062495544,-0.3630362978090559,-0.20052591671414233,-0.44761111482586113,13.034161734492548,0.3674173407038511
u50_r14_momentum_21d_k5_strict_v4_btc_eth,50,14,momentum_21d,5,strict,4,btc_eth,0.9070568802555365,0.23286196269054193,-0.8989075271735837,-0.14269945427870678,-0.2667006256136173,5.766728624535316,0.14312267657992564
u50_r14_momentum_21d_k5_strict_v4_reduced_momentum,50,14,momentum_21d,5,strict,4,reduced_momentum,1.0515812447664643,0.3942516101187581,-0.9149336290376138,-0.2017846991048705,-0.3873659934161894,5.889259652691156,0.13817786637548352
u50_r14_momentum_21d_k10_balanced_v3_btc_eth,50,14,momentum_21d,10,balanced,3,btc_eth,1.2015384719795066,0.798202244870488,-0.5506247534315853,-0.31926716939812294,-0.558213597852884,15.927701698880677,0.5860234122873503
u50_r14_momentum_21d_k10_balanced_v3_reduced_momentum,50,14,momentum_21d,10,balanced,3,reduced_momentum,1.1136843612577414,0.7110553772125068,-0.5788063689326364,-0.35412568095250485,-0.5889153457725983,17.09024249110122,0.5929976489637878
u50_r14_momentum_21d_k10_balanced_v4_btc_eth,50,14,momentum_21d,10,balanced,4,btc_eth,0.8358840938962683,0.2686117093290279,-0.704375592815395,-0.23626614818164782,-0.4331294285268765,10.832272519148143,0.2892717387657924
u50_r14_momentum_21d_k10_balanced_v4_reduced_momentum,50,14,momentum_21d,10,balanced,4,reduced_momentum,1.0190502428057078,0.4153929383893782,-0.7923879729373529,-0.29874247596223014,-0.5035889795489505,11.610176688096395,0.2952861851298628
u50_r14_momentum_21d_k10_strict_v3_btc_eth,50,14,momentum_21d,10,strict,3,btc_eth,1.6169621990337157,1.0663119043516116,-0.3385832388435647,-0.14666254841150206,-0.3559311796345149,10.813030903362673,0.3751583312065091
u50_r14_momentum_21d_k10_strict_v3_reduced_momentum,50,14,momentum_21d,10,strict,3,reduced_momentum,1.4833197477128794,1.0222281877023827,-0.4400642042625176,-0.20683912230509627,-0.4264553454491282,12.945602763105532,0.3767547091969587
u50_r14_momentum_21d_k10_strict_v4_btc_eth,50,14,momentum_21d,10,strict,4,btc_eth,0.9722265162031447,0.24756543736338932,-0.9586632668560285,-0.140093040586451,-0.2634121577385542,5.785064804581534,0.13584371019315256
u50_r14_momentum_21d_k10_strict_v4_reduced_momentum,50,14,momentum_21d,10,strict,4,reduced_momentum,1.2950585811586288,0.4650182081132703,-1.0247077270758123,-0.20504793660455345,-0.3841991752149043,5.868749475920285,0.14192428096262963
u50_r14_momentum_63d_k3_balanced_v3_btc_eth,50,14,momentum_63d,3,balanced,3,btc_eth,0.7140858002857076,0.26557919956723985,-0.508190575917132,-0.2504414230966586,-0.510989077546516,14.468744783120318,0.43896851345904064
u50_r14_momentum_63d_k3_balanced_v3_reduced_momentum,50,14,momentum_63d,3,balanced,3,reduced_momentum,0.5747678554596168,0.17847165867281167,-0.6560065611028176,-0.3392589593023738,-0.5898811235310495,14.423346841261175,0.44400237075882965
u50_r14_momentum_63d_k3_balanced_v4_btc_eth,50,14,momentum_63d,3,balanced,4,btc_eth,0.7886565874572372,0.23442757044830942,-0.6236009963661135,-0.22026759531204154,-0.42886547637055195,10.134930463415053,0.24518349347700025
u50_r14_momentum_63d_k3_balanced_v4_reduced_momentum,50,14,momentum_63d,3,balanced,4,reduced_momentum,0.4717049324415668,0.11681042019172216,-0.6371773084124871,-0.26355200724284533,-0.4876124266792974,9.936806709306977,0.24577233812193022
u50_r14_momentum_63d_k3_strict_v3_btc_eth,50,14,momentum_63d,3,strict,3,btc_eth,1.2886698655788915,0.5776925566516415,-0.09022970866644867,-0.06537199297274221,-0.3144347810249486,9.530317520260208,0.30621182444195494
u50_r14_momentum_63d_k3_strict_v3_reduced_momentum,50,14,momentum_63d,3,strict,3,reduced_momentum,0.8358204396250831,0.33440180952973764,-0.5242122140758407,-0.22840595558767507,-0.5027142633387537,10.893744905091426,0.30635390125099876
u50_r14_momentum_63d_k3_strict_v4_btc_eth,50,14,momentum_63d,3,strict,4,btc_eth,0.8572441680380856,0.20096459188992366,-0.7988362031934358,-0.11032831605215632,-0.22552507327811722,5.643376140588037,0.12064886786076377
u50_r14_momentum_63d_k3_strict_v4_reduced_momentum,50,14,momentum_63d,3,strict,4,reduced_momentum,0.8355314371569044,0.2641943006811629,-0.8232221390306392,-0.19185017491872958,-0.4187754110446338,5.213698321505014,0.12147685028725921
u50_r14_momentum_63d_k5_balanced_v3_btc_eth,50,14,momentum_63d,5,balanced,3,btc_eth,0.9194923870096275,0.4776076181745801,-0.6778579954984604,-0.40256609679732114,-0.6640562984635272,15.811144074077806,0.5879737858943238
u50_r14_momentum_63d_k5_balanced_v3_reduced_momentum,50,14,momentum_63d,5,balanced,3,reduced_momentum,0.8049592784029809,0.36611138266826715,-0.8511673550489333,-0.4988591023895441,-0.7455706892890042,16.949393578948627,0.6122547729662203
u50_r14_momentum_63d_k5_balanced_v4_btc_eth,50,14,momentum_63d,5,balanced,4,btc_eth,0.8563888374301764,0.298374729862658,-0.8175031862471243,-0.2953803734092554,-0.5104974672764457,10.925689281288722,0.2826001652209831
u50_r14_momentum_63d_k5_balanced_v4_reduced_momentum,50,14,momentum_63d,5,balanced,4,reduced_momentum,0.6729941310317431,0.22451357538371597,-0.8408700187240421,-0.36988902922777933,-0.6221233009962489,11.209546757692623,0.3013747048606953
u50_r14_momentum_63d_k5_strict_v3_btc_eth,50,14,momentum_63d,5,strict,3,btc_eth,1.4823410117271654,0.9036192284871096,-0.4639088745653487,-0.21288839795482695,-0.485115352337247,10.766048579306805,0.38009172728007723
u50_r14_momentum_63d_k5_strict_v3_reduced_momentum,50,14,momentum_63d,5,strict,3,reduced_momentum,1.135938477573302,0.654059792379778,-0.8350666949146468,-0.3648364041984806,-0.6286867769066652,12.392695250114,0.39383207248377666
u50_r14_momentum_63d_k5_strict_v4_btc_eth,50,14,momentum_63d,5,strict,4,btc_eth,0.9807625150177832,0.2554687877704329,-1.0012440176766924,-0.15674295775373515,-0.28433739142038905,5.766728624535316,0.13011152416356878
u50_r14_momentum_63d_k5_strict_v4_reduced_momentum,50,14,momentum_63d,5,strict,4,reduced_momentum,1.0002574934603785,0.3278608876023592,-1.1109149048097244,-0.28423068712081523,-0.5116169476117531,5.83773964907794,0.1454883406556269
u50_r14_momentum_63d_k10_balanced_v3_btc_eth,50,14,momentum_63d,10,balanced,3,btc_eth,1.041108774167773,0.6064879046165468,-0.6727938957064067,-0.3942877780376399,-0.6491825419841033,15.946662817380886,0.5957812136111189
u50_r14_momentum_63d_k10_balanced_v3_reduced_momentum,50,14,momentum_63d,10,balanced,3,reduced_momentum,0.9605746006320172,0.5283058823790288,-0.7070091315033151,-0.4447034091212466,-0.7006346344069583,15.856620448527272,0.613831790505275
u50_r14_momentum_63d_k10_balanced_v4_btc_eth,50,14,momentum_63d,10,balanced,4,btc_eth,0.8530288566469599,0.2782735480772587,-0.8938403607730514,-0.29188274736072184,-0.49842987842871134,10.839418126155499,0.286319901397531
u50_r14_momentum_63d_k10_balanced_v4_reduced_momentum,50,14,momentum_63d,10,balanced,4,reduced_momentum,0.8708665188953543,0.32489954040244795,-0.9148805356564675,-0.3849591466702611,-0.6289389086732351,11.06618523330754,0.3033044500043694
u50_r14_momentum_63d_k10_strict_v3_btc_eth,50,14,momentum_63d,10,strict,3,btc_eth,1.6809063817284857,1.136717504648912,-0.5470283585911752,-0.2260196161687722,-0.4633823537838512,10.901968120945702,0.38129498968361364
u50_r14_momentum_63d_k10_strict_v3_reduced_momentum,50,14,momentum_63d,10,strict,3,reduced_momentum,1.3766110630624293,0.8905398889773337,-0.7380156440700801,-0.3326052523960602,-0.58662714407646,11.438359048991785,0.39622288758416735
u50_r14_momentum_63d_k10_strict_v4_btc_eth,50,14,momentum_63d,10,strict,4,btc_eth,0.94407113775868,0.23585362230588425,-1.0885271487827985,-0.17040350769721124,-0.30136017762200806,5.785064804581534,0.13484285231497128
u50_r14_momentum_63d_k10_strict_v4_reduced_momentum,50,14,momentum_63d,10,strict,4,reduced_momentum,1.2101094583572831,0.4147755434108171,-1.199258727281319,-0.2791108842751018,-0.48360964178476606,5.823534401368974,0.1427612556794713
u50_r14_momentum_126d_k3_balanced_v3_btc_eth,50,14,momentum_126d,3,balanced,3,btc_eth,0.6220125761825113,0.20380072099955293,-0.5893244839652005,-0.25746079105159303,-0.46913970874291167,13.519623980234185,0.43965078875898067
u50_r14_momentum_126d_k3_balanced_v3_reduced_momentum,50,14,momentum_126d,3,balanced,3,reduced_momentum,0.6587342524780667,0.23316752733142154,-0.919824134602557,-0.38079897795734186,-0.6083756801726319,12.326787713404782,0.44364567925964976
u50_r14_momentum_126d_k3_balanced_v4_btc_eth,50,14,momentum_126d,3,balanced,4,btc_eth,0.916804786576521,0.2793211823939825,-0.7466903042942098,-0.2075046178714517,-0.3911206197397097,10.056311253801962,0.24547989185535657
u50_r14_momentum_126d_k3_balanced_v4_reduced_momentum,50,14,momentum_126d,3,balanced,4,reduced_momentum,0.4443903370822783,0.10045005339337143,-0.8540253474017253,-0.2848031299644459,-0.47282331965390223,9.255279887937073,0.24689671892678197
u50_r14_momentum_126d_k3_strict_v3_btc_eth,50,14,momentum_126d,3,strict,3,btc_eth,0.9275432826156473,0.37037432418378646,-0.25909944269611207,-0.10929116941691475,-0.2988265182527865,9.184206401514516,0.3068061394105567
u50_r14_momentum_126d_k3_strict_v3_reduced_momentum,50,14,momentum_126d,3,strict,3,reduced_momentum,0.8134323438830989,0.32726575339401354,-0.5059346617078834,-0.21344946482937754,-0.444002469484721,9.581196172241501,0.3068196314029554
u50_r14_momentum_126d_k3_strict_v4_btc_eth,50,14,momentum_126d,3,strict,4,btc_eth,0.7322775560274623,0.16113391312630077,-0.8647961500246024,-0.12047664817126202,-0.23851132182198365,5.643376140588037,0.12064886786076377
u50_r14_momentum_126d_k3_strict_v4_reduced_momentum,50,14,momentum_126d,3,strict,4,reduced_momentum,0.518995386560416,0.12971246120428082,-1.0213473841416663,-0.2225288494931209,-0.39649737197967927,4.794299876084263,0.12230483271375467
u50_r14_momentum_126d_k5_balanced_v3_btc_eth,50,14,momentum_126d,5,balanced,3,btc_eth,0.841853169651086,0.39741501391020506,-0.7639516749720093,-0.43897264281261494,-0.6685055256044552,15.281093422604709,0.605632047689261
u50_r14_momentum_126d_k5_balanced_v3_reduced_momentum,50,14,momentum_126d,5,balanced,3,reduced_momentum,0.8528181573583569,0.4104894770151335,-0.9463858330197578,-0.5142693287907721,-0.7327773687791828,15.572176591833244,0.6215316512493689
u50_r14_momentum_126d_k5_balanced_v4_btc_eth,50,14,momentum_126d,5,balanced,4,btc_eth,1.0271632107102562,0.36634327274666667,-0.9313226855632769,-0.31085201563146514,-0.5122853810766161,10.666906049340994,0.2895159282118781
u50_r14_momentum_126d_k5_balanced_v4_reduced_momentum,50,14,momentum_126d,5,balanced,4,reduced_momentum,0.6931067155244766,0.23164292715845103,-0.99135558169808,-0.39948581782946346,-0.6216844512798011,10.583643122676582,0.3029739776951673
u50_r14_momentum_126d_k5_strict_v3_btc_eth,50,14,momentum_126d,5,strict,3,btc_eth,1.2006921415494891,0.6704941476853132,-0.6999220060891623,-0.2946787412979751,-0.4976332618807734,10.520378339247964,0.3908912154288333
u50_r14_momentum_126d_k5_strict_v3_reduced_momentum,50,14,momentum_126d,5,strict,3,reduced_momentum,1.1114551135108133,0.6444147417445796,-0.8426983388943338,-0.3787580547656464,-0.6012868022176998,11.618228098992446,0.4034951246824513
u50_r14_momentum_126d_k5_strict_v4_btc_eth,50,14,momentum_126d,5,strict,4,btc_eth,0.8432861091845348,0.20573984596008188,-1.082310845654648,-0.17949546289463325,-0.3126166291901429,5.785064804581534,0.13484285231497128
u50_r14_momentum_126d_k5_strict_v4_reduced_momentum,50,14,momentum_126d,5,strict,4,reduced_momentum,0.7659427214381873,0.2228024473577328,-1.2871230702164342,-0.32423754696227014,-0.5091527364281404,5.631040892193309,0.1496282527881041
u50_r14_momentum_126d_k10_balanced_v3_btc_eth,50,14,momentum_126d,10,balanced,3,btc_eth,1.091396634293846,0.6927047206050749,-0.5770459711778954,-0.35881492925460046,-0.5950214714177076,14.911708019524166,0.6051571590478698
u50_r14_momentum_126d_k10_balanced_v3_reduced_momentum,50,14,momentum_126d,10,balanced,3,reduced_momentum,1.0753137711491045,0.686008551473996,-0.6715202080981693,-0.41481837950129463,-0.6496200069879565,14.891400251989298,0.6246131671063794
u50_r14_momentum_126d_k10_balanced_v4_btc_eth,50,14,momentum_126d,10,balanced,4,btc_eth,0.954418388991034,0.32867284125776974,-0.8567931096089731,-0.2689685327892246,-0.444922095092801,10.881934960048957,0.28841761366437696
u50_r14_momentum_126d_k10_balanced_v4_reduced_momentum,50,14,momentum_126d,10,balanced,4,reduced_momentum,0.9531353172525856,0.3760824510009748,-0.9435526843966227,-0.3660411066795688,-0.5742614971034739,10.312267657992566,0.30297397769516726
u50_r14_momentum_126d_k10_strict_v3_btc_eth,50,14,momentum_126d,10,strict,3,btc_eth,1.5227021105536847,1.02354552906476,-0.47007519818104176,-0.21160920272906936,-0.4289409573014026,10.220962945235135,0.3864608604498322
u50_r14_momentum_126d_k10_strict_v3_reduced_momentum,50,14,momentum_126d,10,strict,3,reduced_momentum,1.475815957934047,1.0862169126167567,-0.6543428476422891,-0.3037847725768794,-0.5356891812329805,11.088944964541792,0.40008969311718456
u50_r14_momentum_126d_k10_strict_v4_btc_eth,50,14,momentum_126d,10,strict,4,btc_eth,0.971293112329082,0.24421428609309048,-1.0323156664553905,-0.16197674123525796,-0.29087491920892083,5.775002266751292,0.13211323991993137
u50_r14_momentum_126d_k10_strict_v4_reduced_momentum,50,14,momentum_126d,10,strict,4,reduced_momentum,1.1817995897233662,0.40103972477933714,-1.201130759119927,-0.28950817093799897,-0.47491012730232474,5.4275092936802976,0.14962825278810407
u50_r14_volatility_adjusted_momentum_k3_balanced_v3_btc_eth,50,14,volatility_adjusted_momentum,3,balanced,3,btc_eth,0.9024783649765636,0.3729659822466458,-0.2828074912140928,-0.15380613073229488,-0.4213283988162948,14.453325722626909,0.44062447831203155
u50_r14_volatility_adjusted_momentum_k3_balanced_v3_reduced_momentum,50,14,volatility_adjusted_momentum,3,balanced,3,reduced_momentum,0.8316486842219675,0.3472616193378566,-0.6329709355334138,-0.2638599033870678,-0.49465702218544016,14.925943781335217,0.443060404714631
u50_r14_volatility_adjusted_momentum_k3_balanced_v4_btc_eth,50,14,volatility_adjusted_momentum,3,balanced,4,btc_eth,0.8273909903025506,0.23786768802924607,-0.41980945227971955,-0.13318849251228237,-0.3244675479121354,9.867776061332286,0.24451741482151162
u50_r14_volatility_adjusted_momentum_k3_balanced_v4_reduced_momentum,50,14,volatility_adjusted_momentum,3,balanced,4,reduced_momentum,0.6683509647795635,0.20418985262121536,-0.5253263442949618,-0.18482671632351833,-0.4390824374472925,10.1705895334308,0.2468366611417705
u50_r14_volatility_adjusted_momentum_k3_strict_v3_btc_eth,50,14,volatility_adjusted_momentum,3,strict,3,btc_eth,1.3964645757497822,0.6052284136108093,0.06817853452102926,-0.018839694745595215,-0.2820643791228369,9.534538582861458,0.3063737282129618
u50_r14_volatility_adjusted_momentum_k3_strict_v3_reduced_momentum,50,14,volatility_adjusted_momentum,3,strict,3,reduced_momentum,0.9979992001865141,0.4153492944008763,-0.5459404790314226,-0.19691852343903327,-0.4099668485986645,10.720294548516598,0.3073069401094547
u50_r14_volatility_adjusted_momentum_k3_strict_v4_btc_eth,50,14,volatility_adjusted_momentum,3,strict,4,btc_eth,0.8774087745742173,0.20383626780688613,-0.7988362031934358,-0.11032831605215632,-0.22552507327811722,5.643376140588037,0.12064886786076377
u50_r14_volatility_adjusted_momentum_k3_strict_v4_reduced_momentum,50,14,volatility_adjusted_momentum,3,strict,4,reduced_momentum,0.8312965002637527,0.23986010400762292,-0.634605061785739,-0.1403386256045145,-0.36967049972500543,5.233810139539896,0.12224826248585743
u50_r14_volatility_adjusted_momentum_k5_balanced_v3_btc_eth,50,14,volatility_adjusted_momentum,5,balanced,3,btc_eth,1.1507887592496033,0.7245435733770154,-0.46300980478553955,-0.3057495896353163,-0.6003711933535407,15.842768434420758,0.5967328127673941
u50_r14_volatility_adjusted_momentum_k5_balanced_v3_reduced_momentum,50,14,volatility_adjusted_momentum,5,balanced,3,reduced_momentum,1.0571623180216816,0.633082733661525,-0.6684416383748919,-0.3894349342668648,-0.6680940761975522,17.06372470800983,0.6136911317435357
u50_r14_volatility_adjusted_momentum_k5_balanced_v4_btc_eth,50,14,volatility_adjusted_momentum,5,balanced,4,btc_eth,0.8330828880212995,0.2756801021214408,-0.5699266890933512,-0.19696877771190346,-0.41694928397700415,10.741032464383846,0.2841454299530657
u50_r14_volatility_adjusted_momentum_k5_balanced_v4_reduced_momentum,50,14,volatility_adjusted_momentum,5,balanced,4,reduced_momentum,0.8197981977524866,0.29778834413827626,-0.6618689944101761,-0.2717752144855502,-0.5493700378355373,11.081432938425849,0.29916439251799215
u50_r14_volatility_adjusted_momentum_k5_strict_v3_btc_eth,50,14,volatility_adjusted_momentum,5,strict,3,btc_eth,1.6348786632945687,1.056265164870943,-0.3763979909681078,-0.18381343003410233,-0.4636669128540526,10.88631083866827,0.379211829309529
u50_r14_volatility_adjusted_momentum_k5_strict_v3_reduced_momentum,50,14,volatility_adjusted_momentum,5,strict,3,reduced_momentum,1.3389180829076415,0.8338230494877827,-0.6811693476521034,-0.29684239537031765,-0.5690066769689759,11.96027138897918,0.3893321440722766
u50_r14_volatility_adjusted_momentum_k5_strict_v4_btc_eth,50,14,volatility_adjusted_momentum,5,strict,4,btc_eth,1.0208404522491887,0.2631803073654684,-0.9742492130797754,-0.1521825267930148,-0.27862524438945335,5.766728624535316,0.13011152416356878
u50_r14_volatility_adjusted_momentum_k5_strict_v4_reduced_momentum,50,14,volatility_adjusted_momentum,5,strict,4,reduced_momentum,1.1229759073594934,0.3650304805502984,-1.0179139467913527,-0.2517941971820584,-0.4853403013296914,5.867601297883461,0.14596664432120587
u50_r14_volatility_adjusted_momentum_k10_balanced_v3_btc_eth,50,14,volatility_adjusted_momentum,10,balanced,3,btc_eth,0.9586969662618221,0.5057233241494998,-0.6539084971022869,-0.3672220917766621,-0.6032867931484183,15.867428393696008,0.5953556283694446
u50_r14_volatility_adjusted_momentum_k10_balanced_v3_reduced_momentum,50,14,volatility_adjusted_momentum,10,balanced,3,reduced_momentum,0.8704966686300486,0.42398751774178023,-0.6927354116129202,-0.40568570665276615,-0.6383626935474234,16.066978560097645,0.6130224841920762
u50_r14_volatility_adjusted_momentum_k10_balanced_v4_btc_eth,50,14,volatility_adjusted_momentum,10,balanced,4,btc_eth,0.7946452638268321,0.24397697845776167,-0.8866388334680445,-0.27349309867591787,-0.4676264648269949,10.854894657476049,0.28601822751695577
u50_r14_volatility_adjusted_momentum_k10_balanced_v4_reduced_momentum,50,14,volatility_adjusted_momentum,10,balanced,4,reduced_momentum,0.7156591041893273,0.22974412762595864,-0.9190958147121734,-0.34534412379704926,-0.5691997695545913,11.118741788053887,0.30163553506765833
u50_r14_volatility_adjusted_momentum_k10_strict_v3_btc_eth,50,14,volatility_adjusted_momentum,10,strict,3,btc_eth,1.5539831719530794,0.9453151841659015,-0.6388081048718479,-0.25021797548957114,-0.4649356023670954,10.883766626489354,0.3788401018025123
u50_r14_volatility_adjusted_momentum_k10_strict_v3_reduced_momentum,50,14,volatility_adjusted_momentum,10,strict,3,reduced_momentum,1.2616726107292995,0.7314543933567521,-0.7837455226656376,-0.32460695752496904,-0.5498481275431599,11.528590883046288,0.39511783638466924
u50_r14_volatility_adjusted_momentum_k10_strict_v4_btc_eth,50,14,volatility_adjusted_momentum,10,strict,4,btc_eth,0.9265854838344165,0.22376204526576204,-1.0099402516640836,-0.15520955599162023,-0.2824183657885505,5.766728624535316,0.13011152416356878
u50_r14_volatility_adjusted_momentum_k10_strict_v4_reduced_momentum,50,14,volatility_adjusted_momentum,10,strict,4,reduced_momentum,1.058877345935908,0.32009704153053464,-1.2920156686371085,-0.2909238665717686,-0.4817440117890197,5.886740312042356,0.14583333333333334
