timestamp,equity_eur
2025-06-13 01:00:00.021000+00:00,1000.0
2025-06-13 02:00:00.052000+00:00,1000.0
2025-06-13 03:00:00.055000+00:00,1000.0
2025-06-13 04:00:00.055000+00:00,1000.0
2025-06-13 05:00:00.019000+00:00,1000.0
2025-06-13 06:00:00.076000+00:00,1000.0
2025-06-13 07:00:00.070000+00:00,1000.0
2025-06-13 08:00:00.018000+00:00,1000.0
2025-06-13 09:00:00.004000+00:00,1000.0
2025-06-13 10:00:00.049000+00:00,1000.0
2025-06-13 11:00:00.043000+00:00,1000.0
2025-06-13 12:00:00.027000+00:00,1000.0
2025-06-13 13:00:00.058000+00:00,1000.0
2025-06-13 14:00:00.063000+00:00,1000.0
2025-06-13 15:00:00.029000+00:00,1000.0
2025-06-13 16:00:00.040000+00:00,1000.0
2025-06-13 17:00:00.020000+00:00,1000.0
2025-06-13 18:00:00.083000+00:00,1000.0
2025-06-13 19:00:00.092000+00:00,1000.0
2025-06-13 20:00:00.037000+00:00,1000.0
2025-06-13 21:00:00.004000+00:00,1000.0
2025-06-13 22:00:00.162000+00:00,1000.0
2025-06-13 23:00:00.009000+00:00,1000.0
2025-06-14 00:00:00.047000+00:00,1000.0
2025-06-14 01:00:00.084000+00:00,1000.0
2025-06-14 02:00:00.075000+00:00,1000.0
2025-06-14 03:00:00.035000+00:00,1000.0
2025-06-14 04:00:00.008000+00:00,1000.0
2025-06-14 05:00:00.037000+00:00,1000.0
2025-06-14 06:00:00.047000+00:00,1000.0
2025-06-14 07:00:00.013000+00:00,1000.0
2025-06-14 08:00:00.182000+00:00,1000.0
2025-06-14 09:00:00.007000+00:00,1000.0
2025-06-14 10:00:00.013000+00:00,1000.0
2025-06-14 11:00:00.012000+00:00,1000.0
2025-06-14 12:00:00.033000+00:00,1000.0
2025-06-14 13:00:00.004000+00:00,1000.0
2025-06-14 14:00:00.010000+00:00,1000.0
2025-06-14 15:00:00.001000+00:00,1000.0
2025-06-14 16:00:00.021000+00:00,1000.0
2025-06-14 17:00:00.013000+00:00,1000.0
2025-06-14 18:00:00.012000+00:00,1000.0
2025-06-14 19:00:00.061000+00:00,1000.0
2025-06-14 20:00:00.043000+00:00,1000.0
2025-06-14 21:00:00.044000+00:00,1000.0
2025-06-14 22:00:00.032000+00:00,1000.0
2025-06-14 23:00:00.017000+00:00,1000.0
2025-06-15 00:00:00.102000+00:00,1000.0
2025-06-15 01:00:00.119000+00:00,1000.0
2025-06-15 02:00:00.164000+00:00,1000.0
2025-06-15 03:00:00.032000+00:00,1000.0
2025-06-15 04:00:00.040000+00:00,1000.0
2025-06-15 05:00:00.095000+00:00,1000.0
2025-06-15 06:00:00.052000+00:00,1000.0
2025-06-15 07:00:00.018000+00:00,1000.0
2025-06-15 08:00:00.021000+00:00,1000.0
2025-06-15 09:00:00.016000+00:00,1000.0
2025-06-15 10:00:00.032000+00:00,1000.0
2025-06-15 11:00:00.032000+00:00,1000.0
2025-06-15 12:00:00.126000+00:00,1000.0
2025-06-15 13:00:00.030000+00:00,1000.0
2025-06-15 14:00:00.056000+00:00,1000.0
2025-06-15 15:00:00.041000+00:00,1000.0
2025-06-15 16:00:00.130000+00:00,1000.0
2025-06-15 17:00:00.045000+00:00,1000.0
2025-06-15 18:00:00.022000+00:00,1000.0
2025-06-15 19:00:00.071000+00:00,1000.0
2025-06-15 20:00:00.032000+00:00,1000.0
2025-06-15 21:00:00.007000+00:00,1000.0
2025-06-15 22:00:00.017000+00:00,1000.0
2025-06-15 23:00:00.037000+00:00,1000.0
2025-06-16 00:00:00.076000+00:00,1000.0
2025-06-16 01:00:00.049000+00:00,1000.0
2025-06-16 02:00:00.073000+00:00,1000.0
2025-06-16 03:00:00.020000+00:00,1000.0
2025-06-16 04:00:00.041000+00:00,1000.0
2025-06-16 05:00:00.097000+00:00,1000.0
2025-06-16 06:00:00.023000+00:00,1000.0
2025-06-16 07:00:00.083000+00:00,1000.0
2025-06-16 08:00:00.052000+00:00,1000.0
2025-06-16 09:00:00.029000+00:00,1000.0
2025-06-16 10:00:00.078000+00:00,1000.0
2025-06-16 11:00:00.015000+00:00,1000.0
2025-06-16 12:00:00.104000+00:00,1000.0
2025-06-16 13:00:00.089000+00:00,1000.0
2025-06-16 14:00:00.039000+00:00,1000.0
2025-06-16 15:00:00.038000+00:00,1000.0
2025-06-16 16:00:00.043000+00:00,1000.0
2025-06-16 17:00:00.011000+00:00,1000.0
2025-06-16 18:00:00.037000+00:00,1000.0
2025-06-16 19:00:00.001000+00:00,1000.0
2025-06-16 20:00:00+00:00,1000.0
2025-06-16 21:00:00.037000+00:00,1000.0
2025-06-16 22:00:00.001000+00:00,1000.0
2025-06-16 23:00:00.089000+00:00,1000.0
2025-06-17 00:00:00.100000+00:00,1000.0
2025-06-17 01:00:00.007000+00:00,1000.0
2025-06-17 02:00:00.020000+00:00,1000.0
2025-06-17 03:00:00.002000+00:00,1000.0
2025-06-17 04:00:00.065000+00:00,1000.0
2025-06-17 05:00:00.036000+00:00,1000.0
2025-06-17 06:00:00.030000+00:00,1000.0
2025-06-17 07:00:00.019000+00:00,1000.0
2025-06-17 08:00:00.086000+00:00,1000.0
2025-06-17 09:00:00.014000+00:00,1000.0
2025-06-17 10:00:00.035000+00:00,1000.0
2025-06-17 11:00:00.010000+00:00,1000.0
2025-06-17 12:00:00.148000+00:00,1000.0
2025-06-17 13:00:00.023000+00:00,1000.0
2025-06-17 14:00:00+00:00,1000.0
2025-06-17 15:00:00.033000+00:00,1000.0
2025-06-17 16:00:00.030000+00:00,1000.0
2025-06-17 17:00:00.001000+00:00,1000.0
2025-06-17 18:00:00.016000+00:00,1000.0
2025-06-17 19:00:00.020000+00:00,1000.0
2025-06-17 20:00:00.072000+00:00,1000.0
2025-06-17 21:00:00.134000+00:00,1000.0
2025-06-17 22:00:00.007000+00:00,1000.0
2025-06-17 23:00:00.041000+00:00,1000.0
2025-06-18 00:00:00.088000+00:00,1000.0
2025-06-18 01:00:00.078000+00:00,1000.0
2025-06-18 02:00:00.090000+00:00,1000.0
2025-06-18 03:00:00.030000+00:00,1000.0
2025-06-18 04:00:00.080000+00:00,1000.0
2025-06-18 05:00:00.071000+00:00,1000.0
2025-06-18 06:00:00.051000+00:00,1000.0
2025-06-18 07:00:00.036000+00:00,1000.0
2025-06-18 08:00:00.028000+00:00,1000.0
2025-06-18 09:00:00.015000+00:00,1000.0
2025-06-18 10:00:00.036000+00:00,1000.0
2025-06-18 11:00:00.033000+00:00,1000.0
2025-06-18 12:00:00.012000+00:00,1000.0
2025-06-18 13:00:00.176000+00:00,1000.0
2025-06-18 14:00:00.051000+00:00,1000.0
2025-06-18 15:00:00.022000+00:00,1000.0
2025-06-18 16:00:00.066000+00:00,1000.0
2025-06-18 17:00:00.052000+00:00,1000.0
2025-06-18 18:00:00.067000+00:00,1000.0
2025-06-18 19:00:00.046000+00:00,1000.0
2025-06-18 20:00:00.040000+00:00,1000.0
2025-06-18 21:00:00.006000+00:00,1000.0
2025-06-18 22:00:00.041000+00:00,1000.0
2025-06-18 23:00:00.066000+00:00,1000.0
2025-06-19 00:00:00.047000+00:00,1000.0
2025-06-19 01:00:00.052000+00:00,1000.0
2025-06-19 02:00:00.022000+00:00,1000.0
2025-06-19 03:00:00.039000+00:00,1000.0
2025-06-19 04:00:00.079000+00:00,1000.0
2025-06-19 05:00:00.009000+00:00,1000.0
2025-06-19 06:00:00.005000+00:00,1000.0
2025-06-19 07:00:00.071000+00:00,1000.0
2025-06-19 08:00:00.036000+00:00,1000.0
2025-06-19 09:00:00.002000+00:00,1000.0
2025-06-19 10:00:00.081000+00:00,1000.0
2025-06-19 11:00:00.024000+00:00,1000.0
2025-06-19 12:00:00.042000+00:00,1000.0
2025-06-19 13:00:00.015000+00:00,1000.0
2025-06-19 14:00:00.064000+00:00,1000.0
2025-06-19 15:00:00.017000+00:00,1000.0
2025-06-19 16:00:00.041000+00:00,1000.0
2025-06-19 17:00:00.007000+00:00,1000.0
2025-06-19 18:00:00.012000+00:00,1000.0
2025-06-19 19:00:00.010000+00:00,1000.0
2025-06-19 20:00:00.009000+00:00,1000.0
2025-06-19 21:00:00.013000+00:00,1000.0
2025-06-19 22:00:00.020000+00:00,1000.0
2025-06-19 23:00:00.094000+00:00,1000.0
2025-06-20 00:00:00.010000+00:00,1000.0
2025-06-20 01:00:00.041000+00:00,1000.0
2025-06-20 02:00:00.037000+00:00,1000.0
2025-06-20 03:00:00.001000+00:00,1000.0
2025-06-20 04:00:00.051000+00:00,1000.0
2025-06-20 05:00:00.001000+00:00,1000.0
2025-06-20 06:00:00.010000+00:00,1000.0
2025-06-20 07:00:00.184000+00:00,1000.0
2025-06-20 08:00:00.051000+00:00,1000.0
2025-06-20 09:00:00.015000+00:00,1000.0
2025-06-20 10:00:00.061000+00:00,1000.0
2025-06-20 11:00:00.044000+00:00,1000.0
2025-06-20 12:00:00.061000+00:00,1000.0
2025-06-20 13:00:00.035000+00:00,1000.0
2025-06-20 14:00:00.039000+00:00,1000.0
2025-06-20 15:00:00.025000+00:00,1000.0
2025-06-20 16:00:00.037000+00:00,1000.0
2025-06-20 17:00:00.001000+00:00,1000.0
2025-06-20 18:00:00.003000+00:00,1000.0
2025-06-20 19:00:00.018000+00:00,1000.0
2025-06-20 20:00:00.100000+00:00,1000.0
2025-06-20 21:00:00.016000+00:00,1000.0
2025-06-20 22:00:00.031000+00:00,1000.0
2025-06-20 23:00:00.059000+00:00,1000.0
2025-06-21 00:00:00.049000+00:00,1000.0
2025-06-21 01:00:00.056000+00:00,1000.0
2025-06-21 02:00:00.037000+00:00,1000.0
2025-06-21 03:00:00.106000+00:00,1000.0
2025-06-21 04:00:00.070000+00:00,1000.0
2025-06-21 05:00:00.024000+00:00,1000.0
2025-06-21 06:00:00.014000+00:00,1000.0
2025-06-21 07:00:00.018000+00:00,1000.0
2025-06-21 08:00:00.012000+00:00,1000.0
2025-06-21 09:00:00.057000+00:00,1000.0
2025-06-21 10:00:00.011000+00:00,1000.0
2025-06-21 11:00:00.021000+00:00,1000.0
2025-06-21 12:00:00.046000+00:00,1000.0
2025-06-21 13:00:00.024000+00:00,1000.0
2025-06-21 14:00:00.060000+00:00,1000.0
2025-06-21 15:00:00.030000+00:00,1000.0
2025-06-21 16:00:00.081000+00:00,1000.0
2025-06-21 17:00:00.045000+00:00,1000.0
2025-06-21 18:00:00.041000+00:00,1000.0
2025-06-21 19:00:00.077000+00:00,1000.0
2025-06-21 20:00:00.044000+00:00,1000.0
2025-06-21 21:00:00.061000+00:00,1000.0
2025-06-21 22:00:00.046000+00:00,1000.0
2025-06-21 23:00:00.104000+00:00,1000.0
2025-06-22 00:00:00.016000+00:00,1000.0
2025-06-22 01:00:00.040000+00:00,1000.0
2025-06-22 02:00:00.038000+00:00,1000.0
2025-06-22 03:00:00.065000+00:00,1000.0
2025-06-22 04:00:00.100000+00:00,1000.0
2025-06-22 05:00:00.018000+00:00,1000.0
2025-06-22 06:00:00.038000+00:00,1000.0
2025-06-22 07:00:00.067000+00:00,1000.0
2025-06-22 08:00:00.031000+00:00,1000.0
2025-06-22 09:00:00.046000+00:00,1000.0
2025-06-22 10:00:00.050000+00:00,1000.0
2025-06-22 11:00:00.036000+00:00,1000.0
2025-06-22 12:00:00.031000+00:00,1000.0
2025-06-22 13:00:00.012000+00:00,1000.0
2025-06-22 14:00:00.086000+00:00,1000.0
2025-06-22 15:00:00.065000+00:00,1000.0
2025-06-22 16:00:00.069000+00:00,1000.0
2025-06-22 17:00:00.040000+00:00,1000.0
2025-06-22 18:00:00.048000+00:00,1000.0
2025-06-22 19:00:00.085000+00:00,1000.0
2025-06-22 20:00:00.054000+00:00,1000.0
2025-06-22 21:00:00.048000+00:00,1000.0
2025-06-22 22:00:00.041000+00:00,1000.0
2025-06-22 23:00:00.044000+00:00,1000.0
2025-06-23 00:00:00.043000+00:00,1000.0
2025-06-23 01:00:00.037000+00:00,1000.0
2025-06-23 02:00:00.017000+00:00,1000.0
2025-06-23 03:00:00.044000+00:00,1000.0
2025-06-23 04:00:00.049000+00:00,1000.0
2025-06-23 05:00:00.019000+00:00,1000.0
2025-06-23 06:00:00.076000+00:00,1000.0
2025-06-23 07:00:00.011000+00:00,1000.0
2025-06-23 08:00:00.017000+00:00,1000.0
2025-06-23 09:00:00.019000+00:00,1000.0
2025-06-23 10:00:00.046000+00:00,1000.0
2025-06-23 11:00:00.034000+00:00,1000.0
2025-06-23 12:00:00.080000+00:00,1000.0
2025-06-23 13:00:00.012000+00:00,1000.0
2025-06-23 14:00:00.004000+00:00,1000.0
2025-06-23 15:00:00.046000+00:00,1000.0
2025-06-23 16:00:00.038000+00:00,1000.0
2025-06-23 17:00:00.060000+00:00,1000.0
2025-06-23 18:00:00.057000+00:00,1000.0
2025-06-23 19:00:00.136000+00:00,1000.0
2025-06-23 20:00:00.113000+00:00,1000.0
2025-06-23 21:00:00.002000+00:00,1000.0
2025-06-23 22:00:00.022000+00:00,1000.0
2025-06-23 23:00:00.081000+00:00,1000.0
2025-06-24 00:00:00.086000+00:00,1000.0
2025-06-24 01:00:00.030000+00:00,1000.0
2025-06-24 02:00:00.012000+00:00,1000.0
2025-06-24 03:00:00.058000+00:00,1000.0
2025-06-24 04:00:00.011000+00:00,1000.0
2025-06-24 05:00:00.057000+00:00,1000.0
2025-06-24 06:00:00.021000+00:00,1000.0
2025-06-24 07:00:00.020000+00:00,1000.0
2025-06-24 08:00:00.005000+00:00,1000.0
2025-06-24 09:00:00.035000+00:00,1000.0
2025-06-24 10:00:00.047000+00:00,1000.0
2025-06-24 11:00:00.024000+00:00,1000.0
2025-06-24 12:00:00.039000+00:00,1000.0
2025-06-24 13:00:00.075000+00:00,1000.0
2025-06-24 14:00:00+00:00,1000.0
2025-06-24 15:00:00.070000+00:00,1000.0
2025-06-24 16:00:00.015000+00:00,1000.0
2025-06-24 17:00:00.052000+00:00,1000.0
2025-06-24 18:00:00.069000+00:00,1000.0
2025-06-24 19:00:00.043000+00:00,1000.0
2025-06-24 20:00:00.020000+00:00,1000.0
2025-06-24 21:00:00.117000+00:00,1000.0
2025-06-24 22:00:00.021000+00:00,1000.0
2025-06-24 23:00:00.016000+00:00,1000.0
2025-06-25 00:00:00.046000+00:00,1000.0
2025-06-25 01:00:00.024000+00:00,1000.0
2025-06-25 02:00:00.044000+00:00,1000.0
2025-06-25 03:00:00.022000+00:00,1000.0
2025-06-25 04:00:00.021000+00:00,1000.0
2025-06-25 05:00:00.108000+00:00,1000.0
2025-06-25 06:00:00.081000+00:00,1000.0
2025-06-25 07:00:00.014000+00:00,1000.0
2025-06-25 08:00:00.049000+00:00,1000.0
2025-06-25 09:00:00.056000+00:00,1000.0
2025-06-25 10:00:00.018000+00:00,1000.0
2025-06-25 11:00:00.047000+00:00,1000.0
2025-06-25 12:00:00.014000+00:00,1000.0
2025-06-25 13:00:00.113000+00:00,1000.0
2025-06-25 14:00:00.133000+00:00,1000.0
2025-06-25 15:00:00.058000+00:00,1000.0
2025-06-25 16:00:00.058000+00:00,1000.0
2025-06-25 17:00:00.041000+00:00,1000.0
2025-06-25 18:00:00.042000+00:00,1000.0
2025-06-25 19:00:00.007000+00:00,1000.0
2025-06-25 20:00:00.067000+00:00,1000.0
2025-06-25 21:00:00.026000+00:00,1000.0
2025-06-25 22:00:00.007000+00:00,1000.0
2025-06-25 23:00:00.042000+00:00,1000.0
2025-06-26 00:00:00.101000+00:00,1000.0
2025-06-26 01:00:00.002000+00:00,1000.0
2025-06-26 02:00:00.017000+00:00,1000.0
2025-06-26 03:00:00.038000+00:00,1000.0
2025-06-26 04:00:00.069000+00:00,1000.0
2025-06-26 05:00:00.068000+00:00,1000.0
2025-06-26 06:00:00.042000+00:00,1000.0
2025-06-26 07:00:00.020000+00:00,1000.0
2025-06-26 08:00:00.086000+00:00,1000.0
2025-06-26 09:00:00.030000+00:00,1000.0
2025-06-26 10:00:00.107000+00:00,1000.0
2025-06-26 11:00:00.055000+00:00,1000.0
2025-06-26 12:00:00.037000+00:00,1000.0
2025-06-26 13:00:00.035000+00:00,1000.0
2025-06-26 14:00:00.041000+00:00,1000.0
2025-06-26 15:00:00.057000+00:00,1000.0
2025-06-26 16:00:00.035000+00:00,1000.0
2025-06-26 17:00:00.006000+00:00,1000.0
2025-06-26 18:00:00.019000+00:00,1000.0
2025-06-26 19:00:00.032000+00:00,1000.0
2025-06-26 20:00:00.060000+00:00,1000.0
2025-06-26 21:00:00.003000+00:00,1000.0
2025-06-26 22:00:00.030000+00:00,1000.0
2025-06-26 23:00:00.100000+00:00,1000.0
2025-06-27 00:00:00.045000+00:00,1000.0
2025-06-27 01:00:00.051000+00:00,1000.0
2025-06-27 02:00:00.002000+00:00,1000.0
2025-06-27 03:00:00.058000+00:00,1000.0
2025-06-27 04:00:00.075000+00:00,1000.0
2025-06-27 05:00:00.053000+00:00,1000.0
2025-06-27 06:00:00.022000+00:00,1000.0
2025-06-27 07:00:00.039000+00:00,1000.0
2025-06-27 08:00:00.094000+00:00,1000.0
2025-06-27 09:00:00.074000+00:00,1000.0
2025-06-27 10:00:00.062000+00:00,1000.0
2025-06-27 11:00:00.077000+00:00,1000.0
2025-06-27 12:00:00.089000+00:00,1000.0
2025-06-27 13:00:00.012000+00:00,1000.0
2025-06-27 14:00:00.134000+00:00,1000.0
2025-06-27 15:00:00.057000+00:00,1000.0
2025-06-27 16:00:00.002000+00:00,1000.0
2025-06-27 17:00:00.040000+00:00,1000.0
2025-06-27 18:00:00.028000+00:00,1000.0
2025-06-27 19:00:00.055000+00:00,1000.0
2025-06-27 20:00:00.010000+00:00,1000.0
2025-06-27 21:00:00.128000+00:00,1000.0
2025-06-27 22:00:00.049000+00:00,1000.0
2025-06-27 23:00:00.026000+00:00,1000.0
2025-06-28 00:00:00.061000+00:00,1000.0
2025-06-28 01:00:00.002000+00:00,1000.0
2025-06-28 02:00:00.050000+00:00,1000.0
2025-06-28 03:00:00.018000+00:00,1000.0
2025-06-28 04:00:00.012000+00:00,1000.0
2025-06-28 05:00:00.027000+00:00,1000.0
2025-06-28 06:00:00.009000+00:00,1000.0
2025-06-28 07:00:00.061000+00:00,1000.0
2025-06-28 08:00:00.029000+00:00,1000.0
2025-06-28 09:00:00.080000+00:00,1000.0
2025-06-28 10:00:00.063000+00:00,1000.0
2025-06-28 11:00:00.015000+00:00,1000.0
2025-06-28 12:00:00.033000+00:00,1000.0
2025-06-28 13:00:00.035000+00:00,1000.0
2025-06-28 14:00:00.069000+00:00,1000.0
2025-06-28 15:00:00.038000+00:00,1000.0
2025-06-28 16:00:00.129000+00:00,1000.0
2025-06-28 17:00:00.012000+00:00,1000.0
2025-06-28 18:00:00.074000+00:00,1000.0
2025-06-28 19:00:00.062000+00:00,1000.0
2025-06-28 20:00:00.031000+00:00,1000.0
2025-06-28 21:00:00.032000+00:00,1000.0
2025-06-28 22:00:00.098000+00:00,1000.0
2025-06-28 23:00:00.026000+00:00,1000.0
2025-06-29 00:00:00.019000+00:00,1000.0
2025-06-29 01:00:00.121000+00:00,1000.0
2025-06-29 02:00:00.018000+00:00,1000.0
2025-06-29 03:00:00.058000+00:00,1000.0
2025-06-29 04:00:00.046000+00:00,1000.0
2025-06-29 05:00:00.092000+00:00,1000.0
2025-06-29 06:00:00.009000+00:00,1000.0
2025-06-29 07:00:00.042000+00:00,1000.0
2025-06-29 08:00:00.036000+00:00,1000.0
2025-06-29 09:00:00.036000+00:00,1000.0
2025-06-29 10:00:00.076000+00:00,1000.0
2025-06-29 11:00:00.049000+00:00,1000.0
2025-06-29 12:00:00.033000+00:00,1000.0
2025-06-29 13:00:00.061000+00:00,1000.0
2025-06-29 14:00:00.001000+00:00,1000.0
2025-06-29 15:00:00.052000+00:00,1000.0
2025-06-29 16:00:00.060000+00:00,1000.0
2025-06-29 17:00:00.066000+00:00,1000.0
2025-06-29 18:00:00.047000+00:00,1000.0
2025-06-29 19:00:00.122000+00:00,1000.0
2025-06-29 20:00:00.049000+00:00,1000.0
2025-06-29 21:00:00.068000+00:00,1000.0
2025-06-29 22:00:00.016000+00:00,1000.0
2025-06-29 23:00:00.017000+00:00,1000.0
2025-06-30 00:00:00.062000+00:00,1000.0
2025-06-30 01:00:00.028000+00:00,1000.0
2025-06-30 02:00:00.062000+00:00,1000.0
2025-06-30 03:00:00.034000+00:00,1000.0
2025-06-30 04:00:00.049000+00:00,1000.0
2025-06-30 05:00:00.040000+00:00,1000.0
2025-06-30 06:00:00.058000+00:00,1000.0
2025-06-30 07:00:00.011000+00:00,1000.0
2025-06-30 08:00:00.035000+00:00,1000.0
2025-06-30 09:00:00.077000+00:00,1000.0
2025-06-30 10:00:00.008000+00:00,1000.0
2025-06-30 11:00:00.026000+00:00,1000.0
2025-06-30 12:00:00.051000+00:00,1000.0
2025-06-30 13:00:00.038000+00:00,1000.0
2025-06-30 14:00:00.068000+00:00,1000.0
2025-06-30 15:00:00.010000+00:00,1000.0
2025-06-30 16:00:00.014000+00:00,1000.0
2025-06-30 17:00:00.035000+00:00,1000.0
2025-06-30 18:00:00.047000+00:00,1000.0
2025-06-30 19:00:00.009000+00:00,1000.0
2025-06-30 20:00:00.048000+00:00,1000.0
2025-06-30 21:00:00.106000+00:00,1000.0
2025-06-30 22:00:00.037000+00:00,1000.0
2025-06-30 23:00:00.013000+00:00,1000.0
2025-07-01 00:00:00+00:00,1000.0
2025-07-01 01:00:00.011000+00:00,1000.0
2025-07-01 02:00:00.035000+00:00,1000.0
2025-07-01 03:00:00.038000+00:00,1000.0
2025-07-01 04:00:00.012000+00:00,1000.0
2025-07-01 05:00:00.014000+00:00,1000.0
2025-07-01 06:00:00.028000+00:00,1000.0
2025-07-01 07:00:00.012000+00:00,1000.0
2025-07-01 08:00:00.025000+00:00,1000.0
2025-07-01 09:00:00.032000+00:00,1000.0
2025-07-01 10:00:00.005000+00:00,1000.0
2025-07-01 11:00:00.022000+00:00,1000.0
2025-07-01 12:00:00.037000+00:00,1000.0
2025-07-01 13:00:00.023000+00:00,1000.0
2025-07-01 14:00:00.059000+00:00,1000.0
2025-07-01 15:00:00.051000+00:00,1000.0
2025-07-01 16:00:00.065000+00:00,1000.0
2025-07-01 17:00:00.091000+00:00,1000.0
2025-07-01 18:00:00.012000+00:00,1000.0
2025-07-01 19:00:00.051000+00:00,1000.0
2025-07-01 20:00:00.039000+00:00,1000.0
2025-07-01 21:00:00.001000+00:00,1000.0
2025-07-01 22:00:00+00:00,1000.0
2025-07-01 23:00:00.025000+00:00,1000.0
2025-07-02 00:00:00.041000+00:00,1000.0
2025-07-02 01:00:00.011000+00:00,1000.0
2025-07-02 02:00:00.107000+00:00,1000.0
2025-07-02 03:00:00.024000+00:00,1000.0
2025-07-02 04:00:00.099000+00:00,1000.0
2025-07-02 05:00:00.011000+00:00,1000.0
2025-07-02 06:00:00.037000+00:00,1000.0
2025-07-02 07:00:00.071000+00:00,1000.0
2025-07-02 08:00:00.049000+00:00,1000.0
2025-07-02 09:00:00.053000+00:00,1000.0
2025-07-02 10:00:00.047000+00:00,1000.0
2025-07-02 11:00:00.038000+00:00,1000.0
2025-07-02 12:00:00.059000+00:00,1000.0
2025-07-02 13:00:00+00:00,1000.0
2025-07-02 14:00:00.049000+00:00,1000.0
2025-07-02 15:00:00.010000+00:00,1000.0
2025-07-02 16:00:00.059000+00:00,1000.0
2025-07-02 17:00:00.066000+00:00,1000.0
2025-07-02 18:00:00.001000+00:00,1000.0
2025-07-02 19:00:00.122000+00:00,1000.0
2025-07-02 20:00:00.002000+00:00,1000.0
2025-07-02 21:00:00.024000+00:00,1000.0
2025-07-02 22:00:00.038000+00:00,1000.0
2025-07-02 23:00:00.063000+00:00,1000.0
2025-07-03 00:00:00.130000+00:00,1000.0
2025-07-03 01:00:00.011000+00:00,1000.0
2025-07-03 02:00:00.048000+00:00,1000.0
2025-07-03 03:00:00.081000+00:00,1000.0
2025-07-03 04:00:00.066000+00:00,1000.0
2025-07-03 05:00:00.012000+00:00,1000.0
2025-07-03 06:00:00.001000+00:00,1000.0
2025-07-03 07:00:00.033000+00:00,1000.0
2025-07-03 08:00:00.051000+00:00,1000.0
2025-07-03 09:00:00.047000+00:00,1000.0
2025-07-03 10:00:00.042000+00:00,1000.0
2025-07-03 11:00:00.013000+00:00,1000.0
2025-07-03 12:00:00.051000+00:00,1000.0
2025-07-03 13:00:00.047000+00:00,1000.0
2025-07-03 14:00:00.079000+00:00,1000.0
2025-07-03 15:00:00.007000+00:00,1000.0
2025-07-03 16:00:00.045000+00:00,1000.0
2025-07-03 17:00:00.034000+00:00,1000.0
2025-07-03 18:00:00.053000+00:00,1000.0
2025-07-03 19:00:00.011000+00:00,1000.0
2025-07-03 20:00:00.054000+00:00,1000.0
2025-07-03 21:00:00.075000+00:00,1000.0
2025-07-03 22:00:00.040000+00:00,1000.0
2025-07-03 23:00:00.069000+00:00,1000.0
2025-07-04 00:00:00.046000+00:00,1000.0
2025-07-04 01:00:00.035000+00:00,1000.0
2025-07-04 02:00:00.109000+00:00,1000.0
2025-07-04 03:00:00.027000+00:00,1000.0
2025-07-04 04:00:00.076000+00:00,1000.0
2025-07-04 05:00:00.024000+00:00,1000.0
2025-07-04 06:00:00.104000+00:00,1000.0
2025-07-04 07:00:00.018000+00:00,1000.0
2025-07-04 08:00:00.038000+00:00,1000.0
2025-07-04 09:00:00.001000+00:00,1000.0
2025-07-04 10:00:00.081000+00:00,1000.0
2025-07-04 11:00:00.045000+00:00,1000.0
2025-07-04 12:00:00.042000+00:00,1000.0
2025-07-04 13:00:00.040000+00:00,1000.0
2025-07-04 14:00:00.029000+00:00,1000.0
2025-07-04 15:00:00.091000+00:00,1000.0
2025-07-04 16:00:00.010000+00:00,1000.0
2025-07-04 17:00:00.118000+00:00,1000.0
2025-07-04 18:00:00.053000+00:00,1000.0
2025-07-04 19:00:00.123000+00:00,1000.0
2025-07-04 20:00:00.017000+00:00,1000.0
2025-07-04 21:00:00.042000+00:00,1000.0
2025-07-04 22:00:00.049000+00:00,1000.0
2025-07-04 23:00:00.083000+00:00,1000.0
2025-07-05 00:00:00.007000+00:00,1000.0
2025-07-05 01:00:00.030000+00:00,1000.0
2025-07-05 02:00:00.019000+00:00,1000.0
2025-07-05 03:00:00.008000+00:00,1000.0
2025-07-05 04:00:00.076000+00:00,1000.0
2025-07-05 05:00:00.064000+00:00,1000.0
2025-07-05 06:00:00.053000+00:00,1000.0
2025-07-05 07:00:00.032000+00:00,1000.0
2025-07-05 08:00:00.056000+00:00,1000.0
2025-07-05 09:00:00.010000+00:00,1000.0
2025-07-05 10:00:00.090000+00:00,1000.0
2025-07-05 11:00:00.026000+00:00,1000.0
2025-07-05 12:00:00.075000+00:00,1000.0
2025-07-05 13:00:00.027000+00:00,1000.0
2025-07-05 14:00:00.048000+00:00,1000.0
2025-07-05 15:00:00.064000+00:00,1000.0
2025-07-05 16:00:00.036000+00:00,1000.0
2025-07-05 17:00:00.058000+00:00,1000.0
2025-07-05 18:00:00.005000+00:00,1000.0
2025-07-05 19:00:00.089000+00:00,1000.0
2025-07-05 20:00:00.032000+00:00,1000.0
2025-07-05 21:00:00.046000+00:00,1000.0
2025-07-05 22:00:00.143000+00:00,1000.0
2025-07-05 23:00:00.022000+00:00,1000.0
2025-07-06 00:00:00.004000+00:00,1000.0
2025-07-06 01:00:00.065000+00:00,1000.0
2025-07-06 02:00:00.058000+00:00,1000.0
2025-07-06 03:00:00.006000+00:00,1000.0
2025-07-06 04:00:00.047000+00:00,1000.0
2025-07-06 05:00:00.035000+00:00,1000.0
2025-07-06 06:00:00.037000+00:00,1000.0
2025-07-06 07:00:00.012000+00:00,1000.0
2025-07-06 08:00:00.015000+00:00,1000.0
2025-07-06 09:00:00.014000+00:00,1000.0
2025-07-06 10:00:00.119000+00:00,1000.0
2025-07-06 11:00:00.051000+00:00,1000.0
2025-07-06 12:00:00.064000+00:00,1000.0
2025-07-06 13:00:00.046000+00:00,1000.0
2025-07-06 14:00:00.014000+00:00,1000.0
2025-07-06 15:00:00.076000+00:00,1000.0
2025-07-06 16:00:00.008000+00:00,1000.0
2025-07-06 17:00:00.017000+00:00,1000.0
2025-07-06 18:00:00.027000+00:00,1000.0
2025-07-06 19:00:00.074000+00:00,1000.0
2025-07-06 20:00:00.062000+00:00,1000.0
2025-07-06 21:00:00.041000+00:00,1000.0
2025-07-06 22:00:00.056000+00:00,1000.0
2025-07-06 23:00:00.036000+00:00,1000.0
2025-07-07 00:00:00.068000+00:00,1000.0
2025-07-07 01:00:00.108000+00:00,1000.0
2025-07-07 02:00:00.146000+00:00,1000.0
2025-07-07 03:00:00.054000+00:00,1000.0
2025-07-07 04:00:00.051000+00:00,1000.0
2025-07-07 05:00:00.080000+00:00,1000.0
2025-07-07 06:00:00.083000+00:00,1000.0
2025-07-07 07:00:00.052000+00:00,1000.0
2025-07-07 08:00:00.115000+00:00,1000.0
2025-07-07 09:00:00.145000+00:00,1000.0
2025-07-07 10:00:00.038000+00:00,1000.0
2025-07-07 11:00:00.045000+00:00,1000.0
2025-07-07 12:00:00.021000+00:00,1000.0
2025-07-07 13:00:00.127000+00:00,1000.0
2025-07-07 14:00:00.078000+00:00,1000.0
2025-07-07 15:00:00.064000+00:00,1000.0
2025-07-07 16:00:00.064000+00:00,1000.0
2025-07-07 17:00:00.073000+00:00,1000.0
2025-07-07 18:00:00.080000+00:00,1000.0
2025-07-07 19:00:00.013000+00:00,1000.0
2025-07-07 20:00:00.029000+00:00,1000.0
2025-07-07 21:00:00.018000+00:00,1000.0
2025-07-07 22:00:00.035000+00:00,1000.0
2025-07-07 23:00:00.055000+00:00,1000.0
2025-07-08 00:00:00.008000+00:00,1000.0
2025-07-08 01:00:00.089000+00:00,1000.0
2025-07-08 02:00:00.062000+00:00,1000.0
2025-07-08 03:00:00.052000+00:00,1000.0
2025-07-08 04:00:00.066000+00:00,1000.0
2025-07-08 05:00:00.034000+00:00,1000.0
2025-07-08 06:00:00.029000+00:00,1000.0
2025-07-08 07:00:00.043000+00:00,1000.0
2025-07-08 08:00:00.021000+00:00,1000.0
2025-07-08 09:00:00.038000+00:00,1000.0
2025-07-08 10:00:00.075000+00:00,1000.0
2025-07-08 11:00:00.001000+00:00,1000.0
2025-07-08 12:00:00.073000+00:00,1000.0
2025-07-08 13:00:00.015000+00:00,1000.0
2025-07-08 14:00:00.049000+00:00,1000.0
2025-07-08 15:00:00.027000+00:00,1000.0
2025-07-08 16:00:00.016000+00:00,1000.0
2025-07-08 17:00:00.060000+00:00,1000.0
2025-07-08 18:00:00.004000+00:00,1000.0
2025-07-08 19:00:00.114000+00:00,1000.0
2025-07-08 20:00:00.017000+00:00,1000.0
2025-07-08 21:00:00.059000+00:00,1000.0
2025-07-08 22:00:00.016000+00:00,1000.0
2025-07-08 23:00:00.015000+00:00,1000.0
2025-07-09 00:00:00.036000+00:00,1000.0
2025-07-09 01:00:00.082000+00:00,1000.0
2025-07-09 02:00:00.060000+00:00,1000.0
2025-07-09 03:00:00.064000+00:00,1000.0
2025-07-09 04:00:00.064000+00:00,1000.0
2025-07-09 05:00:00.048000+00:00,1000.0
2025-07-09 06:00:00.088000+00:00,1000.0
2025-07-09 07:00:00+00:00,1000.0
2025-07-09 08:00:00.034000+00:00,1000.0
2025-07-09 09:00:00.004000+00:00,1000.0
2025-07-09 10:00:00.045000+00:00,1000.0
2025-07-09 11:00:00.038000+00:00,1000.0
2025-07-09 12:00:00.110000+00:00,1000.0
2025-07-09 13:00:00.034000+00:00,1000.0
2025-07-09 14:00:00.097000+00:00,1000.0
2025-07-09 15:00:00.009000+00:00,1000.0
2025-07-09 16:00:00.078000+00:00,1000.0
2025-07-09 17:00:00.047000+00:00,1000.0
2025-07-09 18:00:00.002000+00:00,1000.0
2025-07-09 19:00:00.028000+00:00,1000.0
2025-07-09 20:00:00.091000+00:00,1000.0
2025-07-09 21:00:00.043000+00:00,1000.0
2025-07-09 22:00:00.028000+00:00,1000.0
2025-07-09 23:00:00.036000+00:00,1000.0
2025-07-10 00:00:00.063000+00:00,1000.0
2025-07-10 01:00:00.057000+00:00,1000.0
2025-07-10 02:00:00.003000+00:00,1000.0
2025-07-10 03:00:00.012000+00:00,1000.0
2025-07-10 04:00:00.033000+00:00,1000.0
2025-07-10 05:00:00.007000+00:00,1000.0
2025-07-10 06:00:00.042000+00:00,1000.0
2025-07-10 07:00:00.002000+00:00,1000.0
2025-07-10 08:00:00.044000+00:00,1000.0
2025-07-10 09:00:00.053000+00:00,1000.0
2025-07-10 10:00:00.056000+00:00,1000.0
2025-07-10 11:00:00.034000+00:00,1000.0
2025-07-10 12:00:00.005000+00:00,1000.0
2025-07-10 13:00:00.116000+00:00,1000.0
2025-07-10 14:00:00.005000+00:00,1000.0
2025-07-10 15:00:00.197000+00:00,1000.0
2025-07-10 16:00:00.036000+00:00,1000.0
2025-07-10 17:00:00.011000+00:00,1000.0
2025-07-10 18:00:00.029000+00:00,1000.0
2025-07-10 19:00:00.070000+00:00,1000.0
2025-07-10 20:00:00.027000+00:00,1000.0
2025-07-10 21:00:00.002000+00:00,1000.0
2025-07-10 22:00:00.089000+00:00,1000.0
2025-07-10 23:00:00.033000+00:00,1000.0
2025-07-11 00:00:00.021000+00:00,1000.0
2025-07-11 01:00:00.016000+00:00,1000.0
2025-07-11 02:00:00.027000+00:00,1000.0
2025-07-11 03:00:00.066000+00:00,1000.0
2025-07-11 04:00:00.051000+00:00,1000.0
2025-07-11 05:00:00.024000+00:00,1000.0
2025-07-11 06:00:00.056000+00:00,1000.0
2025-07-11 07:00:00.133000+00:00,1000.0
2025-07-11 08:00:00.054000+00:00,1000.0
2025-07-11 09:00:00.052000+00:00,1000.0
2025-07-11 10:00:00.022000+00:00,1000.0
2025-07-11 11:00:00.093000+00:00,1000.0
2025-07-11 12:00:00.062000+00:00,1000.0
2025-07-11 13:00:00.059000+00:00,1000.0
2025-07-11 14:00:00.059000+00:00,1000.0
2025-07-11 15:00:00.054000+00:00,1000.0
2025-07-11 16:00:00.033000+00:00,1000.0
2025-07-11 17:00:00.049000+00:00,1000.0
2025-07-11 18:00:00.073000+00:00,1000.0
2025-07-11 19:00:00.012000+00:00,1000.0
2025-07-11 20:00:00.012000+00:00,1000.0
2025-07-11 21:00:00.040000+00:00,994.5002223329379
2025-07-11 22:00:00.014000+00:00,994.512722332938
2025-07-11 23:00:00.020000+00:00,994.527119032938
2025-07-12 00:00:00.034000+00:00,994.544502532938
2025-07-12 01:00:00.042000+00:00,994.568026732938
2025-07-12 02:00:00+00:00,994.6000112329381
2025-07-12 03:00:00.016000+00:00,994.6310977329381
2025-07-12 04:00:00.003000+00:00,994.6658236329381
2025-07-12 05:00:00.063000+00:00,994.6968699329381
2025-07-12 06:00:00.076000+00:00,994.719899232938
2025-07-12 07:00:00.092000+00:00,994.7444328329381
2025-07-12 08:00:00.014000+00:00,994.7699528329381
2025-07-12 09:00:00.188000+00:00,994.7967530329381
2025-07-12 10:00:00.051000+00:00,994.8228073329382
2025-07-12 11:00:00.022000+00:00,994.8469378329381
2025-07-12 12:00:00.003000+00:00,994.8773165329382
2025-07-12 13:00:00.074000+00:00,994.8898165329382
2025-07-12 14:00:00.046000+00:00,994.9023165329382
2025-07-12 15:00:00.027000+00:00,994.9277842329383
2025-07-12 16:00:00.169000+00:00,994.9595554329383
2025-07-12 17:00:00.094000+00:00,994.9977831329383
2025-07-12 18:00:00.088000+00:00,995.0489541329382
2025-07-12 19:00:00.052000+00:00,995.0932048329382
2025-07-12 20:00:00.106000+00:00,995.1265348329382
2025-07-12 21:00:00.081000+00:00,995.1473948329382
2025-07-12 22:00:00.013000+00:00,995.1735123329382
2025-07-12 23:00:00.041000+00:00,995.1974721329382
2025-07-13 00:00:00.043000+00:00,995.2240833329382
2025-07-13 01:00:00.010000+00:00,995.2616493329382
2025-07-13 02:00:00.001000+00:00,995.2992847329382
2025-07-13 03:00:00.029000+00:00,995.3227606329382
2025-07-13 04:00:00.075000+00:00,995.3463070329382
2025-07-13 05:00:00.091000+00:00,995.3670833329381
2025-07-13 06:00:00.028000+00:00,995.3795833329382
2025-07-13 07:00:00.040000+00:00,995.3920833329382
2025-07-13 08:00:00.019000+00:00,995.4045833329383
2025-07-13 09:00:00.077000+00:00,995.4170833329383
2025-07-13 10:00:00.020000+00:00,995.4295833329384
2025-07-13 11:00:00.037000+00:00,995.4420833329384
2025-07-13 12:00:00.008000+00:00,995.4588700329384
2025-07-13 13:00:00.065000+00:00,995.4799374329384
2025-07-13 14:00:00.082000+00:00,995.4946625329384
2025-07-13 15:00:00.059000+00:00,995.5118670329384
2025-07-13 16:00:00.092000+00:00,995.5243670329385
2025-07-13 17:00:00.034000+00:00,995.5368670329385
2025-07-13 18:00:00.040000+00:00,995.5558278329385
2025-07-13 19:00:00.072000+00:00,995.5693894329385
2025-07-13 20:00:00.054000+00:00,995.5818894329385
2025-07-13 21:00:00+00:00,995.5943894329386
2025-07-13 22:00:00.033000+00:00,995.6068894329386
2025-07-13 23:00:00.024000+00:00,995.6193894329386
2025-07-14 00:00:00.036000+00:00,995.6318894329387
2025-07-14 01:00:00.024000+00:00,995.6443894329387
2025-07-14 02:00:00.079000+00:00,995.6568894329388
2025-07-14 03:00:00.010000+00:00,995.6749692329388
2025-07-14 04:00:00.018000+00:00,995.7060842329388
2025-07-14 05:00:00.053000+00:00,995.7367653329388
2025-07-14 06:00:00.033000+00:00,995.7665947329389
2025-07-14 07:00:00.003000+00:00,995.8001317329389
2025-07-14 08:00:00.042000+00:00,995.8368696329389
2025-07-14 09:00:00.018000+00:00,995.8671121329389
2025-07-14 10:00:00.025000+00:00,995.907370032939
2025-07-14 11:00:00.020000+00:00,995.9433593329389
2025-07-14 12:00:00.055000+00:00,995.981321832939
2025-07-14 13:00:00.002000+00:00,996.022010632939
2025-07-14 14:00:00.080000+00:00,996.0601289329389
2025-07-14 15:00:00.063000+00:00,996.1059696329389
2025-07-14 16:00:00+00:00,996.118469632939
2025-07-14 17:00:00.013000+00:00,996.131913032939
2025-07-14 18:00:00.010000+00:00,996.144413032939
2025-07-14 19:00:00.010000+00:00,996.1573637329391
2025-07-14 20:00:00.022000+00:00,996.1698637329391
2025-07-14 21:00:00.016000+00:00,996.1823637329392
2025-07-14 22:00:00.025000+00:00,996.1948637329392
2025-07-14 23:00:00.098000+00:00,996.2073637329393
2025-07-15 00:00:00.017000+00:00,996.2198637329393
2025-07-15 01:00:00.067000+00:00,996.2323637329393
2025-07-15 02:00:00.080000+00:00,996.2448637329394
2025-07-15 03:00:00.083000+00:00,996.2573637329394
2025-07-15 04:00:00.022000+00:00,996.2698637329395
2025-07-15 05:00:00.012000+00:00,996.2862758329395
2025-07-15 06:00:00.038000+00:00,996.3094158329395
2025-07-15 07:00:00.046000+00:00,996.3394477329396
2025-07-15 08:00:00.039000+00:00,996.3546416329395
2025-07-15 09:00:00.051000+00:00,996.3681572329396
2025-07-15 10:00:00.042000+00:00,996.3903825329395
2025-07-15 11:00:00.094000+00:00,996.4210166329395
2025-07-15 12:00:00.059000+00:00,996.4437125329396
2025-07-15 13:00:00.012000+00:00,996.4671046329396
2025-07-15 14:00:00.027000+00:00,996.5090989329397
2025-07-15 15:00:00.056000+00:00,996.5523207329396
2025-07-15 16:00:00.005000+00:00,996.5782627329396
2025-07-15 17:00:00.039000+00:00,996.6050314329397
2025-07-15 18:00:00.059000+00:00,996.6297434329397
2025-07-15 19:00:00.065000+00:00,996.6422434329397
2025-07-15 20:00:00.025000+00:00,996.6547434329398
2025-07-15 21:00:00.030000+00:00,996.6672434329398
2025-07-15 22:00:00.035000+00:00,996.6797434329399
2025-07-15 23:00:00.002000+00:00,996.6922434329399
2025-07-16 00:00:00.004000+00:00,996.70474343294
2025-07-16 01:00:00.034000+00:00,996.7291812329399
2025-07-16 02:00:00.042000+00:00,996.7479099329399
2025-07-16 03:00:00.057000+00:00,996.77224933294
2025-07-16 04:00:00.052000+00:00,996.80222873294
2025-07-16 05:00:00.061000+00:00,996.83221993294
2025-07-16 06:00:00.066000+00:00,996.85588373294
2025-07-16 07:00:00.019000+00:00,996.88622813294
2025-07-16 08:00:00.125000+00:00,996.91497813294
2025-07-16 09:00:00.075000+00:00,996.94694153294
2025-07-16 10:00:00.023000+00:00,996.9756418329399
2025-07-16 11:00:00.021000+00:00,997.0012535329399
2025-07-16 12:00:00.029000+00:00,997.02421013294
2025-07-16 13:00:00.002000+00:00,997.03819823294
2025-07-16 14:00:00.023000+00:00,997.05069823294
2025-07-16 15:00:00.017000+00:00,997.0631982329401
2025-07-16 16:00:00.018000+00:00,997.0756982329401
2025-07-16 17:00:00.032000+00:00,997.1323864329402
2025-07-16 18:00:00.069000+00:00,997.2142739329402
2025-07-16 19:00:00.042000+00:00,997.3169628329401
2025-07-16 20:00:00.019000+00:00,997.3949264329401
2025-07-16 21:00:00.095000+00:00,997.4692718329401
2025-07-16 22:00:00.002000+00:00,997.5613951329401
2025-07-16 23:00:00.059000+00:00,997.6546263329401
2025-07-17 00:00:00.022000+00:00,997.7235023329401
2025-07-17 01:00:00.072000+00:00,997.7792993329401
2025-07-17 02:00:00.058000+00:00,997.8120765329402
2025-07-17 03:00:00.030000+00:00,997.8639685329401
2025-07-17 04:00:00.119000+00:00,997.9078667329401
2025-07-17 05:00:00.004000+00:00,997.94819993294
2025-07-17 06:00:00.008000+00:00,997.9799498329401
2025-07-17 07:00:00.001000+00:00,998.0177651329401
2025-07-17 08:00:00.042000+00:00,998.06634133294
2025-07-17 09:00:00.070000+00:00,998.1201870329401
2025-07-17 10:00:00.089000+00:00,998.19822183294
2025-07-17 11:00:00.060000+00:00,998.2790639329401
2025-07-17 12:00:00.062000+00:00,998.3623612329401
2025-07-17 13:00:00.052000+00:00,998.4556098329401
2025-07-17 14:00:00.131000+00:00,998.5470831329401
2025-07-17 15:00:00.026000+00:00,998.6421530329401
2025-07-17 16:00:00.033000+00:00,998.7437119329401
2025-07-17 17:00:00.134000+00:00,998.83092703294
2025-07-17 18:00:00.032000+00:00,998.9133260329401
2025-07-17 19:00:00.006000+00:00,998.9974554329401
2025-07-17 20:00:00.052000+00:00,999.0758519329402
2025-07-17 21:00:00.061000+00:00,999.1398674329402
2025-07-17 22:00:00.060000+00:00,999.2208287329402
2025-07-17 23:00:00.055000+00:00,999.3110809329402
2025-07-18 00:00:00.073000+00:00,999.3728110329401
2025-07-18 01:00:00.055000+00:00,999.4465994329402
2025-07-18 02:00:00.058000+00:00,999.5499533329402
2025-07-18 03:00:00.081000+00:00,999.6353854329402
2025-07-18 04:00:00.043000+00:00,999.7274116329402
2025-07-18 05:00:00.005000+00:00,999.8288295329402
2025-07-18 06:00:00.057000+00:00,999.9509884329402
2025-07-18 07:00:00.019000+00:00,1000.0836517329402
2025-07-18 08:00:00.069000+00:00,1000.2068343329402
2025-07-18 09:00:00.041000+00:00,1000.3013075329402
2025-07-18 10:00:00.027000+00:00,1000.3638865329402
2025-07-18 11:00:00.021000+00:00,1000.4136980329403
2025-07-18 12:00:00.057000+00:00,1000.4358087329402
2025-07-18 13:00:00.018000+00:00,1000.4602187329402
2025-07-18 14:00:00.134000+00:00,1000.4774158329402
2025-07-18 15:00:00.047000+00:00,1000.4899158329403
2025-07-18 16:00:00.021000+00:00,1000.5024158329403
2025-07-18 17:00:00.042000+00:00,1000.5149158329403
2025-07-18 18:00:00.052000+00:00,1000.5274158329404
2025-07-18 19:00:00.066000+00:00,1000.5399158329404
2025-07-18 20:00:00.097000+00:00,1000.5524158329405
2025-07-18 21:00:00.055000+00:00,1000.5649158329405
2025-07-18 22:00:00.028000+00:00,1000.5774158329406
2025-07-18 23:00:00.012000+00:00,1000.5899158329406
2025-07-19 00:00:00.046000+00:00,1000.6024158329407
2025-07-19 01:00:00.064000+00:00,1000.6149158329407
2025-07-19 02:00:00.017000+00:00,1000.6274158329408
2025-07-19 03:00:00.009000+00:00,1000.6399158329408
2025-07-19 04:00:00.048000+00:00,1000.6524158329408
2025-07-19 05:00:00.061000+00:00,1000.6649158329409
2025-07-19 06:00:00.014000+00:00,1000.6774158329409
2025-07-19 07:00:00.098000+00:00,1000.689915832941
2025-07-19 08:00:00.008000+00:00,1000.702415832941
2025-07-19 09:00:00.024000+00:00,1000.7149158329411
2025-07-19 10:14:47.645000+00:00,1000.7274158329411
2025-07-19 11:00:00.083000+00:00,1000.7399158329412
2025-07-19 12:00:00.122000+00:00,1000.7524158329412
2025-07-19 13:00:00.051000+00:00,1000.7649158329413
2025-07-19 14:00:00.098000+00:00,1000.7774158329413
2025-07-19 15:00:00.036000+00:00,1000.7899158329413
2025-07-19 16:00:00.007000+00:00,1000.8024158329414
2025-07-19 17:00:00.012000+00:00,1000.8149158329414
2025-07-19 18:00:00.019000+00:00,1000.8274158329415
2025-07-19 19:00:00.040000+00:00,1000.8399158329415
2025-07-19 20:00:00.055000+00:00,1000.8524158329416
2025-07-19 21:00:00.033000+00:00,1000.8649158329416
2025-07-19 22:00:00.071000+00:00,1000.8774158329417
2025-07-19 23:00:00.079000+00:00,1000.8899158329417
2025-07-20 00:00:00.003000+00:00,1000.9024158329418
2025-07-20 01:00:00.076000+00:00,1000.9149158329418
2025-07-20 02:00:00.038000+00:00,1000.9274158329418
2025-07-20 03:00:00.088000+00:00,1000.9399158329419
2025-07-20 04:00:00.069000+00:00,1000.9524158329419
2025-07-20 05:00:00.039000+00:00,1000.964915832942
2025-07-20 06:00:00.036000+00:00,1000.977415832942
2025-07-20 07:00:00.054000+00:00,1000.9899158329421
2025-07-20 08:00:00.014000+00:00,1001.0024158329421
2025-07-20 09:00:00.040000+00:00,1001.0149158329422
2025-07-20 10:00:00.081000+00:00,1001.0446674329422
2025-07-20 11:00:00.042000+00:00,1001.0780073329422
2025-07-20 12:00:00.053000+00:00,1001.1209684329422
2025-07-20 13:00:00.021000+00:00,1001.1488975329422
2025-07-20 14:00:00.037000+00:00,1001.1769659329423
2025-07-20 15:00:00.038000+00:00,1001.2007096329422
2025-07-20 16:00:00.025000+00:00,1001.2255807329423
2025-07-20 17:00:00.014000+00:00,1001.2412545329422
2025-07-20 18:00:00.018000+00:00,1001.2681250329422
2025-07-20 19:00:00.082000+00:00,1001.3028639329422
2025-07-20 20:00:00.094000+00:00,1001.3222144329421
2025-07-20 21:00:00.033000+00:00,1001.3601482329422
2025-07-20 22:00:00.035000+00:00,1001.4012523329421
2025-07-20 23:00:00.022000+00:00,1001.4389742329421
2025-07-21 00:00:00.039000+00:00,1001.4956181329421
2025-07-21 01:00:00.007000+00:00,1001.5505638329421
2025-07-21 02:00:00.017000+00:00,1001.6022783329421
2025-07-21 03:00:00.018000+00:00,1001.660898832942
2025-07-21 04:00:00.027000+00:00,1001.7241293329421
2025-07-21 05:00:00.041000+00:00,1001.801278332942
2025-07-21 06:00:00.055000+00:00,1001.867034332942
2025-07-21 07:00:00.060000+00:00,1001.942957732942
2025-07-21 08:00:00.018000+00:00,1002.026812332942
2025-07-21 09:00:00.003000+00:00,1002.111793432942
2025-07-21 10:00:00.002000+00:00,1002.208027832942
2025-07-21 11:00:00.035000+00:00,1002.3050785329419
2025-07-21 12:00:00.010000+00:00,1002.4311350329419
2025-07-21 13:00:00.019000+00:00,1002.5142568329419
2025-07-21 14:00:00.096000+00:00,1002.5946215329419
2025-07-21 15:00:00.019000+00:00,1002.6764676329419
2025-07-21 16:00:00.004000+00:00,1002.7447231329419
2025-07-21 17:00:00.069000+00:00,1002.8061412329419
2025-07-21 18:00:00.028000+00:00,1002.8614226329419
2025-07-21 19:00:00.051000+00:00,1002.8953118329418
2025-07-21 20:00:00.091000+00:00,1002.9131890329419
2025-07-21 21:00:00.069000+00:00,1002.9344823329419
2025-07-21 22:00:00.071000+00:00,1002.954630032942
2025-07-21 23:00:00.027000+00:00,1002.9721435329419
2025-07-22 00:00:00.092000+00:00,1002.984643532942
2025-07-22 01:00:00.084000+00:00,1002.997143532942
2025-07-22 02:00:00.064000+00:00,1003.009643532942
2025-07-22 03:00:00.024000+00:00,1003.0221435329421
2025-07-22 04:00:00.036000+00:00,1003.0482726329421
2025-07-22 05:00:00.100000+00:00,1003.0681285329422
2025-07-22 06:00:00.087000+00:00,1003.0872082329422
2025-07-22 07:00:00.027000+00:00,1003.0997082329422
2025-07-22 08:00:00.016000+00:00,1003.1122082329423
2025-07-22 09:00:00.016000+00:00,1003.1338883329423
2025-07-22 10:00:00.011000+00:00,1003.1660140329424
2025-07-22 11:00:00.048000+00:00,1003.2086964329424
2025-07-22 12:00:00+00:00,1003.2634792329424
2025-07-22 13:00:00.021000+00:00,1003.3143897329423
2025-07-22 14:00:00.027000+00:00,1003.3390273329424
2025-07-22 15:00:00.090000+00:00,1003.3515273329424
2025-07-22 16:00:00.039000+00:00,1003.3996218329424
2025-07-22 17:00:00.042000+00:00,1003.4597122329425
2025-07-22 18:00:00.008000+00:00,1003.4945554329424
2025-07-22 19:00:00.040000+00:00,1003.5497113329425
2025-07-22 20:00:00.041000+00:00,1003.6002584329425
2025-07-22 21:00:00.022000+00:00,1003.6480842329426
2025-07-22 22:00:00.044000+00:00,1003.7143100329425
2025-07-22 23:00:00.034000+00:00,1003.7814538329426
2025-07-23 00:00:00.095000+00:00,1003.8482463329426
2025-07-23 01:00:00.002000+00:00,1003.9310698329426
2025-07-23 02:00:00.053000+00:00,1004.0068966329426
2025-07-23 03:00:00.036000+00:00,1004.0797423329426
2025-07-23 04:00:00.010000+00:00,1004.1549658329426
2025-07-23 05:00:00.027000+00:00,1004.2229351329426
2025-07-23 06:00:00.045000+00:00,1004.2821541329425
2025-07-23 07:00:00.038000+00:00,1004.3534481329425
2025-07-23 08:00:00.032000+00:00,1004.4151172329425
2025-07-23 09:00:00+00:00,1004.4750519329425
2025-07-23 10:00:00.005000+00:00,1004.5317477329426
2025-07-23 11:00:00.031000+00:00,1004.5818585329425
2025-07-23 12:00:00.040000+00:00,1004.6435427329425
2025-07-23 13:00:00.042000+00:00,1004.7018005329425
2025-07-23 14:00:00.028000+00:00,1004.7546796329425
2025-07-23 15:00:00.074000+00:00,1004.8331612329425
2025-07-23 16:00:00.025000+00:00,1004.9227914329425
2025-07-23 17:00:00.008000+00:00,1004.9915267329425
2025-07-23 18:00:00.012000+00:00,1005.0494211329425
2025-07-23 19:00:00.064000+00:00,1005.1234211329424
2025-07-23 20:00:00.030000+00:00,1005.1925824329425
2025-07-23 21:00:00.130000+00:00,1005.2472258329425
2025-07-23 22:00:00.031000+00:00,1005.2930507329424
2025-07-23 23:00:00.160000+00:00,1005.3583161329425
2025-07-24 00:00:00.095000+00:00,1005.4176460329425
2025-07-24 01:00:00.037000+00:00,1005.4798077329425
2025-07-24 02:00:00.075000+00:00,1005.5565674329425
2025-07-24 03:00:00.046000+00:00,1005.6209299329425
2025-07-24 04:00:00.014000+00:00,1005.6760308329425
2025-07-24 05:00:00.092000+00:00,1005.7131106329425
2025-07-24 06:00:00.019000+00:00,1005.7281157329426
2025-07-24 07:00:00.019000+00:00,1005.7406157329426
2025-07-24 08:00:00.038000+00:00,1005.7531157329427
2025-07-24 09:00:00.003000+00:00,1005.7656157329427
2025-07-24 10:00:00.089000+00:00,1005.7796676329427
2025-07-24 11:00:00.129000+00:00,1005.7921676329428
2025-07-24 12:00:00.037000+00:00,1005.8046676329428
2025-07-24 13:00:00.002000+00:00,1005.8171676329429
2025-07-24 14:00:00.042000+00:00,1005.8296676329429
2025-07-24 15:00:00.042000+00:00,1005.842167632943
2025-07-24 16:00:00.052000+00:00,1005.854667632943
2025-07-24 17:00:00.014000+00:00,1005.867167632943
2025-07-24 18:00:00.002000+00:00,1005.8796676329431
2025-07-24 19:00:00.088000+00:00,1005.8921676329431
2025-07-24 20:00:00.002000+00:00,1005.9046676329432
2025-07-24 21:00:00.031000+00:00,1005.9171676329432
2025-07-24 22:00:00.027000+00:00,1005.9296676329433
2025-07-24 23:00:00.058000+00:00,1005.9421676329433
2025-07-25 00:00:00.065000+00:00,1005.9546676329434
2025-07-25 01:00:00.053000+00:00,1005.9671676329434
2025-07-25 02:00:00.083000+00:00,1005.9880724329435
2025-07-25 03:00:00.036000+00:00,1006.0005724329435
2025-07-25 04:00:00.024000+00:00,1006.0130724329435
2025-07-25 05:00:00.001000+00:00,1006.0255724329436
2025-07-25 06:00:00.046000+00:00,1006.0380724329436
2025-07-25 07:00:00.040000+00:00,1006.0505724329437
2025-07-25 08:00:00.008000+00:00,1006.0630724329437
2025-07-25 09:00:00.020000+00:00,1006.0755724329438
2025-07-25 10:00:00.059000+00:00,1006.0934233329438
2025-07-25 11:00:00.079000+00:00,1006.1130451329437
2025-07-25 12:00:00.102000+00:00,1006.1365690329437
2025-07-25 13:00:00.046000+00:00,1006.1492899329437
2025-07-25 14:00:00.044000+00:00,1006.1636005329437
2025-07-25 15:00:00.034000+00:00,1006.1761005329438
2025-07-25 16:00:00.001000+00:00,1006.1886005329438
2025-07-25 17:00:00.079000+00:00,1006.2011005329439
2025-07-25 18:00:00.035000+00:00,1006.2136005329439
2025-07-25 19:00:00.033000+00:00,1006.229800832944
2025-07-25 20:00:00.048000+00:00,1006.242300832944
2025-07-25 21:00:00.057000+00:00,1006.259786932944
2025-07-25 22:00:00.018000+00:00,1006.2976529329441
2025-07-25 23:00:00.084000+00:00,1006.345828732944
2025-07-26 00:00:00.011000+00:00,1006.386838432944
2025-07-26 01:00:00.016000+00:00,1006.4008813329441
2025-07-26 02:00:00.029000+00:00,1006.4133813329441
2025-07-26 03:00:00.027000+00:00,1006.4459186329441
2025-07-26 04:00:00.029000+00:00,1006.4819985329441
2025-07-26 05:00:00.023000+00:00,1006.5227644329441
2025-07-26 06:00:00.010000+00:00,1006.563370932944
2025-07-26 07:00:00.009000+00:00,1006.6000384329441
2025-07-26 08:00:00.025000+00:00,1006.6359307329441
2025-07-26 09:00:00.022000+00:00,1006.6716883329441
2025-07-26 10:00:00.059000+00:00,1006.7145960329441
2025-07-26 11:00:00.089000+00:00,1006.7601325329441
2025-07-26 12:00:00.004000+00:00,1006.7956217329441
2025-07-26 13:00:00.022000+00:00,1006.8238923329442
2025-07-26 14:00:00.073000+00:00,1006.8541217329442
2025-07-26 15:00:00.080000+00:00,1006.8860853329443
2025-07-26 16:00:00.079000+00:00,1006.9105046329443
2025-07-26 17:00:00.029000+00:00,1006.9321864329443
2025-07-26 18:00:00.056000+00:00,1006.9565980329443
2025-07-26 19:00:00.108000+00:00,1006.9840590329443
2025-07-26 20:00:00.008000+00:00,1007.0138659329443
2025-07-26 21:00:00.005000+00:00,1007.0319182329443
2025-07-26 22:00:00.060000+00:00,1007.0542818329443
2025-07-26 23:00:00.015000+00:00,1007.0770852329443
2025-07-27 00:00:00.031000+00:00,1007.0909345329443
2025-07-27 01:00:00.021000+00:00,1007.1053832329443
2025-07-27 02:00:00.070000+00:00,1007.1451840329443
2025-07-27 03:00:00.098000+00:00,1007.1977169329442
2025-07-27 04:00:00.054000+00:00,1007.2508312329442
2025-07-27 05:00:00.110000+00:00,1007.2907781329442
2025-07-27 06:00:00.034000+00:00,1007.3378605329442
2025-07-27 07:00:00.102000+00:00,1007.3741099329442
2025-07-27 08:00:00.018000+00:00,1007.4136403329442
2025-07-27 09:00:00.043000+00:00,1007.4657709329442
2025-07-27 10:00:00+00:00,1007.5388914329442
2025-07-27 11:00:00.053000+00:00,1007.5850762329442
2025-07-27 12:01:50.963000+00:00,1007.6102552329442
2025-07-27 13:00:00.023000+00:00,1007.6304116329442
2025-07-27 14:00:00.089000+00:00,1007.6477110329441
2025-07-27 15:00:00.048000+00:00,1007.6865187329441
2025-07-27 16:00:00.011000+00:00,1007.7342536329442
2025-07-27 17:00:00.039000+00:00,1007.7903846329442
2025-07-27 18:00:00.049000+00:00,1007.8203645329442
2025-07-27 19:00:00.022000+00:00,1007.8721960329442
2025-07-27 20:00:00.024000+00:00,1007.9167787329442
2025-07-27 21:00:00.032000+00:00,1007.9651710329442
2025-07-27 22:00:00.039000+00:00,1008.0144597329443
2025-07-27 23:00:00.007000+00:00,1008.0584760329442
2025-07-28 00:00:00.002000+00:00,1008.0976848329442
2025-07-28 01:00:00.040000+00:00,1008.1414002329442
2025-07-28 02:00:00.020000+00:00,1008.1862954329442
2025-07-28 03:00:00.081000+00:00,1008.2342403329442
2025-07-28 04:00:00.083000+00:00,1008.2632155329442
2025-07-28 05:00:00.036000+00:00,1008.3065539329442
2025-07-28 06:00:00.019000+00:00,1008.3521993329442
2025-07-28 07:00:00.076000+00:00,1008.4011194329443
2025-07-28 08:00:00.015000+00:00,1008.4597089329443
2025-07-28 09:00:00.019000+00:00,1008.5114052329443
2025-07-28 10:00:00.094000+00:00,1008.5601230329443
2025-07-28 11:00:00.039000+00:00,1008.5929716329442
2025-07-28 12:00:00.092000+00:00,1008.6372818329443
2025-07-28 13:00:00.044000+00:00,1008.6841200329443
2025-07-28 14:00:00.059000+00:00,1008.7113500329443
2025-07-28 15:00:00.016000+00:00,1008.7238500329444
2025-07-28 16:00:00.035000+00:00,1008.7363500329444
2025-07-28 17:00:00.093000+00:00,1008.7488500329445
2025-07-28 18:00:00.053000+00:00,1008.7613500329445
2025-07-28 19:00:00.045000+00:00,1008.7738500329446
2025-07-28 20:00:00+00:00,1008.7863500329446
2025-07-28 21:00:00.045000+00:00,1008.7988500329446
2025-07-28 22:00:00.075000+00:00,1008.8113500329447
2025-07-28 23:00:00.040000+00:00,1008.8238500329447
2025-07-29 00:00:00.010000+00:00,1008.8363500329448
2025-07-29 01:00:00.006000+00:00,1008.8488500329448
2025-07-29 02:00:00.062000+00:00,1008.8613500329449
2025-07-29 03:00:00.042000+00:00,1008.8738500329449
2025-07-29 04:00:00.100000+00:00,1008.886350032945
2025-07-29 05:00:00.019000+00:00,1008.898850032945
2025-07-29 06:00:00.030000+00:00,1008.911350032945
2025-07-29 07:00:00.023000+00:00,1008.9238500329451
2025-07-29 08:00:00.091000+00:00,1008.9363500329451
2025-07-29 09:00:00.031000+00:00,1008.9488500329452
2025-07-29 10:00:00.004000+00:00,1008.9613500329452
2025-07-29 11:00:00.051000+00:00,1008.9738500329453
2025-07-29 12:00:00.011000+00:00,1008.9863500329453
2025-07-29 13:00:00.030000+00:00,1008.9988500329454
2025-07-29 14:00:00.116000+00:00,1009.0113500329454
2025-07-29 15:00:00.002000+00:00,1008.9254931329455
2025-07-29 16:00:00.028000+00:00,1008.9379931329455
2025-07-29 17:00:00.081000+00:00,1008.9504931329456
2025-07-29 18:00:00.025000+00:00,1008.9629931329456
2025-07-29 19:00:00.057000+00:00,1008.9754931329456
2025-07-29 20:00:00.076000+00:00,1008.9879931329457
2025-07-29 21:00:00.012000+00:00,1009.0004931329457
2025-07-29 22:00:00.032000+00:00,1009.0129931329458
2025-07-29 23:00:00.024000+00:00,1009.0254931329458
2025-07-30 00:00:00.077000+00:00,1009.0379931329459
2025-07-30 01:00:00.135000+00:00,1009.0504931329459
2025-07-30 02:00:00.023000+00:00,1009.062993132946
2025-07-30 03:00:00.084000+00:00,1009.075493132946
2025-07-30 04:00:00.005000+00:00,1009.087993132946
2025-07-30 05:00:00.063000+00:00,1009.1004931329461
2025-07-30 06:00:00.083000+00:00,1009.1129931329461
2025-07-30 07:00:00.127000+00:00,1009.1254931329462
2025-07-30 08:00:00.004000+00:00,1009.1379931329462
2025-07-30 09:00:00.005000+00:00,1009.1504931329463
2025-07-30 10:00:00.028000+00:00,1009.1629931329463
2025-07-30 11:00:00.002000+00:00,1009.1754931329464
2025-07-30 12:00:00.028000+00:00,1009.1879931329464
2025-07-30 13:00:00.007000+00:00,1009.2004931329465
2025-07-30 14:00:00.002000+00:00,1009.2129931329465
2025-07-30 15:00:00.032000+00:00,1009.2254931329466
2025-07-30 16:00:00.056000+00:00,1009.2379931329466
2025-07-30 17:00:00.004000+00:00,1009.2504931329466
2025-07-30 18:00:00.055000+00:00,1009.2629931329467
2025-07-30 19:00:00.204000+00:00,1009.2754931329467
2025-07-30 20:00:00.062000+00:00,1009.3012133329468
2025-07-30 21:00:00.032000+00:00,1009.3137133329468
2025-07-30 22:00:00.012000+00:00,1009.3262133329468
2025-07-30 23:00:00.031000+00:00,1009.3387133329469
2025-07-31 00:00:00.006000+00:00,1009.3512133329469
2025-07-31 01:00:00.088000+00:00,1009.363713332947
2025-07-31 02:00:00.008000+00:00,1009.376213332947
2025-07-31 03:00:00.055000+00:00,1009.3887133329471
2025-07-31 04:00:00.078000+00:00,1009.4012133329471
2025-07-31 05:00:00.022000+00:00,1009.4137133329472
2025-07-31 06:00:00+00:00,1009.4262133329472
2025-07-31 07:00:00.020000+00:00,1009.4387133329473
2025-07-31 08:00:00+00:00,1009.4512133329473
2025-07-31 09:00:00.062000+00:00,1009.4637133329473
2025-07-31 10:00:00.053000+00:00,1009.4762133329474
2025-07-31 11:00:00.074000+00:00,1009.4887133329474
2025-07-31 12:00:00.010000+00:00,1009.5012133329475
2025-07-31 13:00:00.015000+00:00,1009.5137133329475
2025-07-31 14:00:00.079000+00:00,1009.5262133329476
2025-07-31 15:00:00.032000+00:00,1009.5387133329476
2025-07-31 16:00:00.007000+00:00,1009.5512133329477
2025-07-31 17:00:00.011000+00:00,1009.5637133329477
2025-07-31 18:00:00.043000+00:00,1009.5783822329477
2025-07-31 19:00:00.083000+00:00,1009.5908822329477
2025-07-31 20:00:00.073000+00:00,1009.6033822329478
2025-07-31 21:00:00.064000+00:00,1009.6158822329478
2025-07-31 22:00:00.021000+00:00,1009.6283822329478
2025-07-31 23:00:00.039000+00:00,1009.6408822329479
2025-08-01 00:00:00.147000+00:00,1009.6533822329479
2025-08-01 01:00:00.032000+00:00,1009.665882232948
2025-08-01 02:00:00.070000+00:00,1009.678382232948
2025-08-01 03:00:00.066000+00:00,1009.6908822329481
2025-08-01 04:00:00.005000+00:00,1009.7033822329481
2025-08-01 05:00:00.027000+00:00,1009.7158822329482
2025-08-01 06:00:00.131000+00:00,1009.7283822329482
2025-08-01 07:00:00+00:00,1009.7408822329483
2025-08-01 08:00:00.011000+00:00,1009.7533822329483
2025-08-01 09:00:00.088000+00:00,1009.7541942329483
2025-08-01 10:00:00.080000+00:00,1009.7666942329483
2025-08-01 11:00:00.066000+00:00,1009.7791942329484
2025-08-01 12:00:00.031000+00:00,1009.7916942329484
2025-08-01 13:00:00.022000+00:00,1009.8041942329485
2025-08-01 14:00:00.014000+00:00,1009.8166942329485
2025-08-01 15:00:00.130000+00:00,1009.8291942329486
2025-08-01 16:00:00.066000+00:00,1009.8416942329486
2025-08-01 17:00:00.007000+00:00,1009.8541942329487
2025-08-01 18:00:00.060000+00:00,1009.8666942329487
2025-08-01 19:00:00.069000+00:00,1009.8450108329487
2025-08-01 20:00:00.098000+00:00,1009.8159467329486
2025-08-01 21:00:00.042000+00:00,1009.7977549329487
2025-08-01 22:00:00.025000+00:00,1009.7899926329487
2025-08-01 23:00:00.031000+00:00,1009.7717950329487
2025-08-02 00:00:00.114000+00:00,1009.7444210329487
2025-08-02 01:00:00.085000+00:00,1009.7275857329487
2025-08-02 02:00:00.003000+00:00,1009.7279479329487
2025-08-02 03:00:00.057000+00:00,1004.2156702658866
2025-08-02 04:00:00.089000+00:00,1004.2156702658866
2025-08-02 05:00:00.069000+00:00,1004.2156702658866
2025-08-02 06:00:00.031000+00:00,1004.2156702658866
2025-08-02 07:00:00.008000+00:00,1004.2156702658866
2025-08-02 08:00:00.023000+00:00,1004.2156702658866
2025-08-02 09:00:00.063000+00:00,1004.2156702658866
2025-08-02 10:00:00.003000+00:00,1004.2156702658866
2025-08-02 11:00:00.056000+00:00,1004.2156702658866
2025-08-02 12:00:00.063000+00:00,1004.2156702658866
2025-08-02 13:00:00.091000+00:00,1004.2156702658866
2025-08-02 14:00:00.071000+00:00,1004.2156702658866
2025-08-02 15:00:00.072000+00:00,1004.2156702658866
2025-08-02 16:00:00.020000+00:00,1004.2156702658866
2025-08-02 17:00:00.020000+00:00,1004.2156702658866
2025-08-02 18:00:00.008000+00:00,1004.2156702658866
2025-08-02 19:00:00.067000+00:00,1004.2156702658866
2025-08-02 20:00:00.108000+00:00,1004.2156702658866
2025-08-02 21:00:00.097000+00:00,1004.2156702658866
2025-08-02 22:00:00.022000+00:00,1004.2156702658866
2025-08-02 23:00:00.067000+00:00,1004.2156702658866
2025-08-03 00:00:00.042000+00:00,1004.2156702658866
2025-08-03 01:00:00.041000+00:00,1004.2156702658866
2025-08-03 02:00:00.014000+00:00,1004.2156702658866
2025-08-03 03:00:00.093000+00:00,1004.2156702658866
2025-08-03 04:00:00.015000+00:00,1004.2156702658866
2025-08-03 05:00:00.001000+00:00,1004.2156702658866
2025-08-03 06:00:00.003000+00:00,1004.2156702658866
2025-08-03 07:00:00.030000+00:00,1004.2156702658866
2025-08-03 08:00:00.003000+00:00,1004.2156702658866
2025-08-03 09:00:00.023000+00:00,1004.2156702658866
2025-08-03 10:00:00.010000+00:00,1004.2156702658866
2025-08-03 11:00:00.046000+00:00,1004.2156702658866
2025-08-03 12:00:00.054000+00:00,1004.2156702658866
2025-08-03 13:00:00.076000+00:00,1004.2156702658866
2025-08-03 14:00:00.004000+00:00,1004.2156702658866
2025-08-03 15:00:00.031000+00:00,1004.2156702658866
2025-08-03 16:00:00.038000+00:00,1004.2156702658866
2025-08-03 17:00:00.031000+00:00,1004.2156702658866
2025-08-03 18:00:00.030000+00:00,1004.2156702658866
2025-08-03 19:00:00.098000+00:00,1004.2156702658866
2025-08-03 20:00:00.063000+00:00,1004.2156702658866
2025-08-03 21:00:00.034000+00:00,1004.2156702658866
2025-08-03 22:00:00.022000+00:00,1004.2156702658866
2025-08-03 23:00:00.049000+00:00,1004.2156702658866
2025-08-04 00:00:00.043000+00:00,1004.2156702658866
2025-08-04 01:00:00.018000+00:00,1004.2156702658866
2025-08-04 02:00:00.096000+00:00,1004.2156702658866
2025-08-04 03:00:00.059000+00:00,1004.2156702658866
2025-08-04 04:00:00.050000+00:00,1004.2156702658866
2025-08-04 05:00:00.090000+00:00,1004.2156702658866
2025-08-04 06:00:00.014000+00:00,1004.2156702658866
2025-08-04 07:00:00.068000+00:00,1004.2156702658866
2025-08-04 08:00:00.003000+00:00,1004.2156702658866
2025-08-04 09:00:00.057000+00:00,1004.2156702658866
2025-08-04 10:00:00.088000+00:00,1004.2156702658866
2025-08-04 11:00:00.043000+00:00,1004.2156702658866
2025-08-04 12:00:00.052000+00:00,1004.2156702658866
2025-08-04 13:00:00.050000+00:00,1004.2156702658866
2025-08-04 14:00:00.012000+00:00,1004.2156702658866
2025-08-04 15:00:00.108000+00:00,1004.2156702658866
2025-08-04 16:00:00.044000+00:00,1004.2156702658866
2025-08-04 17:00:00.026000+00:00,1004.2156702658866
2025-08-04 18:00:00.067000+00:00,1004.2156702658866
2025-08-04 19:00:00.039000+00:00,1004.2156702658866
2025-08-04 20:00:00.016000+00:00,1004.2156702658866
2025-08-04 21:00:00.054000+00:00,1004.2156702658866
2025-08-04 22:00:00.040000+00:00,1004.2156702658866
2025-08-04 23:00:00.022000+00:00,1004.2156702658866
2025-08-05 00:00:00.043000+00:00,1004.2156702658866
2025-08-05 01:00:00.041000+00:00,1004.2156702658866
2025-08-05 02:00:00.040000+00:00,1004.2156702658866
2025-08-05 03:00:00.061000+00:00,1004.2156702658866
2025-08-05 04:00:00.022000+00:00,1004.2156702658866
2025-08-05 05:00:00.013000+00:00,1004.2156702658866
2025-08-05 06:00:00.020000+00:00,1004.2156702658866
2025-08-05 07:00:00.040000+00:00,1004.2156702658866
2025-08-05 08:00:00.035000+00:00,1004.2156702658866
2025-08-05 09:00:00.045000+00:00,1004.2156702658866
2025-08-05 10:00:00.031000+00:00,1004.2156702658866
2025-08-05 11:00:00.030000+00:00,1004.2156702658866
2025-08-05 12:00:00.008000+00:00,1004.2156702658866
2025-08-05 13:00:00.107000+00:00,1004.2156702658866
2025-08-05 14:00:00.009000+00:00,1004.2156702658866
2025-08-05 15:00:00.004000+00:00,1004.2156702658866
2025-08-05 16:00:00.057000+00:00,1004.2156702658866
2025-08-05 17:00:00.026000+00:00,1004.2156702658866
2025-08-05 18:00:00.035000+00:00,1004.2156702658866
2025-08-05 19:00:00.065000+00:00,1004.2156702658866
2025-08-05 20:00:00.018000+00:00,1004.2156702658866
2025-08-05 21:00:00.035000+00:00,1004.2156702658866
2025-08-05 22:00:00.056000+00:00,1004.2156702658866
2025-08-05 23:00:00.103000+00:00,1004.2156702658866
2025-08-06 00:00:00.012000+00:00,1004.2156702658866
2025-08-06 01:00:00.007000+00:00,1004.2156702658866
2025-08-06 02:00:00.028000+00:00,1004.2156702658866
2025-08-06 03:00:00.078000+00:00,1004.2156702658866
2025-08-06 04:00:00.091000+00:00,1004.2156702658866
2025-08-06 05:00:00.037000+00:00,1004.2156702658866
2025-08-06 06:00:00+00:00,1004.2156702658866
2025-08-06 07:00:00.075000+00:00,1004.2156702658866
2025-08-06 08:00:00.003000+00:00,1004.2156702658866
2025-08-06 09:00:00.076000+00:00,1004.2156702658866
2025-08-06 10:00:00+00:00,1004.2156702658866
2025-08-06 11:00:00.082000+00:00,1004.2156702658866
2025-08-06 12:00:00.023000+00:00,1004.2156702658866
2025-08-06 13:00:00.035000+00:00,1004.2156702658866
2025-08-06 14:00:00.024000+00:00,1004.2156702658866
2025-08-06 15:00:00.129000+00:00,1004.2156702658866
2025-08-06 16:00:00.020000+00:00,1004.2156702658866
2025-08-06 17:00:00.013000+00:00,1004.2156702658866
2025-08-06 18:00:00.059000+00:00,1004.2156702658866
2025-08-06 19:00:00.036000+00:00,1004.2156702658866
2025-08-06 20:00:00.038000+00:00,1004.2156702658866
2025-08-06 21:00:00.059000+00:00,1004.2156702658866
2025-08-06 22:00:00.081000+00:00,1004.2156702658866
2025-08-06 23:00:00.058000+00:00,1004.2156702658866
2025-08-07 00:00:00.047000+00:00,1004.2156702658866
2025-08-07 01:00:00.057000+00:00,1004.2156702658866
2025-08-07 02:00:00.010000+00:00,1004.2156702658866
2025-08-07 03:00:00.047000+00:00,1004.2156702658866
2025-08-07 04:00:00.080000+00:00,1004.2156702658866
2025-08-07 05:00:00.009000+00:00,1004.2156702658866
2025-08-07 06:00:00.009000+00:00,1004.2156702658866
2025-08-07 07:00:00.016000+00:00,1004.2156702658866
2025-08-07 08:00:00.038000+00:00,1004.2156702658866
2025-08-07 09:00:00.062000+00:00,1004.2156702658866
2025-08-07 10:00:00.048000+00:00,1004.2156702658866
2025-08-07 11:00:00.030000+00:00,1004.2156702658866
2025-08-07 12:00:00.046000+00:00,1004.2156702658866
2025-08-07 13:00:00.018000+00:00,1004.2156702658866
2025-08-07 14:00:00.006000+00:00,1004.2156702658866
2025-08-07 15:00:00.003000+00:00,1004.2156702658866
2025-08-07 16:00:00.189000+00:00,1004.2156702658866
2025-08-07 17:00:00.004000+00:00,1004.2156702658866
2025-08-07 18:00:00.048000+00:00,1004.2156702658866
2025-08-07 19:00:00.009000+00:00,1004.2156702658866
2025-08-07 20:00:00.067000+00:00,1004.2156702658866
2025-08-07 21:00:00.017000+00:00,1004.2156702658866
2025-08-07 22:00:00.009000+00:00,1004.2156702658866
2025-08-07 23:00:00.093000+00:00,1004.2156702658866
2025-08-08 00:00:00.085000+00:00,1004.2156702658866
2025-08-08 01:00:00.087000+00:00,1004.2156702658866
2025-08-08 02:00:00.026000+00:00,1004.2156702658866
2025-08-08 03:00:00.014000+00:00,1004.2156702658866
2025-08-08 04:00:00.134000+00:00,1004.2156702658866
2025-08-08 05:00:00.021000+00:00,1004.2156702658866
2025-08-08 06:00:00.017000+00:00,1004.2156702658866
2025-08-08 07:00:00.030000+00:00,1004.2156702658866
2025-08-08 08:00:00.026000+00:00,1004.2156702658866
2025-08-08 09:00:00.018000+00:00,1004.2156702658866
2025-08-08 10:00:00.089000+00:00,1004.2156702658866
2025-08-08 11:00:00.040000+00:00,1004.2156702658866
2025-08-08 12:00:00.029000+00:00,1004.2156702658866
2025-08-08 13:00:00.036000+00:00,1004.2156702658866
2025-08-08 14:00:00.020000+00:00,1004.2156702658866
2025-08-08 15:00:00.051000+00:00,1004.2156702658866
2025-08-08 16:00:00.048000+00:00,1004.2156702658866
2025-08-08 17:00:00.027000+00:00,1004.2156702658866
2025-08-08 18:00:00.051000+00:00,1004.2156702658866
2025-08-08 19:00:00.035000+00:00,1004.2156702658866
2025-08-08 20:00:00.119000+00:00,1004.2156702658866
2025-08-08 21:00:00.023000+00:00,1004.2156702658866
2025-08-08 22:00:00.028000+00:00,1004.2156702658866
2025-08-08 23:00:00.147000+00:00,1004.2156702658866
2025-08-09 00:00:00.074000+00:00,1004.2156702658866
2025-08-09 01:00:00.010000+00:00,1004.2156702658866
2025-08-09 02:00:00.079000+00:00,1004.2156702658866
2025-08-09 03:00:00.024000+00:00,1004.2156702658866
2025-08-09 04:00:00.113000+00:00,1004.2156702658866
2025-08-09 05:00:00.055000+00:00,1004.2156702658866
2025-08-09 06:00:00.128000+00:00,1004.2156702658866
2025-08-09 07:00:00.015000+00:00,1004.2156702658866
2025-08-09 08:00:00.007000+00:00,1004.2156702658866
2025-08-09 09:00:00.046000+00:00,1004.2156702658866
2025-08-09 10:00:00.016000+00:00,1004.2156702658866
2025-08-09 11:00:00.089000+00:00,1004.2156702658866
2025-08-09 12:00:00.041000+00:00,1004.2156702658866
2025-08-09 13:00:00.036000+00:00,1004.2156702658866
2025-08-09 14:00:00.122000+00:00,1004.2156702658866
2025-08-09 15:00:00.019000+00:00,1004.2156702658866
2025-08-09 16:00:00.063000+00:00,1004.2156702658866
2025-08-09 17:00:00.058000+00:00,1004.2156702658866
2025-08-09 18:00:00.011000+00:00,1004.2156702658866
2025-08-09 19:00:00.004000+00:00,1004.2156702658866
2025-08-09 20:00:00.019000+00:00,1004.2156702658866
2025-08-09 21:00:00.064000+00:00,1004.2156702658866
2025-08-09 22:00:00.026000+00:00,1004.2156702658866
2025-08-09 23:00:00.051000+00:00,1004.2156702658866
2025-08-10 00:00:00.019000+00:00,1004.2156702658866
2025-08-10 01:00:00.009000+00:00,1004.2156702658866
2025-08-10 02:00:00.003000+00:00,1004.2156702658866
2025-08-10 03:00:00.062000+00:00,1004.2156702658866
2025-08-10 04:00:00.065000+00:00,1004.2156702658866
2025-08-10 05:00:00.047000+00:00,1004.2156702658866
2025-08-10 06:00:00.074000+00:00,1004.2156702658866
2025-08-10 07:00:00.076000+00:00,1004.2156702658866
2025-08-10 08:00:00.041000+00:00,1004.2156702658866
2025-08-10 09:00:00+00:00,1004.2156702658866
2025-08-10 10:00:00.103000+00:00,1004.2156702658866
2025-08-10 11:00:00.045000+00:00,1004.2156702658866
2025-08-10 12:00:00.056000+00:00,1004.2156702658866
2025-08-10 13:00:00.037000+00:00,1004.2156702658866
2025-08-10 14:00:00.065000+00:00,1004.2156702658866
2025-08-10 15:00:00.055000+00:00,1004.2156702658866
2025-08-10 16:00:00.021000+00:00,1004.2156702658866
2025-08-10 17:00:00.069000+00:00,1004.2156702658866
2025-08-10 18:00:00.013000+00:00,1004.2156702658866
2025-08-10 19:00:00.006000+00:00,998.7158925988246
2025-08-10 20:00:00.046000+00:00,998.7283925988246
2025-08-10 21:00:00.030000+00:00,998.7408925988246
2025-08-10 22:00:00.043000+00:00,998.7533925988247
2025-08-10 23:00:00+00:00,998.7658925988247
2025-08-11 00:00:00.066000+00:00,998.7783925988248
2025-08-11 01:00:00.057000+00:00,998.7916069988248
2025-08-11 02:00:00.095000+00:00,998.8073070988248
2025-08-11 03:00:00.035000+00:00,998.8198070988249
2025-08-11 04:00:00.030000+00:00,998.8323070988249
2025-08-11 05:00:00.046000+00:00,998.844807098825
2025-08-11 06:00:00.128000+00:00,998.857307098825
2025-08-11 07:00:00.048000+00:00,998.869807098825
2025-08-11 08:00:00.067000+00:00,998.8823070988251
2025-08-11 09:00:00.041000+00:00,998.8948070988251
2025-08-11 10:00:00.086000+00:00,998.9073070988252
2025-08-11 11:00:00.097000+00:00,998.9198070988252
2025-08-11 12:00:00.001000+00:00,998.9323070988253
2025-08-11 13:00:00.051000+00:00,998.9448070988253
2025-08-11 14:00:00.081000+00:00,998.9573070988254
2025-08-11 15:00:00.027000+00:00,998.9698070988254
2025-08-11 16:00:00.028000+00:00,998.9823070988255
2025-08-11 17:00:00.048000+00:00,998.9948070988255
2025-08-11 18:00:00.053000+00:00,999.0073070988255
2025-08-11 19:00:00.036000+00:00,999.0198070988256
2025-08-11 20:00:00.069000+00:00,999.0323070988256
2025-08-11 21:00:00.002000+00:00,999.0448070988257
2025-08-11 22:00:00.040000+00:00,999.0573070988257
2025-08-11 23:00:00.235000+00:00,999.0698070988258
2025-08-12 00:00:00.042000+00:00,999.0823070988258
2025-08-12 01:00:00.026000+00:00,999.0948070988259
2025-08-12 02:00:00.014000+00:00,999.1073070988259
2025-08-12 03:00:00.071000+00:00,999.119807098826
2025-08-12 04:00:00.035000+00:00,999.132307098826
2025-08-12 05:00:00.027000+00:00,999.144807098826
2025-08-12 06:00:00.053000+00:00,999.1573070988261
2025-08-12 07:00:00.071000+00:00,999.1698070988261
2025-08-12 08:00:00+00:00,999.1823070988262
2025-08-12 09:00:00.002000+00:00,999.1948070988262
2025-08-12 10:00:00.006000+00:00,999.2073070988263
2025-08-12 11:00:00.025000+00:00,999.2198070988263
2025-08-12 12:00:00.004000+00:00,999.2323070988264
2025-08-12 13:00:00.001000+00:00,999.2448070988264
2025-08-12 14:00:00.007000+00:00,999.2573070988265
2025-08-12 15:00:00.046000+00:00,999.2698070988265
2025-08-12 16:00:00.075000+00:00,999.2823070988265
2025-08-12 17:00:00.079000+00:00,999.2948070988266
2025-08-12 18:00:00.083000+00:00,999.3073070988266
2025-08-12 19:00:00.035000+00:00,999.3198070988267
2025-08-12 20:00:00.035000+00:00,999.3323070988267
2025-08-12 21:00:00.033000+00:00,999.3512894988268
2025-08-12 22:00:00.003000+00:00,999.3997954988267
2025-08-12 23:00:00.011000+00:00,999.4432977988267
2025-08-13 00:00:00.076000+00:00,999.4995824988267
2025-08-13 01:00:00.016000+00:00,999.5523805988267
2025-08-13 02:00:00.053000+00:00,999.5919111988268
2025-08-13 03:00:00.057000+00:00,999.6295995988268
2025-08-13 04:00:00.064000+00:00,999.6546974988267
2025-08-13 05:00:00.046000+00:00,999.7063397988268
2025-08-13 06:00:00.002000+00:00,999.7451083988268
2025-08-13 07:00:00.074000+00:00,999.7611242988268
2025-08-13 08:00:00.056000+00:00,999.7918589988268
2025-08-13 09:00:00.072000+00:00,999.8294920988268
2025-08-13 10:00:00.042000+00:00,999.8998099988268
2025-08-13 11:00:00.017000+00:00,999.9861697988267
2025-08-13 12:00:00.081000+00:00,1000.0513984988268
2025-08-13 13:00:00.102000+00:00,1000.1138387988268
2025-08-13 14:00:00.064000+00:00,1000.1836772988268
2025-08-13 15:00:00.047000+00:00,1000.2079801988267
2025-08-13 16:00:00.015000+00:00,1000.2249954988267
2025-08-13 17:00:00.107000+00:00,1000.2539868988267
2025-08-13 18:00:00.023000+00:00,1000.2946021988267
2025-08-13 19:00:00.044000+00:00,1000.3216899988267
2025-08-13 20:00:00.078000+00:00,1000.3654644988268
2025-08-13 21:00:00.041000+00:00,1000.3880708988268
2025-08-13 22:00:00.058000+00:00,1000.4005708988268
2025-08-13 23:00:00.029000+00:00,1000.4258825988268
2025-08-14 00:00:00.010000+00:00,1000.4870454988268
2025-08-14 01:00:00.037000+00:00,1000.5450213988267
2025-08-14 02:00:00.054000+00:00,1000.6061426988267
2025-08-14 03:00:00.124000+00:00,1000.6994594988267
2025-08-14 04:00:00.056000+00:00,1000.8019244988268
2025-08-14 05:00:00.019000+00:00,1000.8831802988268
2025-08-14 06:00:00.051000+00:00,1000.9361473988268
2025-08-14 07:00:00.027000+00:00,1000.9989393988268
2025-08-14 08:00:00.062000+00:00,1001.0627838988268
2025-08-14 09:00:00.021000+00:00,1001.1138977988268
2025-08-14 10:00:00.053000+00:00,1001.1682502988268
2025-08-14 11:00:00.034000+00:00,1001.2146352988268
2025-08-14 12:00:00.023000+00:00,1001.2748679988268
2025-08-14 13:00:00.024000+00:00,1001.2979996988269
2025-08-14 14:00:00.014000+00:00,1001.3104996988269
2025-08-14 15:00:00.068000+00:00,1001.322999698827
2025-08-14 16:00:00.096000+00:00,1001.3355581988269
2025-08-14 17:00:00.024000+00:00,1001.348058198827
2025-08-14 18:00:00.017000+00:00,1001.3664573988269
2025-08-14 19:00:00.019000+00:00,1001.3975403988269
2025-08-14 20:00:00.020000+00:00,1001.4333684988269
2025-08-14 21:00:00.045000+00:00,1001.4458684988269
2025-08-14 22:00:00.024000+00:00,1001.458368498827
2025-08-14 23:00:00.015000+00:00,1001.470868498827
2025-08-15 00:00:00.002000+00:00,1001.4833684988271
2025-08-15 01:00:00.056000+00:00,1001.4958684988271
2025-08-15 02:00:00.014000+00:00,1001.5083684988272
2025-08-15 03:00:00.001000+00:00,1001.5208684988272
2025-08-15 04:00:00.027000+00:00,1001.5333684988273
2025-08-15 05:00:00.012000+00:00,1001.5458684988273
2025-08-15 06:00:00.059000+00:00,1001.5583684988273
2025-08-15 07:00:00.037000+00:00,1001.5708684988274
2025-08-15 08:00:00.049000+00:00,1001.5833684988274
2025-08-15 09:00:00.050000+00:00,1001.5958684988275
2025-08-15 10:00:00.045000+00:00,1001.6083684988275
2025-08-15 11:00:00.075000+00:00,1001.6208684988276
2025-08-15 12:00:00.052000+00:00,1001.6333684988276
2025-08-15 13:00:00.051000+00:00,1001.6458684988277
2025-08-15 14:00:00.001000+00:00,1001.6583684988277
2025-08-15 15:00:00.024000+00:00,1001.6584092988277
2025-08-15 16:00:00.126000+00:00,1001.6498680988277
2025-08-15 17:00:00.016000+00:00,1001.6623680988278
2025-08-15 18:00:00.108000+00:00,1001.6748680988278
2025-08-15 19:00:00.027000+00:00,1001.6843095988278
2025-08-15 20:00:00.002000+00:00,1001.6961460988277
2025-08-15 21:00:00.050000+00:00,1001.7086460988278
2025-08-15 22:00:00.104000+00:00,1001.7211460988278
2025-08-15 23:00:00.066000+00:00,1001.7336460988279
2025-08-16 00:00:00.072000+00:00,1001.7461460988279
2025-08-16 01:00:00.090000+00:00,1001.758646098828
2025-08-16 02:00:00.025000+00:00,1001.771146098828
2025-08-16 03:00:00.023000+00:00,1001.7836460988281
2025-08-16 04:00:00.052000+00:00,1001.7961460988281
2025-08-16 05:00:00.054000+00:00,1001.8086460988281
2025-08-16 06:00:00.022000+00:00,1001.8211460988282
2025-08-16 07:00:00.056000+00:00,1001.8309042988282
2025-08-16 08:00:00.063000+00:00,1001.8434042988282
2025-08-16 09:00:00.018000+00:00,1001.8559042988282
2025-08-16 10:00:00.041000+00:00,1001.8684042988283
2025-08-16 11:00:00.002000+00:00,1001.8809042988283
2025-08-16 12:00:00.003000+00:00,1001.8934042988284
2025-08-16 13:00:00.015000+00:00,1001.9059042988284
2025-08-16 14:00:00.077000+00:00,1001.9184042988285
2025-08-16 15:00:00.033000+00:00,1001.9309042988285
2025-08-16 16:00:00.062000+00:00,1001.9434042988286
2025-08-16 17:00:00.100000+00:00,1001.9559042988286
2025-08-16 18:00:00.083000+00:00,1001.9684042988287
2025-08-16 19:00:00.029000+00:00,1001.9809042988287
2025-08-16 20:00:00.057000+00:00,1001.9934042988288
2025-08-16 21:00:00.087000+00:00,1002.0059042988288
2025-08-16 22:00:00.008000+00:00,1002.0184042988288
2025-08-16 23:00:00.032000+00:00,1002.0309042988289
2025-08-17 00:00:00.009000+00:00,1002.0434042988289
2025-08-17 01:00:00.035000+00:00,1002.055904298829
2025-08-17 02:00:00.027000+00:00,1002.068404298829
2025-08-17 03:00:00.063000+00:00,1002.0809042988291
2025-08-17 04:00:00.056000+00:00,1002.0934042988291
2025-08-17 05:00:00.032000+00:00,1002.1059042988292
2025-08-17 06:00:00.005000+00:00,1002.1184042988292
2025-08-17 07:00:00.057000+00:00,1002.1309042988293
2025-08-17 08:00:00+00:00,1002.1434042988293
2025-08-17 09:00:00.031000+00:00,1002.1559042988293
2025-08-17 10:00:00.003000+00:00,1002.1684042988294
2025-08-17 11:00:00.031000+00:00,1002.1809042988294
2025-08-17 12:00:00.021000+00:00,1002.1934042988295
2025-08-17 13:00:00.041000+00:00,1002.2059042988295
2025-08-17 14:00:00.027000+00:00,1002.2184042988296
2025-08-17 15:00:00.074000+00:00,1002.2309042988296
2025-08-17 16:00:00.075000+00:00,1002.2434042988297
2025-08-17 17:00:00.040000+00:00,1002.2559042988297
2025-08-17 18:00:00.079000+00:00,1002.2684042988298
2025-08-17 19:00:00.025000+00:00,1002.2809042988298
2025-08-17 20:00:00.069000+00:00,1002.2934042988298
2025-08-17 21:00:00.033000+00:00,1002.3059042988299
2025-08-17 22:00:00.131000+00:00,1002.3184042988299
2025-08-17 23:00:00.028000+00:00,1002.33090429883
2025-08-18 00:00:00.021000+00:00,1002.34340429883
2025-08-18 01:00:00.025000+00:00,1002.3559042988301
2025-08-18 02:00:00.040000+00:00,1002.3684042988301
2025-08-18 03:00:00.029000+00:00,1002.3809042988302
2025-08-18 04:00:00.023000+00:00,1002.3934042988302
2025-08-18 05:00:00.020000+00:00,1002.4059042988303
2025-08-18 06:00:00.047000+00:00,1002.4184042988303
2025-08-18 07:00:00.028000+00:00,1002.4309042988303
2025-08-18 08:00:00.021000+00:00,1002.4434042988304
2025-08-18 09:00:00.064000+00:00,1002.4559042988304
2025-08-18 10:00:00.044000+00:00,1002.4684042988305
2025-08-18 11:00:00.119000+00:00,1002.4809042988305
2025-08-18 12:00:00.047000+00:00,1002.4934042988306
2025-08-18 13:00:00.008000+00:00,1002.5059042988306
2025-08-18 14:00:00.062000+00:00,1002.5184042988307
2025-08-18 15:00:00.022000+00:00,1002.5309042988307
2025-08-18 16:00:00.022000+00:00,1002.5434042988308
2025-08-18 17:00:00.015000+00:00,1002.5559042988308
2025-08-18 18:00:00.012000+00:00,1002.5684042988308
2025-08-18 19:00:00.017000+00:00,1002.5809042988309
2025-08-18 20:00:00.038000+00:00,1002.5862275988309
2025-08-18 21:00:00.014000+00:00,1002.5944509988309
2025-08-18 22:00:00.013000+00:00,1002.6028780988308
2025-08-18 23:00:00.018000+00:00,1002.6150120988308
2025-08-19 00:00:00.045000+00:00,1002.6151736988307
2025-08-19 01:00:00.056000+00:00,1002.6248417988307
2025-08-19 02:00:00+00:00,1002.6218176988308
2025-08-19 03:00:00.074000+00:00,1002.6216019988308
2025-08-19 04:00:00.017000+00:00,1002.6037420988308
2025-08-19 05:00:00.053000+00:00,1002.5860714988308
2025-08-19 06:00:00.008000+00:00,1002.5696958988309
2025-08-19 07:00:00.084000+00:00,1002.558716698831
2025-08-19 08:00:00.026000+00:00,1002.566012298831
2025-08-19 09:00:00.011000+00:00,1002.5773027988309
2025-08-19 10:00:00.045000+00:00,1002.589802798831
2025-08-19 11:00:00.033000+00:00,1002.602302798831
2025-08-19 12:00:00.041000+00:00,1002.6148027988311
2025-08-19 13:00:00.045000+00:00,1002.614599798831
2025-08-19 14:00:00.034000+00:00,1002.620344298831
2025-08-19 15:00:00.115000+00:00,1002.608645198831
2025-08-19 16:00:00.039000+00:00,1002.596010698831
2025-08-19 17:00:00.097000+00:00,997.0837330317689
2025-08-19 18:00:00.008000+00:00,997.0837330317689
2025-08-19 19:00:00.053000+00:00,997.0837330317689
2025-08-19 20:00:00.022000+00:00,997.0837330317689
2025-08-19 21:00:00.014000+00:00,997.0837330317689
2025-08-19 22:00:00.074000+00:00,997.0837330317689
2025-08-19 23:00:00.055000+00:00,997.0837330317689
2025-08-20 00:00:00.079000+00:00,997.0837330317689
2025-08-20 01:00:00.112000+00:00,997.0837330317689
2025-08-20 02:00:00.078000+00:00,997.0837330317689
2025-08-20 03:00:00.135000+00:00,997.0837330317689
2025-08-20 04:00:00.060000+00:00,997.0837330317689
2025-08-20 05:00:00.009000+00:00,997.0837330317689
2025-08-20 06:00:00.038000+00:00,997.0837330317689
2025-08-20 07:00:00.071000+00:00,997.0837330317689
2025-08-20 08:00:00.015000+00:00,997.0837330317689
2025-08-20 09:00:00.037000+00:00,997.0837330317689
2025-08-20 10:00:00.059000+00:00,997.0837330317689
2025-08-20 11:00:00.037000+00:00,997.0837330317689
2025-08-20 12:00:00.013000+00:00,997.0837330317689
2025-08-20 13:00:00.086000+00:00,997.0837330317689
2025-08-20 14:00:00.069000+00:00,997.0837330317689
2025-08-20 15:00:00.032000+00:00,997.0837330317689
2025-08-20 16:00:00.010000+00:00,997.0837330317689
2025-08-20 17:00:00.016000+00:00,997.0837330317689
2025-08-20 18:00:00.056000+00:00,997.0837330317689
2025-08-20 19:00:00.043000+00:00,997.0837330317689
2025-08-20 20:00:00.054000+00:00,997.0837330317689
2025-08-20 21:00:00.022000+00:00,997.0837330317689
2025-08-20 22:00:00.041000+00:00,997.0837330317689
2025-08-20 23:00:00.033000+00:00,997.0837330317689
2025-08-21 00:00:00.042000+00:00,997.0837330317689
2025-08-21 01:00:00.037000+00:00,997.0837330317689
2025-08-21 02:00:00.005000+00:00,997.0837330317689
2025-08-21 03:00:00.002000+00:00,997.0837330317689
2025-08-21 04:00:00.072000+00:00,997.0837330317689
2025-08-21 05:00:00.055000+00:00,997.0837330317689
2025-08-21 06:00:00.012000+00:00,997.0837330317689
2025-08-21 07:00:00.045000+00:00,997.0837330317689
2025-08-21 08:00:00.024000+00:00,997.0837330317689
2025-08-21 09:00:00.023000+00:00,997.0837330317689
2025-08-21 10:00:00.049000+00:00,997.0837330317689
2025-08-21 11:00:00.143000+00:00,997.0837330317689
2025-08-21 12:00:00.017000+00:00,997.0837330317689
2025-08-21 13:00:00.007000+00:00,997.0837330317689
2025-08-21 14:00:00.025000+00:00,997.0837330317689
2025-08-21 15:00:00.129000+00:00,997.0837330317689
2025-08-21 16:00:00+00:00,997.0837330317689
2025-08-21 17:00:00.027000+00:00,997.0837330317689
2025-08-21 18:00:00.061000+00:00,997.0837330317689
2025-08-21 19:00:00.003000+00:00,997.0837330317689
2025-08-21 20:00:00.078000+00:00,997.0837330317689
2025-08-21 21:00:00.064000+00:00,997.0837330317689
2025-08-21 22:00:00.060000+00:00,997.0837330317689
2025-08-21 23:00:00.094000+00:00,997.0837330317689
2025-08-22 00:00:00.030000+00:00,997.0837330317689
2025-08-22 01:00:00.028000+00:00,997.0837330317689
2025-08-22 02:00:00.030000+00:00,997.0837330317689
2025-08-22 03:00:00.069000+00:00,997.0837330317689
2025-08-22 04:00:00.019000+00:00,997.0837330317689
2025-08-22 05:00:00.046000+00:00,997.0837330317689
2025-08-22 06:00:00.028000+00:00,997.0837330317689
2025-08-22 07:00:00.045000+00:00,997.0837330317689
2025-08-22 08:00:00.018000+00:00,997.0837330317689
2025-08-22 09:00:00.018000+00:00,997.0837330317689
2025-08-22 10:00:00.030000+00:00,997.0837330317689
2025-08-22 11:00:00.061000+00:00,997.0837330317689
2025-08-22 12:00:00.031000+00:00,997.0837330317689
2025-08-22 13:00:00.024000+00:00,997.0837330317689
2025-08-22 14:00:00.108000+00:00,997.0837330317689
2025-08-22 15:00:00.054000+00:00,997.0837330317689
2025-08-22 16:00:00.054000+00:00,997.0837330317689
2025-08-22 17:00:00.044000+00:00,997.0837330317689
2025-08-22 18:00:00.040000+00:00,997.0837330317689
2025-08-22 19:00:00.075000+00:00,997.0837330317689
2025-08-22 20:00:00.061000+00:00,997.0837330317689
2025-08-22 21:00:00.047000+00:00,997.0837330317689
2025-08-22 22:00:00.013000+00:00,997.0837330317689
2025-08-22 23:00:00.007000+00:00,991.5862649647069
2025-08-23 00:00:00.003000+00:00,991.6112636647068
2025-08-23 01:00:00.002000+00:00,991.6455362647068
2025-08-23 02:00:00.060000+00:00,991.6580362647069
2025-08-23 03:00:00.010000+00:00,991.6705362647069
2025-08-23 04:00:00.105000+00:00,991.683036264707
2025-08-23 05:00:00.022000+00:00,991.734781464707
2025-08-23 06:00:00.009000+00:00,991.797263064707
2025-08-23 07:00:00.060000+00:00,991.835076064707
2025-08-23 08:00:00.028000+00:00,991.871982364707
2025-08-23 09:00:00.097000+00:00,991.908030164707
2025-08-23 10:00:00.054000+00:00,991.973305264707
2025-08-23 11:00:00.030000+00:00,992.003861064707
2025-08-23 12:00:00+00:00,992.027388364707
2025-08-23 13:00:00.045000+00:00,992.062413764707
2025-08-23 14:00:00.118000+00:00,992.100973064707
2025-08-23 15:00:00.004000+00:00,992.1397256647069
2025-08-23 16:00:00.020000+00:00,992.186098564707
2025-08-23 17:00:00.049000+00:00,992.223423864707
2025-08-23 18:00:00.015000+00:00,992.268921164707
2025-08-23 19:00:00.114000+00:00,992.3162773647069
2025-08-23 20:00:00.039000+00:00,992.357668464707
2025-08-23 21:00:00.051000+00:00,992.400550364707
2025-08-23 22:00:00.004000+00:00,992.446606664707
2025-08-23 23:00:00.056000+00:00,992.501567764707
2025-08-24 00:00:00.106000+00:00,992.555615164707
2025-08-24 01:00:00.020000+00:00,992.6162153647069
2025-08-24 02:00:00.011000+00:00,992.676453664707
2025-08-24 03:00:00.062000+00:00,992.730251064707
2025-08-24 04:00:00.106000+00:00,992.773819964707
2025-08-24 05:00:00.067000+00:00,992.824464364707
2025-08-24 06:00:00.048000+00:00,992.8683412647069
2025-08-24 07:00:00.035000+00:00,992.901108964707
2025-08-24 08:00:00.013000+00:00,992.9358290647069
2025-08-24 09:00:00.085000+00:00,992.970321664707
2025-08-24 10:00:00.063000+00:00,993.001913064707
2025-08-24 11:00:00.005000+00:00,993.014413064707
2025-08-24 12:00:00.032000+00:00,993.0269130647071
2025-08-24 13:00:00.016000+00:00,993.0394130647071
2025-08-24 14:00:00.080000+00:00,993.0519130647072
2025-08-24 15:00:00.134000+00:00,993.0644130647072
2025-08-24 16:00:00.002000+00:00,993.0769130647072
2025-08-24 17:00:00.033000+00:00,993.0918414647073
2025-08-24 18:00:00.022000+00:00,993.1187685647072
2025-08-24 19:00:00.001000+00:00,993.1652807647073
2025-08-24 20:00:00.031000+00:00,993.2101189647072
2025-08-24 21:00:00.044000+00:00,993.2601899647073
2025-08-24 22:00:00.011000+00:00,993.3167068647073
2025-08-24 23:00:00.027000+00:00,993.3577643647072
2025-08-25 00:00:00.013000+00:00,993.4122493647072
2025-08-25 01:00:00.011000+00:00,993.4410565647072
2025-08-25 02:00:00.052000+00:00,993.4707417647072
2025-08-25 03:00:00.004000+00:00,993.4935528647072
2025-08-25 04:00:00.108000+00:00,993.5060528647073
2025-08-25 05:00:00.004000+00:00,993.5185528647073
2025-08-25 06:00:00.015000+00:00,993.5310528647074
2025-08-25 07:00:00.034000+00:00,993.5435528647074
2025-08-25 08:00:00.114000+00:00,993.5560528647075
2025-08-25 09:00:00.033000+00:00,993.5685528647075
2025-08-25 10:00:00.041000+00:00,993.5810528647075
2025-08-25 11:00:00.032000+00:00,993.5935528647076
2025-08-25 12:00:00.096000+00:00,993.6060528647076
2025-08-25 13:00:00.016000+00:00,993.6185528647077
2025-08-25 14:00:00.037000+00:00,993.6310528647077
2025-08-25 15:00:00.015000+00:00,993.6435528647078
2025-08-25 16:00:00.012000+00:00,993.6560528647078
2025-08-25 17:00:00.052000+00:00,993.6685528647079
2025-08-25 18:00:00.007000+00:00,993.6810528647079
2025-08-25 19:00:00.022000+00:00,993.693552864708
2025-08-25 20:00:00.020000+00:00,993.706052864708
2025-08-25 21:00:00.010000+00:00,993.664267464708
2025-08-25 22:00:00.055000+00:00,993.645753864708
2025-08-25 23:00:00.001000+00:00,993.632708364708
2025-08-26 00:00:00.014000+00:00,993.631416064708
2025-08-26 01:00:00.113000+00:00,993.638458464708
2025-08-26 02:00:00.071000+00:00,993.6509584647081
2025-08-26 03:00:00.015000+00:00,993.6634584647081
2025-08-26 04:00:00.028000+00:00,993.6759584647082
2025-08-26 05:00:00.040000+00:00,993.6884584647082
2025-08-26 06:00:00.057000+00:00,993.7009584647083
2025-08-26 07:00:00.019000+00:00,993.7134584647083
2025-08-26 08:00:00.064000+00:00,993.7259584647084
2025-08-26 09:00:00.004000+00:00,993.7384584647084
2025-08-26 10:00:00.030000+00:00,993.7509584647084
2025-08-26 11:00:00.022000+00:00,993.7634584647085
2025-08-26 12:00:00.035000+00:00,993.7759584647085
2025-08-26 13:00:00.037000+00:00,993.7884584647086
2025-08-26 14:00:00.066000+00:00,993.7970803647086
2025-08-26 15:00:00.014000+00:00,993.7956576647085
2025-08-26 16:00:00.012000+00:00,993.7996359647085
2025-08-26 17:00:00.007000+00:00,993.8110089647085
2025-08-26 18:00:00.007000+00:00,993.8235089647086
2025-08-26 19:00:00.043000+00:00,993.8360089647086
2025-08-26 20:00:00.070000+00:00,993.8485089647087
2025-08-26 21:00:00.075000+00:00,993.8610089647087
2025-08-26 22:00:00.039000+00:00,993.8735089647088
2025-08-26 23:00:00.041000+00:00,993.8860089647088
2025-08-27 00:00:00.041000+00:00,993.8985089647089
2025-08-27 01:00:00.031000+00:00,993.9110089647089
2025-08-27 02:00:00.003000+00:00,993.923508964709
2025-08-27 03:00:00.089000+00:00,993.936008964709
2025-08-27 04:00:00.034000+00:00,993.948508964709
2025-08-27 05:00:00.007000+00:00,993.9610089647091
2025-08-27 06:00:00.039000+00:00,993.9735089647091
2025-08-27 07:00:00.078000+00:00,993.9860089647092
2025-08-27 08:00:00.036000+00:00,993.9985089647092
2025-08-27 09:00:00.115000+00:00,994.0110089647093
2025-08-27 10:00:00.019000+00:00,994.0235089647093
2025-08-27 11:00:00.125000+00:00,994.0360089647094
2025-08-27 12:00:00.017000+00:00,994.0485089647094
2025-08-27 13:00:00.019000+00:00,994.0610089647095
2025-08-27 14:00:00.027000+00:00,994.0735089647095
2025-08-27 15:00:00.011000+00:00,994.0860089647095
2025-08-27 16:00:00.027000+00:00,994.0985089647096
2025-08-27 17:00:00.090000+00:00,994.1110089647096
2025-08-27 18:00:00.134000+00:00,994.1235089647097
2025-08-27 19:00:00.170000+00:00,994.1360089647097
2025-08-27 20:00:00.072000+00:00,994.1485089647098
2025-08-27 21:00:00.118000+00:00,994.1610089647098
2025-08-27 22:00:00.060000+00:00,994.1735089647099
2025-08-27 23:00:00.044000+00:00,994.1860089647099
2025-08-28 00:00:00.044000+00:00,994.19850896471
2025-08-28 01:00:00.048000+00:00,994.20203446471
2025-08-28 02:00:00.051000+00:00,994.21453446471
2025-08-28 03:00:00.069000+00:00,994.22258626471
2025-08-28 04:00:00.041000+00:00,994.23508626471
2025-08-28 05:00:00.033000+00:00,994.2475862647101
2025-08-28 06:00:00.038000+00:00,994.2600862647101
2025-08-28 07:00:00.082000+00:00,994.2725862647102
2025-08-28 08:00:00.011000+00:00,994.2850862647102
2025-08-28 09:00:00.075000+00:00,994.2975862647103
2025-08-28 10:00:00.095000+00:00,994.3100862647103
2025-08-28 11:00:00.015000+00:00,994.3225862647104
2025-08-28 12:00:00.101000+00:00,994.3350862647104
2025-08-28 13:00:00.111000+00:00,994.3475862647105
2025-08-28 14:00:00.008000+00:00,994.3600862647105
2025-08-28 15:00:00.018000+00:00,994.3725862647105
2025-08-28 16:00:00.003000+00:00,994.3850862647106
2025-08-28 17:00:00.039000+00:00,994.3975862647106
2025-08-28 18:00:00.035000+00:00,994.4100862647107
2025-08-28 19:00:00.019000+00:00,994.4225862647107
2025-08-28 20:00:00.054000+00:00,994.4350862647108
2025-08-28 21:00:00.008000+00:00,994.4475862647108
2025-08-28 22:00:00.108000+00:00,994.4600862647109
2025-08-28 23:00:00.020000+00:00,994.4725862647109
2025-08-29 00:00:00.041000+00:00,994.485086264711
2025-08-29 01:00:00.006000+00:00,994.497586264711
2025-08-29 02:00:00.089000+00:00,994.510086264711
2025-08-29 03:00:00.012000+00:00,994.5225862647111
2025-08-29 04:00:00.104000+00:00,994.5350862647111
2025-08-29 05:00:00.033000+00:00,994.5475862647112
2025-08-29 06:00:00.004000+00:00,994.5600862647112
2025-08-29 07:00:00.036000+00:00,994.5725862647113
2025-08-29 08:00:00.080000+00:00,994.5850862647113
2025-08-29 09:00:00.012000+00:00,994.5975862647114
2025-08-29 10:00:00.048000+00:00,994.6100862647114
2025-08-29 11:00:00.033000+00:00,994.6225862647115
2025-08-29 12:00:00.072000+00:00,994.6350862647115
2025-08-29 13:00:00.007000+00:00,994.6475862647115
2025-08-29 14:00:00.029000+00:00,994.6600862647116
2025-08-29 15:00:00.021000+00:00,994.6725862647116
2025-08-29 16:00:00.052000+00:00,994.6850862647117
2025-08-29 17:00:00.064000+00:00,994.6975862647117
2025-08-29 18:00:00.060000+00:00,994.7100862647118
2025-08-29 19:00:00.060000+00:00,994.7225862647118
2025-08-29 20:00:00.059000+00:00,994.7350862647119
2025-08-29 21:00:00.093000+00:00,994.7475862647119
2025-08-29 22:00:00+00:00,994.760086264712
2025-08-29 23:00:00.004000+00:00,994.772586264712
2025-08-30 00:00:00.046000+00:00,994.785086264712
2025-08-30 01:00:00.066000+00:00,994.7975862647121
2025-08-30 02:00:00.038000+00:00,994.8100862647121
2025-08-30 03:00:00.046000+00:00,994.8225862647122
2025-08-30 04:00:00.038000+00:00,994.8350862647122
2025-08-30 05:00:00.007000+00:00,994.8475862647123
2025-08-30 06:00:00.022000+00:00,994.8600862647123
2025-08-30 07:00:00.005000+00:00,994.8725862647124
2025-08-30 08:00:00.065000+00:00,994.8850862647124
2025-08-30 09:00:00.093000+00:00,994.8975862647125
2025-08-30 10:00:00.028000+00:00,994.9100862647125
2025-08-30 11:00:00.032000+00:00,994.9225862647125
2025-08-30 12:00:00.089000+00:00,994.9350862647126
2025-08-30 13:00:00.007000+00:00,994.9475862647126
2025-08-30 14:00:00.025000+00:00,994.9512689647127
2025-08-30 15:00:00.056000+00:00,994.9526931647126
2025-08-30 16:00:00.064000+00:00,994.9651931647127
2025-08-30 17:00:00.004000+00:00,994.9776931647127
2025-08-30 18:00:00.037000+00:00,994.9901931647128
2025-08-30 19:00:00.034000+00:00,995.0026931647128
2025-08-30 20:00:00.093000+00:00,995.0151931647129
2025-08-30 21:00:00.062000+00:00,995.0188972647129
2025-08-30 22:00:00.053000+00:00,995.0232416647129
2025-08-30 23:00:00.054000+00:00,995.034604164713
2025-08-31 00:00:00.044000+00:00,995.047104164713
2025-08-31 01:00:00.099000+00:00,995.059604164713
2025-08-31 02:00:00.042000+00:00,995.0721041647131
2025-08-31 03:00:00.007000+00:00,995.0846041647131
2025-08-31 04:00:00.021000+00:00,995.0971041647132
2025-08-31 05:00:00.023000+00:00,995.1096041647132
2025-08-31 06:00:00.063000+00:00,995.1221041647133
2025-08-31 07:00:00.078000+00:00,995.1346041647133
2025-08-31 08:00:00.011000+00:00,995.1471041647134
2025-08-31 09:00:00.012000+00:00,995.1596041647134
2025-08-31 10:00:00.076000+00:00,995.1721041647135
2025-08-31 11:00:00.006000+00:00,995.1846041647135
2025-08-31 12:00:00.113000+00:00,995.1971041647136
2025-08-31 13:00:00+00:00,995.2096041647136
2025-08-31 14:00:00.013000+00:00,995.2221041647136
2025-08-31 15:00:00.120000+00:00,995.2346041647137
2025-08-31 16:00:00.054000+00:00,995.2471041647137
2025-08-31 17:00:00.083000+00:00,995.2596041647138
2025-08-31 18:00:00.050000+00:00,995.2721041647138
2025-08-31 19:00:00.032000+00:00,995.2846041647139
2025-08-31 20:00:00.032000+00:00,995.2971041647139
2025-08-31 21:00:00.023000+00:00,995.309604164714
2025-08-31 22:00:00.012000+00:00,995.322104164714
2025-08-31 23:00:00.092000+00:00,995.334604164714
2025-09-01 00:00:00.052000+00:00,995.3471041647141
2025-09-01 01:00:00.072000+00:00,995.3596041647141
2025-09-01 02:00:00.006000+00:00,995.3721041647142
2025-09-01 03:00:00.049000+00:00,995.3846041647142
2025-09-01 04:00:00.101000+00:00,995.3971041647143
2025-09-01 05:00:00.020000+00:00,995.4096041647143
2025-09-01 06:00:00.041000+00:00,995.4221041647144
2025-09-01 07:00:00.022000+00:00,995.4346041647144
2025-09-01 08:00:00.004000+00:00,995.4471041647145
2025-09-01 09:00:00.003000+00:00,995.4596041647145
2025-09-01 10:00:00.070000+00:00,995.4721041647146
2025-09-01 11:00:00.068000+00:00,995.4846041647146
2025-09-01 12:00:00.044000+00:00,995.4971041647146
2025-09-01 13:00:00.042000+00:00,995.5096041647147
2025-09-01 14:00:00.012000+00:00,995.5221041647147
2025-09-01 15:00:00.082000+00:00,995.5346041647148
2025-09-01 16:00:00.053000+00:00,995.5471041647148
2025-09-01 17:00:00.015000+00:00,995.5596041647149
2025-09-01 18:00:00.044000+00:00,995.5721041647149
2025-09-01 19:00:00.060000+00:00,995.584604164715
2025-09-01 20:00:00.028000+00:00,995.5928875647149
2025-09-01 21:00:00.004000+00:00,995.601769464715
2025-09-01 22:00:00.113000+00:00,995.608793464715
2025-09-01 23:00:00.020000+00:00,995.5906074647149
2025-09-02 00:00:00.036000+00:00,995.583045964715
2025-09-02 01:00:00.088000+00:00,995.581003864715
2025-09-02 02:00:00.040000+00:00,995.5870237647149
2025-09-02 03:00:00.001000+00:00,995.599523764715
2025-09-02 04:00:00.034000+00:00,995.612023764715
2025-09-02 05:00:00.050000+00:00,995.624523764715
2025-09-02 06:00:00.017000+00:00,995.6370237647151
2025-09-02 07:00:00.049000+00:00,995.6495237647151
2025-09-02 08:00:00.022000+00:00,995.6620237647152
2025-09-02 09:00:00.010000+00:00,995.6745237647152
2025-09-02 10:00:00.151000+00:00,995.6870237647153
2025-09-02 11:00:00.029000+00:00,995.6995237647153
2025-09-02 12:00:00.112000+00:00,995.7120237647154
2025-09-02 13:00:00.004000+00:00,995.7245237647154
2025-09-02 14:00:00.109000+00:00,995.7370237647154
2025-09-02 15:00:00.008000+00:00,995.7495237647155
2025-09-02 16:00:00.032000+00:00,995.7527001647155
2025-09-02 17:00:00.026000+00:00,995.7652001647156
2025-09-02 18:00:00.007000+00:00,995.7777001647156
2025-09-02 19:00:00.039000+00:00,995.7902001647157
2025-09-02 20:00:00.024000+00:00,995.7905916647156
2025-09-02 21:00:00.004000+00:00,995.8030916647157
2025-09-02 22:00:00.007000+00:00,995.8155916647157
2025-09-02 23:00:00.077000+00:00,995.8280916647158
2025-09-03 00:00:00.031000+00:00,995.8405916647158
2025-09-03 01:00:00.093000+00:00,995.8530916647159
2025-09-03 02:00:00.034000+00:00,995.8655916647159
2025-09-03 03:00:00.030000+00:00,995.878091664716
2025-09-03 04:00:00.124000+00:00,995.890591664716
2025-09-03 05:00:00.070000+00:00,995.903091664716
2025-09-03 06:00:00.133000+00:00,995.9155916647161
2025-09-03 07:00:00.014000+00:00,995.9280916647161
2025-09-03 08:00:00.027000+00:00,995.9405916647162
2025-09-03 09:00:00.004000+00:00,995.9530916647162
2025-09-03 10:00:00.060000+00:00,995.9655916647163
2025-09-03 11:00:00.049000+00:00,995.9780916647163
2025-09-03 12:00:00.065000+00:00,995.9905916647164
2025-09-03 13:00:00.112000+00:00,996.0030916647164
2025-09-03 14:00:00+00:00,996.0155916647165
2025-09-03 15:00:00.004000+00:00,996.0280916647165
2025-09-03 16:00:00.033000+00:00,996.0405916647165
2025-09-03 17:00:00.020000+00:00,996.0530916647166
2025-09-03 18:00:00.022000+00:00,996.0655916647166
2025-09-03 19:00:00.050000+00:00,996.0780916647167
2025-09-03 20:00:00.026000+00:00,996.0905916647167
2025-09-03 21:00:00.045000+00:00,996.1030916647168
2025-09-03 22:00:00.068000+00:00,996.1155916647168
2025-09-03 23:00:00.003000+00:00,996.1280916647169
2025-09-04 00:00:00.040000+00:00,996.1405916647169
2025-09-04 01:00:00.102000+00:00,996.153091664717
2025-09-04 02:00:00.043000+00:00,996.165591664717
2025-09-04 03:00:00.079000+00:00,996.178091664717
2025-09-04 04:00:00.071000+00:00,996.1905916647171
2025-09-04 05:00:00.045000+00:00,996.2030916647171
2025-09-04 06:00:00.083000+00:00,996.2155916647172
2025-09-04 07:00:00.001000+00:00,996.2280916647172
2025-09-04 08:00:00.113000+00:00,996.2405916647173
2025-09-04 09:00:00.009000+00:00,996.2530916647173
2025-09-04 10:00:00.025000+00:00,996.2655916647174
2025-09-04 11:00:00.053000+00:00,996.2780916647174
2025-09-04 12:00:00.054000+00:00,996.2905916647175
2025-09-04 13:00:00.002000+00:00,996.3030916647175
2025-09-04 14:00:00.027000+00:00,996.3155916647175
2025-09-04 15:00:00.020000+00:00,996.3280916647176
2025-09-04 16:00:00.017000+00:00,996.3405916647176
2025-09-04 17:00:00.069000+00:00,996.3530916647177
2025-09-04 18:00:00.021000+00:00,996.3655916647177
2025-09-04 19:00:00.011000+00:00,996.3780916647178
2025-09-04 20:00:00.153000+00:00,996.3905916647178
2025-09-04 21:00:00.049000+00:00,996.4030916647179
2025-09-04 22:00:00.027000+00:00,996.4155916647179
2025-09-04 23:00:00.064000+00:00,996.428091664718
2025-09-05 00:00:00.006000+00:00,996.440591664718
2025-09-05 01:00:00.090000+00:00,996.453091664718
2025-09-05 02:00:00.099000+00:00,996.4655916647181
2025-09-05 03:00:00.072000+00:00,996.4780916647181
2025-09-05 04:00:00.056000+00:00,996.4905916647182
2025-09-05 05:00:00.047000+00:00,996.5030916647182
2025-09-05 06:00:00.009000+00:00,996.5155916647183
2025-09-05 07:00:00.040000+00:00,996.5280916647183
2025-09-05 08:00:00.028000+00:00,996.5405916647184
2025-09-05 09:00:00.004000+00:00,996.5530916647184
2025-09-05 10:00:00.019000+00:00,996.5655916647185
2025-09-05 11:00:00.030000+00:00,996.5780916647185
2025-09-05 12:00:00.063000+00:00,996.5905916647185
2025-09-05 13:00:00.068000+00:00,996.6030916647186
2025-09-05 14:00:00.038000+00:00,996.6155916647186
2025-09-05 15:00:00.008000+00:00,996.6280916647187
2025-09-05 16:00:00.036000+00:00,996.6405916647187
2025-09-05 17:00:00.023000+00:00,996.6530916647188
2025-09-05 18:00:00.028000+00:00,996.6655916647188
2025-09-05 19:00:00.019000+00:00,996.6780916647189
2025-09-05 20:00:00.042000+00:00,996.6906892647189
2025-09-05 21:00:00.060000+00:00,996.7041466647189
2025-09-05 22:00:00.051000+00:00,996.7194364647189
2025-09-05 23:00:00.048000+00:00,996.7326738647189
2025-09-06 00:00:00.039000+00:00,996.7460446647189
2025-09-06 01:00:00.038000+00:00,996.7756658647188
2025-09-06 02:00:00.059000+00:00,996.8035286647188
2025-09-06 03:00:00.115000+00:00,996.8277541647187
2025-09-06 04:00:00.023000+00:00,996.8633112647187
2025-09-06 05:00:00.035000+00:00,996.8865741647187
2025-09-06 06:00:00.078000+00:00,996.9074210647187
2025-09-06 07:00:00.086000+00:00,996.9226339647188
2025-09-06 08:00:00.027000+00:00,996.9351339647188
2025-09-06 09:00:00.002000+00:00,996.9476339647189
2025-09-06 10:00:00.007000+00:00,996.9601339647189
2025-09-06 11:00:00.064000+00:00,996.972633964719
2025-09-06 12:00:00.068000+00:00,996.985133964719
2025-09-06 13:00:00.087000+00:00,996.9976339647191
2025-09-06 14:00:00.047000+00:00,997.0101339647191
2025-09-06 15:00:00.032000+00:00,997.0226339647191
2025-09-06 16:00:00.060000+00:00,997.0351339647192
2025-09-06 17:00:00.102000+00:00,997.0476339647192
2025-09-06 18:00:00.014000+00:00,997.0601339647193
2025-09-06 19:00:00.075000+00:00,997.0726339647193
2025-09-06 20:00:00.002000+00:00,997.0851339647194
2025-09-06 21:00:00.008000+00:00,997.0976339647194
2025-09-06 22:00:00.026000+00:00,997.1101339647195
2025-09-06 23:00:00.056000+00:00,997.1226339647195
2025-09-07 00:00:00.012000+00:00,997.1351339647196
2025-09-07 01:00:00.027000+00:00,997.1476339647196
2025-09-07 02:00:00.006000+00:00,997.1601339647196
2025-09-07 03:00:00.048000+00:00,997.1726339647197
2025-09-07 04:00:00.054000+00:00,997.1851339647197
2025-09-07 05:00:00.006000+00:00,997.1976339647198
2025-09-07 06:00:00.121000+00:00,997.2101339647198
2025-09-07 07:00:00.062000+00:00,997.2226339647199
2025-09-07 08:00:00.034000+00:00,997.2351339647199
2025-09-07 09:00:00.039000+00:00,997.24763396472
2025-09-07 10:00:00.001000+00:00,997.26013396472
2025-09-07 11:00:00.055000+00:00,997.2726339647201
2025-09-07 12:00:00.020000+00:00,997.2851339647201
2025-09-07 13:00:00.003000+00:00,997.2976339647201
2025-09-07 14:00:00.011000+00:00,997.3101339647202
2025-09-07 15:00:00.109000+00:00,997.3226339647202
2025-09-07 16:00:00.046000+00:00,997.3351339647203
2025-09-07 17:00:00.034000+00:00,997.3476339647203
2025-09-07 18:00:00.050000+00:00,997.3601339647204
2025-09-07 19:00:00.022000+00:00,997.3726339647204
2025-09-07 20:00:00.102000+00:00,997.3851339647205
2025-09-07 21:00:00.013000+00:00,997.3976339647205
2025-09-07 22:00:00.031000+00:00,997.4101339647206
2025-09-07 23:00:00.036000+00:00,997.4226339647206
2025-09-08 00:00:00.089000+00:00,997.4351339647206
2025-09-08 01:00:00+00:00,997.4476339647207
2025-09-08 02:00:00.018000+00:00,997.4601339647207
2025-09-08 03:00:00.054000+00:00,997.4726339647208
2025-09-08 04:00:00.002000+00:00,997.4851339647208
2025-09-08 05:00:00.116000+00:00,997.4976339647209
2025-09-08 06:00:00.061000+00:00,997.5101339647209
2025-09-08 07:00:00.040000+00:00,997.522633964721
2025-09-08 08:00:00.066000+00:00,997.535133964721
2025-09-08 09:00:00.092000+00:00,997.5476339647211
2025-09-08 10:00:00.019000+00:00,997.5616309647211
2025-09-08 11:00:00.029000+00:00,997.5812460647211
2025-09-08 12:00:00.030000+00:00,997.5937460647211
2025-09-08 13:00:00.100000+00:00,997.6062460647212
2025-09-08 14:00:00.016000+00:00,997.6229885647211
2025-09-08 15:00:00.068000+00:00,997.6354885647212
2025-09-08 16:00:00.050000+00:00,997.6508403647211
2025-09-08 17:00:00.111000+00:00,997.6633403647212
2025-09-08 18:00:00.057000+00:00,997.6758403647212
2025-09-08 19:00:00.010000+00:00,997.6883403647213
2025-09-08 20:00:00.073000+00:00,997.7008403647213
2025-09-08 21:00:00.040000+00:00,997.7133403647214
2025-09-08 22:00:00.039000+00:00,997.7258403647214
2025-09-08 23:00:00.057000+00:00,997.7383403647215
2025-09-09 00:00:00.071000+00:00,997.7508403647215
2025-09-09 01:00:00.055000+00:00,997.7633403647216
2025-09-09 02:00:00.059000+00:00,997.7758403647216
2025-09-09 03:00:00.047000+00:00,997.7883403647216
2025-09-09 04:00:00.039000+00:00,997.8015612647216
2025-09-09 05:00:00.039000+00:00,997.8140612647217
2025-09-09 06:00:00.110000+00:00,997.8289822647216
2025-09-09 07:00:00.007000+00:00,997.8581932647216
2025-09-09 08:00:00.017000+00:00,997.9011308647216
2025-09-09 09:00:00.038000+00:00,997.9476116647216
2025-09-09 10:00:00.059000+00:00,997.9824998647216
2025-09-09 11:00:00.047000+00:00,998.0039960647216
2025-09-09 12:00:00.031000+00:00,998.0376535647216
2025-09-09 13:00:00.048000+00:00,998.0613629647216
2025-09-09 14:00:00.019000+00:00,998.0805142647216
2025-09-09 15:00:00.041000+00:00,998.0930142647217
2025-09-09 16:00:00.051000+00:00,998.1055142647217
2025-09-09 17:00:00.032000+00:00,998.1180142647218
2025-09-09 18:00:00.037000+00:00,998.1338127647217
2025-09-09 19:00:00.034000+00:00,998.1539719647217
2025-09-09 20:00:00.054000+00:00,998.1878697647217
2025-09-09 21:00:00.029000+00:00,998.2065024647217
2025-09-09 22:00:00.044000+00:00,998.2225084647216
2025-09-09 23:00:00+00:00,998.2350084647217
2025-09-10 00:00:00.029000+00:00,998.2475084647217
2025-09-10 01:00:00.014000+00:00,998.2600084647217
2025-09-10 02:00:00.014000+00:00,998.2725084647218
2025-09-10 03:00:00.037000+00:00,998.2850084647218
2025-09-10 04:00:00.083000+00:00,998.2975084647219
2025-09-10 05:00:00.009000+00:00,998.3100084647219
2025-09-10 06:00:00.097000+00:00,998.322508464722
2025-09-10 07:00:00.063000+00:00,998.335008464722
2025-09-10 08:00:00.058000+00:00,998.3475084647221
2025-09-10 09:00:00.087000+00:00,998.3600084647221
2025-09-10 10:00:00.038000+00:00,998.3725084647222
2025-09-10 11:00:00.127000+00:00,998.3850084647222
2025-09-10 12:00:00.084000+00:00,998.3975084647223
2025-09-10 13:00:00.100000+00:00,998.4100084647223
2025-09-10 14:00:00.042000+00:00,998.4225084647223
2025-09-10 15:00:00.099000+00:00,998.4350084647224
2025-09-10 16:00:00.044000+00:00,998.4475084647224
2025-09-10 17:00:00.005000+00:00,998.4600084647225
2025-09-10 18:00:00.032000+00:00,998.4725084647225
2025-09-10 19:00:00.003000+00:00,998.4850084647226
2025-09-10 20:00:00.050000+00:00,998.4975084647226
2025-09-10 21:00:00.008000+00:00,998.5100084647227
2025-09-10 22:00:00.018000+00:00,998.5225084647227
2025-09-10 23:00:00.009000+00:00,998.5350084647228
2025-09-11 00:00:00.090000+00:00,998.5475084647228
2025-09-11 01:00:00.051000+00:00,998.5600084647228
2025-09-11 02:00:00.011000+00:00,998.5725084647229
2025-09-11 03:00:00.096000+00:00,998.5850084647229
2025-09-11 04:00:00.016000+00:00,998.597508464723
2025-09-11 05:00:00.032000+00:00,998.610008464723
2025-09-11 06:00:00.077000+00:00,998.6225084647231
2025-09-11 07:00:00.052000+00:00,998.6350084647231
2025-09-11 08:00:00.065000+00:00,998.6475084647232
2025-09-11 09:00:00.055000+00:00,998.6600084647232
2025-09-11 10:00:00.014000+00:00,998.6725084647233
2025-09-11 11:00:00.002000+00:00,998.6850084647233
2025-09-11 12:00:00.045000+00:00,998.6975084647233
2025-09-11 13:00:00.020000+00:00,998.7100084647234
2025-09-11 14:00:00.059000+00:00,998.7225084647234
2025-09-11 15:00:00.142000+00:00,998.7350084647235
2025-09-11 16:00:00.001000+00:00,998.7475084647235
2025-09-11 17:00:00.077000+00:00,998.7600084647236
2025-09-11 18:00:00.082000+00:00,998.7725084647236
2025-09-11 19:00:00.007000+00:00,998.7850084647237
2025-09-11 20:00:00.007000+00:00,998.7975084647237
2025-09-11 21:00:00.078000+00:00,998.8100084647238
2025-09-11 22:00:00.029000+00:00,998.8225084647238
2025-09-11 23:00:00.037000+00:00,998.8350084647238
2025-09-12 00:00:00.055000+00:00,998.8475084647239
2025-09-12 01:00:00.004000+00:00,998.8600084647239
2025-09-12 02:00:00.060000+00:00,998.872508464724
2025-09-12 03:00:00.053000+00:00,998.885008464724
2025-09-12 04:00:00.037000+00:00,998.8975084647241
2025-09-12 05:00:00.006000+00:00,998.9100084647241
2025-09-12 06:00:00.027000+00:00,998.9225084647242
2025-09-12 07:00:00.044000+00:00,998.9350084647242
2025-09-12 08:00:00.005000+00:00,998.9475084647243
2025-09-12 09:00:00.066000+00:00,998.9600084647243
2025-09-12 10:00:00.100000+00:00,998.9725084647243
2025-09-12 11:00:00.040000+00:00,998.9850084647244
2025-09-12 12:00:00.062000+00:00,998.9975084647244
2025-09-12 13:00:00.062000+00:00,999.0100084647245
2025-09-12 14:00:00.038000+00:00,999.0225084647245
2025-09-12 15:00:00.048000+00:00,999.0350084647246
2025-09-12 16:00:00.064000+00:00,999.0475084647246
2025-09-12 17:00:00.018000+00:00,999.0494513647246
2025-09-12 18:00:00.026000+00:00,999.0564933647246
2025-09-12 19:00:00.066000+00:00,999.0634762647246
2025-09-12 20:00:00.057000+00:00,999.0759762647247
2025-09-12 21:00:00.007000+00:00,999.0762576647246
2025-09-12 22:00:00.031000+00:00,999.0820277647246
2025-09-12 23:00:00.007000+00:00,999.0927026647246
2025-09-13 00:00:00.038000+00:00,999.1013646647245
2025-09-13 01:00:00.008000+00:00,999.1081262647245
2025-09-13 02:00:00.011000+00:00,999.1199932647246
2025-09-13 03:00:00.107000+00:00,999.1302877647246
2025-09-13 04:00:00+00:00,999.1376376647246
2025-09-13 05:00:00.060000+00:00,999.1501376647246
2025-09-13 06:00:00.032000+00:00,999.1591459647246
2025-09-13 07:00:00.040000+00:00,999.1701247647246
2025-09-13 08:00:00.064000+00:00,999.1826247647247
2025-09-13 09:00:00.005000+00:00,999.1951247647247
2025-09-13 10:00:00.044000+00:00,999.2076247647248
2025-09-13 11:00:00.042000+00:00,999.2201247647248
2025-09-13 12:00:00.046000+00:00,999.2326247647248
2025-09-13 13:00:00.035000+00:00,999.2446106647249
2025-09-13 14:00:00.053000+00:00,999.2571106647249
2025-09-13 15:00:00.013000+00:00,999.269610664725
2025-09-13 16:00:00.049000+00:00,999.282110664725
2025-09-13 17:00:00.030000+00:00,999.294610664725
2025-09-13 18:00:00.037000+00:00,999.3071106647251
2025-09-13 19:00:00.042000+00:00,999.3196106647251
2025-09-13 20:00:00.032000+00:00,999.3321106647252
2025-09-13 21:00:00.082000+00:00,999.3446106647252
2025-09-13 22:00:00.128000+00:00,999.3571106647253
2025-09-13 23:00:00.121000+00:00,999.3696106647253
2025-09-14 00:00:00.036000+00:00,999.3821106647254
2025-09-14 01:00:00.008000+00:00,999.3946106647254
2025-09-14 02:00:00.034000+00:00,999.4071106647255
2025-09-14 03:00:00.007000+00:00,999.4196106647255
2025-09-14 04:00:00.044000+00:00,999.4321106647255
2025-09-14 05:00:00.080000+00:00,999.4446106647256
2025-09-14 06:00:00.022000+00:00,999.4571106647256
2025-09-14 07:00:00.026000+00:00,999.4696106647257
2025-09-14 08:00:00.033000+00:00,999.4821106647257
2025-09-14 09:00:00.057000+00:00,999.4946106647258
2025-09-14 10:00:00.048000+00:00,999.5071106647258
2025-09-14 11:00:00.030000+00:00,999.5196106647259
2025-09-14 12:00:00.037000+00:00,999.5234154647259
2025-09-14 13:00:00.025000+00:00,999.5214117647258
2025-09-14 14:00:00.084000+00:00,999.5243700647259
2025-09-14 15:00:00.078000+00:00,999.5368700647259
2025-09-14 16:00:00.118000+00:00,999.549370064726
2025-09-14 17:00:00.032000+00:00,999.561870064726
2025-09-14 18:00:00.027000+00:00,999.574370064726
2025-09-14 19:00:00.060000+00:00,999.5868700647261
2025-09-14 20:00:00.028000+00:00,999.5993700647261
2025-09-14 21:00:00.035000+00:00,999.6118700647262
2025-09-14 22:00:00.007000+00:00,999.6243700647262
2025-09-14 23:00:00.009000+00:00,999.6368700647263
2025-09-15 00:00:00.027000+00:00,999.6493700647263
2025-09-15 01:00:00.015000+00:00,999.6618700647264
2025-09-15 02:00:00.009000+00:00,999.6743700647264
2025-09-15 03:00:00.066000+00:00,999.6868700647265
2025-09-15 04:00:00.008000+00:00,999.6993700647265
2025-09-15 05:00:00.050000+00:00,999.7118700647266
2025-09-15 06:00:00.044000+00:00,999.7243700647266
2025-09-15 07:00:00.013000+00:00,999.7368700647266
2025-09-15 08:00:00.017000+00:00,999.7493700647267
2025-09-15 09:00:00.001000+00:00,999.7618700647267
2025-09-15 10:00:00.048000+00:00,999.7743700647268
2025-09-15 11:00:00.076000+00:00,999.7868700647268
2025-09-15 12:00:00.020000+00:00,999.7993700647269
2025-09-15 13:00:00.014000+00:00,999.8118700647269
2025-09-15 14:00:00.116000+00:00,999.824370064727
2025-09-15 15:00:00.031000+00:00,999.836870064727
2025-09-15 16:00:00.022000+00:00,999.849370064727
2025-09-15 17:00:00.099000+00:00,999.8618700647271
2025-09-15 18:00:00.041000+00:00,999.8743700647271
2025-09-15 19:00:00.063000+00:00,999.8868700647272
2025-09-15 20:00:00.092000+00:00,999.8993700647272
2025-09-15 21:00:00.047000+00:00,999.9118700647273
2025-09-15 22:00:00.030000+00:00,999.9286763647273
2025-09-15 23:00:00.060000+00:00,999.9411763647273
2025-09-16 00:00:00.021000+00:00,999.9612976647273
2025-09-16 01:00:00.020000+00:00,999.9868959647273
2025-09-16 02:00:00.103000+00:00,1000.0112461647273
2025-09-16 03:00:00.020000+00:00,1000.0343196647273
2025-09-16 04:00:00.055000+00:00,1000.0521143647272
2025-09-16 05:00:00.033000+00:00,1000.0694257647273
2025-09-16 06:00:00+00:00,1000.0901017647273
2025-09-16 07:00:00.117000+00:00,1000.1057812647273
2025-09-16 08:00:00.093000+00:00,1000.1182812647273
2025-09-16 09:00:00.063000+00:00,1000.1347873647273
2025-09-16 10:00:00.055000+00:00,1000.1492686647274
2025-09-16 11:00:00.005000+00:00,1000.1647438647274
2025-09-16 12:00:00.032000+00:00,1000.1854796647274
2025-09-16 13:00:00.053000+00:00,1000.2012501647274
2025-09-16 14:00:00.018000+00:00,1000.2137501647275
2025-09-16 15:00:00.026000+00:00,1000.2262501647275
2025-09-16 16:00:00.021000+00:00,1000.2578180647275
2025-09-16 17:00:00.002000+00:00,1000.2913007647276
2025-09-16 18:00:00.032000+00:00,1000.3156337647275
2025-09-16 19:00:00.049000+00:00,1000.3383156647275
2025-09-16 20:00:00.044000+00:00,1000.3564990647275
2025-09-16 21:00:00.073000+00:00,1000.3785152647275
2025-09-16 22:00:00.078000+00:00,1000.3940011647276
2025-09-16 23:00:00.027000+00:00,1000.4078182647276
2025-09-17 00:00:00.089000+00:00,1000.4238884647275
2025-09-17 01:00:00.035000+00:00,1000.4394136647275
2025-09-17 02:00:00.074000+00:00,1000.4545071647275
2025-09-17 03:00:00.013000+00:00,1000.4780044647275
2025-09-17 04:00:00.030000+00:00,1000.4930207647275
2025-09-17 05:00:00.084000+00:00,1000.5055207647275
2025-09-17 06:00:00.012000+00:00,1000.5180207647276
2025-09-17 07:00:00.059000+00:00,1000.5305207647276
2025-09-17 08:00:00.061000+00:00,1000.5430207647277
2025-09-17 09:00:00.064000+00:00,1000.5701897647276
2025-09-17 10:00:00.017000+00:00,1000.5930993647277
2025-09-17 11:00:00.055000+00:00,1000.6127259647277
2025-09-17 12:00:00.040000+00:00,1000.6393170647277
2025-09-17 13:00:00.061000+00:00,1000.6647844647277
2025-09-17 14:00:00.016000+00:00,1000.6869034647277
2025-09-17 15:00:00.015000+00:00,1000.7145156647277
2025-09-17 16:00:00.001000+00:00,1000.7414317647277
2025-09-17 17:00:00.085000+00:00,1000.7634945647277
2025-09-17 18:00:00.038000+00:00,1000.7759945647277
2025-09-17 19:00:00.017000+00:00,1000.7955149647278
2025-09-17 20:00:00.076000+00:00,1000.8080149647278
2025-09-17 21:00:00.089000+00:00,1000.8205149647279
2025-09-17 22:00:00.039000+00:00,1000.8330149647279
2025-09-17 23:00:00.061000+00:00,1000.8479564647279
2025-09-18 00:00:00.010000+00:00,1000.8604564647279
2025-09-18 01:00:00.065000+00:00,1000.872956464728
2025-09-18 02:00:00.072000+00:00,1000.885456464728
2025-09-18 03:00:00.061000+00:00,1000.897956464728
2025-09-18 04:00:00.067000+00:00,1000.9104564647281
2025-09-18 05:00:00.024000+00:00,1000.9229564647281
2025-09-18 06:00:00.022000+00:00,1000.9354564647282
2025-09-18 07:00:00.030000+00:00,1000.9479564647282
2025-09-18 08:00:00.017000+00:00,1000.9604564647283
2025-09-18 09:00:00.056000+00:00,1000.9730824647282
2025-09-18 10:00:00.033000+00:00,1000.9855824647283
2025-09-18 11:00:00.053000+00:00,1000.9980824647283
2025-09-18 12:00:00.068000+00:00,1001.0105824647284
2025-09-18 13:00:00.082000+00:00,1001.0230824647284
2025-09-18 14:00:00.008000+00:00,1001.0355824647285
2025-09-18 15:00:00.185000+00:00,1001.0480824647285
2025-09-18 16:00:00.048000+00:00,1001.0605824647286
2025-09-18 17:00:00.100000+00:00,1001.0730824647286
2025-09-18 18:00:00.087000+00:00,1001.0855824647286
2025-09-18 19:00:00.062000+00:00,1001.0980824647287
2025-09-18 20:00:00.010000+00:00,1001.1301002647286
2025-09-18 21:00:00.001000+00:00,1001.1569678647286
2025-09-18 22:00:00.021000+00:00,1001.1694678647286
2025-09-18 23:00:00.114000+00:00,1001.1945280647286
2025-09-19 00:00:00.070000+00:00,1001.2374060647286
2025-09-19 01:00:00.048000+00:00,1001.2668577647286
2025-09-19 02:00:00.098000+00:00,1001.2856647647286
2025-09-19 03:00:00.047000+00:00,1001.3031046647286
2025-09-19 04:00:00.064000+00:00,1001.3156046647287
2025-09-19 05:00:00.018000+00:00,1001.3440936647287
2025-09-19 06:00:00.076000+00:00,1001.3801455647287
2025-09-19 07:00:00.001000+00:00,1001.4212448647287
2025-09-19 08:00:00.030000+00:00,1001.4438016647287
2025-09-19 09:00:00.109000+00:00,1001.4695038647286
2025-09-19 10:00:00.042000+00:00,1001.4889722647287
2025-09-19 11:00:00.063000+00:00,1001.5040530647286
2025-09-19 12:00:00.001000+00:00,1001.5315035647286
2025-09-19 13:00:00.038000+00:00,1001.5457339647286
2025-09-19 14:00:00.041000+00:00,1001.5687724647286
2025-09-19 15:00:00.012000+00:00,1001.5946065647286
2025-09-19 16:00:00.032000+00:00,1001.6332251647285
2025-09-19 17:00:00.052000+00:00,1001.6726787647285
2025-09-19 18:00:00.047000+00:00,1001.7061890647285
2025-09-19 19:00:00.049000+00:00,1001.7390134647285
2025-09-19 20:00:00.023000+00:00,1001.7910192647284
2025-09-19 21:00:00.022000+00:00,1001.8528571647284
2025-09-19 22:00:00.053000+00:00,1001.9015935647285
2025-09-19 23:00:00.020000+00:00,1001.9445215647285
2025-09-20 00:00:00.068000+00:00,1001.9772530647284
2025-09-20 01:00:00.039000+00:00,1002.0069048647284
2025-09-20 02:00:00.064000+00:00,1002.0318743647284
2025-09-20 03:00:00.060000+00:00,1002.0542086647284
2025-09-20 04:00:00.045000+00:00,1002.0670255647284
2025-09-20 05:00:00.047000+00:00,1002.0831924647284
2025-09-20 06:00:00.066000+00:00,1002.0956924647285
2025-09-20 07:00:00.027000+00:00,1002.1081924647285
2025-09-20 08:00:00.039000+00:00,1002.1206924647286
2025-09-20 09:00:00.037000+00:00,1002.1331924647286
2025-09-20 10:00:00.045000+00:00,1002.1456924647287
2025-09-20 11:00:00.029000+00:00,1002.1581924647287
2025-09-20 12:00:00.058000+00:00,1002.1706924647287
2025-09-20 13:00:00.066000+00:00,1002.1831924647288
2025-09-20 14:00:00.052000+00:00,1002.1956924647288
2025-09-20 15:00:00.015000+00:00,1002.2081924647289
2025-09-20 16:00:00.082000+00:00,1002.2206924647289
2025-09-20 17:00:00.089000+00:00,1002.233192464729
2025-09-20 18:00:00.108000+00:00,1002.245692464729
2025-09-20 19:00:00.077000+00:00,1002.2581924647291
2025-09-20 20:00:00.086000+00:00,1002.2706924647291
2025-09-20 21:00:00.062000+00:00,1002.2831924647292
2025-09-20 22:00:00.039000+00:00,1002.2956924647292
2025-09-20 23:00:00.039000+00:00,1002.3081924647292
2025-09-21 00:00:00.041000+00:00,1002.3206924647293
2025-09-21 01:00:00.054000+00:00,1002.3331924647293
2025-09-21 02:00:00.091000+00:00,1002.3456924647294
2025-09-21 03:00:00.037000+00:00,1002.3581924647294
2025-09-21 04:00:00.092000+00:00,1002.3706924647295
2025-09-21 05:00:00.037000+00:00,1002.3844038647295
2025-09-21 06:00:00.033000+00:00,1002.3969038647296
2025-09-21 07:00:00.060000+00:00,1002.4121596647295
2025-09-21 08:00:00.018000+00:00,1002.4281385647296
2025-09-21 09:00:00.030000+00:00,1002.4406385647296
2025-09-21 10:00:00.048000+00:00,1002.4531385647297
2025-09-21 11:00:00.031000+00:00,1002.4656385647297
2025-09-21 12:00:00.050000+00:00,1002.4781385647298
2025-09-21 13:00:00.064000+00:00,1002.4912624647297
2025-09-21 14:00:00.056000+00:00,1002.5037624647298
2025-09-21 15:00:00.069000+00:00,1002.5162624647298
2025-09-21 16:00:00.028000+00:00,1002.5287624647299
2025-09-21 17:00:00.007000+00:00,1002.5412624647299
2025-09-21 18:00:00.002000+00:00,1002.55376246473
2025-09-21 19:00:00.108000+00:00,1002.56626246473
2025-09-21 20:00:00.107000+00:00,1002.5787624647301
2025-09-21 21:00:00.032000+00:00,1002.5912624647301
2025-09-21 22:00:00.091000+00:00,1002.6037624647302
2025-09-21 23:00:00.106000+00:00,1002.6162624647302
2025-09-22 00:00:00.090000+00:00,1002.6287624647302
2025-09-22 01:00:00.068000+00:00,1002.6412624647303
2025-09-22 02:00:00+00:00,1002.6537624647303
2025-09-22 03:00:00.040000+00:00,1002.6662624647304
2025-09-22 04:00:00.033000+00:00,1002.6787624647304
2025-09-22 05:00:00.062000+00:00,1002.6912624647305
2025-09-22 06:00:00.095000+00:00,1002.7037624647305
2025-09-22 07:00:00.026000+00:00,1002.7162624647306
2025-09-22 08:00:00.036000+00:00,1002.7287624647306
2025-09-22 09:00:00.021000+00:00,1002.7412624647307
2025-09-22 10:00:00.097000+00:00,1002.7537624647307
2025-09-22 11:00:00.090000+00:00,1002.7662624647307
2025-09-22 12:00:00.057000+00:00,1002.7787624647308
2025-09-22 13:00:00.008000+00:00,1002.7912624647308
2025-09-22 14:00:00.074000+00:00,1002.8037624647309
2025-09-22 15:00:00.010000+00:00,1002.8162624647309
2025-09-22 16:00:00.001000+00:00,1002.828762464731
2025-09-22 17:00:00.106000+00:00,1002.841262464731
2025-09-22 18:00:00.026000+00:00,1002.8537624647311
2025-09-22 19:00:00.058000+00:00,1002.8662624647311
2025-09-22 20:00:00.076000+00:00,1002.8787624647312
2025-09-22 21:00:00.091000+00:00,1002.8912624647312
2025-09-22 22:00:00.056000+00:00,1002.9037624647312
2025-09-22 23:00:00.030000+00:00,1002.9162624647313
2025-09-23 00:00:00.047000+00:00,1002.9287624647313
2025-09-23 01:00:00.005000+00:00,1002.9412624647314
2025-09-23 02:00:00.101000+00:00,1002.9537624647314
2025-09-23 03:00:00.062000+00:00,1002.9662624647315
2025-09-23 04:00:00.013000+00:00,1002.9787624647315
2025-09-23 05:00:00.077000+00:00,1002.9912624647316
2025-09-23 06:00:00.005000+00:00,1003.0037624647316
2025-09-23 07:00:00.003000+00:00,1003.0162624647317
2025-09-23 08:00:00.038000+00:00,1003.0287624647317
2025-09-23 09:00:00.072000+00:00,1003.0412624647317
2025-09-23 10:00:00.042000+00:00,1003.0537624647318
2025-09-23 11:00:00.022000+00:00,1003.0662624647318
2025-09-23 12:00:00.009000+00:00,1003.0787624647319
2025-09-23 13:00:00.046000+00:00,1003.0912624647319
2025-09-23 14:00:00.106000+00:00,1003.103762464732
2025-09-23 15:00:00.055000+00:00,1003.116262464732
2025-09-23 16:00:00.051000+00:00,1003.1287624647321
2025-09-23 17:00:00.043000+00:00,1003.1412624647321
2025-09-23 18:00:00.083000+00:00,1003.1537624647322
2025-09-23 19:00:00.011000+00:00,1003.1662624647322
2025-09-23 20:00:00.002000+00:00,1003.1787624647322
2025-09-23 21:00:00.028000+00:00,1003.1912624647323
2025-09-23 22:00:00.031000+00:00,1003.2037624647323
2025-09-23 23:00:00.001000+00:00,1003.2097495647323
2025-09-24 00:00:00.067000+00:00,1003.2182132647323
2025-09-24 01:00:00.042000+00:00,1003.2307132647323
2025-09-24 02:00:00.101000+00:00,1003.2432132647324
2025-09-24 03:00:00.031000+00:00,1003.2557132647324
2025-09-24 04:00:00.022000+00:00,1003.2630965647325
2025-09-24 05:00:00.088000+00:00,1003.2709250647324
2025-09-24 06:00:00.049000+00:00,1003.2834250647325
2025-09-24 07:00:00.062000+00:00,1003.2959250647325
2025-09-24 08:00:00.052000+00:00,1003.3069657647325
2025-09-24 09:00:00.014000+00:00,1003.3194657647325
2025-09-24 10:00:00.083000+00:00,1003.3319657647326
2025-09-24 11:00:00.025000+00:00,1003.3444657647326
2025-09-24 12:00:00.029000+00:00,1003.3569657647326
2025-09-24 13:00:00.014000+00:00,1003.3694657647327
2025-09-24 14:00:00.029000+00:00,1003.3819657647327
2025-09-24 15:00:00.013000+00:00,1003.3944657647328
2025-09-24 16:00:00.040000+00:00,1003.4069657647328
2025-09-24 17:00:00.098000+00:00,1003.4194657647329
2025-09-24 18:00:00.052000+00:00,1003.4319657647329
2025-09-24 19:00:00.007000+00:00,1003.444465764733
2025-09-24 20:00:00.014000+00:00,1003.456965764733
2025-09-24 21:00:00.070000+00:00,1003.4694657647331
2025-09-24 22:00:00.049000+00:00,1003.4819657647331
2025-09-24 23:00:00.021000+00:00,1003.4944657647331
2025-09-25 00:00:00.226000+00:00,1003.5069657647332
2025-09-25 01:00:00.067000+00:00,1003.5194657647332
2025-09-25 02:00:00.028000+00:00,1003.5319657647333
2025-09-25 03:00:00.070000+00:00,1003.5444657647333
2025-09-25 04:00:00.049000+00:00,1003.5442166647333
2025-09-25 05:00:00.054000+00:00,1003.5356041647333
2025-09-25 06:00:00.001000+00:00,1003.5409229647333
2025-09-25 07:00:00.049000+00:00,1003.5429492647334
2025-09-25 08:00:00.077000+00:00,1003.5554492647334
2025-09-25 09:00:00.034000+00:00,1003.5679492647334
2025-09-25 10:00:00.004000+00:00,1003.5804492647335
2025-09-25 11:00:00.011000+00:00,1003.5838817647335
2025-09-25 12:00:00.048000+00:00,1003.5815687647336
2025-09-25 13:00:00.068000+00:00,1003.5618613647335
2025-09-25 14:00:00.103000+00:00,1003.5499026647335
2025-09-25 15:00:00.006000+00:00,1003.5477076647335
2025-09-25 16:00:00.033000+00:00,1003.5333566647334
2025-09-25 17:00:00.026000+00:00,1003.5121038647335
2025-09-25 18:00:00.017000+00:00,1003.4910448647335
2025-09-25 19:00:00.029000+00:00,997.9787671976713
2025-09-25 20:00:00.011000+00:00,997.9787671976713
2025-09-25 21:00:00.060000+00:00,997.9787671976713
2025-09-25 22:00:00.062000+00:00,997.9787671976713
2025-09-25 23:00:00.051000+00:00,997.9787671976713
2025-09-26 00:00:00.107000+00:00,997.9787671976713
2025-09-26 01:00:00.013000+00:00,997.9787671976713
2025-09-26 02:00:00.031000+00:00,997.9787671976713
2025-09-26 03:00:00.020000+00:00,997.9787671976713
2025-09-26 04:00:00.087000+00:00,997.9787671976713
2025-09-26 05:00:00.086000+00:00,997.9787671976713
2025-09-26 06:00:00.023000+00:00,997.9787671976713
2025-09-26 07:00:00.012000+00:00,997.9787671976713
2025-09-26 08:00:00.009000+00:00,997.9787671976713
2025-09-26 09:00:00.095000+00:00,997.9787671976713
2025-09-26 10:00:00.012000+00:00,997.9787671976713
2025-09-26 11:00:00.010000+00:00,997.9787671976713
2025-09-26 12:00:00.071000+00:00,997.9787671976713
2025-09-26 13:00:00.053000+00:00,997.9787671976713
2025-09-26 14:00:00.002000+00:00,997.9787671976713
2025-09-26 15:00:00.060000+00:00,997.9787671976713
2025-09-26 16:00:00.048000+00:00,997.9787671976713
2025-09-26 17:00:00.062000+00:00,997.9787671976713
2025-09-26 18:00:00.108000+00:00,997.9787671976713
2025-09-26 19:00:00.105000+00:00,997.9787671976713
2025-09-26 20:00:00.024000+00:00,997.9787671976713
2025-09-26 21:00:00.002000+00:00,997.9787671976713
2025-09-26 22:00:00.024000+00:00,997.9787671976713
2025-09-26 23:00:00.029000+00:00,997.9787671976713
2025-09-27 00:00:00.099000+00:00,997.9787671976713
2025-09-27 01:00:00.050000+00:00,997.9787671976713
2025-09-27 02:00:00.019000+00:00,997.9787671976713
2025-09-27 03:00:00.048000+00:00,997.9787671976713
2025-09-27 04:00:00.008000+00:00,997.9787671976713
2025-09-27 05:00:00.029000+00:00,997.9787671976713
2025-09-27 06:00:00.028000+00:00,997.9787671976713
2025-09-27 07:00:00.002000+00:00,997.9787671976713
2025-09-27 08:00:00.051000+00:00,997.9787671976713
2025-09-27 09:00:00.004000+00:00,997.9787671976713
2025-09-27 10:00:00.021000+00:00,997.9787671976713
2025-09-27 11:00:00.013000+00:00,997.9787671976713
2025-09-27 12:00:00.078000+00:00,997.9787671976713
2025-09-27 13:00:00.060000+00:00,997.9787671976713
2025-09-27 14:00:00.030000+00:00,997.9787671976713
2025-09-27 15:00:00.062000+00:00,997.9787671976713
2025-09-27 16:00:00.007000+00:00,997.9787671976713
2025-09-27 17:00:00.005000+00:00,997.9787671976713
2025-09-27 18:00:00.024000+00:00,997.9787671976713
2025-09-27 19:00:00.061000+00:00,997.9787671976713
2025-09-27 20:00:00.008000+00:00,997.9787671976713
2025-09-27 21:00:00.004000+00:00,997.9787671976713
2025-09-27 22:00:00.086000+00:00,997.9787671976713
2025-09-27 23:00:00.005000+00:00,997.9787671976713
2025-09-28 00:00:00.025000+00:00,997.9787671976713
2025-09-28 01:00:00.028000+00:00,997.9787671976713
2025-09-28 02:00:00.035000+00:00,997.9787671976713
2025-09-28 03:00:00.010000+00:00,997.9787671976713
2025-09-28 04:00:00.061000+00:00,997.9787671976713
2025-09-28 05:00:00.013000+00:00,997.9787671976713
2025-09-28 06:00:00.111000+00:00,997.9787671976713
2025-09-28 07:00:00.049000+00:00,997.9787671976713
2025-09-28 08:00:00.007000+00:00,997.9787671976713
2025-09-28 09:00:00.040000+00:00,997.9787671976713
2025-09-28 10:00:00.027000+00:00,997.9787671976713
2025-09-28 11:00:00.011000+00:00,997.9787671976713
2025-09-28 12:00:00.071000+00:00,997.9787671976713
2025-09-28 13:00:00.011000+00:00,997.9787671976713
2025-09-28 14:00:00.050000+00:00,997.9787671976713
2025-09-28 15:00:00.065000+00:00,997.9787671976713
2025-09-28 16:00:00.022000+00:00,997.9787671976713
2025-09-28 17:00:00.040000+00:00,997.9787671976713
2025-09-28 18:00:00.027000+00:00,997.9787671976713
2025-09-28 19:00:00.127000+00:00,997.9787671976713
2025-09-28 20:00:00.004000+00:00,997.9787671976713
2025-09-28 21:00:00.011000+00:00,997.9787671976713
2025-09-28 22:00:00.035000+00:00,997.9787671976713
2025-09-28 23:00:00.053000+00:00,997.9787671976713
2025-09-29 00:00:00.006000+00:00,997.9787671976713
2025-09-29 01:00:00.022000+00:00,997.9787671976713
2025-09-29 02:00:00.111000+00:00,997.9787671976713
2025-09-29 03:00:00.011000+00:00,997.9787671976713
2025-09-29 04:00:00.017000+00:00,997.9787671976713
2025-09-29 05:00:00.062000+00:00,997.9787671976713
2025-09-29 06:00:00.090000+00:00,997.9787671976713
2025-09-29 07:00:00.062000+00:00,997.9787671976713
2025-09-29 08:00:00.058000+00:00,997.9787671976713
2025-09-29 09:00:00.034000+00:00,997.9787671976713
2025-09-29 10:00:00.007000+00:00,997.9787671976713
2025-09-29 11:00:00.002000+00:00,997.9787671976713
2025-09-29 12:00:00.045000+00:00,997.9787671976713
2025-09-29 13:00:00.066000+00:00,997.9787671976713
2025-09-29 14:00:00.081000+00:00,997.9787671976713
2025-09-29 15:00:00.027000+00:00,997.9787671976713
2025-09-29 16:00:00.050000+00:00,997.9787671976713
2025-09-29 17:00:00.145000+00:00,997.9787671976713
2025-09-29 18:00:00.077000+00:00,997.9787671976713
2025-09-29 19:00:00.082000+00:00,997.9787671976713
2025-09-29 20:00:00.048000+00:00,997.9787671976713
2025-09-29 21:00:00.054000+00:00,997.9787671976713
2025-09-29 22:00:00.018000+00:00,997.9787671976713
2025-09-29 23:00:00.050000+00:00,997.9787671976713
2025-09-30 00:00:00.020000+00:00,997.9787671976713
2025-09-30 01:00:00.079000+00:00,997.9787671976713
2025-09-30 02:00:00.029000+00:00,997.9787671976713
2025-09-30 03:00:00.090000+00:00,997.9787671976713
2025-09-30 04:00:00.014000+00:00,997.9787671976713
2025-09-30 05:00:00.051000+00:00,997.9787671976713
2025-09-30 06:00:00.040000+00:00,997.9787671976713
2025-09-30 07:00:00.009000+00:00,997.9787671976713
2025-09-30 08:00:00.064000+00:00,997.9787671976713
2025-09-30 09:00:00.034000+00:00,997.9787671976713
2025-09-30 10:00:00.033000+00:00,997.9787671976713
2025-09-30 11:00:00.021000+00:00,997.9787671976713
2025-09-30 12:00:00.050000+00:00,997.9787671976713
2025-09-30 13:00:00.009000+00:00,997.9787671976713
2025-09-30 14:00:00.020000+00:00,997.9787671976713
2025-09-30 15:00:00+00:00,997.9787671976713
2025-09-30 16:00:00.051000+00:00,997.9787671976713
2025-09-30 17:00:00.008000+00:00,997.9787671976713
2025-09-30 18:00:00.069000+00:00,997.9787671976713
2025-09-30 19:00:00.040000+00:00,997.9787671976713
2025-09-30 20:00:00.043000+00:00,997.9787671976713
2025-09-30 21:00:00.030000+00:00,997.9787671976713
2025-09-30 22:00:00.021000+00:00,997.9787671976713
2025-09-30 23:00:00.007000+00:00,997.9787671976713
2025-10-01 00:00:00.098000+00:00,997.9787671976713
2025-10-01 01:00:00.054000+00:00,997.9787671976713
2025-10-01 02:00:00.041000+00:00,997.9787671976713
2025-10-01 03:00:00.042000+00:00,997.9787671976713
2025-10-01 04:00:00.054000+00:00,997.9787671976713
2025-10-01 05:00:00.012000+00:00,997.9787671976713
2025-10-01 06:00:00.068000+00:00,997.9787671976713
2025-10-01 07:00:00.008000+00:00,997.9787671976713
2025-10-01 08:00:00.041000+00:00,997.9787671976713
2025-10-01 09:00:00.031000+00:00,997.9787671976713
2025-10-01 10:00:00.020000+00:00,997.9787671976713
2025-10-01 11:00:00.030000+00:00,997.9787671976713
2025-10-01 12:00:00.021000+00:00,997.9787671976713
2025-10-01 13:00:00.045000+00:00,997.9787671976713
2025-10-01 14:00:00.081000+00:00,997.9787671976713
2025-10-01 15:00:00.109000+00:00,997.9787671976713
2025-10-01 16:00:00.038000+00:00,997.9787671976713
2025-10-01 17:00:00.083000+00:00,997.9787671976713
2025-10-01 18:00:00.062000+00:00,997.9787671976713
2025-10-01 19:00:00.083000+00:00,997.9787671976713
2025-10-01 20:00:00.086000+00:00,997.9787671976713
2025-10-01 21:00:00.026000+00:00,997.9787671976713
2025-10-01 22:00:00.034000+00:00,997.9787671976713
2025-10-01 23:00:00+00:00,997.9787671976713
2025-10-02 00:00:00.016000+00:00,997.9787671976713
2025-10-02 01:00:00.056000+00:00,997.9787671976713
2025-10-02 02:00:00.057000+00:00,997.9787671976713
2025-10-02 03:00:00.013000+00:00,997.9787671976713
2025-10-02 04:00:00.018000+00:00,997.9787671976713
2025-10-02 05:00:00.005000+00:00,997.9787671976713
2025-10-02 06:00:00.017000+00:00,997.9787671976713
2025-10-02 07:00:00.027000+00:00,997.9787671976713
2025-10-02 08:00:00.063000+00:00,997.9787671976713
2025-10-02 09:00:00.005000+00:00,997.9787671976713
2025-10-02 10:00:00.024000+00:00,997.9787671976713
2025-10-02 11:00:00.016000+00:00,997.9787671976713
2025-10-02 12:00:00.036000+00:00,997.9787671976713
2025-10-02 13:00:00.057000+00:00,997.9787671976713
2025-10-02 14:00:00.020000+00:00,997.9787671976713
2025-10-02 15:00:00.057000+00:00,997.9787671976713
2025-10-02 16:00:00.033000+00:00,997.9787671976713
2025-10-02 17:00:00.014000+00:00,997.9787671976713
2025-10-02 18:00:00.012000+00:00,997.9787671976713
2025-10-02 19:00:00.040000+00:00,997.9787671976713
2025-10-02 20:00:00.064000+00:00,997.9787671976713
2025-10-02 21:00:00.025000+00:00,997.9787671976713
2025-10-02 22:00:00.095000+00:00,997.9787671976713
2025-10-02 23:00:00.006000+00:00,997.9787671976713
2025-10-03 00:00:00.008000+00:00,997.9787671976713
2025-10-03 01:00:00.071000+00:00,997.9787671976713
2025-10-03 02:00:00.012000+00:00,997.9787671976713
2025-10-03 03:00:00.017000+00:00,997.9787671976713
2025-10-03 04:00:00.028000+00:00,997.9787671976713
2025-10-03 05:00:00.069000+00:00,997.9787671976713
2025-10-03 06:00:00.014000+00:00,997.9787671976713
2025-10-03 07:00:00.070000+00:00,997.9787671976713
2025-10-03 08:00:00.028000+00:00,997.9787671976713
2025-10-03 09:00:00.073000+00:00,997.9787671976713
2025-10-03 10:00:00.007000+00:00,997.9787671976713
2025-10-03 11:00:00.007000+00:00,997.9787671976713
2025-10-03 12:00:00.020000+00:00,997.9787671976713
2025-10-03 13:00:00.015000+00:00,997.9787671976713
2025-10-03 14:00:00.013000+00:00,997.9787671976713
2025-10-03 15:00:00.033000+00:00,997.9787671976713
2025-10-03 16:00:00.030000+00:00,997.9787671976713
2025-10-03 17:00:00.016000+00:00,997.9787671976713
2025-10-03 18:00:00.018000+00:00,997.9787671976713
2025-10-03 19:00:00.105000+00:00,997.9787671976713
2025-10-03 20:00:00.048000+00:00,997.9787671976713
2025-10-03 21:00:00.197000+00:00,997.9787671976713
2025-10-03 22:00:00.055000+00:00,997.9787671976713
2025-10-03 23:00:00.035000+00:00,997.9787671976713
2025-10-04 00:00:00.006000+00:00,997.9787671976713
2025-10-04 01:00:00.026000+00:00,997.9787671976713
2025-10-04 02:00:00.070000+00:00,997.9787671976713
2025-10-04 03:00:00.062000+00:00,997.9787671976713
2025-10-04 04:00:00.046000+00:00,997.9787671976713
2025-10-04 05:00:00.098000+00:00,997.9787671976713
2025-10-04 06:00:00.044000+00:00,997.9787671976713
2025-10-04 07:00:00.112000+00:00,997.9787671976713
2025-10-04 08:00:00.019000+00:00,997.9787671976713
2025-10-04 09:00:00.059000+00:00,997.9787671976713
2025-10-04 10:00:00.014000+00:00,997.9787671976713
2025-10-04 11:00:00.010000+00:00,997.9787671976713
2025-10-04 12:00:00.009000+00:00,997.9787671976713
2025-10-04 13:00:00.001000+00:00,997.9787671976713
2025-10-04 14:00:00.055000+00:00,997.9787671976713
2025-10-04 15:00:00.060000+00:00,997.9787671976713
2025-10-04 16:00:00.016000+00:00,997.9787671976713
2025-10-04 17:00:00.068000+00:00,997.9787671976713
2025-10-04 18:00:00.073000+00:00,997.9787671976713
2025-10-04 19:00:00+00:00,997.9787671976713
2025-10-04 20:00:00.015000+00:00,997.9787671976713
2025-10-04 21:00:00.073000+00:00,997.9787671976713
2025-10-04 22:00:00.047000+00:00,997.9787671976713
2025-10-04 23:00:00.018000+00:00,997.9787671976713
2025-10-05 00:00:00.101000+00:00,997.9787671976713
2025-10-05 01:00:00.062000+00:00,997.9787671976713
2025-10-05 02:00:00.055000+00:00,997.9787671976713
2025-10-05 03:00:00.033000+00:00,997.9787671976713
2025-10-05 04:00:00.041000+00:00,997.9787671976713
2025-10-05 05:00:00.084000+00:00,997.9787671976713
2025-10-05 06:00:00.055000+00:00,997.9787671976713
2025-10-05 07:00:00.050000+00:00,997.9787671976713
2025-10-05 08:00:00.014000+00:00,997.9787671976713
2025-10-05 09:00:00.033000+00:00,997.9787671976713
2025-10-05 10:00:00.043000+00:00,997.9787671976713
2025-10-05 11:00:00.002000+00:00,997.9787671976713
2025-10-05 12:00:00.050000+00:00,997.9787671976713
2025-10-05 13:00:00.081000+00:00,997.9787671976713
2025-10-05 14:00:00.121000+00:00,997.9787671976713
2025-10-05 15:00:00.088000+00:00,997.9787671976713
2025-10-05 16:00:00.047000+00:00,997.9787671976713
2025-10-05 17:00:00.035000+00:00,997.9787671976713
2025-10-05 18:00:00.062000+00:00,997.9787671976713
2025-10-05 19:00:00.032000+00:00,997.9787671976713
2025-10-05 20:00:00.084000+00:00,997.9787671976713
2025-10-05 21:00:00.108000+00:00,997.9787671976713
2025-10-05 22:00:00.050000+00:00,997.9787671976713
2025-10-05 23:00:00.071000+00:00,997.9787671976713
2025-10-06 00:00:00.043000+00:00,997.9787671976713
2025-10-06 01:00:00.027000+00:00,997.9787671976713
2025-10-06 02:00:00.023000+00:00,997.9787671976713
2025-10-06 03:00:00.082000+00:00,997.9787671976713
2025-10-06 04:00:00.091000+00:00,997.9787671976713
2025-10-06 05:00:00.019000+00:00,997.9787671976713
2025-10-06 06:00:00.111000+00:00,997.9787671976713
2025-10-06 07:00:00.032000+00:00,997.9787671976713
2025-10-06 08:00:00.097000+00:00,997.9787671976713
2025-10-06 09:00:00.055000+00:00,997.9787671976713
2025-10-06 10:00:00.016000+00:00,997.9787671976713
2025-10-06 11:00:00.026000+00:00,997.9787671976713
2025-10-06 12:00:00.074000+00:00,997.9787671976713
2025-10-06 13:00:00.017000+00:00,997.9787671976713
2025-10-06 14:00:00.005000+00:00,997.9787671976713
2025-10-06 15:00:00.043000+00:00,997.9787671976713
2025-10-06 16:00:00.064000+00:00,997.9787671976713
2025-10-06 17:00:00.051000+00:00,997.9787671976713
2025-10-06 18:00:00.087000+00:00,997.9787671976713
2025-10-06 19:00:00.084000+00:00,997.9787671976713
2025-10-06 20:00:00.023000+00:00,997.9787671976713
2025-10-06 21:00:00.015000+00:00,997.9787671976713
2025-10-06 22:00:00.075000+00:00,997.9787671976713
2025-10-06 23:00:00.068000+00:00,997.9787671976713
2025-10-07 00:00:00.002000+00:00,997.9787671976713
2025-10-07 01:00:00.012000+00:00,997.9787671976713
2025-10-07 02:00:00.064000+00:00,997.9787671976713
2025-10-07 03:00:00.050000+00:00,997.9787671976713
2025-10-07 04:00:00.039000+00:00,997.9787671976713
2025-10-07 05:00:00.032000+00:00,997.9787671976713
2025-10-07 06:00:00.019000+00:00,997.9787671976713
2025-10-07 07:00:00.042000+00:00,997.9787671976713
2025-10-07 08:00:00.014000+00:00,997.9787671976713
2025-10-07 09:00:00.010000+00:00,997.9787671976713
2025-10-07 10:00:00.059000+00:00,997.9787671976713
2025-10-07 11:00:00.022000+00:00,997.9787671976713
2025-10-07 12:00:00+00:00,997.9787671976713
2025-10-07 13:00:00.076000+00:00,997.9787671976713
2025-10-07 14:00:00.138000+00:00,997.9787671976713
2025-10-07 15:00:00.114000+00:00,992.4805348306093
2025-10-07 16:00:00.069000+00:00,992.5045133306093
2025-10-07 17:00:00.026000+00:00,992.5319607306093
2025-10-07 18:00:00.077000+00:00,992.5503365306092
2025-10-07 19:00:00.033000+00:00,992.5722223306092
2025-10-07 20:00:00.006000+00:00,992.5955892306092
2025-10-07 21:00:00.062000+00:00,992.6334455306093
2025-10-07 22:00:00.055000+00:00,992.6674246306093
2025-10-07 23:00:00.098000+00:00,992.6945167306093
2025-10-08 00:00:00.010000+00:00,992.7070167306093
2025-10-08 01:00:00.133000+00:00,992.7195273306094
2025-10-08 02:00:00.028000+00:00,992.7320273306094
2025-10-08 03:00:00.068000+00:00,992.7477802306095
2025-10-08 04:00:00.019000+00:00,992.7602802306095
2025-10-08 05:00:00.056000+00:00,992.7727802306096
2025-10-08 06:00:00.002000+00:00,992.7852802306096
2025-10-08 07:00:00.022000+00:00,992.7977802306096
2025-10-08 08:00:00.026000+00:00,992.8102802306097
2025-10-08 09:00:00.065000+00:00,992.8266498306097
2025-10-08 10:00:00.019000+00:00,992.8391498306097
2025-10-08 11:00:00.005000+00:00,992.8516498306097
2025-10-08 12:00:00.108000+00:00,992.8641498306098
2025-10-08 13:00:00.001000+00:00,992.8891520306098
2025-10-08 14:00:00.002000+00:00,992.9168366306099
2025-10-08 15:00:00.058000+00:00,992.9331128306098
2025-10-08 16:00:00.119000+00:00,992.9456128306099
2025-10-08 17:00:00.028000+00:00,992.9581128306099
2025-10-08 18:00:00.105000+00:00,992.9911990306099
2025-10-08 19:00:00.018000+00:00,993.0177991306099
2025-10-08 20:00:00.072000+00:00,993.0404748306099
2025-10-08 21:00:00.085000+00:00,993.0590457306099
2025-10-08 22:00:00.055000+00:00,993.0776627306099
2025-10-08 23:00:00.039000+00:00,993.1014440306099
2025-10-09 00:00:00.053000+00:00,993.1262387306099
2025-10-09 01:00:00.011000+00:00,993.1387387306099
2025-10-09 02:00:00.038000+00:00,993.15123873061
2025-10-09 03:00:00.020000+00:00,993.16373873061
2025-10-09 04:00:00.064000+00:00,993.1762387306101
2025-10-09 05:00:00.076000+00:00,993.1887387306101
2025-10-09 06:00:00.013000+00:00,993.2012387306102
2025-10-09 07:00:00.036000+00:00,993.2137387306102
2025-10-09 08:00:00.110000+00:00,993.2262387306102
2025-10-09 09:00:00.028000+00:00,993.2387387306103
2025-10-09 10:00:00.032000+00:00,993.2512387306103
2025-10-09 11:00:00.052000+00:00,993.2637387306104
2025-10-09 12:00:00.015000+00:00,993.2762387306104
2025-10-09 13:00:00.011000+00:00,993.2887387306105
2025-10-09 14:00:00.037000+00:00,993.3012387306105
2025-10-09 15:00:00.074000+00:00,993.3137387306106
2025-10-09 16:00:00.019000+00:00,993.3262387306106
2025-10-09 17:00:00.013000+00:00,993.3387387306107
2025-10-09 18:00:00.077000+00:00,993.3512387306107
2025-10-09 19:00:00.013000+00:00,993.3637387306107
2025-10-09 20:00:00.003000+00:00,993.3762387306108
2025-10-09 21:00:00.009000+00:00,993.3887387306108
2025-10-09 22:00:00.078000+00:00,993.4012387306109
2025-10-09 23:00:00.084000+00:00,993.4137387306109
2025-10-10 00:00:00.017000+00:00,993.426238730611
2025-10-10 01:00:00.038000+00:00,993.438738730611
2025-10-10 02:00:00.022000+00:00,993.4512387306111
2025-10-10 03:00:00.040000+00:00,993.4637387306111
2025-10-10 04:00:00.008000+00:00,993.4762387306112
2025-10-10 05:00:00.082000+00:00,993.4887387306112
2025-10-10 06:00:00.013000+00:00,993.5012387306112
2025-10-10 07:00:00.056000+00:00,993.5137387306113
2025-10-10 08:00:00.014000+00:00,993.5262387306113
2025-10-10 09:00:00.012000+00:00,993.5387387306114
2025-10-10 10:00:00.089000+00:00,993.5512387306114
2025-10-10 11:00:00.035000+00:00,993.5637387306115
2025-10-10 12:00:00.023000+00:00,993.5762387306115
2025-10-10 13:00:00.059000+00:00,993.5887387306116
2025-10-10 14:00:00.055000+00:00,993.6012387306116
2025-10-10 15:00:00.072000+00:00,993.6137387306117
2025-10-10 16:00:00.042000+00:00,993.6262387306117
2025-10-10 17:00:00.040000+00:00,993.6387387306117
2025-10-10 18:00:00.009000+00:00,993.6512387306118
2025-10-10 19:00:00.032000+00:00,993.6637387306118
2025-10-10 20:00:00.062000+00:00,993.6762387306119
2025-10-10 21:00:00.014000+00:00,993.6887387306119
2025-10-10 22:00:00.084000+00:00,991.637327930612
2025-10-10 23:00:00.035000+00:00,986.1250502635498
2025-10-11 00:00:00.023000+00:00,986.1250502635498
2025-10-11 01:00:00.034000+00:00,986.1250502635498
2025-10-11 02:00:00.015000+00:00,986.1250502635498
2025-10-11 03:00:00.003000+00:00,986.1250502635498
2025-10-11 04:00:00.016000+00:00,986.1250502635498
2025-10-11 05:00:00.063000+00:00,986.1250502635498
2025-10-11 06:00:00.153000+00:00,986.1250502635498
2025-10-11 07:00:00.073000+00:00,986.1250502635498
2025-10-11 08:00:00.013000+00:00,986.1250502635498
2025-10-11 09:00:00.050000+00:00,986.1250502635498
2025-10-11 10:00:00.034000+00:00,986.1250502635498
2025-10-11 11:00:00.019000+00:00,986.1250502635498
2025-10-11 12:00:00.084000+00:00,986.1250502635498
2025-10-11 13:00:00.002000+00:00,986.1250502635498
2025-10-11 14:00:00.014000+00:00,986.1250502635498
2025-10-11 15:00:00.044000+00:00,986.1250502635498
2025-10-11 16:00:00.129000+00:00,986.1250502635498
2025-10-11 17:00:00.043000+00:00,986.1250502635498
2025-10-11 18:00:00.027000+00:00,986.1250502635498
2025-10-11 19:00:00.071000+00:00,986.1250502635498
2025-10-11 20:00:00.041000+00:00,986.1250502635498
2025-10-11 21:00:00.089000+00:00,986.1250502635498
2025-10-11 22:00:00.073000+00:00,986.1250502635498
2025-10-11 23:00:00.004000+00:00,986.1250502635498
2025-10-12 00:00:00.048000+00:00,986.1250502635498
2025-10-12 01:00:00.060000+00:00,986.1250502635498
2025-10-12 02:00:00.086000+00:00,986.1250502635498
2025-10-12 03:00:00.015000+00:00,986.1250502635498
2025-10-12 04:00:00.017000+00:00,986.1250502635498
2025-10-12 05:00:00.030000+00:00,986.1250502635498
2025-10-12 06:00:00.046000+00:00,986.1250502635498
2025-10-12 07:00:00.051000+00:00,986.1250502635498
2025-10-12 08:00:00.128000+00:00,986.1250502635498
2025-10-12 09:00:00.019000+00:00,986.1250502635498
2025-10-12 10:00:00.032000+00:00,986.1250502635498
2025-10-12 11:00:00.015000+00:00,986.1250502635498
2025-10-12 12:00:00.041000+00:00,986.1250502635498
2025-10-12 13:00:00.018000+00:00,986.1250502635498
2025-10-12 14:00:00.010000+00:00,986.1250502635498
2025-10-12 15:00:00.058000+00:00,986.1250502635498
2025-10-12 16:00:00+00:00,986.1250502635498
2025-10-12 17:00:00.053000+00:00,986.1250502635498
2025-10-12 18:00:00.083000+00:00,986.1250502635498
2025-10-12 19:00:00.034000+00:00,986.1250502635498
2025-10-12 20:00:00.037000+00:00,986.1250502635498
2025-10-12 21:00:00.008000+00:00,986.1250502635498
2025-10-12 22:00:00.034000+00:00,986.1250502635498
2025-10-12 23:00:00.039000+00:00,986.1250502635498
2025-10-13 00:00:00.022000+00:00,986.1250502635498
2025-10-13 01:00:00.056000+00:00,986.1250502635498
2025-10-13 02:00:00.109000+00:00,986.1250502635498
2025-10-13 03:00:00.041000+00:00,986.1250502635498
2025-10-13 04:00:00.081000+00:00,986.1250502635498
2025-10-13 05:00:00.010000+00:00,986.1250502635498
2025-10-13 06:00:00.068000+00:00,986.1250502635498
2025-10-13 07:00:00.011000+00:00,986.1250502635498
2025-10-13 08:00:00.029000+00:00,986.1250502635498
2025-10-13 09:00:00.097000+00:00,986.1250502635498
2025-10-13 10:00:00.037000+00:00,986.1250502635498
2025-10-13 11:00:00.044000+00:00,986.1250502635498
2025-10-13 12:00:00.094000+00:00,986.1250502635498
2025-10-13 13:00:00.067000+00:00,986.1250502635498
2025-10-13 14:00:00.029000+00:00,986.1250502635498
2025-10-13 15:00:00.052000+00:00,986.1250502635498
2025-10-13 16:00:00.027000+00:00,986.1250502635498
2025-10-13 17:00:00.008000+00:00,986.1250502635498
2025-10-13 18:00:00.013000+00:00,986.1250502635498
2025-10-13 19:00:00.032000+00:00,986.1250502635498
2025-10-13 20:00:00.049000+00:00,986.1250502635498
2025-10-13 21:00:00.049000+00:00,986.1250502635498
2025-10-13 22:00:00.002000+00:00,986.1250502635498
2025-10-13 23:00:00.006000+00:00,986.1250502635498
2025-10-14 00:00:00.054000+00:00,986.1250502635498
2025-10-14 01:00:00.064000+00:00,986.1250502635498
2025-10-14 02:00:00.032000+00:00,986.1250502635498
2025-10-14 03:00:00.114000+00:00,986.1250502635498
2025-10-14 04:00:00.019000+00:00,986.1250502635498
2025-10-14 05:00:00.079000+00:00,986.1250502635498
2025-10-14 06:00:00.009000+00:00,986.1250502635498
2025-10-14 07:00:00.007000+00:00,986.1250502635498
2025-10-14 08:00:00.001000+00:00,986.1250502635498
2025-10-14 09:00:00.098000+00:00,986.1250502635498
2025-10-14 10:00:00.066000+00:00,986.1250502635498
2025-10-14 11:00:00.045000+00:00,986.1250502635498
2025-10-14 12:00:00.009000+00:00,986.1250502635498
2025-10-14 13:00:00.044000+00:00,986.1250502635498
2025-10-14 14:00:00.060000+00:00,986.1250502635498
2025-10-14 15:00:00.027000+00:00,986.1250502635498
2025-10-14 16:00:00.021000+00:00,986.1250502635498
2025-10-14 17:00:00.070000+00:00,986.1250502635498
2025-10-14 18:00:00.036000+00:00,986.1250502635498
2025-10-14 19:00:00.043000+00:00,986.1250502635498
2025-10-14 20:00:00.090000+00:00,986.1250502635498
2025-10-14 21:00:00.040000+00:00,986.1250502635498
2025-10-14 22:00:00.030000+00:00,986.1250502635498
2025-10-14 23:00:00.016000+00:00,986.1250502635498
2025-10-15 00:00:00.106000+00:00,986.1250502635498
2025-10-15 01:00:00.001000+00:00,986.1250502635498
2025-10-15 02:00:00.048000+00:00,986.1250502635498
2025-10-15 03:00:00.060000+00:00,986.1250502635498
2025-10-15 04:00:00.092000+00:00,986.1250502635498
2025-10-15 05:00:00.054000+00:00,986.1250502635498
2025-10-15 06:00:00.025000+00:00,986.1250502635498
2025-10-15 07:00:00+00:00,986.1250502635498
2025-10-15 08:00:00.090000+00:00,986.1250502635498
2025-10-15 09:00:00.045000+00:00,986.1250502635498
2025-10-15 10:00:00.038000+00:00,986.1250502635498
2025-10-15 11:00:00.014000+00:00,986.1250502635498
2025-10-15 12:00:00.071000+00:00,986.1250502635498
2025-10-15 13:00:00.024000+00:00,986.1250502635498
2025-10-15 14:00:00.088000+00:00,986.1250502635498
2025-10-15 15:00:00.082000+00:00,986.1250502635498
2025-10-15 16:00:00.002000+00:00,986.1250502635498
2025-10-15 17:00:00.091000+00:00,986.1250502635498
2025-10-15 18:00:00.014000+00:00,986.1250502635498
2025-10-15 19:00:00.043000+00:00,986.1250502635498
2025-10-15 20:00:00.048000+00:00,986.1250502635498
2025-10-15 21:00:00.066000+00:00,986.1250502635498
2025-10-15 22:00:00.068000+00:00,986.1250502635498
2025-10-15 23:00:00.063000+00:00,986.1250502635498
2025-10-16 00:00:00.003000+00:00,986.1250502635498
2025-10-16 01:00:00.006000+00:00,986.1250502635498
2025-10-16 02:00:00.024000+00:00,986.1250502635498
2025-10-16 03:00:00.057000+00:00,986.1250502635498
2025-10-16 04:00:00.105000+00:00,986.1250502635498
2025-10-16 05:00:00.050000+00:00,986.1250502635498
2025-10-16 06:00:00.093000+00:00,986.1250502635498
2025-10-16 07:00:00.001000+00:00,986.1250502635498
2025-10-16 08:00:00.038000+00:00,986.1250502635498
2025-10-16 09:00:00.082000+00:00,986.1250502635498
2025-10-16 10:00:00.013000+00:00,986.1250502635498
2025-10-16 11:00:00.020000+00:00,986.1250502635498
2025-10-16 12:00:00.046000+00:00,986.1250502635498
2025-10-16 13:00:00.058000+00:00,986.1250502635498
2025-10-16 14:00:00.059000+00:00,986.1250502635498
2025-10-16 15:00:00+00:00,986.1250502635498
2025-10-16 16:00:00.046000+00:00,986.1250502635498
2025-10-16 17:00:00.067000+00:00,986.1250502635498
2025-10-16 18:00:00.028000+00:00,986.1250502635498
2025-10-16 19:00:00.035000+00:00,986.1250502635498
2025-10-16 20:00:00.004000+00:00,986.1250502635498
2025-10-16 21:00:00.058000+00:00,986.1250502635498
2025-10-16 22:00:00.015000+00:00,986.1250502635498
2025-10-16 23:00:00.005000+00:00,986.1250502635498
2025-10-17 00:00:00.017000+00:00,986.1250502635498
2025-10-17 01:00:00.071000+00:00,986.1250502635498
2025-10-17 02:00:00.052000+00:00,986.1250502635498
2025-10-17 03:00:00.028000+00:00,986.1250502635498
2025-10-17 04:00:00.012000+00:00,986.1250502635498
2025-10-17 05:00:00.047000+00:00,986.1250502635498
2025-10-17 06:00:00.002000+00:00,986.1250502635498
2025-10-17 07:00:00.082000+00:00,986.1250502635498
2025-10-17 08:00:00.040000+00:00,986.1250502635498
2025-10-17 09:00:00.084000+00:00,986.1250502635498
2025-10-17 10:00:00.049000+00:00,986.1250502635498
2025-10-17 11:00:00.013000+00:00,986.1250502635498
2025-10-17 12:00:00.077000+00:00,986.1250502635498
2025-10-17 13:00:00.034000+00:00,986.1250502635498
2025-10-17 14:00:00.009000+00:00,986.1250502635498
2025-10-17 15:00:00.120000+00:00,986.1250502635498
2025-10-17 16:00:00.040000+00:00,986.1250502635498
2025-10-17 17:00:00.015000+00:00,986.1250502635498
2025-10-17 18:00:00.007000+00:00,986.1250502635498
2025-10-17 19:00:00.019000+00:00,986.1250502635498
2025-10-17 20:00:00.028000+00:00,986.1250502635498
2025-10-17 21:00:00.016000+00:00,986.1250502635498
2025-10-17 22:00:00.018000+00:00,986.1250502635498
2025-10-17 23:00:00.049000+00:00,986.1250502635498
2025-10-18 00:00:00.129000+00:00,986.1250502635498
2025-10-18 01:00:00.018000+00:00,986.1250502635498
2025-10-18 02:00:00.084000+00:00,986.1250502635498
2025-10-18 03:00:00.037000+00:00,986.1250502635498
2025-10-18 04:00:00.070000+00:00,986.1250502635498
2025-10-18 05:00:00.106000+00:00,986.1250502635498
2025-10-18 06:00:00.001000+00:00,986.1250502635498
2025-10-18 07:00:00.089000+00:00,986.1250502635498
2025-10-18 08:00:00.022000+00:00,986.1250502635498
2025-10-18 09:00:00.003000+00:00,986.1250502635498
2025-10-18 10:00:00.005000+00:00,986.1250502635498
2025-10-18 11:00:00.034000+00:00,986.1250502635498
2025-10-18 12:00:00+00:00,986.1250502635498
2025-10-18 13:00:00.017000+00:00,986.1250502635498
2025-10-18 14:00:00.045000+00:00,986.1250502635498
2025-10-18 15:00:00.069000+00:00,986.1250502635498
2025-10-18 16:00:00.107000+00:00,986.1250502635498
2025-10-18 17:00:00.041000+00:00,986.1250502635498
2025-10-18 18:00:00.003000+00:00,986.1250502635498
2025-10-18 19:00:00.020000+00:00,986.1250502635498
2025-10-18 20:00:00.014000+00:00,986.1250502635498
2025-10-18 21:00:00.056000+00:00,986.1250502635498
2025-10-18 22:00:00.086000+00:00,986.1250502635498
2025-10-18 23:00:00.018000+00:00,986.1250502635498
2025-10-19 00:00:00.092000+00:00,986.1250502635498
2025-10-19 01:00:00.033000+00:00,986.1250502635498
2025-10-19 02:00:00.096000+00:00,986.1250502635498
2025-10-19 03:00:00.108000+00:00,986.1250502635498
2025-10-19 04:00:00.025000+00:00,986.1250502635498
2025-10-19 05:00:00.003000+00:00,986.1250502635498
2025-10-19 06:00:00.048000+00:00,986.1250502635498
2025-10-19 07:00:00.062000+00:00,986.1250502635498
2025-10-19 08:00:00.041000+00:00,986.1250502635498
2025-10-19 09:00:00.022000+00:00,986.1250502635498
2025-10-19 10:00:00.085000+00:00,986.1250502635498
2025-10-19 11:00:00.055000+00:00,986.1250502635498
2025-10-19 12:00:00.055000+00:00,986.1250502635498
2025-10-19 13:00:00.079000+00:00,986.1250502635498
2025-10-19 14:00:00.090000+00:00,986.1250502635498
2025-10-19 15:00:00.068000+00:00,986.1250502635498
2025-10-19 16:00:00.015000+00:00,986.1250502635498
2025-10-19 17:00:00.027000+00:00,986.1250502635498
2025-10-19 18:00:00.002000+00:00,986.1250502635498
2025-10-19 19:00:00.081000+00:00,986.1250502635498
2025-10-19 20:00:00.001000+00:00,986.1250502635498
2025-10-19 21:00:00+00:00,986.1250502635498
2025-10-19 22:00:00.051000+00:00,986.1250502635498
2025-10-19 23:00:00.023000+00:00,986.1250502635498
2025-10-20 00:00:00.001000+00:00,986.1250502635498
2025-10-20 01:00:00.091000+00:00,986.1250502635498
2025-10-20 02:00:00.012000+00:00,986.1250502635498
2025-10-20 03:00:00.011000+00:00,986.1250502635498
2025-10-20 04:00:00.027000+00:00,986.1250502635498
2025-10-20 05:00:00.027000+00:00,986.1250502635498
2025-10-20 06:00:00.067000+00:00,986.1250502635498
2025-10-20 07:00:00.099000+00:00,986.1250502635498
2025-10-20 08:00:00.102000+00:00,986.1250502635498
2025-10-20 09:00:00.121000+00:00,986.1250502635498
2025-10-20 10:00:00.031000+00:00,986.1250502635498
2025-10-20 11:00:00.001000+00:00,986.1250502635498
2025-10-20 12:00:00.008000+00:00,986.1250502635498
2025-10-20 13:00:00.016000+00:00,986.1250502635498
2025-10-20 14:00:00.008000+00:00,986.1250502635498
2025-10-20 15:00:00.038000+00:00,986.1250502635498
2025-10-20 16:00:00.065000+00:00,986.1250502635498
2025-10-20 17:00:00.004000+00:00,986.1250502635498
2025-10-20 18:00:00.050000+00:00,986.1250502635498
2025-10-20 19:00:00.049000+00:00,986.1250502635498
2025-10-20 20:00:00.017000+00:00,986.1250502635498
2025-10-20 21:00:00.028000+00:00,986.1250502635498
2025-10-20 22:00:00.031000+00:00,986.1250502635498
2025-10-20 23:00:00.065000+00:00,986.1250502635498
2025-10-21 00:00:00.019000+00:00,986.1250502635498
2025-10-21 01:00:00.007000+00:00,986.1250502635498
2025-10-21 02:00:00.031000+00:00,986.1250502635498
2025-10-21 03:00:00.071000+00:00,986.1250502635498
2025-10-21 04:00:00.035000+00:00,986.1250502635498
2025-10-21 05:00:00.063000+00:00,986.1250502635498
2025-10-21 06:00:00.008000+00:00,986.1250502635498
2025-10-21 07:00:00.118000+00:00,986.1250502635498
2025-10-21 08:00:00.010000+00:00,986.1250502635498
2025-10-21 09:00:00.003000+00:00,986.1250502635498
2025-10-21 10:00:00.028000+00:00,986.1250502635498
2025-10-21 11:00:00.076000+00:00,986.1250502635498
2025-10-21 12:00:00.078000+00:00,986.1250502635498
2025-10-21 13:00:00.030000+00:00,986.1250502635498
2025-10-21 14:00:00.096000+00:00,986.1250502635498
2025-10-21 15:00:00.047000+00:00,986.1250502635498
2025-10-21 16:00:00.042000+00:00,986.1250502635498
2025-10-21 17:00:00.058000+00:00,986.1250502635498
2025-10-21 18:00:00.016000+00:00,986.1250502635498
2025-10-21 19:00:00.080000+00:00,986.1250502635498
2025-10-21 20:00:00.060000+00:00,986.1250502635498
2025-10-21 21:00:00.019000+00:00,986.1250502635498
2025-10-21 22:00:00.011000+00:00,986.1250502635498
2025-10-21 23:00:00.060000+00:00,986.1250502635498
2025-10-22 00:00:00.025000+00:00,986.1250502635498
2025-10-22 01:00:00.050000+00:00,986.1250502635498
2025-10-22 02:00:00.020000+00:00,986.1250502635498
2025-10-22 03:00:00.081000+00:00,986.1250502635498
2025-10-22 04:00:00.076000+00:00,986.1250502635498
2025-10-22 05:00:00.035000+00:00,986.1250502635498
2025-10-22 06:00:00.009000+00:00,986.1250502635498
2025-10-22 07:00:00.071000+00:00,986.1250502635498
2025-10-22 08:00:00.062000+00:00,986.1250502635498
2025-10-22 09:00:00.059000+00:00,986.1250502635498
2025-10-22 10:00:00.074000+00:00,986.1250502635498
2025-10-22 11:00:00.056000+00:00,986.1250502635498
2025-10-22 12:00:00.032000+00:00,986.1250502635498
2025-10-22 13:00:00.031000+00:00,986.1250502635498
2025-10-22 14:00:00.029000+00:00,986.1250502635498
2025-10-22 15:00:00.025000+00:00,986.1250502635498
2025-10-22 16:00:00.036000+00:00,986.1250502635498
2025-10-22 17:00:00.033000+00:00,986.1250502635498
2025-10-22 18:00:00.008000+00:00,986.1250502635498
2025-10-22 19:00:00.089000+00:00,986.1250502635498
2025-10-22 20:00:00.002000+00:00,986.1250502635498
2025-10-22 21:00:00.025000+00:00,986.1250502635498
2025-10-22 22:00:00.027000+00:00,986.1250502635498
2025-10-22 23:00:00.005000+00:00,986.1250502635498
2025-10-23 00:00:00.009000+00:00,986.1250502635498
2025-10-23 01:00:00.016000+00:00,986.1250502635498
2025-10-23 02:00:00.031000+00:00,986.1250502635498
2025-10-23 03:00:00.006000+00:00,986.1250502635498
2025-10-23 04:00:00.069000+00:00,986.1250502635498
2025-10-23 05:00:00.027000+00:00,986.1250502635498
2025-10-23 06:00:00.059000+00:00,986.1250502635498
2025-10-23 07:00:00.050000+00:00,986.1250502635498
2025-10-23 08:00:00.047000+00:00,986.1250502635498
2025-10-23 09:00:00.058000+00:00,986.1250502635498
2025-10-23 10:00:00.041000+00:00,986.1250502635498
2025-10-23 11:00:00.009000+00:00,986.1250502635498
2025-10-23 12:00:00.003000+00:00,986.1250502635498
2025-10-23 13:00:00.028000+00:00,986.1250502635498
2025-10-23 14:00:00.017000+00:00,986.1250502635498
2025-10-23 15:00:00.071000+00:00,986.1250502635498
2025-10-23 16:00:00.077000+00:00,986.1250502635498
2025-10-23 17:00:00.066000+00:00,986.1250502635498
2025-10-23 18:00:00.067000+00:00,986.1250502635498
2025-10-23 19:00:00.064000+00:00,986.1250502635498
2025-10-23 20:00:00.111000+00:00,986.1250502635498
2025-10-23 21:00:00.075000+00:00,986.1250502635498
2025-10-23 22:00:00.059000+00:00,986.1250502635498
2025-10-23 23:00:00.061000+00:00,986.1250502635498
2025-10-24 00:00:00.027000+00:00,986.1250502635498
2025-10-24 01:00:00.017000+00:00,986.1250502635498
2025-10-24 02:00:00.037000+00:00,986.1250502635498
2025-10-24 03:00:00.019000+00:00,986.1250502635498
2025-10-24 04:00:00.025000+00:00,986.1250502635498
2025-10-24 05:00:00.030000+00:00,986.1250502635498
2025-10-24 06:00:00.025000+00:00,986.1250502635498
2025-10-24 07:00:00.071000+00:00,986.1250502635498
2025-10-24 08:00:00.077000+00:00,986.1250502635498
2025-10-24 09:00:00.061000+00:00,986.1250502635498
2025-10-24 10:00:00.120000+00:00,986.1250502635498
2025-10-24 11:00:00.104000+00:00,986.1250502635498
2025-10-24 12:00:00.013000+00:00,986.1250502635498
2025-10-24 13:00:00.033000+00:00,986.1250502635498
2025-10-24 14:00:00.009000+00:00,986.1250502635498
2025-10-24 15:00:00.027000+00:00,986.1250502635498
2025-10-24 16:00:00.171000+00:00,986.1250502635498
2025-10-24 17:00:00.036000+00:00,986.1250502635498
2025-10-24 18:00:00.052000+00:00,986.1250502635498
2025-10-24 19:00:00.043000+00:00,986.1250502635498
2025-10-24 20:00:00.021000+00:00,986.1250502635498
2025-10-24 21:00:00.031000+00:00,986.1250502635498
2025-10-24 22:00:00.007000+00:00,986.1250502635498
2025-10-24 23:00:00.032000+00:00,986.1250502635498
2025-10-25 00:00:00.014000+00:00,986.1250502635498
2025-10-25 01:00:00.081000+00:00,986.1250502635498
2025-10-25 02:00:00.085000+00:00,986.1250502635498
2025-10-25 03:00:00.008000+00:00,986.1250502635498
2025-10-25 04:00:00.066000+00:00,986.1250502635498
2025-10-25 05:00:00.028000+00:00,986.1250502635498
2025-10-25 06:00:00.036000+00:00,986.1250502635498
2025-10-25 07:00:00.008000+00:00,986.1250502635498
2025-10-25 08:00:00.043000+00:00,986.1250502635498
2025-10-25 09:00:00.025000+00:00,986.1250502635498
2025-10-25 10:00:00.021000+00:00,986.1250502635498
2025-10-25 11:00:00.057000+00:00,986.1250502635498
2025-10-25 12:00:00.047000+00:00,986.1250502635498
2025-10-25 13:00:00.046000+00:00,986.1250502635498
2025-10-25 14:00:00.058000+00:00,986.1250502635498
2025-10-25 15:00:00.016000+00:00,986.1250502635498
2025-10-25 16:00:00.041000+00:00,986.1250502635498
2025-10-25 17:00:00.015000+00:00,986.1250502635498
2025-10-25 18:00:00.027000+00:00,986.1250502635498
2025-10-25 19:00:00.030000+00:00,986.1250502635498
2025-10-25 20:00:00.002000+00:00,986.1250502635498
2025-10-25 21:00:00.073000+00:00,986.1250502635498
2025-10-25 22:00:00.055000+00:00,986.1250502635498
2025-10-25 23:00:00.044000+00:00,986.1250502635498
2025-10-26 00:00:00.032000+00:00,986.1250502635498
2025-10-26 01:00:00.040000+00:00,986.1250502635498
2025-10-26 02:00:00.006000+00:00,986.1250502635498
2025-10-26 03:00:00.063000+00:00,986.1250502635498
2025-10-26 04:00:00.133000+00:00,986.1250502635498
2025-10-26 05:00:00.021000+00:00,986.1250502635498
2025-10-26 06:00:00.088000+00:00,986.1250502635498
2025-10-26 07:00:00.054000+00:00,986.1250502635498
2025-10-26 08:00:00.009000+00:00,986.1250502635498
2025-10-26 09:00:00.041000+00:00,986.1250502635498
2025-10-26 10:00:00.028000+00:00,986.1250502635498
2025-10-26 11:00:00.068000+00:00,986.1250502635498
2025-10-26 12:00:00.084000+00:00,986.1250502635498
2025-10-26 13:00:00.054000+00:00,986.1250502635498
2025-10-26 14:00:00.041000+00:00,986.1250502635498
2025-10-26 15:00:00.079000+00:00,986.1250502635498
2025-10-26 16:00:00.039000+00:00,986.1250502635498
2025-10-26 17:00:00.074000+00:00,986.1250502635498
2025-10-26 18:00:00.030000+00:00,986.1250502635498
2025-10-26 19:00:00.059000+00:00,986.1250502635498
2025-10-26 20:00:00.056000+00:00,986.1250502635498
2025-10-26 21:00:00.033000+00:00,986.1250502635498
2025-10-26 22:00:00.019000+00:00,986.1250502635498
2025-10-26 23:00:00.009000+00:00,986.1250502635498
2025-10-27 00:00:00.020000+00:00,986.1250502635498
2025-10-27 01:00:00.007000+00:00,986.1250502635498
2025-10-27 02:00:00.080000+00:00,986.1250502635498
2025-10-27 03:00:00.034000+00:00,986.1250502635498
2025-10-27 04:00:00.050000+00:00,986.1250502635498
2025-10-27 05:00:00.056000+00:00,986.1250502635498
2025-10-27 06:00:00.073000+00:00,986.1250502635498
2025-10-27 07:00:00.002000+00:00,986.1250502635498
2025-10-27 08:00:00.067000+00:00,986.1250502635498
2025-10-27 09:00:00.016000+00:00,986.1250502635498
2025-10-27 10:00:00.082000+00:00,986.1250502635498
2025-10-27 11:00:00.067000+00:00,986.1250502635498
2025-10-27 12:00:00.052000+00:00,986.1250502635498
2025-10-27 13:00:00.132000+00:00,986.1250502635498
2025-10-27 14:00:00.028000+00:00,986.1250502635498
2025-10-27 15:00:00.090000+00:00,986.1250502635498
2025-10-27 16:00:00.054000+00:00,986.1250502635498
2025-10-27 17:00:00.078000+00:00,986.1250502635498
2025-10-27 18:00:00.053000+00:00,986.1250502635498
2025-10-27 19:00:00.055000+00:00,986.1250502635498
2025-10-27 20:00:00.077000+00:00,986.1250502635498
2025-10-27 21:00:00.065000+00:00,986.1250502635498
2025-10-27 22:00:00.010000+00:00,986.1250502635498
2025-10-27 23:00:00.071000+00:00,986.1250502635498
2025-10-28 00:00:00.041000+00:00,986.1250502635498
2025-10-28 01:00:00.058000+00:00,986.1250502635498
2025-10-28 02:00:00.012000+00:00,986.1250502635498
2025-10-28 03:00:00.031000+00:00,986.1250502635498
2025-10-28 04:00:00.021000+00:00,986.1250502635498
2025-10-28 05:00:00.020000+00:00,986.1250502635498
2025-10-28 06:00:00.053000+00:00,986.1250502635498
2025-10-28 07:00:00.074000+00:00,986.1250502635498
2025-10-28 08:00:00.069000+00:00,986.1250502635498
2025-10-28 09:00:00.046000+00:00,986.1250502635498
2025-10-28 10:00:00.036000+00:00,986.1250502635498
2025-10-28 11:00:00.005000+00:00,986.1250502635498
2025-10-28 12:00:00.001000+00:00,986.1250502635498
2025-10-28 13:00:00.109000+00:00,986.1250502635498
2025-10-28 14:00:00.010000+00:00,986.1250502635498
2025-10-28 15:00:00.019000+00:00,986.1250502635498
2025-10-28 16:00:00.046000+00:00,986.1250502635498
2025-10-28 17:00:00.059000+00:00,986.1250502635498
2025-10-28 18:00:00.091000+00:00,986.1250502635498
2025-10-28 19:00:00.102000+00:00,986.1250502635498
2025-10-28 20:00:00.058000+00:00,986.1250502635498
2025-10-28 21:00:00.077000+00:00,986.1250502635498
2025-10-28 22:00:00.030000+00:00,986.1250502635498
2025-10-28 23:00:00.042000+00:00,986.1250502635498
2025-10-29 00:00:00.102000+00:00,986.1250502635498
2025-10-29 01:00:00.042000+00:00,986.1250502635498
2025-10-29 02:00:00.077000+00:00,986.1250502635498
2025-10-29 03:00:00.042000+00:00,986.1250502635498
2025-10-29 04:00:00.036000+00:00,986.1250502635498
2025-10-29 05:00:00.043000+00:00,986.1250502635498
2025-10-29 06:00:00.006000+00:00,986.1250502635498
2025-10-29 07:00:00.020000+00:00,986.1250502635498
2025-10-29 08:00:00.053000+00:00,986.1250502635498
2025-10-29 09:00:00.061000+00:00,986.1250502635498
2025-10-29 10:00:00.044000+00:00,986.1250502635498
2025-10-29 11:00:00.044000+00:00,986.1250502635498
2025-10-29 12:00:00.098000+00:00,986.1250502635498
2025-10-29 13:00:00+00:00,986.1250502635498
2025-10-29 14:00:00.006000+00:00,986.1250502635498
2025-10-29 15:00:00.035000+00:00,986.1250502635498
2025-10-29 16:00:00.064000+00:00,986.1250502635498
2025-10-29 17:00:00.196000+00:00,986.1250502635498
2025-10-29 18:00:00.117000+00:00,986.1250502635498
2025-10-29 19:00:00.037000+00:00,986.1250502635498
2025-10-29 20:00:00.043000+00:00,986.1250502635498
2025-10-29 21:00:00.014000+00:00,986.1250502635498
2025-10-29 22:00:00.025000+00:00,986.1250502635498
2025-10-29 23:00:00.061000+00:00,986.1250502635498
2025-10-30 00:00:00.035000+00:00,986.1250502635498
2025-10-30 01:00:00.015000+00:00,986.1250502635498
2025-10-30 02:00:00.037000+00:00,986.1250502635498
2025-10-30 03:00:00.041000+00:00,986.1250502635498
2025-10-30 04:00:00.122000+00:00,986.1250502635498
2025-10-30 05:00:00.021000+00:00,986.1250502635498
2025-10-30 06:00:00.021000+00:00,986.1250502635498
2025-10-30 07:00:00.062000+00:00,986.1250502635498
2025-10-30 08:00:00.024000+00:00,986.1250502635498
2025-10-30 09:00:00.007000+00:00,986.1250502635498
2025-10-30 10:00:00.042000+00:00,986.1250502635498
2025-10-30 11:00:00.045000+00:00,986.1250502635498
2025-10-30 12:00:00.003000+00:00,986.1250502635498
2025-10-30 13:00:00.048000+00:00,986.1250502635498
2025-10-30 14:00:00.048000+00:00,986.1250502635498
2025-10-30 15:00:00.044000+00:00,986.1250502635498
2025-10-30 16:00:00.037000+00:00,986.1250502635498
2025-10-30 17:00:00.008000+00:00,986.1250502635498
2025-10-30 18:00:00.032000+00:00,986.1250502635498
2025-10-30 19:00:00.088000+00:00,986.1250502635498
2025-10-30 20:00:00.034000+00:00,986.1250502635498
2025-10-30 21:00:00.071000+00:00,986.1250502635498
2025-10-30 22:00:00.092000+00:00,986.1250502635498
2025-10-30 23:00:00.006000+00:00,986.1250502635498
2025-10-31 00:00:00.006000+00:00,986.1250502635498
2025-10-31 01:00:00.082000+00:00,986.1250502635498
2025-10-31 02:00:00.068000+00:00,986.1250502635498
2025-10-31 03:00:00.072000+00:00,986.1250502635498
2025-10-31 04:00:00.038000+00:00,986.1250502635498
2025-10-31 05:00:00.105000+00:00,986.1250502635498
2025-10-31 06:00:00.081000+00:00,986.1250502635498
2025-10-31 07:00:00.066000+00:00,986.1250502635498
2025-10-31 08:00:00.065000+00:00,986.1250502635498
2025-10-31 09:00:00.071000+00:00,986.1250502635498
2025-10-31 10:00:00.002000+00:00,986.1250502635498
2025-10-31 11:00:00.027000+00:00,986.1250502635498
2025-10-31 12:00:00.145000+00:00,986.1250502635498
2025-10-31 13:00:00.016000+00:00,986.1250502635498
2025-10-31 14:00:00.066000+00:00,986.1250502635498
2025-10-31 15:00:00.074000+00:00,986.1250502635498
2025-10-31 16:00:00.068000+00:00,986.1250502635498
2025-10-31 17:00:00.021000+00:00,986.1250502635498
2025-10-31 18:00:00.067000+00:00,986.1250502635498
2025-10-31 19:00:00.009000+00:00,986.1250502635498
2025-10-31 20:00:00.030000+00:00,986.1250502635498
2025-10-31 21:00:00.040000+00:00,986.1250502635498
2025-10-31 22:00:00.089000+00:00,986.1250502635498
2025-10-31 23:00:00.037000+00:00,986.1250502635498
2025-11-01 00:00:00.078000+00:00,986.1250502635498
2025-11-01 01:00:00.002000+00:00,986.1250502635498
2025-11-01 02:00:00+00:00,986.1250502635498
2025-11-01 03:00:00.108000+00:00,986.1250502635498
2025-11-01 04:00:00.053000+00:00,986.1250502635498
2025-11-01 05:00:00.085000+00:00,986.1250502635498
2025-11-01 06:00:00.046000+00:00,986.1250502635498
2025-11-01 07:00:00.032000+00:00,986.1250502635498
2025-11-01 08:00:00.039000+00:00,986.1250502635498
2025-11-01 09:00:00.075000+00:00,986.1250502635498
2025-11-01 10:00:00.010000+00:00,986.1250502635498
2025-11-01 11:00:00.062000+00:00,986.1250502635498
2025-11-01 12:00:00.072000+00:00,986.1250502635498
2025-11-01 13:00:00.047000+00:00,986.1250502635498
2025-11-01 14:00:00.013000+00:00,986.1250502635498
2025-11-01 15:00:00.106000+00:00,986.1250502635498
2025-11-01 16:00:00.044000+00:00,986.1250502635498
2025-11-01 17:00:00.100000+00:00,986.1250502635498
2025-11-01 18:00:00.005000+00:00,986.1250502635498
2025-11-01 19:00:00.116000+00:00,986.1250502635498
2025-11-01 20:00:00.002000+00:00,986.1250502635498
2025-11-01 21:00:00.008000+00:00,986.1250502635498
2025-11-01 22:00:00.031000+00:00,986.1250502635498
2025-11-01 23:00:00.014000+00:00,986.1250502635498
2025-11-02 00:00:00.094000+00:00,986.1250502635498
2025-11-02 01:00:00+00:00,986.1250502635498
2025-11-02 02:00:00.052000+00:00,986.1250502635498
2025-11-02 03:00:00.004000+00:00,986.1250502635498
2025-11-02 04:00:00.012000+00:00,986.1250502635498
2025-11-02 05:00:00.099000+00:00,986.1250502635498
2025-11-02 06:00:00.007000+00:00,986.1250502635498
2025-11-02 07:00:00.053000+00:00,986.1250502635498
2025-11-02 08:00:00.040000+00:00,986.1250502635498
2025-11-02 09:00:00.053000+00:00,986.1250502635498
2025-11-02 10:00:00.020000+00:00,986.1250502635498
2025-11-02 11:00:00.019000+00:00,986.1250502635498
2025-11-02 12:00:00.027000+00:00,986.1250502635498
2025-11-02 13:00:00.003000+00:00,986.1250502635498
2025-11-02 14:00:00.057000+00:00,986.1250502635498
2025-11-02 15:00:00.055000+00:00,986.1250502635498
2025-11-02 16:00:00.038000+00:00,986.1250502635498
2025-11-02 17:00:00.043000+00:00,986.1250502635498
2025-11-02 18:00:00.014000+00:00,986.1250502635498
2025-11-02 19:00:00.050000+00:00,986.1250502635498
2025-11-02 20:00:00.024000+00:00,986.1250502635498
2025-11-02 21:00:00.063000+00:00,986.1250502635498
2025-11-02 22:00:00.055000+00:00,986.1250502635498
2025-11-02 23:00:00.127000+00:00,986.1250502635498
2025-11-03 00:00:00.108000+00:00,986.1250502635498
2025-11-03 01:00:00.005000+00:00,986.1250502635498
2025-11-03 02:00:00.074000+00:00,986.1250502635498
2025-11-03 03:00:00.048000+00:00,986.1250502635498
2025-11-03 04:00:00.069000+00:00,986.1250502635498
2025-11-03 05:00:00.062000+00:00,986.1250502635498
2025-11-03 06:00:00.081000+00:00,986.1250502635498
2025-11-03 07:00:00.041000+00:00,986.1250502635498
2025-11-03 08:00:00.009000+00:00,986.1250502635498
2025-11-03 09:00:00.014000+00:00,986.1250502635498
2025-11-03 10:00:00.019000+00:00,986.1250502635498
2025-11-03 11:00:00.065000+00:00,986.1250502635498
2025-11-03 12:00:00.073000+00:00,986.1250502635498
2025-11-03 13:00:00.022000+00:00,986.1250502635498
2025-11-03 14:00:00.040000+00:00,986.1250502635498
2025-11-03 15:00:00.059000+00:00,986.1250502635498
2025-11-03 16:00:00.024000+00:00,986.1250502635498
2025-11-03 17:00:00.019000+00:00,986.1250502635498
2025-11-03 18:00:00.009000+00:00,986.1250502635498
2025-11-03 19:00:00.094000+00:00,986.1250502635498
2025-11-03 20:00:00.046000+00:00,986.1250502635498
2025-11-03 21:00:00+00:00,986.1250502635498
2025-11-03 22:00:00.013000+00:00,986.1250502635498
2025-11-03 23:00:00.040000+00:00,986.1250502635498
2025-11-04 00:00:00.009000+00:00,986.1250502635498
2025-11-04 01:00:00.022000+00:00,986.1250502635498
2025-11-04 02:00:00.049000+00:00,986.1250502635498
2025-11-04 03:00:00.014000+00:00,986.1250502635498
2025-11-04 04:00:00.074000+00:00,986.1250502635498
2025-11-04 05:00:00.042000+00:00,986.1250502635498
2025-11-04 06:00:00.054000+00:00,986.1250502635498
2025-11-04 07:00:00.052000+00:00,986.1250502635498
2025-11-04 08:00:00.064000+00:00,986.1250502635498
2025-11-04 09:00:00.001000+00:00,986.1250502635498
2025-11-04 10:00:00.042000+00:00,986.1250502635498
2025-11-04 11:00:00.018000+00:00,986.1250502635498
2025-11-04 12:00:00.053000+00:00,986.1250502635498
2025-11-04 13:00:00.065000+00:00,986.1250502635498
2025-11-04 14:00:00.077000+00:00,986.1250502635498
2025-11-04 15:00:00.003000+00:00,986.1250502635498
2025-11-04 16:00:00+00:00,986.1250502635498
2025-11-04 17:00:00.006000+00:00,986.1250502635498
2025-11-04 18:00:00.062000+00:00,986.1250502635498
2025-11-04 19:00:00.079000+00:00,986.1250502635498
2025-11-04 20:00:00.059000+00:00,986.1250502635498
2025-11-04 21:00:00.034000+00:00,986.1250502635498
2025-11-04 22:00:00.024000+00:00,986.1250502635498
2025-11-04 23:00:00.105000+00:00,986.1250502635498
2025-11-05 00:00:00.005000+00:00,986.1250502635498
2025-11-05 01:00:00.045000+00:00,986.1250502635498
2025-11-05 02:00:00.095000+00:00,986.1250502635498
2025-11-05 03:00:00.037000+00:00,986.1250502635498
2025-11-05 04:00:00.029000+00:00,986.1250502635498
2025-11-05 05:00:00.020000+00:00,986.1250502635498
2025-11-05 06:00:00.033000+00:00,986.1250502635498
2025-11-05 07:00:00.044000+00:00,986.1250502635498
2025-11-05 08:00:00.051000+00:00,986.1250502635498
2025-11-05 09:00:00.029000+00:00,986.1250502635498
2025-11-05 10:00:00.009000+00:00,986.1250502635498
2025-11-05 11:00:00.001000+00:00,986.1250502635498
2025-11-05 12:00:00.024000+00:00,986.1250502635498
2025-11-05 13:00:00.088000+00:00,986.1250502635498
2025-11-05 14:00:00.043000+00:00,986.1250502635498
2025-11-05 15:00:00.072000+00:00,986.1250502635498
2025-11-05 16:00:00.017000+00:00,986.1250502635498
2025-11-05 17:00:00.026000+00:00,986.1250502635498
2025-11-05 18:00:00.042000+00:00,986.1250502635498
2025-11-05 19:00:00+00:00,986.1250502635498
2025-11-05 20:00:00+00:00,986.1250502635498
2025-11-05 21:00:00.095000+00:00,986.1250502635498
2025-11-05 22:00:00.015000+00:00,986.1250502635498
2025-11-05 23:00:00+00:00,986.1250502635498
2025-11-06 00:00:00.097000+00:00,986.1250502635498
2025-11-06 01:00:00.003000+00:00,986.1250502635498
2025-11-06 02:00:00.026000+00:00,986.1250502635498
2025-11-06 03:00:00.007000+00:00,986.1250502635498
2025-11-06 04:00:00.087000+00:00,986.1250502635498
2025-11-06 05:00:00.131000+00:00,986.1250502635498
2025-11-06 06:00:00.042000+00:00,986.1250502635498
2025-11-06 07:00:00.071000+00:00,986.1250502635498
2025-11-06 08:00:00.018000+00:00,986.1250502635498
2025-11-06 09:00:00.140000+00:00,986.1250502635498
2025-11-06 10:00:00.001000+00:00,986.1250502635498
2025-11-06 11:00:00.102000+00:00,986.1250502635498
2025-11-06 12:00:00.043000+00:00,986.1250502635498
2025-11-06 13:00:00.022000+00:00,986.1250502635498
2025-11-06 14:00:00.005000+00:00,986.1250502635498
2025-11-06 15:00:00.021000+00:00,986.1250502635498
2025-11-06 16:00:00.024000+00:00,986.1250502635498
2025-11-06 17:00:00.081000+00:00,986.1250502635498
2025-11-06 18:00:00.040000+00:00,986.1250502635498
2025-11-06 19:00:00.042000+00:00,986.1250502635498
2025-11-06 20:00:00.018000+00:00,986.1250502635498
2025-11-06 21:00:00.048000+00:00,986.1250502635498
2025-11-06 22:00:00.027000+00:00,986.1250502635498
2025-11-06 23:00:00.047000+00:00,986.1250502635498
2025-11-07 00:00:00.115000+00:00,986.1250502635498
2025-11-07 01:00:00.033000+00:00,986.1250502635498
2025-11-07 02:00:00.013000+00:00,986.1250502635498
2025-11-07 03:00:00.014000+00:00,986.1250502635498
2025-11-07 04:00:00.064000+00:00,986.1250502635498
2025-11-07 05:00:00.056000+00:00,986.1250502635498
2025-11-07 06:00:00.072000+00:00,986.1250502635498
2025-11-07 07:00:00.016000+00:00,986.1250502635498
2025-11-07 08:00:00.013000+00:00,986.1250502635498
2025-11-07 09:00:00.038000+00:00,986.1250502635498
2025-11-07 10:00:00.027000+00:00,986.1250502635498
2025-11-07 11:00:00.002000+00:00,986.1250502635498
2025-11-07 12:00:00.029000+00:00,986.1250502635498
2025-11-07 13:00:00.135000+00:00,986.1250502635498
2025-11-07 14:00:00.085000+00:00,986.1250502635498
2025-11-07 15:00:00.034000+00:00,986.1250502635498
2025-11-07 16:00:00.018000+00:00,986.1250502635498
2025-11-07 17:00:00.021000+00:00,986.1250502635498
2025-11-07 18:00:00.079000+00:00,986.1250502635498
2025-11-07 19:00:00.010000+00:00,986.1250502635498
2025-11-07 20:00:00.026000+00:00,986.1250502635498
2025-11-07 21:00:00.021000+00:00,986.1250502635498
2025-11-07 22:00:00.043000+00:00,986.1250502635498
2025-11-07 23:00:00.141000+00:00,986.1250502635498
2025-11-08 00:00:00.094000+00:00,986.1250502635498
2025-11-08 01:00:00.067000+00:00,986.1250502635498
2025-11-08 02:00:00.022000+00:00,986.1250502635498
2025-11-08 03:00:00.023000+00:00,986.1250502635498
2025-11-08 04:00:00.013000+00:00,986.1250502635498
2025-11-08 05:00:00.085000+00:00,986.1250502635498
2025-11-08 06:00:00.078000+00:00,986.1250502635498
2025-11-08 07:00:00.036000+00:00,986.1250502635498
2025-11-08 08:00:00.058000+00:00,986.1250502635498
2025-11-08 09:00:00.085000+00:00,986.1250502635498
2025-11-08 10:00:00.029000+00:00,986.1250502635498
2025-11-08 11:00:00.034000+00:00,986.1250502635498
2025-11-08 12:00:00.091000+00:00,986.1250502635498
2025-11-08 13:00:00.036000+00:00,986.1250502635498
2025-11-08 14:00:00.019000+00:00,986.1250502635498
2025-11-08 15:00:00.056000+00:00,986.1250502635498
2025-11-08 16:00:00.029000+00:00,986.1250502635498
2025-11-08 17:00:00.024000+00:00,986.1250502635498
2025-11-08 18:00:00.085000+00:00,986.1250502635498
2025-11-08 19:00:00.082000+00:00,986.1250502635498
2025-11-08 20:00:00.100000+00:00,986.1250502635498
2025-11-08 21:00:00.090000+00:00,986.1250502635498
2025-11-08 22:00:00.035000+00:00,986.1250502635498
2025-11-08 23:00:00.043000+00:00,986.1250502635498
2025-11-09 00:00:00.028000+00:00,986.1250502635498
2025-11-09 01:00:00.002000+00:00,986.1250502635498
2025-11-09 02:00:00.185000+00:00,986.1250502635498
2025-11-09 03:00:00.067000+00:00,986.1250502635498
2025-11-09 04:00:00.004000+00:00,986.1250502635498
2025-11-09 05:00:00.022000+00:00,986.1250502635498
2025-11-09 06:00:00.090000+00:00,986.1250502635498
2025-11-09 07:00:00.058000+00:00,986.1250502635498
2025-11-09 08:00:00.038000+00:00,986.1250502635498
2025-11-09 09:00:00.012000+00:00,986.1250502635498
2025-11-09 10:00:00.045000+00:00,986.1250502635498
2025-11-09 11:00:00.046000+00:00,986.1250502635498
2025-11-09 12:00:00.040000+00:00,986.1250502635498
2025-11-09 13:00:00.061000+00:00,986.1250502635498
2025-11-09 14:00:00.027000+00:00,986.1250502635498
2025-11-09 15:00:00.050000+00:00,986.1250502635498
2025-11-09 16:00:00.039000+00:00,986.1250502635498
2025-11-09 17:00:00.109000+00:00,986.1250502635498
2025-11-09 18:00:00.052000+00:00,986.1250502635498
2025-11-09 19:00:00.066000+00:00,986.1250502635498
2025-11-09 20:00:00.007000+00:00,986.1250502635498
2025-11-09 21:00:00.092000+00:00,986.1250502635498
2025-11-09 22:00:00.073000+00:00,986.1250502635498
2025-11-09 23:00:00.047000+00:00,986.1250502635498
2025-11-10 00:00:00.049000+00:00,986.1250502635498
2025-11-10 01:00:00+00:00,986.1250502635498
2025-11-10 02:00:00.010000+00:00,986.1250502635498
2025-11-10 03:00:00.055000+00:00,986.1250502635498
2025-11-10 04:00:00.076000+00:00,986.1250502635498
2025-11-10 05:00:00.075000+00:00,986.1250502635498
2025-11-10 06:00:00.071000+00:00,986.1250502635498
2025-11-10 07:00:00.051000+00:00,986.1250502635498
2025-11-10 08:00:00.042000+00:00,986.1250502635498
2025-11-10 09:00:00.026000+00:00,986.1250502635498
2025-11-10 10:00:00.131000+00:00,986.1250502635498
2025-11-10 11:00:00.024000+00:00,986.1250502635498
2025-11-10 12:00:00.125000+00:00,986.1250502635498
2025-11-10 13:00:00.057000+00:00,986.1250502635498
2025-11-10 14:00:00.062000+00:00,986.1250502635498
2025-11-10 15:00:00.004000+00:00,986.1250502635498
2025-11-10 16:00:00.048000+00:00,986.1250502635498
2025-11-10 17:00:00.036000+00:00,986.1250502635498
2025-11-10 18:00:00.053000+00:00,986.1250502635498
2025-11-10 19:00:00.043000+00:00,986.1250502635498
2025-11-10 20:00:00.045000+00:00,986.1250502635498
2025-11-10 21:00:00.074000+00:00,986.1250502635498
2025-11-10 22:00:00.005000+00:00,986.1250502635498
2025-11-10 23:00:00.001000+00:00,986.1250502635498
2025-11-11 00:00:00.073000+00:00,986.1250502635498
2025-11-11 01:00:00.054000+00:00,986.1250502635498
2025-11-11 02:00:00.011000+00:00,986.1250502635498
2025-11-11 03:00:00.076000+00:00,986.1250502635498
2025-11-11 04:00:00.153000+00:00,986.1250502635498
2025-11-11 05:00:00.043000+00:00,986.1250502635498
2025-11-11 06:00:00.043000+00:00,986.1250502635498
2025-11-11 07:00:00.040000+00:00,986.1250502635498
2025-11-11 08:00:00.049000+00:00,986.1250502635498
2025-11-11 09:00:00.026000+00:00,986.1250502635498
2025-11-11 10:00:00.055000+00:00,986.1250502635498
2025-11-11 11:00:00.060000+00:00,986.1250502635498
2025-11-11 12:00:00.002000+00:00,986.1250502635498
2025-11-11 13:00:00.058000+00:00,986.1250502635498
2025-11-11 14:00:00.061000+00:00,986.1250502635498
2025-11-11 15:00:00.027000+00:00,986.1250502635498
2025-11-11 16:00:00.015000+00:00,986.1250502635498
2025-11-11 17:00:00.073000+00:00,986.1250502635498
2025-11-11 18:00:00.026000+00:00,986.1250502635498
2025-11-11 19:00:00.016000+00:00,986.1250502635498
2025-11-11 20:00:00.013000+00:00,986.1250502635498
2025-11-11 21:00:00.050000+00:00,986.1250502635498
2025-11-11 22:00:00.008000+00:00,986.1250502635498
2025-11-11 23:00:00.015000+00:00,986.1250502635498
2025-11-12 00:00:00.096000+00:00,986.1250502635498
2025-11-12 01:00:00.040000+00:00,986.1250502635498
2025-11-12 02:00:00.123000+00:00,986.1250502635498
2025-11-12 03:00:00.006000+00:00,986.1250502635498
2025-11-12 04:00:00.014000+00:00,986.1250502635498
2025-11-12 05:00:00.084000+00:00,986.1250502635498
2025-11-12 06:00:00.107000+00:00,986.1250502635498
2025-11-12 07:00:00.073000+00:00,986.1250502635498
2025-11-12 08:00:00.004000+00:00,986.1250502635498
2025-11-12 09:00:00.040000+00:00,986.1250502635498
2025-11-12 10:00:00.021000+00:00,986.1250502635498
2025-11-12 11:00:00.044000+00:00,986.1250502635498
2025-11-12 12:00:00.007000+00:00,986.1250502635498
2025-11-12 13:00:00.063000+00:00,986.1250502635498
2025-11-12 14:00:00.043000+00:00,986.1250502635498
2025-11-12 15:00:00.019000+00:00,986.1250502635498
2025-11-12 16:00:00.001000+00:00,986.1250502635498
2025-11-12 17:00:00.045000+00:00,986.1250502635498
2025-11-12 18:00:00.036000+00:00,986.1250502635498
2025-11-12 19:00:00.032000+00:00,986.1250502635498
2025-11-12 20:00:00.038000+00:00,986.1250502635498
2025-11-12 21:00:00.057000+00:00,986.1250502635498
2025-11-12 22:00:00.019000+00:00,986.1250502635498
2025-11-12 23:00:00.045000+00:00,986.1250502635498
2025-11-13 00:00:00.007000+00:00,986.1250502635498
2025-11-13 01:00:00.079000+00:00,986.1250502635498
2025-11-13 02:00:00.052000+00:00,986.1250502635498
2025-11-13 03:00:00.067000+00:00,986.1250502635498
2025-11-13 04:00:00.039000+00:00,986.1250502635498
2025-11-13 05:00:00.072000+00:00,986.1250502635498
2025-11-13 06:00:00.028000+00:00,986.1250502635498
2025-11-13 07:00:00.014000+00:00,986.1250502635498
2025-11-13 08:00:00.053000+00:00,986.1250502635498
2025-11-13 09:00:00.007000+00:00,986.1250502635498
2025-11-13 10:00:00.062000+00:00,986.1250502635498
2025-11-13 11:00:00.092000+00:00,986.1250502635498
2025-11-13 12:00:00.022000+00:00,986.1250502635498
2025-11-13 13:00:00.024000+00:00,986.1250502635498
2025-11-13 14:00:00.070000+00:00,986.1250502635498
2025-11-13 15:00:00.014000+00:00,986.1250502635498
2025-11-13 16:00:00.012000+00:00,986.1250502635498
2025-11-13 17:00:00.042000+00:00,986.1250502635498
2025-11-13 18:00:00.058000+00:00,986.1250502635498
2025-11-13 19:00:00.062000+00:00,986.1250502635498
2025-11-13 20:00:00.061000+00:00,986.1250502635498
2025-11-13 21:00:00.046000+00:00,986.1250502635498
2025-11-13 22:00:00.013000+00:00,986.1250502635498
2025-11-13 23:00:00.059000+00:00,986.1250502635498
2025-11-14 00:00:00.130000+00:00,986.1250502635498
2025-11-14 01:00:00.014000+00:00,986.1250502635498
2025-11-14 02:00:00.069000+00:00,986.1250502635498
2025-11-14 03:00:00.085000+00:00,986.1250502635498
2025-11-14 04:00:00.024000+00:00,986.1250502635498
2025-11-14 05:00:00.029000+00:00,986.1250502635498
2025-11-14 06:00:00.096000+00:00,986.1250502635498
2025-11-14 07:00:00.019000+00:00,986.1250502635498
2025-11-14 08:00:00.098000+00:00,986.1250502635498
2025-11-14 09:00:00.137000+00:00,986.1250502635498
2025-11-14 10:00:00.036000+00:00,986.1250502635498
2025-11-14 11:00:00.052000+00:00,986.1250502635498
2025-11-14 12:00:00.046000+00:00,986.1250502635498
2025-11-14 13:00:00.041000+00:00,986.1250502635498
2025-11-14 14:00:00.034000+00:00,986.1250502635498
2025-11-14 15:00:00.013000+00:00,986.1250502635498
2025-11-14 16:00:00.014000+00:00,986.1250502635498
2025-11-14 17:00:00.079000+00:00,986.1250502635498
2025-11-14 18:00:00.020000+00:00,986.1250502635498
2025-11-14 19:00:00.005000+00:00,986.1250502635498
2025-11-14 20:00:00.054000+00:00,986.1250502635498
2025-11-14 21:00:00.011000+00:00,986.1250502635498
2025-11-14 22:00:00.091000+00:00,986.1250502635498
2025-11-14 23:00:00.037000+00:00,986.1250502635498
2025-11-15 00:00:00.028000+00:00,986.1250502635498
2025-11-15 01:00:00.133000+00:00,986.1250502635498
2025-11-15 02:00:00.009000+00:00,986.1250502635498
2025-11-15 03:00:00.036000+00:00,986.1250502635498
2025-11-15 04:00:00.065000+00:00,986.1250502635498
2025-11-15 05:00:00.009000+00:00,986.1250502635498
2025-11-15 06:00:00.014000+00:00,986.1250502635498
2025-11-15 07:00:00.047000+00:00,986.1250502635498
2025-11-15 08:00:00.089000+00:00,986.1250502635498
2025-11-15 09:00:00.051000+00:00,986.1250502635498
2025-11-15 10:00:00.102000+00:00,986.1250502635498
2025-11-15 11:00:00.069000+00:00,986.1250502635498
2025-11-15 12:00:00.005000+00:00,986.1250502635498
2025-11-15 13:00:00.021000+00:00,986.1250502635498
2025-11-15 14:00:00.091000+00:00,986.1250502635498
2025-11-15 15:00:00.034000+00:00,986.1250502635498
2025-11-15 16:00:00.015000+00:00,986.1250502635498
2025-11-15 17:00:00.035000+00:00,986.1250502635498
2025-11-15 18:00:00.023000+00:00,986.1250502635498
2025-11-15 19:00:00.004000+00:00,986.1250502635498
2025-11-15 20:00:00.052000+00:00,986.1250502635498
2025-11-15 21:00:00.109000+00:00,986.1250502635498
2025-11-15 22:00:00.042000+00:00,986.1250502635498
2025-11-15 23:00:00.047000+00:00,986.1250502635498
2025-11-16 00:00:00.002000+00:00,986.1250502635498
2025-11-16 01:00:00.042000+00:00,986.1250502635498
2025-11-16 02:00:00.028000+00:00,986.1250502635498
2025-11-16 03:00:00.028000+00:00,986.1250502635498
2025-11-16 04:00:00.042000+00:00,986.1250502635498
2025-11-16 05:00:00.061000+00:00,986.1250502635498
2025-11-16 06:00:00.020000+00:00,986.1250502635498
2025-11-16 07:00:00.060000+00:00,986.1250502635498
2025-11-16 08:00:00.087000+00:00,986.1250502635498
2025-11-16 09:00:00.076000+00:00,986.1250502635498
2025-11-16 10:00:00.068000+00:00,986.1250502635498
2025-11-16 11:00:00.119000+00:00,986.1250502635498
2025-11-16 12:00:00.087000+00:00,986.1250502635498
2025-11-16 13:00:00.043000+00:00,986.1250502635498
2025-11-16 14:00:00.073000+00:00,986.1250502635498
2025-11-16 15:00:00.030000+00:00,986.1250502635498
2025-11-16 16:00:00.012000+00:00,986.1250502635498
2025-11-16 17:00:00.053000+00:00,986.1250502635498
2025-11-16 18:00:00.003000+00:00,986.1250502635498
2025-11-16 19:00:00.068000+00:00,986.1250502635498
2025-11-16 20:00:00.033000+00:00,986.1250502635498
2025-11-16 21:00:00.059000+00:00,986.1250502635498
2025-11-16 22:00:00.007000+00:00,986.1250502635498
2025-11-16 23:00:00.049000+00:00,986.1250502635498
2025-11-17 00:00:00.032000+00:00,986.1250502635498
2025-11-17 01:00:00.020000+00:00,986.1250502635498
2025-11-17 02:00:00.028000+00:00,986.1250502635498
2025-11-17 03:00:00.050000+00:00,986.1250502635498
2025-11-17 04:00:00.026000+00:00,986.1250502635498
2025-11-17 05:00:00.122000+00:00,986.1250502635498
2025-11-17 06:00:00.073000+00:00,986.1250502635498
2025-11-17 07:00:00.069000+00:00,986.1250502635498
2025-11-17 08:00:00.018000+00:00,986.1250502635498
2025-11-17 09:00:00.061000+00:00,986.1250502635498
2025-11-17 10:00:00.009000+00:00,986.1250502635498
2025-11-17 11:00:00.051000+00:00,986.1250502635498
2025-11-17 12:00:00.042000+00:00,986.1250502635498
2025-11-17 13:00:00.062000+00:00,986.1250502635498
2025-11-17 14:00:00.072000+00:00,986.1250502635498
2025-11-17 15:00:00.017000+00:00,986.1250502635498
2025-11-17 16:00:00.091000+00:00,986.1250502635498
2025-11-17 17:00:00.031000+00:00,986.1250502635498
2025-11-17 18:00:00.033000+00:00,986.1250502635498
2025-11-17 19:00:00.029000+00:00,986.1250502635498
2025-11-17 20:00:00.047000+00:00,986.1250502635498
2025-11-17 21:00:00.069000+00:00,986.1250502635498
2025-11-17 22:00:00.074000+00:00,986.1250502635498
2025-11-17 23:00:00.045000+00:00,986.1250502635498
2025-11-18 00:00:00.005000+00:00,986.1250502635498
2025-11-18 01:00:00.008000+00:00,986.1250502635498
2025-11-18 02:00:00.088000+00:00,986.1250502635498
2025-11-18 03:00:00.016000+00:00,986.1250502635498
2025-11-18 04:00:00.090000+00:00,986.1250502635498
2025-11-18 05:00:00.014000+00:00,986.1250502635498
2025-11-18 06:00:00.071000+00:00,986.1250502635498
2025-11-18 07:00:00.106000+00:00,986.1250502635498
2025-11-18 08:00:00.038000+00:00,986.1250502635498
2025-11-18 09:00:00.045000+00:00,986.1250502635498
2025-11-18 10:00:00.075000+00:00,986.1250502635498
2025-11-18 11:00:00.001000+00:00,986.1250502635498
2025-11-18 12:00:00.035000+00:00,986.1250502635498
2025-11-18 13:00:00.032000+00:00,986.1250502635498
2025-11-18 14:00:00.037000+00:00,986.1250502635498
2025-11-18 15:00:00.046000+00:00,986.1250502635498
2025-11-18 16:00:00.046000+00:00,986.1250502635498
2025-11-18 17:00:00.013000+00:00,986.1250502635498
2025-11-18 18:00:00.026000+00:00,986.1250502635498
2025-11-18 19:00:00.025000+00:00,986.1250502635498
2025-11-18 20:00:00.006000+00:00,986.1250502635498
2025-11-18 21:00:00.030000+00:00,986.1250502635498
2025-11-18 22:00:00.011000+00:00,986.1250502635498
2025-11-18 23:00:00.026000+00:00,986.1250502635498
2025-11-19 00:00:00.026000+00:00,986.1250502635498
2025-11-19 01:00:00.092000+00:00,986.1250502635498
2025-11-19 02:00:00.049000+00:00,986.1250502635498
2025-11-19 03:00:00.012000+00:00,986.1250502635498
2025-11-19 04:00:00.054000+00:00,986.1250502635498
2025-11-19 05:00:00.003000+00:00,986.1250502635498
2025-11-19 06:00:00.026000+00:00,986.1250502635498
2025-11-19 07:00:00.048000+00:00,986.1250502635498
2025-11-19 08:00:00.018000+00:00,986.1250502635498
2025-11-19 09:00:00.048000+00:00,986.1250502635498
2025-11-19 10:00:00.012000+00:00,986.1250502635498
2025-11-19 11:00:00.095000+00:00,986.1250502635498
2025-11-19 12:00:00.026000+00:00,986.1250502635498
2025-11-19 13:00:00.042000+00:00,986.1250502635498
2025-11-19 14:00:00.002000+00:00,986.1250502635498
2025-11-19 15:00:00.004000+00:00,986.1250502635498
2025-11-19 16:00:00.036000+00:00,986.1250502635498
2025-11-19 17:00:00.080000+00:00,986.1250502635498
2025-11-19 18:00:00.054000+00:00,986.1250502635498
2025-11-19 19:00:00.006000+00:00,986.1250502635498
2025-11-19 20:00:00.045000+00:00,986.1250502635498
2025-11-19 21:00:00.018000+00:00,986.1250502635498
2025-11-19 22:00:00.034000+00:00,986.1250502635498
2025-11-19 23:00:00.027000+00:00,986.1250502635498
2025-11-20 00:00:00.071000+00:00,986.1250502635498
2025-11-20 01:00:00.114000+00:00,986.1250502635498
2025-11-20 02:00:00.030000+00:00,986.1250502635498
2025-11-20 03:00:00.050000+00:00,986.1250502635498
2025-11-20 04:00:00.005000+00:00,986.1250502635498
2025-11-20 05:00:00.045000+00:00,986.1250502635498
2025-11-20 06:00:00.003000+00:00,986.1250502635498
2025-11-20 07:00:00.046000+00:00,986.1250502635498
2025-11-20 08:00:00+00:00,986.1250502635498
2025-11-20 09:00:00.039000+00:00,986.1250502635498
2025-11-20 10:00:00.112000+00:00,986.1250502635498
2025-11-20 11:00:00.052000+00:00,986.1250502635498
2025-11-20 12:00:00.004000+00:00,986.1250502635498
2025-11-20 13:00:00.051000+00:00,986.1250502635498
2025-11-20 14:00:00.045000+00:00,986.1250502635498
2025-11-20 15:00:00.022000+00:00,986.1250502635498
2025-11-20 16:00:00.039000+00:00,986.1250502635498
2025-11-20 17:00:00.059000+00:00,986.1250502635498
2025-11-20 18:00:00.035000+00:00,986.1250502635498
2025-11-20 19:00:00.088000+00:00,986.1250502635498
2025-11-20 20:00:00.054000+00:00,986.1250502635498
2025-11-20 21:00:00+00:00,986.1250502635498
2025-11-20 22:00:00.129000+00:00,986.1250502635498
2025-11-20 23:00:00.006000+00:00,986.1250502635498
2025-11-21 00:00:00.037000+00:00,986.1250502635498
2025-11-21 01:00:00.053000+00:00,986.1250502635498
2025-11-21 02:00:00.169000+00:00,986.1250502635498
2025-11-21 03:00:00.141000+00:00,986.1250502635498
2025-11-21 04:00:00.006000+00:00,986.1250502635498
2025-11-21 05:00:00.005000+00:00,986.1250502635498
2025-11-21 06:00:00.054000+00:00,986.1250502635498
2025-11-21 07:00:00.092000+00:00,986.1250502635498
2025-11-21 08:00:00.103000+00:00,986.1250502635498
2025-11-21 09:00:00.003000+00:00,986.1250502635498
2025-11-21 10:00:00.007000+00:00,986.1250502635498
2025-11-21 11:00:00.009000+00:00,986.1250502635498
2025-11-21 12:00:00.005000+00:00,986.1250502635498
2025-11-21 13:00:00.102000+00:00,986.1250502635498
2025-11-21 14:00:00.044000+00:00,986.1250502635498
2025-11-21 15:00:00.047000+00:00,986.1250502635498
2025-11-21 16:00:00.015000+00:00,986.1250502635498
2025-11-21 17:00:00.023000+00:00,986.1250502635498
2025-11-21 18:00:00.006000+00:00,986.1250502635498
2025-11-21 19:00:00.093000+00:00,986.1250502635498
2025-11-21 20:00:00.034000+00:00,986.1250502635498
2025-11-21 21:00:00.031000+00:00,986.1250502635498
2025-11-21 22:00:00.066000+00:00,986.1250502635498
2025-11-21 23:00:00.002000+00:00,986.1250502635498
2025-11-22 00:00:00.049000+00:00,986.1250502635498
2025-11-22 01:00:00.034000+00:00,986.1250502635498
2025-11-22 02:00:00.035000+00:00,986.1250502635498
2025-11-22 03:00:00.083000+00:00,986.1250502635498
2025-11-22 04:00:00.070000+00:00,986.1250502635498
2025-11-22 05:00:00.036000+00:00,986.1250502635498
2025-11-22 06:00:00.033000+00:00,986.1250502635498
2025-11-22 07:00:00.060000+00:00,986.1250502635498
2025-11-22 08:00:00.063000+00:00,986.1250502635498
2025-11-22 09:00:00.011000+00:00,986.1250502635498
2025-11-22 10:00:00.052000+00:00,986.1250502635498
2025-11-22 11:00:00.092000+00:00,986.1250502635498
2025-11-22 12:00:00.045000+00:00,986.1250502635498
2025-11-22 13:00:00.078000+00:00,986.1250502635498
2025-11-22 14:00:00.013000+00:00,986.1250502635498
2025-11-22 15:00:00.010000+00:00,986.1250502635498
2025-11-22 16:00:00.011000+00:00,986.1250502635498
2025-11-22 17:00:00.019000+00:00,986.1250502635498
2025-11-22 18:00:00.003000+00:00,986.1250502635498
2025-11-22 19:00:00.027000+00:00,986.1250502635498
2025-11-22 20:00:00.045000+00:00,986.1250502635498
2025-11-22 21:00:00.055000+00:00,986.1250502635498
2025-11-22 22:00:00.053000+00:00,986.1250502635498
2025-11-22 23:00:00.085000+00:00,986.1250502635498
2025-11-23 00:00:00.020000+00:00,986.1250502635498
2025-11-23 01:00:00.093000+00:00,986.1250502635498
2025-11-23 02:00:00.046000+00:00,986.1250502635498
2025-11-23 03:00:00.024000+00:00,986.1250502635498
2025-11-23 04:00:00.004000+00:00,986.1250502635498
2025-11-23 05:00:00.012000+00:00,986.1250502635498
2025-11-23 06:00:00.007000+00:00,986.1250502635498
2025-11-23 07:00:00.051000+00:00,986.1250502635498
2025-11-23 08:00:00.064000+00:00,986.1250502635498
2025-11-23 09:00:00.008000+00:00,986.1250502635498
2025-11-23 10:00:00.023000+00:00,986.1250502635498
2025-11-23 11:00:00.097000+00:00,986.1250502635498
2025-11-23 12:00:00.010000+00:00,986.1250502635498
2025-11-23 13:00:00.086000+00:00,986.1250502635498
2025-11-23 14:00:00.004000+00:00,986.1250502635498
2025-11-23 15:00:00.040000+00:00,986.1250502635498
2025-11-23 16:00:00.021000+00:00,986.1250502635498
2025-11-23 17:00:00.005000+00:00,986.1250502635498
2025-11-23 18:00:00.020000+00:00,986.1250502635498
2025-11-23 19:00:00.042000+00:00,986.1250502635498
2025-11-23 20:00:00.076000+00:00,986.1250502635498
2025-11-23 21:00:00.083000+00:00,986.1250502635498
2025-11-23 22:00:00.032000+00:00,986.1250502635498
2025-11-23 23:00:00.050000+00:00,986.1250502635498
2025-11-24 00:00:00.051000+00:00,986.1250502635498
2025-11-24 01:00:00.030000+00:00,986.1250502635498
2025-11-24 02:00:00.067000+00:00,986.1250502635498
2025-11-24 03:00:00.010000+00:00,986.1250502635498
2025-11-24 04:00:00.034000+00:00,986.1250502635498
2025-11-24 05:00:00.042000+00:00,986.1250502635498
2025-11-24 06:00:00.036000+00:00,986.1250502635498
2025-11-24 07:00:00.028000+00:00,986.1250502635498
2025-11-24 08:00:00.025000+00:00,986.1250502635498
2025-11-24 09:00:00.049000+00:00,986.1250502635498
2025-11-24 10:00:00.007000+00:00,986.1250502635498
2025-11-24 11:00:00.049000+00:00,986.1250502635498
2025-11-24 12:00:00.056000+00:00,986.1250502635498
2025-11-24 13:00:00.014000+00:00,986.1250502635498
2025-11-24 14:00:00.035000+00:00,986.1250502635498
2025-11-24 15:00:00.015000+00:00,986.1250502635498
2025-11-24 16:00:00.011000+00:00,986.1250502635498
2025-11-24 17:00:00.041000+00:00,986.1250502635498
2025-11-24 18:00:00.097000+00:00,986.1250502635498
2025-11-24 19:00:00.065000+00:00,986.1250502635498
2025-11-24 20:00:00.083000+00:00,986.1250502635498
2025-11-24 21:00:00.134000+00:00,986.1250502635498
2025-11-24 22:00:00.018000+00:00,986.1250502635498
2025-11-24 23:00:00.013000+00:00,986.1250502635498
2025-11-25 00:00:00.027000+00:00,986.1250502635498
2025-11-25 01:00:00.029000+00:00,986.1250502635498
2025-11-25 02:00:00.065000+00:00,986.1250502635498
2025-11-25 03:00:00.062000+00:00,986.1250502635498
2025-11-25 04:00:00.057000+00:00,986.1250502635498
2025-11-25 05:00:00.061000+00:00,986.1250502635498
2025-11-25 06:00:00.056000+00:00,986.1250502635498
2025-11-25 07:00:00.004000+00:00,986.1250502635498
2025-11-25 08:00:00+00:00,986.1250502635498
2025-11-25 09:00:00.065000+00:00,986.1250502635498
2025-11-25 10:00:00.014000+00:00,986.1250502635498
2025-11-25 11:00:00.010000+00:00,986.1250502635498
2025-11-25 12:00:00.055000+00:00,986.1250502635498
2025-11-25 13:00:00.083000+00:00,986.1250502635498
2025-11-25 14:00:00.039000+00:00,986.1250502635498
2025-11-25 15:00:00.004000+00:00,986.1250502635498
2025-11-25 16:00:00.060000+00:00,986.1250502635498
2025-11-25 17:00:00.006000+00:00,986.1250502635498
2025-11-25 18:00:00.054000+00:00,986.1250502635498
2025-11-25 19:00:00.061000+00:00,986.1250502635498
2025-11-25 20:00:00.015000+00:00,986.1250502635498
2025-11-25 21:00:00.012000+00:00,986.1250502635498
2025-11-25 22:00:00.013000+00:00,986.1250502635498
2025-11-25 23:00:00.092000+00:00,986.1250502635498
2025-11-26 00:00:00.203000+00:00,986.1250502635498
2025-11-26 01:00:00.056000+00:00,986.1250502635498
2025-11-26 02:00:00.030000+00:00,986.1250502635498
2025-11-26 03:00:00.063000+00:00,986.1250502635498
2025-11-26 04:00:00.014000+00:00,986.1250502635498
2025-11-26 05:00:00.044000+00:00,986.1250502635498
2025-11-26 06:00:00.016000+00:00,986.1250502635498
2025-11-26 07:00:00.022000+00:00,986.1250502635498
2025-11-26 08:00:00.098000+00:00,986.1250502635498
2025-11-26 09:00:00.091000+00:00,986.1250502635498
2025-11-26 10:00:00.025000+00:00,986.1250502635498
2025-11-26 11:00:00.023000+00:00,986.1250502635498
2025-11-26 12:00:00.100000+00:00,986.1250502635498
2025-11-26 13:00:00.034000+00:00,986.1250502635498
2025-11-26 14:00:00.047000+00:00,986.1250502635498
2025-11-26 15:00:00.012000+00:00,986.1250502635498
2025-11-26 16:00:00.062000+00:00,986.1250502635498
2025-11-26 17:00:00.062000+00:00,986.1250502635498
2025-11-26 18:00:00.073000+00:00,986.1250502635498
2025-11-26 19:00:00.048000+00:00,986.1250502635498
2025-11-26 20:00:00.065000+00:00,986.1250502635498
2025-11-26 21:00:00.032000+00:00,986.1250502635498
2025-11-26 22:00:00.029000+00:00,986.1250502635498
2025-11-26 23:00:00.032000+00:00,986.1250502635498
2025-11-27 00:00:00.024000+00:00,986.1250502635498
2025-11-27 01:00:00.006000+00:00,986.1250502635498
2025-11-27 02:00:00.090000+00:00,986.1250502635498
2025-11-27 03:00:00.036000+00:00,986.1250502635498
2025-11-27 04:00:00.062000+00:00,986.1250502635498
2025-11-27 05:00:00.069000+00:00,986.1250502635498
2025-11-27 06:00:00.027000+00:00,986.1250502635498
2025-11-27 07:00:00.004000+00:00,986.1250502635498
2025-11-27 08:00:00.031000+00:00,986.1250502635498
2025-11-27 09:00:00.030000+00:00,986.1250502635498
2025-11-27 10:00:00.037000+00:00,986.1250502635498
2025-11-27 11:00:00.006000+00:00,986.1250502635498
2025-11-27 12:00:00.056000+00:00,986.1250502635498
2025-11-27 13:00:00.129000+00:00,986.1250502635498
2025-11-27 14:00:00.083000+00:00,986.1250502635498
2025-11-27 15:00:00.013000+00:00,986.1250502635498
2025-11-27 16:00:00.038000+00:00,986.1250502635498
2025-11-27 17:00:00.030000+00:00,986.1250502635498
2025-11-27 18:00:00.008000+00:00,986.1250502635498
2025-11-27 19:00:00.043000+00:00,986.1250502635498
2025-11-27 20:00:00.031000+00:00,986.1250502635498
2025-11-27 21:00:00.068000+00:00,986.1250502635498
2025-11-27 22:00:00.021000+00:00,986.1250502635498
2025-11-27 23:00:00.015000+00:00,986.1250502635498
2025-11-28 00:00:00.003000+00:00,986.1250502635498
2025-11-28 01:00:00.096000+00:00,986.1250502635498
2025-11-28 02:00:00.007000+00:00,986.1250502635498
2025-11-28 03:00:00.026000+00:00,986.1250502635498
2025-11-28 04:00:00.060000+00:00,986.1250502635498
2025-11-28 05:00:00.102000+00:00,986.1250502635498
2025-11-28 06:00:00.089000+00:00,986.1250502635498
2025-11-28 07:00:00.032000+00:00,986.1250502635498
2025-11-28 08:00:00.007000+00:00,986.1250502635498
2025-11-28 09:00:00.007000+00:00,986.1250502635498
2025-11-28 10:00:00.046000+00:00,986.1250502635498
2025-11-28 11:00:00.039000+00:00,986.1250502635498
2025-11-28 12:00:00.055000+00:00,986.1250502635498
2025-11-28 13:00:00.037000+00:00,986.1250502635498
2025-11-28 14:00:00.032000+00:00,986.1250502635498
2025-11-28 15:00:00+00:00,986.1250502635498
2025-11-28 16:00:00.028000+00:00,986.1250502635498
2025-11-28 17:00:00.067000+00:00,986.1250502635498
2025-11-28 18:00:00.002000+00:00,986.1250502635498
2025-11-28 19:00:00.074000+00:00,986.1250502635498
2025-11-28 20:00:00.023000+00:00,986.1250502635498
2025-11-28 21:00:00.034000+00:00,986.1250502635498
2025-11-28 22:00:00.030000+00:00,986.1250502635498
2025-11-28 23:00:00.038000+00:00,986.1250502635498
2025-11-29 00:00:00.025000+00:00,986.1250502635498
2025-11-29 01:00:00.081000+00:00,986.1250502635498
2025-11-29 02:00:00.015000+00:00,986.1250502635498
2025-11-29 03:00:00.061000+00:00,986.1250502635498
2025-11-29 04:00:00.003000+00:00,986.1250502635498
2025-11-29 05:00:00.146000+00:00,986.1250502635498
2025-11-29 06:00:00.061000+00:00,986.1250502635498
2025-11-29 07:00:00.067000+00:00,986.1250502635498
2025-11-29 08:00:00.067000+00:00,986.1250502635498
2025-11-29 09:00:00.005000+00:00,986.1250502635498
2025-11-29 10:00:00.028000+00:00,986.1250502635498
2025-11-29 11:00:00.053000+00:00,986.1250502635498
2025-11-29 12:00:00+00:00,986.1250502635498
2025-11-29 13:00:00.051000+00:00,986.1250502635498
2025-11-29 14:00:00.026000+00:00,986.1250502635498
2025-11-29 15:00:00.007000+00:00,986.1250502635498
2025-11-29 16:00:00.017000+00:00,986.1250502635498
2025-11-29 17:00:00.109000+00:00,986.1250502635498
2025-11-29 18:00:00.004000+00:00,986.1250502635498
2025-11-29 19:00:00.022000+00:00,986.1250502635498
2025-11-29 20:00:00.051000+00:00,986.1250502635498
2025-11-29 21:00:00.028000+00:00,986.1250502635498
2025-11-29 22:00:00.035000+00:00,986.1250502635498
2025-11-29 23:00:00.051000+00:00,986.1250502635498
2025-11-30 00:00:00.082000+00:00,986.1250502635498
2025-11-30 01:00:00.030000+00:00,986.1250502635498
2025-11-30 02:00:00.075000+00:00,986.1250502635498
2025-11-30 03:00:00.044000+00:00,986.1250502635498
2025-11-30 04:00:00.090000+00:00,986.1250502635498
2025-11-30 05:00:00.004000+00:00,986.1250502635498
2025-11-30 06:00:00.004000+00:00,986.1250502635498
2025-11-30 07:00:00.045000+00:00,986.1250502635498
2025-11-30 08:00:00.065000+00:00,986.1250502635498
2025-11-30 09:00:00.051000+00:00,986.1250502635498
2025-11-30 10:00:00.075000+00:00,986.1250502635498
2025-11-30 11:00:00.070000+00:00,986.1250502635498
2025-11-30 12:00:00.054000+00:00,986.1250502635498
2025-11-30 13:00:00.060000+00:00,986.1250502635498
2025-11-30 14:00:00.007000+00:00,986.1250502635498
2025-11-30 15:00:00.066000+00:00,986.1250502635498
2025-11-30 16:00:00.049000+00:00,986.1250502635498
2025-11-30 17:00:00.046000+00:00,986.1250502635498
2025-11-30 18:00:00.097000+00:00,986.1250502635498
2025-11-30 19:00:00.015000+00:00,986.1250502635498
2025-11-30 20:00:00.096000+00:00,986.1250502635498
2025-11-30 21:00:00.035000+00:00,986.1250502635498
2025-11-30 22:00:00.056000+00:00,986.1250502635498
2025-11-30 23:00:00.008000+00:00,986.1250502635498
2025-12-01 00:00:00.073000+00:00,986.1250502635498
2025-12-01 01:00:00.076000+00:00,986.1250502635498
2025-12-01 02:00:00.003000+00:00,986.1250502635498
2025-12-01 03:00:00.027000+00:00,986.1250502635498
2025-12-01 04:00:00.028000+00:00,986.1250502635498
2025-12-01 05:00:00.048000+00:00,986.1250502635498
2025-12-01 06:00:00.029000+00:00,986.1250502635498
2025-12-01 07:00:00.034000+00:00,986.1250502635498
2025-12-01 08:00:00.014000+00:00,986.1250502635498
2025-12-01 09:00:00.010000+00:00,986.1250502635498
2025-12-01 10:00:00.038000+00:00,986.1250502635498
2025-12-01 11:00:00.036000+00:00,986.1250502635498
2025-12-01 12:00:00.066000+00:00,986.1250502635498
2025-12-01 13:00:00.024000+00:00,986.1250502635498
2025-12-01 14:00:00.024000+00:00,986.1250502635498
2025-12-01 15:00:00.067000+00:00,986.1250502635498
2025-12-01 16:00:00.069000+00:00,986.1250502635498
2025-12-01 17:00:00.021000+00:00,986.1250502635498
2025-12-01 18:00:00.060000+00:00,986.1250502635498
2025-12-01 19:00:00+00:00,986.1250502635498
2025-12-01 20:00:00.070000+00:00,986.1250502635498
2025-12-01 21:00:00.006000+00:00,986.1250502635498
2025-12-01 22:00:00.103000+00:00,986.1250502635498
2025-12-01 23:00:00.062000+00:00,986.1250502635498
2025-12-02 00:00:00.052000+00:00,986.1250502635498
2025-12-02 01:00:00.062000+00:00,986.1250502635498
2025-12-02 02:00:00.027000+00:00,986.1250502635498
2025-12-02 03:00:00.060000+00:00,986.1250502635498
2025-12-02 04:00:00.023000+00:00,986.1250502635498
2025-12-02 05:00:00.061000+00:00,986.1250502635498
2025-12-02 06:00:00.036000+00:00,986.1250502635498
2025-12-02 07:00:00.001000+00:00,986.1250502635498
2025-12-02 08:00:00.104000+00:00,986.1250502635498
2025-12-02 09:00:00.038000+00:00,986.1250502635498
2025-12-02 10:00:00.047000+00:00,986.1250502635498
2025-12-02 11:00:00.037000+00:00,986.1250502635498
2025-12-02 12:00:00.092000+00:00,986.1250502635498
2025-12-02 13:00:00.029000+00:00,986.1250502635498
2025-12-02 14:00:00.078000+00:00,986.1250502635498
2025-12-02 15:00:00.070000+00:00,986.1250502635498
2025-12-02 16:00:00.048000+00:00,986.1250502635498
2025-12-02 17:00:00.058000+00:00,986.1250502635498
2025-12-02 18:00:00.022000+00:00,986.1250502635498
2025-12-02 19:00:00.027000+00:00,986.1250502635498
2025-12-02 20:00:00.007000+00:00,986.1250502635498
2025-12-02 21:00:00.115000+00:00,986.1250502635498
2025-12-02 22:00:00.050000+00:00,986.1250502635498
2025-12-02 23:00:00.064000+00:00,986.1250502635498
2025-12-03 00:00:00.098000+00:00,986.1250502635498
2025-12-03 01:00:00.052000+00:00,986.1250502635498
2025-12-03 02:00:00.028000+00:00,986.1250502635498
2025-12-03 03:00:00.017000+00:00,986.1250502635498
2025-12-03 04:00:00.010000+00:00,986.1250502635498
2025-12-03 05:00:00.062000+00:00,986.1250502635498
2025-12-03 06:00:00.007000+00:00,986.1250502635498
2025-12-03 07:00:00.016000+00:00,986.1250502635498
2025-12-03 08:00:00.016000+00:00,986.1250502635498
2025-12-03 09:00:00.099000+00:00,986.1250502635498
2025-12-03 10:00:00.051000+00:00,986.1250502635498
2025-12-03 11:00:00.008000+00:00,986.1250502635498
2025-12-03 12:00:00.008000+00:00,986.1250502635498
2025-12-03 13:00:00.033000+00:00,986.1250502635498
2025-12-03 14:00:00.068000+00:00,986.1250502635498
2025-12-03 15:00:00.020000+00:00,986.1250502635498
2025-12-03 16:00:00.116000+00:00,986.1250502635498
2025-12-03 17:00:00.035000+00:00,986.1250502635498
2025-12-03 18:00:00.043000+00:00,986.1250502635498
2025-12-03 19:00:00+00:00,986.1250502635498
2025-12-03 20:00:00.036000+00:00,986.1250502635498
2025-12-03 21:00:00.027000+00:00,986.1250502635498
2025-12-03 22:00:00.024000+00:00,986.1250502635498
2025-12-03 23:00:00.029000+00:00,986.1250502635498
2025-12-04 00:00:00.032000+00:00,986.1250502635498
2025-12-04 01:00:00.010000+00:00,986.1250502635498
2025-12-04 02:00:00.079000+00:00,986.1250502635498
2025-12-04 03:00:00.010000+00:00,986.1250502635498
2025-12-04 04:00:00.038000+00:00,986.1250502635498
2025-12-04 05:00:00.064000+00:00,986.1250502635498
2025-12-04 06:00:00.059000+00:00,986.1250502635498
2025-12-04 07:00:00.011000+00:00,986.1250502635498
2025-12-04 08:00:00.049000+00:00,986.1250502635498
2025-12-04 09:00:00.085000+00:00,986.1250502635498
2025-12-04 10:00:00.081000+00:00,986.1250502635498
2025-12-04 11:00:00.050000+00:00,986.1250502635498
2025-12-04 12:00:00.031000+00:00,986.1250502635498
2025-12-04 13:00:00.064000+00:00,986.1250502635498
2025-12-04 14:00:00.041000+00:00,986.1250502635498
2025-12-04 15:00:00.047000+00:00,986.1250502635498
2025-12-04 16:00:00.010000+00:00,986.1250502635498
2025-12-04 17:00:00.054000+00:00,986.1250502635498
2025-12-04 18:00:00.008000+00:00,986.1250502635498
2025-12-04 19:00:00.044000+00:00,986.1250502635498
2025-12-04 20:00:00.021000+00:00,986.1250502635498
2025-12-04 21:00:00.078000+00:00,986.1250502635498
2025-12-04 22:00:00.034000+00:00,986.1250502635498
2025-12-04 23:00:00.015000+00:00,986.1250502635498
2025-12-05 00:00:00.002000+00:00,986.1250502635498
2025-12-05 01:00:00.035000+00:00,986.1250502635498
2025-12-05 02:00:00.021000+00:00,986.1250502635498
2025-12-05 03:00:00.048000+00:00,986.1250502635498
2025-12-05 04:00:00.066000+00:00,986.1250502635498
2025-12-05 05:00:00.044000+00:00,986.1250502635498
2025-12-05 06:00:00.033000+00:00,986.1250502635498
2025-12-05 07:00:00.050000+00:00,986.1250502635498
2025-12-05 08:00:00.032000+00:00,986.1250502635498
2025-12-05 09:00:00.019000+00:00,986.1250502635498
2025-12-05 10:00:00.035000+00:00,986.1250502635498
2025-12-05 11:00:00.077000+00:00,986.1250502635498
2025-12-05 12:00:00.030000+00:00,986.1250502635498
2025-12-05 13:00:00.062000+00:00,986.1250502635498
2025-12-05 14:00:00.047000+00:00,986.1250502635498
2025-12-05 15:00:00.036000+00:00,986.1250502635498
2025-12-05 16:00:00+00:00,986.1250502635498
2025-12-05 17:00:00.026000+00:00,986.1250502635498
2025-12-05 18:00:00.054000+00:00,986.1250502635498
2025-12-05 19:00:00.086000+00:00,986.1250502635498
2025-12-05 20:00:00.004000+00:00,986.1250502635498
2025-12-05 21:00:00.036000+00:00,986.1250502635498
2025-12-05 22:00:00.035000+00:00,986.1250502635498
2025-12-05 23:00:00.012000+00:00,986.1250502635498
2025-12-06 00:00:00.052000+00:00,986.1250502635498
2025-12-06 01:00:00.110000+00:00,986.1250502635498
2025-12-06 02:00:00.011000+00:00,986.1250502635498
2025-12-06 03:00:00.053000+00:00,986.1250502635498
2025-12-06 04:00:00.025000+00:00,986.1250502635498
2025-12-06 05:00:00.044000+00:00,986.1250502635498
2025-12-06 06:00:00.010000+00:00,986.1250502635498
2025-12-06 07:00:00.052000+00:00,986.1250502635498
2025-12-06 08:00:00.049000+00:00,986.1250502635498
2025-12-06 09:00:00.050000+00:00,986.1250502635498
2025-12-06 10:00:00.024000+00:00,986.1250502635498
2025-12-06 11:00:00.005000+00:00,986.1250502635498
2025-12-06 12:00:00.038000+00:00,986.1250502635498
2025-12-06 13:00:00.034000+00:00,986.1250502635498
2025-12-06 14:00:00.047000+00:00,986.1250502635498
2025-12-06 15:00:00.028000+00:00,986.1250502635498
2025-12-06 16:00:00.107000+00:00,986.1250502635498
2025-12-06 17:00:00.025000+00:00,986.1250502635498
2025-12-06 18:00:00.046000+00:00,986.1250502635498
2025-12-06 19:00:00.065000+00:00,986.1250502635498
2025-12-06 20:00:00.038000+00:00,986.1250502635498
2025-12-06 21:00:00.067000+00:00,986.1250502635498
2025-12-06 22:00:00.120000+00:00,986.1250502635498
2025-12-06 23:00:00.058000+00:00,986.1250502635498
2025-12-07 00:00:00.005000+00:00,986.1250502635498
2025-12-07 01:00:00.048000+00:00,986.1250502635498
2025-12-07 02:00:00.012000+00:00,986.1250502635498
2025-12-07 03:00:00.047000+00:00,986.1250502635498
2025-12-07 04:00:00.147000+00:00,986.1250502635498
2025-12-07 05:00:00.081000+00:00,986.1250502635498
2025-12-07 06:00:00.041000+00:00,986.1250502635498
2025-12-07 07:00:00.003000+00:00,986.1250502635498
2025-12-07 08:00:00.025000+00:00,986.1250502635498
2025-12-07 09:00:00.033000+00:00,986.1250502635498
2025-12-07 10:00:00.096000+00:00,986.1250502635498
2025-12-07 11:00:00.107000+00:00,986.1250502635498
2025-12-07 12:00:00.022000+00:00,986.1250502635498
2025-12-07 13:00:00.015000+00:00,986.1250502635498
2025-12-07 14:00:00.007000+00:00,986.1250502635498
2025-12-07 15:00:00.003000+00:00,986.1250502635498
2025-12-07 16:00:00.031000+00:00,986.1250502635498
2025-12-07 17:00:00.002000+00:00,986.1250502635498
2025-12-07 18:00:00.040000+00:00,986.1250502635498
2025-12-07 19:00:00.096000+00:00,986.1250502635498
2025-12-07 20:00:00.036000+00:00,986.1250502635498
2025-12-07 21:00:00.009000+00:00,986.1250502635498
2025-12-07 22:00:00.031000+00:00,986.1250502635498
2025-12-07 23:00:00.067000+00:00,986.1250502635498
2025-12-08 00:00:00.031000+00:00,986.1250502635498
2025-12-08 01:00:00.152000+00:00,986.1250502635498
2025-12-08 02:00:00.010000+00:00,986.1250502635498
2025-12-08 03:00:00.024000+00:00,986.1250502635498
2025-12-08 04:00:00.007000+00:00,986.1250502635498
2025-12-08 05:00:00.036000+00:00,986.1250502635498
2025-12-08 06:00:00.056000+00:00,986.1250502635498
2025-12-08 07:00:00.006000+00:00,986.1250502635498
2025-12-08 08:00:00.113000+00:00,986.1250502635498
2025-12-08 09:00:00.062000+00:00,986.1250502635498
2025-12-08 10:00:00.041000+00:00,986.1250502635498
2025-12-08 11:00:00.085000+00:00,986.1250502635498
2025-12-08 12:00:00.019000+00:00,986.1250502635498
2025-12-08 13:00:00.077000+00:00,986.1250502635498
2025-12-08 14:00:00.056000+00:00,986.1250502635498
2025-12-08 15:00:00.011000+00:00,986.1250502635498
2025-12-08 16:00:00.037000+00:00,986.1250502635498
2025-12-08 17:00:00.037000+00:00,986.1250502635498
2025-12-08 18:00:00.053000+00:00,986.1250502635498
2025-12-08 19:00:00.047000+00:00,986.1250502635498
2025-12-08 20:00:00.021000+00:00,986.1250502635498
2025-12-08 21:00:00.150000+00:00,986.1250502635498
2025-12-08 22:00:00.004000+00:00,986.1250502635498
2025-12-08 23:00:00.059000+00:00,986.1250502635498
2025-12-09 00:00:00.087000+00:00,986.1250502635498
2025-12-09 01:00:00.022000+00:00,986.1250502635498
2025-12-09 02:00:00.045000+00:00,986.1250502635498
2025-12-09 03:00:00.064000+00:00,986.1250502635498
2025-12-09 04:00:00.033000+00:00,986.1250502635498
2025-12-09 05:00:00.043000+00:00,986.1250502635498
2025-12-09 06:00:00.001000+00:00,986.1250502635498
2025-12-09 07:00:00.090000+00:00,986.1250502635498
2025-12-09 08:00:00.041000+00:00,986.1250502635498
2025-12-09 09:00:00.045000+00:00,986.1250502635498
2025-12-09 10:00:00.025000+00:00,986.1250502635498
2025-12-09 11:00:00.029000+00:00,986.1250502635498
2025-12-09 12:00:00.077000+00:00,986.1250502635498
2025-12-09 13:00:00.052000+00:00,986.1250502635498
2025-12-09 14:00:00.043000+00:00,986.1250502635498
2025-12-09 15:00:00.058000+00:00,986.1250502635498
2025-12-09 16:00:00.007000+00:00,986.1250502635498
2025-12-09 17:00:00.005000+00:00,986.1250502635498
2025-12-09 18:00:00.021000+00:00,986.1250502635498
2025-12-09 19:00:00.066000+00:00,986.1250502635498
2025-12-09 20:00:00.008000+00:00,986.1250502635498
2025-12-09 21:00:00.033000+00:00,986.1250502635498
2025-12-09 22:00:00.103000+00:00,986.1250502635498
2025-12-09 23:00:00.008000+00:00,986.1250502635498
2025-12-10 00:00:00.013000+00:00,986.1250502635498
2025-12-10 01:00:00.046000+00:00,986.1250502635498
2025-12-10 02:00:00.101000+00:00,986.1250502635498
2025-12-10 03:00:00+00:00,986.1250502635498
2025-12-10 04:00:00.090000+00:00,986.1250502635498
2025-12-10 05:00:00.079000+00:00,986.1250502635498
2025-12-10 06:00:00.065000+00:00,986.1250502635498
2025-12-10 07:00:00.025000+00:00,986.1250502635498
2025-12-10 08:00:00.023000+00:00,986.1250502635498
2025-12-10 09:00:00.031000+00:00,986.1250502635498
2025-12-10 10:00:00.108000+00:00,986.1250502635498
2025-12-10 11:00:00.050000+00:00,986.1250502635498
2025-12-10 12:00:00.051000+00:00,986.1250502635498
2025-12-10 13:00:00.033000+00:00,986.1250502635498
2025-12-10 14:00:00.003000+00:00,986.1250502635498
2025-12-10 15:00:00.139000+00:00,986.1250502635498
2025-12-10 16:00:00.003000+00:00,986.1250502635498
2025-12-10 17:00:00.019000+00:00,986.1250502635498
2025-12-10 18:00:00.058000+00:00,986.1250502635498
2025-12-10 19:00:00.036000+00:00,986.1250502635498
2025-12-10 20:00:00.105000+00:00,986.1250502635498
2025-12-10 21:00:00.013000+00:00,986.1250502635498
2025-12-10 22:00:00.057000+00:00,986.1250502635498
2025-12-10 23:00:00+00:00,986.1250502635498
2025-12-11 00:00:00.043000+00:00,986.1250502635498
2025-12-11 01:00:00.002000+00:00,986.1250502635498
2025-12-11 02:00:00.017000+00:00,986.1250502635498
2025-12-11 03:00:00.029000+00:00,986.1250502635498
2025-12-11 04:00:00.035000+00:00,986.1250502635498
2025-12-11 05:00:00.039000+00:00,986.1250502635498
2025-12-11 06:00:00.044000+00:00,986.1250502635498
2025-12-11 07:00:00.030000+00:00,986.1250502635498
2025-12-11 08:00:00.002000+00:00,986.1250502635498
2025-12-11 09:00:00.086000+00:00,986.1250502635498
2025-12-11 10:00:00.017000+00:00,986.1250502635498
2025-12-11 11:00:00.074000+00:00,986.1250502635498
2025-12-11 12:00:00.085000+00:00,986.1250502635498
2025-12-11 13:00:00.016000+00:00,986.1250502635498
2025-12-11 14:00:00.053000+00:00,986.1250502635498
2025-12-11 15:00:00.033000+00:00,986.1250502635498
2025-12-11 16:00:00.037000+00:00,986.1250502635498
2025-12-11 17:00:00.009000+00:00,986.1250502635498
2025-12-11 18:00:00.065000+00:00,986.1250502635498
2025-12-11 19:00:00.050000+00:00,986.1250502635498
2025-12-11 20:00:00.102000+00:00,986.1250502635498
2025-12-11 21:00:00.008000+00:00,986.1250502635498
2025-12-11 22:00:00.002000+00:00,986.1250502635498
2025-12-11 23:00:00.050000+00:00,986.1250502635498
2025-12-12 00:00:00.018000+00:00,986.1250502635498
2025-12-12 01:00:00.171000+00:00,986.1250502635498
2025-12-12 02:00:00.053000+00:00,986.1250502635498
2025-12-12 03:00:00.087000+00:00,986.1250502635498
2025-12-12 04:00:00.006000+00:00,986.1250502635498
2025-12-12 05:00:00.009000+00:00,986.1250502635498
2025-12-12 06:00:00.066000+00:00,986.1250502635498
2025-12-12 07:00:00.063000+00:00,986.1250502635498
2025-12-12 08:00:00.062000+00:00,986.1250502635498
2025-12-12 09:00:00.026000+00:00,986.1250502635498
2025-12-12 10:00:00.066000+00:00,986.1250502635498
2025-12-12 11:00:00.038000+00:00,986.1250502635498
2025-12-12 12:00:00.034000+00:00,986.1250502635498
2025-12-12 13:00:00.065000+00:00,986.1250502635498
2025-12-12 14:00:00.016000+00:00,986.1250502635498
2025-12-12 15:00:00.036000+00:00,986.1250502635498
2025-12-12 16:00:00.063000+00:00,986.1250502635498
2025-12-12 17:00:00.048000+00:00,986.1250502635498
2025-12-12 18:00:00.100000+00:00,986.1250502635498
2025-12-12 19:00:00.047000+00:00,986.1250502635498
2025-12-12 20:00:00.061000+00:00,986.1250502635498
2025-12-12 21:00:00.053000+00:00,986.1250502635498
2025-12-12 22:00:00.043000+00:00,986.1250502635498
2025-12-12 23:00:00.048000+00:00,986.1250502635498
2025-12-13 00:00:00.091000+00:00,986.1250502635498
2025-12-13 01:00:00.043000+00:00,986.1250502635498
2025-12-13 02:00:00.027000+00:00,986.1250502635498
2025-12-13 03:00:00.090000+00:00,986.1250502635498
2025-12-13 04:00:00.011000+00:00,986.1250502635498
2025-12-13 05:00:00.068000+00:00,986.1250502635498
2025-12-13 06:00:00.030000+00:00,986.1250502635498
2025-12-13 07:00:00.002000+00:00,986.1250502635498
2025-12-13 08:00:00.054000+00:00,986.1250502635498
2025-12-13 09:00:00.047000+00:00,986.1250502635498
2025-12-13 10:00:00.009000+00:00,986.1250502635498
2025-12-13 11:00:00.027000+00:00,986.1250502635498
2025-12-13 12:00:00.024000+00:00,986.1250502635498
2025-12-13 13:00:00.079000+00:00,986.1250502635498
2025-12-13 14:00:00.061000+00:00,986.1250502635498
2025-12-13 15:00:00.113000+00:00,986.1250502635498
2025-12-13 16:00:00.054000+00:00,986.1250502635498
2025-12-13 17:00:00.085000+00:00,986.1250502635498
2025-12-13 18:00:00.079000+00:00,986.1250502635498
2025-12-13 19:00:00.003000+00:00,986.1250502635498
2025-12-13 20:00:00.137000+00:00,986.1250502635498
2025-12-13 21:00:00.031000+00:00,986.1250502635498
2025-12-13 22:00:00.014000+00:00,986.1250502635498
2025-12-13 23:00:00.022000+00:00,986.1250502635498
2025-12-14 00:00:00.071000+00:00,986.1250502635498
2025-12-14 01:00:00.077000+00:00,986.1250502635498
2025-12-14 02:00:00.004000+00:00,986.1250502635498
2025-12-14 03:00:00.045000+00:00,986.1250502635498
2025-12-14 04:00:00.070000+00:00,986.1250502635498
2025-12-14 05:00:00.007000+00:00,986.1250502635498
2025-12-14 06:00:00.066000+00:00,986.1250502635498
2025-12-14 07:00:00.048000+00:00,986.1250502635498
2025-12-14 08:00:00.098000+00:00,986.1250502635498
2025-12-14 09:00:00.052000+00:00,986.1250502635498
2025-12-14 10:00:00.041000+00:00,986.1250502635498
2025-12-14 11:00:00.121000+00:00,986.1250502635498
2025-12-14 12:00:00.014000+00:00,986.1250502635498
2025-12-14 13:00:00.017000+00:00,986.1250502635498
2025-12-14 14:00:00.060000+00:00,986.1250502635498
2025-12-14 15:00:00.031000+00:00,986.1250502635498
2025-12-14 16:00:00.070000+00:00,986.1250502635498
2025-12-14 17:00:00.069000+00:00,986.1250502635498
2025-12-14 18:00:00.047000+00:00,986.1250502635498
2025-12-14 19:00:00.044000+00:00,986.1250502635498
2025-12-14 20:00:00.047000+00:00,986.1250502635498
2025-12-14 21:00:00.068000+00:00,986.1250502635498
2025-12-14 22:00:00.087000+00:00,986.1250502635498
2025-12-14 23:00:00.015000+00:00,986.1250502635498
2025-12-15 00:00:00.088000+00:00,986.1250502635498
2025-12-15 01:00:00.010000+00:00,986.1250502635498
2025-12-15 02:00:00.047000+00:00,986.1250502635498
2025-12-15 03:00:00.076000+00:00,986.1250502635498
2025-12-15 04:00:00.021000+00:00,986.1250502635498
2025-12-15 05:00:00.059000+00:00,986.1250502635498
2025-12-15 06:00:00.047000+00:00,986.1250502635498
2025-12-15 07:00:00.042000+00:00,986.1250502635498
2025-12-15 08:00:00.082000+00:00,986.1250502635498
2025-12-15 09:00:00.059000+00:00,986.1250502635498
2025-12-15 10:00:00.075000+00:00,986.1250502635498
2025-12-15 11:00:00.123000+00:00,986.1250502635498
2025-12-15 12:00:00.009000+00:00,986.1250502635498
2025-12-15 13:00:00.004000+00:00,986.1250502635498
2025-12-15 14:00:00.067000+00:00,986.1250502635498
2025-12-15 15:00:00.001000+00:00,986.1250502635498
2025-12-15 16:00:00.063000+00:00,986.1250502635498
2025-12-15 17:00:00.112000+00:00,986.1250502635498
2025-12-15 18:00:00.057000+00:00,986.1250502635498
2025-12-15 19:00:00.060000+00:00,986.1250502635498
2025-12-15 20:00:00.032000+00:00,986.1250502635498
2025-12-15 21:00:00.059000+00:00,986.1250502635498
2025-12-15 22:00:00.047000+00:00,986.1250502635498
2025-12-15 23:00:00.069000+00:00,986.1250502635498
2025-12-16 00:00:00.079000+00:00,986.1250502635498
2025-12-16 01:00:00.072000+00:00,986.1250502635498
2025-12-16 02:00:00.054000+00:00,986.1250502635498
2025-12-16 03:00:00.051000+00:00,986.1250502635498
2025-12-16 04:00:00.068000+00:00,986.1250502635498
2025-12-16 05:00:00.036000+00:00,986.1250502635498
2025-12-16 06:00:00.047000+00:00,986.1250502635498
2025-12-16 07:00:00.012000+00:00,986.1250502635498
2025-12-16 08:00:00.101000+00:00,986.1250502635498
2025-12-16 09:00:00.077000+00:00,986.1250502635498
2025-12-16 10:00:00.029000+00:00,986.1250502635498
2025-12-16 11:00:00.055000+00:00,986.1250502635498
2025-12-16 12:00:00.047000+00:00,986.1250502635498
2025-12-16 13:00:00.026000+00:00,986.1250502635498
2025-12-16 14:00:00.003000+00:00,986.1250502635498
2025-12-16 15:00:00.025000+00:00,986.1250502635498
2025-12-16 16:00:00.075000+00:00,986.1250502635498
2025-12-16 17:00:00.045000+00:00,986.1250502635498
2025-12-16 18:00:00.063000+00:00,986.1250502635498
2025-12-16 19:00:00.014000+00:00,986.1250502635498
2025-12-16 20:00:00.180000+00:00,986.1250502635498
2025-12-16 21:00:00.001000+00:00,986.1250502635498
2025-12-16 22:00:00.081000+00:00,986.1250502635498
2025-12-16 23:00:00.079000+00:00,986.1250502635498
2025-12-17 00:00:00.013000+00:00,986.1250502635498
2025-12-17 01:00:00.109000+00:00,986.1250502635498
2025-12-17 02:00:00.088000+00:00,986.1250502635498
2025-12-17 03:00:00.065000+00:00,986.1250502635498
2025-12-17 04:00:00.020000+00:00,986.1250502635498
2025-12-17 05:00:00.122000+00:00,986.1250502635498
2025-12-17 06:00:00.024000+00:00,986.1250502635498
2025-12-17 07:00:00.010000+00:00,986.1250502635498
2025-12-17 08:00:00.022000+00:00,986.1250502635498
2025-12-17 09:00:00.055000+00:00,986.1250502635498
2025-12-17 10:00:00.016000+00:00,986.1250502635498
2025-12-17 11:00:00.072000+00:00,986.1250502635498
2025-12-17 12:00:00.021000+00:00,986.1250502635498
2025-12-17 13:00:00.083000+00:00,986.1250502635498
2025-12-17 14:00:00.018000+00:00,986.1250502635498
2025-12-17 15:00:00.040000+00:00,986.1250502635498
2025-12-17 16:00:00.034000+00:00,986.1250502635498
2025-12-17 17:00:00.038000+00:00,986.1250502635498
2025-12-17 18:00:00.074000+00:00,986.1250502635498
2025-12-17 19:00:00.014000+00:00,986.1250502635498
2025-12-17 20:00:00.061000+00:00,986.1250502635498
2025-12-17 21:00:00.032000+00:00,986.1250502635498
2025-12-17 22:00:00.073000+00:00,986.1250502635498
2025-12-17 23:00:00+00:00,986.1250502635498
2025-12-18 00:00:00.033000+00:00,986.1250502635498
2025-12-18 01:00:00.079000+00:00,986.1250502635498
2025-12-18 02:00:00.030000+00:00,986.1250502635498
2025-12-18 03:00:00.055000+00:00,986.1250502635498
2025-12-18 04:00:00.029000+00:00,986.1250502635498
2025-12-18 05:00:00.055000+00:00,986.1250502635498
2025-12-18 06:00:00.044000+00:00,986.1250502635498
2025-12-18 07:00:00.025000+00:00,986.1250502635498
2025-12-18 08:00:00.050000+00:00,986.1250502635498
2025-12-18 09:00:00.003000+00:00,986.1250502635498
2025-12-18 10:00:00.091000+00:00,986.1250502635498
2025-12-18 11:00:00.056000+00:00,986.1250502635498
2025-12-18 12:00:00.039000+00:00,986.1250502635498
2025-12-18 13:00:00.003000+00:00,986.1250502635498
2025-12-18 14:00:00.026000+00:00,986.1250502635498
2025-12-18 15:00:00.050000+00:00,986.1250502635498
2025-12-18 16:00:00.031000+00:00,986.1250502635498
2025-12-18 17:00:00.074000+00:00,986.1250502635498
2025-12-18 18:00:00.080000+00:00,986.1250502635498
2025-12-18 19:00:00.016000+00:00,986.1250502635498
2025-12-18 20:00:00.077000+00:00,986.1250502635498
2025-12-18 21:00:00.013000+00:00,986.1250502635498
2025-12-18 22:00:00.073000+00:00,986.1250502635498
2025-12-18 23:00:00.067000+00:00,986.1250502635498
2025-12-19 00:00:00.067000+00:00,986.1250502635498
2025-12-19 01:00:00.032000+00:00,986.1250502635498
2025-12-19 02:00:00.061000+00:00,986.1250502635498
2025-12-19 03:00:00.012000+00:00,986.1250502635498
2025-12-19 04:00:00.009000+00:00,986.1250502635498
2025-12-19 05:00:00.067000+00:00,986.1250502635498
2025-12-19 06:00:00.047000+00:00,986.1250502635498
2025-12-19 07:00:00.033000+00:00,986.1250502635498
2025-12-19 08:00:00.054000+00:00,986.1250502635498
2025-12-19 09:00:00.013000+00:00,986.1250502635498
2025-12-19 10:00:00.046000+00:00,986.1250502635498
2025-12-19 11:00:00.006000+00:00,986.1250502635498
2025-12-19 12:00:00.061000+00:00,986.1250502635498
2025-12-19 13:00:00.006000+00:00,986.1250502635498
2025-12-19 14:00:00.026000+00:00,986.1250502635498
2025-12-19 15:00:00.126000+00:00,986.1250502635498
2025-12-19 16:00:00.091000+00:00,986.1250502635498
2025-12-19 17:00:00.109000+00:00,986.1250502635498
2025-12-19 18:00:00.025000+00:00,986.1250502635498
2025-12-19 19:00:00.014000+00:00,986.1250502635498
2025-12-19 20:00:00.036000+00:00,986.1250502635498
2025-12-19 21:00:00.021000+00:00,986.1250502635498
2025-12-19 22:00:00.013000+00:00,986.1250502635498
2025-12-19 23:00:00.045000+00:00,986.1250502635498
2025-12-20 00:00:00.049000+00:00,986.1250502635498
2025-12-20 01:00:00.054000+00:00,986.1250502635498
2025-12-20 02:00:00.052000+00:00,986.1250502635498
2025-12-20 03:00:00.088000+00:00,986.1250502635498
2025-12-20 04:00:00.068000+00:00,986.1250502635498
2025-12-20 05:00:00.010000+00:00,986.1250502635498
2025-12-20 06:00:00.061000+00:00,986.1250502635498
2025-12-20 07:00:00.016000+00:00,986.1250502635498
2025-12-20 08:00:00.027000+00:00,986.1250502635498
2025-12-20 09:00:00.085000+00:00,986.1250502635498
2025-12-20 10:00:00.128000+00:00,986.1250502635498
2025-12-20 11:00:00.020000+00:00,986.1250502635498
2025-12-20 12:00:00.008000+00:00,986.1250502635498
2025-12-20 13:00:00.029000+00:00,986.1250502635498
2025-12-20 14:00:00.160000+00:00,986.1250502635498
2025-12-20 15:00:00.007000+00:00,986.1250502635498
2025-12-20 16:00:00.049000+00:00,986.1250502635498
2025-12-20 17:00:00.090000+00:00,986.1250502635498
2025-12-20 18:00:00.003000+00:00,986.1250502635498
2025-12-20 19:00:00.040000+00:00,986.1250502635498
2025-12-20 20:00:00.009000+00:00,986.1250502635498
2025-12-20 21:00:00.059000+00:00,986.1250502635498
2025-12-20 22:00:00.093000+00:00,986.1250502635498
2025-12-20 23:00:00.087000+00:00,986.1250502635498
2025-12-21 00:00:00.121000+00:00,986.1250502635498
2025-12-21 01:00:00.035000+00:00,986.1250502635498
2025-12-21 02:00:00.051000+00:00,986.1250502635498
2025-12-21 03:00:00.019000+00:00,986.1250502635498
2025-12-21 04:00:00.042000+00:00,986.1250502635498
2025-12-21 05:00:00.026000+00:00,986.1250502635498
2025-12-21 06:00:00.033000+00:00,986.1250502635498
2025-12-21 07:00:00.023000+00:00,986.1250502635498
2025-12-21 08:00:00.005000+00:00,986.1250502635498
2025-12-21 09:00:00.041000+00:00,986.1250502635498
2025-12-21 10:00:00.026000+00:00,986.1250502635498
2025-12-21 11:00:00.001000+00:00,986.1250502635498
2025-12-21 12:00:00.014000+00:00,986.1250502635498
2025-12-21 13:00:00.104000+00:00,986.1250502635498
2025-12-21 14:00:00.061000+00:00,986.1250502635498
2025-12-21 15:00:00.046000+00:00,986.1250502635498
2025-12-21 16:00:00.090000+00:00,986.1250502635498
2025-12-21 17:00:00.081000+00:00,986.1250502635498
2025-12-21 18:00:00.005000+00:00,986.1250502635498
2025-12-21 19:00:00.103000+00:00,986.1250502635498
2025-12-21 20:00:00.004000+00:00,986.1250502635498
2025-12-21 21:00:00.091000+00:00,986.1250502635498
2025-12-21 22:00:00.043000+00:00,986.1250502635498
2025-12-21 23:00:00.179000+00:00,986.1250502635498
2025-12-22 00:00:00.034000+00:00,986.1250502635498
2025-12-22 01:00:00.030000+00:00,986.1250502635498
2025-12-22 02:00:00.054000+00:00,986.1250502635498
2025-12-22 03:00:00.057000+00:00,986.1250502635498
2025-12-22 04:00:00.017000+00:00,986.1250502635498
2025-12-22 05:00:00.041000+00:00,986.1250502635498
2025-12-22 06:00:00.079000+00:00,986.1250502635498
2025-12-22 07:00:00.012000+00:00,986.1250502635498
2025-12-22 08:00:00.066000+00:00,986.1250502635498
2025-12-22 09:00:00.042000+00:00,986.1250502635498
2025-12-22 10:00:00.028000+00:00,986.1250502635498
2025-12-22 11:00:00.073000+00:00,986.1250502635498
2025-12-22 12:00:00.028000+00:00,986.1250502635498
2025-12-22 13:00:00.031000+00:00,986.1250502635498
2025-12-22 14:00:00.065000+00:00,986.1250502635498
2025-12-22 15:00:00.012000+00:00,986.1250502635498
2025-12-22 16:00:00.031000+00:00,986.1250502635498
2025-12-22 17:00:00.050000+00:00,986.1250502635498
2025-12-22 18:00:00.030000+00:00,986.1250502635498
2025-12-22 19:00:00.006000+00:00,986.1250502635498
2025-12-22 20:00:00.046000+00:00,986.1250502635498
2025-12-22 21:00:00+00:00,986.1250502635498
2025-12-22 22:00:00.036000+00:00,986.1250502635498
2025-12-22 23:00:00.053000+00:00,986.1250502635498
2025-12-23 00:00:00.002000+00:00,986.1250502635498
2025-12-23 01:00:00.098000+00:00,986.1250502635498
2025-12-23 02:00:00.053000+00:00,986.1250502635498
2025-12-23 03:00:00.060000+00:00,986.1250502635498
2025-12-23 04:00:00.059000+00:00,986.1250502635498
2025-12-23 05:00:00.066000+00:00,986.1250502635498
2025-12-23 06:00:00.065000+00:00,986.1250502635498
2025-12-23 07:00:00.033000+00:00,986.1250502635498
2025-12-23 08:00:00.066000+00:00,986.1250502635498
2025-12-23 09:00:00.061000+00:00,986.1250502635498
2025-12-23 10:00:00.050000+00:00,986.1250502635498
2025-12-23 11:00:00.027000+00:00,986.1250502635498
2025-12-23 12:00:00.062000+00:00,986.1250502635498
2025-12-23 13:00:00.067000+00:00,986.1250502635498
2025-12-23 14:00:00.025000+00:00,986.1250502635498
2025-12-23 15:00:00.117000+00:00,986.1250502635498
2025-12-23 16:00:00.036000+00:00,986.1250502635498
2025-12-23 17:00:00.118000+00:00,986.1250502635498
2025-12-23 18:00:00.008000+00:00,986.1250502635498
2025-12-23 19:00:00.021000+00:00,986.1250502635498
2025-12-23 20:00:00.206000+00:00,986.1250502635498
2025-12-23 21:00:00.067000+00:00,986.1250502635498
2025-12-23 22:00:00.021000+00:00,986.1250502635498
2025-12-23 23:00:00.051000+00:00,986.1250502635498
2025-12-24 00:00:00.088000+00:00,986.1250502635498
2025-12-24 01:00:00.030000+00:00,986.1250502635498
2025-12-24 02:00:00.077000+00:00,986.1250502635498
2025-12-24 03:00:00.005000+00:00,986.1250502635498
2025-12-24 04:00:00.045000+00:00,986.1250502635498
2025-12-24 05:00:00.039000+00:00,986.1250502635498
2025-12-24 06:00:00.027000+00:00,986.1250502635498
2025-12-24 07:00:00.010000+00:00,986.1250502635498
2025-12-24 08:00:00.074000+00:00,986.1250502635498
2025-12-24 09:00:00.035000+00:00,986.1250502635498
2025-12-24 10:00:00.079000+00:00,986.1250502635498
2025-12-24 11:00:00.034000+00:00,986.1250502635498
2025-12-24 12:00:00.028000+00:00,986.1250502635498
2025-12-24 13:00:00.012000+00:00,986.1250502635498
2025-12-24 14:00:00.025000+00:00,986.1250502635498
2025-12-24 15:00:00.087000+00:00,986.1250502635498
2025-12-24 16:00:00.002000+00:00,986.1250502635498
2025-12-24 17:00:00.013000+00:00,986.1250502635498
2025-12-24 18:00:00.037000+00:00,986.1250502635498
2025-12-24 19:00:00.010000+00:00,986.1250502635498
2025-12-24 20:00:00.012000+00:00,986.1250502635498
2025-12-24 21:00:00.014000+00:00,986.1250502635498
2025-12-24 22:00:00.001000+00:00,986.1250502635498
2025-12-24 23:00:00.087000+00:00,986.1250502635498
2025-12-25 00:00:00.009000+00:00,986.1250502635498
2025-12-25 01:00:00.033000+00:00,986.1250502635498
2025-12-25 02:00:00.085000+00:00,986.1250502635498
2025-12-25 03:00:00.030000+00:00,986.1250502635498
2025-12-25 04:00:00.034000+00:00,986.1250502635498
2025-12-25 05:00:00.023000+00:00,986.1250502635498
2025-12-25 06:00:00.056000+00:00,986.1250502635498
2025-12-25 07:00:00.023000+00:00,986.1250502635498
2025-12-25 08:00:00.045000+00:00,986.1250502635498
2025-12-25 09:00:00.041000+00:00,986.1250502635498
2025-12-25 10:00:00.018000+00:00,986.1250502635498
2025-12-25 11:00:00.029000+00:00,986.1250502635498
2025-12-25 12:00:00.064000+00:00,986.1250502635498
2025-12-25 13:00:00.067000+00:00,986.1250502635498
2025-12-25 14:00:00.102000+00:00,986.1250502635498
2025-12-25 15:00:00.042000+00:00,986.1250502635498
2025-12-25 16:00:00.058000+00:00,986.1250502635498
2025-12-25 17:00:00.056000+00:00,986.1250502635498
2025-12-25 18:00:00.010000+00:00,986.1250502635498
2025-12-25 19:00:00.040000+00:00,986.1250502635498
2025-12-25 20:00:00.060000+00:00,986.1250502635498
2025-12-25 21:00:00.080000+00:00,986.1250502635498
2025-12-25 22:00:00.003000+00:00,986.1250502635498
2025-12-25 23:00:00.019000+00:00,986.1250502635498
2025-12-26 00:00:00.022000+00:00,986.1250502635498
2025-12-26 01:00:00.008000+00:00,986.1250502635498
2025-12-26 02:00:00.062000+00:00,986.1250502635498
2025-12-26 03:00:00+00:00,986.1250502635498
2025-12-26 04:00:00.056000+00:00,986.1250502635498
2025-12-26 05:00:00.092000+00:00,986.1250502635498
2025-12-26 06:00:00.012000+00:00,986.1250502635498
2025-12-26 07:00:00.039000+00:00,986.1250502635498
2025-12-26 08:00:00.040000+00:00,986.1250502635498
2025-12-26 09:00:00.017000+00:00,986.1250502635498
2025-12-26 10:00:00.113000+00:00,986.1250502635498
2025-12-26 11:00:00.164000+00:00,986.1250502635498
2025-12-26 12:00:00.040000+00:00,986.1250502635498
2025-12-26 13:00:00.030000+00:00,986.1250502635498
2025-12-26 14:00:00.015000+00:00,986.1250502635498
2025-12-26 15:00:00.077000+00:00,986.1250502635498
2025-12-26 16:00:00.036000+00:00,986.1250502635498
2025-12-26 17:00:00.019000+00:00,986.1250502635498
2025-12-26 18:00:00.088000+00:00,986.1250502635498
2025-12-26 19:00:00.033000+00:00,986.1250502635498
2025-12-26 20:00:00.045000+00:00,986.1250502635498
2025-12-26 21:00:00.004000+00:00,986.1250502635498
2025-12-26 22:00:00.040000+00:00,986.1250502635498
2025-12-26 23:00:00.040000+00:00,986.1250502635498
2025-12-27 00:00:00.023000+00:00,986.1250502635498
2025-12-27 01:00:00.020000+00:00,986.1250502635498
2025-12-27 02:00:00.019000+00:00,986.1250502635498
2025-12-27 03:00:00.083000+00:00,986.1250502635498
2025-12-27 04:00:00+00:00,986.1250502635498
2025-12-27 05:00:00.022000+00:00,986.1250502635498
2025-12-27 06:00:00.022000+00:00,986.1250502635498
2025-12-27 07:00:00.101000+00:00,986.1250502635498
2025-12-27 08:00:00.049000+00:00,986.1250502635498
2025-12-27 09:00:00.024000+00:00,986.1250502635498
2025-12-27 10:00:00.051000+00:00,986.1250502635498
2025-12-27 11:00:00.058000+00:00,986.1250502635498
2025-12-27 12:00:00.048000+00:00,986.1250502635498
2025-12-27 13:00:00.049000+00:00,986.1250502635498
2025-12-27 14:00:00.129000+00:00,986.1250502635498
2025-12-27 15:00:00.130000+00:00,986.1250502635498
2025-12-27 16:00:00.019000+00:00,986.1250502635498
2025-12-27 17:00:00.106000+00:00,986.1250502635498
2025-12-27 18:00:00.021000+00:00,986.1250502635498
2025-12-27 19:00:00.007000+00:00,986.1250502635498
2025-12-27 20:00:00.057000+00:00,986.1250502635498
2025-12-27 21:00:00.027000+00:00,986.1250502635498
2025-12-27 22:00:00.034000+00:00,986.1250502635498
2025-12-27 23:00:00.018000+00:00,986.1250502635498
2025-12-28 00:00:00.072000+00:00,986.1250502635498
2025-12-28 01:00:00.041000+00:00,986.1250502635498
2025-12-28 02:00:00.027000+00:00,986.1250502635498
2025-12-28 03:00:00.017000+00:00,986.1250502635498
2025-12-28 04:00:00.024000+00:00,986.1250502635498
2025-12-28 05:00:00.062000+00:00,986.1250502635498
2025-12-28 06:00:00.060000+00:00,986.1250502635498
2025-12-28 07:00:00.028000+00:00,986.1250502635498
2025-12-28 08:00:00.040000+00:00,986.1250502635498
2025-12-28 09:00:00.005000+00:00,986.1250502635498
2025-12-28 10:00:00.074000+00:00,986.1250502635498
2025-12-28 11:00:00.057000+00:00,986.1250502635498
2025-12-28 12:00:00.046000+00:00,986.1250502635498
2025-12-28 13:00:00.095000+00:00,986.1250502635498
2025-12-28 14:00:00.095000+00:00,986.1250502635498
2025-12-28 15:00:00.109000+00:00,986.1250502635498
2025-12-28 16:00:00.008000+00:00,986.1250502635498
2025-12-28 17:00:00.074000+00:00,986.1250502635498
2025-12-28 18:00:00.041000+00:00,986.1250502635498
2025-12-28 19:00:00.019000+00:00,986.1250502635498
2025-12-28 20:00:00.016000+00:00,986.1250502635498
2025-12-28 21:00:00.047000+00:00,986.1250502635498
2025-12-28 22:00:00.072000+00:00,986.1250502635498
2025-12-28 23:00:00.045000+00:00,986.1250502635498
2025-12-29 00:00:00.132000+00:00,986.1250502635498
2025-12-29 01:00:00.082000+00:00,986.1250502635498
2025-12-29 02:00:00.076000+00:00,986.1250502635498
2025-12-29 03:00:00.049000+00:00,986.1250502635498
2025-12-29 04:00:00.132000+00:00,986.1250502635498
2025-12-29 05:00:00.006000+00:00,986.1250502635498
2025-12-29 06:00:00.005000+00:00,986.1250502635498
2025-12-29 07:00:00.018000+00:00,986.1250502635498
2025-12-29 08:00:00.014000+00:00,986.1250502635498
2025-12-29 09:00:00.030000+00:00,986.1250502635498
2025-12-29 10:00:00.008000+00:00,986.1250502635498
2025-12-29 11:00:00.098000+00:00,986.1250502635498
2025-12-29 12:00:00.026000+00:00,986.1250502635498
2025-12-29 13:00:00.001000+00:00,986.1250502635498
2025-12-29 14:00:00.028000+00:00,986.1250502635498
2025-12-29 15:00:00.031000+00:00,986.1250502635498
2025-12-29 16:00:00.014000+00:00,986.1250502635498
2025-12-29 17:00:00.019000+00:00,986.1250502635498
2025-12-29 18:00:00.031000+00:00,986.1250502635498
2025-12-29 19:00:00.026000+00:00,986.1250502635498
2025-12-29 20:00:00.055000+00:00,986.1250502635498
2025-12-29 21:00:00.006000+00:00,986.1250502635498
2025-12-29 22:00:00.075000+00:00,986.1250502635498
2025-12-29 23:00:00.040000+00:00,986.1250502635498
2025-12-30 00:00:00.010000+00:00,986.1250502635498
2025-12-30 01:00:00.049000+00:00,986.1250502635498
2025-12-30 02:00:00.033000+00:00,986.1250502635498
2025-12-30 03:00:00.041000+00:00,986.1250502635498
2025-12-30 04:00:00.063000+00:00,986.1250502635498
2025-12-30 05:00:00.069000+00:00,986.1250502635498
2025-12-30 06:00:00.067000+00:00,986.1250502635498
2025-12-30 07:00:00.062000+00:00,986.1250502635498
2025-12-30 08:00:00.028000+00:00,986.1250502635498
2025-12-30 09:00:00.045000+00:00,986.1250502635498
2025-12-30 10:00:00.080000+00:00,986.1250502635498
2025-12-30 11:00:00.054000+00:00,986.1250502635498
2025-12-30 12:00:00.003000+00:00,986.1250502635498
2025-12-30 13:00:00.121000+00:00,986.1250502635498
2025-12-30 14:00:00.031000+00:00,986.1250502635498
2025-12-30 15:00:00.036000+00:00,986.1250502635498
2025-12-30 16:00:00.039000+00:00,986.1250502635498
2025-12-30 17:00:00.051000+00:00,986.1250502635498
2025-12-30 18:00:00.071000+00:00,986.1250502635498
2025-12-30 19:00:00.033000+00:00,986.1250502635498
2025-12-30 20:00:00.120000+00:00,986.1250502635498
2025-12-30 21:00:00.041000+00:00,986.1250502635498
2025-12-30 22:00:00.003000+00:00,986.1250502635498
2025-12-30 23:00:00.047000+00:00,986.1250502635498
2025-12-31 00:00:00.021000+00:00,986.1250502635498
2025-12-31 01:00:00.022000+00:00,986.1250502635498
2025-12-31 02:00:00.037000+00:00,986.1250502635498
2025-12-31 03:00:00.053000+00:00,986.1250502635498
2025-12-31 04:00:00.057000+00:00,986.1250502635498
2025-12-31 05:00:00.011000+00:00,986.1250502635498
2025-12-31 06:00:00.002000+00:00,986.1250502635498
2025-12-31 07:00:00.029000+00:00,986.1250502635498
2025-12-31 08:00:00.063000+00:00,986.1250502635498
2025-12-31 09:00:00.019000+00:00,986.1250502635498
2025-12-31 10:00:00.002000+00:00,986.1250502635498
2025-12-31 11:00:00.050000+00:00,986.1250502635498
2025-12-31 12:00:00.095000+00:00,986.1250502635498
2025-12-31 13:00:00.002000+00:00,986.1250502635498
2025-12-31 14:00:00.008000+00:00,986.1250502635498
2025-12-31 15:00:00.015000+00:00,986.1250502635498
2025-12-31 16:00:00.089000+00:00,986.1250502635498
2025-12-31 17:00:00.072000+00:00,986.1250502635498
2025-12-31 18:00:00.050000+00:00,986.1250502635498
2025-12-31 19:00:00.053000+00:00,986.1250502635498
2025-12-31 20:00:00.058000+00:00,986.1250502635498
2025-12-31 21:00:00.043000+00:00,986.1250502635498
2025-12-31 22:00:00.100000+00:00,986.1250502635498
2025-12-31 23:00:00.093000+00:00,986.1250502635498
2026-01-01 00:00:00.063000+00:00,986.1250502635498
2026-01-01 01:00:00.053000+00:00,986.1250502635498
2026-01-01 02:00:00.024000+00:00,986.1250502635498
2026-01-01 03:00:00.012000+00:00,986.1250502635498
2026-01-01 04:00:00.036000+00:00,986.1250502635498
2026-01-01 05:00:00.040000+00:00,986.1250502635498
2026-01-01 06:00:00.053000+00:00,986.1250502635498
2026-01-01 07:00:00.011000+00:00,986.1250502635498
2026-01-01 08:00:00.045000+00:00,986.1250502635498
2026-01-01 09:00:00.098000+00:00,986.1250502635498
2026-01-01 10:00:00.010000+00:00,986.1250502635498
2026-01-01 11:00:00.034000+00:00,986.1250502635498
2026-01-01 12:00:00.051000+00:00,986.1250502635498
2026-01-01 13:00:00.101000+00:00,986.1250502635498
2026-01-01 14:00:00.010000+00:00,986.1250502635498
2026-01-01 15:00:00.003000+00:00,986.1250502635498
2026-01-01 16:00:00.025000+00:00,986.1250502635498
2026-01-01 17:00:00.034000+00:00,986.1250502635498
2026-01-01 18:00:00.042000+00:00,986.1250502635498
2026-01-01 19:00:00.029000+00:00,986.1250502635498
2026-01-01 20:00:00.043000+00:00,986.1250502635498
2026-01-01 21:00:00.069000+00:00,986.1250502635498
2026-01-01 22:00:00.047000+00:00,986.1250502635498
2026-01-01 23:00:00.023000+00:00,986.1250502635498
2026-01-02 00:00:00.042000+00:00,986.1250502635498
2026-01-02 01:00:00.032000+00:00,986.1250502635498
2026-01-02 02:00:00.057000+00:00,986.1250502635498
2026-01-02 03:00:00.019000+00:00,986.1250502635498
2026-01-02 04:00:00.139000+00:00,986.1250502635498
2026-01-02 05:00:00.110000+00:00,986.1250502635498
2026-01-02 06:00:00.022000+00:00,986.1250502635498
2026-01-02 07:00:00.003000+00:00,986.1250502635498
2026-01-02 08:00:00.081000+00:00,986.1250502635498
2026-01-02 09:00:00.003000+00:00,986.1250502635498
2026-01-02 10:00:00.091000+00:00,986.1250502635498
2026-01-02 11:00:00.048000+00:00,986.1250502635498
2026-01-02 12:00:00.042000+00:00,986.1250502635498
2026-01-02 13:00:00.114000+00:00,986.1250502635498
2026-01-02 14:00:00.009000+00:00,986.1250502635498
2026-01-02 15:00:00.105000+00:00,986.1250502635498
2026-01-02 16:00:00.038000+00:00,986.1250502635498
2026-01-02 17:00:00.047000+00:00,986.1250502635498
2026-01-02 18:00:00.034000+00:00,986.1250502635498
2026-01-02 19:00:00.026000+00:00,986.1250502635498
2026-01-02 20:00:00.027000+00:00,986.1250502635498
2026-01-02 21:00:00+00:00,986.1250502635498
2026-01-02 22:00:00.042000+00:00,986.1250502635498
2026-01-02 23:00:00.022000+00:00,986.1250502635498
2026-01-03 00:00:00.008000+00:00,986.1250502635498
2026-01-03 01:00:00.018000+00:00,986.1250502635498
2026-01-03 02:00:00.008000+00:00,986.1250502635498
2026-01-03 03:00:00.074000+00:00,986.1250502635498
2026-01-03 04:00:00.011000+00:00,986.1250502635498
2026-01-03 05:00:00.006000+00:00,986.1250502635498
2026-01-03 06:00:00.019000+00:00,986.1250502635498
2026-01-03 07:00:00.004000+00:00,986.1250502635498
2026-01-03 08:00:00.011000+00:00,986.1250502635498
2026-01-03 09:00:00.067000+00:00,986.1250502635498
2026-01-03 10:00:00.026000+00:00,986.1250502635498
2026-01-03 11:00:00.060000+00:00,986.1250502635498
2026-01-03 12:00:00.095000+00:00,986.1250502635498
2026-01-03 13:00:00.083000+00:00,986.1250502635498
2026-01-03 14:00:00.043000+00:00,986.1250502635498
2026-01-03 15:00:00.072000+00:00,986.1250502635498
2026-01-03 16:00:00.044000+00:00,986.1250502635498
2026-01-03 17:00:00.083000+00:00,986.1250502635498
2026-01-03 18:00:00.061000+00:00,986.1250502635498
2026-01-03 19:00:00.032000+00:00,986.1250502635498
2026-01-03 20:00:00.019000+00:00,986.1250502635498
2026-01-03 21:00:00.128000+00:00,986.1250502635498
2026-01-03 22:00:00.077000+00:00,986.1250502635498
2026-01-03 23:00:00.046000+00:00,986.1250502635498
2026-01-04 00:00:00.024000+00:00,986.1250502635498
2026-01-04 01:00:00.010000+00:00,986.1250502635498
2026-01-04 02:00:00.026000+00:00,986.1250502635498
2026-01-04 03:00:00.011000+00:00,986.1250502635498
2026-01-04 04:00:00.063000+00:00,986.1250502635498
2026-01-04 05:00:00.060000+00:00,986.1250502635498
2026-01-04 06:00:00.066000+00:00,986.1250502635498
2026-01-04 07:00:00.031000+00:00,986.1250502635498
2026-01-04 08:00:00.036000+00:00,986.1250502635498
2026-01-04 09:00:00.001000+00:00,986.1250502635498
2026-01-04 10:00:00.051000+00:00,986.1250502635498
2026-01-04 11:00:00.051000+00:00,986.1250502635498
2026-01-04 12:00:00.052000+00:00,986.1250502635498
2026-01-04 13:00:00.062000+00:00,986.1250502635498
2026-01-04 14:00:00.019000+00:00,986.1250502635498
2026-01-04 15:00:00.078000+00:00,986.1250502635498
2026-01-04 16:00:00.098000+00:00,986.1250502635498
2026-01-04 17:00:00.020000+00:00,986.1250502635498
2026-01-04 18:00:00.054000+00:00,986.1250502635498
2026-01-04 19:00:00.024000+00:00,986.1250502635498
2026-01-04 20:00:00.062000+00:00,986.1250502635498
2026-01-04 21:00:00+00:00,986.1250502635498
2026-01-04 22:00:00.037000+00:00,986.1250502635498
2026-01-04 23:00:00.111000+00:00,986.1250502635498
2026-01-05 00:00:00+00:00,986.1250502635498
2026-01-05 01:00:00.014000+00:00,986.1250502635498
2026-01-05 02:00:00.009000+00:00,986.1250502635498
2026-01-05 03:00:00.010000+00:00,986.1250502635498
2026-01-05 04:00:00.044000+00:00,986.1250502635498
2026-01-05 05:00:00.042000+00:00,986.1250502635498
2026-01-05 06:00:00.026000+00:00,986.1250502635498
2026-01-05 07:00:00.067000+00:00,986.1250502635498
2026-01-05 08:00:00.060000+00:00,986.1250502635498
2026-01-05 09:00:00.043000+00:00,986.1250502635498
2026-01-05 10:00:00.038000+00:00,986.1250502635498
2026-01-05 11:00:00.040000+00:00,986.1250502635498
2026-01-05 12:00:00.068000+00:00,986.1250502635498
2026-01-05 13:00:00.054000+00:00,986.1250502635498
2026-01-05 14:00:00.015000+00:00,986.1250502635498
2026-01-05 15:00:00.020000+00:00,986.1250502635498
2026-01-05 16:00:00.051000+00:00,986.1250502635498
2026-01-05 17:00:00.085000+00:00,986.1250502635498
2026-01-05 18:00:00.081000+00:00,986.1250502635498
2026-01-05 19:00:00.056000+00:00,986.1250502635498
2026-01-05 20:00:00.045000+00:00,986.1250502635498
2026-01-05 21:00:00.022000+00:00,986.1250502635498
2026-01-05 22:00:00.008000+00:00,986.1250502635498
2026-01-05 23:00:00.068000+00:00,986.1250502635498
2026-01-06 00:00:00.017000+00:00,986.1250502635498
2026-01-06 01:00:00.086000+00:00,986.1250502635498
2026-01-06 02:00:00.073000+00:00,986.1250502635498
2026-01-06 03:00:00.033000+00:00,986.1250502635498
2026-01-06 04:00:00.036000+00:00,986.1250502635498
2026-01-06 05:00:00.075000+00:00,986.1250502635498
2026-01-06 06:00:00.013000+00:00,986.1250502635498
2026-01-06 07:00:00.008000+00:00,986.1250502635498
2026-01-06 08:00:00.066000+00:00,986.1250502635498
2026-01-06 09:00:00.059000+00:00,986.1250502635498
2026-01-06 10:00:00.012000+00:00,986.1250502635498
2026-01-06 11:00:00.060000+00:00,986.1250502635498
2026-01-06 12:00:00.017000+00:00,986.1250502635498
2026-01-06 13:00:00.002000+00:00,986.1250502635498
2026-01-06 14:00:00.046000+00:00,986.1250502635498
2026-01-06 15:00:00.076000+00:00,986.1250502635498
2026-01-06 16:00:00.036000+00:00,986.1250502635498
2026-01-06 17:00:00.012000+00:00,986.1250502635498
2026-01-06 18:00:00.001000+00:00,986.1250502635498
2026-01-06 19:00:00.037000+00:00,986.1250502635498
2026-01-06 20:00:00.018000+00:00,986.1250502635498
2026-01-06 21:00:00.062000+00:00,986.1250502635498
2026-01-06 22:00:00.005000+00:00,986.1250502635498
2026-01-06 23:00:00.008000+00:00,986.1250502635498
2026-01-07 00:00:00.119000+00:00,986.1250502635498
2026-01-07 01:00:00.007000+00:00,986.1250502635498
2026-01-07 02:00:00.010000+00:00,986.1250502635498
2026-01-07 03:00:00.017000+00:00,986.1250502635498
2026-01-07 04:00:00.033000+00:00,986.1250502635498
2026-01-07 05:00:00.087000+00:00,986.1250502635498
2026-01-07 06:00:00.009000+00:00,986.1250502635498
2026-01-07 07:00:00.014000+00:00,986.1250502635498
2026-01-07 08:00:00.062000+00:00,986.1250502635498
2026-01-07 09:00:00.082000+00:00,986.1250502635498
2026-01-07 10:00:00.029000+00:00,986.1250502635498
2026-01-07 11:00:00.048000+00:00,986.1250502635498
2026-01-07 12:00:00.096000+00:00,986.1250502635498
2026-01-07 13:00:00.074000+00:00,986.1250502635498
2026-01-07 14:00:00.040000+00:00,986.1250502635498
2026-01-07 15:00:00.099000+00:00,986.1250502635498
2026-01-07 16:00:00.081000+00:00,986.1250502635498
2026-01-07 17:00:00.013000+00:00,986.1250502635498
2026-01-07 18:00:00.014000+00:00,986.1250502635498
2026-01-07 19:00:00.055000+00:00,986.1250502635498
2026-01-07 20:00:00.113000+00:00,986.1250502635498
2026-01-07 21:00:00.117000+00:00,986.1250502635498
2026-01-07 22:00:00.043000+00:00,986.1250502635498
2026-01-07 23:00:00.090000+00:00,986.1250502635498
2026-01-08 00:00:00.001000+00:00,986.1250502635498
2026-01-08 01:00:00.035000+00:00,986.1250502635498
2026-01-08 02:00:00.029000+00:00,986.1250502635498
2026-01-08 03:00:00.014000+00:00,986.1250502635498
2026-01-08 04:00:00.069000+00:00,986.1250502635498
2026-01-08 05:00:00.155000+00:00,986.1250502635498
2026-01-08 06:00:00.094000+00:00,986.1250502635498
2026-01-08 07:00:00.010000+00:00,986.1250502635498
2026-01-08 08:00:00.089000+00:00,986.1250502635498
2026-01-08 09:00:00.077000+00:00,986.1250502635498
2026-01-08 10:00:00.037000+00:00,986.1250502635498
2026-01-08 11:00:00.015000+00:00,986.1250502635498
2026-01-08 12:00:00.137000+00:00,986.1250502635498
2026-01-08 13:00:00.040000+00:00,986.1250502635498
2026-01-08 14:00:00+00:00,986.1250502635498
2026-01-08 15:00:00.106000+00:00,986.1250502635498
2026-01-08 16:00:00.063000+00:00,986.1250502635498
2026-01-08 17:00:00.004000+00:00,986.1250502635498
2026-01-08 18:00:00.008000+00:00,986.1250502635498
2026-01-08 19:00:00.013000+00:00,986.1250502635498
2026-01-08 20:00:00.098000+00:00,986.1250502635498
2026-01-08 21:00:00.116000+00:00,986.1250502635498
2026-01-08 22:00:00.008000+00:00,986.1250502635498
2026-01-08 23:00:00.085000+00:00,986.1250502635498
2026-01-09 00:00:00.020000+00:00,986.1250502635498
2026-01-09 01:00:00.016000+00:00,986.1250502635498
2026-01-09 02:00:00.063000+00:00,986.1250502635498
2026-01-09 03:00:00.059000+00:00,986.1250502635498
2026-01-09 04:00:00.100000+00:00,986.1250502635498
2026-01-09 05:00:00.158000+00:00,986.1250502635498
2026-01-09 06:00:00.046000+00:00,986.1250502635498
2026-01-09 07:00:00.012000+00:00,986.1250502635498
2026-01-09 08:00:00.028000+00:00,986.1250502635498
2026-01-09 09:00:00.072000+00:00,986.1250502635498
2026-01-09 10:00:00.077000+00:00,986.1250502635498
2026-01-09 11:00:00.050000+00:00,986.1250502635498
2026-01-09 12:00:00.041000+00:00,986.1250502635498
2026-01-09 13:00:00.005000+00:00,986.1250502635498
2026-01-09 14:00:00.032000+00:00,986.1250502635498
2026-01-09 15:00:00.042000+00:00,986.1250502635498
2026-01-09 16:00:00.002000+00:00,986.1250502635498
2026-01-09 17:00:00.004000+00:00,986.1250502635498
2026-01-09 18:00:00.018000+00:00,986.1250502635498
2026-01-09 19:00:00.042000+00:00,986.1250502635498
2026-01-09 20:00:00.065000+00:00,986.1250502635498
2026-01-09 21:00:00+00:00,986.1250502635498
2026-01-09 22:00:00.018000+00:00,986.1250502635498
2026-01-09 23:00:00.025000+00:00,986.1250502635498
2026-01-10 00:00:00.103000+00:00,986.1250502635498
2026-01-10 01:00:00.110000+00:00,986.1250502635498
2026-01-10 02:00:00.064000+00:00,986.1250502635498
2026-01-10 03:00:00.039000+00:00,986.1250502635498
2026-01-10 04:00:00.085000+00:00,986.1250502635498
2026-01-10 05:00:00.065000+00:00,986.1250502635498
2026-01-10 06:00:00.034000+00:00,986.1250502635498
2026-01-10 07:00:00.035000+00:00,986.1250502635498
2026-01-10 08:00:00.072000+00:00,986.1250502635498
2026-01-10 09:00:00.033000+00:00,986.1250502635498
2026-01-10 10:00:00.024000+00:00,986.1250502635498
2026-01-10 11:00:00.060000+00:00,986.1250502635498
2026-01-10 12:00:00.034000+00:00,986.1250502635498
2026-01-10 13:00:00.030000+00:00,986.1250502635498
2026-01-10 14:00:00.051000+00:00,986.1250502635498
2026-01-10 15:00:00.017000+00:00,986.1250502635498
2026-01-10 16:00:00.003000+00:00,986.1250502635498
2026-01-10 17:00:00.066000+00:00,986.1250502635498
2026-01-10 18:00:00.054000+00:00,986.1250502635498
2026-01-10 19:00:00.025000+00:00,986.1250502635498
2026-01-10 20:00:00.081000+00:00,986.1250502635498
2026-01-10 21:00:00.083000+00:00,986.1250502635498
2026-01-10 22:00:00.025000+00:00,986.1250502635498
2026-01-10 23:00:00.047000+00:00,986.1250502635498
2026-01-11 00:00:00.007000+00:00,986.1250502635498
2026-01-11 01:00:00.046000+00:00,986.1250502635498
2026-01-11 02:00:00.078000+00:00,986.1250502635498
2026-01-11 03:00:00.099000+00:00,986.1250502635498
2026-01-11 04:00:00.011000+00:00,986.1250502635498
2026-01-11 05:00:00.012000+00:00,986.1250502635498
2026-01-11 06:00:00.038000+00:00,986.1250502635498
2026-01-11 07:00:00.049000+00:00,986.1250502635498
2026-01-11 08:00:00.066000+00:00,986.1250502635498
2026-01-11 09:00:00.045000+00:00,986.1250502635498
2026-01-11 10:00:00.103000+00:00,986.1250502635498
2026-01-11 11:00:00.105000+00:00,986.1250502635498
2026-01-11 12:00:00.018000+00:00,986.1250502635498
2026-01-11 13:00:00.035000+00:00,986.1250502635498
2026-01-11 14:00:00.034000+00:00,986.1250502635498
2026-01-11 15:00:00.124000+00:00,986.1250502635498
2026-01-11 16:00:00.122000+00:00,986.1250502635498
2026-01-11 17:00:00.061000+00:00,986.1250502635498
2026-01-11 18:00:00.004000+00:00,986.1250502635498
2026-01-11 19:00:00.023000+00:00,986.1250502635498
2026-01-11 20:00:00.002000+00:00,986.1250502635498
2026-01-11 21:00:00.010000+00:00,986.1250502635498
2026-01-11 22:00:00.083000+00:00,986.1250502635498
2026-01-11 23:00:00.127000+00:00,986.1250502635498
2026-01-12 00:00:00.053000+00:00,986.1250502635498
2026-01-12 01:00:00.080000+00:00,986.1250502635498
2026-01-12 02:00:00.090000+00:00,986.1250502635498
2026-01-12 03:00:00.016000+00:00,986.1250502635498
2026-01-12 04:00:00.021000+00:00,986.1250502635498
2026-01-12 05:00:00.027000+00:00,986.1250502635498
2026-01-12 06:00:00.025000+00:00,986.1250502635498
2026-01-12 07:00:00.061000+00:00,986.1250502635498
2026-01-12 08:00:00.053000+00:00,986.1250502635498
2026-01-12 09:00:00.088000+00:00,986.1250502635498
2026-01-12 10:00:00.042000+00:00,986.1250502635498
2026-01-12 11:00:00.003000+00:00,986.1250502635498
2026-01-12 12:00:00.088000+00:00,986.1250502635498
2026-01-12 13:00:00.053000+00:00,986.1250502635498
2026-01-12 14:00:00.107000+00:00,986.1250502635498
2026-01-12 15:00:00.059000+00:00,986.1250502635498
2026-01-12 16:00:00.040000+00:00,986.1250502635498
2026-01-12 17:00:00.086000+00:00,986.1250502635498
2026-01-12 18:00:00.057000+00:00,986.1250502635498
2026-01-12 19:00:00.008000+00:00,986.1250502635498
2026-01-12 20:00:00.098000+00:00,986.1250502635498
2026-01-12 21:00:00.078000+00:00,986.1250502635498
2026-01-12 22:00:00.075000+00:00,986.1250502635498
2026-01-12 23:00:00.024000+00:00,986.1250502635498
2026-01-13 00:00:00.109000+00:00,986.1250502635498
2026-01-13 01:00:00.121000+00:00,986.1250502635498
2026-01-13 02:00:00.017000+00:00,986.1250502635498
2026-01-13 03:00:00.043000+00:00,986.1250502635498
2026-01-13 04:00:00.068000+00:00,986.1250502635498
2026-01-13 05:00:00.079000+00:00,986.1250502635498
2026-01-13 06:00:00.029000+00:00,986.1250502635498
2026-01-13 07:00:00.089000+00:00,986.1250502635498
2026-01-13 08:00:00.032000+00:00,986.1250502635498
2026-01-13 09:00:00.003000+00:00,986.1250502635498
2026-01-13 10:00:00.232000+00:00,986.1250502635498
2026-01-13 11:00:00.011000+00:00,986.1250502635498
2026-01-13 12:00:00.032000+00:00,986.1250502635498
2026-01-13 13:00:00.083000+00:00,986.1250502635498
2026-01-13 14:00:00.043000+00:00,986.1250502635498
2026-01-13 15:00:00.051000+00:00,986.1250502635498
2026-01-13 16:00:00.100000+00:00,986.1250502635498
2026-01-13 17:00:00.039000+00:00,986.1250502635498
2026-01-13 18:00:00.042000+00:00,986.1250502635498
2026-01-13 19:00:00.031000+00:00,986.1250502635498
2026-01-13 20:00:00.005000+00:00,986.1250502635498
2026-01-13 21:00:00.017000+00:00,986.1250502635498
2026-01-13 22:00:00+00:00,986.1250502635498
2026-01-13 23:00:00.037000+00:00,986.1250502635498
2026-01-14 00:00:00.057000+00:00,986.1250502635498
2026-01-14 01:00:00.019000+00:00,986.1250502635498
2026-01-14 02:00:00.050000+00:00,986.1250502635498
2026-01-14 03:00:00.053000+00:00,986.1250502635498
2026-01-14 04:00:00.063000+00:00,986.1250502635498
2026-01-14 05:00:00.023000+00:00,986.1250502635498
2026-01-14 06:00:00.066000+00:00,986.1250502635498
2026-01-14 07:00:00.099000+00:00,986.1250502635498
2026-01-14 08:00:00.062000+00:00,986.1250502635498
2026-01-14 09:00:00.051000+00:00,986.1250502635498
2026-01-14 10:00:00.015000+00:00,986.1250502635498
2026-01-14 11:00:00+00:00,986.1250502635498
2026-01-14 12:00:00.043000+00:00,986.1250502635498
2026-01-14 13:00:00.040000+00:00,986.1250502635498
2026-01-14 14:00:00.084000+00:00,986.1250502635498
2026-01-14 15:00:00.001000+00:00,986.1250502635498
2026-01-14 16:00:00.013000+00:00,986.1250502635498
2026-01-14 17:00:00.085000+00:00,986.1250502635498
2026-01-14 18:00:00.113000+00:00,986.1250502635498
2026-01-14 19:00:00.071000+00:00,986.1250502635498
2026-01-14 20:00:00.090000+00:00,986.1250502635498
2026-01-14 21:00:00.039000+00:00,986.1250502635498
2026-01-14 22:00:00.018000+00:00,986.1250502635498
2026-01-14 23:00:00.024000+00:00,986.1250502635498
2026-01-15 00:00:00.028000+00:00,986.1250502635498
2026-01-15 01:00:00.004000+00:00,986.1250502635498
2026-01-15 02:00:00.052000+00:00,986.1250502635498
2026-01-15 03:00:00.019000+00:00,986.1250502635498
2026-01-15 04:00:00.018000+00:00,986.1250502635498
2026-01-15 05:00:00.081000+00:00,986.1250502635498
2026-01-15 06:00:00.021000+00:00,986.1250502635498
2026-01-15 07:00:00.057000+00:00,986.1250502635498
2026-01-15 08:00:00.029000+00:00,986.1250502635498
2026-01-15 09:00:00.023000+00:00,986.1250502635498
2026-01-15 10:00:00.082000+00:00,986.1250502635498
2026-01-15 11:00:00.076000+00:00,986.1250502635498
2026-01-15 12:00:00.028000+00:00,986.1250502635498
2026-01-15 13:00:00.044000+00:00,986.1250502635498
2026-01-15 14:00:00.054000+00:00,986.1250502635498
2026-01-15 15:00:00.001000+00:00,980.6252725964878
2026-01-15 16:00:00.020000+00:00,980.6377725964878
2026-01-15 17:00:00.067000+00:00,980.6502725964879
2026-01-15 18:00:00.062000+00:00,980.6627725964879
2026-01-15 19:00:00.003000+00:00,980.675272596488
2026-01-15 20:00:00.057000+00:00,980.687772596488
2026-01-15 21:00:00.062000+00:00,980.700272596488
2026-01-15 22:00:00.033000+00:00,980.7127725964881
2026-01-15 23:00:00+00:00,980.7252725964881
2026-01-16 00:00:00.092000+00:00,980.7377725964882
2026-01-16 01:00:00.045000+00:00,980.7502725964882
2026-01-16 02:00:00.007000+00:00,980.7627725964883
2026-01-16 03:00:00.044000+00:00,980.7752725964883
2026-01-16 04:00:00.096000+00:00,980.7877725964884
2026-01-16 05:00:00.028000+00:00,980.8002725964884
2026-01-16 06:00:00.013000+00:00,980.8127725964885
2026-01-16 07:00:00.059000+00:00,980.8252725964885
2026-01-16 08:00:00.044000+00:00,980.8377725964885
2026-01-16 09:00:00.013000+00:00,980.8502725964886
2026-01-16 10:00:00.073000+00:00,980.8627725964886
2026-01-16 11:00:00.003000+00:00,980.8752725964887
2026-01-16 12:00:00.005000+00:00,980.8877725964887
2026-01-16 13:00:00.060000+00:00,980.9002725964888
2026-01-16 14:00:00.084000+00:00,980.9127725964888
2026-01-16 15:00:00.051000+00:00,980.9252725964889
2026-01-16 16:00:00.040000+00:00,980.9377725964889
2026-01-16 17:00:00.051000+00:00,980.950272596489
2026-01-16 18:00:00.045000+00:00,980.962772596489
2026-01-16 19:00:00.147000+00:00,980.975272596489
2026-01-16 20:00:00.078000+00:00,980.9877725964891
2026-01-16 21:00:00.092000+00:00,981.0002725964891
2026-01-16 22:00:00.120000+00:00,981.0127725964892
2026-01-16 23:00:00.021000+00:00,981.0252725964892
2026-01-17 00:00:00.037000+00:00,981.0377725964893
2026-01-17 01:00:00.055000+00:00,981.0502725964893
2026-01-17 02:00:00.090000+00:00,981.0627725964894
2026-01-17 03:00:00.036000+00:00,981.0752725964894
2026-01-17 04:00:00.003000+00:00,981.0877725964895
2026-01-17 05:00:00.027000+00:00,981.1002725964895
2026-01-17 06:00:00.104000+00:00,981.1127725964895
2026-01-17 07:00:00.005000+00:00,981.1252725964896
2026-01-17 08:00:00.022000+00:00,981.1377725964896
2026-01-17 09:00:00.004000+00:00,981.1502725964897
2026-01-17 10:00:00.039000+00:00,981.1627725964897
2026-01-17 11:00:00.095000+00:00,981.1752725964898
2026-01-17 12:00:00.021000+00:00,981.1877725964898
2026-01-17 13:00:00.089000+00:00,981.2002725964899
2026-01-17 14:00:00.030000+00:00,981.2127725964899
2026-01-17 15:00:00.010000+00:00,981.22527259649
2026-01-17 16:00:00.102000+00:00,981.23777259649
2026-01-17 17:00:00.010000+00:00,981.25027259649
2026-01-17 18:00:00.066000+00:00,981.2627725964901
2026-01-17 19:00:00.038000+00:00,981.2752725964901
2026-01-17 20:00:00.073000+00:00,981.2877725964902
2026-01-17 21:00:00.017000+00:00,981.3002725964902
2026-01-17 22:00:00.036000+00:00,981.3127725964903
2026-01-17 23:00:00.100000+00:00,981.3252725964903
2026-01-18 00:00:00.017000+00:00,981.3377725964904
2026-01-18 01:00:00.117000+00:00,981.3502725964904
2026-01-18 02:00:00.061000+00:00,981.3627725964905
2026-01-18 03:00:00.047000+00:00,981.3752725964905
2026-01-18 04:00:00.062000+00:00,981.3877725964905
2026-01-18 05:00:00.034000+00:00,981.4002725964906
2026-01-18 06:00:00.066000+00:00,981.4127725964906
2026-01-18 07:00:00.063000+00:00,981.4252725964907
2026-01-18 08:00:00.106000+00:00,981.4377725964907
2026-01-18 09:00:00.110000+00:00,981.4502725964908
2026-01-18 10:00:00.047000+00:00,981.4627725964908
2026-01-18 11:00:00.085000+00:00,981.4752725964909
2026-01-18 12:00:00.016000+00:00,981.4877725964909
2026-01-18 13:00:00.054000+00:00,981.500272596491
2026-01-18 14:00:00.035000+00:00,981.512772596491
2026-01-18 15:00:00.030000+00:00,981.525272596491
2026-01-18 16:00:00.021000+00:00,981.5377725964911
2026-01-18 17:00:00.040000+00:00,981.5502725964911
2026-01-18 18:00:00.067000+00:00,981.5627725964912
2026-01-18 19:00:00.018000+00:00,981.5752725964912
2026-01-18 20:00:00.055000+00:00,981.5877725964913
2026-01-18 21:00:00.024000+00:00,981.6002725964913
2026-01-18 22:00:00.042000+00:00,981.6127725964914
2026-01-18 23:00:00.113000+00:00,981.6252725964914
2026-01-19 00:00:00.034000+00:00,981.6377725964915
2026-01-19 01:00:00.098000+00:00,981.5968693964915
2026-01-19 02:00:00.001000+00:00,981.5926699964915
2026-01-19 03:00:00.009000+00:00,981.5910655964915
2026-01-19 04:00:00.051000+00:00,981.5800369964915
2026-01-19 05:00:00+00:00,981.5736498964915
2026-01-19 06:00:00.033000+00:00,981.5681624964915
2026-01-19 07:00:00.014000+00:00,981.5561015964914
2026-01-19 08:00:00.026000+00:00,981.5370403964914
2026-01-19 09:00:00.012000+00:00,981.5147903964914
2026-01-19 10:00:00.012000+00:00,981.5172774964915
2026-01-19 11:00:00.094000+00:00,976.0049998294294
2026-01-19 12:00:00+00:00,976.0049998294294
2026-01-19 13:00:00.041000+00:00,976.0049998294294
2026-01-19 14:00:00.040000+00:00,976.0049998294294
2026-01-19 15:00:00.049000+00:00,976.0049998294294
2026-01-19 16:00:00.056000+00:00,976.0049998294294
2026-01-19 17:00:00.011000+00:00,976.0049998294294
2026-01-19 18:00:00.005000+00:00,976.0049998294294
2026-01-19 19:00:00.012000+00:00,976.0049998294294
2026-01-19 20:00:00.025000+00:00,976.0049998294294
2026-01-19 21:00:00.079000+00:00,976.0049998294294
2026-01-19 22:00:00.033000+00:00,976.0049998294294
2026-01-19 23:00:00.040000+00:00,976.0049998294294
2026-01-20 00:00:00.007000+00:00,976.0049998294294
2026-01-20 01:00:00.011000+00:00,976.0049998294294
2026-01-20 02:00:00.057000+00:00,976.0049998294294
2026-01-20 03:00:00.001000+00:00,976.0049998294294
2026-01-20 04:00:00.167000+00:00,976.0049998294294
2026-01-20 05:00:00.112000+00:00,976.0049998294294
2026-01-20 06:00:00.064000+00:00,976.0049998294294
2026-01-20 07:00:00.110000+00:00,976.0049998294294
2026-01-20 08:00:00.010000+00:00,976.0049998294294
2026-01-20 09:00:00.079000+00:00,976.0049998294294
2026-01-20 10:00:00.046000+00:00,976.0049998294294
2026-01-20 11:00:00.018000+00:00,976.0049998294294
2026-01-20 12:00:00.064000+00:00,976.0049998294294
2026-01-20 13:00:00.054000+00:00,976.0049998294294
2026-01-20 14:00:00.109000+00:00,976.0049998294294
2026-01-20 15:00:00.061000+00:00,976.0049998294294
2026-01-20 16:00:00.047000+00:00,976.0049998294294
2026-01-20 17:00:00.034000+00:00,976.0049998294294
2026-01-20 18:00:00.037000+00:00,976.0049998294294
2026-01-20 19:00:00.028000+00:00,976.0049998294294
2026-01-20 20:00:00.020000+00:00,976.0049998294294
2026-01-20 21:00:00.025000+00:00,976.0049998294294
2026-01-20 22:00:00.005000+00:00,976.0049998294294
2026-01-20 23:00:00.015000+00:00,976.0049998294294
2026-01-21 00:00:00.063000+00:00,976.0049998294294
2026-01-21 01:00:00.039000+00:00,976.0049998294294
2026-01-21 02:00:00.038000+00:00,976.0049998294294
2026-01-21 03:00:00.143000+00:00,976.0049998294294
2026-01-21 04:00:00.034000+00:00,976.0049998294294
2026-01-21 05:00:00.057000+00:00,976.0049998294294
2026-01-21 06:00:00.014000+00:00,976.0049998294294
2026-01-21 07:00:00.016000+00:00,976.0049998294294
2026-01-21 08:00:00.028000+00:00,976.0049998294294
2026-01-21 09:00:00.046000+00:00,976.0049998294294
2026-01-21 10:00:00.018000+00:00,976.0049998294294
2026-01-21 11:00:00.027000+00:00,976.0049998294294
2026-01-21 12:00:00.031000+00:00,976.0049998294294
2026-01-21 13:00:00.094000+00:00,976.0049998294294
2026-01-21 14:00:00.007000+00:00,976.0049998294294
2026-01-21 15:00:00.012000+00:00,976.0049998294294
2026-01-21 16:00:00.016000+00:00,976.0049998294294
2026-01-21 17:00:00.079000+00:00,976.0049998294294
2026-01-21 18:00:00.006000+00:00,976.0049998294294
2026-01-21 19:00:00.021000+00:00,976.0049998294294
2026-01-21 20:00:00.017000+00:00,976.0049998294294
2026-01-21 21:00:00.045000+00:00,976.0049998294294
2026-01-21 22:00:00.093000+00:00,976.0049998294294
2026-01-21 23:00:00.012000+00:00,976.0049998294294
2026-01-22 00:00:00.068000+00:00,976.0049998294294
2026-01-22 01:00:00.076000+00:00,976.0049998294294
2026-01-22 02:00:00.069000+00:00,976.0049998294294
2026-01-22 03:00:00.112000+00:00,976.0049998294294
2026-01-22 04:00:00.005000+00:00,976.0049998294294
2026-01-22 05:00:00.033000+00:00,976.0049998294294
2026-01-22 06:00:00.029000+00:00,976.0049998294294
2026-01-22 07:00:00.022000+00:00,976.0049998294294
2026-01-22 08:00:00.084000+00:00,976.0049998294294
2026-01-22 09:00:00.040000+00:00,976.0049998294294
2026-01-22 10:00:00.057000+00:00,976.0049998294294
2026-01-22 11:00:00.047000+00:00,976.0049998294294
2026-01-22 12:00:00.063000+00:00,976.0049998294294
2026-01-22 13:00:00.020000+00:00,976.0049998294294
2026-01-22 14:00:00.092000+00:00,976.0049998294294
2026-01-22 15:00:00.007000+00:00,976.0049998294294
2026-01-22 16:00:00.083000+00:00,976.0049998294294
2026-01-22 17:00:00.035000+00:00,976.0049998294294
2026-01-22 18:00:00.004000+00:00,976.0049998294294
2026-01-22 19:00:00.016000+00:00,976.0049998294294
2026-01-22 20:00:00.017000+00:00,976.0049998294294
2026-01-22 21:00:00.096000+00:00,976.0049998294294
2026-01-22 22:00:00.013000+00:00,976.0049998294294
2026-01-22 23:00:00.019000+00:00,976.0049998294294
2026-01-23 00:00:00.009000+00:00,976.0049998294294
2026-01-23 01:00:00.034000+00:00,976.0049998294294
2026-01-23 02:00:00.028000+00:00,976.0049998294294
2026-01-23 03:00:00.122000+00:00,976.0049998294294
2026-01-23 04:00:00.017000+00:00,976.0049998294294
2026-01-23 05:00:00.154000+00:00,976.0049998294294
2026-01-23 06:00:00.112000+00:00,976.0049998294294
2026-01-23 07:00:00.066000+00:00,976.0049998294294
2026-01-23 08:00:00.100000+00:00,976.0049998294294
2026-01-23 09:00:00.005000+00:00,976.0049998294294
2026-01-23 10:00:00.058000+00:00,976.0049998294294
2026-01-23 11:00:00.030000+00:00,976.0049998294294
2026-01-23 12:00:00.029000+00:00,976.0049998294294
2026-01-23 13:00:00.018000+00:00,976.0049998294294
2026-01-23 14:00:00.013000+00:00,976.0049998294294
2026-01-23 15:00:00.048000+00:00,976.0049998294294
2026-01-23 16:00:00.010000+00:00,976.0049998294294
2026-01-23 17:00:00.061000+00:00,976.0049998294294
2026-01-23 18:00:00.037000+00:00,976.0049998294294
2026-01-23 19:00:00.047000+00:00,976.0049998294294
2026-01-23 20:00:00.055000+00:00,976.0049998294294
2026-01-23 21:00:00.085000+00:00,976.0049998294294
2026-01-23 22:00:00.039000+00:00,976.0049998294294
2026-01-23 23:00:00.085000+00:00,976.0049998294294
2026-01-24 00:00:00.017000+00:00,976.0049998294294
2026-01-24 01:00:00.061000+00:00,976.0049998294294
2026-01-24 02:00:00.093000+00:00,976.0049998294294
2026-01-24 03:00:00.032000+00:00,976.0049998294294
2026-01-24 04:00:00.067000+00:00,976.0049998294294
2026-01-24 05:00:00.043000+00:00,976.0049998294294
2026-01-24 06:00:00.032000+00:00,976.0049998294294
2026-01-24 07:00:00.003000+00:00,976.0049998294294
2026-01-24 08:00:00.030000+00:00,976.0049998294294
2026-01-24 09:00:00.058000+00:00,976.0049998294294
2026-01-24 10:00:00.112000+00:00,976.0049998294294
2026-01-24 11:00:00.027000+00:00,976.0049998294294
2026-01-24 12:00:00.100000+00:00,976.0049998294294
2026-01-24 13:00:00.080000+00:00,976.0049998294294
2026-01-24 14:00:00.016000+00:00,976.0049998294294
2026-01-24 15:00:00.060000+00:00,976.0049998294294
2026-01-24 16:00:00.092000+00:00,976.0049998294294
2026-01-24 17:00:00.040000+00:00,976.0049998294294
2026-01-24 18:00:00.011000+00:00,976.0049998294294
2026-01-24 19:00:00.036000+00:00,976.0049998294294
2026-01-24 20:00:00.028000+00:00,976.0049998294294
2026-01-24 21:00:00.012000+00:00,976.0049998294294
2026-01-24 22:00:00.056000+00:00,976.0049998294294
2026-01-24 23:00:00.017000+00:00,976.0049998294294
2026-01-25 00:00:00.006000+00:00,976.0049998294294
2026-01-25 01:00:00.021000+00:00,976.0049998294294
2026-01-25 02:00:00.135000+00:00,976.0049998294294
2026-01-25 03:00:00.054000+00:00,976.0049998294294
2026-01-25 04:00:00.109000+00:00,976.0049998294294
2026-01-25 05:00:00.110000+00:00,976.0049998294294
2026-01-25 06:00:00.117000+00:00,976.0049998294294
2026-01-25 07:00:00.059000+00:00,976.0049998294294
2026-01-25 08:00:00.042000+00:00,976.0049998294294
2026-01-25 09:00:00.055000+00:00,976.0049998294294
2026-01-25 10:00:00.045000+00:00,976.0049998294294
2026-01-25 11:00:00.011000+00:00,976.0049998294294
2026-01-25 12:00:00.029000+00:00,976.0049998294294
2026-01-25 13:00:00.065000+00:00,976.0049998294294
2026-01-25 14:00:00.031000+00:00,976.0049998294294
2026-01-25 15:00:00.075000+00:00,976.0049998294294
2026-01-25 16:00:00.012000+00:00,976.0049998294294
2026-01-25 17:00:00.013000+00:00,976.0049998294294
2026-01-25 18:00:00.020000+00:00,976.0049998294294
2026-01-25 19:00:00.010000+00:00,976.0049998294294
2026-01-25 20:00:00.016000+00:00,976.0049998294294
2026-01-25 21:00:00.021000+00:00,976.0049998294294
2026-01-25 22:00:00.063000+00:00,976.0049998294294
2026-01-25 23:00:00.127000+00:00,976.0049998294294
2026-01-26 00:00:00.127000+00:00,976.0049998294294
2026-01-26 01:00:00.001000+00:00,976.0049998294294
2026-01-26 02:00:00.026000+00:00,976.0049998294294
2026-01-26 03:00:00.059000+00:00,976.0049998294294
2026-01-26 04:00:00.056000+00:00,976.0049998294294
2026-01-26 05:00:00.020000+00:00,976.0049998294294
2026-01-26 06:00:00.101000+00:00,976.0049998294294
2026-01-26 07:00:00.055000+00:00,976.0049998294294
2026-01-26 08:00:00.040000+00:00,976.0049998294294
2026-01-26 09:00:00.056000+00:00,976.0049998294294
2026-01-26 10:00:00.060000+00:00,976.0049998294294
2026-01-26 11:00:00.055000+00:00,976.0049998294294
2026-01-26 12:00:00.081000+00:00,976.0049998294294
2026-01-26 13:00:00+00:00,976.0049998294294
2026-01-26 14:00:00.050000+00:00,976.0049998294294
2026-01-26 15:00:00.064000+00:00,976.0049998294294
2026-01-26 16:00:00.006000+00:00,976.0049998294294
2026-01-26 17:00:00.012000+00:00,976.0049998294294
2026-01-26 18:00:00.010000+00:00,976.0049998294294
2026-01-26 19:00:00.045000+00:00,976.0049998294294
2026-01-26 20:00:00.034000+00:00,976.0049998294294
2026-01-26 21:00:00.094000+00:00,976.0049998294294
2026-01-26 22:00:00.049000+00:00,976.0049998294294
2026-01-26 23:00:00.079000+00:00,976.0049998294294
2026-01-27 00:00:00.085000+00:00,976.0049998294294
2026-01-27 01:00:00.073000+00:00,976.0049998294294
2026-01-27 02:00:00.052000+00:00,976.0049998294294
2026-01-27 03:00:00.012000+00:00,976.0049998294294
2026-01-27 04:00:00.017000+00:00,976.0049998294294
2026-01-27 05:00:00.023000+00:00,976.0049998294294
2026-01-27 06:00:00+00:00,976.0049998294294
2026-01-27 07:00:00.049000+00:00,976.0049998294294
2026-01-27 08:00:00.092000+00:00,976.0049998294294
2026-01-27 09:00:00.020000+00:00,976.0049998294294
2026-01-27 10:00:00.056000+00:00,976.0049998294294
2026-01-27 11:00:00.003000+00:00,976.0049998294294
2026-01-27 12:00:00.051000+00:00,976.0049998294294
2026-01-27 13:00:00.006000+00:00,976.0049998294294
2026-01-27 14:00:00.041000+00:00,976.0049998294294
2026-01-27 15:00:00.074000+00:00,976.0049998294294
2026-01-27 16:00:00.103000+00:00,976.0049998294294
2026-01-27 17:00:00.024000+00:00,976.0049998294294
2026-01-27 18:00:00.011000+00:00,976.0049998294294
2026-01-27 19:00:00.027000+00:00,976.0049998294294
2026-01-27 20:00:00.082000+00:00,976.0049998294294
2026-01-27 21:00:00.015000+00:00,976.0049998294294
2026-01-27 22:00:00.042000+00:00,976.0049998294294
2026-01-27 23:00:00.015000+00:00,976.0049998294294
2026-01-28 00:00:00.090000+00:00,976.0049998294294
2026-01-28 01:00:00.024000+00:00,976.0049998294294
2026-01-28 02:00:00.053000+00:00,976.0049998294294
2026-01-28 03:00:00.047000+00:00,976.0049998294294
2026-01-28 04:00:00.114000+00:00,976.0049998294294
2026-01-28 05:00:00.046000+00:00,976.0049998294294
2026-01-28 06:00:00.127000+00:00,976.0049998294294
2026-01-28 07:00:00.070000+00:00,976.0049998294294
2026-01-28 08:00:00.044000+00:00,976.0049998294294
2026-01-28 09:00:00.042000+00:00,976.0049998294294
2026-01-28 10:00:00.038000+00:00,976.0049998294294
2026-01-28 11:00:00.016000+00:00,976.0049998294294
2026-01-28 12:00:00.051000+00:00,976.0049998294294
2026-01-28 13:00:00.094000+00:00,976.0049998294294
2026-01-28 14:00:00.054000+00:00,976.0049998294294
2026-01-28 15:00:00.003000+00:00,976.0049998294294
2026-01-28 16:00:00.022000+00:00,976.0049998294294
2026-01-28 17:00:00.048000+00:00,976.0049998294294
2026-01-28 18:00:00.020000+00:00,976.0049998294294
2026-01-28 19:00:00.072000+00:00,976.0049998294294
2026-01-28 20:00:00.063000+00:00,976.0049998294294
2026-01-28 21:00:00.108000+00:00,976.0049998294294
2026-01-28 22:00:00.010000+00:00,976.0049998294294
2026-01-28 23:00:00.022000+00:00,976.0049998294294
2026-01-29 00:00:00.027000+00:00,976.0049998294294
2026-01-29 01:00:00.021000+00:00,976.0049998294294
2026-01-29 02:00:00.049000+00:00,976.0049998294294
2026-01-29 03:00:00.013000+00:00,976.0049998294294
2026-01-29 04:00:00.038000+00:00,976.0049998294294
2026-01-29 05:00:00.051000+00:00,976.0049998294294
2026-01-29 06:00:00.048000+00:00,976.0049998294294
2026-01-29 07:00:00.087000+00:00,976.0049998294294
2026-01-29 08:00:00.047000+00:00,976.0049998294294
2026-01-29 09:00:00.026000+00:00,976.0049998294294
2026-01-29 10:00:00.066000+00:00,976.0049998294294
2026-01-29 11:00:00.051000+00:00,976.0049998294294
2026-01-29 12:00:00+00:00,976.0049998294294
2026-01-29 13:00:00.120000+00:00,976.0049998294294
2026-01-29 14:00:00.011000+00:00,976.0049998294294
2026-01-29 15:00:00.016000+00:00,976.0049998294294
2026-01-29 16:00:00.059000+00:00,976.0049998294294
2026-01-29 17:00:00.082000+00:00,976.0049998294294
2026-01-29 18:00:00.099000+00:00,976.0049998294294
2026-01-29 19:00:00.054000+00:00,976.0049998294294
2026-01-29 20:00:00.035000+00:00,976.0049998294294
2026-01-29 21:00:00.049000+00:00,976.0049998294294
2026-01-29 22:00:00.059000+00:00,976.0049998294294
2026-01-29 23:00:00.037000+00:00,976.0049998294294
2026-01-30 00:00:00.022000+00:00,976.0049998294294
2026-01-30 01:00:00.010000+00:00,976.0049998294294
2026-01-30 02:00:00.075000+00:00,976.0049998294294
2026-01-30 03:00:00.038000+00:00,976.0049998294294
2026-01-30 04:00:00.028000+00:00,976.0049998294294
2026-01-30 05:00:00.053000+00:00,976.0049998294294
2026-01-30 06:00:00.084000+00:00,976.0049998294294
2026-01-30 07:00:00.117000+00:00,976.0049998294294
2026-01-30 08:00:00.018000+00:00,976.0049998294294
2026-01-30 09:00:00.103000+00:00,976.0049998294294
2026-01-30 10:00:00.049000+00:00,976.0049998294294
2026-01-30 11:00:00.108000+00:00,976.0049998294294
2026-01-30 12:00:00.036000+00:00,976.0049998294294
2026-01-30 13:00:00.025000+00:00,976.0049998294294
2026-01-30 14:00:00.033000+00:00,976.0049998294294
2026-01-30 15:00:00.008000+00:00,976.0049998294294
2026-01-30 16:00:00.054000+00:00,976.0049998294294
2026-01-30 17:00:00.105000+00:00,976.0049998294294
2026-01-30 18:00:00.037000+00:00,976.0049998294294
2026-01-30 19:00:00.042000+00:00,976.0049998294294
2026-01-30 20:00:00.041000+00:00,976.0049998294294
2026-01-30 21:00:00.006000+00:00,976.0049998294294
2026-01-30 22:00:00.001000+00:00,976.0049998294294
2026-01-30 23:00:00.031000+00:00,976.0049998294294
2026-01-31 00:00:00.171000+00:00,976.0049998294294
2026-01-31 01:00:00.100000+00:00,976.0049998294294
2026-01-31 02:00:00.068000+00:00,976.0049998294294
2026-01-31 03:00:00.097000+00:00,976.0049998294294
2026-01-31 04:00:00.012000+00:00,976.0049998294294
2026-01-31 05:00:00.026000+00:00,976.0049998294294
2026-01-31 06:00:00.002000+00:00,976.0049998294294
2026-01-31 07:00:00.010000+00:00,976.0049998294294
2026-01-31 08:00:00.049000+00:00,976.0049998294294
2026-01-31 09:00:00.076000+00:00,976.0049998294294
2026-01-31 10:00:00.022000+00:00,976.0049998294294
2026-01-31 11:00:00.050000+00:00,976.0049998294294
2026-01-31 12:00:00.105000+00:00,976.0049998294294
2026-01-31 13:00:00.035000+00:00,976.0049998294294
2026-01-31 14:00:00.027000+00:00,976.0049998294294
2026-01-31 15:00:00.033000+00:00,976.0049998294294
2026-01-31 16:00:00.091000+00:00,976.0049998294294
2026-01-31 17:00:00.030000+00:00,976.0049998294294
2026-01-31 18:00:00.057000+00:00,976.0049998294294
2026-01-31 19:00:00.118000+00:00,976.0049998294294
2026-01-31 20:00:00.081000+00:00,976.0049998294294
2026-01-31 21:00:00.058000+00:00,976.0049998294294
2026-01-31 22:00:00.056000+00:00,976.0049998294294
2026-01-31 23:00:00.088000+00:00,976.0049998294294
2026-02-01 00:00:00.016000+00:00,976.0049998294294
2026-02-01 01:00:00.017000+00:00,976.0049998294294
2026-02-01 02:00:00.052000+00:00,976.0049998294294
2026-02-01 03:00:00.047000+00:00,976.0049998294294
2026-02-01 04:00:00.091000+00:00,976.0049998294294
2026-02-01 05:00:00.008000+00:00,976.0049998294294
2026-02-01 06:00:00.029000+00:00,976.0049998294294
2026-02-01 07:00:00.060000+00:00,976.0049998294294
2026-02-01 08:00:00.056000+00:00,976.0049998294294
2026-02-01 09:00:00+00:00,976.0049998294294
2026-02-01 10:00:00.092000+00:00,976.0049998294294
2026-02-01 11:00:00.017000+00:00,976.0049998294294
2026-02-01 12:00:00.097000+00:00,976.0049998294294
2026-02-01 13:00:00.026000+00:00,976.0049998294294
2026-02-01 14:00:00.096000+00:00,976.0049998294294
2026-02-01 15:00:00.019000+00:00,976.0049998294294
2026-02-01 16:00:00.034000+00:00,976.0049998294294
2026-02-01 17:00:00.041000+00:00,976.0049998294294
2026-02-01 18:00:00.062000+00:00,976.0049998294294
2026-02-01 19:00:00.042000+00:00,976.0049998294294
2026-02-01 20:00:00.067000+00:00,976.0049998294294
2026-02-01 21:00:00.104000+00:00,976.0049998294294
2026-02-01 22:00:00.015000+00:00,976.0049998294294
2026-02-01 23:00:00.006000+00:00,976.0049998294294
2026-02-02 00:00:00.059000+00:00,976.0049998294294
2026-02-02 01:00:00.038000+00:00,976.0049998294294
2026-02-02 02:00:00.017000+00:00,976.0049998294294
2026-02-02 03:00:00.062000+00:00,976.0049998294294
2026-02-02 04:00:00.064000+00:00,976.0049998294294
2026-02-02 05:00:00.106000+00:00,976.0049998294294
2026-02-02 06:00:00.074000+00:00,976.0049998294294
2026-02-02 07:00:00.020000+00:00,976.0049998294294
2026-02-02 08:00:00.007000+00:00,976.0049998294294
2026-02-02 09:00:00.043000+00:00,976.0049998294294
2026-02-02 10:00:00.084000+00:00,976.0049998294294
2026-02-02 11:00:00.047000+00:00,976.0049998294294
2026-02-02 12:00:00.061000+00:00,976.0049998294294
2026-02-02 13:00:00.088000+00:00,976.0049998294294
2026-02-02 14:00:00.065000+00:00,976.0049998294294
2026-02-02 15:00:00.070000+00:00,976.0049998294294
2026-02-02 16:00:00.041000+00:00,976.0049998294294
2026-02-02 17:00:00.065000+00:00,976.0049998294294
2026-02-02 18:00:00.066000+00:00,976.0049998294294
2026-02-02 19:00:00.004000+00:00,976.0049998294294
2026-02-02 20:00:00.023000+00:00,976.0049998294294
2026-02-02 21:00:00.014000+00:00,976.0049998294294
2026-02-02 22:00:00.099000+00:00,976.0049998294294
2026-02-02 23:00:00.055000+00:00,976.0049998294294
2026-02-03 00:00:00.013000+00:00,976.0049998294294
2026-02-03 01:00:00.015000+00:00,976.0049998294294
2026-02-03 02:00:00.012000+00:00,976.0049998294294
2026-02-03 03:00:00.032000+00:00,976.0049998294294
2026-02-03 04:00:00.038000+00:00,976.0049998294294
2026-02-03 05:00:00.029000+00:00,976.0049998294294
2026-02-03 06:00:00+00:00,976.0049998294294
2026-02-03 07:00:00.068000+00:00,976.0049998294294
2026-02-03 08:00:00.057000+00:00,976.0049998294294
2026-02-03 09:00:00.079000+00:00,976.0049998294294
2026-02-03 10:00:00.022000+00:00,976.0049998294294
2026-02-03 11:00:00.065000+00:00,976.0049998294294
2026-02-03 12:00:00.118000+00:00,976.0049998294294
2026-02-03 13:00:00.065000+00:00,976.0049998294294
2026-02-03 14:00:00.040000+00:00,976.0049998294294
2026-02-03 15:00:00.025000+00:00,976.0049998294294
2026-02-03 16:00:00.059000+00:00,976.0049998294294
2026-02-03 17:00:00.001000+00:00,976.0049998294294
2026-02-03 18:00:00.015000+00:00,976.0049998294294
2026-02-03 19:00:00.059000+00:00,976.0049998294294
2026-02-03 20:00:00.049000+00:00,976.0049998294294
2026-02-03 21:00:00.031000+00:00,976.0049998294294
2026-02-03 22:00:00.004000+00:00,976.0049998294294
2026-02-03 23:00:00.056000+00:00,976.0049998294294
2026-02-04 00:00:00.018000+00:00,976.0049998294294
2026-02-04 01:00:00.045000+00:00,976.0049998294294
2026-02-04 02:00:00.022000+00:00,976.0049998294294
2026-02-04 03:00:00.032000+00:00,976.0049998294294
2026-02-04 04:00:00.004000+00:00,976.0049998294294
2026-02-04 05:00:00.055000+00:00,976.0049998294294
2026-02-04 06:00:00.042000+00:00,976.0049998294294
2026-02-04 07:00:00.016000+00:00,976.0049998294294
2026-02-04 08:00:00.027000+00:00,976.0049998294294
2026-02-04 09:00:00.003000+00:00,976.0049998294294
2026-02-04 10:00:00.081000+00:00,976.0049998294294
2026-02-04 11:00:00.016000+00:00,976.0049998294294
2026-02-04 12:00:00.120000+00:00,976.0049998294294
2026-02-04 13:00:00.025000+00:00,976.0049998294294
2026-02-04 14:00:00.004000+00:00,976.0049998294294
2026-02-04 15:00:00.071000+00:00,976.0049998294294
2026-02-04 16:00:00.007000+00:00,976.0049998294294
2026-02-04 17:00:00.105000+00:00,976.0049998294294
2026-02-04 18:00:00.058000+00:00,976.0049998294294
2026-02-04 19:00:00.028000+00:00,976.0049998294294
2026-02-04 20:00:00.001000+00:00,976.0049998294294
2026-02-04 21:00:00.072000+00:00,976.0049998294294
2026-02-04 22:00:00.051000+00:00,976.0049998294294
2026-02-04 23:00:00.022000+00:00,976.0049998294294
2026-02-05 00:00:00.003000+00:00,976.0049998294294
2026-02-05 01:00:00.010000+00:00,976.0049998294294
2026-02-05 02:00:00.097000+00:00,976.0049998294294
2026-02-05 03:00:00.011000+00:00,976.0049998294294
2026-02-05 04:00:00.032000+00:00,976.0049998294294
2026-02-05 05:00:00.057000+00:00,976.0049998294294
2026-02-05 06:00:00.038000+00:00,976.0049998294294
2026-02-05 07:00:00.008000+00:00,976.0049998294294
2026-02-05 08:00:00.038000+00:00,976.0049998294294
2026-02-05 09:00:00.023000+00:00,976.0049998294294
2026-02-05 10:00:00.022000+00:00,976.0049998294294
2026-02-05 11:00:00.046000+00:00,976.0049998294294
2026-02-05 12:00:00.036000+00:00,976.0049998294294
2026-02-05 13:00:00.013000+00:00,976.0049998294294
2026-02-05 14:00:00.012000+00:00,976.0049998294294
2026-02-05 15:00:00.079000+00:00,976.0049998294294
2026-02-05 16:00:00.065000+00:00,976.0049998294294
2026-02-05 17:00:00.004000+00:00,976.0049998294294
2026-02-05 18:00:00.104000+00:00,976.0049998294294
2026-02-05 19:00:00.030000+00:00,976.0049998294294
2026-02-05 20:00:00.057000+00:00,976.0049998294294
2026-02-05 21:00:00.013000+00:00,976.0049998294294
2026-02-05 22:00:00.040000+00:00,976.0049998294294
2026-02-05 23:00:00.019000+00:00,976.0049998294294
2026-02-06 00:00:00.083000+00:00,976.0049998294294
2026-02-06 01:00:00.049000+00:00,976.0049998294294
2026-02-06 02:00:00.026000+00:00,976.0049998294294
2026-02-06 03:00:00.050000+00:00,976.0049998294294
2026-02-06 04:00:00.075000+00:00,976.0049998294294
2026-02-06 05:00:00.102000+00:00,976.0049998294294
2026-02-06 06:00:00.022000+00:00,976.0049998294294
2026-02-06 07:00:00.074000+00:00,976.0049998294294
2026-02-06 08:00:00.037000+00:00,976.0049998294294
2026-02-06 09:00:00.042000+00:00,976.0049998294294
2026-02-06 10:00:00.053000+00:00,976.0049998294294
2026-02-06 11:00:00.032000+00:00,976.0049998294294
2026-02-06 12:00:00.009000+00:00,976.0049998294294
2026-02-06 13:00:00.032000+00:00,976.0049998294294
2026-02-06 14:00:00.024000+00:00,976.0049998294294
2026-02-06 15:00:00.089000+00:00,976.0049998294294
2026-02-06 16:00:00.036000+00:00,976.0049998294294
2026-02-06 17:00:00.030000+00:00,976.0049998294294
2026-02-06 18:00:00.086000+00:00,976.0049998294294
2026-02-06 19:00:00.056000+00:00,976.0049998294294
2026-02-06 20:00:00.016000+00:00,976.0049998294294
2026-02-06 21:00:00.031000+00:00,976.0049998294294
2026-02-06 22:00:00.032000+00:00,976.0049998294294
2026-02-06 23:00:00.049000+00:00,976.0049998294294
2026-02-07 00:00:00.064000+00:00,976.0049998294294
2026-02-07 01:00:00.036000+00:00,976.0049998294294
2026-02-07 02:00:00.026000+00:00,976.0049998294294
2026-02-07 03:00:00.021000+00:00,976.0049998294294
2026-02-07 04:00:00.104000+00:00,976.0049998294294
2026-02-07 05:00:00.063000+00:00,976.0049998294294
2026-02-07 06:00:00.036000+00:00,976.0049998294294
2026-02-07 07:00:00.008000+00:00,976.0049998294294
2026-02-07 08:00:00.048000+00:00,976.0049998294294
2026-02-07 09:00:00.081000+00:00,976.0049998294294
2026-02-07 10:00:00.020000+00:00,976.0049998294294
2026-02-07 11:00:00.008000+00:00,976.0049998294294
2026-02-07 12:00:00.031000+00:00,976.0049998294294
2026-02-07 13:00:00.040000+00:00,976.0049998294294
2026-02-07 14:00:00.008000+00:00,976.0049998294294
2026-02-07 15:00:00.093000+00:00,976.0049998294294
2026-02-07 16:00:00.146000+00:00,976.0049998294294
2026-02-07 17:00:00.055000+00:00,976.0049998294294
2026-02-07 18:00:00.022000+00:00,976.0049998294294
2026-02-07 19:00:00.071000+00:00,976.0049998294294
2026-02-07 20:00:00.020000+00:00,976.0049998294294
2026-02-07 21:00:00.089000+00:00,976.0049998294294
2026-02-07 22:00:00.055000+00:00,976.0049998294294
2026-02-07 23:00:00.038000+00:00,976.0049998294294
2026-02-08 00:00:00.042000+00:00,976.0049998294294
2026-02-08 01:00:00.003000+00:00,976.0049998294294
2026-02-08 02:00:00.074000+00:00,976.0049998294294
2026-02-08 03:00:00.113000+00:00,976.0049998294294
2026-02-08 04:00:00.069000+00:00,976.0049998294294
2026-02-08 05:00:00.059000+00:00,976.0049998294294
2026-02-08 06:00:00.031000+00:00,976.0049998294294
2026-02-08 07:00:00.038000+00:00,976.0049998294294
2026-02-08 08:00:00.113000+00:00,976.0049998294294
2026-02-08 09:00:00.040000+00:00,976.0049998294294
2026-02-08 10:00:00.031000+00:00,976.0049998294294
2026-02-08 11:00:00.068000+00:00,976.0049998294294
2026-02-08 12:00:00.077000+00:00,976.0049998294294
2026-02-08 13:00:00.011000+00:00,976.0049998294294
2026-02-08 14:00:00.051000+00:00,976.0049998294294
2026-02-08 15:00:00.041000+00:00,976.0049998294294
2026-02-08 16:00:00.023000+00:00,976.0049998294294
2026-02-08 17:00:00.043000+00:00,976.0049998294294
2026-02-08 18:00:00.023000+00:00,976.0049998294294
2026-02-08 19:00:00.070000+00:00,976.0049998294294
2026-02-08 20:00:00.046000+00:00,976.0049998294294
2026-02-08 21:00:00.059000+00:00,976.0049998294294
2026-02-08 22:00:00.049000+00:00,976.0049998294294
2026-02-08 23:00:00.015000+00:00,976.0049998294294
2026-02-09 00:00:00.009000+00:00,976.0049998294294
2026-02-09 01:00:00.034000+00:00,976.0049998294294
2026-02-09 02:00:00.118000+00:00,976.0049998294294
2026-02-09 03:00:00.004000+00:00,976.0049998294294
2026-02-09 04:00:00.091000+00:00,976.0049998294294
2026-02-09 05:00:00.037000+00:00,976.0049998294294
2026-02-09 06:00:00.020000+00:00,976.0049998294294
2026-02-09 07:00:00.026000+00:00,976.0049998294294
2026-02-09 08:00:00.013000+00:00,976.0049998294294
2026-02-09 09:00:00.040000+00:00,976.0049998294294
2026-02-09 10:00:00.131000+00:00,976.0049998294294
2026-02-09 11:00:00.088000+00:00,976.0049998294294
2026-02-09 12:00:00.030000+00:00,976.0049998294294
2026-02-09 13:00:00.020000+00:00,976.0049998294294
2026-02-09 14:00:00.015000+00:00,976.0049998294294
2026-02-09 15:00:00.011000+00:00,976.0049998294294
2026-02-09 16:00:00.001000+00:00,976.0049998294294
2026-02-09 17:00:00.038000+00:00,976.0049998294294
2026-02-09 18:00:00.060000+00:00,976.0049998294294
2026-02-09 19:00:00.023000+00:00,976.0049998294294
2026-02-09 20:00:00.059000+00:00,976.0049998294294
2026-02-09 21:00:00.068000+00:00,976.0049998294294
2026-02-09 22:00:00.065000+00:00,976.0049998294294
2026-02-09 23:00:00.046000+00:00,976.0049998294294
2026-02-10 00:00:00.013000+00:00,976.0049998294294
2026-02-10 01:00:00.012000+00:00,976.0049998294294
2026-02-10 02:00:00.055000+00:00,976.0049998294294
2026-02-10 03:00:00.057000+00:00,976.0049998294294
2026-02-10 04:00:00.071000+00:00,976.0049998294294
2026-02-10 05:00:00.024000+00:00,976.0049998294294
2026-02-10 06:00:00.028000+00:00,976.0049998294294
2026-02-10 07:00:00.090000+00:00,976.0049998294294
2026-02-10 08:00:00.018000+00:00,976.0049998294294
2026-02-10 09:00:00.041000+00:00,976.0049998294294
2026-02-10 10:00:00.028000+00:00,976.0049998294294
2026-02-10 11:00:00.100000+00:00,976.0049998294294
2026-02-10 12:00:00.032000+00:00,976.0049998294294
2026-02-10 13:00:00.106000+00:00,976.0049998294294
2026-02-10 14:00:00.038000+00:00,976.0049998294294
2026-02-10 15:00:00.006000+00:00,976.0049998294294
2026-02-10 16:00:00.009000+00:00,976.0049998294294
2026-02-10 17:00:00.070000+00:00,976.0049998294294
2026-02-10 18:00:00.065000+00:00,976.0049998294294
2026-02-10 19:00:00.015000+00:00,976.0049998294294
2026-02-10 20:00:00.053000+00:00,976.0049998294294
2026-02-10 21:00:00.100000+00:00,976.0049998294294
2026-02-10 22:00:00.070000+00:00,976.0049998294294
2026-02-10 23:00:00.016000+00:00,976.0049998294294
2026-02-11 00:00:00.036000+00:00,976.0049998294294
2026-02-11 01:00:00.007000+00:00,976.0049998294294
2026-02-11 02:00:00.051000+00:00,976.0049998294294
2026-02-11 03:00:00.098000+00:00,976.0049998294294
2026-02-11 04:00:00.071000+00:00,976.0049998294294
2026-02-11 05:00:00.030000+00:00,976.0049998294294
2026-02-11 06:00:00.005000+00:00,976.0049998294294
2026-02-11 07:00:00.062000+00:00,976.0049998294294
2026-02-11 08:00:00.095000+00:00,976.0049998294294
2026-02-11 09:00:00.114000+00:00,976.0049998294294
2026-02-11 10:00:00.048000+00:00,976.0049998294294
2026-02-11 11:00:00.086000+00:00,976.0049998294294
2026-02-11 12:00:00.022000+00:00,976.0049998294294
2026-02-11 13:00:00.055000+00:00,976.0049998294294
2026-02-11 14:00:00.087000+00:00,976.0049998294294
2026-02-11 15:00:00.012000+00:00,976.0049998294294
2026-02-11 16:00:00.074000+00:00,976.0049998294294
2026-02-11 17:00:00.077000+00:00,976.0049998294294
2026-02-11 18:00:00.062000+00:00,976.0049998294294
2026-02-11 19:00:00.045000+00:00,976.0049998294294
2026-02-11 20:00:00.051000+00:00,976.0049998294294
2026-02-11 21:00:00.053000+00:00,976.0049998294294
2026-02-11 22:00:00.067000+00:00,976.0049998294294
2026-02-11 23:00:00.087000+00:00,976.0049998294294
2026-02-12 00:00:00.006000+00:00,976.0049998294294
2026-02-12 01:00:00.034000+00:00,976.0049998294294
2026-02-12 02:00:00.037000+00:00,976.0049998294294
2026-02-12 03:00:00.057000+00:00,976.0049998294294
2026-02-12 04:00:00.004000+00:00,976.0049998294294
2026-02-12 05:00:00.075000+00:00,976.0049998294294
2026-02-12 06:00:00.077000+00:00,976.0049998294294
2026-02-12 07:00:00.029000+00:00,976.0049998294294
2026-02-12 08:00:00.036000+00:00,976.0049998294294
2026-02-12 09:00:00.054000+00:00,976.0049998294294
2026-02-12 10:00:00.022000+00:00,976.0049998294294
2026-02-12 11:00:00.008000+00:00,976.0049998294294
2026-02-12 12:00:00.064000+00:00,976.0049998294294
2026-02-12 13:00:00.056000+00:00,976.0049998294294
2026-02-12 14:00:00.023000+00:00,976.0049998294294
2026-02-12 15:00:00.004000+00:00,976.0049998294294
2026-02-12 16:00:00.043000+00:00,976.0049998294294
2026-02-12 17:00:00.026000+00:00,976.0049998294294
2026-02-12 18:00:00.015000+00:00,976.0049998294294
2026-02-12 19:00:00.053000+00:00,976.0049998294294
2026-02-12 20:00:00.037000+00:00,976.0049998294294
2026-02-12 21:00:00.043000+00:00,976.0049998294294
2026-02-12 22:00:00.010000+00:00,976.0049998294294
2026-02-12 23:00:00.072000+00:00,976.0049998294294
2026-02-13 00:00:00.092000+00:00,976.0049998294294
2026-02-13 01:00:00.083000+00:00,976.0049998294294
2026-02-13 02:00:00.050000+00:00,976.0049998294294
2026-02-13 03:00:00.009000+00:00,976.0049998294294
2026-02-13 04:00:00.087000+00:00,976.0049998294294
2026-02-13 05:00:00.083000+00:00,976.0049998294294
2026-02-13 06:00:00.070000+00:00,976.0049998294294
2026-02-13 07:00:00.056000+00:00,976.0049998294294
2026-02-13 08:00:00.018000+00:00,976.0049998294294
2026-02-13 09:00:00.087000+00:00,976.0049998294294
2026-02-13 10:00:00.004000+00:00,976.0049998294294
2026-02-13 11:00:00.117000+00:00,976.0049998294294
2026-02-13 12:00:00.059000+00:00,976.0049998294294
2026-02-13 13:00:00.040000+00:00,976.0049998294294
2026-02-13 14:00:00.092000+00:00,976.0049998294294
2026-02-13 15:00:00.081000+00:00,976.0049998294294
2026-02-13 16:00:00.038000+00:00,976.0049998294294
2026-02-13 17:00:00.023000+00:00,976.0049998294294
2026-02-13 18:00:00.120000+00:00,976.0049998294294
2026-02-13 19:00:00.063000+00:00,976.0049998294294
2026-02-13 20:00:00.048000+00:00,976.0049998294294
2026-02-13 21:00:00.056000+00:00,976.0049998294294
2026-02-13 22:00:00.018000+00:00,976.0049998294294
2026-02-13 23:00:00.072000+00:00,976.0049998294294
2026-02-14 00:00:00.041000+00:00,976.0049998294294
2026-02-14 01:00:00.085000+00:00,976.0049998294294
2026-02-14 02:00:00.103000+00:00,976.0049998294294
2026-02-14 03:00:00.007000+00:00,976.0049998294294
2026-02-14 04:00:00.098000+00:00,976.0049998294294
2026-02-14 05:00:00.016000+00:00,976.0049998294294
2026-02-14 06:00:00.103000+00:00,976.0049998294294
2026-02-14 07:00:00.037000+00:00,976.0049998294294
2026-02-14 08:00:00.001000+00:00,976.0049998294294
2026-02-14 09:00:00.050000+00:00,976.0049998294294
2026-02-14 10:00:00.086000+00:00,976.0049998294294
2026-02-14 11:00:00.026000+00:00,976.0049998294294
2026-02-14 12:00:00.125000+00:00,976.0049998294294
2026-02-14 13:00:00.083000+00:00,976.0049998294294
2026-02-14 14:00:00.055000+00:00,976.0049998294294
2026-02-14 15:00:00.081000+00:00,976.0049998294294
2026-02-14 16:00:00.035000+00:00,976.0049998294294
2026-02-14 17:00:00.075000+00:00,976.0049998294294
2026-02-14 18:00:00.102000+00:00,976.0049998294294
2026-02-14 19:00:00.005000+00:00,976.0049998294294
2026-02-14 20:00:00.071000+00:00,976.0049998294294
2026-02-14 21:00:00.056000+00:00,976.0049998294294
2026-02-14 22:00:00.045000+00:00,976.0049998294294
2026-02-14 23:00:00.022000+00:00,976.0049998294294
2026-02-15 00:00:00.102000+00:00,976.0049998294294
2026-02-15 01:00:00.052000+00:00,976.0049998294294
2026-02-15 02:00:00.088000+00:00,976.0049998294294
2026-02-15 03:00:00.093000+00:00,976.0049998294294
2026-02-15 04:00:00.058000+00:00,976.0049998294294
2026-02-15 05:00:00.004000+00:00,976.0049998294294
2026-02-15 06:00:00.027000+00:00,976.0049998294294
2026-02-15 07:00:00.020000+00:00,976.0049998294294
2026-02-15 08:00:00.027000+00:00,976.0049998294294
2026-02-15 09:00:00.043000+00:00,976.0049998294294
2026-02-15 10:00:00.001000+00:00,976.0049998294294
2026-02-15 11:00:00.015000+00:00,976.0049998294294
2026-02-15 12:00:00.014000+00:00,976.0049998294294
2026-02-15 13:00:00.012000+00:00,976.0049998294294
2026-02-15 14:00:00.023000+00:00,976.0049998294294
2026-02-15 15:00:00.014000+00:00,976.0049998294294
2026-02-15 16:00:00.083000+00:00,976.0049998294294
2026-02-15 17:00:00.027000+00:00,976.0049998294294
2026-02-15 18:00:00.006000+00:00,976.0049998294294
2026-02-15 19:00:00.023000+00:00,976.0049998294294
2026-02-15 20:00:00.060000+00:00,976.0049998294294
2026-02-15 21:00:00.008000+00:00,976.0049998294294
2026-02-15 22:00:00.058000+00:00,976.0049998294294
2026-02-15 23:00:00.053000+00:00,976.0049998294294
2026-02-16 00:00:00.071000+00:00,976.0049998294294
2026-02-16 01:00:00.023000+00:00,976.0049998294294
2026-02-16 02:00:00.070000+00:00,976.0049998294294
2026-02-16 03:00:00.088000+00:00,976.0049998294294
2026-02-16 04:00:00.033000+00:00,976.0049998294294
2026-02-16 05:00:00.025000+00:00,976.0049998294294
2026-02-16 06:00:00.006000+00:00,976.0049998294294
2026-02-16 07:00:00.043000+00:00,976.0049998294294
2026-02-16 08:00:00.025000+00:00,976.0049998294294
2026-02-16 09:00:00.002000+00:00,976.0049998294294
2026-02-16 10:00:00.026000+00:00,976.0049998294294
2026-02-16 11:00:00+00:00,976.0049998294294
2026-02-16 12:00:00.075000+00:00,976.0049998294294
2026-02-16 13:00:00.013000+00:00,976.0049998294294
2026-02-16 14:00:00.083000+00:00,976.0049998294294
2026-02-16 15:00:00.037000+00:00,976.0049998294294
2026-02-16 16:00:00.099000+00:00,976.0049998294294
2026-02-16 17:00:00.019000+00:00,976.0049998294294
2026-02-16 18:00:00.138000+00:00,976.0049998294294
2026-02-16 19:00:00.072000+00:00,976.0049998294294
2026-02-16 20:00:00.001000+00:00,976.0049998294294
2026-02-16 21:00:00.070000+00:00,976.0049998294294
2026-02-16 22:00:00.043000+00:00,976.0049998294294
2026-02-16 23:00:00.088000+00:00,976.0049998294294
2026-02-17 00:00:00.063000+00:00,976.0049998294294
2026-02-17 01:00:00.070000+00:00,976.0049998294294
2026-02-17 02:00:00.032000+00:00,976.0049998294294
2026-02-17 03:00:00.021000+00:00,976.0049998294294
2026-02-17 04:00:00.061000+00:00,976.0049998294294
2026-02-17 05:00:00.038000+00:00,976.0049998294294
2026-02-17 06:00:00.104000+00:00,976.0049998294294
2026-02-17 07:00:00.044000+00:00,976.0049998294294
2026-02-17 08:00:00.015000+00:00,976.0049998294294
2026-02-17 09:00:00.082000+00:00,976.0049998294294
2026-02-17 10:00:00.097000+00:00,976.0049998294294
2026-02-17 11:00:00.042000+00:00,976.0049998294294
2026-02-17 12:00:00.044000+00:00,976.0049998294294
2026-02-17 13:00:00.044000+00:00,976.0049998294294
2026-02-17 14:00:00.063000+00:00,976.0049998294294
2026-02-17 15:00:00.062000+00:00,976.0049998294294
2026-02-17 16:00:00.071000+00:00,976.0049998294294
2026-02-17 17:00:00.038000+00:00,976.0049998294294
2026-02-17 18:00:00.030000+00:00,976.0049998294294
2026-02-17 19:00:00.003000+00:00,976.0049998294294
2026-02-17 20:00:00.062000+00:00,976.0049998294294
2026-02-17 21:00:00.058000+00:00,976.0049998294294
2026-02-17 22:00:00.051000+00:00,976.0049998294294
2026-02-17 23:00:00.070000+00:00,976.0049998294294
2026-02-18 00:00:00.021000+00:00,976.0049998294294
2026-02-18 01:00:00.085000+00:00,976.0049998294294
2026-02-18 02:00:00.067000+00:00,976.0049998294294
2026-02-18 03:00:00.005000+00:00,976.0049998294294
2026-02-18 04:00:00.016000+00:00,976.0049998294294
2026-02-18 05:00:00.053000+00:00,976.0049998294294
2026-02-18 06:00:00.013000+00:00,976.0049998294294
2026-02-18 07:00:00.044000+00:00,976.0049998294294
2026-02-18 08:00:00.085000+00:00,976.0049998294294
2026-02-18 09:00:00.065000+00:00,976.0049998294294
2026-02-18 10:00:00.081000+00:00,976.0049998294294
2026-02-18 11:00:00.026000+00:00,976.0049998294294
2026-02-18 12:00:00.017000+00:00,976.0049998294294
2026-02-18 13:00:00.034000+00:00,976.0049998294294
2026-02-18 14:00:00.046000+00:00,976.0049998294294
2026-02-18 15:00:00.043000+00:00,976.0049998294294
2026-02-18 16:00:00.046000+00:00,976.0049998294294
2026-02-18 17:00:00.010000+00:00,976.0049998294294
2026-02-18 18:00:00.003000+00:00,976.0049998294294
2026-02-18 19:00:00.072000+00:00,976.0049998294294
2026-02-18 20:00:00.039000+00:00,976.0049998294294
2026-02-18 21:00:00.040000+00:00,976.0049998294294
2026-02-18 22:00:00.035000+00:00,976.0049998294294
2026-02-18 23:00:00.022000+00:00,976.0049998294294
2026-02-19 00:00:00.054000+00:00,976.0049998294294
2026-02-19 01:00:00.073000+00:00,976.0049998294294
2026-02-19 02:00:00.079000+00:00,976.0049998294294
2026-02-19 03:00:00.021000+00:00,976.0049998294294
2026-02-19 04:00:00.122000+00:00,976.0049998294294
2026-02-19 05:00:00.058000+00:00,976.0049998294294
2026-02-19 06:00:00.072000+00:00,976.0049998294294
2026-02-19 07:00:00.126000+00:00,976.0049998294294
2026-02-19 08:00:00.040000+00:00,976.0049998294294
2026-02-19 09:00:00.019000+00:00,976.0049998294294
2026-02-19 10:00:00.033000+00:00,976.0049998294294
2026-02-19 11:00:00.010000+00:00,976.0049998294294
2026-02-19 12:00:00.062000+00:00,976.0049998294294
2026-02-19 13:00:00.017000+00:00,976.0049998294294
2026-02-19 14:00:00.019000+00:00,976.0049998294294
2026-02-19 15:00:00.067000+00:00,976.0049998294294
2026-02-19 16:00:00.026000+00:00,976.0049998294294
2026-02-19 17:00:00.013000+00:00,976.0049998294294
2026-02-19 18:00:00+00:00,976.0049998294294
2026-02-19 19:00:00.043000+00:00,976.0049998294294
2026-02-19 20:00:00.009000+00:00,976.0049998294294
2026-02-19 21:00:00.023000+00:00,976.0049998294294
2026-02-19 22:00:00.022000+00:00,976.0049998294294
2026-02-19 23:00:00.042000+00:00,976.0049998294294
2026-02-20 00:00:00.035000+00:00,976.0049998294294
2026-02-20 01:00:00.190000+00:00,976.0049998294294
2026-02-20 02:00:00.054000+00:00,976.0049998294294
2026-02-20 03:00:00.118000+00:00,976.0049998294294
2026-02-20 04:00:00.085000+00:00,976.0049998294294
2026-02-20 05:00:00.048000+00:00,976.0049998294294
2026-02-20 06:00:00.033000+00:00,976.0049998294294
2026-02-20 07:00:00.077000+00:00,976.0049998294294
2026-02-20 08:00:00.069000+00:00,976.0049998294294
2026-02-20 09:00:00.018000+00:00,976.0049998294294
2026-02-20 10:00:00.018000+00:00,976.0049998294294
2026-02-20 11:00:00.029000+00:00,976.0049998294294
2026-02-20 12:00:00.020000+00:00,976.0049998294294
2026-02-20 13:00:00.001000+00:00,976.0049998294294
2026-02-20 14:00:00.062000+00:00,976.0049998294294
2026-02-20 15:00:00.013000+00:00,976.0049998294294
2026-02-20 16:00:00.044000+00:00,976.0049998294294
2026-02-20 17:00:00.002000+00:00,976.0049998294294
2026-02-20 18:00:00.056000+00:00,976.0049998294294
2026-02-20 19:00:00.125000+00:00,976.0049998294294
2026-02-20 20:00:00.028000+00:00,976.0049998294294
2026-02-20 21:00:00.083000+00:00,976.0049998294294
2026-02-20 22:00:00.095000+00:00,976.0049998294294
2026-02-20 23:00:00.033000+00:00,976.0049998294294
2026-02-21 00:00:00.011000+00:00,976.0049998294294
2026-02-21 01:00:00.131000+00:00,976.0049998294294
2026-02-21 02:00:00.011000+00:00,976.0049998294294
2026-02-21 03:00:00.063000+00:00,976.0049998294294
2026-02-21 04:00:00.080000+00:00,976.0049998294294
2026-02-21 05:00:00.080000+00:00,976.0049998294294
2026-02-21 06:00:00.034000+00:00,976.0049998294294
2026-02-21 07:00:00.068000+00:00,976.0049998294294
2026-02-21 08:00:00.035000+00:00,976.0049998294294
2026-02-21 09:00:00.020000+00:00,976.0049998294294
2026-02-21 10:00:00.068000+00:00,976.0049998294294
2026-02-21 11:00:00.028000+00:00,976.0049998294294
2026-02-21 12:00:00.071000+00:00,976.0049998294294
2026-02-21 13:00:00.019000+00:00,976.0049998294294
2026-02-21 14:00:00+00:00,976.0049998294294
2026-02-21 15:00:00.011000+00:00,976.0049998294294
2026-02-21 16:00:00.010000+00:00,976.0049998294294
2026-02-21 17:00:00.060000+00:00,976.0049998294294
2026-02-21 18:00:00.086000+00:00,976.0049998294294
2026-02-21 19:00:00.111000+00:00,976.0049998294294
2026-02-21 20:00:00.048000+00:00,976.0049998294294
2026-02-21 21:00:00.024000+00:00,976.0049998294294
2026-02-21 22:00:00.037000+00:00,976.0049998294294
2026-02-21 23:00:00.054000+00:00,976.0049998294294
2026-02-22 00:00:00.015000+00:00,976.0049998294294
2026-02-22 01:00:00.084000+00:00,976.0049998294294
2026-02-22 02:00:00.046000+00:00,976.0049998294294
2026-02-22 03:00:00.056000+00:00,976.0049998294294
2026-02-22 04:00:00.066000+00:00,976.0049998294294
2026-02-22 05:00:00.123000+00:00,976.0049998294294
2026-02-22 06:00:00.012000+00:00,976.0049998294294
2026-02-22 07:00:00.039000+00:00,976.0049998294294
2026-02-22 08:00:00.009000+00:00,976.0049998294294
2026-02-22 09:00:00.017000+00:00,976.0049998294294
2026-02-22 10:00:00.091000+00:00,976.0049998294294
2026-02-22 11:00:00.056000+00:00,976.0049998294294
2026-02-22 12:00:00.075000+00:00,976.0049998294294
2026-02-22 13:00:00.038000+00:00,976.0049998294294
2026-02-22 14:00:00.048000+00:00,976.0049998294294
2026-02-22 15:00:00.114000+00:00,976.0049998294294
2026-02-22 16:00:00.015000+00:00,976.0049998294294
2026-02-22 17:00:00.036000+00:00,976.0049998294294
2026-02-22 18:00:00.075000+00:00,976.0049998294294
2026-02-22 19:00:00.006000+00:00,976.0049998294294
2026-02-22 20:00:00.029000+00:00,976.0049998294294
2026-02-22 21:00:00+00:00,976.0049998294294
2026-02-22 22:00:00.023000+00:00,976.0049998294294
2026-02-22 23:00:00.093000+00:00,976.0049998294294
2026-02-23 00:00:00.016000+00:00,976.0049998294294
2026-02-23 01:00:00.004000+00:00,976.0049998294294
2026-02-23 02:00:00.025000+00:00,976.0049998294294
2026-02-23 03:00:00.025000+00:00,976.0049998294294
2026-02-23 04:00:00.028000+00:00,976.0049998294294
2026-02-23 05:00:00.010000+00:00,976.0049998294294
2026-02-23 06:00:00.078000+00:00,976.0049998294294
2026-02-23 07:00:00.058000+00:00,976.0049998294294
2026-02-23 08:00:00.004000+00:00,976.0049998294294
2026-02-23 09:00:00.103000+00:00,976.0049998294294
2026-02-23 10:00:00.012000+00:00,976.0049998294294
2026-02-23 11:00:00.010000+00:00,976.0049998294294
2026-02-23 12:00:00.004000+00:00,976.0049998294294
2026-02-23 13:00:00.080000+00:00,976.0049998294294
2026-02-23 14:00:00.028000+00:00,976.0049998294294
2026-02-23 15:00:00.059000+00:00,976.0049998294294
2026-02-23 16:00:00.045000+00:00,976.0049998294294
2026-02-23 17:00:00.042000+00:00,976.0049998294294
2026-02-23 18:00:00.076000+00:00,976.0049998294294
2026-02-23 19:00:00.053000+00:00,976.0049998294294
2026-02-23 20:00:00.017000+00:00,976.0049998294294
2026-02-23 21:00:00.054000+00:00,976.0049998294294
2026-02-23 22:00:00.029000+00:00,976.0049998294294
2026-02-23 23:00:00.037000+00:00,976.0049998294294
2026-02-24 00:00:00.048000+00:00,976.0049998294294
2026-02-24 01:00:00.134000+00:00,976.0049998294294
2026-02-24 02:00:00.050000+00:00,976.0049998294294
2026-02-24 03:00:00.046000+00:00,976.0049998294294
2026-02-24 04:00:00.015000+00:00,976.0049998294294
2026-02-24 05:00:00.026000+00:00,976.0049998294294
2026-02-24 06:00:00.085000+00:00,976.0049998294294
2026-02-24 07:00:00.076000+00:00,976.0049998294294
2026-02-24 08:00:00.022000+00:00,976.0049998294294
2026-02-24 09:00:00.048000+00:00,976.0049998294294
2026-02-24 10:00:00.044000+00:00,976.0049998294294
2026-02-24 11:00:00.020000+00:00,976.0049998294294
2026-02-24 12:00:00.025000+00:00,976.0049998294294
2026-02-24 13:00:00.047000+00:00,976.0049998294294
2026-02-24 14:00:00.060000+00:00,976.0049998294294
2026-02-24 15:00:00.057000+00:00,976.0049998294294
2026-02-24 16:00:00.005000+00:00,976.0049998294294
2026-02-24 17:00:00.049000+00:00,976.0049998294294
2026-02-24 18:00:00.022000+00:00,976.0049998294294
2026-02-24 19:00:00.066000+00:00,976.0049998294294
2026-02-24 20:00:00.026000+00:00,976.0049998294294
2026-02-24 21:00:00.002000+00:00,976.0049998294294
2026-02-24 22:00:00.030000+00:00,976.0049998294294
2026-02-24 23:00:00.078000+00:00,976.0049998294294
2026-02-25 00:00:00.014000+00:00,976.0049998294294
2026-02-25 01:00:00.032000+00:00,976.0049998294294
2026-02-25 02:00:00.039000+00:00,976.0049998294294
2026-02-25 03:00:00.030000+00:00,976.0049998294294
2026-02-25 04:00:00.056000+00:00,976.0049998294294
2026-02-25 05:00:00.028000+00:00,976.0049998294294
2026-02-25 06:00:00.061000+00:00,976.0049998294294
2026-02-25 07:00:00+00:00,976.0049998294294
2026-02-25 08:00:00.037000+00:00,976.0049998294294
2026-02-25 09:00:00.060000+00:00,976.0049998294294
2026-02-25 10:00:00.029000+00:00,976.0049998294294
2026-02-25 11:00:00.055000+00:00,976.0049998294294
2026-02-25 12:00:00.008000+00:00,976.0049998294294
2026-02-25 13:00:00.008000+00:00,976.0049998294294
2026-02-25 14:00:00.023000+00:00,976.0049998294294
2026-02-25 15:00:00.051000+00:00,976.0049998294294
2026-02-25 16:00:00.012000+00:00,976.0049998294294
2026-02-25 17:00:00.075000+00:00,976.0049998294294
2026-02-25 18:00:00.088000+00:00,976.0049998294294
2026-02-25 19:00:00.128000+00:00,976.0049998294294
2026-02-25 20:00:00.055000+00:00,976.0049998294294
2026-02-25 21:00:00.015000+00:00,976.0049998294294
2026-02-25 22:00:00+00:00,976.0049998294294
2026-02-25 23:00:00.045000+00:00,976.0049998294294
2026-02-26 00:00:00.036000+00:00,976.0049998294294
2026-02-26 01:00:00.091000+00:00,976.0049998294294
2026-02-26 02:00:00.018000+00:00,976.0049998294294
2026-02-26 03:00:00.060000+00:00,976.0049998294294
2026-02-26 04:00:00.013000+00:00,976.0049998294294
2026-02-26 05:00:00.058000+00:00,976.0049998294294
2026-02-26 06:00:00.099000+00:00,976.0049998294294
2026-02-26 07:00:00.021000+00:00,976.0049998294294
2026-02-26 08:00:00.072000+00:00,976.0049998294294
2026-02-26 09:00:00.076000+00:00,976.0049998294294
2026-02-26 10:00:00.108000+00:00,976.0049998294294
2026-02-26 11:00:00.073000+00:00,976.0049998294294
2026-02-26 12:00:00.041000+00:00,976.0049998294294
2026-02-26 13:00:00.051000+00:00,976.0049998294294
2026-02-26 14:00:00.019000+00:00,976.0049998294294
2026-02-26 15:00:00.033000+00:00,976.0049998294294
2026-02-26 16:00:00.028000+00:00,976.0049998294294
2026-02-26 17:00:00.027000+00:00,976.0049998294294
2026-02-26 18:00:00.023000+00:00,976.0049998294294
2026-02-26 19:00:00.009000+00:00,976.0049998294294
2026-02-26 20:00:00.035000+00:00,976.0049998294294
2026-02-26 21:00:00.019000+00:00,976.0049998294294
2026-02-26 22:00:00.019000+00:00,976.0049998294294
2026-02-26 23:00:00.054000+00:00,976.0049998294294
2026-02-27 00:00:00.001000+00:00,976.0049998294294
2026-02-27 01:00:00.078000+00:00,976.0049998294294
2026-02-27 02:00:00.016000+00:00,976.0049998294294
2026-02-27 03:00:00.116000+00:00,976.0049998294294
2026-02-27 04:00:00.057000+00:00,976.0049998294294
2026-02-27 05:00:00.058000+00:00,976.0049998294294
2026-02-27 06:00:00.053000+00:00,976.0049998294294
2026-02-27 07:00:00.067000+00:00,976.0049998294294
2026-02-27 08:00:00.017000+00:00,976.0049998294294
2026-02-27 09:00:00.026000+00:00,976.0049998294294
2026-02-27 10:00:00.074000+00:00,976.0049998294294
2026-02-27 11:00:00.078000+00:00,976.0049998294294
2026-02-27 12:00:00.028000+00:00,976.0049998294294
2026-02-27 13:00:00.020000+00:00,976.0049998294294
2026-02-27 14:00:00.036000+00:00,976.0049998294294
2026-02-27 15:00:00.054000+00:00,976.0049998294294
2026-02-27 16:00:00.132000+00:00,976.0049998294294
2026-02-27 17:00:00.041000+00:00,976.0049998294294
2026-02-27 18:00:00.037000+00:00,976.0049998294294
2026-02-27 19:00:00.012000+00:00,976.0049998294294
2026-02-27 20:00:00.028000+00:00,976.0049998294294
2026-02-27 21:00:00.037000+00:00,976.0049998294294
2026-02-27 22:00:00.023000+00:00,976.0049998294294
2026-02-27 23:00:00.014000+00:00,976.0049998294294
2026-02-28 00:00:00.086000+00:00,976.0049998294294
2026-02-28 01:00:00.090000+00:00,976.0049998294294
2026-02-28 02:00:00.058000+00:00,976.0049998294294
2026-02-28 03:00:00.012000+00:00,976.0049998294294
2026-02-28 04:00:00.088000+00:00,976.0049998294294
2026-02-28 05:00:00.063000+00:00,976.0049998294294
2026-02-28 06:00:00.065000+00:00,976.0049998294294
2026-02-28 07:00:00.026000+00:00,976.0049998294294
2026-02-28 08:00:00.028000+00:00,976.0049998294294
2026-02-28 09:00:00.012000+00:00,976.0049998294294
2026-02-28 10:00:00.008000+00:00,976.0049998294294
2026-02-28 11:00:00.008000+00:00,976.0049998294294
2026-02-28 12:00:00.032000+00:00,976.0049998294294
2026-02-28 13:00:00.035000+00:00,976.0049998294294
2026-02-28 14:00:00.033000+00:00,976.0049998294294
2026-02-28 15:00:00.021000+00:00,976.0049998294294
2026-02-28 16:00:00.041000+00:00,976.0049998294294
2026-02-28 17:00:00.025000+00:00,976.0049998294294
2026-02-28 18:00:00.015000+00:00,976.0049998294294
2026-02-28 19:00:00.074000+00:00,976.0049998294294
2026-02-28 20:00:00.039000+00:00,976.0049998294294
2026-02-28 21:00:00.041000+00:00,976.0049998294294
2026-02-28 22:00:00.035000+00:00,976.0049998294294
2026-02-28 23:00:00.066000+00:00,976.0049998294294
2026-03-01 00:00:00.168000+00:00,976.0049998294294
2026-03-01 01:00:00.024000+00:00,976.0049998294294
2026-03-01 02:00:00.052000+00:00,976.0049998294294
2026-03-01 03:00:00.074000+00:00,976.0049998294294
2026-03-01 04:00:00.034000+00:00,976.0049998294294
2026-03-01 05:00:00.052000+00:00,976.0049998294294
2026-03-01 06:00:00.071000+00:00,976.0049998294294
2026-03-01 07:00:00.018000+00:00,976.0049998294294
2026-03-01 08:00:00.093000+00:00,976.0049998294294
2026-03-01 09:00:00.017000+00:00,976.0049998294294
2026-03-01 10:00:00.018000+00:00,976.0049998294294
2026-03-01 11:00:00.017000+00:00,976.0049998294294
2026-03-01 12:00:00.039000+00:00,976.0049998294294
2026-03-01 13:00:00.054000+00:00,976.0049998294294
2026-03-01 14:00:00.029000+00:00,976.0049998294294
2026-03-01 15:00:00.027000+00:00,976.0049998294294
2026-03-01 16:00:00.018000+00:00,976.0049998294294
2026-03-01 17:00:00.120000+00:00,976.0049998294294
2026-03-01 18:00:00.070000+00:00,976.0049998294294
2026-03-01 19:00:00.062000+00:00,976.0049998294294
2026-03-01 20:00:00.026000+00:00,976.0049998294294
2026-03-01 21:00:00.065000+00:00,976.0049998294294
2026-03-01 22:00:00.085000+00:00,976.0049998294294
2026-03-01 23:00:00.005000+00:00,976.0049998294294
2026-03-02 00:00:00.044000+00:00,976.0049998294294
2026-03-02 01:00:00.048000+00:00,976.0049998294294
2026-03-02 02:00:00.044000+00:00,976.0049998294294
2026-03-02 03:00:00.063000+00:00,976.0049998294294
2026-03-02 04:00:00.048000+00:00,976.0049998294294
2026-03-02 05:00:00.071000+00:00,976.0049998294294
2026-03-02 06:00:00.062000+00:00,976.0049998294294
2026-03-02 07:00:00.054000+00:00,976.0049998294294
2026-03-02 08:00:00.003000+00:00,976.0049998294294
2026-03-02 09:00:00.091000+00:00,976.0049998294294
2026-03-02 10:00:00.007000+00:00,976.0049998294294
2026-03-02 11:00:00.019000+00:00,976.0049998294294
2026-03-02 12:00:00.016000+00:00,976.0049998294294
2026-03-02 13:00:00.034000+00:00,976.0049998294294
2026-03-02 14:00:00.035000+00:00,976.0049998294294
2026-03-02 15:00:00.070000+00:00,976.0049998294294
2026-03-02 16:00:00.053000+00:00,976.0049998294294
2026-03-02 17:00:00.086000+00:00,976.0049998294294
2026-03-02 18:00:00.025000+00:00,976.0049998294294
2026-03-02 19:00:00.044000+00:00,976.0049998294294
2026-03-02 20:00:00.120000+00:00,976.0049998294294
2026-03-02 21:00:00.038000+00:00,976.0049998294294
2026-03-02 22:00:00.033000+00:00,976.0049998294294
2026-03-02 23:00:00.068000+00:00,976.0049998294294
2026-03-03 00:00:00.062000+00:00,976.0049998294294
2026-03-03 01:00:00.052000+00:00,976.0049998294294
2026-03-03 02:00:00.011000+00:00,976.0049998294294
2026-03-03 03:00:00.058000+00:00,976.0049998294294
2026-03-03 04:00:00.010000+00:00,976.0049998294294
2026-03-03 05:00:00.074000+00:00,976.0049998294294
2026-03-03 06:00:00.050000+00:00,976.0049998294294
2026-03-03 07:00:00.069000+00:00,976.0049998294294
2026-03-03 08:00:00.009000+00:00,976.0049998294294
2026-03-03 09:00:00.114000+00:00,976.0049998294294
2026-03-03 10:00:00.046000+00:00,976.0049998294294
2026-03-03 11:00:00.006000+00:00,976.0049998294294
2026-03-03 12:00:00.013000+00:00,976.0049998294294
2026-03-03 13:00:00.012000+00:00,976.0049998294294
2026-03-03 14:00:00.039000+00:00,976.0049998294294
2026-03-03 15:00:00.007000+00:00,976.0049998294294
2026-03-03 16:00:00.004000+00:00,976.0049998294294
2026-03-03 17:00:00.041000+00:00,976.0049998294294
2026-03-03 18:00:00.015000+00:00,976.0049998294294
2026-03-03 19:00:00.049000+00:00,976.0049998294294
2026-03-03 20:00:00.007000+00:00,976.0049998294294
2026-03-03 21:00:00.014000+00:00,976.0049998294294
2026-03-03 22:00:00.070000+00:00,976.0049998294294
2026-03-03 23:00:00.016000+00:00,976.0049998294294
2026-03-04 00:00:00.034000+00:00,976.0049998294294
2026-03-04 01:00:00.049000+00:00,976.0049998294294
2026-03-04 02:00:00.060000+00:00,976.0049998294294
2026-03-04 03:00:00.052000+00:00,976.0049998294294
2026-03-04 04:00:00.001000+00:00,976.0049998294294
2026-03-04 05:00:00.064000+00:00,976.0049998294294
2026-03-04 06:00:00.079000+00:00,976.0049998294294
2026-03-04 07:00:00.095000+00:00,976.0049998294294
2026-03-04 08:00:00.047000+00:00,976.0049998294294
2026-03-04 09:00:00.010000+00:00,976.0049998294294
2026-03-04 10:00:00.069000+00:00,976.0049998294294
2026-03-04 11:00:00.024000+00:00,976.0049998294294
2026-03-04 12:00:00.133000+00:00,976.0049998294294
2026-03-04 13:00:00.019000+00:00,976.0049998294294
2026-03-04 14:00:00.036000+00:00,976.0049998294294
2026-03-04 15:00:00.023000+00:00,976.0049998294294
2026-03-04 16:00:00.011000+00:00,976.0049998294294
2026-03-04 17:00:00.095000+00:00,976.0049998294294
2026-03-04 18:00:00.092000+00:00,976.0049998294294
2026-03-04 19:00:00.093000+00:00,976.0049998294294
2026-03-04 20:00:00.047000+00:00,976.0049998294294
2026-03-04 21:00:00.048000+00:00,976.0049998294294
2026-03-04 22:00:00.024000+00:00,976.0049998294294
2026-03-04 23:00:00.045000+00:00,976.0049998294294
2026-03-05 00:00:00.022000+00:00,976.0049998294294
2026-03-05 01:00:00.018000+00:00,976.0049998294294
2026-03-05 02:00:00.139000+00:00,976.0049998294294
2026-03-05 03:00:00.019000+00:00,976.0049998294294
2026-03-05 04:00:00.027000+00:00,976.0049998294294
2026-03-05 05:00:00.001000+00:00,976.0049998294294
2026-03-05 06:00:00.037000+00:00,976.0049998294294
2026-03-05 07:00:00.091000+00:00,976.0049998294294
2026-03-05 08:00:00.033000+00:00,976.0049998294294
2026-03-05 09:00:00.063000+00:00,976.0049998294294
2026-03-05 10:00:00.091000+00:00,976.0049998294294
2026-03-05 11:00:00.017000+00:00,976.0049998294294
2026-03-05 12:00:00.003000+00:00,976.0049998294294
2026-03-05 13:00:00.009000+00:00,976.0049998294294
2026-03-05 14:00:00.024000+00:00,976.0049998294294
2026-03-05 15:00:00.039000+00:00,976.0049998294294
2026-03-05 16:00:00.034000+00:00,976.0049998294294
2026-03-05 17:00:00.083000+00:00,976.0049998294294
2026-03-05 18:00:00.048000+00:00,976.0049998294294
2026-03-05 19:00:00.052000+00:00,976.0049998294294
2026-03-05 20:00:00.073000+00:00,976.0049998294294
2026-03-05 21:00:00.042000+00:00,976.0049998294294
2026-03-05 22:00:00.028000+00:00,976.0049998294294
2026-03-05 23:00:00.029000+00:00,976.0049998294294
2026-03-06 00:00:00.030000+00:00,976.0049998294294
2026-03-06 01:00:00.082000+00:00,976.0049998294294
2026-03-06 02:00:00.006000+00:00,976.0049998294294
2026-03-06 03:00:00.079000+00:00,976.0049998294294
2026-03-06 04:00:00.026000+00:00,976.0049998294294
2026-03-06 05:00:00.112000+00:00,976.0049998294294
2026-03-06 06:00:00.019000+00:00,976.0049998294294
2026-03-06 07:00:00.028000+00:00,976.0049998294294
2026-03-06 08:00:00.021000+00:00,976.0049998294294
2026-03-06 09:00:00.022000+00:00,976.0049998294294
2026-03-06 10:00:00.031000+00:00,976.0049998294294
2026-03-06 11:00:00.036000+00:00,976.0049998294294
2026-03-06 12:00:00.052000+00:00,976.0049998294294
2026-03-06 13:00:00.052000+00:00,976.0049998294294
2026-03-06 14:00:00.033000+00:00,976.0049998294294
2026-03-06 15:00:00.037000+00:00,976.0049998294294
2026-03-06 16:00:00.062000+00:00,976.0049998294294
2026-03-06 17:00:00.089000+00:00,976.0049998294294
2026-03-06 18:00:00.056000+00:00,976.0049998294294
2026-03-06 19:00:00.066000+00:00,976.0049998294294
2026-03-06 20:00:00.046000+00:00,976.0049998294294
2026-03-06 21:00:00.021000+00:00,976.0049998294294
2026-03-06 22:00:00.046000+00:00,976.0049998294294
2026-03-06 23:00:00.092000+00:00,976.0049998294294
2026-03-07 00:00:00.061000+00:00,976.0049998294294
2026-03-07 01:00:00.027000+00:00,976.0049998294294
2026-03-07 02:00:00.050000+00:00,976.0049998294294
2026-03-07 03:00:00.045000+00:00,976.0049998294294
2026-03-07 04:00:00.014000+00:00,976.0049998294294
2026-03-07 05:00:00.052000+00:00,976.0049998294294
2026-03-07 06:00:00.070000+00:00,976.0049998294294
2026-03-07 07:00:00.068000+00:00,976.0049998294294
2026-03-07 08:00:00.015000+00:00,976.0049998294294
2026-03-07 09:00:00.005000+00:00,976.0049998294294
2026-03-07 10:00:00.014000+00:00,976.0049998294294
2026-03-07 11:00:00.002000+00:00,976.0049998294294
2026-03-07 12:00:00.031000+00:00,976.0049998294294
2026-03-07 13:00:00.033000+00:00,976.0049998294294
2026-03-07 14:00:00.084000+00:00,976.0049998294294
2026-03-07 15:00:00.012000+00:00,976.0049998294294
2026-03-07 16:00:00.014000+00:00,976.0049998294294
2026-03-07 17:00:00.077000+00:00,976.0049998294294
2026-03-07 18:00:00.110000+00:00,976.0049998294294
2026-03-07 19:00:00.003000+00:00,976.0049998294294
2026-03-07 20:00:00.010000+00:00,976.0049998294294
2026-03-07 21:00:00.135000+00:00,976.0049998294294
2026-03-07 22:00:00.082000+00:00,976.0049998294294
2026-03-07 23:00:00.068000+00:00,976.0049998294294
2026-03-08 00:00:00.002000+00:00,976.0049998294294
2026-03-08 01:00:00.030000+00:00,976.0049998294294
2026-03-08 02:00:00.003000+00:00,976.0049998294294
2026-03-08 03:00:00.042000+00:00,976.0049998294294
2026-03-08 04:00:00.001000+00:00,976.0049998294294
2026-03-08 05:00:00.024000+00:00,976.0049998294294
2026-03-08 06:00:00.045000+00:00,976.0049998294294
2026-03-08 07:00:00.036000+00:00,976.0049998294294
2026-03-08 08:00:00.041000+00:00,976.0049998294294
2026-03-08 09:00:00.029000+00:00,976.0049998294294
2026-03-08 10:00:00.035000+00:00,976.0049998294294
2026-03-08 11:00:00.036000+00:00,976.0049998294294
2026-03-08 12:00:00.021000+00:00,976.0049998294294
2026-03-08 13:00:00.049000+00:00,976.0049998294294
2026-03-08 14:00:00.061000+00:00,976.0049998294294
2026-03-08 15:00:00.088000+00:00,976.0049998294294
2026-03-08 16:00:00.024000+00:00,976.0049998294294
2026-03-08 17:00:00.018000+00:00,976.0049998294294
2026-03-08 18:00:00.004000+00:00,976.0049998294294
2026-03-08 19:00:00+00:00,976.0049998294294
2026-03-08 20:00:00.074000+00:00,976.0049998294294
2026-03-08 21:00:00.003000+00:00,976.0049998294294
2026-03-08 22:00:00.038000+00:00,976.0049998294294
2026-03-08 23:00:00.057000+00:00,976.0049998294294
2026-03-09 00:00:00.091000+00:00,976.0049998294294
2026-03-09 01:00:00.052000+00:00,976.0049998294294
2026-03-09 02:00:00.016000+00:00,976.0049998294294
2026-03-09 03:00:00.012000+00:00,976.0049998294294
2026-03-09 04:00:00.030000+00:00,976.0049998294294
2026-03-09 05:00:00.088000+00:00,976.0049998294294
2026-03-09 06:00:00.070000+00:00,976.0049998294294
2026-03-09 07:00:00.026000+00:00,976.0049998294294
2026-03-09 08:00:00.094000+00:00,976.0049998294294
2026-03-09 09:00:00.114000+00:00,976.0049998294294
2026-03-09 10:00:00.108000+00:00,976.0049998294294
2026-03-09 11:00:00.050000+00:00,976.0049998294294
2026-03-09 12:00:00.051000+00:00,976.0049998294294
2026-03-09 13:00:00.073000+00:00,976.0049998294294
2026-03-09 14:00:00.061000+00:00,976.0049998294294
2026-03-09 15:00:00.084000+00:00,976.0049998294294
2026-03-09 16:00:00.075000+00:00,976.0049998294294
2026-03-09 17:00:00.049000+00:00,976.0049998294294
2026-03-09 18:00:00.036000+00:00,976.0049998294294
2026-03-09 19:00:00.053000+00:00,976.0049998294294
2026-03-09 20:00:00.002000+00:00,976.0049998294294
2026-03-09 21:00:00.074000+00:00,976.0049998294294
2026-03-09 22:00:00.010000+00:00,976.0049998294294
2026-03-09 23:00:00.038000+00:00,976.0049998294294
2026-03-10 00:00:00.042000+00:00,976.0049998294294
2026-03-10 01:00:00.084000+00:00,976.0049998294294
2026-03-10 02:00:00.013000+00:00,976.0049998294294
2026-03-10 03:00:00.052000+00:00,976.0049998294294
2026-03-10 04:00:00.041000+00:00,976.0049998294294
2026-03-10 05:00:00.054000+00:00,976.0049998294294
2026-03-10 06:00:00.137000+00:00,976.0049998294294
2026-03-10 07:00:00.065000+00:00,976.0049998294294
2026-03-10 08:00:00.052000+00:00,976.0049998294294
2026-03-10 09:00:00.017000+00:00,976.0049998294294
2026-03-10 10:00:00.060000+00:00,976.0049998294294
2026-03-10 11:00:00.011000+00:00,976.0049998294294
2026-03-10 12:00:00.038000+00:00,976.0049998294294
2026-03-10 13:00:00.061000+00:00,976.0049998294294
2026-03-10 14:00:00.027000+00:00,976.0049998294294
2026-03-10 15:00:00.083000+00:00,976.0049998294294
2026-03-10 16:00:00.045000+00:00,976.0049998294294
2026-03-10 17:00:00.004000+00:00,976.0049998294294
2026-03-10 18:00:00.018000+00:00,976.0049998294294
2026-03-10 19:00:00.049000+00:00,976.0049998294294
2026-03-10 20:00:00.050000+00:00,976.0049998294294
2026-03-10 21:00:00.058000+00:00,976.0049998294294
2026-03-10 22:00:00.068000+00:00,976.0049998294294
2026-03-10 23:00:00.061000+00:00,976.0049998294294
2026-03-11 00:00:00.088000+00:00,976.0049998294294
2026-03-11 01:00:00.002000+00:00,976.0049998294294
2026-03-11 02:00:00.098000+00:00,976.0049998294294
2026-03-11 03:00:00.016000+00:00,976.0049998294294
2026-03-11 04:00:00.038000+00:00,976.0049998294294
2026-03-11 05:00:00.075000+00:00,976.0049998294294
2026-03-11 06:00:00.135000+00:00,976.0049998294294
2026-03-11 07:00:00.014000+00:00,976.0049998294294
2026-03-11 08:00:00.056000+00:00,976.0049998294294
2026-03-11 09:00:00.082000+00:00,976.0049998294294
2026-03-11 10:00:00.084000+00:00,976.0049998294294
2026-03-11 11:00:00.001000+00:00,976.0049998294294
2026-03-11 12:00:00.013000+00:00,976.0049998294294
2026-03-11 13:00:00.063000+00:00,976.0049998294294
2026-03-11 14:00:00.004000+00:00,976.0049998294294
2026-03-11 15:00:00.051000+00:00,976.0049998294294
2026-03-11 16:00:00.065000+00:00,976.0049998294294
2026-03-11 17:00:00.068000+00:00,976.0049998294294
2026-03-11 18:00:00.102000+00:00,976.0049998294294
2026-03-11 19:00:00.082000+00:00,976.0049998294294
2026-03-11 20:00:00.026000+00:00,976.0049998294294
2026-03-11 21:00:00.008000+00:00,976.0049998294294
2026-03-11 22:00:00.035000+00:00,976.0049998294294
2026-03-11 23:00:00.069000+00:00,976.0049998294294
2026-03-12 00:00:00.084000+00:00,976.0049998294294
2026-03-12 01:00:00.006000+00:00,976.0049998294294
2026-03-12 02:00:00.080000+00:00,976.0049998294294
2026-03-12 03:00:00.036000+00:00,976.0049998294294
2026-03-12 04:00:00.065000+00:00,976.0049998294294
2026-03-12 05:00:00.094000+00:00,976.0049998294294
2026-03-12 06:00:00.108000+00:00,976.0049998294294
2026-03-12 07:00:00.046000+00:00,976.0049998294294
2026-03-12 08:00:00.068000+00:00,976.0049998294294
2026-03-12 09:00:00.063000+00:00,976.0049998294294
2026-03-12 10:00:00.013000+00:00,976.0049998294294
2026-03-12 11:00:00.017000+00:00,976.0049998294294
2026-03-12 12:00:00.106000+00:00,976.0049998294294
2026-03-12 13:00:00.062000+00:00,976.0049998294294
2026-03-12 14:00:00.110000+00:00,976.0049998294294
2026-03-12 15:00:00.024000+00:00,976.0049998294294
2026-03-12 16:00:00.064000+00:00,976.0049998294294
2026-03-12 17:00:00.004000+00:00,976.0049998294294
2026-03-12 18:00:00.004000+00:00,976.0049998294294
2026-03-12 19:00:00.025000+00:00,976.0049998294294
2026-03-12 20:00:00.165000+00:00,976.0049998294294
2026-03-12 21:00:00.073000+00:00,976.0049998294294
2026-03-12 22:00:00.071000+00:00,976.0049998294294
2026-03-12 23:00:00.070000+00:00,976.0049998294294
2026-03-13 00:00:00.061000+00:00,976.0049998294294
2026-03-13 01:00:00.032000+00:00,976.0049998294294
2026-03-13 02:00:00.025000+00:00,976.0049998294294
2026-03-13 03:00:00.021000+00:00,976.0049998294294
2026-03-13 04:00:00.099000+00:00,976.0049998294294
2026-03-13 05:00:00.089000+00:00,976.0049998294294
2026-03-13 06:00:00.064000+00:00,976.0049998294294
2026-03-13 07:00:00.082000+00:00,976.0049998294294
2026-03-13 08:00:00.016000+00:00,976.0049998294294
2026-03-13 09:00:00.045000+00:00,976.0049998294294
2026-03-13 10:00:00.034000+00:00,976.0049998294294
2026-03-13 11:00:00.010000+00:00,976.0049998294294
2026-03-13 12:00:00.009000+00:00,976.0049998294294
2026-03-13 13:00:00.059000+00:00,976.0049998294294
2026-03-13 14:00:00.032000+00:00,976.0049998294294
2026-03-13 15:00:00.021000+00:00,976.0049998294294
2026-03-13 16:00:00.051000+00:00,976.0049998294294
2026-03-13 17:00:00.044000+00:00,976.0049998294294
2026-03-13 18:00:00.052000+00:00,976.0049998294294
2026-03-13 19:00:00.006000+00:00,976.0049998294294
2026-03-13 20:00:00.021000+00:00,976.0049998294294
2026-03-13 21:00:00.092000+00:00,976.0049998294294
2026-03-13 22:00:00.005000+00:00,976.0049998294294
2026-03-13 23:00:00.109000+00:00,976.0049998294294
2026-03-14 00:00:00.044000+00:00,976.0049998294294
2026-03-14 01:00:00.094000+00:00,976.0049998294294
2026-03-14 02:00:00.100000+00:00,976.0049998294294
2026-03-14 03:00:00.013000+00:00,976.0049998294294
2026-03-14 04:00:00.019000+00:00,976.0049998294294
2026-03-14 05:00:00.095000+00:00,976.0049998294294
2026-03-14 06:00:00.072000+00:00,976.0049998294294
2026-03-14 07:00:00.036000+00:00,976.0049998294294
2026-03-14 08:00:00.041000+00:00,976.0049998294294
2026-03-14 09:00:00.025000+00:00,976.0049998294294
2026-03-14 10:00:00.098000+00:00,976.0049998294294
2026-03-14 11:00:00.047000+00:00,976.0049998294294
2026-03-14 12:00:00.020000+00:00,976.0049998294294
2026-03-14 13:00:00.042000+00:00,976.0049998294294
2026-03-14 14:00:00.076000+00:00,976.0049998294294
2026-03-14 15:00:00.009000+00:00,976.0049998294294
2026-03-14 16:00:00.100000+00:00,976.0049998294294
2026-03-14 17:00:00.061000+00:00,976.0049998294294
2026-03-14 18:00:00.018000+00:00,976.0049998294294
2026-03-14 19:00:00.048000+00:00,976.0049998294294
2026-03-14 20:00:00.035000+00:00,976.0049998294294
2026-03-14 21:00:00.015000+00:00,976.0049998294294
2026-03-14 22:00:00.041000+00:00,976.0049998294294
2026-03-14 23:00:00.044000+00:00,976.0049998294294
2026-03-15 00:00:00.099000+00:00,976.0049998294294
2026-03-15 01:00:00.102000+00:00,976.0049998294294
2026-03-15 02:00:00.005000+00:00,976.0049998294294
2026-03-15 03:00:00.130000+00:00,976.0049998294294
2026-03-15 04:00:00.040000+00:00,976.0049998294294
2026-03-15 05:00:00.066000+00:00,976.0049998294294
2026-03-15 06:00:00.010000+00:00,976.0049998294294
2026-03-15 07:00:00.046000+00:00,976.0049998294294
2026-03-15 08:00:00.003000+00:00,976.0049998294294
2026-03-15 09:00:00.067000+00:00,976.0049998294294
2026-03-15 10:00:00.003000+00:00,976.0049998294294
2026-03-15 11:00:00.039000+00:00,976.0049998294294
2026-03-15 12:00:00.060000+00:00,976.0049998294294
2026-03-15 13:00:00.023000+00:00,976.0049998294294
2026-03-15 14:00:00.023000+00:00,976.0049998294294
2026-03-15 15:00:00.084000+00:00,976.0049998294294
2026-03-15 16:00:00.034000+00:00,976.0049998294294
2026-03-15 17:00:00.036000+00:00,976.0049998294294
2026-03-15 18:00:00.003000+00:00,976.0049998294294
2026-03-15 19:00:00.127000+00:00,976.0049998294294
2026-03-15 20:00:00.024000+00:00,976.0049998294294
2026-03-15 21:00:00.083000+00:00,976.0049998294294
2026-03-15 22:00:00.019000+00:00,976.0049998294294
2026-03-15 23:00:00.037000+00:00,976.0049998294294
2026-03-16 00:00:00.090000+00:00,976.0049998294294
2026-03-16 01:00:00.002000+00:00,976.0049998294294
2026-03-16 02:00:00.078000+00:00,976.0049998294294
2026-03-16 03:00:00.040000+00:00,976.0049998294294
2026-03-16 04:00:00.012000+00:00,976.0049998294294
2026-03-16 05:00:00.021000+00:00,976.0049998294294
2026-03-16 06:00:00.092000+00:00,976.0049998294294
2026-03-16 07:00:00.033000+00:00,976.0049998294294
2026-03-16 08:00:00.062000+00:00,976.0049998294294
2026-03-16 09:00:00.035000+00:00,976.0049998294294
2026-03-16 10:00:00.042000+00:00,976.0049998294294
2026-03-16 11:00:00.013000+00:00,976.0049998294294
2026-03-16 12:00:00.013000+00:00,976.0049998294294
2026-03-16 13:00:00+00:00,976.0049998294294
2026-03-16 14:00:00.099000+00:00,976.0049998294294
2026-03-16 15:00:00.013000+00:00,976.0049998294294
2026-03-16 16:00:00.033000+00:00,976.0049998294294
2026-03-16 17:00:00.023000+00:00,976.0049998294294
2026-03-16 18:00:00.045000+00:00,976.0049998294294
2026-03-16 19:00:00.080000+00:00,976.0049998294294
2026-03-16 20:00:00.001000+00:00,976.0049998294294
2026-03-16 21:00:00.032000+00:00,976.0049998294294
2026-03-16 22:00:00+00:00,976.0049998294294
2026-03-16 23:00:00.003000+00:00,976.0049998294294
2026-03-17 00:00:00.034000+00:00,976.0049998294294
2026-03-17 01:00:00.045000+00:00,976.0049998294294
2026-03-17 02:00:00.050000+00:00,976.0049998294294
2026-03-17 03:00:00.010000+00:00,976.0049998294294
2026-03-17 04:00:00.073000+00:00,976.0049998294294
2026-03-17 05:00:00.048000+00:00,976.0049998294294
2026-03-17 06:00:00.113000+00:00,976.0049998294294
2026-03-17 07:00:00.039000+00:00,976.0049998294294
2026-03-17 08:00:00+00:00,976.0049998294294
2026-03-17 09:00:00.002000+00:00,976.0049998294294
2026-03-17 10:00:00.075000+00:00,976.0049998294294
2026-03-17 11:00:00.115000+00:00,976.0049998294294
2026-03-17 12:00:00.006000+00:00,976.0049998294294
2026-03-17 13:00:00.013000+00:00,976.0049998294294
2026-03-17 14:00:00.047000+00:00,976.0049998294294
2026-03-17 15:00:00.074000+00:00,976.0049998294294
2026-03-17 16:00:00.038000+00:00,976.0049998294294
2026-03-17 17:00:00.054000+00:00,976.0049998294294
2026-03-17 18:00:00.071000+00:00,976.0049998294294
2026-03-17 19:00:00.018000+00:00,976.0049998294294
2026-03-17 20:00:00.034000+00:00,976.0049998294294
2026-03-17 21:00:00.072000+00:00,976.0049998294294
2026-03-17 22:00:00.003000+00:00,976.0049998294294
2026-03-17 23:00:00.011000+00:00,976.0049998294294
2026-03-18 00:00:00.028000+00:00,976.0049998294294
2026-03-18 01:00:00.016000+00:00,976.0049998294294
2026-03-18 02:00:00.026000+00:00,976.0049998294294
2026-03-18 03:00:00.060000+00:00,976.0049998294294
2026-03-18 04:00:00.054000+00:00,976.0049998294294
2026-03-18 05:00:00.001000+00:00,976.0049998294294
2026-03-18 06:00:00.067000+00:00,976.0049998294294
2026-03-18 07:00:00.033000+00:00,976.0049998294294
2026-03-18 08:00:00.005000+00:00,976.0049998294294
2026-03-18 09:00:00.052000+00:00,976.0049998294294
2026-03-18 10:00:00.037000+00:00,976.0049998294294
2026-03-18 11:00:00.025000+00:00,976.0049998294294
2026-03-18 12:00:00.062000+00:00,976.0049998294294
2026-03-18 13:00:00.007000+00:00,976.0049998294294
2026-03-18 14:00:00.026000+00:00,976.0049998294294
2026-03-18 15:00:00.035000+00:00,976.0049998294294
2026-03-18 16:00:00.009000+00:00,976.0049998294294
2026-03-18 17:00:00.066000+00:00,976.0049998294294
2026-03-18 18:00:00.052000+00:00,976.0049998294294
2026-03-18 19:00:00.045000+00:00,976.0049998294294
2026-03-18 20:00:00.055000+00:00,976.0049998294294
2026-03-18 21:00:00.050000+00:00,976.0049998294294
2026-03-18 22:00:00.035000+00:00,976.0049998294294
2026-03-18 23:00:00.040000+00:00,976.0049998294294
2026-03-19 00:00:00.090000+00:00,976.0049998294294
2026-03-19 01:00:00.009000+00:00,976.0049998294294
2026-03-19 02:00:00.012000+00:00,976.0049998294294
2026-03-19 03:00:00.041000+00:00,976.0049998294294
2026-03-19 04:00:00.010000+00:00,976.0049998294294
2026-03-19 05:00:00.090000+00:00,976.0049998294294
2026-03-19 06:00:00.052000+00:00,976.0049998294294
2026-03-19 07:00:00.107000+00:00,976.0049998294294
2026-03-19 08:00:00.064000+00:00,976.0049998294294
2026-03-19 09:00:00.026000+00:00,976.0049998294294
2026-03-19 10:00:00.123000+00:00,976.0049998294294
2026-03-19 11:00:00.052000+00:00,976.0049998294294
2026-03-19 12:00:00.006000+00:00,976.0049998294294
2026-03-19 13:00:00.045000+00:00,976.0049998294294
2026-03-19 14:00:00.059000+00:00,976.0049998294294
2026-03-19 15:00:00.002000+00:00,976.0049998294294
2026-03-19 16:00:00.031000+00:00,976.0049998294294
2026-03-19 17:00:00.011000+00:00,976.0049998294294
2026-03-19 18:00:00.049000+00:00,976.0049998294294
2026-03-19 19:00:00.024000+00:00,976.0049998294294
2026-03-19 20:00:00.037000+00:00,976.0049998294294
2026-03-19 21:00:00.022000+00:00,976.0049998294294
2026-03-19 22:00:00.001000+00:00,976.0049998294294
2026-03-19 23:00:00.001000+00:00,976.0049998294294
2026-03-20 00:00:00.103000+00:00,976.0049998294294
2026-03-20 01:00:00.073000+00:00,976.0049998294294
2026-03-20 02:00:00.053000+00:00,976.0049998294294
2026-03-20 03:00:00.072000+00:00,976.0049998294294
2026-03-20 04:00:00.004000+00:00,976.0049998294294
2026-03-20 05:00:00.107000+00:00,976.0049998294294
2026-03-20 06:00:00.096000+00:00,976.0049998294294
2026-03-20 07:00:00.012000+00:00,976.0049998294294
2026-03-20 08:00:00.003000+00:00,976.0049998294294
2026-03-20 09:00:00.021000+00:00,976.0049998294294
2026-03-20 10:00:00.063000+00:00,976.0049998294294
2026-03-20 11:00:00.048000+00:00,976.0049998294294
2026-03-20 12:00:00.087000+00:00,976.0049998294294
2026-03-20 13:00:00.148000+00:00,976.0049998294294
2026-03-20 14:00:00.115000+00:00,976.0049998294294
2026-03-20 15:00:00.034000+00:00,976.0049998294294
2026-03-20 16:00:00.074000+00:00,976.0049998294294
2026-03-20 17:00:00.075000+00:00,976.0049998294294
2026-03-20 18:00:00.035000+00:00,976.0049998294294
2026-03-20 19:00:00.044000+00:00,976.0049998294294
2026-03-20 20:00:00.034000+00:00,976.0049998294294
2026-03-20 21:00:00.007000+00:00,976.0049998294294
2026-03-20 22:00:00+00:00,976.0049998294294
2026-03-20 23:00:00.047000+00:00,976.0049998294294
2026-03-21 00:00:00.093000+00:00,976.0049998294294
2026-03-21 01:00:00.011000+00:00,976.0049998294294
2026-03-21 02:00:00.032000+00:00,976.0049998294294
2026-03-21 03:00:00.013000+00:00,976.0049998294294
2026-03-21 04:00:00.040000+00:00,976.0049998294294
2026-03-21 05:00:00.041000+00:00,976.0049998294294
2026-03-21 06:00:00.066000+00:00,976.0049998294294
2026-03-21 07:00:00.010000+00:00,976.0049998294294
2026-03-21 08:00:00.075000+00:00,976.0049998294294
2026-03-21 09:00:00.064000+00:00,976.0049998294294
2026-03-21 10:00:00+00:00,976.0049998294294
2026-03-21 11:00:00.008000+00:00,976.0049998294294
2026-03-21 12:00:00.094000+00:00,976.0049998294294
2026-03-21 13:00:00.015000+00:00,976.0049998294294
2026-03-21 14:00:00.045000+00:00,976.0049998294294
2026-03-21 15:00:00.051000+00:00,976.0049998294294
2026-03-21 16:00:00.039000+00:00,976.0049998294294
2026-03-21 17:00:00.032000+00:00,976.0049998294294
2026-03-21 18:00:00.020000+00:00,976.0049998294294
2026-03-21 19:00:00.057000+00:00,976.0049998294294
2026-03-21 20:00:00.073000+00:00,976.0049998294294
2026-03-21 21:00:00.086000+00:00,976.0049998294294
2026-03-21 22:00:00.004000+00:00,976.0049998294294
2026-03-21 23:00:00.026000+00:00,976.0049998294294
2026-03-22 00:00:00.042000+00:00,976.0049998294294
2026-03-22 01:00:00.020000+00:00,976.0049998294294
2026-03-22 02:00:00.085000+00:00,976.0049998294294
2026-03-22 03:00:00.085000+00:00,976.0049998294294
2026-03-22 04:00:00.007000+00:00,976.0049998294294
2026-03-22 05:00:00.062000+00:00,976.0049998294294
2026-03-22 06:00:00.062000+00:00,976.0049998294294
2026-03-22 07:00:00.088000+00:00,976.0049998294294
2026-03-22 08:00:00.050000+00:00,976.0049998294294
2026-03-22 09:00:00.062000+00:00,976.0049998294294
2026-03-22 10:00:00.003000+00:00,976.0049998294294
2026-03-22 11:00:00.044000+00:00,976.0049998294294
2026-03-22 12:00:00.049000+00:00,976.0049998294294
2026-03-22 13:00:00.046000+00:00,976.0049998294294
2026-03-22 14:00:00.011000+00:00,976.0049998294294
2026-03-22 15:00:00.042000+00:00,976.0049998294294
2026-03-22 16:00:00.021000+00:00,976.0049998294294
2026-03-22 17:00:00.006000+00:00,976.0049998294294
2026-03-22 18:00:00.081000+00:00,976.0049998294294
2026-03-22 19:00:00.039000+00:00,976.0049998294294
2026-03-22 20:00:00.048000+00:00,976.0049998294294
2026-03-22 21:00:00.082000+00:00,976.0049998294294
2026-03-22 22:00:00.090000+00:00,976.0049998294294
2026-03-22 23:00:00.049000+00:00,976.0049998294294
2026-03-23 00:00:00.261000+00:00,976.0049998294294
2026-03-23 01:00:00.069000+00:00,976.0049998294294
2026-03-23 02:00:00.040000+00:00,976.0049998294294
2026-03-23 03:00:00.111000+00:00,976.0049998294294
2026-03-23 04:00:00.086000+00:00,976.0049998294294
2026-03-23 05:00:00.014000+00:00,976.0049998294294
2026-03-23 06:00:00.068000+00:00,976.0049998294294
2026-03-23 07:00:00.043000+00:00,976.0049998294294
2026-03-23 08:00:00.066000+00:00,976.0049998294294
2026-03-23 09:00:00.071000+00:00,976.0049998294294
2026-03-23 10:00:00.081000+00:00,976.0049998294294
2026-03-23 11:00:00.004000+00:00,976.0049998294294
2026-03-23 12:00:00.045000+00:00,976.0049998294294
2026-03-23 13:00:00.056000+00:00,976.0049998294294
2026-03-23 14:00:00.053000+00:00,976.0049998294294
2026-03-23 15:00:00.071000+00:00,976.0049998294294
2026-03-23 16:00:00.048000+00:00,976.0049998294294
2026-03-23 17:00:00.080000+00:00,976.0049998294294
2026-03-23 18:00:00.041000+00:00,976.0049998294294
2026-03-23 19:00:00.054000+00:00,976.0049998294294
2026-03-23 20:00:00.019000+00:00,976.0049998294294
2026-03-23 21:00:00.090000+00:00,976.0049998294294
2026-03-23 22:00:00.162000+00:00,976.0049998294294
2026-03-23 23:00:00.056000+00:00,976.0049998294294
2026-03-24 00:00:00.027000+00:00,976.0049998294294
2026-03-24 01:00:00.082000+00:00,976.0049998294294
2026-03-24 02:00:00.034000+00:00,976.0049998294294
2026-03-24 03:00:00+00:00,976.0049998294294
2026-03-24 04:00:00.016000+00:00,976.0049998294294
2026-03-24 05:00:00.079000+00:00,976.0049998294294
2026-03-24 06:00:00.003000+00:00,976.0049998294294
2026-03-24 07:00:00.088000+00:00,976.0049998294294
2026-03-24 08:00:00.033000+00:00,976.0049998294294
2026-03-24 09:00:00.051000+00:00,976.0049998294294
2026-03-24 10:00:00.105000+00:00,976.0049998294294
2026-03-24 11:00:00.045000+00:00,976.0049998294294
2026-03-24 12:00:00.096000+00:00,976.0049998294294
2026-03-24 13:00:00.028000+00:00,976.0049998294294
2026-03-24 14:00:00.089000+00:00,976.0049998294294
2026-03-24 15:00:00.033000+00:00,976.0049998294294
2026-03-24 16:00:00.039000+00:00,976.0049998294294
2026-03-24 17:00:00.061000+00:00,976.0049998294294
2026-03-24 18:00:00.062000+00:00,976.0049998294294
2026-03-24 19:00:00.040000+00:00,976.0049998294294
2026-03-24 20:00:00.058000+00:00,976.0049998294294
2026-03-24 21:00:00.159000+00:00,976.0049998294294
2026-03-24 22:00:00.052000+00:00,976.0049998294294
2026-03-24 23:00:00.069000+00:00,976.0049998294294
2026-03-25 00:00:00.048000+00:00,976.0049998294294
2026-03-25 01:00:00.110000+00:00,976.0049998294294
2026-03-25 02:00:00.086000+00:00,976.0049998294294
2026-03-25 03:00:00.069000+00:00,976.0049998294294
2026-03-25 04:00:00.059000+00:00,976.0049998294294
2026-03-25 05:00:00.076000+00:00,976.0049998294294
2026-03-25 06:00:00.043000+00:00,976.0049998294294
2026-03-25 07:00:00.053000+00:00,976.0049998294294
2026-03-25 08:00:00.007000+00:00,976.0049998294294
2026-03-25 09:00:00.057000+00:00,976.0049998294294
2026-03-25 10:00:00.090000+00:00,976.0049998294294
2026-03-25 11:00:00.018000+00:00,976.0049998294294
2026-03-25 12:00:00.038000+00:00,976.0049998294294
2026-03-25 13:00:00.032000+00:00,976.0049998294294
2026-03-25 14:00:00.041000+00:00,976.0049998294294
2026-03-25 15:00:00.062000+00:00,976.0049998294294
2026-03-25 16:00:00.052000+00:00,976.0049998294294
2026-03-25 17:00:00.022000+00:00,976.0049998294294
2026-03-25 18:00:00.075000+00:00,976.0049998294294
2026-03-25 19:00:00.037000+00:00,976.0049998294294
2026-03-25 20:00:00.025000+00:00,976.0049998294294
2026-03-25 21:00:00.066000+00:00,976.0049998294294
2026-03-25 22:00:00.023000+00:00,976.0049998294294
2026-03-25 23:00:00.072000+00:00,976.0049998294294
2026-03-26 00:00:00.035000+00:00,976.0049998294294
2026-03-26 01:00:00.006000+00:00,976.0049998294294
2026-03-26 02:00:00.139000+00:00,976.0049998294294
2026-03-26 03:00:00.114000+00:00,976.0049998294294
2026-03-26 04:00:00.110000+00:00,976.0049998294294
2026-03-26 05:00:00.097000+00:00,976.0049998294294
2026-03-26 06:00:00.014000+00:00,976.0049998294294
2026-03-26 07:00:00.009000+00:00,976.0049998294294
2026-03-26 08:00:00.094000+00:00,976.0049998294294
2026-03-26 09:00:00.075000+00:00,976.0049998294294
2026-03-26 10:00:00.001000+00:00,976.0049998294294
2026-03-26 11:00:00.072000+00:00,976.0049998294294
2026-03-26 12:00:00.020000+00:00,976.0049998294294
2026-03-26 13:00:00.078000+00:00,976.0049998294294
2026-03-26 14:00:00.066000+00:00,976.0049998294294
2026-03-26 15:00:00.018000+00:00,976.0049998294294
2026-03-26 16:00:00.055000+00:00,976.0049998294294
2026-03-26 17:00:00.026000+00:00,976.0049998294294
2026-03-26 18:00:00.030000+00:00,976.0049998294294
2026-03-26 19:00:00.003000+00:00,976.0049998294294
2026-03-26 20:00:00.077000+00:00,976.0049998294294
2026-03-26 21:00:00.031000+00:00,976.0049998294294
2026-03-26 22:00:00.068000+00:00,976.0049998294294
2026-03-26 23:00:00.071000+00:00,976.0049998294294
2026-03-27 00:00:00.013000+00:00,976.0049998294294
2026-03-27 01:00:00.004000+00:00,976.0049998294294
2026-03-27 02:00:00.007000+00:00,976.0049998294294
2026-03-27 03:00:00.045000+00:00,976.0049998294294
2026-03-27 04:00:00.027000+00:00,976.0049998294294
2026-03-27 05:00:00.055000+00:00,976.0049998294294
2026-03-27 06:00:00.021000+00:00,976.0049998294294
2026-03-27 07:00:00.047000+00:00,976.0049998294294
2026-03-27 08:00:00.042000+00:00,976.0049998294294
2026-03-27 09:00:00.078000+00:00,976.0049998294294
2026-03-27 10:00:00.011000+00:00,976.0049998294294
2026-03-27 11:00:00.056000+00:00,976.0049998294294
2026-03-27 12:00:00.073000+00:00,976.0049998294294
2026-03-27 13:00:00.020000+00:00,976.0049998294294
2026-03-27 14:00:00.027000+00:00,976.0049998294294
2026-03-27 15:00:00.082000+00:00,976.0049998294294
2026-03-27 16:00:00.069000+00:00,976.0049998294294
2026-03-27 17:00:00.063000+00:00,976.0049998294294
2026-03-27 18:00:00.018000+00:00,976.0049998294294
2026-03-27 19:00:00.017000+00:00,976.0049998294294
2026-03-27 20:00:00.043000+00:00,976.0049998294294
2026-03-27 21:00:00.064000+00:00,976.0049998294294
2026-03-27 22:00:00.044000+00:00,976.0049998294294
2026-03-27 23:00:00.008000+00:00,976.0049998294294
2026-03-28 00:00:00.062000+00:00,976.0049998294294
2026-03-28 01:00:00.004000+00:00,976.0049998294294
2026-03-28 02:00:00.051000+00:00,976.0049998294294
2026-03-28 03:00:00.023000+00:00,976.0049998294294
2026-03-28 04:00:00.106000+00:00,976.0049998294294
2026-03-28 05:00:00.055000+00:00,976.0049998294294
2026-03-28 06:00:00.067000+00:00,976.0049998294294
2026-03-28 07:00:00.039000+00:00,976.0049998294294
2026-03-28 08:00:00.007000+00:00,976.0049998294294
2026-03-28 09:00:00.008000+00:00,976.0049998294294
2026-03-28 10:00:00.014000+00:00,976.0049998294294
2026-03-28 11:00:00.095000+00:00,976.0049998294294
2026-03-28 12:00:00.014000+00:00,976.0049998294294
2026-03-28 13:00:00.013000+00:00,976.0049998294294
2026-03-28 14:00:00.047000+00:00,976.0049998294294
2026-03-28 15:00:00.042000+00:00,976.0049998294294
2026-03-28 16:00:00.047000+00:00,976.0049998294294
2026-03-28 17:00:00.074000+00:00,976.0049998294294
2026-03-28 18:00:00.070000+00:00,976.0049998294294
2026-03-28 19:00:00.007000+00:00,976.0049998294294
2026-03-28 20:00:00.075000+00:00,976.0049998294294
2026-03-28 21:00:00.036000+00:00,976.0049998294294
2026-03-28 22:00:00.009000+00:00,976.0049998294294
2026-03-28 23:00:00.040000+00:00,976.0049998294294
2026-03-29 00:00:00.085000+00:00,976.0049998294294
2026-03-29 01:00:00.068000+00:00,976.0049998294294
2026-03-29 02:00:00.040000+00:00,976.0049998294294
2026-03-29 03:00:00.050000+00:00,976.0049998294294
2026-03-29 04:00:00.034000+00:00,976.0049998294294
2026-03-29 05:00:00.054000+00:00,976.0049998294294
2026-03-29 06:00:00.017000+00:00,976.0049998294294
2026-03-29 07:00:00.047000+00:00,976.0049998294294
2026-03-29 08:00:00.033000+00:00,976.0049998294294
2026-03-29 09:00:00.036000+00:00,976.0049998294294
2026-03-29 10:00:00.121000+00:00,976.0049998294294
2026-03-29 11:00:00.002000+00:00,976.0049998294294
2026-03-29 12:00:00.067000+00:00,976.0049998294294
2026-03-29 13:00:00.056000+00:00,976.0049998294294
2026-03-29 14:00:00.026000+00:00,976.0049998294294
2026-03-29 15:00:00.057000+00:00,976.0049998294294
2026-03-29 16:00:00.029000+00:00,976.0049998294294
2026-03-29 17:00:00.011000+00:00,976.0049998294294
2026-03-29 18:00:00.092000+00:00,976.0049998294294
2026-03-29 19:00:00.066000+00:00,976.0049998294294
2026-03-29 20:00:00.062000+00:00,976.0049998294294
2026-03-29 21:00:00.026000+00:00,976.0049998294294
2026-03-29 22:00:00.013000+00:00,976.0049998294294
2026-03-29 23:00:00.096000+00:00,976.0049998294294
2026-03-30 00:00:00.038000+00:00,976.0049998294294
2026-03-30 01:00:00.030000+00:00,976.0049998294294
2026-03-30 02:00:00.054000+00:00,976.0049998294294
2026-03-30 03:00:00.013000+00:00,976.0049998294294
2026-03-30 04:00:00.074000+00:00,976.0049998294294
2026-03-30 05:00:00.056000+00:00,976.0049998294294
2026-03-30 06:00:00.089000+00:00,976.0049998294294
2026-03-30 07:00:00.043000+00:00,976.0049998294294
2026-03-30 08:00:00.192000+00:00,976.0049998294294
2026-03-30 09:00:00.039000+00:00,976.0049998294294
2026-03-30 10:00:00.052000+00:00,976.0049998294294
2026-03-30 11:00:00.059000+00:00,976.0049998294294
2026-03-30 12:00:00.038000+00:00,976.0049998294294
2026-03-30 13:00:00.031000+00:00,976.0049998294294
2026-03-30 14:00:00.046000+00:00,976.0049998294294
2026-03-30 15:00:00.019000+00:00,976.0049998294294
2026-03-30 16:00:00.071000+00:00,976.0049998294294
2026-03-30 17:00:00.108000+00:00,976.0049998294294
2026-03-30 18:00:00.051000+00:00,976.0049998294294
2026-03-30 19:00:00.085000+00:00,976.0049998294294
2026-03-30 20:00:00.055000+00:00,976.0049998294294
2026-03-30 21:00:00.095000+00:00,976.0049998294294
2026-03-30 22:00:00.021000+00:00,976.0049998294294
2026-03-30 23:00:00.066000+00:00,976.0049998294294
2026-03-31 00:00:00.016000+00:00,976.0049998294294
2026-03-31 01:00:00.038000+00:00,976.0049998294294
2026-03-31 02:00:00.066000+00:00,976.0049998294294
2026-03-31 03:00:00.092000+00:00,976.0049998294294
2026-03-31 04:00:00.073000+00:00,976.0049998294294
2026-03-31 05:00:00.062000+00:00,976.0049998294294
2026-03-31 06:00:00.022000+00:00,976.0049998294294
2026-03-31 07:00:00.045000+00:00,976.0049998294294
2026-03-31 08:00:00+00:00,976.0049998294294
2026-03-31 09:00:00.056000+00:00,976.0049998294294
2026-03-31 10:00:00.021000+00:00,976.0049998294294
2026-03-31 11:00:00.032000+00:00,976.0049998294294
2026-03-31 12:00:00.073000+00:00,976.0049998294294
2026-03-31 13:00:00.030000+00:00,976.0049998294294
2026-03-31 14:00:00.038000+00:00,976.0049998294294
2026-03-31 15:00:00.043000+00:00,976.0049998294294
2026-03-31 16:00:00.025000+00:00,976.0049998294294
2026-03-31 17:00:00.030000+00:00,976.0049998294294
2026-03-31 18:00:00.007000+00:00,976.0049998294294
2026-03-31 19:00:00.051000+00:00,976.0049998294294
2026-03-31 20:00:00.039000+00:00,976.0049998294294
2026-03-31 21:00:00.026000+00:00,976.0049998294294
2026-03-31 22:00:00.046000+00:00,976.0049998294294
2026-03-31 23:00:00.029000+00:00,976.0049998294294
2026-04-01 00:00:00.068000+00:00,976.0049998294294
2026-04-01 01:00:00.022000+00:00,976.0049998294294
2026-04-01 02:00:00.050000+00:00,976.0049998294294
2026-04-01 03:00:00.044000+00:00,976.0049998294294
2026-04-01 04:00:00.042000+00:00,976.0049998294294
2026-04-01 05:00:00.057000+00:00,976.0049998294294
2026-04-01 06:00:00.051000+00:00,976.0049998294294
2026-04-01 07:00:00.039000+00:00,976.0049998294294
2026-04-01 08:00:00.062000+00:00,976.0049998294294
2026-04-01 09:00:00.046000+00:00,976.0049998294294
2026-04-01 10:00:00.050000+00:00,976.0049998294294
2026-04-01 11:00:00.068000+00:00,976.0049998294294
2026-04-01 12:00:00.081000+00:00,976.0049998294294
2026-04-01 13:00:00.011000+00:00,976.0049998294294
2026-04-01 14:00:00.131000+00:00,976.0049998294294
2026-04-01 15:00:00.029000+00:00,976.0049998294294
2026-04-01 16:00:00.078000+00:00,976.0049998294294
2026-04-01 17:00:00.076000+00:00,976.0049998294294
2026-04-01 18:00:00.071000+00:00,976.0049998294294
2026-04-01 19:00:00.017000+00:00,976.0049998294294
2026-04-01 20:00:00.045000+00:00,976.0049998294294
2026-04-01 21:00:00.041000+00:00,976.0049998294294
2026-04-01 22:00:00.030000+00:00,976.0049998294294
2026-04-01 23:00:00.042000+00:00,976.0049998294294
2026-04-02 00:00:00.177000+00:00,976.0049998294294
2026-04-02 01:00:00.004000+00:00,976.0049998294294
2026-04-02 02:00:00.060000+00:00,976.0049998294294
2026-04-02 03:00:00.041000+00:00,976.0049998294294
2026-04-02 04:00:00.059000+00:00,976.0049998294294
2026-04-02 05:00:00.030000+00:00,976.0049998294294
2026-04-02 06:00:00.039000+00:00,976.0049998294294
2026-04-02 07:00:00.070000+00:00,976.0049998294294
2026-04-02 08:00:00.129000+00:00,976.0049998294294
2026-04-02 09:00:00.026000+00:00,976.0049998294294
2026-04-02 10:00:00.051000+00:00,976.0049998294294
2026-04-02 11:00:00.014000+00:00,976.0049998294294
2026-04-02 12:00:00.021000+00:00,976.0049998294294
2026-04-02 13:00:00.075000+00:00,976.0049998294294
2026-04-02 14:00:00.049000+00:00,976.0049998294294
2026-04-02 15:00:00.065000+00:00,976.0049998294294
2026-04-02 16:00:00.040000+00:00,976.0049998294294
2026-04-02 17:00:00.022000+00:00,976.0049998294294
2026-04-02 18:00:00.037000+00:00,976.0049998294294
2026-04-02 19:00:00.006000+00:00,976.0049998294294
2026-04-02 20:00:00.023000+00:00,976.0049998294294
2026-04-02 21:00:00.131000+00:00,976.0049998294294
2026-04-02 22:00:00.013000+00:00,976.0049998294294
2026-04-02 23:00:00.004000+00:00,976.0049998294294
2026-04-03 00:00:00.021000+00:00,976.0049998294294
2026-04-03 01:00:00.043000+00:00,976.0049998294294
2026-04-03 02:00:00.023000+00:00,976.0049998294294
2026-04-03 03:00:00.048000+00:00,976.0049998294294
2026-04-03 04:00:00.039000+00:00,976.0049998294294
2026-04-03 05:00:00.086000+00:00,976.0049998294294
2026-04-03 06:00:00.049000+00:00,976.0049998294294
2026-04-03 07:00:00.028000+00:00,976.0049998294294
2026-04-03 08:00:00.069000+00:00,976.0049998294294
2026-04-03 09:00:00.054000+00:00,976.0049998294294
2026-04-03 10:00:00.043000+00:00,976.0049998294294
2026-04-03 11:00:00.041000+00:00,976.0049998294294
2026-04-03 12:00:00.031000+00:00,976.0049998294294
2026-04-03 13:00:00.058000+00:00,976.0049998294294
2026-04-03 14:00:00.001000+00:00,976.0049998294294
2026-04-03 15:00:00.044000+00:00,976.0049998294294
2026-04-03 16:00:00.033000+00:00,976.0049998294294
2026-04-03 17:00:00.040000+00:00,976.0049998294294
2026-04-03 18:00:00.069000+00:00,976.0049998294294
2026-04-03 19:00:00.026000+00:00,976.0049998294294
2026-04-03 20:00:00.036000+00:00,976.0049998294294
2026-04-03 21:00:00.048000+00:00,976.0049998294294
2026-04-03 22:00:00.031000+00:00,976.0049998294294
2026-04-03 23:00:00.039000+00:00,976.0049998294294
2026-04-04 00:00:00.063000+00:00,976.0049998294294
2026-04-04 01:00:00.014000+00:00,976.0049998294294
2026-04-04 02:00:00.021000+00:00,976.0049998294294
2026-04-04 03:00:00.064000+00:00,976.0049998294294
2026-04-04 04:00:00.011000+00:00,976.0049998294294
2026-04-04 05:00:00.063000+00:00,976.0049998294294
2026-04-04 06:00:00.057000+00:00,976.0049998294294
2026-04-04 07:00:00.051000+00:00,976.0049998294294
2026-04-04 08:00:00.033000+00:00,976.0049998294294
2026-04-04 09:00:00.008000+00:00,976.0049998294294
2026-04-04 10:00:00.029000+00:00,976.0049998294294
2026-04-04 11:00:00.050000+00:00,976.0049998294294
2026-04-04 12:00:00.009000+00:00,976.0049998294294
2026-04-04 13:00:00.107000+00:00,976.0049998294294
2026-04-04 14:00:00.065000+00:00,976.0049998294294
2026-04-04 15:00:00.008000+00:00,976.0049998294294
2026-04-04 16:00:00.038000+00:00,976.0049998294294
2026-04-04 17:00:00.041000+00:00,976.0049998294294
2026-04-04 18:00:00.064000+00:00,976.0049998294294
2026-04-04 19:00:00.012000+00:00,976.0049998294294
2026-04-04 20:00:00.063000+00:00,976.0049998294294
2026-04-04 21:00:00.037000+00:00,976.0049998294294
2026-04-04 22:00:00.032000+00:00,976.0049998294294
2026-04-04 23:00:00.014000+00:00,976.0049998294294
2026-04-05 00:00:00.047000+00:00,976.0049998294294
2026-04-05 01:00:00.058000+00:00,976.0049998294294
2026-04-05 02:00:00.058000+00:00,976.0049998294294
2026-04-05 03:00:00.014000+00:00,976.0049998294294
2026-04-05 04:00:00.022000+00:00,976.0049998294294
2026-04-05 05:00:00.024000+00:00,976.0049998294294
2026-04-05 06:00:00.051000+00:00,976.0049998294294
2026-04-05 07:00:00.048000+00:00,976.0049998294294
2026-04-05 08:00:00.066000+00:00,976.0049998294294
2026-04-05 09:00:00.017000+00:00,976.0049998294294
2026-04-05 10:00:00.017000+00:00,976.0049998294294
2026-04-05 11:00:00.024000+00:00,976.0049998294294
2026-04-05 12:00:00.017000+00:00,976.0049998294294
2026-04-05 13:00:00.047000+00:00,976.0049998294294
2026-04-05 14:00:00.057000+00:00,976.0049998294294
2026-04-05 15:00:00.081000+00:00,976.0049998294294
2026-04-05 16:00:00.031000+00:00,976.0049998294294
2026-04-05 17:00:00.049000+00:00,976.0049998294294
2026-04-05 18:00:00.042000+00:00,976.0049998294294
2026-04-05 19:00:00.041000+00:00,976.0049998294294
2026-04-05 20:00:00.030000+00:00,976.0049998294294
2026-04-05 21:00:00.003000+00:00,976.0049998294294
2026-04-05 22:00:00.060000+00:00,976.0049998294294
2026-04-05 23:00:00.020000+00:00,976.0049998294294
2026-04-06 00:00:00.029000+00:00,976.0049998294294
2026-04-06 01:00:00.040000+00:00,976.0049998294294
2026-04-06 02:00:00+00:00,976.0049998294294
2026-04-06 03:00:00.049000+00:00,976.0049998294294
2026-04-06 04:00:00.002000+00:00,976.0049998294294
2026-04-06 05:00:00.047000+00:00,976.0049998294294
2026-04-06 06:00:00.025000+00:00,976.0049998294294
2026-04-06 07:00:00.064000+00:00,976.0049998294294
2026-04-06 08:00:00.053000+00:00,976.0049998294294
2026-04-06 09:00:00.012000+00:00,976.0049998294294
2026-04-06 10:00:00.006000+00:00,976.0049998294294
2026-04-06 11:00:00.016000+00:00,976.0049998294294
2026-04-06 12:00:00.072000+00:00,976.0049998294294
2026-04-06 13:00:00.031000+00:00,976.0049998294294
2026-04-06 14:00:00.066000+00:00,976.0049998294294
2026-04-06 15:00:00.048000+00:00,976.0049998294294
2026-04-06 16:00:00.056000+00:00,976.0049998294294
2026-04-06 17:00:00.002000+00:00,976.0049998294294
2026-04-06 18:00:00.039000+00:00,976.0049998294294
2026-04-06 19:00:00+00:00,976.0049998294294
2026-04-06 20:00:00.078000+00:00,976.0049998294294
2026-04-06 21:00:00.054000+00:00,976.0049998294294
2026-04-06 22:00:00.043000+00:00,976.0049998294294
2026-04-06 23:00:00.021000+00:00,976.0049998294294
2026-04-07 00:00:00.046000+00:00,976.0049998294294
2026-04-07 01:00:00.015000+00:00,976.0049998294294
2026-04-07 02:00:00.012000+00:00,976.0049998294294
2026-04-07 03:00:00.093000+00:00,976.0049998294294
2026-04-07 04:00:00.017000+00:00,976.0049998294294
2026-04-07 05:00:00.006000+00:00,976.0049998294294
2026-04-07 06:00:00.030000+00:00,976.0049998294294
2026-04-07 07:00:00.064000+00:00,976.0049998294294
2026-04-07 08:00:00.020000+00:00,976.0049998294294
2026-04-07 09:00:00.031000+00:00,976.0049998294294
2026-04-07 10:00:00.005000+00:00,976.0049998294294
2026-04-07 11:00:00.030000+00:00,976.0049998294294
2026-04-07 12:00:00.037000+00:00,976.0049998294294
2026-04-07 13:00:00.060000+00:00,976.0049998294294
2026-04-07 14:00:00.027000+00:00,976.0049998294294
2026-04-07 15:00:00.041000+00:00,976.0049998294294
2026-04-07 16:00:00.036000+00:00,976.0049998294294
2026-04-07 17:00:00.024000+00:00,976.0049998294294
2026-04-07 18:00:00.013000+00:00,976.0049998294294
2026-04-07 19:00:00.017000+00:00,976.0049998294294
2026-04-07 20:00:00.041000+00:00,976.0049998294294
2026-04-07 21:00:00.062000+00:00,976.0049998294294
2026-04-07 22:00:00.029000+00:00,976.0049998294294
2026-04-07 23:00:00.038000+00:00,976.0049998294294
2026-04-08 00:00:00.094000+00:00,976.0049998294294
2026-04-08 01:00:00.057000+00:00,976.0049998294294
2026-04-08 02:00:00.043000+00:00,976.0049998294294
2026-04-08 03:00:00.059000+00:00,976.0049998294294
2026-04-08 04:00:00.012000+00:00,976.0049998294294
2026-04-08 05:00:00.056000+00:00,976.0049998294294
2026-04-08 06:00:00.065000+00:00,976.0049998294294
2026-04-08 07:00:00.039000+00:00,976.0049998294294
2026-04-08 08:00:00.005000+00:00,976.0049998294294
2026-04-08 09:00:00.047000+00:00,976.0049998294294
2026-04-08 10:00:00.004000+00:00,976.0049998294294
2026-04-08 11:00:00.027000+00:00,976.0049998294294
2026-04-08 12:00:00+00:00,976.0049998294294
2026-04-08 13:00:00.019000+00:00,976.0049998294294
2026-04-08 14:00:00.064000+00:00,976.0049998294294
2026-04-08 15:00:00.025000+00:00,976.0049998294294
2026-04-08 16:00:00.054000+00:00,976.0049998294294
2026-04-08 17:00:00.009000+00:00,976.0049998294294
2026-04-08 18:00:00.046000+00:00,976.0049998294294
2026-04-08 19:00:00.026000+00:00,976.0049998294294
2026-04-08 20:00:00.068000+00:00,976.0049998294294
2026-04-08 21:00:00.031000+00:00,976.0049998294294
2026-04-08 22:00:00.010000+00:00,976.0049998294294
2026-04-08 23:00:00.039000+00:00,976.0049998294294
2026-04-09 00:00:00.070000+00:00,976.0049998294294
2026-04-09 01:00:00.023000+00:00,976.0049998294294
2026-04-09 02:00:00.010000+00:00,976.0049998294294
2026-04-09 03:00:00.053000+00:00,976.0049998294294
2026-04-09 04:00:00.015000+00:00,976.0049998294294
2026-04-09 05:00:00.007000+00:00,976.0049998294294
2026-04-09 06:00:00.021000+00:00,976.0049998294294
2026-04-09 07:00:00.001000+00:00,976.0049998294294
2026-04-09 08:00:00.056000+00:00,976.0049998294294
2026-04-09 09:00:00.008000+00:00,976.0049998294294
2026-04-09 10:00:00.006000+00:00,976.0049998294294
2026-04-09 11:00:00.010000+00:00,976.0049998294294
2026-04-09 12:00:00.054000+00:00,976.0049998294294
2026-04-09 13:00:00.004000+00:00,976.0049998294294
2026-04-09 14:00:00.056000+00:00,976.0049998294294
2026-04-09 15:00:00.041000+00:00,976.0049998294294
2026-04-09 16:00:00.011000+00:00,976.0049998294294
2026-04-09 17:00:00.012000+00:00,976.0049998294294
2026-04-09 18:00:00.001000+00:00,976.0049998294294
2026-04-09 19:00:00.031000+00:00,976.0049998294294
2026-04-09 20:00:00.004000+00:00,976.0049998294294
2026-04-09 21:00:00.018000+00:00,976.0049998294294
2026-04-09 22:00:00+00:00,976.0049998294294
2026-04-09 23:00:00.071000+00:00,976.0049998294294
2026-04-10 00:00:00.062000+00:00,976.0049998294294
2026-04-10 01:00:00.013000+00:00,976.0049998294294
2026-04-10 02:00:00.002000+00:00,976.0049998294294
2026-04-10 03:00:00.040000+00:00,976.0049998294294
2026-04-10 04:00:00.047000+00:00,976.0049998294294
2026-04-10 05:00:00.031000+00:00,976.0049998294294
2026-04-10 06:00:00.026000+00:00,976.0049998294294
2026-04-10 07:00:00.016000+00:00,976.0049998294294
2026-04-10 08:00:00+00:00,976.0049998294294
2026-04-10 09:00:00.015000+00:00,976.0049998294294
2026-04-10 10:00:00.028000+00:00,976.0049998294294
2026-04-10 11:00:00.010000+00:00,976.0049998294294
2026-04-10 12:00:00.057000+00:00,976.0049998294294
2026-04-10 13:00:00.032000+00:00,976.0049998294294
2026-04-10 14:00:00.008000+00:00,976.0049998294294
2026-04-10 15:00:00.005000+00:00,976.0049998294294
2026-04-10 16:00:00.053000+00:00,976.0049998294294
2026-04-10 17:00:00.022000+00:00,976.0049998294294
2026-04-10 18:00:00.021000+00:00,976.0049998294294
2026-04-10 19:00:00.046000+00:00,976.0049998294294
2026-04-10 20:00:00.009000+00:00,976.0049998294294
2026-04-10 21:00:00.010000+00:00,976.0049998294294
2026-04-10 22:00:00.079000+00:00,976.0049998294294
2026-04-10 23:00:00.055000+00:00,976.0049998294294
2026-04-11 00:00:00.015000+00:00,976.0049998294294
2026-04-11 01:00:00.006000+00:00,976.0049998294294
2026-04-11 02:00:00.020000+00:00,976.0049998294294
2026-04-11 03:00:00.039000+00:00,976.0049998294294
2026-04-11 04:00:00.013000+00:00,976.0049998294294
2026-04-11 05:00:00.005000+00:00,976.0049998294294
2026-04-11 06:00:00.024000+00:00,976.0049998294294
2026-04-11 07:00:00.016000+00:00,976.0049998294294
2026-04-11 08:00:00.002000+00:00,976.0049998294294
2026-04-11 09:00:00.042000+00:00,976.0049998294294
2026-04-11 10:00:00.048000+00:00,976.0049998294294
2026-04-11 11:00:00.040000+00:00,976.0049998294294
2026-04-11 12:00:00.055000+00:00,976.0049998294294
2026-04-11 13:00:00.047000+00:00,976.0049998294294
2026-04-11 14:00:00.001000+00:00,976.0049998294294
2026-04-11 15:00:00.041000+00:00,976.0049998294294
2026-04-11 16:00:00.034000+00:00,976.0049998294294
2026-04-11 17:00:00.008000+00:00,976.0049998294294
2026-04-11 18:00:00.033000+00:00,976.0049998294294
2026-04-11 19:00:00.047000+00:00,976.0049998294294
2026-04-11 20:00:00.023000+00:00,976.0049998294294
2026-04-11 21:00:00.058000+00:00,976.0049998294294
2026-04-11 22:00:00.036000+00:00,976.0049998294294
2026-04-11 23:00:00.020000+00:00,976.0049998294294
2026-04-12 00:00:00.067000+00:00,976.0049998294294
2026-04-12 01:00:00.044000+00:00,976.0049998294294
2026-04-12 02:00:00.031000+00:00,976.0049998294294
2026-04-12 03:00:00.029000+00:00,976.0049998294294
2026-04-12 04:00:00.055000+00:00,976.0049998294294
2026-04-12 05:00:00.066000+00:00,976.0049998294294
2026-04-12 06:00:00.047000+00:00,976.0049998294294
2026-04-12 07:00:00.004000+00:00,976.0049998294294
2026-04-12 08:00:00.022000+00:00,976.0049998294294
2026-04-12 09:00:00.049000+00:00,976.0049998294294
2026-04-12 10:00:00.011000+00:00,976.0049998294294
2026-04-12 11:00:00.022000+00:00,976.0049998294294
2026-04-12 12:00:00.040000+00:00,976.0049998294294
2026-04-12 13:00:00.028000+00:00,976.0049998294294
2026-04-12 14:00:00.064000+00:00,976.0049998294294
2026-04-12 15:00:00.065000+00:00,976.0049998294294
2026-04-12 16:00:00.046000+00:00,976.0049998294294
2026-04-12 17:00:00.054000+00:00,976.0049998294294
2026-04-12 18:00:00.035000+00:00,976.0049998294294
2026-04-12 19:00:00.028000+00:00,976.0049998294294
2026-04-12 20:00:00.062000+00:00,976.0049998294294
2026-04-12 21:00:00.049000+00:00,976.0049998294294
2026-04-12 22:00:00.058000+00:00,976.0049998294294
2026-04-12 23:00:00.048000+00:00,976.0049998294294
2026-04-13 00:00:00.013000+00:00,976.0049998294294
2026-04-13 01:00:00.031000+00:00,976.0049998294294
2026-04-13 02:00:00.001000+00:00,976.0049998294294
2026-04-13 03:00:00.056000+00:00,976.0049998294294
2026-04-13 04:00:00.056000+00:00,976.0049998294294
2026-04-13 05:00:00.032000+00:00,976.0049998294294
2026-04-13 06:00:00.007000+00:00,976.0049998294294
2026-04-13 07:00:00.011000+00:00,976.0049998294294
2026-04-13 08:00:00.015000+00:00,976.0049998294294
2026-04-13 09:00:00.013000+00:00,976.0049998294294
2026-04-13 10:00:00.032000+00:00,976.0049998294294
2026-04-13 11:00:00.011000+00:00,976.0049998294294
2026-04-13 12:00:00.063000+00:00,976.0049998294294
2026-04-13 13:00:00.036000+00:00,976.0049998294294
2026-04-13 14:00:00.007000+00:00,976.0049998294294
2026-04-13 15:00:00.114000+00:00,976.0049998294294
2026-04-13 16:00:00.016000+00:00,976.0049998294294
2026-04-13 17:00:00.028000+00:00,976.0049998294294
2026-04-13 18:00:00.040000+00:00,976.0049998294294
2026-04-13 19:00:00.055000+00:00,976.0049998294294
2026-04-13 20:00:00.032000+00:00,976.0049998294294
2026-04-13 21:00:00.038000+00:00,976.0049998294294
2026-04-13 22:00:00.023000+00:00,976.0049998294294
2026-04-13 23:00:00.008000+00:00,976.0049998294294
2026-04-14 00:00:00.020000+00:00,976.0049998294294
2026-04-14 01:00:00.057000+00:00,976.0049998294294
2026-04-14 02:00:00.017000+00:00,976.0049998294294
2026-04-14 03:00:00.043000+00:00,976.0049998294294
2026-04-14 04:00:00.009000+00:00,976.0049998294294
2026-04-14 05:00:00.054000+00:00,976.0049998294294
2026-04-14 06:00:00.057000+00:00,976.0049998294294
2026-04-14 07:00:00.076000+00:00,976.0049998294294
2026-04-14 08:00:00.066000+00:00,976.0049998294294
2026-04-14 09:00:00.041000+00:00,976.0049998294294
2026-04-14 10:00:00.010000+00:00,976.0049998294294
2026-04-14 11:00:00.030000+00:00,976.0049998294294
2026-04-14 12:00:00.053000+00:00,976.0049998294294
2026-04-14 13:00:00.039000+00:00,976.0049998294294
2026-04-14 14:00:00.012000+00:00,976.0049998294294
2026-04-14 15:00:00.056000+00:00,976.0049998294294
2026-04-14 16:00:00.029000+00:00,976.0049998294294
2026-04-14 17:00:00.057000+00:00,976.0049998294294
2026-04-14 18:00:00.062000+00:00,976.0049998294294
2026-04-14 19:00:00.040000+00:00,976.0049998294294
2026-04-14 20:00:00+00:00,976.0049998294294
2026-04-14 21:00:00.003000+00:00,976.0049998294294
2026-04-14 22:00:00.001000+00:00,976.0049998294294
2026-04-14 23:00:00.021000+00:00,976.0049998294294
2026-04-15 00:00:00.015000+00:00,976.0049998294294
2026-04-15 01:00:00.054000+00:00,976.0049998294294
2026-04-15 02:00:00.036000+00:00,976.0049998294294
2026-04-15 03:00:00.065000+00:00,976.0049998294294
2026-04-15 04:00:00.053000+00:00,976.0049998294294
2026-04-15 05:00:00.029000+00:00,976.0049998294294
2026-04-15 06:00:00.060000+00:00,976.0049998294294
2026-04-15 07:00:00.038000+00:00,976.0049998294294
2026-04-15 08:00:00.009000+00:00,976.0049998294294
2026-04-15 09:00:00.024000+00:00,976.0049998294294
2026-04-15 10:00:00.027000+00:00,976.0049998294294
2026-04-15 11:00:00.067000+00:00,976.0049998294294
2026-04-15 12:00:00.030000+00:00,976.0049998294294
2026-04-15 13:00:00.008000+00:00,976.0049998294294
2026-04-15 14:00:00.035000+00:00,976.0049998294294
2026-04-15 15:00:00.057000+00:00,976.0049998294294
2026-04-15 16:00:00.025000+00:00,976.0049998294294
2026-04-15 17:00:00.022000+00:00,976.0049998294294
2026-04-15 18:00:00.030000+00:00,976.0049998294294
2026-04-15 19:00:00.062000+00:00,976.0049998294294
2026-04-15 20:00:00.014000+00:00,976.0049998294294
2026-04-15 21:00:00.049000+00:00,976.0049998294294
2026-04-15 22:00:00.067000+00:00,976.0049998294294
2026-04-15 23:00:00.056000+00:00,976.0049998294294
2026-04-16 00:00:00.044000+00:00,976.0049998294294
2026-04-16 01:00:00.022000+00:00,976.0049998294294
2026-04-16 02:00:00.010000+00:00,976.0049998294294
2026-04-16 03:00:00.053000+00:00,976.0049998294294
2026-04-16 04:00:00.006000+00:00,976.0049998294294
2026-04-16 05:00:00.042000+00:00,976.0049998294294
2026-04-16 06:00:00.031000+00:00,976.0049998294294
2026-04-16 07:00:00.012000+00:00,976.0049998294294
2026-04-16 08:00:00.062000+00:00,976.0049998294294
2026-04-16 09:00:00.045000+00:00,976.0049998294294
2026-04-16 10:00:00.004000+00:00,976.0049998294294
2026-04-16 11:00:00.035000+00:00,976.0049998294294
2026-04-16 12:00:00.042000+00:00,976.0049998294294
2026-04-16 13:00:00.030000+00:00,976.0049998294294
2026-04-16 14:00:00.019000+00:00,976.0049998294294
2026-04-16 15:00:00.047000+00:00,976.0049998294294
2026-04-16 16:00:00.051000+00:00,976.0049998294294
2026-04-16 17:00:00.013000+00:00,976.0049998294294
2026-04-16 18:00:00.034000+00:00,976.0049998294294
2026-04-16 19:00:00.064000+00:00,976.0049998294294
2026-04-16 20:00:00.016000+00:00,976.0049998294294
2026-04-16 21:00:00.025000+00:00,976.0049998294294
2026-04-16 22:00:00.043000+00:00,976.0049998294294
2026-04-16 23:00:00.041000+00:00,976.0049998294294
2026-04-17 00:00:00.030000+00:00,976.0049998294294
2026-04-17 01:00:00.015000+00:00,976.0049998294294
2026-04-17 02:00:00.026000+00:00,976.0049998294294
2026-04-17 03:00:00.010000+00:00,976.0049998294294
2026-04-17 04:00:00.064000+00:00,976.0049998294294
2026-04-17 05:00:00.052000+00:00,976.0049998294294
2026-04-17 06:00:00.017000+00:00,976.0049998294294
2026-04-17 07:00:00.065000+00:00,976.0049998294294
2026-04-17 08:00:00.042000+00:00,976.0049998294294
2026-04-17 09:00:00.035000+00:00,976.0049998294294
2026-04-17 10:00:00.011000+00:00,976.0049998294294
2026-04-17 11:00:00.038000+00:00,976.0049998294294
2026-04-17 12:00:00.064000+00:00,976.0049998294294
2026-04-17 13:00:00.036000+00:00,976.0049998294294
2026-04-17 14:00:00+00:00,976.0049998294294
2026-04-17 15:00:00.059000+00:00,976.0049998294294
2026-04-17 16:00:00.039000+00:00,976.0049998294294
2026-04-17 17:00:00.046000+00:00,976.0049998294294
2026-04-17 18:00:00.052000+00:00,976.0049998294294
2026-04-17 19:00:00.019000+00:00,976.0049998294294
2026-04-17 20:00:00.065000+00:00,976.0049998294294
2026-04-17 21:00:00.012000+00:00,976.0049998294294
2026-04-17 22:00:00.042000+00:00,976.0049998294294
2026-04-17 23:00:00.022000+00:00,976.0049998294294
2026-04-18 00:00:00.064000+00:00,976.0049998294294
2026-04-18 01:00:00.049000+00:00,976.0049998294294
2026-04-18 02:00:00.042000+00:00,976.0049998294294
2026-04-18 03:00:00.031000+00:00,976.0049998294294
2026-04-18 04:00:00.009000+00:00,976.0049998294294
2026-04-18 05:00:00.060000+00:00,976.0049998294294
2026-04-18 06:00:00.049000+00:00,976.0049998294294
2026-04-18 07:00:00.028000+00:00,976.0049998294294
2026-04-18 08:00:00.049000+00:00,976.0049998294294
2026-04-18 09:00:00.011000+00:00,976.0049998294294
2026-04-18 10:00:00.020000+00:00,976.0049998294294
2026-04-18 11:00:00.016000+00:00,976.0049998294294
2026-04-18 12:00:00.034000+00:00,976.0049998294294
2026-04-18 13:00:00.047000+00:00,976.0049998294294
2026-04-18 14:00:00.018000+00:00,976.0049998294294
2026-04-18 15:00:00+00:00,976.0049998294294
2026-04-18 16:00:00.001000+00:00,976.0049998294294
2026-04-18 17:00:00.001000+00:00,976.0049998294294
2026-04-18 18:00:00.050000+00:00,976.0049998294294
2026-04-18 19:00:00.039000+00:00,976.0049998294294
2026-04-18 20:00:00.037000+00:00,976.0049998294294
2026-04-18 21:00:00.036000+00:00,976.0049998294294
2026-04-18 22:00:00.011000+00:00,976.0049998294294
2026-04-18 23:00:00.026000+00:00,976.0049998294294
2026-04-19 00:00:00.053000+00:00,976.0049998294294
2026-04-19 01:00:00.051000+00:00,976.0049998294294
2026-04-19 02:00:00.028000+00:00,976.0049998294294
2026-04-19 03:00:00.060000+00:00,976.0049998294294
2026-04-19 04:00:00.051000+00:00,976.0049998294294
2026-04-19 05:00:00.046000+00:00,976.0049998294294
2026-04-19 06:00:00.041000+00:00,976.0049998294294
2026-04-19 07:00:00.002000+00:00,976.0049998294294
2026-04-19 08:00:00.040000+00:00,976.0049998294294
2026-04-19 09:00:00.041000+00:00,976.0049998294294
2026-04-19 10:00:00.022000+00:00,976.0049998294294
2026-04-19 11:00:00.032000+00:00,976.0049998294294
2026-04-19 12:00:00.016000+00:00,976.0049998294294
2026-04-19 13:00:00.026000+00:00,976.0049998294294
2026-04-19 14:00:00.011000+00:00,976.0049998294294
2026-04-19 15:00:00.004000+00:00,976.0049998294294
2026-04-19 16:00:00.010000+00:00,976.0049998294294
2026-04-19 17:00:00.060000+00:00,976.0049998294294
2026-04-19 18:00:00.009000+00:00,976.0049998294294
2026-04-19 19:00:00.018000+00:00,976.0049998294294
2026-04-19 20:00:00.030000+00:00,976.0049998294294
2026-04-19 21:00:00.025000+00:00,976.0049998294294
2026-04-19 22:00:00.007000+00:00,976.0049998294294
2026-04-19 23:00:00.025000+00:00,976.0049998294294
2026-04-20 00:00:00.062000+00:00,976.0049998294294
2026-04-20 01:00:00.029000+00:00,976.0049998294294
2026-04-20 02:00:00.053000+00:00,976.0049998294294
2026-04-20 03:00:00.025000+00:00,976.0049998294294
2026-04-20 04:00:00.029000+00:00,976.0049998294294
2026-04-20 05:00:00.055000+00:00,976.0049998294294
2026-04-20 06:00:00+00:00,976.0049998294294
2026-04-20 07:00:00.006000+00:00,976.0049998294294
2026-04-20 08:00:00.037000+00:00,976.0049998294294
2026-04-20 09:00:00.008000+00:00,976.0049998294294
2026-04-20 10:00:00.053000+00:00,976.0049998294294
2026-04-20 11:00:00.014000+00:00,976.0049998294294
2026-04-20 12:00:00.091000+00:00,976.0049998294294
2026-04-20 13:00:00.051000+00:00,976.0049998294294
2026-04-20 14:00:00.033000+00:00,976.0049998294294
2026-04-20 15:00:00.041000+00:00,976.0049998294294
2026-04-20 16:00:00.028000+00:00,976.0049998294294
2026-04-20 17:00:00.049000+00:00,976.0049998294294
2026-04-20 18:00:00.019000+00:00,976.0049998294294
2026-04-20 19:00:00.037000+00:00,976.0049998294294
2026-04-20 20:00:00.063000+00:00,976.0049998294294
2026-04-20 21:00:00.038000+00:00,976.0049998294294
2026-04-20 22:00:00.039000+00:00,976.0049998294294
2026-04-20 23:00:00.053000+00:00,976.0049998294294
2026-04-21 00:00:00.087000+00:00,976.0049998294294
2026-04-21 01:00:00.043000+00:00,976.0049998294294
2026-04-21 02:00:00.023000+00:00,976.0049998294294
2026-04-21 03:00:00.030000+00:00,976.0049998294294
2026-04-21 04:00:00.018000+00:00,976.0049998294294
2026-04-21 05:00:00.065000+00:00,976.0049998294294
2026-04-21 06:00:00.010000+00:00,976.0049998294294
2026-04-21 07:00:00.053000+00:00,976.0049998294294
2026-04-21 08:00:00.036000+00:00,976.0049998294294
2026-04-21 09:00:00.005000+00:00,976.0049998294294
2026-04-21 10:00:00.001000+00:00,976.0049998294294
2026-04-21 11:00:00.065000+00:00,976.0049998294294
2026-04-21 12:00:00.036000+00:00,976.0049998294294
2026-04-21 13:00:00.063000+00:00,976.0049998294294
2026-04-21 14:00:00.044000+00:00,976.0049998294294
2026-04-21 15:00:00.019000+00:00,976.0049998294294
2026-04-21 16:00:00.048000+00:00,976.0049998294294
2026-04-21 17:00:00.003000+00:00,976.0049998294294
2026-04-21 18:00:00.065000+00:00,976.0049998294294
2026-04-21 19:00:00.039000+00:00,976.0049998294294
2026-04-21 20:00:00.004000+00:00,976.0049998294294
2026-04-21 21:00:00.015000+00:00,976.0049998294294
2026-04-21 22:00:00.008000+00:00,976.0049998294294
2026-04-21 23:00:00.011000+00:00,976.0049998294294
2026-04-22 00:00:00.061000+00:00,976.0049998294294
2026-04-22 01:00:00.004000+00:00,976.0049998294294
2026-04-22 02:00:00.042000+00:00,976.0049998294294
2026-04-22 03:00:00.005000+00:00,976.0049998294294
2026-04-22 04:00:00.056000+00:00,976.0049998294294
2026-04-22 05:00:00.030000+00:00,976.0049998294294
2026-04-22 06:00:00.005000+00:00,976.0049998294294
2026-04-22 07:00:00.018000+00:00,976.0049998294294
2026-04-22 08:00:00.009000+00:00,976.0049998294294
2026-04-22 09:00:00.041000+00:00,976.0049998294294
2026-04-22 10:00:00.008000+00:00,976.0049998294294
2026-04-22 11:00:00.019000+00:00,976.0049998294294
2026-04-22 12:00:00.041000+00:00,976.0049998294294
2026-04-22 13:00:00.003000+00:00,976.0049998294294
2026-04-22 14:00:00.043000+00:00,976.0049998294294
2026-04-22 15:00:00.021000+00:00,976.0049998294294
2026-04-22 16:00:00.051000+00:00,976.0049998294294
2026-04-22 17:00:00.012000+00:00,976.0049998294294
2026-04-22 18:00:00.036000+00:00,976.0049998294294
2026-04-22 19:00:00.031000+00:00,976.0049998294294
2026-04-22 20:00:00.051000+00:00,976.0049998294294
2026-04-22 21:00:00.023000+00:00,976.0049998294294
2026-04-22 22:00:00.042000+00:00,976.0049998294294
2026-04-22 23:00:00.056000+00:00,976.0049998294294
2026-04-23 00:00:00.028000+00:00,976.0049998294294
2026-04-23 01:00:00.056000+00:00,976.0049998294294
2026-04-23 02:00:00.016000+00:00,976.0049998294294
2026-04-23 03:00:00.013000+00:00,976.0049998294294
2026-04-23 04:00:00.053000+00:00,976.0049998294294
2026-04-23 05:00:00.046000+00:00,976.0049998294294
2026-04-23 06:00:00.079000+00:00,976.0049998294294
2026-04-23 07:00:00.059000+00:00,976.0049998294294
2026-04-23 08:00:00.019000+00:00,976.0049998294294
2026-04-23 09:00:00.060000+00:00,976.0049998294294
2026-04-23 10:00:00.021000+00:00,976.0049998294294
2026-04-23 11:00:00.053000+00:00,976.0049998294294
2026-04-23 12:00:00.024000+00:00,976.0049998294294
2026-04-23 13:00:00.060000+00:00,976.0049998294294
2026-04-23 14:00:00.015000+00:00,976.0049998294294
2026-04-23 15:00:00.020000+00:00,976.0049998294294
2026-04-23 16:00:00.048000+00:00,976.0049998294294
2026-04-23 17:00:00.075000+00:00,976.0049998294294
2026-04-23 18:00:00.016000+00:00,976.0049998294294
2026-04-23 19:00:00.075000+00:00,976.0049998294294
2026-04-23 20:00:00.003000+00:00,976.0049998294294
2026-04-23 21:00:00.042000+00:00,976.0049998294294
2026-04-23 22:00:00.005000+00:00,976.0049998294294
2026-04-23 23:00:00.065000+00:00,976.0049998294294
2026-04-24 00:00:00.064000+00:00,976.0049998294294
2026-04-24 01:00:00.021000+00:00,976.0049998294294
2026-04-24 02:00:00.064000+00:00,976.0049998294294
2026-04-24 03:00:00.062000+00:00,976.0049998294294
2026-04-24 04:00:00.018000+00:00,976.0049998294294
2026-04-24 05:00:00.065000+00:00,976.0049998294294
2026-04-24 06:00:00+00:00,976.0049998294294
2026-04-24 07:00:00.039000+00:00,976.0049998294294
2026-04-24 08:00:00.008000+00:00,976.0049998294294
2026-04-24 09:00:00.041000+00:00,976.0049998294294
2026-04-24 10:00:00.038000+00:00,976.0049998294294
2026-04-24 11:00:00.039000+00:00,976.0049998294294
2026-04-24 12:00:00.002000+00:00,976.0049998294294
2026-04-24 13:00:00.047000+00:00,976.0049998294294
2026-04-24 14:00:00.063000+00:00,976.0049998294294
2026-04-24 15:00:00.001000+00:00,976.0049998294294
2026-04-24 16:00:00.049000+00:00,976.0049998294294
2026-04-24 17:00:00.011000+00:00,976.0049998294294
2026-04-24 18:00:00.037000+00:00,976.0049998294294
2026-04-24 19:00:00.020000+00:00,976.0049998294294
2026-04-24 20:00:00.007000+00:00,976.0049998294294
2026-04-24 21:00:00.058000+00:00,976.0049998294294
2026-04-24 22:00:00.042000+00:00,976.0049998294294
2026-04-24 23:00:00.055000+00:00,976.0049998294294
2026-04-25 00:00:00.024000+00:00,976.0049998294294
2026-04-25 01:00:00.002000+00:00,976.0049998294294
2026-04-25 02:00:00.044000+00:00,976.0049998294294
2026-04-25 03:00:00.063000+00:00,976.0049998294294
2026-04-25 04:00:00+00:00,976.0049998294294
2026-04-25 05:00:00.035000+00:00,976.0049998294294
2026-04-25 06:00:00.023000+00:00,976.0049998294294
2026-04-25 07:00:00.048000+00:00,976.0049998294294
2026-04-25 08:00:00.044000+00:00,976.0049998294294
2026-04-25 09:00:00.060000+00:00,976.0049998294294
2026-04-25 10:00:00.052000+00:00,976.0049998294294
2026-04-25 11:00:00.064000+00:00,976.0049998294294
2026-04-25 12:00:00.039000+00:00,976.0049998294294
2026-04-25 13:00:00.031000+00:00,976.0049998294294
2026-04-25 14:00:00.050000+00:00,976.0049998294294
2026-04-25 15:00:00.037000+00:00,976.0049998294294
2026-04-25 16:00:00.080000+00:00,976.0049998294294
2026-04-25 17:00:00.047000+00:00,976.0049998294294
2026-04-25 18:00:00.031000+00:00,976.0049998294294
2026-04-25 19:00:00.078000+00:00,976.0049998294294
2026-04-25 20:00:00.064000+00:00,976.0049998294294
2026-04-25 21:00:00.007000+00:00,976.0049998294294
2026-04-25 22:00:00.003000+00:00,976.0049998294294
2026-04-25 23:00:00.060000+00:00,976.0049998294294
2026-04-26 00:00:00.025000+00:00,976.0049998294294
2026-04-26 01:00:00.030000+00:00,976.0049998294294
2026-04-26 02:00:00.007000+00:00,976.0049998294294
2026-04-26 03:00:00.050000+00:00,976.0049998294294
2026-04-26 04:00:00.032000+00:00,976.0049998294294
2026-04-26 05:00:00.041000+00:00,976.0049998294294
2026-04-26 06:00:00.030000+00:00,976.0049998294294
2026-04-26 07:00:00.026000+00:00,976.0049998294294
2026-04-26 08:00:00.058000+00:00,976.0049998294294
2026-04-26 09:00:00.062000+00:00,976.0049998294294
2026-04-26 10:00:00.065000+00:00,976.0049998294294
2026-04-26 11:00:00.018000+00:00,976.0049998294294
2026-04-26 12:00:00.009000+00:00,976.0049998294294
2026-04-26 13:00:00.066000+00:00,976.0049998294294
2026-04-26 14:00:00.016000+00:00,976.0049998294294
2026-04-26 15:00:00.039000+00:00,976.0049998294294
2026-04-26 16:00:00.066000+00:00,976.0049998294294
2026-04-26 17:00:00.052000+00:00,976.0049998294294
2026-04-26 18:00:00.024000+00:00,976.0049998294294
2026-04-26 19:00:00.056000+00:00,976.0049998294294
2026-04-26 20:00:00.017000+00:00,976.0049998294294
2026-04-26 21:00:00.054000+00:00,976.0049998294294
2026-04-26 22:00:00.047000+00:00,976.0049998294294
2026-04-26 23:00:00.060000+00:00,976.0049998294294
2026-04-27 00:00:00.023000+00:00,976.0049998294294
2026-04-27 01:00:00.035000+00:00,976.0049998294294
2026-04-27 02:00:00.052000+00:00,976.0049998294294
2026-04-27 03:00:00.072000+00:00,976.0049998294294
2026-04-27 04:00:00.041000+00:00,976.0049998294294
2026-04-27 05:00:00.055000+00:00,976.0049998294294
2026-04-27 06:00:00.007000+00:00,976.0049998294294
2026-04-27 07:00:00.017000+00:00,976.0049998294294
2026-04-27 08:00:00.012000+00:00,976.0049998294294
2026-04-27 09:00:00.041000+00:00,976.0049998294294
2026-04-27 10:00:00.013000+00:00,976.0049998294294
2026-04-27 11:00:00.115000+00:00,976.0049998294294
2026-04-27 12:00:00.058000+00:00,976.0049998294294
2026-04-27 13:00:00.020000+00:00,976.0049998294294
2026-04-27 14:00:00.028000+00:00,976.0049998294294
2026-04-27 15:00:00.022000+00:00,976.0049998294294
2026-04-27 16:00:00.036000+00:00,976.0049998294294
2026-04-27 17:00:00.033000+00:00,976.0049998294294
2026-04-27 18:00:00.033000+00:00,976.0049998294294
2026-04-27 19:00:00.021000+00:00,976.0049998294294
2026-04-27 20:00:00.008000+00:00,976.0049998294294
2026-04-27 21:00:00.011000+00:00,976.0049998294294
2026-04-27 22:00:00.064000+00:00,976.0049998294294
2026-04-27 23:00:00.012000+00:00,976.0049998294294
2026-04-28 00:00:00.035000+00:00,976.0049998294294
2026-04-28 01:00:00.003000+00:00,976.0049998294294
2026-04-28 02:00:00.051000+00:00,976.0049998294294
2026-04-28 03:00:00.044000+00:00,976.0049998294294
2026-04-28 04:00:00.007000+00:00,976.0049998294294
2026-04-28 05:00:00.034000+00:00,976.0049998294294
2026-04-28 06:00:00.029000+00:00,976.0049998294294
2026-04-28 07:00:00.063000+00:00,976.0049998294294
2026-04-28 08:00:00.019000+00:00,976.0049998294294
2026-04-28 09:00:00.032000+00:00,976.0049998294294
2026-04-28 10:00:00.023000+00:00,976.0049998294294
2026-04-28 11:00:00.007000+00:00,976.0049998294294
2026-04-28 12:00:00.016000+00:00,976.0049998294294
2026-04-28 13:00:00.077000+00:00,976.0049998294294
2026-04-28 14:00:00.058000+00:00,976.0049998294294
2026-04-28 15:00:00.063000+00:00,976.0049998294294
2026-04-28 16:00:00.007000+00:00,976.0049998294294
2026-04-28 17:00:00.070000+00:00,976.0049998294294
2026-04-28 18:00:00.055000+00:00,976.0049998294294
2026-04-28 19:00:00.060000+00:00,976.0049998294294
2026-04-28 20:00:00.031000+00:00,976.0049998294294
2026-04-28 21:00:00.052000+00:00,976.0049998294294
2026-04-28 22:00:00.027000+00:00,976.0049998294294
2026-04-28 23:00:00.042000+00:00,976.0049998294294
2026-04-29 00:00:00.003000+00:00,976.0049998294294
2026-04-29 01:00:00.025000+00:00,976.0049998294294
2026-04-29 02:00:00+00:00,976.0049998294294
2026-04-29 03:00:00.009000+00:00,976.0049998294294
2026-04-29 04:00:00.032000+00:00,976.0049998294294
2026-04-29 05:00:00.046000+00:00,976.0049998294294
2026-04-29 06:00:00.001000+00:00,976.0049998294294
2026-04-29 07:00:00.063000+00:00,976.0049998294294
2026-04-29 08:00:00.030000+00:00,976.0049998294294
2026-04-29 09:00:00.042000+00:00,976.0049998294294
2026-04-29 10:00:00.016000+00:00,976.0049998294294
2026-04-29 11:00:00.024000+00:00,976.0049998294294
2026-04-29 12:00:00.054000+00:00,976.0049998294294
2026-04-29 13:00:00.053000+00:00,976.0049998294294
2026-04-29 14:00:00.029000+00:00,976.0049998294294
2026-04-29 15:00:00.047000+00:00,976.0049998294294
2026-04-29 16:00:00.067000+00:00,976.0049998294294
2026-04-29 17:00:00.001000+00:00,976.0049998294294
2026-04-29 18:00:00.043000+00:00,976.0049998294294
2026-04-29 19:00:00.048000+00:00,976.0049998294294
2026-04-29 20:00:00.001000+00:00,976.0049998294294
2026-04-29 21:00:00.052000+00:00,976.0049998294294
2026-04-29 22:00:00.002000+00:00,976.0049998294294
2026-04-29 23:00:00.061000+00:00,976.0049998294294
2026-04-30 00:00:00.020000+00:00,976.0049998294294
2026-04-30 01:00:00.019000+00:00,976.0049998294294
2026-04-30 02:00:00.044000+00:00,976.0049998294294
2026-04-30 03:00:00.073000+00:00,976.0049998294294
2026-04-30 04:00:00.059000+00:00,976.0049998294294
2026-04-30 05:00:00.030000+00:00,976.0049998294294
2026-04-30 06:00:00.060000+00:00,976.0049998294294
2026-04-30 07:00:00.057000+00:00,976.0049998294294
2026-04-30 08:00:00.072000+00:00,976.0049998294294
2026-04-30 09:00:00.041000+00:00,976.0049998294294
2026-04-30 10:00:00.040000+00:00,976.0049998294294
2026-04-30 11:00:00.009000+00:00,976.0049998294294
2026-04-30 12:00:00.065000+00:00,976.0049998294294
2026-04-30 13:00:00.045000+00:00,976.0049998294294
2026-04-30 14:00:00.004000+00:00,976.0049998294294
2026-04-30 15:00:00.033000+00:00,976.0049998294294
2026-04-30 16:00:00.003000+00:00,976.0049998294294
2026-04-30 17:00:00.029000+00:00,976.0049998294294
2026-04-30 18:00:00.025000+00:00,976.0049998294294
2026-04-30 19:00:00.030000+00:00,976.0049998294294
2026-04-30 20:00:00.048000+00:00,976.0049998294294
2026-04-30 21:00:00.009000+00:00,976.0049998294294
2026-04-30 22:00:00.010000+00:00,976.0049998294294
2026-04-30 23:00:00.005000+00:00,976.0049998294294
2026-05-01 00:00:00.045000+00:00,976.0049998294294
2026-05-01 01:00:00.040000+00:00,976.0049998294294
2026-05-01 02:00:00.073000+00:00,976.0049998294294
2026-05-01 03:00:00.003000+00:00,976.0049998294294
2026-05-01 04:00:00.097000+00:00,976.0049998294294
2026-05-01 05:00:00.029000+00:00,976.0049998294294
2026-05-01 06:00:00.052000+00:00,976.0049998294294
2026-05-01 07:00:00.028000+00:00,976.0049998294294
2026-05-01 08:00:00.049000+00:00,976.0049998294294
2026-05-01 09:00:00.046000+00:00,976.0049998294294
2026-05-01 10:00:00.063000+00:00,976.0049998294294
2026-05-01 11:00:00.046000+00:00,976.0049998294294
2026-05-01 12:00:00.012000+00:00,976.0049998294294
2026-05-01 13:00:00.028000+00:00,976.0049998294294
2026-05-01 14:00:00.051000+00:00,976.0049998294294
2026-05-01 15:00:00.002000+00:00,976.0049998294294
2026-05-01 16:00:00.055000+00:00,976.0049998294294
2026-05-01 17:00:00.055000+00:00,976.0049998294294
2026-05-01 18:00:00.043000+00:00,976.0049998294294
2026-05-01 19:00:00.031000+00:00,976.0049998294294
2026-05-01 20:00:00.011000+00:00,976.0049998294294
2026-05-01 21:00:00.059000+00:00,976.0049998294294
2026-05-01 22:00:00.054000+00:00,976.0049998294294
2026-05-01 23:00:00.002000+00:00,976.0049998294294
2026-05-02 00:00:00.010000+00:00,976.0049998294294
2026-05-02 01:00:00.070000+00:00,976.0049998294294
2026-05-02 02:00:00.056000+00:00,976.0049998294294
2026-05-02 03:00:00.038000+00:00,976.0049998294294
2026-05-02 04:00:00.019000+00:00,976.0049998294294
2026-05-02 05:00:00.004000+00:00,976.0049998294294
2026-05-02 06:00:00.040000+00:00,976.0049998294294
2026-05-02 07:00:00.044000+00:00,976.0049998294294
2026-05-02 08:00:00.031000+00:00,976.0049998294294
2026-05-02 09:00:00.002000+00:00,976.0049998294294
2026-05-02 10:00:00.010000+00:00,976.0049998294294
2026-05-02 11:00:00.041000+00:00,976.0049998294294
2026-05-02 12:00:00.048000+00:00,976.0049998294294
2026-05-02 13:00:00.017000+00:00,976.0049998294294
2026-05-02 14:00:00.025000+00:00,976.0049998294294
2026-05-02 15:00:00.021000+00:00,976.0049998294294
2026-05-02 16:00:00.033000+00:00,976.0049998294294
2026-05-02 17:00:00.048000+00:00,976.0049998294294
2026-05-02 18:00:00.025000+00:00,976.0049998294294
2026-05-02 19:00:00.038000+00:00,976.0049998294294
2026-05-02 20:00:00.064000+00:00,976.0049998294294
2026-05-02 21:00:00.020000+00:00,976.0049998294294
2026-05-02 22:00:00+00:00,976.0049998294294
2026-05-02 23:00:00.067000+00:00,976.0049998294294
2026-05-03 00:00:00.049000+00:00,976.0049998294294
2026-05-03 01:00:00.025000+00:00,976.0049998294294
2026-05-03 02:00:00.016000+00:00,976.0049998294294
2026-05-03 03:00:00.053000+00:00,976.0049998294294
2026-05-03 04:00:00.034000+00:00,976.0049998294294
2026-05-03 05:00:00.010000+00:00,976.0049998294294
2026-05-03 06:00:00.024000+00:00,976.0049998294294
2026-05-03 07:00:00.004000+00:00,976.0049998294294
2026-05-03 08:00:00.037000+00:00,976.0049998294294
2026-05-03 09:00:00.018000+00:00,976.0049998294294
2026-05-03 10:00:00.038000+00:00,976.0049998294294
2026-05-03 11:00:00.052000+00:00,976.0049998294294
2026-05-03 12:00:00.047000+00:00,976.0049998294294
2026-05-03 13:00:00.005000+00:00,976.0049998294294
2026-05-03 14:00:00.027000+00:00,976.0049998294294
2026-05-03 15:00:00.059000+00:00,976.0049998294294
2026-05-03 16:00:00.054000+00:00,976.0049998294294
2026-05-03 17:00:00.044000+00:00,976.0049998294294
2026-05-03 18:00:00.060000+00:00,976.0049998294294
2026-05-03 19:00:00.014000+00:00,976.0049998294294
2026-05-03 20:00:00.040000+00:00,976.0049998294294
2026-05-03 21:00:00.037000+00:00,976.0049998294294
2026-05-03 22:00:00.024000+00:00,976.0049998294294
2026-05-03 23:00:00.039000+00:00,976.0049998294294
2026-05-04 00:00:00.030000+00:00,976.0049998294294
2026-05-04 01:00:00.063000+00:00,976.0049998294294
2026-05-04 02:00:00.059000+00:00,976.0049998294294
2026-05-04 03:00:00.012000+00:00,976.0049998294294
2026-05-04 04:00:00.014000+00:00,976.0049998294294
2026-05-04 05:00:00.025000+00:00,976.0049998294294
2026-05-04 06:00:00.035000+00:00,976.0049998294294
2026-05-04 07:00:00.001000+00:00,976.0049998294294
2026-05-04 08:00:00.065000+00:00,976.0049998294294
2026-05-04 09:00:00.015000+00:00,976.0049998294294
2026-05-04 10:00:00.011000+00:00,976.0049998294294
2026-05-04 11:00:00.065000+00:00,976.0049998294294
2026-05-04 12:00:00.066000+00:00,976.0049998294294
2026-05-04 13:00:00.032000+00:00,976.0049998294294
2026-05-04 14:00:00.079000+00:00,976.0049998294294
2026-05-04 15:00:00.062000+00:00,976.0049998294294
2026-05-04 16:00:00.030000+00:00,976.0049998294294
2026-05-04 17:00:00.041000+00:00,976.0049998294294
2026-05-04 18:00:00.053000+00:00,976.0049998294294
2026-05-04 19:00:00.037000+00:00,976.0049998294294
2026-05-04 20:00:00.060000+00:00,976.0049998294294
2026-05-04 21:00:00.052000+00:00,976.0049998294294
2026-05-04 22:00:00.075000+00:00,976.0049998294294
2026-05-04 23:00:00.055000+00:00,976.0049998294294
2026-05-05 00:00:00.021000+00:00,976.0049998294294
2026-05-05 01:00:00.040000+00:00,976.0049998294294
2026-05-05 02:00:00.044000+00:00,976.0049998294294
2026-05-05 03:00:00.039000+00:00,976.0049998294294
2026-05-05 04:00:00.016000+00:00,976.0049998294294
2026-05-05 05:00:00.057000+00:00,976.0049998294294
2026-05-05 06:00:00.006000+00:00,976.0049998294294
2026-05-05 07:00:00.052000+00:00,976.0049998294294
2026-05-05 08:00:00.055000+00:00,976.0049998294294
2026-05-05 09:00:00.016000+00:00,976.0049998294294
2026-05-05 10:00:00.002000+00:00,976.0049998294294
2026-05-05 11:00:00.054000+00:00,976.0049998294294
2026-05-05 12:00:00.025000+00:00,976.0049998294294
2026-05-05 13:00:00.065000+00:00,976.0049998294294
2026-05-05 14:00:00.022000+00:00,976.0049998294294
2026-05-05 15:00:00.017000+00:00,976.0049998294294
2026-05-05 16:00:00.028000+00:00,976.0049998294294
2026-05-05 17:00:00.003000+00:00,976.0049998294294
2026-05-05 18:00:00.061000+00:00,976.0049998294294
2026-05-05 19:00:00.036000+00:00,976.0049998294294
2026-05-05 20:00:00.001000+00:00,976.0049998294294
2026-05-05 21:00:00.044000+00:00,976.0049998294294
2026-05-05 22:00:00.066000+00:00,976.0049998294294
2026-05-05 23:00:00.056000+00:00,976.0049998294294
2026-05-06 00:00:00.026000+00:00,976.0049998294294
2026-05-06 01:00:00.002000+00:00,976.0049998294294
2026-05-06 02:00:00.010000+00:00,976.0049998294294
2026-05-06 03:00:00.061000+00:00,976.0049998294294
2026-05-06 04:00:00.067000+00:00,976.0049998294294
2026-05-06 05:00:00.011000+00:00,976.0049998294294
2026-05-06 06:00:00.051000+00:00,976.0049998294294
2026-05-06 07:00:00.046000+00:00,976.0049998294294
2026-05-06 08:00:00.014000+00:00,976.0049998294294
2026-05-06 09:00:00.029000+00:00,976.0049998294294
2026-05-06 10:00:00.058000+00:00,976.0049998294294
2026-05-06 11:00:00.012000+00:00,976.0049998294294
2026-05-06 12:00:00.046000+00:00,976.0049998294294
2026-05-06 13:00:00.027000+00:00,976.0049998294294
2026-05-06 14:00:00.062000+00:00,976.0049998294294
2026-05-06 15:00:00.012000+00:00,976.0049998294294
2026-05-06 16:00:00.063000+00:00,976.0049998294294
2026-05-06 17:00:00.019000+00:00,976.0049998294294
2026-05-06 18:00:00.065000+00:00,976.0049998294294
2026-05-06 19:00:00.068000+00:00,976.0049998294294
2026-05-06 20:00:00.077000+00:00,976.0049998294294
2026-05-06 21:00:00.026000+00:00,976.0049998294294
2026-05-06 22:00:00.045000+00:00,976.0049998294294
2026-05-06 23:00:00+00:00,976.0049998294294
2026-05-07 00:00:00.059000+00:00,976.0049998294294
2026-05-07 01:00:00.065000+00:00,976.0049998294294
2026-05-07 02:00:00.043000+00:00,976.0049998294294
2026-05-07 03:00:00.030000+00:00,976.0049998294294
2026-05-07 04:00:00.026000+00:00,976.0049998294294
2026-05-07 05:00:00.051000+00:00,976.0049998294294
2026-05-07 06:00:00.013000+00:00,976.0049998294294
2026-05-07 07:00:00.061000+00:00,976.0049998294294
2026-05-07 08:00:00.060000+00:00,976.0049998294294
2026-05-07 09:00:00.013000+00:00,976.0049998294294
2026-05-07 10:00:00.020000+00:00,976.0049998294294
2026-05-07 11:00:00.037000+00:00,976.0049998294294
2026-05-07 12:00:00.009000+00:00,976.0049998294294
2026-05-07 13:00:00.041000+00:00,976.0049998294294
2026-05-07 14:00:00.079000+00:00,976.0049998294294
2026-05-07 15:00:00.021000+00:00,976.0049998294294
2026-05-07 16:00:00.044000+00:00,976.0049998294294
2026-05-07 17:00:00.070000+00:00,976.0049998294294
2026-05-07 18:00:00.001000+00:00,976.0049998294294
2026-05-07 19:00:00.025000+00:00,976.0049998294294
2026-05-07 20:00:00.029000+00:00,976.0049998294294
2026-05-07 21:00:00.026000+00:00,976.0049998294294
2026-05-07 22:00:00.025000+00:00,976.0049998294294
2026-05-07 23:00:00.057000+00:00,976.0049998294294
2026-05-08 00:00:00.069000+00:00,976.0049998294294
2026-05-08 01:00:00.002000+00:00,976.0049998294294
2026-05-08 02:00:00.026000+00:00,976.0049998294294
2026-05-08 03:00:00.048000+00:00,976.0049998294294
2026-05-08 04:00:00.023000+00:00,976.0049998294294
2026-05-08 05:00:00.023000+00:00,976.0049998294294
2026-05-08 06:00:00.012000+00:00,976.0049998294294
2026-05-08 07:00:00.012000+00:00,976.0049998294294
2026-05-08 08:00:00.002000+00:00,976.0049998294294
2026-05-08 09:00:00.038000+00:00,976.0049998294294
2026-05-08 10:00:00.074000+00:00,976.0049998294294
2026-05-08 11:00:00.003000+00:00,976.0049998294294
2026-05-08 12:00:00.055000+00:00,976.0049998294294
2026-05-08 13:00:00.029000+00:00,976.0049998294294
2026-05-08 14:00:00.050000+00:00,976.0049998294294
2026-05-08 15:00:00.064000+00:00,976.0049998294294
2026-05-08 16:00:00.018000+00:00,976.0049998294294
2026-05-08 17:00:00.053000+00:00,976.0049998294294
2026-05-08 18:00:00.064000+00:00,976.0049998294294
2026-05-08 19:00:00.038000+00:00,976.0049998294294
2026-05-08 20:00:00.043000+00:00,976.0049998294294
2026-05-08 21:00:00.041000+00:00,976.0049998294294
2026-05-08 22:00:00.054000+00:00,976.0049998294294
2026-05-08 23:00:00.009000+00:00,976.0049998294294
2026-05-09 00:00:00+00:00,976.0049998294294
2026-05-09 01:00:00.009000+00:00,976.0049998294294
2026-05-09 02:00:00.018000+00:00,976.0049998294294
2026-05-09 03:00:00.006000+00:00,976.0049998294294
2026-05-09 04:00:00.003000+00:00,976.0049998294294
2026-05-09 05:00:00.047000+00:00,976.0049998294294
2026-05-09 06:00:00.038000+00:00,976.0049998294294
2026-05-09 07:00:00.036000+00:00,976.0049998294294
2026-05-09 08:00:00.024000+00:00,976.0049998294294
2026-05-09 09:00:00.062000+00:00,976.0049998294294
2026-05-09 10:00:00.026000+00:00,976.0049998294294
2026-05-09 11:00:00.050000+00:00,976.0049998294294
2026-05-09 12:00:00.059000+00:00,976.0049998294294
2026-05-09 13:00:00+00:00,976.0049998294294
2026-05-09 14:00:00.040000+00:00,976.0049998294294
2026-05-09 15:00:00.053000+00:00,970.5052221623673
2026-05-09 16:00:00.017000+00:00,970.5177221623674
2026-05-09 17:00:00.001000+00:00,970.5302221623674
2026-05-09 18:00:00.017000+00:00,970.5427221623675
2026-05-09 19:00:00.018000+00:00,970.5552221623675
2026-05-09 20:00:00.068000+00:00,970.5677221623675
2026-05-09 21:00:00.051000+00:00,970.5802221623676
2026-05-09 22:00:00.008000+00:00,970.5927221623676
2026-05-09 23:00:00.025000+00:00,970.6052221623677
2026-05-10 00:00:00.032000+00:00,970.6177221623677
2026-05-10 01:00:00.048000+00:00,970.6302221623678
2026-05-10 02:00:00.005000+00:00,970.6427221623678
2026-05-10 03:00:00.065000+00:00,970.6552221623679
2026-05-10 04:00:00.039000+00:00,970.6677221623679
2026-05-10 05:00:00.002000+00:00,970.680222162368
2026-05-10 06:00:00.045000+00:00,970.692722162368
2026-05-10 07:00:00.044000+00:00,970.705222162368
2026-05-10 08:00:00.015000+00:00,970.7177221623681
2026-05-10 09:00:00.013000+00:00,970.7302221623681
2026-05-10 10:00:00.065000+00:00,970.7427221623682
2026-05-10 11:00:00+00:00,970.7552221623682
2026-05-10 12:00:00.050000+00:00,970.7677221623683
2026-05-10 13:00:00.020000+00:00,970.7802221623683
2026-05-10 14:00:00.012000+00:00,970.7927221623684
2026-05-10 15:00:00.019000+00:00,970.8052221623684
2026-05-10 16:00:00.019000+00:00,970.8177221623685
2026-05-10 17:00:00.006000+00:00,970.8302221623685
2026-05-10 18:00:00.007000+00:00,970.8427221623685
2026-05-10 19:00:00.038000+00:00,970.8709233623686
2026-05-10 20:00:00.068000+00:00,970.8975835623686
2026-05-10 21:00:00.002000+00:00,970.9100835623686
2026-05-10 22:00:00.042000+00:00,970.9231751623687
2026-05-10 23:00:00.083000+00:00,970.9356751623687
2026-05-11 00:00:00.028000+00:00,970.9520574623688
2026-05-11 01:00:00.001000+00:00,970.9645574623688
2026-05-11 02:00:00.074000+00:00,970.9770574623689
2026-05-11 03:00:00.051000+00:00,970.9895574623689
2026-05-11 04:00:00.063000+00:00,971.002057462369
2026-05-11 05:00:00.064000+00:00,971.014557462369
2026-05-11 06:00:00.017000+00:00,971.027057462369
2026-05-11 07:00:00.034000+00:00,971.0395574623691
2026-05-11 08:00:00.079000+00:00,971.0520574623691
2026-05-11 09:00:00.051000+00:00,971.0645574623692
2026-05-11 10:00:00.007000+00:00,971.0770574623692
2026-05-11 11:00:00.059000+00:00,971.0895574623693
2026-05-11 12:00:00.038000+00:00,971.1020574623693
2026-05-11 13:00:00.052000+00:00,971.1145574623694
2026-05-11 14:00:00.014000+00:00,971.1270574623694
2026-05-11 15:00:00.033000+00:00,971.1395574623695
2026-05-11 16:00:00.025000+00:00,971.1520574623695
2026-05-11 17:00:00.005000+00:00,971.1645574623695
2026-05-11 18:00:00.015000+00:00,971.1770574623696
2026-05-11 19:00:00.033000+00:00,971.1895574623696
2026-05-11 20:00:00.044000+00:00,971.2020574623697
2026-05-11 21:00:00.034000+00:00,971.2145574623697
2026-05-11 22:00:00.039000+00:00,971.2270574623698
2026-05-11 23:00:00.005000+00:00,971.2395574623698
2026-05-12 00:00:00.040000+00:00,971.2520574623699
2026-05-12 01:00:00.019000+00:00,971.2645574623699
2026-05-12 02:00:00.065000+00:00,971.27705746237
2026-05-12 03:00:00.018000+00:00,971.28955746237
2026-05-12 04:00:00.027000+00:00,971.30205746237
2026-05-12 05:00:00.020000+00:00,971.3145574623701
2026-05-12 06:00:00.058000+00:00,971.3270574623701
2026-05-12 07:00:00.008000+00:00,971.3395574623702
2026-05-12 08:00:00.010000+00:00,971.3520574623702
2026-05-12 09:00:00.005000+00:00,971.3645574623703
2026-05-12 10:00:00.036000+00:00,971.3770574623703
2026-05-12 11:00:00.001000+00:00,971.3895574623704
2026-05-12 12:00:00.020000+00:00,971.4020574623704
2026-05-12 13:00:00.033000+00:00,971.4145574623705
2026-05-12 14:00:00.005000+00:00,971.4270574623705
2026-05-12 15:00:00.008000+00:00,971.4395574623705
2026-05-12 16:00:00.023000+00:00,971.4497371623705
2026-05-12 17:00:00.037000+00:00,971.4622371623706
2026-05-12 18:00:00.037000+00:00,971.4747371623706
2026-05-12 19:00:00.061000+00:00,971.4872371623707
2026-05-12 20:00:00.021000+00:00,971.4997371623707
2026-05-12 21:00:00.063000+00:00,971.5122371623708
2026-05-12 22:00:00.054000+00:00,971.5247371623708
2026-05-12 23:00:00.054000+00:00,971.5372371623708
2026-05-13 00:00:00.016000+00:00,971.5497371623709
2026-05-13 01:00:00.036000+00:00,971.5578210623709
2026-05-13 02:00:00.050000+00:00,971.5703210623709
2026-05-13 03:00:00.058000+00:00,971.582821062371
2026-05-13 04:00:00.066000+00:00,971.595321062371
2026-05-13 05:00:00.005000+00:00,971.607821062371
2026-05-13 06:00:00.016000+00:00,971.614187262371
2026-05-13 07:00:00.003000+00:00,971.615899662371
2026-05-13 08:00:00.046000+00:00,971.618532962371
2026-05-13 09:00:00.025000+00:00,971.630531862371
2026-05-13 10:00:00.006000+00:00,971.631437362371
2026-05-13 11:00:00.013000+00:00,971.622815662371
2026-05-13 12:00:00.048000+00:00,971.604220962371
2026-05-13 13:00:00.052000+00:00,971.5979097623709
2026-05-13 14:00:00.024000+00:00,971.597113262371
2026-05-13 15:00:00.005000+00:00,971.5978370623709
2026-05-13 16:00:00.041000+00:00,971.6003842623709
2026-05-13 17:00:00.031000+00:00,971.6128842623709
2026-05-13 18:00:00.014000+00:00,971.625384262371
2026-05-13 19:00:00.037000+00:00,971.637884262371
2026-05-13 20:00:00.043000+00:00,971.641776262371
2026-05-13 21:00:00.045000+00:00,971.6417680623709
2026-05-13 22:00:00.004000+00:00,971.6426614623709
2026-05-13 23:00:00.051000+00:00,971.648440862371
2026-05-14 00:00:00.062000+00:00,971.649166162371
2026-05-14 01:00:00.013000+00:00,971.661113162371
2026-05-14 02:00:00.012000+00:00,971.673613162371
2026-05-14 03:00:00.011000+00:00,971.682828762371
2026-05-14 04:00:00.047000+00:00,971.677801562371
2026-05-14 05:00:00.013000+00:00,971.6869747623709
2026-05-14 06:00:00.014000+00:00,971.693306862371
2026-05-14 07:00:00.043000+00:00,971.701534562371
2026-05-14 08:00:00.035000+00:00,971.6966868623709
2026-05-14 09:00:00.066000+00:00,971.6976591623709
2026-05-14 10:00:00+00:00,971.6993717623709
2026-05-14 11:00:00.034000+00:00,971.6946221623709
2026-05-14 12:00:00.001000+00:00,971.6814116623709
2026-05-14 13:00:00.032000+00:00,971.674887462371
2026-05-14 14:00:00.002000+00:00,971.671187462371
2026-05-14 15:00:00.003000+00:00,971.662652762371
2026-05-14 16:00:00.047000+00:00,971.663386662371
2026-05-14 17:00:00.043000+00:00,971.6669602623709
2026-05-14 18:00:00.066000+00:00,966.1546825953088
2026-05-14 19:00:00.050000+00:00,966.1546825953088
2026-05-14 20:00:00.004000+00:00,966.1546825953088
2026-05-14 21:00:00.042000+00:00,966.1546825953088
2026-05-14 22:00:00.026000+00:00,966.1546825953088
2026-05-14 23:00:00.062000+00:00,966.1546825953088
2026-05-15 00:00:00.071000+00:00,966.1546825953088
2026-05-15 01:00:00.009000+00:00,966.1546825953088
2026-05-15 02:00:00.030000+00:00,966.1546825953088
2026-05-15 03:00:00.043000+00:00,966.1546825953088
2026-05-15 04:00:00.003000+00:00,966.1546825953088
2026-05-15 05:00:00.001000+00:00,966.1546825953088
2026-05-15 06:00:00.044000+00:00,966.1546825953088
2026-05-15 07:00:00.034000+00:00,966.1546825953088
2026-05-15 08:00:00.064000+00:00,966.1546825953088
2026-05-15 09:00:00.005000+00:00,966.1546825953088
2026-05-15 10:00:00.060000+00:00,966.1546825953088
2026-05-15 11:00:00.038000+00:00,966.1546825953088
2026-05-15 12:00:00.064000+00:00,966.1546825953088
2026-05-15 13:00:00.023000+00:00,966.1546825953088
2026-05-15 14:00:00.006000+00:00,966.1546825953088
2026-05-15 15:00:00.044000+00:00,966.1546825953088
2026-05-15 16:00:00.007000+00:00,966.1546825953088
2026-05-15 17:00:00.060000+00:00,966.1546825953088
2026-05-15 18:00:00.019000+00:00,966.1546825953088
2026-05-15 19:00:00.018000+00:00,966.1546825953088
2026-05-15 20:00:00.015000+00:00,966.1546825953088
2026-05-15 21:00:00.028000+00:00,966.1546825953088
2026-05-15 22:00:00.049000+00:00,966.1546825953088
2026-05-15 23:00:00.060000+00:00,966.1546825953088
2026-05-16 00:00:00.027000+00:00,966.1546825953088
2026-05-16 01:00:00.021000+00:00,966.1546825953088
2026-05-16 02:00:00.038000+00:00,966.1546825953088
2026-05-16 03:00:00.011000+00:00,966.1546825953088
2026-05-16 04:00:00.008000+00:00,966.1546825953088
2026-05-16 05:00:00.023000+00:00,966.1546825953088
2026-05-16 06:00:00.064000+00:00,966.1546825953088
2026-05-16 07:00:00.006000+00:00,966.1546825953088
2026-05-16 08:00:00.011000+00:00,966.1546825953088
2026-05-16 09:00:00.078000+00:00,966.1546825953088
2026-05-16 10:00:00.062000+00:00,966.1546825953088
2026-05-16 11:00:00.002000+00:00,966.1546825953088
2026-05-16 12:00:00.005000+00:00,966.1546825953088
2026-05-16 13:00:00.061000+00:00,966.1546825953088
2026-05-16 14:00:00.057000+00:00,966.1546825953088
2026-05-16 15:00:00.025000+00:00,966.1546825953088
2026-05-16 16:00:00.094000+00:00,966.1546825953088
2026-05-16 17:00:00.048000+00:00,966.1546825953088
2026-05-16 18:00:00.018000+00:00,966.1546825953088
2026-05-16 19:00:00.075000+00:00,966.1546825953088
2026-05-16 20:00:00.048000+00:00,966.1546825953088
2026-05-16 21:00:00.049000+00:00,966.1546825953088
2026-05-16 22:00:00.029000+00:00,966.1546825953088
2026-05-16 23:00:00.023000+00:00,966.1546825953088
2026-05-17 00:00:00.019000+00:00,966.1546825953088
2026-05-17 01:00:00.017000+00:00,966.1546825953088
2026-05-17 02:00:00.062000+00:00,966.1546825953088
2026-05-17 03:00:00.038000+00:00,966.1546825953088
2026-05-17 04:00:00.049000+00:00,966.1546825953088
2026-05-17 05:00:00.018000+00:00,966.1546825953088
2026-05-17 06:00:00.056000+00:00,966.1546825953088
2026-05-17 07:00:00.051000+00:00,966.1546825953088
2026-05-17 08:00:00.048000+00:00,966.1546825953088
2026-05-17 09:00:00.010000+00:00,966.1546825953088
2026-05-17 10:00:00.039000+00:00,966.1546825953088
2026-05-17 11:00:00.016000+00:00,966.1546825953088
2026-05-17 12:00:00.014000+00:00,966.1546825953088
2026-05-17 13:00:00.031000+00:00,966.1546825953088
2026-05-17 14:00:00.058000+00:00,966.1546825953088
2026-05-17 15:00:00.036000+00:00,966.1546825953088
2026-05-17 16:00:00.030000+00:00,966.1546825953088
2026-05-17 17:00:00.025000+00:00,966.1546825953088
2026-05-17 18:00:00.010000+00:00,966.1546825953088
2026-05-17 19:00:00.032000+00:00,966.1546825953088
2026-05-17 20:00:00.020000+00:00,966.1546825953088
2026-05-17 21:00:00.040000+00:00,966.1546825953088
2026-05-17 22:00:00.040000+00:00,966.1546825953088
2026-05-17 23:00:00.035000+00:00,966.1546825953088
2026-05-18 00:00:00.029000+00:00,966.1546825953088
2026-05-18 01:00:00.063000+00:00,966.1546825953088
2026-05-18 02:00:00.013000+00:00,966.1546825953088
2026-05-18 03:00:00.036000+00:00,966.1546825953088
2026-05-18 04:00:00.064000+00:00,966.1546825953088
2026-05-18 05:00:00.001000+00:00,966.1546825953088
2026-05-18 06:00:00.055000+00:00,966.1546825953088
2026-05-18 07:00:00.056000+00:00,966.1546825953088
2026-05-18 08:00:00.006000+00:00,966.1546825953088
2026-05-18 09:00:00.014000+00:00,966.1546825953088
2026-05-18 10:00:00.046000+00:00,966.1546825953088
2026-05-18 11:00:00.036000+00:00,966.1546825953088
2026-05-18 12:00:00.049000+00:00,966.1546825953088
2026-05-18 13:00:00.017000+00:00,966.1546825953088
2026-05-18 14:00:00.012000+00:00,966.1546825953088
2026-05-18 15:00:00.010000+00:00,966.1546825953088
2026-05-18 16:00:00.018000+00:00,966.1546825953088
2026-05-18 17:00:00.058000+00:00,966.1546825953088
2026-05-18 18:00:00.004000+00:00,966.1546825953088
2026-05-18 19:00:00.025000+00:00,966.1546825953088
2026-05-18 20:00:00.028000+00:00,966.1546825953088
2026-05-18 21:00:00.056000+00:00,966.1546825953088
2026-05-18 22:00:00.030000+00:00,966.1546825953088
2026-05-18 23:00:00.051000+00:00,966.1546825953088
2026-05-19 00:00:00.076000+00:00,966.1546825953088
2026-05-19 01:00:00.068000+00:00,966.1546825953088
2026-05-19 02:00:00.015000+00:00,966.1546825953088
2026-05-19 03:00:00.011000+00:00,966.1546825953088
2026-05-19 04:00:00.005000+00:00,966.1546825953088
2026-05-19 05:00:00.006000+00:00,966.1546825953088
2026-05-19 06:00:00.005000+00:00,966.1546825953088
2026-05-19 07:00:00.011000+00:00,966.1546825953088
2026-05-19 08:00:00.002000+00:00,966.1546825953088
2026-05-19 09:00:00.038000+00:00,966.1546825953088
2026-05-19 10:00:00.119000+00:00,966.1546825953088
2026-05-19 11:00:00.046000+00:00,966.1546825953088
2026-05-19 12:00:00.006000+00:00,966.1546825953088
2026-05-19 13:00:00.004000+00:00,966.1546825953088
2026-05-19 14:00:00.046000+00:00,966.1546825953088
2026-05-19 15:00:00.024000+00:00,966.1546825953088
2026-05-19 16:00:00.021000+00:00,966.1546825953088
2026-05-19 17:00:00.012000+00:00,966.1546825953088
2026-05-19 18:00:00.033000+00:00,966.1546825953088
2026-05-19 19:00:00.016000+00:00,966.1546825953088
2026-05-19 20:00:00.064000+00:00,966.1546825953088
2026-05-19 21:00:00.051000+00:00,966.1546825953088
2026-05-19 22:00:00.037000+00:00,966.1546825953088
2026-05-19 23:00:00.001000+00:00,966.1546825953088
2026-05-20 00:00:00.009000+00:00,966.1546825953088
2026-05-20 01:00:00.030000+00:00,966.1546825953088
2026-05-20 02:00:00.030000+00:00,966.1546825953088
2026-05-20 03:00:00.073000+00:00,966.1546825953088
2026-05-20 04:00:00.039000+00:00,966.1546825953088
2026-05-20 05:00:00.020000+00:00,966.1546825953088
2026-05-20 06:00:00.034000+00:00,966.1546825953088
2026-05-20 07:00:00.054000+00:00,966.1546825953088
2026-05-20 08:00:00.081000+00:00,966.1546825953088
2026-05-20 09:00:00.011000+00:00,966.1546825953088
2026-05-20 10:00:00.027000+00:00,966.1546825953088
2026-05-20 11:00:00.044000+00:00,966.1546825953088
2026-05-20 12:00:00.039000+00:00,966.1546825953088
2026-05-20 13:00:00.022000+00:00,966.1546825953088
2026-05-20 14:00:00.022000+00:00,966.1546825953088
2026-05-20 15:00:00.052000+00:00,966.1546825953088
2026-05-20 16:00:00.041000+00:00,966.1546825953088
2026-05-20 17:00:00.014000+00:00,966.1546825953088
2026-05-20 18:00:00.030000+00:00,966.1546825953088
2026-05-20 19:00:00.047000+00:00,966.1546825953088
2026-05-20 20:00:00.014000+00:00,966.1546825953088
2026-05-20 21:00:00.054000+00:00,966.1546825953088
2026-05-20 22:00:00.084000+00:00,966.1546825953088
2026-05-20 23:00:00.041000+00:00,966.1546825953088
2026-05-21 00:00:00.086000+00:00,966.1546825953088
2026-05-21 01:00:00+00:00,966.1546825953088
2026-05-21 02:00:00.020000+00:00,966.1546825953088
2026-05-21 03:00:00.062000+00:00,966.1546825953088
2026-05-21 04:00:00.053000+00:00,966.1546825953088
2026-05-21 05:00:00.042000+00:00,966.1546825953088
2026-05-21 06:00:00.049000+00:00,966.1546825953088
2026-05-21 07:00:00.047000+00:00,966.1546825953088
2026-05-21 08:00:00.055000+00:00,966.1546825953088
2026-05-21 09:00:00.023000+00:00,966.1546825953088
2026-05-21 10:00:00.064000+00:00,966.1546825953088
2026-05-21 11:00:00.033000+00:00,966.1546825953088
2026-05-21 12:00:00.034000+00:00,966.1546825953088
2026-05-21 13:00:00.045000+00:00,966.1546825953088
2026-05-21 14:00:00.050000+00:00,966.1546825953088
2026-05-21 15:00:00.017000+00:00,966.1546825953088
2026-05-21 16:00:00.025000+00:00,966.1546825953088
2026-05-21 17:00:00+00:00,966.1546825953088
2026-05-21 18:00:00.024000+00:00,966.1546825953088
2026-05-21 19:00:00.021000+00:00,966.1546825953088
2026-05-21 20:00:00.036000+00:00,966.1546825953088
2026-05-21 21:00:00.011000+00:00,966.1546825953088
2026-05-21 22:00:00.008000+00:00,966.1546825953088
2026-05-21 23:00:00.065000+00:00,966.1546825953088
2026-05-22 00:00:00.060000+00:00,966.1546825953088
2026-05-22 01:00:00.003000+00:00,966.1546825953088
2026-05-22 02:00:00.021000+00:00,966.1546825953088
2026-05-22 03:00:00.022000+00:00,966.1546825953088
2026-05-22 04:00:00.017000+00:00,966.1546825953088
2026-05-22 05:00:00.023000+00:00,966.1546825953088
2026-05-22 06:00:00.051000+00:00,966.1546825953088
2026-05-22 07:00:00.006000+00:00,966.1546825953088
2026-05-22 08:00:00.011000+00:00,966.1546825953088
2026-05-22 09:00:00.045000+00:00,966.1546825953088
2026-05-22 10:00:00.026000+00:00,966.1546825953088
2026-05-22 11:00:00.051000+00:00,966.1546825953088
2026-05-22 12:00:00.027000+00:00,966.1546825953088
2026-05-22 13:00:00.050000+00:00,966.1546825953088
2026-05-22 14:00:00.017000+00:00,966.1546825953088
2026-05-22 15:00:00.066000+00:00,966.1546825953088
2026-05-22 16:00:00.062000+00:00,966.1546825953088
2026-05-22 17:00:00.029000+00:00,966.1546825953088
2026-05-22 18:00:00.016000+00:00,966.1546825953088
2026-05-22 19:00:00.007000+00:00,966.1546825953088
2026-05-22 20:00:00.011000+00:00,966.1546825953088
2026-05-22 21:00:00.002000+00:00,966.1546825953088
2026-05-22 22:00:00+00:00,966.1546825953088
2026-05-22 23:00:00.031000+00:00,966.1546825953088
2026-05-23 00:00:00.006000+00:00,966.1546825953088
2026-05-23 01:00:00.002000+00:00,966.1546825953088
2026-05-23 02:00:00.041000+00:00,966.1546825953088
2026-05-23 03:00:00.019000+00:00,966.1546825953088
2026-05-23 04:00:00.053000+00:00,966.1546825953088
2026-05-23 05:00:00.048000+00:00,966.1546825953088
2026-05-23 06:00:00.036000+00:00,966.1546825953088
2026-05-23 07:00:00.066000+00:00,966.1546825953088
2026-05-23 08:00:00.034000+00:00,966.1546825953088
2026-05-23 09:00:00.067000+00:00,966.1546825953088
2026-05-23 10:00:00.023000+00:00,966.1546825953088
2026-05-23 11:00:00.030000+00:00,966.1546825953088
2026-05-23 12:00:00.039000+00:00,966.1546825953088
2026-05-23 13:00:00.035000+00:00,966.1546825953088
2026-05-23 14:00:00.062000+00:00,966.1546825953088
2026-05-23 15:00:00.004000+00:00,966.1546825953088
2026-05-23 16:00:00.017000+00:00,966.1546825953088
2026-05-23 17:00:00.014000+00:00,966.1546825953088
2026-05-23 18:00:00.068000+00:00,966.1546825953088
2026-05-23 19:00:00.020000+00:00,966.1546825953088
2026-05-23 20:00:00.058000+00:00,966.1546825953088
2026-05-23 21:00:00.077000+00:00,966.1546825953088
2026-05-23 22:00:00.025000+00:00,966.1546825953088
2026-05-23 23:00:00.064000+00:00,966.1546825953088
2026-05-24 00:00:00.038000+00:00,966.1546825953088
2026-05-24 01:00:00.045000+00:00,966.1546825953088
2026-05-24 02:00:00.010000+00:00,966.1546825953088
2026-05-24 03:00:00.005000+00:00,966.1546825953088
2026-05-24 04:00:00.011000+00:00,966.1546825953088
2026-05-24 05:00:00.055000+00:00,966.1546825953088
2026-05-24 06:00:00.049000+00:00,966.1546825953088
2026-05-24 07:00:00.038000+00:00,966.1546825953088
2026-05-24 08:00:00.034000+00:00,966.1546825953088
2026-05-24 09:00:00.048000+00:00,966.1546825953088
2026-05-24 10:00:00.040000+00:00,966.1546825953088
2026-05-24 11:00:00.057000+00:00,966.1546825953088
2026-05-24 12:00:00.043000+00:00,966.1546825953088
2026-05-24 13:00:00.052000+00:00,966.1546825953088
2026-05-24 14:00:00.052000+00:00,966.1546825953088
2026-05-24 15:00:00.032000+00:00,966.1546825953088
2026-05-24 16:00:00.024000+00:00,966.1546825953088
2026-05-24 17:00:00.003000+00:00,966.1546825953088
2026-05-24 18:00:00.030000+00:00,966.1546825953088
2026-05-24 19:00:00.041000+00:00,966.1546825953088
2026-05-24 20:00:00+00:00,966.1546825953088
2026-05-24 21:00:00.064000+00:00,966.1546825953088
2026-05-24 22:00:00.015000+00:00,966.1546825953088
2026-05-24 23:00:00.033000+00:00,966.1546825953088
2026-05-25 00:00:00.025000+00:00,966.1546825953088
2026-05-25 01:00:00.064000+00:00,966.1546825953088
2026-05-25 02:00:00.016000+00:00,966.1546825953088
2026-05-25 03:00:00.050000+00:00,966.1546825953088
2026-05-25 04:00:00.031000+00:00,966.1546825953088
2026-05-25 05:00:00.047000+00:00,966.1546825953088
2026-05-25 06:00:00.042000+00:00,966.1546825953088
2026-05-25 07:00:00.052000+00:00,966.1546825953088
2026-05-25 08:00:00.016000+00:00,966.1546825953088
2026-05-25 09:00:00.028000+00:00,966.1546825953088
2026-05-25 10:00:00.021000+00:00,966.1546825953088
2026-05-25 11:00:00.006000+00:00,966.1546825953088
2026-05-25 12:00:00.041000+00:00,966.1546825953088
2026-05-25 13:00:00.008000+00:00,966.1546825953088
2026-05-25 14:00:00.059000+00:00,966.1546825953088
2026-05-25 15:00:00.007000+00:00,966.1546825953088
2026-05-25 16:00:00.039000+00:00,966.1546825953088
2026-05-25 17:00:00.058000+00:00,966.1546825953088
2026-05-25 18:00:00.047000+00:00,966.1546825953088
2026-05-25 19:00:00.032000+00:00,966.1546825953088
2026-05-25 20:00:00.052000+00:00,966.1546825953088
2026-05-25 21:00:00.018000+00:00,966.1546825953088
2026-05-25 22:00:00.006000+00:00,966.1546825953088
2026-05-25 23:00:00.026000+00:00,966.1546825953088
2026-05-26 00:00:00.040000+00:00,966.1546825953088
2026-05-26 01:00:00.062000+00:00,966.1546825953088
2026-05-26 02:00:00.054000+00:00,966.1546825953088
2026-05-26 03:00:00.003000+00:00,966.1546825953088
2026-05-26 04:00:00.070000+00:00,966.1546825953088
2026-05-26 05:00:00.065000+00:00,966.1546825953088
2026-05-26 06:00:00+00:00,966.1546825953088
2026-05-26 07:00:00.049000+00:00,966.1546825953088
2026-05-26 08:00:00.058000+00:00,966.1546825953088
2026-05-26 09:00:00.057000+00:00,966.1546825953088
2026-05-26 10:00:00.044000+00:00,966.1546825953088
2026-05-26 11:00:00.020000+00:00,966.1546825953088
2026-05-26 12:00:00.014000+00:00,966.1546825953088
2026-05-26 13:00:00.069000+00:00,966.1546825953088
2026-05-26 14:00:00.051000+00:00,966.1546825953088
2026-05-26 15:00:00.029000+00:00,966.1546825953088
2026-05-26 16:00:00.057000+00:00,966.1546825953088
2026-05-26 17:00:00.064000+00:00,966.1546825953088
2026-05-26 18:00:00.049000+00:00,966.1546825953088
2026-05-26 19:00:00.056000+00:00,966.1546825953088
2026-05-26 20:00:00.058000+00:00,966.1546825953088
2026-05-26 21:00:00.049000+00:00,966.1546825953088
2026-05-26 22:00:00.001000+00:00,966.1546825953088
2026-05-26 23:00:00.051000+00:00,966.1546825953088
2026-05-27 00:00:00.065000+00:00,966.1546825953088
2026-05-27 01:00:00.008000+00:00,966.1546825953088
2026-05-27 02:00:00.053000+00:00,966.1546825953088
2026-05-27 03:00:00.017000+00:00,966.1546825953088
2026-05-27 04:00:00.028000+00:00,966.1546825953088
2026-05-27 05:00:00.014000+00:00,966.1546825953088
2026-05-27 06:00:00.071000+00:00,966.1546825953088
2026-05-27 07:00:00.045000+00:00,966.1546825953088
2026-05-27 08:00:00.033000+00:00,966.1546825953088
2026-05-27 09:00:00.026000+00:00,966.1546825953088
2026-05-27 10:00:00.049000+00:00,966.1546825953088
2026-05-27 11:00:00.070000+00:00,966.1546825953088
2026-05-27 12:00:00.022000+00:00,966.1546825953088
2026-05-27 13:00:00.017000+00:00,966.1546825953088
2026-05-27 14:00:00.009000+00:00,966.1546825953088
2026-05-27 15:00:00.023000+00:00,966.1546825953088
2026-05-27 16:00:00.056000+00:00,966.1546825953088
2026-05-27 17:00:00.002000+00:00,966.1546825953088
2026-05-27 18:00:00.010000+00:00,966.1546825953088
2026-05-27 19:00:00.031000+00:00,966.1546825953088
2026-05-27 20:00:00.047000+00:00,966.1546825953088
2026-05-27 21:00:00.032000+00:00,966.1546825953088
2026-05-27 22:00:00.045000+00:00,966.1546825953088
2026-05-27 23:00:00.042000+00:00,966.1546825953088
2026-05-28 00:00:00.013000+00:00,966.1546825953088
2026-05-28 01:00:00.013000+00:00,966.1546825953088
2026-05-28 02:00:00.044000+00:00,966.1546825953088
2026-05-28 03:00:00.040000+00:00,966.1546825953088
2026-05-28 04:00:00.023000+00:00,966.1546825953088
2026-05-28 05:00:00.005000+00:00,966.1546825953088
2026-05-28 06:00:00.060000+00:00,966.1546825953088
2026-05-28 07:00:00.067000+00:00,966.1546825953088
2026-05-28 08:00:00.036000+00:00,966.1546825953088
2026-05-28 09:00:00.022000+00:00,966.1546825953088
2026-05-28 10:00:00.054000+00:00,966.1546825953088
2026-05-28 11:00:00.027000+00:00,966.1546825953088
2026-05-28 12:00:00.003000+00:00,966.1546825953088
2026-05-28 13:00:00.059000+00:00,966.1546825953088
2026-05-28 14:00:00.011000+00:00,966.1546825953088
2026-05-28 15:00:00.054000+00:00,966.1546825953088
2026-05-28 16:00:00.085000+00:00,966.1546825953088
2026-05-28 17:00:00.054000+00:00,966.1546825953088
2026-05-28 18:00:00.081000+00:00,966.1546825953088
2026-05-28 19:00:00.045000+00:00,966.1546825953088
2026-05-28 20:00:00.024000+00:00,966.1546825953088
2026-05-28 21:00:00.054000+00:00,966.1546825953088
2026-05-28 22:00:00.057000+00:00,966.1546825953088
2026-05-28 23:00:00.062000+00:00,966.1546825953088
2026-05-29 00:00:00.066000+00:00,966.1546825953088
2026-05-29 01:00:00.046000+00:00,966.1546825953088
2026-05-29 02:00:00.003000+00:00,966.1546825953088
2026-05-29 03:00:00.035000+00:00,966.1546825953088
2026-05-29 04:00:00.041000+00:00,966.1546825953088
2026-05-29 05:00:00.056000+00:00,966.1546825953088
2026-05-29 06:00:00.048000+00:00,966.1546825953088
2026-05-29 07:00:00.013000+00:00,966.1546825953088
2026-05-29 08:00:00.008000+00:00,966.1546825953088
2026-05-29 09:00:00.061000+00:00,966.1546825953088
2026-05-29 10:00:00.035000+00:00,966.1546825953088
2026-05-29 11:00:00.034000+00:00,966.1546825953088
2026-05-29 12:00:00.030000+00:00,966.1546825953088
2026-05-29 13:00:00.037000+00:00,966.1546825953088
2026-05-29 14:00:00.045000+00:00,966.1546825953088
2026-05-29 15:00:00.047000+00:00,966.1546825953088
2026-05-29 16:00:00.042000+00:00,966.1546825953088
2026-05-29 17:00:00.070000+00:00,966.1546825953088
2026-05-29 18:00:00.058000+00:00,966.1546825953088
2026-05-29 19:00:00.015000+00:00,966.1546825953088
2026-05-29 20:00:00.023000+00:00,966.1546825953088
2026-05-29 21:00:00.009000+00:00,966.1546825953088
2026-05-29 22:00:00.051000+00:00,966.1546825953088
2026-05-29 23:00:00.004000+00:00,966.1546825953088
2026-05-30 00:00:00.028000+00:00,966.1546825953088
2026-05-30 01:00:00.060000+00:00,966.1546825953088
2026-05-30 02:00:00.046000+00:00,966.1546825953088
2026-05-30 03:00:00.016000+00:00,966.1546825953088
2026-05-30 04:00:00.011000+00:00,966.1546825953088
2026-05-30 05:00:00.025000+00:00,966.1546825953088
2026-05-30 06:00:00.060000+00:00,966.1546825953088
2026-05-30 07:00:00.054000+00:00,966.1546825953088
2026-05-30 08:00:00.009000+00:00,966.1546825953088
2026-05-30 09:00:00.066000+00:00,966.1546825953088
2026-05-30 10:00:00.023000+00:00,966.1546825953088
2026-05-30 11:00:00.024000+00:00,966.1546825953088
2026-05-30 12:00:00.050000+00:00,966.1546825953088
2026-05-30 13:00:00.053000+00:00,966.1546825953088
2026-05-30 14:00:00.049000+00:00,966.1546825953088
2026-05-30 15:00:00.029000+00:00,966.1546825953088
2026-05-30 16:00:00.037000+00:00,966.1546825953088
2026-05-30 17:00:00.070000+00:00,966.1546825953088
2026-05-30 18:00:00.038000+00:00,966.1546825953088
2026-05-30 19:00:00.053000+00:00,966.1546825953088
2026-05-30 20:00:00.009000+00:00,966.1546825953088
2026-05-30 21:00:00.027000+00:00,966.1546825953088
2026-05-30 22:00:00.060000+00:00,966.1546825953088
2026-05-30 23:00:00.030000+00:00,966.1546825953088
2026-05-31 00:00:00.055000+00:00,966.1546825953088
2026-05-31 01:00:00.031000+00:00,966.1546825953088
2026-05-31 02:00:00.062000+00:00,966.1546825953088
2026-05-31 03:00:00.003000+00:00,966.1546825953088
2026-05-31 04:00:00.040000+00:00,966.1546825953088
2026-05-31 05:00:00.014000+00:00,966.1546825953088
2026-05-31 06:00:00.012000+00:00,966.1546825953088
2026-05-31 07:00:00.007000+00:00,966.1546825953088
2026-05-31 08:00:00.066000+00:00,966.1546825953088
2026-05-31 09:00:00.025000+00:00,966.1546825953088
2026-05-31 10:00:00.045000+00:00,966.1546825953088
2026-05-31 11:00:00.064000+00:00,966.1546825953088
2026-05-31 12:00:00.048000+00:00,966.1546825953088
2026-05-31 13:00:00.065000+00:00,966.1546825953088
2026-05-31 14:00:00.044000+00:00,966.1546825953088
2026-05-31 15:00:00.067000+00:00,966.1546825953088
2026-05-31 16:00:00.042000+00:00,966.1546825953088
2026-05-31 17:00:00.009000+00:00,966.1546825953088
2026-05-31 18:00:00.037000+00:00,966.1546825953088
2026-05-31 19:00:00.023000+00:00,966.1546825953088
2026-05-31 20:00:00.049000+00:00,966.1546825953088
2026-05-31 21:00:00.008000+00:00,966.1546825953088
2026-05-31 22:00:00.006000+00:00,966.1546825953088
2026-05-31 23:00:00.059000+00:00,966.1546825953088
2026-06-01 00:00:00.050000+00:00,966.1546825953088
2026-06-01 01:00:00.010000+00:00,966.1546825953088
2026-06-01 02:00:00.046000+00:00,966.1546825953088
2026-06-01 03:00:00.011000+00:00,966.1546825953088
2026-06-01 04:00:00.002000+00:00,966.1546825953088
2026-06-01 05:00:00.044000+00:00,966.1546825953088
2026-06-01 06:00:00.037000+00:00,966.1546825953088
2026-06-01 07:00:00.013000+00:00,966.1546825953088
2026-06-01 08:00:00.010000+00:00,966.1546825953088
2026-06-01 09:00:00.047000+00:00,966.1546825953088
2026-06-01 10:00:00.040000+00:00,966.1546825953088
2026-06-01 11:00:00.055000+00:00,966.1546825953088
2026-06-01 12:00:00.049000+00:00,966.1546825953088
2026-06-01 13:00:00.049000+00:00,966.1546825953088
2026-06-01 14:00:00.037000+00:00,966.1546825953088
2026-06-01 15:00:00.039000+00:00,966.1546825953088
2026-06-01 16:00:00.001000+00:00,966.1546825953088
2026-06-01 17:00:00.058000+00:00,966.1546825953088
2026-06-01 18:00:00.025000+00:00,966.1546825953088
2026-06-01 19:00:00.027000+00:00,966.1546825953088
2026-06-01 20:00:00.058000+00:00,966.1546825953088
2026-06-01 21:00:00.055000+00:00,966.1546825953088
2026-06-01 22:00:00.044000+00:00,966.1546825953088
2026-06-01 23:00:00.015000+00:00,966.1546825953088
2026-06-02 00:00:00.016000+00:00,966.1546825953088
2026-06-02 01:00:00.049000+00:00,966.1546825953088
2026-06-02 02:00:00.054000+00:00,966.1546825953088
2026-06-02 03:00:00.062000+00:00,966.1546825953088
2026-06-02 04:00:00.063000+00:00,966.1546825953088
2026-06-02 05:00:00.058000+00:00,966.1546825953088
2026-06-02 06:00:00.028000+00:00,966.1546825953088
2026-06-02 07:00:00.028000+00:00,966.1546825953088
2026-06-02 08:00:00.005000+00:00,966.1546825953088
2026-06-02 09:00:00.004000+00:00,966.1546825953088
2026-06-02 10:00:00.060000+00:00,966.1546825953088
2026-06-02 11:00:00.048000+00:00,966.1546825953088
2026-06-02 12:00:00.006000+00:00,966.1546825953088
2026-06-02 13:00:00.077000+00:00,966.1546825953088
2026-06-02 14:00:00.037000+00:00,966.1546825953088
2026-06-02 15:00:00.036000+00:00,966.1546825953088
2026-06-02 16:00:00.038000+00:00,966.1546825953088
2026-06-02 17:00:00.008000+00:00,966.1546825953088
2026-06-02 18:00:00.014000+00:00,966.1546825953088
2026-06-02 19:00:00.026000+00:00,966.1546825953088
2026-06-02 20:00:00.012000+00:00,966.1546825953088
2026-06-02 21:00:00.028000+00:00,966.1546825953088
2026-06-02 22:00:00.035000+00:00,966.1546825953088
2026-06-02 23:00:00.004000+00:00,966.1546825953088
2026-06-03 00:00:00.019000+00:00,966.1546825953088
2026-06-03 01:00:00.036000+00:00,966.1546825953088
2026-06-03 02:00:00.062000+00:00,966.1546825953088
2026-06-03 03:00:00.014000+00:00,966.1546825953088
2026-06-03 04:00:00.013000+00:00,966.1546825953088
2026-06-03 05:00:00.067000+00:00,966.1546825953088
2026-06-03 06:00:00.063000+00:00,966.1546825953088
2026-06-03 07:00:00.027000+00:00,966.1546825953088
2026-06-03 08:00:00.040000+00:00,966.1546825953088
2026-06-03 09:00:00.040000+00:00,966.1546825953088
2026-06-03 10:00:00.062000+00:00,966.1546825953088
2026-06-03 11:00:00.013000+00:00,966.1546825953088
2026-06-03 12:00:00.046000+00:00,966.1546825953088
2026-06-03 13:00:00.050000+00:00,966.1546825953088
2026-06-03 14:00:00.007000+00:00,966.1546825953088
2026-06-03 15:00:00.049000+00:00,966.1546825953088
2026-06-03 16:00:00.028000+00:00,966.1546825953088
2026-06-03 17:00:00.013000+00:00,966.1546825953088
2026-06-03 18:00:00.020000+00:00,966.1546825953088
2026-06-03 19:00:00+00:00,966.1546825953088
2026-06-03 20:00:00.019000+00:00,966.1546825953088
2026-06-03 21:00:00.009000+00:00,966.1546825953088
2026-06-03 22:00:00.056000+00:00,966.1546825953088
2026-06-03 23:00:00.002000+00:00,966.1546825953088
2026-06-04 00:00:00.032000+00:00,966.1546825953088
2026-06-04 01:00:00.002000+00:00,966.1546825953088
2026-06-04 02:00:00.047000+00:00,966.1546825953088
2026-06-04 03:00:00.080000+00:00,966.1546825953088
2026-06-04 04:00:00.010000+00:00,966.1546825953088
2026-06-04 05:00:00.076000+00:00,966.1546825953088
2026-06-04 06:00:00.007000+00:00,966.1546825953088
2026-06-04 07:00:00.059000+00:00,966.1546825953088
2026-06-04 08:00:00.004000+00:00,966.1546825953088
2026-06-04 09:00:00.027000+00:00,966.1546825953088
2026-06-04 10:00:00.015000+00:00,966.1546825953088
2026-06-04 11:00:00.025000+00:00,966.1546825953088
2026-06-04 12:00:00.078000+00:00,966.1546825953088
2026-06-04 13:00:00.006000+00:00,966.1546825953088
2026-06-04 14:00:00.014000+00:00,966.1546825953088
2026-06-04 15:00:00.006000+00:00,966.1546825953088
2026-06-04 16:00:00.043000+00:00,966.1546825953088
2026-06-04 17:00:00.015000+00:00,966.1546825953088
2026-06-04 18:00:00.073000+00:00,966.1546825953088
2026-06-04 19:00:00+00:00,966.1546825953088
2026-06-04 20:00:00.031000+00:00,966.1546825953088
2026-06-04 21:00:00.063000+00:00,966.1546825953088
2026-06-04 22:00:00.059000+00:00,966.1546825953088
2026-06-04 23:00:00.046000+00:00,966.1546825953088
2026-06-05 00:00:00.043000+00:00,966.1546825953088
2026-06-05 01:00:00.052000+00:00,966.1546825953088
2026-06-05 02:00:00.003000+00:00,966.1546825953088
2026-06-05 03:00:00.006000+00:00,966.1546825953088
2026-06-05 04:00:00.016000+00:00,966.1546825953088
2026-06-05 05:00:00.021000+00:00,966.1546825953088
2026-06-05 06:00:00.019000+00:00,966.1546825953088
2026-06-05 07:00:00.021000+00:00,966.1546825953088
2026-06-05 08:00:00.042000+00:00,966.1546825953088
2026-06-05 09:00:00.016000+00:00,966.1546825953088
2026-06-05 10:00:00.050000+00:00,966.1546825953088
2026-06-05 11:00:00.006000+00:00,966.1546825953088
2026-06-05 12:00:00+00:00,966.1546825953088
2026-06-05 13:00:00.043000+00:00,966.1546825953088
2026-06-05 14:00:00+00:00,966.1546825953088
2026-06-05 15:00:00.009000+00:00,966.1546825953088
2026-06-05 16:00:00.015000+00:00,966.1546825953088
2026-06-05 17:00:00.002000+00:00,966.1546825953088
2026-06-05 18:00:00.016000+00:00,966.1546825953088
2026-06-05 19:00:00.012000+00:00,966.1546825953088
2026-06-05 20:00:00.028000+00:00,966.1546825953088
2026-06-05 21:00:00.020000+00:00,966.1546825953088
2026-06-05 22:00:00.051000+00:00,966.1546825953088
2026-06-05 23:00:00.054000+00:00,966.1546825953088
2026-06-06 00:00:00.050000+00:00,966.1546825953088
2026-06-06 01:00:00.030000+00:00,966.1546825953088
2026-06-06 02:00:00.008000+00:00,966.1546825953088
2026-06-06 03:00:00.034000+00:00,966.1546825953088
2026-06-06 04:00:00.023000+00:00,966.1546825953088
2026-06-06 05:00:00.060000+00:00,966.1546825953088
2026-06-06 06:00:00.032000+00:00,966.1546825953088
2026-06-06 07:00:00.001000+00:00,966.1546825953088
2026-06-06 08:00:00.036000+00:00,966.1546825953088
2026-06-06 09:00:00.036000+00:00,966.1546825953088
2026-06-06 10:00:00.063000+00:00,966.1546825953088
2026-06-06 11:00:00.048000+00:00,966.1546825953088
2026-06-06 12:00:00.046000+00:00,966.1546825953088
2026-06-06 13:00:00.048000+00:00,966.1546825953088
2026-06-06 14:00:00.030000+00:00,966.1546825953088
2026-06-06 15:00:00.011000+00:00,966.1546825953088
2026-06-06 16:00:00.033000+00:00,966.1546825953088
2026-06-06 17:00:00.057000+00:00,966.1546825953088
2026-06-06 18:00:00.049000+00:00,966.1546825953088
2026-06-06 19:00:00.038000+00:00,966.1546825953088
2026-06-06 20:00:00.003000+00:00,966.1546825953088
2026-06-06 21:00:00.065000+00:00,966.1546825953088
2026-06-06 22:00:00.025000+00:00,966.1546825953088
2026-06-06 23:00:00.050000+00:00,966.1546825953088
2026-06-07 00:00:00.085000+00:00,966.1546825953088
2026-06-07 01:00:00.004000+00:00,966.1546825953088
2026-06-07 02:00:00.006000+00:00,966.1546825953088
2026-06-07 03:00:00.040000+00:00,966.1546825953088
2026-06-07 04:00:00.034000+00:00,966.1546825953088
2026-06-07 05:00:00+00:00,966.1546825953088
2026-06-07 06:00:00.055000+00:00,966.1546825953088
2026-06-07 07:00:00.034000+00:00,966.1546825953088
2026-06-07 08:00:00.059000+00:00,966.1546825953088
2026-06-07 09:00:00.063000+00:00,966.1546825953088
2026-06-07 10:00:00.024000+00:00,966.1546825953088
2026-06-07 11:00:00.042000+00:00,966.1546825953088
2026-06-07 12:00:00.010000+00:00,966.1546825953088
2026-06-07 13:00:00.027000+00:00,966.1546825953088
2026-06-07 14:00:00.030000+00:00,966.1546825953088
2026-06-07 15:00:00.011000+00:00,966.1546825953088
2026-06-07 16:00:00.011000+00:00,966.1546825953088
2026-06-07 17:00:00.053000+00:00,966.1546825953088
2026-06-07 18:00:00.001000+00:00,966.1546825953088
2026-06-07 19:00:00.055000+00:00,966.1546825953088
2026-06-07 20:00:00.046000+00:00,966.1546825953088
2026-06-07 21:00:00.028000+00:00,966.1546825953088
2026-06-07 22:00:00.052000+00:00,966.1546825953088
2026-06-07 23:00:00.003000+00:00,966.1546825953088
2026-06-08 00:00:00.034000+00:00,966.1546825953088
2026-06-08 01:00:00.034000+00:00,966.1546825953088
2026-06-08 02:00:00.011000+00:00,966.1546825953088
2026-06-08 03:00:00.005000+00:00,966.1546825953088
2026-06-08 04:00:00.025000+00:00,966.1546825953088
2026-06-08 05:00:00.046000+00:00,966.1546825953088
2026-06-08 06:00:00.031000+00:00,966.1546825953088
2026-06-08 07:00:00.063000+00:00,966.1546825953088
2026-06-08 08:00:00.003000+00:00,966.1546825953088
2026-06-08 09:00:00.009000+00:00,966.1546825953088
2026-06-08 10:00:00.047000+00:00,966.1546825953088
2026-06-08 11:00:00.017000+00:00,966.1546825953088
2026-06-08 12:00:00.056000+00:00,966.1546825953088
2026-06-08 13:00:00.057000+00:00,966.1546825953088
2026-06-08 14:00:00.035000+00:00,966.1546825953088
2026-06-08 15:00:00.045000+00:00,966.1546825953088
2026-06-08 16:00:00.055000+00:00,966.1546825953088
2026-06-08 17:00:00.075000+00:00,966.1546825953088
2026-06-08 18:00:00.012000+00:00,966.1546825953088
2026-06-08 19:00:00.027000+00:00,966.1546825953088
2026-06-08 20:00:00.032000+00:00,966.1546825953088
2026-06-08 21:00:00.056000+00:00,966.1546825953088
2026-06-08 22:00:00.019000+00:00,966.1546825953088
2026-06-08 23:00:00.022000+00:00,966.1546825953088
2026-06-09 00:00:00.005000+00:00,966.1546825953088
2026-06-09 01:00:00.014000+00:00,966.1546825953088
2026-06-09 02:00:00.051000+00:00,966.1546825953088
2026-06-09 03:00:00.043000+00:00,966.1546825953088
2026-06-09 04:00:00.002000+00:00,966.1546825953088
2026-06-09 05:00:00.011000+00:00,966.1546825953088
2026-06-09 06:00:00.060000+00:00,966.1546825953088
2026-06-09 07:00:00.027000+00:00,966.1546825953088
2026-06-09 08:00:00.081000+00:00,966.1546825953088
2026-06-09 09:00:00.001000+00:00,966.1546825953088
2026-06-09 10:00:00.031000+00:00,966.1546825953088
2026-06-09 11:00:00.067000+00:00,966.1546825953088
2026-06-09 12:00:00.036000+00:00,966.1546825953088
2026-06-09 13:00:00.031000+00:00,966.1546825953088
2026-06-09 14:00:00.014000+00:00,966.1546825953088
2026-06-09 15:00:00.029000+00:00,966.1546825953088
2026-06-09 16:00:00.059000+00:00,966.1546825953088
2026-06-09 17:00:00.048000+00:00,966.1546825953088
2026-06-09 18:00:00.032000+00:00,966.1546825953088
2026-06-09 19:00:00.014000+00:00,966.1546825953088
2026-06-09 20:00:00.045000+00:00,966.1546825953088
2026-06-09 21:00:00.056000+00:00,966.1546825953088
2026-06-09 22:00:00.063000+00:00,966.1546825953088
2026-06-09 23:00:00.059000+00:00,966.1546825953088
2026-06-10 00:00:00.070000+00:00,966.1546825953088
2026-06-10 01:00:00+00:00,966.1546825953088
2026-06-10 02:00:00.069000+00:00,966.1546825953088
2026-06-10 03:00:00.030000+00:00,966.1546825953088
2026-06-10 04:00:00.056000+00:00,966.1546825953088
2026-06-10 05:00:00.003000+00:00,966.1546825953088
2026-06-10 06:00:00.052000+00:00,966.1546825953088
2026-06-10 07:00:00.059000+00:00,966.1546825953088
2026-06-10 08:00:00.060000+00:00,966.1546825953088
2026-06-10 09:00:00.053000+00:00,966.1546825953088
2026-06-10 10:00:00.013000+00:00,966.1546825953088
2026-06-10 11:00:00.011000+00:00,966.1546825953088
2026-06-10 12:00:00.032000+00:00,966.1546825953088
2026-06-10 13:00:00.058000+00:00,966.1546825953088
2026-06-10 14:00:00.031000+00:00,966.1546825953088
2026-06-10 15:00:00.057000+00:00,966.1546825953088
2026-06-10 16:00:00.069000+00:00,966.1546825953088
2026-06-10 17:00:00.012000+00:00,966.1546825953088
2026-06-10 18:00:00.035000+00:00,966.1546825953088
2026-06-10 19:00:00.046000+00:00,966.1546825953088
2026-06-10 20:00:00.093000+00:00,966.1546825953088
2026-06-10 21:00:00.023000+00:00,966.1546825953088
2026-06-10 22:00:00.019000+00:00,966.1546825953088
2026-06-10 23:00:00.077000+00:00,966.1546825953088
2026-06-11 00:00:00.009000+00:00,966.1546825953088
2026-06-11 01:00:00.039000+00:00,966.1546825953088
2026-06-11 02:00:00.020000+00:00,966.1546825953088
2026-06-11 03:00:00.013000+00:00,966.1546825953088
2026-06-11 04:00:00.009000+00:00,966.1546825953088
2026-06-11 05:00:00.046000+00:00,966.1546825953088
2026-06-11 06:00:00.039000+00:00,966.1546825953088
2026-06-11 07:00:00.008000+00:00,966.1546825953088
2026-06-11 08:00:00.045000+00:00,966.1546825953088
2026-06-11 09:00:00.054000+00:00,966.1546825953088
2026-06-11 10:00:00.038000+00:00,966.1546825953088
2026-06-11 11:00:00.033000+00:00,966.1546825953088
2026-06-11 12:00:00.033000+00:00,966.1546825953088
2026-06-11 13:00:00.055000+00:00,966.1546825953088
2026-06-11 14:00:00.020000+00:00,966.1546825953088
2026-06-11 15:00:00.013000+00:00,966.1546825953088
2026-06-11 16:00:00.017000+00:00,966.1546825953088
2026-06-11 17:00:00.083000+00:00,966.1546825953088
2026-06-11 18:00:00.016000+00:00,966.1546825953088
2026-06-11 19:00:00.018000+00:00,966.1546825953088
2026-06-11 20:00:00.005000+00:00,966.1546825953088
2026-06-11 21:00:00.036000+00:00,966.1546825953088
2026-06-11 22:00:00.073000+00:00,966.1546825953088
2026-06-11 23:00:00.052000+00:00,966.1546825953088
2026-06-12 00:00:00.013000+00:00,966.1546825953088
2026-06-12 01:00:00.025000+00:00,966.1546825953088
2026-06-12 02:00:00.033000+00:00,966.1546825953088
2026-06-12 03:00:00.057000+00:00,966.1546825953088
2026-06-12 04:00:00.009000+00:00,966.1546825953088
2026-06-12 05:00:00.001000+00:00,966.1546825953088
2026-06-12 06:00:00.056000+00:00,966.1546825953088
2026-06-12 07:00:00.027000+00:00,966.1546825953088
2026-06-12 08:00:00.035000+00:00,966.1546825953088
2026-06-12 09:00:00.010000+00:00,966.1546825953088
2026-06-12 10:00:00.015000+00:00,966.1546825953088
2026-06-12 11:00:00.055000+00:00,966.1546825953088
2026-06-12 12:00:00.007000+00:00,966.1546825953088
2026-06-12 13:00:00.010000+00:00,966.1546825953088
2026-06-12 14:00:00.052000+00:00,966.1546825953088
2026-06-12 15:00:00.064000+00:00,966.1546825953088
2026-06-12 16:00:00.005000+00:00,966.1546825953088
2026-06-12 17:00:00.011000+00:00,966.1546825953088
2026-06-12 18:00:00.044000+00:00,966.1546825953088
2026-06-12 19:00:00.018000+00:00,966.1546825953088
2026-06-12 20:00:00.007000+00:00,966.1546825953088
2026-06-12 21:00:00.026000+00:00,966.1546825953088
2026-06-12 22:00:00.022000+00:00,966.1546825953088
2026-06-12 23:00:00.025000+00:00,966.1546825953088
2026-06-13 00:00:00.034000+00:00,966.1546825953088
2026-06-13 01:00:00.044000+00:00,966.1546825953088
2026-06-13 02:00:00.044000+00:00,966.1546825953088
2026-06-13 03:00:00+00:00,966.1546825953088
2026-06-13 04:00:00.040000+00:00,966.1546825953088
2026-06-13 05:00:00.006000+00:00,966.1546825953088
2026-06-13 06:00:00.043000+00:00,966.1546825953088
2026-06-13 07:00:00.030000+00:00,966.1546825953088
2026-06-13 08:00:00.040000+00:00,966.1546825953088
2026-06-13 09:00:00.053000+00:00,966.1546825953088
2026-06-13 10:00:00.009000+00:00,966.1546825953088
2026-06-13 11:00:00.051000+00:00,966.1546825953088
2026-06-13 12:00:00+00:00,966.1546825953088
2026-06-13 13:00:00.021000+00:00,966.1546825953088
2026-06-13 14:00:00.056000+00:00,966.1546825953088
2026-06-13 15:00:00.009000+00:00,966.1546825953088
2026-06-13 16:00:00.004000+00:00,966.1546825953088
2026-06-13 17:00:00.036000+00:00,966.1546825953088
2026-06-13 18:00:00.014000+00:00,966.1546825953088
2026-06-13 19:00:00.021000+00:00,966.1546825953088
2026-06-13 20:00:00.035000+00:00,966.1546825953088
2026-06-13 21:00:00.042000+00:00,966.1546825953088
2026-06-13 22:00:00.013000+00:00,966.1546825953088
2026-06-13 23:00:00.023000+00:00,966.1546825953088
2026-06-14 00:00:00.001000+00:00,966.1546825953088
2026-06-14 01:00:00.042000+00:00,966.1546825953088
2026-06-14 02:00:00.025000+00:00,966.1546825953088
2026-06-14 03:00:00.005000+00:00,966.1546825953088
2026-06-14 04:00:00.004000+00:00,966.1546825953088
2026-06-14 05:00:00.060000+00:00,966.1546825953088
2026-06-14 06:00:00.020000+00:00,966.1546825953088
2026-06-14 07:00:00.012000+00:00,966.1546825953088
2026-06-14 08:00:00.012000+00:00,966.1546825953088
2026-06-14 09:00:00.044000+00:00,966.1546825953088
2026-06-14 10:00:00.035000+00:00,966.1546825953088
2026-06-14 11:00:00.048000+00:00,966.1546825953088
2026-06-14 12:00:00.020000+00:00,966.1546825953088
2026-06-14 13:00:00.056000+00:00,966.1546825953088
2026-06-14 14:00:00.060000+00:00,966.1546825953088
2026-06-14 15:00:00.056000+00:00,966.1546825953088
2026-06-14 16:00:00.021000+00:00,966.1546825953088
2026-06-14 17:00:00.045000+00:00,966.1546825953088
2026-06-14 18:00:00.069000+00:00,966.1546825953088
2026-06-14 19:00:00.035000+00:00,966.1546825953088
2026-06-14 20:00:00.066000+00:00,966.1546825953088
2026-06-14 21:00:00.006000+00:00,966.1546825953088
2026-06-14 22:00:00+00:00,966.1546825953088
2026-06-14 23:00:00.037000+00:00,966.1546825953088
2026-06-15 00:00:00.049000+00:00,966.1546825953088
2026-06-15 01:00:00.042000+00:00,966.1546825953088
2026-06-15 02:00:00.063000+00:00,966.1546825953088
2026-06-15 03:00:00.033000+00:00,966.1546825953088
2026-06-15 04:00:00.023000+00:00,966.1546825953088
2026-06-15 05:00:00.034000+00:00,966.1546825953088
2026-06-15 06:00:00+00:00,966.1546825953088
2026-06-15 07:00:00.033000+00:00,966.1546825953088
2026-06-15 08:00:00.043000+00:00,966.1546825953088
2026-06-15 09:00:00.039000+00:00,966.1546825953088
2026-06-15 10:00:00.048000+00:00,966.1546825953088
2026-06-15 11:00:00.029000+00:00,966.1546825953088
2026-06-15 12:00:00+00:00,966.1546825953088
2026-06-15 13:00:00.063000+00:00,966.1546825953088
2026-06-15 14:00:00.031000+00:00,966.1546825953088
2026-06-15 15:00:00.041000+00:00,966.1546825953088
2026-06-15 16:00:00.005000+00:00,966.1546825953088
2026-06-15 17:00:00.050000+00:00,966.1546825953088
2026-06-15 18:00:00.012000+00:00,966.1546825953088
2026-06-15 19:00:00.021000+00:00,966.1546825953088
2026-06-15 20:00:00.038000+00:00,966.1546825953088
2026-06-15 21:00:00.032000+00:00,966.1546825953088
2026-06-15 22:00:00.024000+00:00,966.1546825953088
2026-06-15 23:00:00.029000+00:00,966.1546825953088
2026-06-16 00:00:00.049000+00:00,966.1546825953088
2026-06-16 01:00:00.062000+00:00,966.1546825953088
2026-06-16 02:00:00.020000+00:00,966.1546825953088
2026-06-16 03:00:00.030000+00:00,966.1546825953088
2026-06-16 04:00:00.067000+00:00,966.1546825953088
2026-06-16 05:00:00.040000+00:00,966.1546825953088
2026-06-16 06:00:00.054000+00:00,966.1546825953088
2026-06-16 07:00:00.002000+00:00,966.1546825953088
2026-06-16 08:00:00.014000+00:00,966.1546825953088
2026-06-16 09:00:00.032000+00:00,966.1546825953088
2026-06-16 10:00:00.053000+00:00,966.1546825953088
2026-06-16 11:00:00.052000+00:00,966.1546825953088
2026-06-16 12:00:00.012000+00:00,966.1546825953088
2026-06-16 13:00:00.018000+00:00,966.1546825953088
2026-06-16 14:00:00.003000+00:00,966.1546825953088
2026-06-16 15:00:00.025000+00:00,966.1546825953088
2026-06-16 16:00:00.006000+00:00,966.1546825953088
2026-06-16 17:00:00.014000+00:00,966.1546825953088
2026-06-16 18:00:00.055000+00:00,966.1546825953088
2026-06-16 19:00:00.059000+00:00,966.1546825953088
2026-06-16 20:00:00.016000+00:00,966.1546825953088
2026-06-16 21:00:00.008000+00:00,966.1546825953088
2026-06-16 22:00:00.006000+00:00,966.1546825953088
2026-06-16 23:00:00.065000+00:00,966.1546825953088
2026-06-17 00:00:00.032000+00:00,966.1546825953088
2026-06-17 01:00:00.044000+00:00,966.1546825953088
2026-06-17 02:00:00.023000+00:00,966.1546825953088
2026-06-17 03:00:00.051000+00:00,966.1546825953088
2026-06-17 04:00:00+00:00,966.1546825953088
2026-06-17 05:00:00.013000+00:00,966.1546825953088
2026-06-17 06:00:00.002000+00:00,966.1546825953088
2026-06-17 07:00:00.050000+00:00,966.1546825953088
2026-06-17 08:00:00.007000+00:00,966.1546825953088
2026-06-17 09:00:00.041000+00:00,966.1546825953088
2026-06-17 10:00:00.045000+00:00,966.1546825953088
2026-06-17 11:00:00.045000+00:00,966.1546825953088
2026-06-17 12:00:00.050000+00:00,966.1546825953088
2026-06-17 13:00:00.010000+00:00,966.1546825953088
2026-06-17 14:00:00.055000+00:00,966.1546825953088
2026-06-17 15:00:00.065000+00:00,966.1546825953088
2026-06-17 16:00:00.021000+00:00,966.1546825953088
2026-06-17 17:00:00.008000+00:00,966.1546825953088
2026-06-17 18:00:00.085000+00:00,966.1546825953088
2026-06-17 19:00:00.014000+00:00,966.1546825953088
2026-06-17 20:00:00.002000+00:00,966.1546825953088
2026-06-17 21:00:00.044000+00:00,966.1546825953088
2026-06-17 22:00:00.055000+00:00,966.1546825953088
2026-06-17 23:00:00.018000+00:00,966.1546825953088
2026-06-18 00:00:00.025000+00:00,966.1546825953088
2026-06-18 01:00:00.017000+00:00,966.1546825953088
2026-06-18 02:00:00.016000+00:00,966.1546825953088
2026-06-18 03:00:00.014000+00:00,966.1546825953088
2026-06-18 04:00:00.006000+00:00,966.1546825953088
2026-06-18 05:00:00.058000+00:00,966.1546825953088
2026-06-18 06:00:00.043000+00:00,966.1546825953088
2026-06-18 07:00:00.049000+00:00,966.1546825953088
2026-06-18 08:00:00.053000+00:00,966.1546825953088
2026-06-18 09:00:00.012000+00:00,966.1546825953088
2026-06-18 10:00:00.028000+00:00,966.1546825953088
2026-06-18 11:00:00.027000+00:00,966.1546825953088
2026-06-18 12:00:00.055000+00:00,966.1546825953088
2026-06-18 13:00:00.033000+00:00,966.1546825953088
2026-06-18 14:00:00.057000+00:00,966.1546825953088
2026-06-18 15:00:00.016000+00:00,966.1546825953088
2026-06-18 16:00:00.053000+00:00,966.1546825953088
2026-06-18 17:00:00.046000+00:00,966.1546825953088
2026-06-18 18:00:00.046000+00:00,966.1546825953088
2026-06-18 19:00:00.059000+00:00,966.1546825953088
2026-06-18 20:00:00.014000+00:00,966.1546825953088
2026-06-18 21:00:00.066000+00:00,966.1546825953088
2026-06-18 22:00:00.060000+00:00,966.1546825953088
2026-06-18 23:00:00.062000+00:00,966.1546825953088
2026-06-19 00:00:00.011000+00:00,966.1546825953088
2026-06-19 01:00:00.007000+00:00,966.1546825953088
2026-06-19 02:00:00.023000+00:00,966.1546825953088
2026-06-19 03:00:00.002000+00:00,966.1546825953088
2026-06-19 04:00:00.042000+00:00,966.1546825953088
2026-06-19 05:00:00.002000+00:00,966.1546825953088
2026-06-19 06:00:00.022000+00:00,966.1546825953088
2026-06-19 07:00:00.062000+00:00,966.1546825953088
2026-06-19 08:00:00.051000+00:00,966.1546825953088
2026-06-19 09:00:00.032000+00:00,966.1546825953088
2026-06-19 10:00:00.018000+00:00,966.1546825953088
2026-06-19 11:00:00+00:00,966.1546825953088
2026-06-19 12:00:00.053000+00:00,966.1546825953088
2026-06-19 13:00:00.015000+00:00,966.1546825953088
2026-06-19 14:00:00.037000+00:00,966.1546825953088
2026-06-19 15:00:00.043000+00:00,966.1546825953088
2026-06-19 16:00:00.032000+00:00,966.1546825953088
2026-06-19 17:00:00.013000+00:00,966.1546825953088
2026-06-19 18:00:00.044000+00:00,966.1546825953088
2026-06-19 19:00:00.013000+00:00,966.1546825953088
2026-06-19 20:00:00.028000+00:00,966.1546825953088
2026-06-19 21:00:00.023000+00:00,966.1546825953088
2026-06-19 22:00:00.007000+00:00,966.1546825953088
2026-06-19 23:00:00.072000+00:00,966.1546825953088
2026-06-20 00:00:00.067000+00:00,966.1546825953088
2026-06-20 01:00:00.031000+00:00,966.1546825953088
2026-06-20 02:00:00.026000+00:00,966.1546825953088
2026-06-20 03:00:00.064000+00:00,966.1546825953088
2026-06-20 04:00:00.056000+00:00,966.1546825953088
2026-06-20 05:00:00.023000+00:00,966.1546825953088
2026-06-20 06:00:00.048000+00:00,966.1546825953088
2026-06-20 07:00:00.021000+00:00,966.1546825953088
2026-06-20 08:00:00.036000+00:00,966.1546825953088
2026-06-20 09:00:00.017000+00:00,966.1546825953088
2026-06-20 10:00:00.001000+00:00,966.1546825953088
2026-06-20 11:00:00.008000+00:00,966.1546825953088
2026-06-20 12:00:00.010000+00:00,966.1546825953088
2026-06-20 13:00:00.008000+00:00,966.1546825953088
2026-06-20 14:00:00.023000+00:00,966.1546825953088
2026-06-20 15:00:00.024000+00:00,966.1546825953088
2026-06-20 16:00:00.039000+00:00,966.1546825953088
2026-06-20 17:00:00.006000+00:00,966.1546825953088
2026-06-20 18:00:00.046000+00:00,966.1546825953088
2026-06-20 19:00:00.017000+00:00,966.1546825953088
2026-06-20 20:00:00.032000+00:00,966.1546825953088
2026-06-20 21:00:00.043000+00:00,966.1546825953088
2026-06-20 22:00:00.059000+00:00,966.1546825953088
2026-06-20 23:00:00.038000+00:00,966.1546825953088
2026-06-21 00:00:00.047000+00:00,966.1546825953088
2026-06-21 01:00:00.035000+00:00,966.1546825953088
2026-06-21 02:00:00.009000+00:00,966.1546825953088
2026-06-21 03:00:00.033000+00:00,966.1546825953088
2026-06-21 04:00:00.034000+00:00,966.1546825953088
2026-06-21 05:00:00.004000+00:00,966.1546825953088
2026-06-21 06:00:00.025000+00:00,966.1546825953088
2026-06-21 07:00:00.043000+00:00,966.1546825953088
2026-06-21 08:00:00.033000+00:00,966.1546825953088
2026-06-21 09:00:00.005000+00:00,966.1546825953088
2026-06-21 10:00:00.020000+00:00,966.1546825953088
2026-06-21 11:00:00.040000+00:00,966.1546825953088
2026-06-21 12:00:00.044000+00:00,966.1546825953088
2026-06-21 13:00:00.053000+00:00,966.1546825953088
2026-06-21 14:00:00.007000+00:00,966.1546825953088
2026-06-21 15:00:00.003000+00:00,966.1546825953088
2026-06-21 16:00:00.030000+00:00,966.1546825953088
2026-06-21 17:00:00.007000+00:00,966.1546825953088
2026-06-21 18:00:00.046000+00:00,966.1546825953088
2026-06-21 19:00:00.029000+00:00,966.1546825953088
2026-06-21 20:00:00.036000+00:00,966.1546825953088
2026-06-21 21:00:00.057000+00:00,966.1546825953088
2026-06-21 22:00:00.077000+00:00,966.1546825953088
2026-06-21 23:00:00.061000+00:00,966.1546825953088
2026-06-22 00:00:00.011000+00:00,966.1546825953088
2026-06-22 01:00:00.019000+00:00,966.1546825953088
2026-06-22 02:00:00.074000+00:00,966.1546825953088
2026-06-22 03:00:00.037000+00:00,966.1546825953088
2026-06-22 04:00:00.020000+00:00,966.1546825953088
2026-06-22 05:00:00.054000+00:00,966.1546825953088
2026-06-22 06:00:00.033000+00:00,966.1546825953088
2026-06-22 07:00:00.031000+00:00,966.1546825953088
2026-06-22 08:00:00.054000+00:00,966.1546825953088
2026-06-22 09:00:00.012000+00:00,966.1546825953088
2026-06-22 10:00:00.040000+00:00,966.1546825953088
2026-06-22 11:00:00.045000+00:00,966.1546825953088
2026-06-22 12:00:00.028000+00:00,966.1546825953088
2026-06-22 13:00:00.062000+00:00,966.1546825953088
2026-06-22 14:00:00.004000+00:00,966.1546825953088
2026-06-22 15:00:00.009000+00:00,966.1546825953088
2026-06-22 16:00:00.016000+00:00,966.1546825953088
2026-06-22 17:00:00.020000+00:00,966.1546825953088
2026-06-22 18:00:00.035000+00:00,966.1546825953088
2026-06-22 19:00:00.028000+00:00,966.1546825953088
2026-06-22 20:00:00.037000+00:00,966.1546825953088
2026-06-22 21:00:00.027000+00:00,966.1546825953088
2026-06-22 22:00:00.001000+00:00,966.1546825953088
2026-06-22 23:00:00.047000+00:00,966.1546825953088
2026-06-23 00:00:00.019000+00:00,966.1546825953088
2026-06-23 01:00:00.050000+00:00,966.1546825953088
2026-06-23 02:00:00.059000+00:00,966.1546825953088
2026-06-23 03:00:00.043000+00:00,966.1546825953088
2026-06-23 04:00:00.043000+00:00,966.1546825953088
2026-06-23 05:00:00+00:00,966.1546825953088
2026-06-23 06:00:00.028000+00:00,966.1546825953088
2026-06-23 07:00:00.005000+00:00,966.1546825953088
2026-06-23 08:00:00.004000+00:00,966.1546825953088
2026-06-23 09:00:00.027000+00:00,966.1546825953088
2026-06-23 10:00:00.015000+00:00,966.1546825953088
2026-06-23 11:00:00.038000+00:00,966.1546825953088
2026-06-23 12:00:00.032000+00:00,966.1546825953088
2026-06-23 13:00:00.064000+00:00,966.1546825953088
2026-06-23 14:00:00.005000+00:00,966.1546825953088
2026-06-23 15:00:00.068000+00:00,966.1546825953088
2026-06-23 16:00:00.018000+00:00,966.1546825953088
2026-06-23 17:00:00.004000+00:00,966.1546825953088
2026-06-23 18:00:00.057000+00:00,966.1546825953088
2026-06-23 19:00:00.036000+00:00,966.1546825953088
2026-06-23 20:00:00.052000+00:00,966.1546825953088
2026-06-23 21:00:00.041000+00:00,966.1546825953088
2026-06-23 22:00:00.077000+00:00,966.1546825953088
2026-06-23 23:00:00.017000+00:00,966.1546825953088
2026-06-24 00:00:00.059000+00:00,966.1546825953088
2026-06-24 01:00:00.007000+00:00,966.1546825953088
2026-06-24 02:00:00.045000+00:00,966.1546825953088
2026-06-24 03:00:00.043000+00:00,966.1546825953088
2026-06-24 04:00:00.009000+00:00,966.1546825953088
2026-06-24 05:00:00.004000+00:00,966.1546825953088
2026-06-24 06:00:00.031000+00:00,966.1546825953088
2026-06-24 07:00:00.002000+00:00,966.1546825953088
2026-06-24 08:00:00.010000+00:00,966.1546825953088
2026-06-24 09:00:00.011000+00:00,966.1546825953088
2026-06-24 10:00:00.043000+00:00,966.1546825953088
2026-06-24 11:00:00.026000+00:00,966.1546825953088
2026-06-24 12:00:00.040000+00:00,966.1546825953088
2026-06-24 13:00:00.010000+00:00,966.1546825953088
2026-06-24 14:00:00.048000+00:00,966.1546825953088
2026-06-24 15:00:00.052000+00:00,966.1546825953088
2026-06-24 16:00:00.060000+00:00,966.1546825953088
2026-06-24 17:00:00.011000+00:00,966.1546825953088
2026-06-24 18:00:00.061000+00:00,966.1546825953088
2026-06-24 19:00:00.107000+00:00,966.1546825953088
2026-06-24 20:00:00.013000+00:00,966.1546825953088
2026-06-24 21:00:00.057000+00:00,966.1546825953088
2026-06-24 22:00:00.034000+00:00,966.1546825953088
2026-06-24 23:00:00.012000+00:00,966.1546825953088
2026-06-25 00:00:00.020000+00:00,966.1546825953088
2026-06-25 01:00:00.006000+00:00,966.1546825953088
2026-06-25 02:00:00.035000+00:00,966.1546825953088
2026-06-25 03:00:00.010000+00:00,966.1546825953088
2026-06-25 04:00:00.019000+00:00,966.1546825953088
2026-06-25 05:00:00.009000+00:00,966.1546825953088
2026-06-25 06:00:00.044000+00:00,966.1546825953088
2026-06-25 07:00:00.021000+00:00,966.1546825953088
2026-06-25 08:00:00.066000+00:00,966.1546825953088
2026-06-25 09:00:00.009000+00:00,966.1546825953088
2026-06-25 10:00:00.040000+00:00,966.1546825953088
2026-06-25 11:00:00.059000+00:00,966.1546825953088
2026-06-25 12:00:00.013000+00:00,966.1546825953088
2026-06-25 13:00:00.054000+00:00,966.1546825953088
2026-06-25 14:00:00.004000+00:00,966.1546825953088
2026-06-25 15:00:00.031000+00:00,966.1546825953088
2026-06-25 16:00:00.049000+00:00,966.1546825953088
2026-06-25 17:00:00.028000+00:00,966.1546825953088
2026-06-25 18:00:00.008000+00:00,966.1546825953088
2026-06-25 19:00:00.054000+00:00,966.1546825953088
2026-06-25 20:00:00.025000+00:00,966.1546825953088
2026-06-25 21:00:00.001000+00:00,966.1546825953088
2026-06-25 22:00:00.049000+00:00,966.1546825953088
2026-06-25 23:00:00.053000+00:00,966.1546825953088
2026-06-26 00:00:00.043000+00:00,966.1546825953088
2026-06-26 01:00:00.034000+00:00,966.1546825953088
2026-06-26 02:00:00.084000+00:00,966.1546825953088
2026-06-26 03:00:00.008000+00:00,966.1546825953088
2026-06-26 04:00:00.013000+00:00,966.1546825953088
2026-06-26 05:00:00.010000+00:00,966.1546825953088
2026-06-26 06:00:00.030000+00:00,966.1546825953088
2026-06-26 07:00:00.029000+00:00,966.1546825953088
2026-06-26 08:00:00.070000+00:00,966.1546825953088
2026-06-26 09:00:00.001000+00:00,966.1546825953088
2026-06-26 10:00:00.009000+00:00,966.1546825953088
2026-06-26 11:00:00.032000+00:00,966.1546825953088
2026-06-26 12:00:00.076000+00:00,966.1546825953088
2026-06-26 13:00:00.058000+00:00,966.1546825953088
2026-06-26 14:00:00.025000+00:00,966.1546825953088
2026-06-26 15:00:00.036000+00:00,966.1546825953088
2026-06-26 16:00:00.035000+00:00,966.1546825953088
2026-06-26 17:00:00.027000+00:00,966.1546825953088
2026-06-26 18:00:00.042000+00:00,966.1546825953088
2026-06-26 19:00:00.058000+00:00,966.1546825953088
2026-06-26 20:00:00.001000+00:00,966.1546825953088
2026-06-26 21:00:00.081000+00:00,966.1546825953088
2026-06-26 22:00:00.052000+00:00,966.1546825953088
2026-06-26 23:00:00.072000+00:00,966.1546825953088
2026-06-27 00:00:00.047000+00:00,966.1546825953088
2026-06-27 01:00:00.061000+00:00,966.1546825953088
2026-06-27 02:00:00.033000+00:00,966.1546825953088
2026-06-27 03:00:00.064000+00:00,966.1546825953088
2026-06-27 04:00:00.005000+00:00,966.1546825953088
2026-06-27 05:00:00.052000+00:00,966.1546825953088
2026-06-27 06:00:00.003000+00:00,966.1546825953088
2026-06-27 07:00:00.022000+00:00,966.1546825953088
2026-06-27 08:00:00.062000+00:00,966.1546825953088
2026-06-27 09:00:00.001000+00:00,966.1546825953088
2026-06-27 10:00:00.064000+00:00,966.1546825953088
2026-06-27 11:00:00.032000+00:00,966.1546825953088
2026-06-27 12:00:00.003000+00:00,966.1546825953088
2026-06-27 13:00:00.057000+00:00,966.1546825953088
2026-06-27 14:00:00.038000+00:00,966.1546825953088
2026-06-27 15:00:00.065000+00:00,966.1546825953088
2026-06-27 16:00:00.043000+00:00,966.1546825953088
2026-06-27 17:00:00.058000+00:00,966.1546825953088
2026-06-27 18:00:00.108000+00:00,966.1546825953088
2026-06-27 19:00:00.053000+00:00,966.1546825953088
2026-06-27 20:00:00.044000+00:00,966.1546825953088
2026-06-27 21:00:00.058000+00:00,966.1546825953088
2026-06-27 22:00:00.021000+00:00,966.1546825953088
2026-06-27 23:00:00.040000+00:00,966.1546825953088
2026-06-28 00:00:00.067000+00:00,966.1546825953088
2026-06-28 01:00:00.011000+00:00,966.1546825953088
2026-06-28 02:00:00.060000+00:00,966.1546825953088
2026-06-28 03:00:00.023000+00:00,966.1546825953088
2026-06-28 04:00:00.024000+00:00,966.1546825953088
2026-06-28 05:00:00.062000+00:00,966.1546825953088
2026-06-28 06:00:00.048000+00:00,966.1546825953088
2026-06-28 07:00:00.131000+00:00,966.1546825953088
2026-06-28 08:00:00.007000+00:00,966.1546825953088
2026-06-28 09:00:00.030000+00:00,966.1546825953088
2026-06-28 10:00:00.008000+00:00,966.1546825953088
2026-06-28 11:00:00.056000+00:00,966.1546825953088
2026-06-28 12:00:00+00:00,966.1546825953088
2026-06-28 13:00:00.035000+00:00,966.1546825953088
2026-06-28 14:00:00.057000+00:00,966.1546825953088
2026-06-28 15:00:00.011000+00:00,966.1546825953088
2026-06-28 16:00:00.009000+00:00,966.1546825953088
2026-06-28 17:00:00.008000+00:00,966.1546825953088
2026-06-28 18:00:00.035000+00:00,966.1546825953088
2026-06-28 19:00:00.062000+00:00,966.1546825953088
2026-06-28 20:00:00.011000+00:00,966.1546825953088
2026-06-28 21:00:00.003000+00:00,966.1546825953088
2026-06-28 22:00:00.039000+00:00,966.1546825953088
2026-06-28 23:00:00.013000+00:00,966.1546825953088
2026-06-29 00:00:00.001000+00:00,966.1546825953088
2026-06-29 01:00:00.041000+00:00,966.1546825953088
2026-06-29 02:00:00.037000+00:00,966.1546825953088
2026-06-29 03:00:00.024000+00:00,966.1546825953088
2026-06-29 04:00:00.028000+00:00,966.1546825953088
2026-06-29 05:00:00.033000+00:00,966.1546825953088
2026-06-29 06:00:00.084000+00:00,966.1546825953088
2026-06-29 07:00:00.013000+00:00,966.1546825953088
2026-06-29 08:00:00.021000+00:00,966.1546825953088
2026-06-29 09:00:00.032000+00:00,966.1546825953088
2026-06-29 10:00:00.059000+00:00,966.1546825953088
2026-06-29 11:00:00.002000+00:00,966.1546825953088
2026-06-29 12:00:00.034000+00:00,966.1546825953088
2026-06-29 13:00:00.037000+00:00,966.1546825953088
2026-06-29 14:00:00.097000+00:00,966.1546825953088
2026-06-29 15:00:00.041000+00:00,966.1546825953088
2026-06-29 16:00:00.009000+00:00,966.1546825953088
2026-06-29 17:00:00.026000+00:00,966.1546825953088
2026-06-29 18:00:00.054000+00:00,966.1546825953088
2026-06-29 19:00:00.032000+00:00,966.1546825953088
2026-06-29 20:00:00.010000+00:00,966.1546825953088
2026-06-29 21:00:00.059000+00:00,966.1546825953088
2026-06-29 22:00:00.020000+00:00,966.1546825953088
2026-06-29 23:00:00.049000+00:00,966.1546825953088
2026-06-30 00:00:00.028000+00:00,966.1546825953088
2026-06-30 01:00:00.022000+00:00,966.1546825953088
2026-06-30 02:00:00.047000+00:00,966.1546825953088
2026-06-30 03:00:00.041000+00:00,966.1546825953088
2026-06-30 04:00:00.028000+00:00,966.1546825953088
2026-06-30 05:00:00.052000+00:00,966.1546825953088
2026-06-30 06:00:00.065000+00:00,966.1546825953088
2026-06-30 07:00:00.042000+00:00,966.1546825953088
2026-06-30 08:00:00.071000+00:00,966.1546825953088
2026-06-30 09:00:00.015000+00:00,966.1546825953088
2026-06-30 10:00:00.034000+00:00,966.1546825953088
2026-06-30 11:00:00.061000+00:00,966.1546825953088
2026-06-30 12:00:00.037000+00:00,966.1546825953088
2026-06-30 13:00:00.033000+00:00,966.1546825953088
2026-06-30 14:00:00.043000+00:00,966.1546825953088
2026-06-30 15:00:00.058000+00:00,966.1546825953088
2026-06-30 16:00:00.010000+00:00,966.1546825953088
2026-06-30 17:00:00.028000+00:00,966.1546825953088
2026-06-30 18:00:00.014000+00:00,966.1546825953088
2026-06-30 19:00:00.063000+00:00,966.1546825953088
2026-06-30 20:00:00.065000+00:00,966.1546825953088
2026-06-30 21:00:00.051000+00:00,966.1546825953088
2026-06-30 22:00:00.045000+00:00,966.1546825953088
2026-06-30 23:00:00.048000+00:00,966.1546825953088
2026-07-01 00:00:00.063000+00:00,966.1546825953088
2026-07-01 01:00:00.046000+00:00,966.1546825953088
2026-07-01 02:00:00.018000+00:00,966.1546825953088
2026-07-01 03:00:00.011000+00:00,966.1546825953088
2026-07-01 04:00:00.001000+00:00,966.1546825953088
2026-07-01 05:00:00+00:00,966.1546825953088
2026-07-01 06:00:00.001000+00:00,966.1546825953088
2026-07-01 07:00:00.022000+00:00,966.1546825953088
2026-07-01 08:00:00.065000+00:00,966.1546825953088
2026-07-01 09:00:00.040000+00:00,966.1546825953088
2026-07-01 10:00:00.048000+00:00,966.1546825953088
2026-07-01 11:00:00.001000+00:00,966.1546825953088
2026-07-01 12:00:00.044000+00:00,966.1546825953088
2026-07-01 13:00:00.001000+00:00,966.1546825953088
2026-07-01 14:00:00.006000+00:00,966.1546825953088
2026-07-01 15:00:00.012000+00:00,966.1546825953088
2026-07-01 16:00:00.045000+00:00,966.1546825953088
2026-07-01 17:00:00.022000+00:00,966.1546825953088
2026-07-01 18:00:00.061000+00:00,966.1546825953088
2026-07-01 19:00:00.036000+00:00,966.1546825953088
2026-07-01 20:00:00.005000+00:00,966.1546825953088
2026-07-01 21:00:00.007000+00:00,966.1546825953088
2026-07-01 22:00:00.086000+00:00,966.1546825953088
2026-07-01 23:00:00.056000+00:00,966.1546825953088
2026-07-02 00:00:00.074000+00:00,966.1546825953088
2026-07-02 01:00:00.014000+00:00,966.1546825953088
2026-07-02 02:00:00.020000+00:00,966.1546825953088
2026-07-02 03:00:00.070000+00:00,966.1546825953088
2026-07-02 04:00:00.033000+00:00,966.1546825953088
2026-07-02 05:00:00.047000+00:00,966.1546825953088
2026-07-02 06:00:00.007000+00:00,966.1546825953088
2026-07-02 07:00:00.011000+00:00,966.1546825953088
2026-07-02 08:00:00.014000+00:00,966.1546825953088
2026-07-02 09:00:00.010000+00:00,966.1546825953088
2026-07-02 10:00:00.006000+00:00,966.1546825953088
2026-07-02 11:00:00.037000+00:00,966.1546825953088
2026-07-02 12:00:00.030000+00:00,966.1546825953088
2026-07-02 13:00:00.027000+00:00,966.1546825953088
2026-07-02 14:00:00.025000+00:00,966.1546825953088
2026-07-02 15:00:00.055000+00:00,966.1546825953088
2026-07-02 16:00:00.068000+00:00,966.1546825953088
2026-07-02 17:00:00.026000+00:00,966.1546825953088
2026-07-02 18:00:00.007000+00:00,966.1546825953088
2026-07-02 19:00:00.044000+00:00,966.1546825953088
2026-07-02 20:00:00.007000+00:00,960.6564540282467
2026-07-02 21:00:00.031000+00:00,960.6689540282467
2026-07-02 22:00:00.025000+00:00,960.6814540282468
2026-07-02 23:00:00.029000+00:00,960.6939540282468
2026-07-03 00:00:00.018000+00:00,960.7064540282469
2026-07-03 01:00:00.017000+00:00,960.7189540282469
2026-07-03 02:00:00.081000+00:00,960.731454028247
2026-07-03 03:00:00.031000+00:00,960.743954028247
2026-07-03 04:00:00.034000+00:00,960.756454028247
2026-07-03 05:00:00.012000+00:00,960.7689540282471
2026-07-03 06:00:00.078000+00:00,960.7814540282471
2026-07-03 07:00:00.025000+00:00,960.7939540282472
2026-07-03 08:00:00.049000+00:00,960.8064540282472
2026-07-03 09:00:00.022000+00:00,960.8189540282473
2026-07-03 10:00:00.017000+00:00,960.8314540282473
2026-07-03 11:00:00.042000+00:00,960.8439540282474
2026-07-03 12:00:00.004000+00:00,960.8564540282474
2026-07-03 13:00:00.007000+00:00,960.8689540282475
2026-07-03 14:00:00.011000+00:00,960.8814540282475
2026-07-03 15:00:00.026000+00:00,960.8939540282475
2026-07-03 16:00:00.062000+00:00,960.9064540282476
2026-07-03 17:00:00.007000+00:00,960.9189540282476
2026-07-03 18:00:00.046000+00:00,960.9314540282477
2026-07-03 19:00:00.040000+00:00,960.9439540282477
2026-07-03 20:00:00.014000+00:00,960.9564540282478
2026-07-03 21:00:00.013000+00:00,960.9689540282478
2026-07-03 22:00:00.049000+00:00,960.9814540282479
2026-07-03 23:00:00.014000+00:00,960.9939540282479
2026-07-04 00:00:00.014000+00:00,961.006454028248
2026-07-04 01:00:00.023000+00:00,961.018954028248
2026-07-04 02:00:00.022000+00:00,961.031454028248
2026-07-04 03:00:00.012000+00:00,961.0439540282481
2026-07-04 04:00:00.074000+00:00,961.0564540282481
2026-07-04 05:00:00.064000+00:00,961.0689540282482
2026-07-04 06:00:00.006000+00:00,961.0814540282482
2026-07-04 07:00:00.009000+00:00,961.0939540282483
2026-07-04 08:00:00.041000+00:00,961.1064540282483
2026-07-04 09:00:00.033000+00:00,961.1189540282484
2026-07-04 10:00:00.068000+00:00,961.1314540282484
2026-07-04 11:00:00.049000+00:00,961.1439540282485
2026-07-04 12:00:00.014000+00:00,961.1564540282485
2026-07-04 13:00:00.049000+00:00,961.1689540282485
2026-07-04 14:00:00.051000+00:00,961.1814540282486
2026-07-04 15:00:00.083000+00:00,961.1939540282486
2026-07-04 16:00:00.074000+00:00,961.2064540282487
2026-07-04 17:00:00.031000+00:00,961.2189540282487
2026-07-04 18:00:00.016000+00:00,961.2314540282488
2026-07-04 19:00:00.033000+00:00,961.2439540282488
2026-07-04 20:00:00.036000+00:00,961.2564540282489
2026-07-04 21:00:00.023000+00:00,961.2689540282489
2026-07-04 22:00:00.015000+00:00,961.281454028249
2026-07-04 23:00:00.021000+00:00,961.293954028249
2026-07-05 00:00:00.077000+00:00,961.306454028249
2026-07-05 01:00:00.057000+00:00,961.3189540282491
2026-07-05 02:00:00.021000+00:00,961.3314540282491
2026-07-05 03:00:00.031000+00:00,961.3439540282492
2026-07-05 04:00:00.046000+00:00,961.3564540282492
2026-07-05 05:00:00.013000+00:00,961.3689540282493
2026-07-05 06:00:00.042000+00:00,961.3814540282493
2026-07-05 07:00:00.059000+00:00,961.3939540282494
2026-07-05 08:00:00.002000+00:00,961.4064540282494
2026-07-05 09:00:00.041000+00:00,961.4189540282495
2026-07-05 10:00:00.044000+00:00,961.4314540282495
2026-07-05 11:00:00.023000+00:00,961.4439540282495
2026-07-05 12:00:00.030000+00:00,961.4564540282496
2026-07-05 13:00:00.036000+00:00,961.4689540282496
2026-07-05 14:00:00.038000+00:00,961.4814540282497
2026-07-05 15:00:00.031000+00:00,961.4939540282497
2026-07-05 16:00:00.001000+00:00,961.5045815282498
2026-07-05 17:00:00.030000+00:00,961.5164510282498
2026-07-05 18:00:00.013000+00:00,961.5256809282498
2026-07-05 19:00:00.023000+00:00,961.5345090282498
2026-07-05 20:00:00.039000+00:00,961.5448272282498
2026-07-05 21:00:00.043000+00:00,961.5540845282497
2026-07-05 22:00:00.042000+00:00,961.5665845282498
2026-07-05 23:00:00.024000+00:00,961.5790845282498
2026-07-06 00:00:00.026000+00:00,961.5915845282499
2026-07-06 01:00:00.010000+00:00,961.6040845282499
2026-07-06 02:00:00.061000+00:00,961.61658452825
2026-07-06 03:00:00.027000+00:00,961.62908452825
2026-07-06 04:00:00.055000+00:00,961.6415845282501
2026-07-06 05:00:00.021000+00:00,961.6540845282501
2026-07-06 06:00:00.057000+00:00,961.6665845282502
2026-07-06 07:00:00.035000+00:00,961.6790845282502
2026-07-06 08:00:00.012000+00:00,961.6915845282502
2026-07-06 09:00:00.015000+00:00,961.7040845282503
2026-07-06 10:00:00.027000+00:00,961.7165845282503
2026-07-06 11:00:00.052000+00:00,961.7290845282504
2026-07-06 12:00:00.006000+00:00,961.7415845282504
2026-07-06 13:00:00.006000+00:00,961.7540845282505
2026-07-06 14:00:00.030000+00:00,961.7665845282505
2026-07-06 15:00:00.126000+00:00,961.7790845282506
2026-07-06 16:00:00.080000+00:00,961.7915845282506
2026-07-06 17:00:00.022000+00:00,961.8040845282507
2026-07-06 18:00:00.024000+00:00,961.8165845282507
2026-07-06 19:00:00.057000+00:00,961.8290845282507
2026-07-06 20:00:00.066000+00:00,961.8415845282508
2026-07-06 21:00:00.039000+00:00,961.8540845282508
2026-07-06 22:00:00.063000+00:00,961.8665845282509
2026-07-06 23:00:00.027000+00:00,961.8790845282509
2026-07-07 00:00:00.045000+00:00,961.891584528251
2026-07-07 01:00:00.016000+00:00,961.904084528251
2026-07-07 02:00:00.038000+00:00,961.9165845282511
2026-07-07 03:00:00.016000+00:00,961.9290845282511
2026-07-07 04:00:00.040000+00:00,961.9415845282512
2026-07-07 05:00:00.044000+00:00,961.9540845282512
2026-07-07 06:00:00.057000+00:00,961.9665845282512
2026-07-07 07:00:00.030000+00:00,961.9790845282513
2026-07-07 08:00:00.059000+00:00,961.9915845282513
2026-07-07 09:00:00.050000+00:00,962.0040845282514
2026-07-07 10:00:00.014000+00:00,962.0165845282514
2026-07-07 11:00:00.093000+00:00,962.0281276282515
2026-07-07 12:00:00.031000+00:00,962.0382737282515
2026-07-07 13:00:00.060000+00:00,962.0445443282515
2026-07-07 14:00:00.064000+00:00,962.0570443282515
2026-07-07 15:00:00.094000+00:00,962.0695443282516
2026-07-07 16:00:00.045000+00:00,962.0820443282516
2026-07-07 17:00:00.069000+00:00,962.0945443282517
2026-07-07 18:00:00.007000+00:00,962.1070443282517
2026-07-07 19:00:00.045000+00:00,962.1195443282518
2026-07-07 20:00:00.007000+00:00,962.1320443282518
2026-07-07 21:00:00.010000+00:00,962.1445443282519
2026-07-07 22:00:00.012000+00:00,962.1561653282519
2026-07-07 23:00:00.057000+00:00,962.1621235282519
2026-07-08 00:00:00.001000+00:00,962.1610387282519
2026-07-08 01:00:00.064000+00:00,962.1557860282519
2026-07-08 02:00:00.004000+00:00,962.1508350282519
2026-07-08 03:00:00.071000+00:00,962.1406581282519
2026-07-08 04:00:00.037000+00:00,962.1324407282518
2026-07-08 05:00:00.031000+00:00,962.1231171282518
2026-07-08 06:00:00.060000+00:00,962.1154311282518
2026-07-08 07:00:00.053000+00:00,962.1049987282518
2026-07-08 08:00:00.050000+00:00,962.1156530282518
2026-07-08 09:00:00.088000+00:00,962.1281530282519
2026-07-08 10:00:00.012000+00:00,962.1406530282519
2026-07-08 11:00:00.026000+00:00,962.153153028252
2026-07-08 12:00:00.007000+00:00,962.163067528252
2026-07-08 13:00:00.036000+00:00,962.168478428252
2026-07-08 14:00:00.017000+00:00,962.180237528252
2026-07-08 15:00:00.041000+00:00,962.192737528252
2026-07-08 16:00:00.052000+00:00,962.205237528252
2026-07-08 17:00:00.041000+00:00,962.2177375282521
2026-07-08 18:00:00.123000+00:00,962.2302375282521
2026-07-08 19:00:00.005000+00:00,962.2427375282522
2026-07-08 20:00:00.010000+00:00,962.2552375282522
2026-07-08 21:00:00.047000+00:00,962.2677375282523
2026-07-08 22:00:00.056000+00:00,962.2782196282523
2026-07-08 23:00:00.004000+00:00,962.2907196282523
2026-07-09 00:00:00.002000+00:00,962.3032196282524
2026-07-09 01:00:00.031000+00:00,962.3157196282524
2026-07-09 02:00:00.080000+00:00,962.3282196282524
2026-07-09 03:00:00.095000+00:00,962.3407196282525
2026-07-09 04:00:00.024000+00:00,962.3532196282525
2026-07-09 05:00:00.045000+00:00,962.3657196282526
2026-07-09 06:00:00.066000+00:00,962.3782196282526
2026-07-09 07:00:00.047000+00:00,962.3907196282527
2026-07-09 08:00:00.032000+00:00,962.4032196282527
2026-07-09 09:00:00.034000+00:00,962.4157196282528
2026-07-09 10:00:00.040000+00:00,962.4282196282528
2026-07-09 11:00:00.063000+00:00,962.4407196282529
2026-07-09 12:00:00.002000+00:00,962.4532196282529
2026-07-09 13:00:00+00:00,962.4657196282529
2026-07-09 14:00:00.059000+00:00,962.478219628253
2026-07-09 15:00:00.019000+00:00,962.490719628253
2026-07-09 16:00:00.068000+00:00,962.5032196282531
2026-07-09 17:00:00.028000+00:00,962.5157196282531
2026-07-09 18:00:00.034000+00:00,962.5282196282532
2026-07-09 19:00:00.065000+00:00,962.5407196282532
2026-07-09 20:00:00.026000+00:00,962.5532196282533
2026-07-09 21:00:00.018000+00:00,962.5657196282533
2026-07-09 22:00:00.018000+00:00,962.5782196282534
2026-07-09 23:00:00.113000+00:00,962.5907196282534
2026-07-10 00:00:00.078000+00:00,962.6032196282534
2026-07-10 01:00:00.006000+00:00,962.6157196282535
2026-07-10 02:00:00.014000+00:00,962.6282196282535
2026-07-10 03:00:00.026000+00:00,962.6407196282536
2026-07-10 04:00:00.004000+00:00,962.6532196282536
2026-07-10 05:00:00.103000+00:00,962.6657196282537
2026-07-10 06:00:00.056000+00:00,962.6782196282537
2026-07-10 07:00:00.075000+00:00,962.6907196282538
2026-07-10 08:00:00.011000+00:00,962.7032196282538
2026-07-10 09:00:00.001000+00:00,962.7157196282539
2026-07-10 10:00:00.010000+00:00,962.7282196282539
2026-07-10 11:00:00.063000+00:00,962.7407196282539
2026-07-10 12:00:00.048000+00:00,962.753219628254
2026-07-10 13:00:00.040000+00:00,962.765719628254
2026-07-10 14:00:00.038000+00:00,962.7782196282541
2026-07-10 15:00:00.058000+00:00,962.7907196282541
2026-07-10 16:00:00.002000+00:00,962.8032196282542
2026-07-10 17:00:00.023000+00:00,962.8157196282542
2026-07-10 18:00:00.023000+00:00,962.8282196282543
2026-07-10 19:00:00.029000+00:00,962.8407196282543
2026-07-10 20:00:00.039000+00:00,962.8532196282544
2026-07-10 21:00:00.032000+00:00,962.8657196282544
2026-07-10 22:00:00.008000+00:00,962.8782196282544
2026-07-10 23:00:00.054000+00:00,962.8907196282545
2026-07-11 00:00:00.046000+00:00,962.9032196282545
2026-07-11 01:00:00.003000+00:00,962.9157196282546
2026-07-11 02:00:00.086000+00:00,962.9282196282546
2026-07-11 03:00:00.061000+00:00,962.9407196282547
2026-07-11 04:00:00+00:00,962.9442120282547
2026-07-11 05:00:00.014000+00:00,962.9531971282547
2026-07-11 06:00:00.004000+00:00,962.9640821282547
2026-07-11 07:00:00.002000+00:00,962.9748202282548
2026-07-11 08:00:00.047000+00:00,962.9848943282548
2026-07-11 09:00:00.015000+00:00,962.9940452282548
2026-07-11 10:00:00.064000+00:00,963.0065452282548
2026-07-11 11:00:00.007000+00:00,963.0190452282549
2026-07-11 12:00:00.045000+00:00,963.0315452282549
2026-07-11 13:00:00.057000+00:00,963.044045228255
2026-07-11 14:00:00.068000+00:00,963.056545228255
2026-07-11 15:00:00.046000+00:00,963.069045228255
2026-07-11 16:00:00.012000+00:00,963.0815452282551
2026-07-11 17:00:00.042000+00:00,963.0940452282551
2026-07-11 18:00:00.014000+00:00,963.1065452282552
2026-07-11 19:00:00.040000+00:00,963.1190452282552
2026-07-11 20:00:00.027000+00:00,963.1315452282553
2026-07-11 21:00:00.018000+00:00,963.1440452282553
2026-07-11 22:00:00.055000+00:00,963.1565452282554
2026-07-11 23:00:00+00:00,963.1690452282554
2026-07-12 00:00:00.016000+00:00,963.1815452282555
2026-07-12 01:00:00.039000+00:00,963.1940452282555
2026-07-12 02:00:00.006000+00:00,963.2065452282555
2026-07-12 03:00:00.028000+00:00,963.2140262282555
2026-07-12 04:00:00.023000+00:00,963.2265262282556
2026-07-12 05:00:00.029000+00:00,963.2390262282556
2026-07-12 06:00:00.033000+00:00,963.2489512282556
2026-07-12 07:00:00.036000+00:00,963.2560014282556
2026-07-12 08:00:00.016000+00:00,963.2682752282556
2026-07-12 09:00:00.011000+00:00,963.2788721282556
2026-07-12 10:00:00.018000+00:00,963.2913721282556
2026-07-12 11:00:00.026000+00:00,963.3038721282556
2026-07-12 12:00:00.051000+00:00,963.3139535282556
2026-07-12 13:00:00.002000+00:00,963.3264535282557
2026-07-12 14:00:00.005000+00:00,963.3389535282557
2026-07-12 15:00:00.049000+00:00,963.3514535282558
2026-07-12 16:00:00.038000+00:00,963.3639535282558
2026-07-12 17:00:00.033000+00:00,963.3764535282559
2026-07-12 18:00:00.074000+00:00,963.3889535282559
2026-07-12 19:00:00.028000+00:00,963.401453528256
2026-07-12 20:00:00.131000+00:00,963.413953528256
2026-07-12 21:00:00.020000+00:00,963.426453528256
2026-07-12 22:00:00.022000+00:00,963.4389535282561
2026-07-12 23:00:00.070000+00:00,963.4514535282561
2026-07-13 00:00:00.059000+00:00,963.4639535282562
2026-07-13 01:00:00.019000+00:00,963.4764535282562
2026-07-13 02:00:00.075000+00:00,963.4889535282563
2026-07-13 03:00:00.046000+00:00,963.4981251282562
2026-07-13 04:00:00.053000+00:00,963.5032192282562
2026-07-13 05:00:00.041000+00:00,963.5157192282562
2026-07-13 06:00:00.026000+00:00,963.5282192282563
2026-07-13 07:00:00.058000+00:00,963.5407192282563
2026-07-13 08:00:00.019000+00:00,963.5506380282563
2026-07-13 09:00:00.001000+00:00,963.5631380282564
2026-07-13 10:00:00.032000+00:00,963.5756380282564
2026-07-13 11:00:00.001000+00:00,963.5824650282565
2026-07-13 12:00:00.048000+00:00,963.5949650282565
2026-07-13 13:00:00.014000+00:00,963.6074650282566
2026-07-13 14:00:00.010000+00:00,963.6199650282566
2026-07-13 15:00:00.082000+00:00,963.6324650282567
2026-07-13 16:00:00.032000+00:00,963.6449650282567
2026-07-13 17:00:00.052000+00:00,963.6486142282567
2026-07-13 18:00:00.052000+00:00,963.6532798282567
2026-07-13 19:00:00.116000+00:00,963.6657798282567
2026-07-13 20:00:00.071000+00:00,963.6752704282568
2026-07-13 21:00:00.041000+00:00,963.6525646282568
2026-07-13 22:00:00.060000+00:00,963.6335309282567
2026-07-13 23:00:00.021000+00:00,963.6170941282568
2026-07-14 00:00:00.011000+00:00,963.6121748282568
2026-07-14 01:00:00.018000+00:00,963.6109272282567
2026-07-14 02:00:00.032000+00:00,963.6088148282568
2026-07-14 03:00:00.017000+00:00,963.6194081282567
2026-07-14 04:00:00.061000+00:00,963.6192242282567
2026-07-14 05:00:00.064000+00:00,963.6275217282567
2026-07-14 06:00:00.074000+00:00,963.6389364282568
2026-07-14 07:00:00.044000+00:00,963.6465941282568
2026-07-14 08:00:00.009000+00:00,963.6395397282568
2026-07-14 09:00:00.061000+00:00,963.6416479282567
2026-07-14 10:00:00.113000+00:00,963.6415562282567
2026-07-14 11:00:00.030000+00:00,963.6496500282567
2026-07-14 12:00:00.008000+00:00,963.6621500282567
2026-07-14 13:00:00.028000+00:00,963.6746500282568
2026-07-14 14:00:00.012000+00:00,963.6871500282568
2026-07-14 15:00:00.038000+00:00,963.6996500282569
2026-07-14 16:00:00.005000+00:00,963.7121500282569
2026-07-14 17:00:00.042000+00:00,963.724650028257
2026-07-14 18:00:00.013000+00:00,963.737150028257
2026-07-14 19:00:00.021000+00:00,963.7496500282571
2026-07-14 20:00:00.027000+00:00,963.7621500282571
2026-07-14 21:00:00.003000+00:00,963.773415128257
2026-07-14 22:00:00.007000+00:00,963.7859151282571
2026-07-14 23:00:00.049000+00:00,963.7984151282571
2026-07-15 00:00:00.046000+00:00,963.8109151282572
2026-07-15 01:00:00.032000+00:00,963.8234151282572
2026-07-15 02:00:00.028000+00:00,963.8359151282573
2026-07-15 03:00:00.041000+00:00,963.8484151282573
2026-07-15 04:00:00.005000+00:00,963.8609151282574
2026-07-15 05:00:00.066000+00:00,963.8734151282574
2026-07-15 06:00:00.025000+00:00,963.8859151282575
2026-07-15 07:00:00.039000+00:00,963.8984151282575
2026-07-15 08:00:00.024000+00:00,963.9107590282575
2026-07-15 09:00:00.018000+00:00,963.9174971282575
2026-07-15 10:00:00.013000+00:00,963.9199971282576
2026-07-15 11:00:00.002000+00:00,963.9242921282575
2026-07-15 12:00:00.055000+00:00,963.9315061282575
2026-07-15 13:00:00.042000+00:00,963.9438233282575
2026-07-15 14:00:00.050000+00:00,963.9563233282576
2026-07-15 15:00:00.004000+00:00,963.9679670282576
2026-07-15 16:00:00.009000+00:00,963.9750247282576
2026-07-15 17:00:00.031000+00:00,963.9838210282576
2026-07-15 18:00:00.023000+00:00,963.9963210282576
2026-07-15 19:00:00.063000+00:00,964.0088210282577
2026-07-15 20:00:00.068000+00:00,964.0141371282576
2026-07-15 21:00:00.027000+00:00,964.0244211282576
2026-07-15 22:00:00.016000+00:00,964.0306604282575
2026-07-15 23:00:00.034000+00:00,964.0402199282576
2026-07-16 00:00:00.034000+00:00,964.0527199282576
2026-07-16 01:00:00.054000+00:00,964.0493223282576
2026-07-16 02:00:00.027000+00:00,964.0405921282577
2026-07-16 03:00:00.033000+00:00,964.0325081282576
2026-07-16 04:00:00.056000+00:00,964.0220031282577
2026-07-16 05:00:00.122000+00:00,964.0171987282577
2026-07-16 06:00:00.066000+00:00,964.0251843282576
2026-07-16 07:00:00.042000+00:00,964.0310883282576
2026-07-16 08:00:00.015000+00:00,964.0304969282577
2026-07-16 09:00:00.017000+00:00,964.0243721282577
2026-07-16 10:00:00.008000+00:00,964.0252086282577
2026-07-16 11:00:00.020000+00:00,964.0229976282577
2026-07-16 12:00:00.028000+00:00,964.0185678282577
2026-07-16 13:00:00.050000+00:00,964.0190961282577
2026-07-16 14:00:00.054000+00:00,964.0289231282577
2026-07-16 15:00:00.016000+00:00,964.0414231282577
2026-07-16 16:00:00.041000+00:00,964.0539231282578
2026-07-16 17:00:00+00:00,964.0664231282578
2026-07-16 18:00:00.011000+00:00,964.0693796282578
2026-07-16 19:00:00.031000+00:00,964.0685871282578
2026-07-16 20:00:00.030000+00:00,958.5563094611957
2026-07-16 21:00:00.011000+00:00,958.5563094611957
2026-07-16 22:00:00.008000+00:00,958.5563094611957
2026-07-16 23:00:00.017000+00:00,958.5563094611957
2026-07-17 00:00:00.018000+00:00,958.5563094611957
2026-07-17 01:00:00.021000+00:00,958.5563094611957
2026-07-17 02:00:00.001000+00:00,958.5563094611957
2026-07-17 03:00:00.017000+00:00,958.5563094611957
2026-07-17 04:00:00.041000+00:00,958.5563094611957
2026-07-17 05:00:00.052000+00:00,958.5563094611957
2026-07-17 06:00:00.032000+00:00,958.5563094611957
2026-07-17 07:00:00.072000+00:00,958.5563094611957
2026-07-17 08:00:00.065000+00:00,958.5563094611957
2026-07-17 09:00:00.031000+00:00,958.5563094611957
2026-07-17 10:00:00.070000+00:00,958.5563094611957
2026-07-17 11:00:00.020000+00:00,958.5563094611957
2026-07-17 12:00:00.011000+00:00,958.5563094611957
2026-07-17 13:00:00.060000+00:00,958.5563094611957
2026-07-17 14:00:00.111000+00:00,958.5563094611957
2026-07-17 15:00:00.050000+00:00,958.5563094611957
2026-07-17 16:00:00.048000+00:00,958.5563094611957
2026-07-17 17:00:00.062000+00:00,958.5563094611957
2026-07-17 18:00:00.022000+00:00,958.5563094611957
2026-07-17 19:00:00.025000+00:00,958.5563094611957
2026-07-17 20:00:00.039000+00:00,958.5563094611957
2026-07-17 21:00:00.065000+00:00,958.5563094611957
2026-07-17 22:00:00.069000+00:00,958.5563094611957
2026-07-17 23:00:00.041000+00:00,958.5563094611957
2026-07-18 00:00:00.082000+00:00,958.5563094611957
