timestamp,equity_eur
2026-01-15 09:00:00.023000+00:00,1000.0
2026-01-15 10:00:00.082000+00:00,1000.0
2026-01-15 11:00:00.076000+00:00,1000.0
2026-01-15 12:00:00.028000+00:00,1000.0
2026-01-15 13:00:00.044000+00:00,1000.0
2026-01-15 14:00:00.054000+00:00,1000.0
2026-01-15 15:00:00.001000+00:00,1000.0
2026-01-15 16:00:00.020000+00:00,1000.0
2026-01-15 17:00:00.067000+00:00,1000.0
2026-01-15 18:00:00.062000+00:00,1000.0
2026-01-15 19:00:00.003000+00:00,1000.0
2026-01-15 20:00:00.057000+00:00,1000.0
2026-01-15 21:00:00.062000+00:00,1000.0
2026-01-15 22:00:00.033000+00:00,1000.0
2026-01-15 23:00:00+00:00,1000.0
2026-01-16 00:00:00.092000+00:00,1000.0
2026-01-16 01:00:00.045000+00:00,1000.0
2026-01-16 02:00:00.007000+00:00,1000.0
2026-01-16 03:00:00.044000+00:00,1000.0
2026-01-16 04:00:00.096000+00:00,1000.0
2026-01-16 05:00:00.028000+00:00,1000.0
2026-01-16 06:00:00.013000+00:00,1000.0
2026-01-16 07:00:00.059000+00:00,1000.0
2026-01-16 08:00:00.044000+00:00,1000.0
2026-01-16 09:00:00.013000+00:00,994.3904177472973
2026-01-16 10:00:00.073000+00:00,994.3602448472973
2026-01-16 11:00:00.003000+00:00,994.3517610472973
2026-01-16 12:00:00.005000+00:00,994.3642610472973
2026-01-16 13:00:00.060000+00:00,994.3408892472974
2026-01-16 14:00:00.084000+00:00,994.3199952472974
2026-01-16 15:00:00.051000+00:00,994.3324952472974
2026-01-16 16:00:00.040000+00:00,994.3449952472974
2026-01-16 17:00:00.051000+00:00,994.3574952472975
2026-01-16 18:00:00.045000+00:00,994.3699952472975
2026-01-16 19:00:00.147000+00:00,994.3824952472976
2026-01-16 20:00:00.078000+00:00,994.3949952472976
2026-01-16 21:00:00.092000+00:00,994.3758158472976
2026-01-16 22:00:00.120000+00:00,994.3701583472977
2026-01-16 23:00:00.021000+00:00,988.7480760945949
2026-01-17 00:00:00.037000+00:00,988.7480760945949
2026-01-17 01:00:00.055000+00:00,988.7480760945949
2026-01-17 02:00:00.090000+00:00,988.7480760945949
2026-01-17 03:00:00.036000+00:00,988.7480760945949
2026-01-17 04:00:00.003000+00:00,988.7480760945949
2026-01-17 05:00:00.027000+00:00,988.7480760945949
2026-01-17 06:00:00.104000+00:00,988.7480760945949
2026-01-17 07:00:00.005000+00:00,988.7480760945949
2026-01-17 08:00:00.022000+00:00,988.7480760945949
2026-01-17 09:00:00.004000+00:00,988.7480760945949
2026-01-17 10:00:00.039000+00:00,988.7480760945949
2026-01-17 11:00:00.095000+00:00,988.7480760945949
2026-01-17 12:00:00.021000+00:00,988.7480760945949
2026-01-17 13:00:00.089000+00:00,983.3884835418921
2026-01-17 14:00:00.030000+00:00,983.5958455418921
2026-01-17 15:00:00.010000+00:00,983.7094103418921
2026-01-17 16:00:00.102000+00:00,983.778722041892
2026-01-17 17:00:00.010000+00:00,983.868383641892
2026-01-17 18:00:00.066000+00:00,983.919019441892
2026-01-17 19:00:00.038000+00:00,984.0236100418921
2026-01-17 20:00:00.073000+00:00,984.1833068418921
2026-01-17 21:00:00.017000+00:00,984.3610622418921
2026-01-17 22:00:00.036000+00:00,984.5418032418921
2026-01-17 23:00:00.100000+00:00,984.9246853418921
2026-01-18 00:00:00.017000+00:00,985.1820331418921
2026-01-18 01:00:00.117000+00:00,985.4831029418922
2026-01-18 02:00:00.061000+00:00,985.7133536418922
2026-01-18 03:00:00.047000+00:00,986.0347926418923
2026-01-18 04:00:00.062000+00:00,986.2188025418923
2026-01-18 05:00:00.034000+00:00,986.3410326418923
2026-01-18 06:00:00.066000+00:00,986.3535326418923
2026-01-18 07:00:00.063000+00:00,986.3660326418924
2026-01-18 08:00:00.106000+00:00,986.3785326418924
2026-01-18 09:00:00.110000+00:00,986.4094801418925
2026-01-18 10:00:00.047000+00:00,986.4245140418925
2026-01-18 11:00:00.085000+00:00,986.4429402418925
2026-01-18 12:00:00.016000+00:00,986.4840850418925
2026-01-18 13:00:00.054000+00:00,986.4965850418926
2026-01-18 14:00:00.035000+00:00,986.5090850418926
2026-01-18 15:00:00.030000+00:00,986.5215850418926
2026-01-18 16:00:00.021000+00:00,986.5340850418927
2026-01-18 17:00:00.040000+00:00,986.5465850418927
2026-01-18 18:00:00.067000+00:00,986.5590850418928
2026-01-18 19:00:00.018000+00:00,986.5979786418928
2026-01-18 20:00:00.055000+00:00,986.6163852418929
2026-01-18 21:00:00.024000+00:00,986.6288852418929
2026-01-18 22:00:00.042000+00:00,986.6911827418929
2026-01-18 23:00:00.113000+00:00,986.707963141893
2026-01-19 00:00:00.034000+00:00,986.739639241893
2026-01-19 01:00:00.098000+00:00,986.766562241893
2026-01-19 02:00:00.001000+00:00,986.779062241893
2026-01-19 03:00:00.009000+00:00,986.7915622418931
2026-01-19 04:00:00.051000+00:00,986.8040622418931
2026-01-19 05:00:00+00:00,986.8165622418932
2026-01-19 06:00:00.033000+00:00,986.8290622418932
2026-01-19 07:00:00.014000+00:00,986.8415622418933
2026-01-19 08:00:00.026000+00:00,986.8253914418932
2026-01-19 09:00:00.012000+00:00,986.8378914418932
2026-01-19 10:00:00.012000+00:00,986.8503914418933
2026-01-19 11:00:00.094000+00:00,986.8628914418933
2026-01-19 12:00:00+00:00,986.8753914418934
2026-01-19 13:00:00.041000+00:00,986.9040266418934
2026-01-19 14:00:00.040000+00:00,986.9877599418934
2026-01-19 15:00:00.049000+00:00,987.0002599418934
2026-01-19 16:00:00.056000+00:00,987.0301480418934
2026-01-19 17:00:00.011000+00:00,987.0868147418935
2026-01-19 18:00:00.005000+00:00,987.0993147418935
2026-01-19 19:00:00.012000+00:00,987.1618229418935
2026-01-19 20:00:00.025000+00:00,987.1743229418936
2026-01-19 21:00:00.079000+00:00,987.1868229418936
2026-01-19 22:00:00.033000+00:00,987.1993229418937
2026-01-19 23:00:00.040000+00:00,987.2118229418937
2026-01-20 00:00:00.007000+00:00,987.2243229418938
2026-01-20 01:00:00.011000+00:00,987.2368229418938
2026-01-20 02:00:00.057000+00:00,987.2493229418939
2026-01-20 03:00:00.001000+00:00,987.2618229418939
2026-01-20 04:00:00.167000+00:00,987.274322941894
2026-01-20 05:00:00.112000+00:00,987.2883488418939
2026-01-20 06:00:00.064000+00:00,987.300848841894
2026-01-20 07:00:00.110000+00:00,987.313348841894
2026-01-20 08:00:00.010000+00:00,987.3258488418941
2026-01-20 09:00:00.079000+00:00,987.3383488418941
2026-01-20 10:00:00.046000+00:00,987.3508488418942
2026-01-20 11:00:00.018000+00:00,987.3633488418942
2026-01-20 12:00:00.064000+00:00,987.3649115418942
2026-01-20 13:00:00.054000+00:00,987.3774115418943
2026-01-20 14:00:00.109000+00:00,987.3899115418943
2026-01-20 15:00:00.061000+00:00,987.4024115418944
2026-01-20 16:00:00.047000+00:00,987.4149115418944
2026-01-20 17:00:00.034000+00:00,987.4274115418945
2026-01-20 18:00:00.037000+00:00,987.4399115418945
2026-01-20 19:00:00.028000+00:00,987.5297478418945
2026-01-20 20:00:00.020000+00:00,987.5422478418946
2026-01-20 21:00:00.025000+00:00,987.5547478418946
2026-01-20 22:00:00.005000+00:00,987.5672478418946
2026-01-20 23:00:00.015000+00:00,987.6380337418947
2026-01-21 00:00:00.063000+00:00,987.7483891418947
2026-01-21 01:00:00.039000+00:00,987.8212651418946
2026-01-21 02:00:00.038000+00:00,987.8817194418946
2026-01-21 03:00:00.143000+00:00,987.9177628418946
2026-01-21 04:00:00.034000+00:00,987.9633056418946
2026-01-21 05:00:00.057000+00:00,988.0252061418946
2026-01-21 06:00:00.014000+00:00,988.1278119418946
2026-01-21 07:00:00.016000+00:00,988.1837382418946
2026-01-21 08:00:00.028000+00:00,988.2227593418946
2026-01-21 09:00:00.046000+00:00,988.2515809418946
2026-01-21 10:00:00.018000+00:00,988.2833235418947
2026-01-21 11:00:00.027000+00:00,988.3235473418947
2026-01-21 12:00:00.031000+00:00,988.3461404418947
2026-01-21 13:00:00.094000+00:00,988.3810984418947
2026-01-21 14:00:00.007000+00:00,988.4125037418946
2026-01-21 15:00:00.012000+00:00,988.4250037418947
2026-01-21 16:00:00.016000+00:00,988.4375037418947
2026-01-21 17:00:00.079000+00:00,988.4500037418948
2026-01-21 18:00:00.006000+00:00,988.4625037418948
2026-01-21 19:00:00.021000+00:00,988.4750037418949
2026-01-21 20:00:00.017000+00:00,988.4875037418949
2026-01-21 21:00:00.045000+00:00,988.500003741895
2026-01-21 22:00:00.093000+00:00,988.512503741895
2026-01-21 23:00:00.012000+00:00,988.525003741895
2026-01-22 00:00:00.068000+00:00,988.5375037418951
2026-01-22 01:00:00.076000+00:00,988.5500037418951
2026-01-22 02:00:00.069000+00:00,988.5625037418952
2026-01-22 03:00:00.112000+00:00,988.5750037418952
2026-01-22 04:00:00.005000+00:00,988.5875037418953
2026-01-22 05:00:00.033000+00:00,988.6000037418953
2026-01-22 06:00:00.029000+00:00,988.6125037418954
2026-01-22 07:00:00.022000+00:00,988.6250037418954
2026-01-22 08:00:00.084000+00:00,988.6375037418954
2026-01-22 09:00:00.040000+00:00,988.6500037418955
2026-01-22 10:00:00.057000+00:00,988.6625037418955
2026-01-22 11:00:00.047000+00:00,988.6750037418956
2026-01-22 12:00:00.063000+00:00,988.6875037418956
2026-01-22 13:00:00.020000+00:00,988.7000037418957
2026-01-22 14:00:00.092000+00:00,988.7125037418957
2026-01-22 15:00:00.007000+00:00,988.7250037418958
2026-01-22 16:00:00.083000+00:00,988.7375037418958
2026-01-22 17:00:00.035000+00:00,988.7500037418959
2026-01-22 18:00:00.004000+00:00,988.7625037418959
2026-01-22 19:00:00.016000+00:00,988.775003741896
2026-01-22 20:00:00.017000+00:00,988.787503741896
2026-01-22 21:00:00.096000+00:00,988.800003741896
2026-01-22 22:00:00.013000+00:00,988.8125037418961
2026-01-22 23:00:00.019000+00:00,988.8323706418961
2026-01-23 00:00:00.009000+00:00,988.9033573418961
2026-01-23 01:00:00.034000+00:00,988.9158573418962
2026-01-23 02:00:00.028000+00:00,988.9401736418962
2026-01-23 03:00:00.122000+00:00,988.9576774418962
2026-01-23 04:00:00.017000+00:00,988.9784048418962
2026-01-23 05:00:00.154000+00:00,988.9909048418963
2026-01-23 06:00:00.112000+00:00,989.0034048418963
2026-01-23 07:00:00.066000+00:00,989.0159048418964
2026-01-23 08:00:00.100000+00:00,989.0284048418964
2026-01-23 09:00:00.005000+00:00,989.0552468418964
2026-01-23 10:00:00.058000+00:00,989.0677468418965
2026-01-23 11:00:00.030000+00:00,989.0802468418965
2026-01-23 12:00:00.029000+00:00,989.0927468418965
2026-01-23 13:00:00.018000+00:00,989.1052468418966
2026-01-23 14:00:00.013000+00:00,989.1398160418966
2026-01-23 15:00:00.048000+00:00,989.1658179418965
2026-01-23 16:00:00.010000+00:00,989.2092635418966
2026-01-23 17:00:00.061000+00:00,989.2533217418966
2026-01-23 18:00:00.037000+00:00,989.2993634418966
2026-01-23 19:00:00.047000+00:00,989.3514682418967
2026-01-23 20:00:00.055000+00:00,989.3639682418967
2026-01-23 21:00:00.085000+00:00,989.3924716418967
2026-01-23 22:00:00.039000+00:00,989.4074060418967
2026-01-23 23:00:00.085000+00:00,989.4450298418967
2026-01-24 00:00:00.017000+00:00,989.4846200418967
2026-01-24 01:00:00.061000+00:00,989.5161991418968
2026-01-24 02:00:00.093000+00:00,989.5507642418968
2026-01-24 03:00:00.032000+00:00,989.5742321418968
2026-01-24 04:00:00.067000+00:00,989.5867321418968
2026-01-24 05:00:00.043000+00:00,989.5992321418969
2026-01-24 06:00:00.032000+00:00,989.6117321418969
2026-01-24 07:00:00.003000+00:00,989.624232141897
2026-01-24 08:00:00.030000+00:00,989.636732141897
2026-01-24 09:00:00.058000+00:00,989.6492321418971
2026-01-24 10:00:00.112000+00:00,989.6623612418971
2026-01-24 11:00:00.027000+00:00,989.6748612418971
2026-01-24 12:00:00.100000+00:00,989.6873612418972
2026-01-24 13:00:00.080000+00:00,989.7042210418972
2026-01-24 14:00:00.016000+00:00,989.7167210418972
2026-01-24 15:00:00.060000+00:00,989.7292210418973
2026-01-24 16:00:00.092000+00:00,989.7417210418973
2026-01-24 17:00:00.040000+00:00,989.7620653418974
2026-01-24 18:00:00.011000+00:00,989.7896734418973
2026-01-24 19:00:00.036000+00:00,989.8057428418973
2026-01-24 20:00:00.028000+00:00,989.8394565418973
2026-01-24 21:00:00.012000+00:00,989.8519565418974
2026-01-24 22:00:00.056000+00:00,989.8644565418974
2026-01-24 23:00:00.017000+00:00,989.8769565418975
2026-01-25 00:00:00.006000+00:00,989.9105271418974
2026-01-25 01:00:00.021000+00:00,989.9589631418975
2026-01-25 02:00:00.135000+00:00,989.9911557418975
2026-01-25 03:00:00.054000+00:00,990.0421203418975
2026-01-25 04:00:00.109000+00:00,990.1074771418976
2026-01-25 05:00:00.110000+00:00,990.1583604418976
2026-01-25 06:00:00.117000+00:00,990.2131338418976
2026-01-25 07:00:00.059000+00:00,990.2613898418977
2026-01-25 08:00:00.042000+00:00,990.3141255418976
2026-01-25 09:00:00.055000+00:00,990.3378141418976
2026-01-25 10:00:00.045000+00:00,990.3503141418977
2026-01-25 11:00:00.011000+00:00,990.3795643418977
2026-01-25 12:00:00.029000+00:00,990.4113621418977
2026-01-25 13:00:00.065000+00:00,990.4624903418977
2026-01-25 14:00:00.031000+00:00,990.4920815418977
2026-01-25 15:00:00.075000+00:00,990.5075259418977
2026-01-25 16:00:00.012000+00:00,990.5307723418977
2026-01-25 17:00:00.013000+00:00,990.5717227418977
2026-01-25 18:00:00.020000+00:00,990.6409866418977
2026-01-25 19:00:00.010000+00:00,990.6936903418978
2026-01-25 20:00:00.016000+00:00,990.7494362418978
2026-01-25 21:00:00.021000+00:00,990.7783097418978
2026-01-25 22:00:00.063000+00:00,990.8317250418978
2026-01-25 23:00:00.127000+00:00,990.8854601418979
2026-01-26 00:00:00.127000+00:00,990.9419311418978
2026-01-26 01:00:00.001000+00:00,990.9718970418978
2026-01-26 02:00:00.026000+00:00,991.0678736418978
2026-01-26 03:00:00.059000+00:00,991.1169831418978
2026-01-26 04:00:00.056000+00:00,991.1364495418978
2026-01-26 05:00:00.020000+00:00,991.1489495418979
2026-01-26 06:00:00.101000+00:00,991.1614495418979
2026-01-26 07:00:00.055000+00:00,991.185064241898
2026-01-26 08:00:00.040000+00:00,991.204453041898
2026-01-26 09:00:00.056000+00:00,991.216953041898
2026-01-26 10:00:00.060000+00:00,991.2294530418981
2026-01-26 11:00:00.055000+00:00,991.2419530418981
2026-01-26 12:00:00.081000+00:00,991.2544530418982
2026-01-26 13:00:00+00:00,991.2669530418982
2026-01-26 14:00:00.050000+00:00,991.2794530418983
2026-01-26 15:00:00.064000+00:00,991.2919530418983
2026-01-26 16:00:00.006000+00:00,991.3044530418983
2026-01-26 17:00:00.012000+00:00,991.3169530418984
2026-01-26 18:00:00.010000+00:00,991.3294530418984
2026-01-26 19:00:00.045000+00:00,991.3581808418984
2026-01-26 20:00:00.034000+00:00,991.3791114418984
2026-01-26 21:00:00.094000+00:00,991.4088308418984
2026-01-26 22:00:00.049000+00:00,991.4213308418985
2026-01-26 23:00:00.079000+00:00,991.4784370418985
2026-01-27 00:00:00.085000+00:00,991.5421713418984
2026-01-27 01:00:00.073000+00:00,991.5878640418985
2026-01-27 02:00:00.052000+00:00,991.6724370418984
2026-01-27 03:00:00.012000+00:00,991.7335269418984
2026-01-27 04:00:00.017000+00:00,991.7903942418984
2026-01-27 05:00:00.023000+00:00,991.8371863418984
2026-01-27 06:00:00+00:00,991.8647484418983
2026-01-27 07:00:00.049000+00:00,991.8822992418983
2026-01-27 08:00:00.092000+00:00,991.8947992418983
2026-01-27 09:00:00.020000+00:00,991.9072992418984
2026-01-27 10:00:00.056000+00:00,991.9197992418984
2026-01-27 11:00:00.003000+00:00,991.9322992418985
2026-01-27 12:00:00.051000+00:00,991.9447992418985
2026-01-27 13:00:00.006000+00:00,991.9572992418986
2026-01-27 14:00:00.041000+00:00,991.9697992418986
2026-01-27 15:00:00.074000+00:00,991.9822992418987
2026-01-27 16:00:00.103000+00:00,991.9947992418987
2026-01-27 17:00:00.024000+00:00,992.0072992418987
2026-01-27 18:00:00.011000+00:00,992.0394941418988
2026-01-27 19:00:00.027000+00:00,992.0519941418988
2026-01-27 20:00:00.082000+00:00,992.0644941418989
2026-01-27 21:00:00.015000+00:00,992.0769941418989
2026-01-27 22:00:00.042000+00:00,992.089494141899
2026-01-27 23:00:00.015000+00:00,992.1320912418989
2026-01-28 00:00:00.090000+00:00,992.171700541899
2026-01-28 01:00:00.024000+00:00,992.187951341899
2026-01-28 02:00:00.053000+00:00,992.200451341899
2026-01-28 03:00:00.047000+00:00,992.217185041899
2026-01-28 04:00:00.114000+00:00,992.260863041899
2026-01-28 05:00:00.046000+00:00,992.2733630418991
2026-01-28 06:00:00.127000+00:00,992.2891759418991
2026-01-28 07:00:00.070000+00:00,992.3420445418991
2026-01-28 08:00:00.044000+00:00,992.3545445418991
2026-01-28 09:00:00.042000+00:00,992.3670445418992
2026-01-28 10:00:00.038000+00:00,992.3850825418992
2026-01-28 11:00:00.016000+00:00,992.4069899418993
2026-01-28 12:00:00.051000+00:00,992.4194899418993
2026-01-28 13:00:00.094000+00:00,992.4319899418994
2026-01-28 14:00:00.054000+00:00,992.4444899418994
2026-01-28 15:00:00.003000+00:00,992.4569899418995
2026-01-28 16:00:00.022000+00:00,992.4694899418995
2026-01-28 17:00:00.048000+00:00,992.4819899418995
2026-01-28 18:00:00.020000+00:00,992.4944899418996
2026-01-28 19:00:00.072000+00:00,992.5069899418996
2026-01-28 20:00:00.063000+00:00,992.5194899418997
2026-01-28 21:00:00.108000+00:00,992.5319899418997
2026-01-28 22:00:00.010000+00:00,992.5444899418998
2026-01-28 23:00:00.022000+00:00,992.5569899418998
2026-01-29 00:00:00.027000+00:00,992.5821773418999
2026-01-29 01:00:00.021000+00:00,992.5946773418999
2026-01-29 02:00:00.049000+00:00,992.6071773419
2026-01-29 03:00:00.013000+00:00,992.6196773419
2026-01-29 04:00:00.038000+00:00,992.6321773419
2026-01-29 05:00:00.051000+00:00,992.6446773419001
2026-01-29 06:00:00.048000+00:00,992.6627445419001
2026-01-29 07:00:00.087000+00:00,992.6752445419002
2026-01-29 08:00:00.047000+00:00,992.6877445419002
2026-01-29 09:00:00.026000+00:00,992.7002445419002
2026-01-29 10:00:00.066000+00:00,992.7127445419003
2026-01-29 11:00:00.051000+00:00,992.7333314419003
2026-01-29 12:00:00+00:00,992.7458314419004
2026-01-29 13:00:00.120000+00:00,992.7583314419004
2026-01-29 14:00:00.011000+00:00,992.7708314419004
2026-01-29 15:00:00.016000+00:00,992.7833314419005
2026-01-29 16:00:00.059000+00:00,992.7982061419004
2026-01-29 17:00:00.082000+00:00,992.8604975419005
2026-01-29 18:00:00.099000+00:00,992.8729975419005
2026-01-29 19:00:00.054000+00:00,992.8854975419006
2026-01-29 20:00:00.035000+00:00,992.8979975419006
2026-01-29 21:00:00.049000+00:00,992.9104975419007
2026-01-29 22:00:00.059000+00:00,992.9393842419007
2026-01-29 23:00:00.037000+00:00,992.9619742419007
2026-01-30 00:00:00.022000+00:00,992.9744742419008
2026-01-30 01:00:00.010000+00:00,992.9869742419008
2026-01-30 02:00:00.075000+00:00,992.9994742419009
2026-01-30 03:00:00.038000+00:00,993.0119742419009
2026-01-30 04:00:00.028000+00:00,993.028110741901
2026-01-30 05:00:00.053000+00:00,993.040610741901
2026-01-30 06:00:00.084000+00:00,993.053110741901
2026-01-30 07:00:00.117000+00:00,993.0656107419011
2026-01-30 08:00:00.018000+00:00,993.0781107419011
2026-01-30 09:00:00.103000+00:00,993.0906107419012
2026-01-30 10:00:00.049000+00:00,993.1207102419012
2026-01-30 11:00:00.108000+00:00,993.1376919419012
2026-01-30 12:00:00.036000+00:00,993.1608531419012
2026-01-30 13:00:00.025000+00:00,993.1733531419012
2026-01-30 14:00:00.033000+00:00,993.1858531419012
2026-01-30 15:00:00.008000+00:00,993.1983531419013
2026-01-30 16:00:00.054000+00:00,993.2108531419013
2026-01-30 17:00:00.105000+00:00,993.2233531419014
2026-01-30 18:00:00.037000+00:00,993.2358531419014
2026-01-30 19:00:00.042000+00:00,993.2483531419015
2026-01-30 20:00:00.041000+00:00,993.2608531419015
2026-01-30 21:00:00.006000+00:00,993.2733531419016
2026-01-30 22:00:00.001000+00:00,993.2858531419016
2026-01-30 23:00:00.031000+00:00,993.2983531419017
2026-01-31 00:00:00.171000+00:00,993.3268517419017
2026-01-31 01:00:00.100000+00:00,993.3532208419017
2026-01-31 02:00:00.068000+00:00,993.3657208419017
2026-01-31 03:00:00.097000+00:00,993.3782208419018
2026-01-31 04:00:00.012000+00:00,993.3907208419018
2026-01-31 05:00:00.026000+00:00,993.4032208419019
2026-01-31 06:00:00.002000+00:00,993.4157208419019
2026-01-31 07:00:00.010000+00:00,993.428220841902
2026-01-31 08:00:00.049000+00:00,993.440720841902
2026-01-31 09:00:00.076000+00:00,993.425082241902
2026-01-31 10:00:00.022000+00:00,993.434452341902
2026-01-31 11:00:00.050000+00:00,993.446952341902
2026-01-31 12:00:00.105000+00:00,993.450833041902
2026-01-31 13:00:00.035000+00:00,993.397634341902
2026-01-31 14:00:00.027000+00:00,993.355072941902
2026-01-31 15:00:00.033000+00:00,993.322049241902
2026-01-31 16:00:00.091000+00:00,993.3345492419021
2026-01-31 17:00:00.030000+00:00,993.3470492419021
2026-01-31 18:00:00.057000+00:00,993.3595492419022
2026-01-31 19:00:00.118000+00:00,993.3720492419022
2026-01-31 20:00:00.081000+00:00,993.3845492419023
2026-01-31 21:00:00.058000+00:00,993.3764736419023
2026-01-31 22:00:00.056000+00:00,993.3889736419023
2026-01-31 23:00:00.088000+00:00,993.4014736419024
2026-02-01 00:00:00.016000+00:00,993.4139736419024
2026-02-01 01:00:00.017000+00:00,993.4264736419025
2026-02-01 02:00:00.052000+00:00,993.4389736419025
2026-02-01 03:00:00.047000+00:00,993.4514736419026
2026-02-01 04:00:00.091000+00:00,993.4639736419026
2026-02-01 05:00:00.008000+00:00,993.4764736419027
2026-02-01 06:00:00.029000+00:00,993.4889736419027
2026-02-01 07:00:00.060000+00:00,993.5014736419027
2026-02-01 08:00:00.056000+00:00,993.5139736419028
2026-02-01 09:00:00+00:00,993.5264736419028
2026-02-01 10:00:00.092000+00:00,993.5389736419029
2026-02-01 11:00:00.017000+00:00,993.5514736419029
2026-02-01 12:00:00.097000+00:00,993.563973641903
2026-02-01 13:00:00.026000+00:00,993.576473641903
2026-02-01 14:00:00.096000+00:00,993.5889736419031
2026-02-01 15:00:00.019000+00:00,993.6005883419031
2026-02-01 16:00:00.034000+00:00,993.6019628419031
2026-02-01 17:00:00.041000+00:00,993.599373141903
2026-02-01 18:00:00.062000+00:00,993.6118731419031
2026-02-01 19:00:00.042000+00:00,993.6243731419031
2026-02-01 20:00:00.067000+00:00,993.6368731419032
2026-02-01 21:00:00.104000+00:00,993.6493731419032
2026-02-01 22:00:00.015000+00:00,993.6618731419032
2026-02-01 23:00:00.006000+00:00,993.6549566419033
2026-02-02 00:00:00.059000+00:00,993.6674566419033
2026-02-02 01:00:00.038000+00:00,993.6799566419033
2026-02-02 02:00:00.017000+00:00,993.6924566419034
2026-02-02 03:00:00.062000+00:00,993.7049566419034
2026-02-02 04:00:00.064000+00:00,993.7174566419035
2026-02-02 05:00:00.106000+00:00,993.7264866419035
2026-02-02 06:00:00.074000+00:00,993.7389866419036
2026-02-02 07:00:00.020000+00:00,993.7514866419036
2026-02-02 08:00:00.007000+00:00,993.7639866419037
2026-02-02 09:00:00.043000+00:00,993.7764866419037
2026-02-02 10:00:00.084000+00:00,993.7889866419038
2026-02-02 11:00:00.047000+00:00,993.8014866419038
2026-02-02 12:00:00.061000+00:00,993.8139866419039
2026-02-02 13:00:00.088000+00:00,993.8264866419039
2026-02-02 14:00:00.065000+00:00,993.838986641904
2026-02-02 15:00:00.070000+00:00,993.851486641904
2026-02-02 16:00:00.041000+00:00,993.863986641904
2026-02-02 17:00:00.065000+00:00,993.8764866419041
2026-02-02 18:00:00.066000+00:00,993.884983841904
2026-02-02 19:00:00.004000+00:00,993.8974838419041
2026-02-02 20:00:00.023000+00:00,993.9099838419041
2026-02-02 21:00:00.014000+00:00,993.9224838419042
2026-02-02 22:00:00.099000+00:00,993.9349838419042
2026-02-02 23:00:00.055000+00:00,993.9474838419043
2026-02-03 00:00:00.013000+00:00,993.9599838419043
2026-02-03 01:00:00.015000+00:00,993.9724838419044
2026-02-03 02:00:00.012000+00:00,993.9849838419044
2026-02-03 03:00:00.032000+00:00,993.9974838419045
2026-02-03 04:00:00.038000+00:00,994.0099838419045
2026-02-03 05:00:00.029000+00:00,994.0224838419045
2026-02-03 06:00:00+00:00,994.0349838419046
2026-02-03 07:00:00.068000+00:00,994.0474838419046
2026-02-03 08:00:00.057000+00:00,994.0599838419047
2026-02-03 09:00:00.079000+00:00,994.0724838419047
2026-02-03 10:00:00.022000+00:00,994.0849838419048
2026-02-03 11:00:00.065000+00:00,994.0974838419048
2026-02-03 12:00:00.118000+00:00,994.1099838419049
2026-02-03 13:00:00.065000+00:00,994.1238710419049
2026-02-03 14:00:00.040000+00:00,994.1363710419049
2026-02-03 15:00:00.025000+00:00,994.148871041905
2026-02-03 16:00:00.059000+00:00,994.161371041905
2026-02-03 17:00:00.001000+00:00,994.173871041905
2026-02-03 18:00:00.015000+00:00,994.1863710419051
2026-02-03 19:00:00.059000+00:00,994.1988710419051
2026-02-03 20:00:00.049000+00:00,994.2113710419052
2026-02-03 21:00:00.031000+00:00,994.2238710419052
2026-02-03 22:00:00.004000+00:00,994.2363710419053
2026-02-03 23:00:00.056000+00:00,994.2695921419053
2026-02-04 00:00:00.018000+00:00,994.2820921419053
2026-02-04 01:00:00.045000+00:00,994.3050918419053
2026-02-04 02:00:00.022000+00:00,994.3175918419054
2026-02-04 03:00:00.032000+00:00,994.3420141419053
2026-02-04 04:00:00.004000+00:00,994.4027005419053
2026-02-04 05:00:00.055000+00:00,994.4553682419054
2026-02-04 06:00:00.042000+00:00,994.5150113419054
2026-02-04 07:00:00.016000+00:00,994.5423674419054
2026-02-04 08:00:00.027000+00:00,994.5870461419054
2026-02-04 09:00:00.003000+00:00,994.6220500419054
2026-02-04 10:00:00.081000+00:00,994.6345500419054
2026-02-04 11:00:00.016000+00:00,994.6470500419055
2026-02-04 12:00:00.120000+00:00,994.6595500419055
2026-02-04 13:00:00.025000+00:00,994.6870592419056
2026-02-04 14:00:00.004000+00:00,994.6995592419056
2026-02-04 15:00:00.071000+00:00,994.7120592419056
2026-02-04 16:00:00.007000+00:00,994.7245592419057
2026-02-04 17:00:00.105000+00:00,994.7462247419057
2026-02-04 18:00:00.058000+00:00,994.7727303419057
2026-02-04 19:00:00.028000+00:00,994.8096830419057
2026-02-04 20:00:00.001000+00:00,994.8221830419058
2026-02-04 21:00:00.072000+00:00,994.8399197419058
2026-02-04 22:00:00.051000+00:00,994.8524197419058
2026-02-04 23:00:00.022000+00:00,994.8649197419059
2026-02-05 00:00:00.003000+00:00,994.8821628419058
2026-02-05 01:00:00.010000+00:00,994.9473804419058
2026-02-05 02:00:00.097000+00:00,994.9888750419058
2026-02-05 03:00:00.011000+00:00,995.0013750419058
2026-02-05 04:00:00.032000+00:00,995.0138750419059
2026-02-05 05:00:00.057000+00:00,995.0451278419058
2026-02-05 06:00:00.038000+00:00,995.0618118419059
2026-02-05 07:00:00.008000+00:00,995.0865099419059
2026-02-05 08:00:00.038000+00:00,995.0990099419059
2026-02-05 09:00:00.023000+00:00,995.111509941906
2026-02-05 10:00:00.022000+00:00,995.124009941906
2026-02-05 11:00:00.046000+00:00,995.1365099419061
2026-02-05 12:00:00.036000+00:00,995.1490099419061
2026-02-05 13:00:00.013000+00:00,995.1615099419062
2026-02-05 14:00:00.012000+00:00,995.1740099419062
2026-02-05 15:00:00.079000+00:00,995.2114250419062
2026-02-05 16:00:00.065000+00:00,995.2239250419062
2026-02-05 17:00:00.004000+00:00,995.2364250419063
2026-02-05 18:00:00.104000+00:00,995.2489250419063
2026-02-05 19:00:00.030000+00:00,995.2614250419064
2026-02-05 20:00:00.057000+00:00,995.2739250419064
2026-02-05 21:00:00.013000+00:00,995.3170137419064
2026-02-05 22:00:00.040000+00:00,995.3799890419064
2026-02-05 23:00:00.019000+00:00,995.3931215419063
2026-02-06 00:00:00.083000+00:00,995.4224969419064
2026-02-06 01:00:00.049000+00:00,995.4349969419064
2026-02-06 02:00:00.026000+00:00,995.4514888419064
2026-02-06 03:00:00.050000+00:00,995.4639888419065
2026-02-06 04:00:00.075000+00:00,995.4764888419065
2026-02-06 05:00:00.102000+00:00,995.4889888419066
2026-02-06 06:00:00.022000+00:00,995.5014888419066
2026-02-06 07:00:00.074000+00:00,995.5139888419067
2026-02-06 08:00:00.037000+00:00,995.5264888419067
2026-02-06 09:00:00.042000+00:00,995.5389888419068
2026-02-06 10:00:00.053000+00:00,995.5514888419068
2026-02-06 11:00:00.032000+00:00,995.5639888419068
2026-02-06 12:00:00.009000+00:00,995.5764888419069
2026-02-06 13:00:00.032000+00:00,995.5889888419069
2026-02-06 14:00:00.024000+00:00,995.601488841907
2026-02-06 15:00:00.089000+00:00,995.613988841907
2026-02-06 16:00:00.036000+00:00,995.6264888419071
2026-02-06 17:00:00.030000+00:00,995.6389888419071
2026-02-06 18:00:00.086000+00:00,995.6514888419072
2026-02-06 19:00:00.056000+00:00,995.6639888419072
2026-02-06 20:00:00.016000+00:00,995.6764888419073
2026-02-06 21:00:00.031000+00:00,995.6889888419073
2026-02-06 22:00:00.032000+00:00,995.7014888419073
2026-02-06 23:00:00.049000+00:00,995.7139888419074
2026-02-07 00:00:00.064000+00:00,995.7264888419074
2026-02-07 01:00:00.036000+00:00,995.7389888419075
2026-02-07 02:00:00.026000+00:00,995.7514888419075
2026-02-07 03:00:00.021000+00:00,995.7639888419076
2026-02-07 04:00:00.104000+00:00,995.7764888419076
2026-02-07 05:00:00.063000+00:00,995.7954343419076
2026-02-07 06:00:00.036000+00:00,995.8079343419076
2026-02-07 07:00:00.008000+00:00,995.8204343419077
2026-02-07 08:00:00.048000+00:00,995.8329343419077
2026-02-07 09:00:00.081000+00:00,995.8454343419078
2026-02-07 10:00:00.020000+00:00,995.8579343419078
2026-02-07 11:00:00.008000+00:00,995.8704343419079
2026-02-07 12:00:00.031000+00:00,995.8829343419079
2026-02-07 13:00:00.040000+00:00,995.895434341908
2026-02-07 14:00:00.008000+00:00,995.9361484419079
2026-02-07 15:00:00.093000+00:00,996.003585441908
2026-02-07 16:00:00.146000+00:00,996.016085441908
2026-02-07 17:00:00.055000+00:00,996.028585441908
2026-02-07 18:00:00.022000+00:00,996.0410854419081
2026-02-07 19:00:00.071000+00:00,996.0675047419081
2026-02-07 20:00:00.020000+00:00,996.0800047419082
2026-02-07 21:00:00.089000+00:00,996.0925047419082
2026-02-07 22:00:00.055000+00:00,996.1050047419083
2026-02-07 23:00:00.038000+00:00,996.1175047419083
2026-02-08 00:00:00.042000+00:00,996.1300047419084
2026-02-08 01:00:00.003000+00:00,996.1425047419084
2026-02-08 02:00:00.074000+00:00,996.1550047419084
2026-02-08 03:00:00.113000+00:00,996.1675047419085
2026-02-08 04:00:00.069000+00:00,996.1800047419085
2026-02-08 05:00:00.059000+00:00,996.1925047419086
2026-02-08 06:00:00.031000+00:00,996.2050047419086
2026-02-08 07:00:00.038000+00:00,996.2175047419087
2026-02-08 08:00:00.113000+00:00,996.2300047419087
2026-02-08 09:00:00.040000+00:00,996.2425047419088
2026-02-08 10:00:00.031000+00:00,996.2550047419088
2026-02-08 11:00:00.068000+00:00,996.2675047419089
2026-02-08 12:00:00.077000+00:00,996.2800047419089
2026-02-08 13:00:00.011000+00:00,996.2925047419089
2026-02-08 14:00:00.051000+00:00,996.305004741909
2026-02-08 15:00:00.041000+00:00,996.317504741909
2026-02-08 16:00:00.023000+00:00,996.3300047419091
2026-02-08 17:00:00.043000+00:00,996.3425047419091
2026-02-08 18:00:00.023000+00:00,996.3550047419092
2026-02-08 19:00:00.070000+00:00,996.3675047419092
2026-02-08 20:00:00.046000+00:00,996.3800047419093
2026-02-08 21:00:00.059000+00:00,996.3925047419093
2026-02-08 22:00:00.049000+00:00,996.4050047419094
2026-02-08 23:00:00.015000+00:00,996.4175047419094
2026-02-09 00:00:00.009000+00:00,996.4300047419094
2026-02-09 01:00:00.034000+00:00,996.4425047419095
2026-02-09 02:00:00.118000+00:00,996.4550047419095
2026-02-09 03:00:00.004000+00:00,996.4675047419096
2026-02-09 04:00:00.091000+00:00,996.4800047419096
2026-02-09 05:00:00.037000+00:00,996.4925047419097
2026-02-09 06:00:00.020000+00:00,996.5050047419097
2026-02-09 07:00:00.026000+00:00,996.5175047419098
2026-02-09 08:00:00.013000+00:00,996.5300047419098
2026-02-09 09:00:00.040000+00:00,996.5425047419099
2026-02-09 10:00:00.131000+00:00,996.5550047419099
2026-02-09 11:00:00.088000+00:00,996.5675047419099
2026-02-09 12:00:00.030000+00:00,996.58000474191
2026-02-09 13:00:00.020000+00:00,996.59250474191
2026-02-09 14:00:00.015000+00:00,996.6050047419101
2026-02-09 15:00:00.011000+00:00,996.6175047419101
2026-02-09 16:00:00.001000+00:00,996.6300047419102
2026-02-09 17:00:00.038000+00:00,996.6425047419102
2026-02-09 18:00:00.060000+00:00,996.6550047419103
2026-02-09 19:00:00.023000+00:00,996.6675047419103
2026-02-09 20:00:00.059000+00:00,996.6954436419103
2026-02-09 21:00:00.068000+00:00,996.7079436419103
2026-02-09 22:00:00.065000+00:00,996.7204436419104
2026-02-09 23:00:00.046000+00:00,996.7329436419104
2026-02-10 00:00:00.013000+00:00,996.7454436419105
2026-02-10 01:00:00.012000+00:00,996.7579436419105
2026-02-10 02:00:00.055000+00:00,996.7704436419106
2026-02-10 03:00:00.057000+00:00,996.7909055419105
2026-02-10 04:00:00.071000+00:00,996.8034055419106
2026-02-10 05:00:00.024000+00:00,996.8263793419106
2026-02-10 06:00:00.028000+00:00,996.8471600419107
2026-02-10 07:00:00.090000+00:00,996.8596600419107
2026-02-10 08:00:00.018000+00:00,996.8721600419108
2026-02-10 09:00:00.041000+00:00,996.8846600419108
2026-02-10 10:00:00.028000+00:00,996.8971600419109
2026-02-10 11:00:00.100000+00:00,996.9096600419109
2026-02-10 12:00:00.032000+00:00,996.922160041911
2026-02-10 13:00:00.106000+00:00,996.934660041911
2026-02-10 14:00:00.038000+00:00,996.947160041911
2026-02-10 15:00:00.006000+00:00,996.9596600419111
2026-02-10 16:00:00.009000+00:00,996.9721600419111
2026-02-10 17:00:00.070000+00:00,996.9846600419112
2026-02-10 18:00:00.065000+00:00,996.9971600419112
2026-02-10 19:00:00.015000+00:00,997.0096600419113
2026-02-10 20:00:00.053000+00:00,997.0221600419113
2026-02-10 21:00:00.100000+00:00,997.0346600419114
2026-02-10 22:00:00.070000+00:00,997.0471600419114
2026-02-10 23:00:00.016000+00:00,997.0596600419115
2026-02-11 00:00:00.036000+00:00,997.0721600419115
2026-02-11 01:00:00.007000+00:00,997.0846600419115
2026-02-11 02:00:00.051000+00:00,997.0971600419116
2026-02-11 03:00:00.098000+00:00,997.1096600419116
2026-02-11 04:00:00.071000+00:00,997.1221600419117
2026-02-11 05:00:00.030000+00:00,997.1346600419117
2026-02-11 06:00:00.005000+00:00,997.1471600419118
2026-02-11 07:00:00.062000+00:00,997.1596600419118
2026-02-11 08:00:00.095000+00:00,997.1721600419119
2026-02-11 09:00:00.114000+00:00,997.1846600419119
2026-02-11 10:00:00.048000+00:00,997.197160041912
2026-02-11 11:00:00.086000+00:00,997.209660041912
2026-02-11 12:00:00.022000+00:00,997.222160041912
2026-02-11 13:00:00.055000+00:00,997.2346600419121
2026-02-11 14:00:00.087000+00:00,997.2471600419121
2026-02-11 15:00:00.012000+00:00,997.2596600419122
2026-02-11 16:00:00.074000+00:00,997.2721600419122
2026-02-11 17:00:00.077000+00:00,997.2846600419123
2026-02-11 18:00:00.062000+00:00,997.2971600419123
2026-02-11 19:00:00.045000+00:00,997.3096600419124
2026-02-11 20:00:00.051000+00:00,997.3280840419123
2026-02-11 21:00:00.053000+00:00,997.3405840419124
2026-02-11 22:00:00.067000+00:00,997.3530840419124
2026-02-11 23:00:00.087000+00:00,997.3655840419125
2026-02-12 00:00:00.006000+00:00,997.3780840419125
2026-02-12 01:00:00.034000+00:00,997.3905840419126
2026-02-12 02:00:00.037000+00:00,997.4030840419126
2026-02-12 03:00:00.057000+00:00,997.4155840419127
2026-02-12 04:00:00.004000+00:00,997.4280840419127
2026-02-12 05:00:00.075000+00:00,997.4405840419128
2026-02-12 06:00:00.077000+00:00,997.4530840419128
2026-02-12 07:00:00.029000+00:00,997.4655840419128
2026-02-12 08:00:00.036000+00:00,997.4780840419129
2026-02-12 09:00:00.054000+00:00,997.4905840419129
2026-02-12 10:00:00.022000+00:00,997.503084041913
2026-02-12 11:00:00.008000+00:00,997.515584041913
2026-02-12 12:00:00.064000+00:00,997.5280840419131
2026-02-12 13:00:00.056000+00:00,997.5405840419131
2026-02-12 14:00:00.023000+00:00,997.5530840419132
2026-02-12 15:00:00.004000+00:00,997.5655840419132
2026-02-12 16:00:00.043000+00:00,997.5780840419133
2026-02-12 17:00:00.026000+00:00,997.5905840419133
2026-02-12 18:00:00.015000+00:00,997.6030840419133
2026-02-12 19:00:00.053000+00:00,997.6155840419134
2026-02-12 20:00:00.037000+00:00,997.6280840419134
2026-02-12 21:00:00.043000+00:00,997.6405840419135
2026-02-12 22:00:00.010000+00:00,997.6530840419135
2026-02-12 23:00:00.072000+00:00,997.6655840419136
2026-02-13 00:00:00.092000+00:00,997.6811124419136
2026-02-13 01:00:00.083000+00:00,997.6936124419136
2026-02-13 02:00:00.050000+00:00,997.7061124419137
2026-02-13 03:00:00.009000+00:00,997.7186124419137
2026-02-13 04:00:00.087000+00:00,997.7311124419138
2026-02-13 05:00:00.083000+00:00,997.7436124419138
2026-02-13 06:00:00.070000+00:00,997.7561124419138
2026-02-13 07:00:00.056000+00:00,997.7686124419139
2026-02-13 08:00:00.018000+00:00,997.7811124419139
2026-02-13 09:00:00.087000+00:00,997.793612441914
2026-02-13 10:00:00.004000+00:00,997.806112441914
2026-02-13 11:00:00.117000+00:00,997.8186124419141
2026-02-13 12:00:00.059000+00:00,997.8311124419141
2026-02-13 13:00:00.040000+00:00,997.8436124419142
2026-02-13 14:00:00.092000+00:00,997.8561124419142
2026-02-13 15:00:00.081000+00:00,997.8686124419143
2026-02-13 16:00:00.038000+00:00,997.9068263419142
2026-02-13 17:00:00.023000+00:00,997.9505719419142
2026-02-13 18:00:00.120000+00:00,997.9857166419142
2026-02-13 19:00:00.063000+00:00,998.0309562419142
2026-02-13 20:00:00.048000+00:00,998.0961711419142
2026-02-13 21:00:00.056000+00:00,998.1424377419141
2026-02-13 22:00:00.018000+00:00,998.1842476419141
2026-02-13 23:00:00.072000+00:00,998.2079230419141
2026-02-14 00:00:00.041000+00:00,998.2416455419141
2026-02-14 01:00:00.085000+00:00,998.2562745419141
2026-02-14 02:00:00.103000+00:00,998.2874008419141
2026-02-14 03:00:00.007000+00:00,998.308664841914
2026-02-14 04:00:00.098000+00:00,998.3211648419141
2026-02-14 05:00:00.016000+00:00,998.3336648419141
2026-02-14 06:00:00.103000+00:00,998.3461648419142
2026-02-14 07:00:00.037000+00:00,998.3780280419141
2026-02-14 08:00:00.001000+00:00,998.4540843419142
2026-02-14 09:00:00.050000+00:00,998.4665843419142
2026-02-14 10:00:00.086000+00:00,998.4790843419142
2026-02-14 11:00:00.026000+00:00,998.4915843419143
2026-02-14 12:00:00.125000+00:00,998.5040843419143
2026-02-14 13:00:00.083000+00:00,998.5692207419144
2026-02-14 14:00:00.055000+00:00,998.6693416419143
2026-02-14 15:00:00.081000+00:00,998.7534119419144
2026-02-14 16:00:00.035000+00:00,998.8026031419143
2026-02-14 17:00:00.075000+00:00,998.8199658419144
2026-02-14 18:00:00.102000+00:00,998.8544751419143
2026-02-14 19:00:00.005000+00:00,998.8669751419144
2026-02-14 20:00:00.071000+00:00,998.8794751419144
2026-02-14 21:00:00.056000+00:00,998.9129386419145
2026-02-14 22:00:00.045000+00:00,998.9357529419145
2026-02-14 23:00:00.022000+00:00,998.9482529419146
2026-02-15 00:00:00.102000+00:00,998.9965851419146
2026-02-15 01:00:00.052000+00:00,999.0090851419146
2026-02-15 02:00:00.088000+00:00,999.0215851419147
2026-02-15 03:00:00.093000+00:00,999.0410896419147
2026-02-15 04:00:00.058000+00:00,999.0535896419148
2026-02-15 05:00:00.004000+00:00,999.0660896419148
2026-02-15 06:00:00.027000+00:00,999.0785896419148
2026-02-15 07:00:00.020000+00:00,999.0937710419148
2026-02-15 08:00:00.027000+00:00,999.1256411419148
2026-02-15 09:00:00.043000+00:00,999.1381411419148
2026-02-15 10:00:00.001000+00:00,999.1508458419148
2026-02-15 11:00:00.015000+00:00,999.1633458419149
2026-02-15 12:00:00.014000+00:00,999.1758458419149
2026-02-15 13:00:00.012000+00:00,999.188345841915
2026-02-15 14:00:00.023000+00:00,999.200845841915
2026-02-15 15:00:00.014000+00:00,999.227303241915
2026-02-15 16:00:00.083000+00:00,999.2398032419151
2026-02-15 17:00:00.027000+00:00,999.2523032419151
2026-02-15 18:00:00.006000+00:00,999.2648032419152
2026-02-15 19:00:00.023000+00:00,999.2773032419152
2026-02-15 20:00:00.060000+00:00,999.2898032419153
2026-02-15 21:00:00.008000+00:00,999.3023032419153
2026-02-15 22:00:00.058000+00:00,999.3148032419153
2026-02-15 23:00:00.053000+00:00,999.3273032419154
2026-02-16 00:00:00.071000+00:00,999.3398032419154
2026-02-16 01:00:00.023000+00:00,999.3523032419155
2026-02-16 02:00:00.070000+00:00,999.3648032419155
2026-02-16 03:00:00.088000+00:00,999.3773032419156
2026-02-16 04:00:00.033000+00:00,999.3898032419156
2026-02-16 05:00:00.025000+00:00,999.4023032419157
2026-02-16 06:00:00.006000+00:00,999.4148032419157
2026-02-16 07:00:00.043000+00:00,999.4273032419158
2026-02-16 08:00:00.025000+00:00,999.4398032419158
2026-02-16 09:00:00.002000+00:00,999.4523032419158
2026-02-16 10:00:00.026000+00:00,999.4648032419159
2026-02-16 11:00:00+00:00,999.4773032419159
2026-02-16 12:00:00.075000+00:00,999.489803241916
2026-02-16 13:00:00.013000+00:00,999.502303241916
2026-02-16 14:00:00.083000+00:00,999.5148032419161
2026-02-16 15:00:00.037000+00:00,999.5273032419161
2026-02-16 16:00:00.099000+00:00,999.5398032419162
2026-02-16 17:00:00.019000+00:00,999.5523032419162
2026-02-16 18:00:00.138000+00:00,999.5648032419163
2026-02-16 19:00:00.072000+00:00,999.5773032419163
2026-02-16 20:00:00.001000+00:00,999.5898032419163
2026-02-16 21:00:00.070000+00:00,999.6023032419164
2026-02-16 22:00:00.043000+00:00,999.6148032419164
2026-02-16 23:00:00.088000+00:00,999.6299118419164
2026-02-17 00:00:00.063000+00:00,999.6424118419164
2026-02-17 01:00:00.070000+00:00,999.6549118419165
2026-02-17 02:00:00.032000+00:00,999.6674118419165
2026-02-17 03:00:00.021000+00:00,999.6799118419166
2026-02-17 04:00:00.061000+00:00,999.6924118419166
2026-02-17 05:00:00.038000+00:00,999.7049118419167
2026-02-17 06:00:00.104000+00:00,999.7174118419167
2026-02-17 07:00:00.044000+00:00,999.7299118419168
2026-02-17 08:00:00.015000+00:00,999.7424118419168
2026-02-17 09:00:00.082000+00:00,999.7549118419169
2026-02-17 10:00:00.097000+00:00,999.7674118419169
2026-02-17 11:00:00.042000+00:00,999.7799118419169
2026-02-17 12:00:00.044000+00:00,999.792411841917
2026-02-17 13:00:00.044000+00:00,999.804911841917
2026-02-17 14:00:00.063000+00:00,999.818122841917
2026-02-17 15:00:00.062000+00:00,999.830622841917
2026-02-17 16:00:00.071000+00:00,999.8431228419171
2026-02-17 17:00:00.038000+00:00,999.8556228419171
2026-02-17 18:00:00.030000+00:00,999.8681228419172
2026-02-17 19:00:00.003000+00:00,999.8806228419172
2026-02-17 20:00:00.062000+00:00,999.9066927419173
2026-02-17 21:00:00.058000+00:00,999.9191927419173
2026-02-17 22:00:00.051000+00:00,999.9316927419173
2026-02-17 23:00:00.070000+00:00,999.9441927419174
2026-02-18 00:00:00.021000+00:00,999.9566927419174
2026-02-18 01:00:00.085000+00:00,999.9691927419175
2026-02-18 02:00:00.067000+00:00,999.9816927419175
2026-02-18 03:00:00.005000+00:00,999.9941927419176
2026-02-18 04:00:00.016000+00:00,1000.0066927419176
2026-02-18 05:00:00.053000+00:00,1000.0191927419177
2026-02-18 06:00:00.013000+00:00,1000.0316927419177
2026-02-18 07:00:00.044000+00:00,1000.0441927419178
2026-02-18 08:00:00.085000+00:00,1000.0566927419178
2026-02-18 09:00:00.065000+00:00,1000.0691927419178
2026-02-18 10:00:00.081000+00:00,1000.0816927419179
2026-02-18 11:00:00.026000+00:00,1000.0941927419179
2026-02-18 12:00:00.017000+00:00,1000.106692741918
2026-02-18 13:00:00.034000+00:00,1000.119192741918
2026-02-18 14:00:00.046000+00:00,1000.1316927419181
2026-02-18 15:00:00.043000+00:00,1000.1441927419181
2026-02-18 16:00:00.046000+00:00,1000.1566927419182
2026-02-18 17:00:00.010000+00:00,1000.1691927419182
2026-02-18 18:00:00.003000+00:00,1000.1816927419183
2026-02-18 19:00:00.072000+00:00,1000.1941927419183
2026-02-18 20:00:00.039000+00:00,1000.2066927419183
2026-02-18 21:00:00.040000+00:00,1000.2191927419184
2026-02-18 22:00:00.035000+00:00,1000.2316927419184
2026-02-18 23:00:00.022000+00:00,1000.2441927419185
2026-02-19 00:00:00.054000+00:00,1000.2566927419185
2026-02-19 01:00:00.073000+00:00,1000.2691927419186
2026-02-19 02:00:00.079000+00:00,1000.2816927419186
2026-02-19 03:00:00.021000+00:00,1000.2941927419187
2026-02-19 04:00:00.122000+00:00,1000.3066927419187
2026-02-19 05:00:00.058000+00:00,1000.3191927419188
2026-02-19 06:00:00.072000+00:00,1000.3316927419188
2026-02-19 07:00:00.126000+00:00,1000.3441927419188
2026-02-19 08:00:00.040000+00:00,1000.3566927419189
2026-02-19 09:00:00.019000+00:00,1000.3691927419189
2026-02-19 10:00:00.033000+00:00,1000.381692741919
2026-02-19 11:00:00.010000+00:00,1000.394192741919
2026-02-19 12:00:00.062000+00:00,1000.4066927419191
2026-02-19 13:00:00.017000+00:00,1000.4191927419191
2026-02-19 14:00:00.019000+00:00,1000.4316927419192
2026-02-19 15:00:00.067000+00:00,1000.4441927419192
2026-02-19 16:00:00.026000+00:00,1000.4566927419193
2026-02-19 17:00:00.013000+00:00,1000.4691927419193
2026-02-19 18:00:00+00:00,1000.4816927419193
2026-02-19 19:00:00.043000+00:00,1000.4941927419194
2026-02-19 20:00:00.009000+00:00,1000.5066927419194
2026-02-19 21:00:00.023000+00:00,1000.5191927419195
2026-02-19 22:00:00.022000+00:00,1000.5316927419195
2026-02-19 23:00:00.042000+00:00,1000.5441927419196
2026-02-20 00:00:00.035000+00:00,1000.5566927419196
2026-02-20 01:00:00.190000+00:00,1000.5691927419197
2026-02-20 02:00:00.054000+00:00,1000.5816927419197
2026-02-20 03:00:00.118000+00:00,1000.5941927419198
2026-02-20 04:00:00.085000+00:00,1000.6066927419198
2026-02-20 05:00:00.048000+00:00,1000.6191927419198
2026-02-20 06:00:00.033000+00:00,1000.6347282419199
2026-02-20 07:00:00.077000+00:00,1000.6803731419199
2026-02-20 08:00:00.069000+00:00,1000.6928731419199
2026-02-20 09:00:00.018000+00:00,1000.70537314192
2026-02-20 10:00:00.018000+00:00,1000.71787314192
2026-02-20 11:00:00.029000+00:00,1000.73037314192
2026-02-20 12:00:00.020000+00:00,1000.7428731419201
2026-02-20 13:00:00.001000+00:00,1000.7553731419201
2026-02-20 14:00:00.062000+00:00,1000.7678731419202
2026-02-20 15:00:00.013000+00:00,1000.7803731419202
2026-02-20 16:00:00.044000+00:00,1000.7928731419203
2026-02-20 17:00:00.002000+00:00,1000.8053731419203
2026-02-20 18:00:00.056000+00:00,1000.8178731419204
2026-02-20 19:00:00.125000+00:00,1000.8303731419204
2026-02-20 20:00:00.028000+00:00,1000.8428731419204
2026-02-20 21:00:00.083000+00:00,1000.8553731419205
2026-02-20 22:00:00.095000+00:00,1000.8678731419205
2026-02-20 23:00:00.033000+00:00,1000.8803731419206
2026-02-21 00:00:00.011000+00:00,1000.8928731419206
2026-02-21 01:00:00.131000+00:00,1000.9053731419207
2026-02-21 02:00:00.011000+00:00,1000.9182235419207
2026-02-21 03:00:00.063000+00:00,1000.9510185419207
2026-02-21 04:00:00.080000+00:00,1001.0177088419207
2026-02-21 05:00:00.080000+00:00,1001.0302088419207
2026-02-21 06:00:00.034000+00:00,1001.0427088419208
2026-02-21 07:00:00.068000+00:00,1001.0552088419208
2026-02-21 08:00:00.035000+00:00,1001.0677088419209
2026-02-21 09:00:00.020000+00:00,1001.1119996419209
2026-02-21 10:00:00.068000+00:00,1001.1556417419209
2026-02-21 11:00:00.028000+00:00,1001.2352889419209
2026-02-21 12:00:00.071000+00:00,1001.3442483419209
2026-02-21 13:00:00.019000+00:00,1001.3567483419209
2026-02-21 14:00:00+00:00,1001.369248341921
2026-02-21 15:00:00.011000+00:00,1001.381748341921
2026-02-21 16:00:00.010000+00:00,1001.3942483419211
2026-02-21 17:00:00.060000+00:00,1001.4067483419211
2026-02-21 18:00:00.086000+00:00,1001.4192483419212
2026-02-21 19:00:00.111000+00:00,1001.4317483419212
2026-02-21 20:00:00.048000+00:00,1001.4442483419213
2026-02-21 21:00:00.024000+00:00,1001.4848395419212
2026-02-21 22:00:00.037000+00:00,1001.5305659419213
2026-02-21 23:00:00.054000+00:00,1001.6147896419213
2026-02-22 00:00:00.015000+00:00,1001.6272896419214
2026-02-22 01:00:00.084000+00:00,1001.6397896419214
2026-02-22 02:00:00.046000+00:00,1001.6522896419215
2026-02-22 03:00:00.056000+00:00,1001.6647896419215
2026-02-22 04:00:00.066000+00:00,1001.6772896419216
2026-02-22 05:00:00.123000+00:00,1001.6897896419216
2026-02-22 06:00:00.012000+00:00,1001.7022896419217
2026-02-22 07:00:00.039000+00:00,1001.7147896419217
2026-02-22 08:00:00.009000+00:00,1001.7272896419217
2026-02-22 09:00:00.017000+00:00,1001.7397896419218
2026-02-22 10:00:00.091000+00:00,1001.7522896419218
2026-02-22 11:00:00.056000+00:00,1001.7647896419219
2026-02-22 12:00:00.075000+00:00,1001.7772896419219
2026-02-22 13:00:00.038000+00:00,1001.789789641922
2026-02-22 14:00:00.048000+00:00,1001.802289641922
2026-02-22 15:00:00.114000+00:00,1001.8147896419221
2026-02-22 16:00:00.015000+00:00,1001.8272896419221
2026-02-22 17:00:00.036000+00:00,1001.8397896419222
2026-02-22 18:00:00.075000+00:00,1001.8522896419222
2026-02-22 19:00:00.006000+00:00,1001.8647896419222
2026-02-22 20:00:00.029000+00:00,1001.8772896419223
2026-02-22 21:00:00+00:00,1001.8897896419223
2026-02-22 22:00:00.023000+00:00,1001.9022896419224
2026-02-22 23:00:00.093000+00:00,1001.9147896419224
2026-02-23 00:00:00.016000+00:00,1001.9272896419225
2026-02-23 01:00:00.004000+00:00,1001.9397896419225
2026-02-23 02:00:00.025000+00:00,1001.9522896419226
2026-02-23 03:00:00.025000+00:00,1001.9647896419226
2026-02-23 04:00:00.028000+00:00,1001.9772896419227
2026-02-23 05:00:00.010000+00:00,1001.9897896419227
2026-02-23 06:00:00.078000+00:00,1002.0022896419227
2026-02-23 07:00:00.058000+00:00,1002.0147896419228
2026-02-23 08:00:00.004000+00:00,1002.0272896419228
2026-02-23 09:00:00.103000+00:00,1002.0397896419229
2026-02-23 10:00:00.012000+00:00,1002.0522896419229
2026-02-23 11:00:00.010000+00:00,1002.064789641923
2026-02-23 12:00:00.004000+00:00,1002.077289641923
2026-02-23 13:00:00.080000+00:00,1002.0897896419231
2026-02-23 14:00:00.028000+00:00,1002.1022896419231
2026-02-23 15:00:00.059000+00:00,1002.1105761419232
2026-02-23 16:00:00.045000+00:00,1002.1230761419232
2026-02-23 17:00:00.042000+00:00,1002.1355761419233
2026-02-23 18:00:00.076000+00:00,1002.1480761419233
2026-02-23 19:00:00.053000+00:00,1002.1605761419233
2026-02-23 20:00:00.017000+00:00,1002.1638849419234
2026-02-23 21:00:00.054000+00:00,1002.1763849419234
2026-02-23 22:00:00.029000+00:00,1002.1757057419234
2026-02-23 23:00:00.037000+00:00,1002.1882057419234
2026-02-24 00:00:00.048000+00:00,1002.2007057419235
2026-02-24 01:00:00.134000+00:00,1002.2132057419235
2026-02-24 02:00:00.050000+00:00,1002.2257057419235
2026-02-24 03:00:00.046000+00:00,1002.2382057419236
2026-02-24 04:00:00.015000+00:00,1002.2507057419236
2026-02-24 05:00:00.026000+00:00,1002.2632057419237
2026-02-24 06:00:00.085000+00:00,1002.2757057419237
2026-02-24 07:00:00.076000+00:00,1002.2882057419238
2026-02-24 08:00:00.022000+00:00,1002.3007057419238
2026-02-24 09:00:00.048000+00:00,1002.3132057419239
2026-02-24 10:00:00.044000+00:00,1002.3257057419239
2026-02-24 11:00:00.020000+00:00,1002.338205741924
2026-02-24 12:00:00.025000+00:00,1002.350705741924
2026-02-24 13:00:00.047000+00:00,1002.363205741924
2026-02-24 14:00:00.060000+00:00,1002.3757057419241
2026-02-24 15:00:00.057000+00:00,1002.3882057419241
2026-02-24 16:00:00.005000+00:00,1002.4007057419242
2026-02-24 17:00:00.049000+00:00,1002.4132057419242
2026-02-24 18:00:00.022000+00:00,1002.4257057419243
2026-02-24 19:00:00.066000+00:00,1002.4382057419243
2026-02-24 20:00:00.026000+00:00,1002.4507057419244
2026-02-24 21:00:00.002000+00:00,1002.4632057419244
2026-02-24 22:00:00.030000+00:00,1002.4757057419245
2026-02-24 23:00:00.078000+00:00,1002.4882057419245
2026-02-25 00:00:00.014000+00:00,1002.5007057419245
2026-02-25 01:00:00.032000+00:00,1002.5132057419246
2026-02-25 02:00:00.039000+00:00,1002.5338945419246
2026-02-25 03:00:00.030000+00:00,1002.5540420419246
2026-02-25 04:00:00.056000+00:00,1002.5665420419247
2026-02-25 05:00:00.028000+00:00,1002.5790420419247
2026-02-25 06:00:00.061000+00:00,1002.5915420419248
2026-02-25 07:00:00+00:00,1002.6040420419248
2026-02-25 08:00:00.037000+00:00,1002.6165420419248
2026-02-25 09:00:00.060000+00:00,1002.6290420419249
2026-02-25 10:00:00.029000+00:00,1002.6415420419249
2026-02-25 11:00:00.055000+00:00,1002.654042041925
2026-02-25 12:00:00.008000+00:00,1002.666542041925
2026-02-25 13:00:00.008000+00:00,1002.6790420419251
2026-02-25 14:00:00.023000+00:00,1002.6915420419251
2026-02-25 15:00:00.051000+00:00,1002.7040420419252
2026-02-25 16:00:00.012000+00:00,1002.7664495419251
2026-02-25 17:00:00.075000+00:00,1002.7862413419251
2026-02-25 18:00:00.088000+00:00,1002.7987413419252
2026-02-25 19:00:00.128000+00:00,1002.8112413419252
2026-02-25 20:00:00.055000+00:00,1002.8237413419253
2026-02-25 21:00:00.015000+00:00,1002.8362413419253
2026-02-25 22:00:00+00:00,1002.8487413419253
2026-02-25 23:00:00.045000+00:00,1002.8612413419254
2026-02-26 00:00:00.036000+00:00,1002.8737413419254
2026-02-26 01:00:00.091000+00:00,1002.8862413419255
2026-02-26 02:00:00.018000+00:00,1002.8987413419255
2026-02-26 03:00:00.060000+00:00,1002.9112413419256
2026-02-26 04:00:00.013000+00:00,1002.9237413419256
2026-02-26 05:00:00.058000+00:00,1002.9362413419257
2026-02-26 06:00:00.099000+00:00,1002.9487413419257
2026-02-26 07:00:00.021000+00:00,1002.9612413419258
2026-02-26 08:00:00.072000+00:00,1002.9867788419258
2026-02-26 09:00:00.076000+00:00,1003.0066371419258
2026-02-26 10:00:00.108000+00:00,1003.0191371419259
2026-02-26 11:00:00.073000+00:00,1003.0316371419259
2026-02-26 12:00:00.041000+00:00,1003.044137141926
2026-02-26 13:00:00.051000+00:00,1003.056637141926
2026-02-26 14:00:00.019000+00:00,1003.069137141926
2026-02-26 15:00:00.033000+00:00,1003.0816371419261
2026-02-26 16:00:00.028000+00:00,1003.0941371419261
2026-02-26 17:00:00.027000+00:00,1003.1066371419262
2026-02-26 18:00:00.023000+00:00,1003.1191371419262
2026-02-26 19:00:00.009000+00:00,1003.1316371419263
2026-02-26 20:00:00.035000+00:00,1003.1441371419263
2026-02-26 21:00:00.019000+00:00,1003.1566371419264
2026-02-26 22:00:00.019000+00:00,1003.1691371419264
2026-02-26 23:00:00.054000+00:00,1003.1816371419264
2026-02-27 00:00:00.001000+00:00,1003.1941371419265
2026-02-27 01:00:00.078000+00:00,1003.2350161419265
2026-02-27 02:00:00.016000+00:00,1003.2732810419265
2026-02-27 03:00:00.116000+00:00,1003.3031446419265
2026-02-27 04:00:00.057000+00:00,1003.3491179419265
2026-02-27 05:00:00.058000+00:00,1003.3684997419265
2026-02-27 06:00:00.053000+00:00,1003.3809997419265
2026-02-27 07:00:00.067000+00:00,1003.3934997419266
2026-02-27 08:00:00.017000+00:00,1003.4059997419266
2026-02-27 09:00:00.026000+00:00,1003.4184997419267
2026-02-27 10:00:00.074000+00:00,1003.4309997419267
2026-02-27 11:00:00.078000+00:00,1003.4434997419268
2026-02-27 12:00:00.028000+00:00,1003.4559997419268
2026-02-27 13:00:00.020000+00:00,1003.4684997419268
2026-02-27 14:00:00.036000+00:00,1003.4809997419269
2026-02-27 15:00:00.054000+00:00,1003.4934997419269
2026-02-27 16:00:00.132000+00:00,1003.505999741927
2026-02-27 17:00:00.041000+00:00,1003.518499741927
2026-02-27 18:00:00.037000+00:00,1003.5309997419271
2026-02-27 19:00:00.012000+00:00,1003.5434997419271
2026-02-27 20:00:00.028000+00:00,1003.5559997419272
2026-02-27 21:00:00.037000+00:00,1003.5684997419272
2026-02-27 22:00:00.023000+00:00,1003.5809997419273
2026-02-27 23:00:00.014000+00:00,1003.5934997419273
2026-02-28 00:00:00.086000+00:00,1003.6059997419273
2026-02-28 01:00:00.090000+00:00,1003.6184997419274
2026-02-28 02:00:00.058000+00:00,1003.6309997419274
2026-02-28 03:00:00.012000+00:00,1003.6434997419275
2026-02-28 04:00:00.088000+00:00,1003.6559997419275
2026-02-28 05:00:00.063000+00:00,1003.6684997419276
2026-02-28 06:00:00.065000+00:00,1003.6809997419276
2026-02-28 07:00:00.026000+00:00,1003.6934997419277
2026-02-28 08:00:00.028000+00:00,1003.7059997419277
2026-02-28 09:00:00.012000+00:00,1003.7251923419277
2026-02-28 10:00:00.008000+00:00,1003.7439040419277
2026-02-28 11:00:00.008000+00:00,1003.7883843419278
2026-02-28 12:00:00.032000+00:00,1003.8046660419278
2026-02-28 13:00:00.035000+00:00,1003.8310876419279
2026-02-28 14:00:00.033000+00:00,1003.8435876419279
2026-02-28 15:00:00.021000+00:00,1003.856087641928
2026-02-28 16:00:00.041000+00:00,1003.868587641928
2026-02-28 17:00:00.025000+00:00,1003.881087641928
2026-02-28 18:00:00.015000+00:00,1003.8935876419281
2026-02-28 19:00:00.074000+00:00,1003.9060876419281
2026-02-28 20:00:00.039000+00:00,1003.9185876419282
2026-02-28 21:00:00.041000+00:00,1003.9310876419282
2026-02-28 22:00:00.035000+00:00,1003.9435876419283
2026-02-28 23:00:00.066000+00:00,1003.9560876419283
2026-03-01 00:00:00.168000+00:00,1003.9685876419284
2026-03-01 01:00:00.024000+00:00,1003.9810876419284
2026-03-01 02:00:00.052000+00:00,1003.9935876419285
2026-03-01 03:00:00.074000+00:00,1004.0060876419285
2026-03-01 04:00:00.034000+00:00,1004.0185876419285
2026-03-01 05:00:00.052000+00:00,1004.0310876419286
2026-03-01 06:00:00.071000+00:00,1004.0435876419286
2026-03-01 07:00:00.018000+00:00,1004.0560876419287
2026-03-01 08:00:00.093000+00:00,1004.0685876419287
2026-03-01 09:00:00.017000+00:00,1004.0810876419288
2026-03-01 10:00:00.018000+00:00,1004.0935876419288
2026-03-01 11:00:00.017000+00:00,1004.1060876419289
2026-03-01 12:00:00.039000+00:00,1004.1185876419289
2026-03-01 13:00:00.054000+00:00,1004.131087641929
2026-03-01 14:00:00.029000+00:00,1004.143587641929
2026-03-01 15:00:00.027000+00:00,1004.156087641929
2026-03-01 16:00:00.018000+00:00,1004.1685876419291
2026-03-01 17:00:00.120000+00:00,1004.1922712419291
2026-03-01 18:00:00.070000+00:00,1004.2047712419292
2026-03-01 19:00:00.062000+00:00,1004.2172712419292
2026-03-01 20:00:00.026000+00:00,1004.2297712419293
2026-03-01 21:00:00.065000+00:00,1004.2422712419293
2026-03-01 22:00:00.085000+00:00,1004.2658441419293
2026-03-01 23:00:00.005000+00:00,1004.2783441419293
2026-03-02 00:00:00.044000+00:00,1004.2908441419294
2026-03-02 01:00:00.048000+00:00,1004.3033441419294
2026-03-02 02:00:00.044000+00:00,1004.3158441419295
2026-03-02 03:00:00.063000+00:00,1004.3283441419295
2026-03-02 04:00:00.048000+00:00,1004.3408441419296
2026-03-02 05:00:00.071000+00:00,1004.3533441419296
2026-03-02 06:00:00.062000+00:00,1004.3658441419296
2026-03-02 07:00:00.054000+00:00,1004.3783441419297
2026-03-02 08:00:00.003000+00:00,1004.3908441419297
2026-03-02 09:00:00.091000+00:00,1004.4033441419298
2026-03-02 10:00:00.007000+00:00,1004.4158441419298
2026-03-02 11:00:00.019000+00:00,1004.4283441419299
2026-03-02 12:00:00.016000+00:00,1004.4408441419299
2026-03-02 13:00:00.034000+00:00,1004.45334414193
2026-03-02 14:00:00.035000+00:00,1004.46584414193
2026-03-02 15:00:00.070000+00:00,1004.47834414193
2026-03-02 16:00:00.053000+00:00,1004.4908441419301
2026-03-02 17:00:00.086000+00:00,1004.5033441419301
2026-03-02 18:00:00.025000+00:00,1004.5158441419302
2026-03-02 19:00:00.044000+00:00,1004.5283441419302
2026-03-02 20:00:00.120000+00:00,1004.5408441419303
2026-03-02 21:00:00.038000+00:00,1004.5533441419303
2026-03-02 22:00:00.033000+00:00,1004.5658441419304
2026-03-02 23:00:00.068000+00:00,1004.5783441419304
2026-03-03 00:00:00.062000+00:00,1004.5908441419305
2026-03-03 01:00:00.052000+00:00,1004.6033441419305
2026-03-03 02:00:00.011000+00:00,1004.6158441419306
2026-03-03 03:00:00.058000+00:00,1004.6283441419306
2026-03-03 04:00:00.010000+00:00,1004.6408441419306
2026-03-03 05:00:00.074000+00:00,1004.6533441419307
2026-03-03 06:00:00.050000+00:00,1004.6658441419307
2026-03-03 07:00:00.069000+00:00,1004.6783441419308
2026-03-03 08:00:00.009000+00:00,1004.6908441419308
2026-03-03 09:00:00.114000+00:00,1004.7033441419309
2026-03-03 10:00:00.046000+00:00,1004.7158441419309
2026-03-03 11:00:00.006000+00:00,1004.728344141931
2026-03-03 12:00:00.013000+00:00,1004.740844141931
2026-03-03 13:00:00.012000+00:00,1004.753344141931
2026-03-03 14:00:00.039000+00:00,1004.7658441419311
2026-03-03 15:00:00.007000+00:00,1004.7783441419311
2026-03-03 16:00:00.004000+00:00,1004.7908441419312
2026-03-03 17:00:00.041000+00:00,1004.8033441419312
2026-03-03 18:00:00.015000+00:00,1004.8232796419312
2026-03-03 19:00:00.049000+00:00,1004.8357796419313
2026-03-03 20:00:00.007000+00:00,1004.8482796419313
2026-03-03 21:00:00.014000+00:00,1004.8607796419313
2026-03-03 22:00:00.070000+00:00,1004.8732796419314
2026-03-03 23:00:00.016000+00:00,1004.8857796419314
2026-03-04 00:00:00.034000+00:00,1004.8982796419315
2026-03-04 01:00:00.049000+00:00,1004.9107796419315
2026-03-04 02:00:00.060000+00:00,1004.9232796419316
2026-03-04 03:00:00.052000+00:00,1004.9357796419316
2026-03-04 04:00:00.001000+00:00,1004.9482796419317
2026-03-04 05:00:00.064000+00:00,1004.9607796419317
2026-03-04 06:00:00.079000+00:00,1004.9732796419318
2026-03-04 07:00:00.095000+00:00,1004.9857796419318
2026-03-04 08:00:00.047000+00:00,1004.9982796419318
2026-03-04 09:00:00.010000+00:00,1005.0107796419319
2026-03-04 10:00:00.069000+00:00,1005.0232796419319
2026-03-04 11:00:00.024000+00:00,1005.035779641932
2026-03-04 12:00:00.133000+00:00,1005.048279641932
2026-03-04 13:00:00.019000+00:00,1005.0607796419321
2026-03-04 14:00:00.036000+00:00,1005.0732796419321
2026-03-04 15:00:00.023000+00:00,1005.1038242419321
2026-03-04 16:00:00.011000+00:00,1005.1163242419321
2026-03-04 17:00:00.095000+00:00,1005.1288242419322
2026-03-04 18:00:00.092000+00:00,1005.1413242419322
2026-03-04 19:00:00.093000+00:00,1005.1538242419323
2026-03-04 20:00:00.047000+00:00,1005.1663242419323
2026-03-04 21:00:00.048000+00:00,1005.1788242419324
2026-03-04 22:00:00.024000+00:00,1005.1913242419324
2026-03-04 23:00:00.045000+00:00,1005.2038242419325
2026-03-05 00:00:00.022000+00:00,1005.2163242419325
2026-03-05 01:00:00.018000+00:00,1005.2492106419326
2026-03-05 02:00:00.139000+00:00,1005.2617106419326
2026-03-05 03:00:00.019000+00:00,1005.2742106419327
2026-03-05 04:00:00.027000+00:00,1005.2867106419327
2026-03-05 05:00:00.001000+00:00,1005.2992106419327
2026-03-05 06:00:00.037000+00:00,1005.3117106419328
2026-03-05 07:00:00.091000+00:00,1005.3242106419328
2026-03-05 08:00:00.033000+00:00,1005.3367106419329
2026-03-05 09:00:00.063000+00:00,1005.3492106419329
2026-03-05 10:00:00.091000+00:00,1005.361710641933
2026-03-05 11:00:00.017000+00:00,1005.374210641933
2026-03-05 12:00:00.003000+00:00,1005.3867106419331
2026-03-05 13:00:00.009000+00:00,1005.3992106419331
2026-03-05 14:00:00.024000+00:00,1005.4117106419332
2026-03-05 15:00:00.039000+00:00,1005.4242106419332
2026-03-05 16:00:00.034000+00:00,1005.4367106419332
2026-03-05 17:00:00.083000+00:00,1005.4492106419333
2026-03-05 18:00:00.048000+00:00,1005.4617106419333
2026-03-05 19:00:00.052000+00:00,1005.4742106419334
2026-03-05 20:00:00.073000+00:00,1005.4867106419334
2026-03-05 21:00:00.042000+00:00,1005.4992106419335
2026-03-05 22:00:00.028000+00:00,1005.5117106419335
2026-03-05 23:00:00.029000+00:00,1005.5242106419336
2026-03-06 00:00:00.030000+00:00,1005.5367106419336
2026-03-06 01:00:00.082000+00:00,1005.5492106419337
2026-03-06 02:00:00.006000+00:00,1005.5617106419337
2026-03-06 03:00:00.079000+00:00,1005.5742106419337
2026-03-06 04:00:00.026000+00:00,1005.5867106419338
2026-03-06 05:00:00.112000+00:00,1005.5992106419338
2026-03-06 06:00:00.019000+00:00,1005.6117106419339
2026-03-06 07:00:00.028000+00:00,1005.6242106419339
2026-03-06 08:00:00.021000+00:00,1005.636710641934
2026-03-06 09:00:00.022000+00:00,1005.649210641934
2026-03-06 10:00:00.031000+00:00,1005.6617106419341
2026-03-06 11:00:00.036000+00:00,1005.6742106419341
2026-03-06 12:00:00.052000+00:00,1005.6867106419342
2026-03-06 13:00:00.052000+00:00,1005.6992106419342
2026-03-06 14:00:00.033000+00:00,1005.7117106419342
2026-03-06 15:00:00.037000+00:00,1005.7242106419343
2026-03-06 16:00:00.062000+00:00,1005.7367106419343
2026-03-06 17:00:00.089000+00:00,1005.7492106419344
2026-03-06 18:00:00.056000+00:00,1005.7617106419344
2026-03-06 19:00:00.066000+00:00,1005.7742106419345
2026-03-06 20:00:00.046000+00:00,1005.7867106419345
2026-03-06 21:00:00.021000+00:00,1005.7992106419346
2026-03-06 22:00:00.046000+00:00,1005.8117106419346
2026-03-06 23:00:00.092000+00:00,1005.8242106419347
2026-03-07 00:00:00.061000+00:00,1005.8367106419347
2026-03-07 01:00:00.027000+00:00,1005.8492106419347
2026-03-07 02:00:00.050000+00:00,1005.8617106419348
2026-03-07 03:00:00.045000+00:00,1005.8742106419348
2026-03-07 04:00:00.014000+00:00,1005.8867106419349
2026-03-07 05:00:00.052000+00:00,1005.8992106419349
2026-03-07 06:00:00.070000+00:00,1005.911710641935
2026-03-07 07:00:00.068000+00:00,1005.924210641935
2026-03-07 08:00:00.015000+00:00,1005.9367106419351
2026-03-07 09:00:00.005000+00:00,1005.9492106419351
2026-03-07 10:00:00.014000+00:00,1005.9617106419352
2026-03-07 11:00:00.002000+00:00,1005.9742106419352
2026-03-07 12:00:00.031000+00:00,1005.9867106419352
2026-03-07 13:00:00.033000+00:00,1005.9992106419353
2026-03-07 14:00:00.084000+00:00,1006.0117106419353
2026-03-07 15:00:00.012000+00:00,1006.0242106419354
2026-03-07 16:00:00.014000+00:00,1006.0367106419354
2026-03-07 17:00:00.077000+00:00,1006.0492106419355
2026-03-07 18:00:00.110000+00:00,1006.0617106419355
2026-03-07 19:00:00.003000+00:00,1006.0742106419356
2026-03-07 20:00:00.010000+00:00,1006.0867106419356
2026-03-07 21:00:00.135000+00:00,1006.0992106419357
2026-03-07 22:00:00.082000+00:00,1006.1117106419357
2026-03-07 23:00:00.068000+00:00,1006.1242106419357
2026-03-08 00:00:00.002000+00:00,1006.1367106419358
2026-03-08 01:00:00.030000+00:00,1006.1492106419358
2026-03-08 02:00:00.003000+00:00,1006.1617106419359
2026-03-08 03:00:00.042000+00:00,1006.1742106419359
2026-03-08 04:00:00.001000+00:00,1006.186710641936
2026-03-08 05:00:00.024000+00:00,1006.199210641936
2026-03-08 06:00:00.045000+00:00,1006.2117106419361
2026-03-08 07:00:00.036000+00:00,1006.2242106419361
2026-03-08 08:00:00.041000+00:00,1006.2367106419362
2026-03-08 09:00:00.029000+00:00,1006.2492106419362
2026-03-08 10:00:00.035000+00:00,1006.2617106419362
2026-03-08 11:00:00.036000+00:00,1006.2742106419363
2026-03-08 12:00:00.021000+00:00,1006.2867106419363
2026-03-08 13:00:00.049000+00:00,1006.2992106419364
2026-03-08 14:00:00.061000+00:00,1006.3117106419364
2026-03-08 15:00:00.088000+00:00,1006.3242106419365
2026-03-08 16:00:00.024000+00:00,1006.3367106419365
2026-03-08 17:00:00.018000+00:00,1006.3492106419366
2026-03-08 18:00:00.004000+00:00,1006.3617106419366
2026-03-08 19:00:00+00:00,1006.3742106419367
2026-03-08 20:00:00.074000+00:00,1006.3867106419367
2026-03-08 21:00:00.003000+00:00,1006.3992106419367
2026-03-08 22:00:00.038000+00:00,1006.4117106419368
2026-03-08 23:00:00.057000+00:00,1006.4242106419368
2026-03-09 00:00:00.091000+00:00,1006.4367106419369
2026-03-09 01:00:00.052000+00:00,1006.4492106419369
2026-03-09 02:00:00.016000+00:00,1006.461710641937
2026-03-09 03:00:00.012000+00:00,1006.474210641937
2026-03-09 04:00:00.030000+00:00,1006.4867106419371
2026-03-09 05:00:00.088000+00:00,1006.4992106419371
2026-03-09 06:00:00.070000+00:00,1006.5117106419372
2026-03-09 07:00:00.026000+00:00,1006.5242106419372
2026-03-09 08:00:00.094000+00:00,1006.5367106419372
2026-03-09 09:00:00.114000+00:00,1006.5492106419373
2026-03-09 10:00:00.108000+00:00,1006.5617106419373
2026-03-09 11:00:00.050000+00:00,1006.5742106419374
2026-03-09 12:00:00.051000+00:00,1006.5867106419374
2026-03-09 13:00:00.073000+00:00,1006.5992106419375
2026-03-09 14:00:00.061000+00:00,1006.6117106419375
2026-03-09 15:00:00.084000+00:00,1006.6242106419376
2026-03-09 16:00:00.075000+00:00,1006.6367106419376
2026-03-09 17:00:00.049000+00:00,1006.6492106419377
2026-03-09 18:00:00.036000+00:00,1006.6617106419377
2026-03-09 19:00:00.053000+00:00,1006.6742106419377
2026-03-09 20:00:00.002000+00:00,1006.6867106419378
2026-03-09 21:00:00.074000+00:00,1006.6992106419378
2026-03-09 22:00:00.010000+00:00,1006.7117106419379
2026-03-09 23:00:00.038000+00:00,1006.7242106419379
2026-03-10 00:00:00.042000+00:00,1006.736710641938
2026-03-10 01:00:00.084000+00:00,1006.749210641938
2026-03-10 02:00:00.013000+00:00,1006.7617106419381
2026-03-10 03:00:00.052000+00:00,1006.7742106419381
2026-03-10 04:00:00.041000+00:00,1006.7867106419382
2026-03-10 05:00:00.054000+00:00,1006.7992106419382
2026-03-10 06:00:00.137000+00:00,1006.8117106419382
2026-03-10 07:00:00.065000+00:00,1006.8242106419383
2026-03-10 08:00:00.052000+00:00,1006.8367106419383
2026-03-10 09:00:00.017000+00:00,1006.8030381419384
2026-03-10 10:00:00.060000+00:00,1006.7801513419383
2026-03-10 11:00:00.011000+00:00,1006.7838101419384
2026-03-10 12:00:00.038000+00:00,1006.7963101419384
2026-03-10 13:00:00.061000+00:00,1006.8088101419385
2026-03-10 14:00:00.027000+00:00,1006.8213101419385
2026-03-10 15:00:00.083000+00:00,1006.8338101419386
2026-03-10 16:00:00.045000+00:00,1006.8463101419386
2026-03-10 17:00:00.004000+00:00,1006.8588101419386
2026-03-10 18:00:00.018000+00:00,1006.8713101419387
2026-03-10 19:00:00.049000+00:00,1006.8838101419387
2026-03-10 20:00:00.050000+00:00,1006.8963101419388
2026-03-10 21:00:00.058000+00:00,1006.9088101419388
2026-03-10 22:00:00.068000+00:00,1006.9213101419389
2026-03-10 23:00:00.061000+00:00,1006.9338101419389
2026-03-11 00:00:00.088000+00:00,1006.946310141939
2026-03-11 01:00:00.002000+00:00,1006.958810141939
2026-03-11 02:00:00.098000+00:00,1006.9713101419391
2026-03-11 03:00:00.016000+00:00,1006.9838101419391
2026-03-11 04:00:00.038000+00:00,1006.9963101419391
2026-03-11 05:00:00.075000+00:00,1007.0088101419392
2026-03-11 06:00:00.135000+00:00,1007.0213101419392
2026-03-11 07:00:00.014000+00:00,1007.0338101419393
2026-03-11 08:00:00.056000+00:00,1007.0463101419393
2026-03-11 09:00:00.082000+00:00,1007.0588101419394
2026-03-11 10:00:00.084000+00:00,1007.0713101419394
2026-03-11 11:00:00.001000+00:00,1007.0838101419395
2026-03-11 12:00:00.013000+00:00,1007.0963101419395
2026-03-11 13:00:00.063000+00:00,1007.1088101419396
2026-03-11 14:00:00.004000+00:00,1007.1213101419396
2026-03-11 15:00:00.051000+00:00,1007.1338101419396
2026-03-11 16:00:00.065000+00:00,1007.1463101419397
2026-03-11 17:00:00.068000+00:00,1007.1588101419397
2026-03-11 18:00:00.102000+00:00,1007.1713101419398
2026-03-11 19:00:00.082000+00:00,1007.1838101419398
2026-03-11 20:00:00.026000+00:00,1007.1963101419399
2026-03-11 21:00:00.008000+00:00,1007.2088101419399
2026-03-11 22:00:00.035000+00:00,1007.22131014194
2026-03-11 23:00:00.069000+00:00,1007.23381014194
2026-03-12 00:00:00.084000+00:00,1007.24324874194
2026-03-12 01:00:00.006000+00:00,1007.25574874194
2026-03-12 02:00:00.080000+00:00,1007.26824874194
2026-03-12 03:00:00.036000+00:00,1007.2772142419401
2026-03-12 04:00:00.065000+00:00,1007.2677356419401
2026-03-12 05:00:00.094000+00:00,1007.2802356419402
2026-03-12 06:00:00.108000+00:00,1007.2927356419402
2026-03-12 07:00:00.046000+00:00,1007.3052356419403
2026-03-12 08:00:00.068000+00:00,1007.3177356419403
2026-03-12 09:00:00.063000+00:00,1007.3302356419404
2026-03-12 10:00:00.013000+00:00,1007.3427356419404
2026-03-12 11:00:00.017000+00:00,1007.3552356419405
2026-03-12 12:00:00.106000+00:00,1007.3677356419405
2026-03-12 13:00:00.062000+00:00,1007.3802356419405
2026-03-12 14:00:00.110000+00:00,1007.3927356419406
2026-03-12 15:00:00.024000+00:00,1007.4052356419406
2026-03-12 16:00:00.064000+00:00,1007.4177356419407
2026-03-12 17:00:00.004000+00:00,1007.4302356419407
2026-03-12 18:00:00.004000+00:00,1007.4427356419408
2026-03-12 19:00:00.025000+00:00,1007.4552356419408
2026-03-12 20:00:00.165000+00:00,1007.4677356419409
2026-03-12 21:00:00.073000+00:00,1007.4802356419409
2026-03-12 22:00:00.071000+00:00,1007.492735641941
2026-03-12 23:00:00.070000+00:00,1007.505235641941
2026-03-13 00:00:00.061000+00:00,1007.517735641941
2026-03-13 01:00:00.032000+00:00,1007.5302356419411
2026-03-13 02:00:00.025000+00:00,1007.5427356419411
2026-03-13 03:00:00.021000+00:00,1007.5552356419412
2026-03-13 04:00:00.099000+00:00,1007.5677356419412
2026-03-13 05:00:00.089000+00:00,1007.5802356419413
2026-03-13 06:00:00.064000+00:00,1007.5927356419413
2026-03-13 07:00:00.082000+00:00,1007.6052356419414
2026-03-13 08:00:00.016000+00:00,1007.6177356419414
2026-03-13 09:00:00.045000+00:00,1007.6302356419415
2026-03-13 10:00:00.034000+00:00,1007.6427356419415
2026-03-13 11:00:00.010000+00:00,1007.6552356419415
2026-03-13 12:00:00.009000+00:00,1007.6677356419416
2026-03-13 13:00:00.059000+00:00,1007.6802356419416
2026-03-13 14:00:00.032000+00:00,1007.6927356419417
2026-03-13 15:00:00.021000+00:00,1007.7052356419417
2026-03-13 16:00:00.051000+00:00,1007.7177356419418
2026-03-13 17:00:00.044000+00:00,1007.7302356419418
2026-03-13 18:00:00.052000+00:00,1007.7427356419419
2026-03-13 19:00:00.006000+00:00,1007.7552356419419
2026-03-13 20:00:00.021000+00:00,1007.767735641942
2026-03-13 21:00:00.092000+00:00,1007.780235641942
2026-03-13 22:00:00.005000+00:00,1007.792879641942
2026-03-13 23:00:00.109000+00:00,1007.8053796419421
2026-03-14 00:00:00.044000+00:00,1007.8178796419421
2026-03-14 01:00:00.094000+00:00,1007.8303796419422
2026-03-14 02:00:00.100000+00:00,1007.8428796419422
2026-03-14 03:00:00.013000+00:00,1007.8553796419422
2026-03-14 04:00:00.019000+00:00,1007.8678796419423
2026-03-14 05:00:00.095000+00:00,1007.8803796419423
2026-03-14 06:00:00.072000+00:00,1007.9168718419423
2026-03-14 07:00:00.036000+00:00,1007.9293718419424
2026-03-14 08:00:00.041000+00:00,1007.9418718419424
2026-03-14 09:00:00.025000+00:00,1007.9543718419425
2026-03-14 10:00:00.098000+00:00,1007.9668718419425
2026-03-14 11:00:00.047000+00:00,1007.9793718419426
2026-03-14 12:00:00.020000+00:00,1007.9918718419426
2026-03-14 13:00:00.042000+00:00,1008.0043718419427
2026-03-14 14:00:00.076000+00:00,1008.0168718419427
2026-03-14 15:00:00.009000+00:00,1008.0293718419427
2026-03-14 16:00:00.100000+00:00,1008.0418718419428
2026-03-14 17:00:00.061000+00:00,1008.0543718419428
2026-03-14 18:00:00.018000+00:00,1008.0668718419429
2026-03-14 19:00:00.048000+00:00,1008.0793718419429
2026-03-14 20:00:00.035000+00:00,1008.091871841943
2026-03-14 21:00:00.015000+00:00,1008.104371841943
2026-03-14 22:00:00.041000+00:00,1008.1168718419431
2026-03-14 23:00:00.044000+00:00,1008.1293718419431
2026-03-15 00:00:00.099000+00:00,1008.1418718419432
2026-03-15 01:00:00.102000+00:00,1008.1543718419432
2026-03-15 02:00:00.005000+00:00,1008.1668718419432
2026-03-15 03:00:00.130000+00:00,1008.1793718419433
2026-03-15 04:00:00.040000+00:00,1008.1918718419433
2026-03-15 05:00:00.066000+00:00,1008.2043718419434
2026-03-15 06:00:00.010000+00:00,1008.2168718419434
2026-03-15 07:00:00.046000+00:00,1008.2293718419435
2026-03-15 08:00:00.003000+00:00,1008.2418718419435
2026-03-15 09:00:00.067000+00:00,1008.2543718419436
2026-03-15 10:00:00.003000+00:00,1008.2668718419436
2026-03-15 11:00:00.039000+00:00,1008.2793718419437
2026-03-15 12:00:00.060000+00:00,1008.2918718419437
2026-03-15 13:00:00.023000+00:00,1008.3043718419437
2026-03-15 14:00:00.023000+00:00,1008.3168718419438
2026-03-15 15:00:00.084000+00:00,1008.3293718419438
2026-03-15 16:00:00.034000+00:00,1008.3418718419439
2026-03-15 17:00:00.036000+00:00,1008.3543718419439
2026-03-15 18:00:00.003000+00:00,1008.366871841944
2026-03-15 19:00:00.127000+00:00,1008.379371841944
2026-03-15 20:00:00.024000+00:00,1008.3918718419441
2026-03-15 21:00:00.083000+00:00,1008.4043718419441
2026-03-15 22:00:00.019000+00:00,1008.4168718419442
2026-03-15 23:00:00.037000+00:00,1008.4293718419442
2026-03-16 00:00:00.090000+00:00,1008.4418718419442
2026-03-16 01:00:00.002000+00:00,1008.4543718419443
2026-03-16 02:00:00.078000+00:00,1008.4961053419443
2026-03-16 03:00:00.040000+00:00,1008.5225893419442
2026-03-16 04:00:00.012000+00:00,1008.5350893419443
2026-03-16 05:00:00.021000+00:00,1008.5475893419443
2026-03-16 06:00:00.092000+00:00,1008.5600893419444
2026-03-16 07:00:00.033000+00:00,1008.6060044419444
2026-03-16 08:00:00.062000+00:00,1008.6185044419444
2026-03-16 09:00:00.035000+00:00,1008.6310044419445
2026-03-16 10:00:00.042000+00:00,1008.6435044419445
2026-03-16 11:00:00.013000+00:00,1008.6560044419446
2026-03-16 12:00:00.013000+00:00,1008.6685044419446
2026-03-16 13:00:00+00:00,1008.6810044419447
2026-03-16 14:00:00.099000+00:00,1008.6935044419447
2026-03-16 15:00:00.013000+00:00,1008.7060044419447
2026-03-16 16:00:00.033000+00:00,1008.7185044419448
2026-03-16 17:00:00.023000+00:00,1008.7310044419448
2026-03-16 18:00:00.045000+00:00,1008.7435044419449
2026-03-16 19:00:00.080000+00:00,1008.7560044419449
2026-03-16 20:00:00.001000+00:00,1008.8118334419449
2026-03-16 21:00:00.032000+00:00,1008.870606941945
2026-03-16 22:00:00+00:00,1008.965352141945
2026-03-16 23:00:00.003000+00:00,1009.038350741945
2026-03-17 00:00:00.034000+00:00,1009.064865541945
2026-03-17 01:00:00.045000+00:00,1009.097617141945
2026-03-17 02:00:00.050000+00:00,1009.1229738419449
2026-03-17 03:00:00.010000+00:00,1009.135473841945
2026-03-17 04:00:00.073000+00:00,1009.149002141945
2026-03-17 05:00:00.048000+00:00,1009.176445941945
2026-03-17 06:00:00.113000+00:00,1009.189548841945
2026-03-17 07:00:00.039000+00:00,1009.202048841945
2026-03-17 08:00:00+00:00,1009.2145488419451
2026-03-17 09:00:00.002000+00:00,1009.2270488419451
2026-03-17 10:00:00.075000+00:00,1009.2395488419452
2026-03-17 11:00:00.115000+00:00,1009.2520488419452
2026-03-17 12:00:00.006000+00:00,1009.2645488419453
2026-03-17 13:00:00.013000+00:00,1009.2770488419453
2026-03-17 14:00:00.047000+00:00,1009.2895488419454
2026-03-17 15:00:00.074000+00:00,1009.3020488419454
2026-03-17 16:00:00.038000+00:00,1009.3145488419455
2026-03-17 17:00:00.054000+00:00,1009.3270488419455
2026-03-17 18:00:00.071000+00:00,1009.3395488419455
2026-03-17 19:00:00.018000+00:00,1009.3520488419456
2026-03-17 20:00:00.034000+00:00,1009.3645488419456
2026-03-17 21:00:00.072000+00:00,1009.3770488419457
2026-03-17 22:00:00.003000+00:00,1009.3895488419457
2026-03-17 23:00:00.011000+00:00,1009.4020488419458
2026-03-18 00:00:00.028000+00:00,1009.4145488419458
2026-03-18 01:00:00.016000+00:00,1009.4270488419459
2026-03-18 02:00:00.026000+00:00,1009.4395488419459
2026-03-18 03:00:00.060000+00:00,1009.452048841946
2026-03-18 04:00:00.054000+00:00,1009.464548841946
2026-03-18 05:00:00.001000+00:00,1009.477048841946
2026-03-18 06:00:00.067000+00:00,1009.4895488419461
2026-03-18 07:00:00.033000+00:00,1009.5020488419461
2026-03-18 08:00:00.005000+00:00,1009.5145488419462
2026-03-18 09:00:00.052000+00:00,1009.5270488419462
2026-03-18 10:00:00.037000+00:00,1009.5395488419463
2026-03-18 11:00:00.025000+00:00,1009.5520488419463
2026-03-18 12:00:00.062000+00:00,1009.5645488419464
2026-03-18 13:00:00.007000+00:00,1009.5770488419464
2026-03-18 14:00:00.026000+00:00,1009.5895488419465
2026-03-18 15:00:00.035000+00:00,1009.6020488419465
2026-03-18 16:00:00.009000+00:00,1009.6145488419465
2026-03-18 17:00:00.066000+00:00,1009.6726010419466
2026-03-18 18:00:00.052000+00:00,1009.6851010419466
2026-03-18 19:00:00.045000+00:00,1009.6976010419467
2026-03-18 20:00:00.055000+00:00,1009.7101010419467
2026-03-18 21:00:00.050000+00:00,1009.7226010419467
2026-03-18 22:00:00.035000+00:00,1009.7702324419467
2026-03-18 23:00:00.040000+00:00,1009.7947967419467
2026-03-19 00:00:00.090000+00:00,1009.8072967419467
2026-03-19 01:00:00.009000+00:00,1009.8197967419468
2026-03-19 02:00:00.012000+00:00,1009.8322967419468
2026-03-19 03:00:00.041000+00:00,1009.8447967419469
2026-03-19 04:00:00.010000+00:00,1009.8572967419469
2026-03-19 05:00:00.090000+00:00,1009.8852297419469
2026-03-19 06:00:00.052000+00:00,1009.8977297419469
2026-03-19 07:00:00.107000+00:00,1009.910229741947
2026-03-19 08:00:00.064000+00:00,1009.922729741947
2026-03-19 09:00:00.026000+00:00,1009.9352297419471
2026-03-19 10:00:00.123000+00:00,1009.9477297419471
2026-03-19 11:00:00.052000+00:00,1009.9602297419472
2026-03-19 12:00:00.006000+00:00,1009.9727297419472
2026-03-19 13:00:00.045000+00:00,1009.9852297419473
2026-03-19 14:00:00.059000+00:00,1009.9977297419473
2026-03-19 15:00:00.002000+00:00,1010.0102297419473
2026-03-19 16:00:00.031000+00:00,1010.0227297419474
2026-03-19 17:00:00.011000+00:00,1010.0352297419474
2026-03-19 18:00:00.049000+00:00,1010.0477297419475
2026-03-19 19:00:00.024000+00:00,1010.0602297419475
2026-03-19 20:00:00.037000+00:00,1010.0727297419476
2026-03-19 21:00:00.022000+00:00,1010.0852297419476
2026-03-19 22:00:00.001000+00:00,1010.0977297419477
2026-03-19 23:00:00.001000+00:00,1010.1102297419477
2026-03-20 00:00:00.103000+00:00,1010.1227297419478
2026-03-20 01:00:00.073000+00:00,1010.1352297419478
2026-03-20 02:00:00.053000+00:00,1010.1899487419478
2026-03-20 03:00:00.072000+00:00,1010.2024487419478
2026-03-20 04:00:00.004000+00:00,1010.2149487419479
2026-03-20 05:00:00.107000+00:00,1010.2274487419479
2026-03-20 06:00:00.096000+00:00,1010.239948741948
2026-03-20 07:00:00.012000+00:00,1010.252448741948
2026-03-20 08:00:00.003000+00:00,1010.264948741948
2026-03-20 09:00:00.021000+00:00,1010.2774487419481
2026-03-20 10:00:00.063000+00:00,1010.2899487419481
2026-03-20 11:00:00.048000+00:00,1010.3024487419482
2026-03-20 12:00:00.087000+00:00,1010.3149487419482
2026-03-20 13:00:00.148000+00:00,1010.3274487419483
2026-03-20 14:00:00.115000+00:00,1010.3399487419483
2026-03-20 15:00:00.034000+00:00,1010.3524487419484
2026-03-20 16:00:00.074000+00:00,1010.3649487419484
2026-03-20 17:00:00.075000+00:00,1010.3774487419485
2026-03-20 18:00:00.035000+00:00,1010.3899487419485
2026-03-20 19:00:00.044000+00:00,1010.4024487419485
2026-03-20 20:00:00.034000+00:00,1010.4149487419486
2026-03-20 21:00:00.007000+00:00,1010.4274487419486
2026-03-20 22:00:00+00:00,1010.4399487419487
2026-03-20 23:00:00.047000+00:00,1010.4524487419487
2026-03-21 00:00:00.093000+00:00,1010.4649487419488
2026-03-21 01:00:00.011000+00:00,1010.4774487419488
2026-03-21 02:00:00.032000+00:00,1010.4899487419489
2026-03-21 03:00:00.013000+00:00,1010.5174291419488
2026-03-21 04:00:00.040000+00:00,1010.5627059419488
2026-03-21 05:00:00.041000+00:00,1010.5828409419488
2026-03-21 06:00:00.066000+00:00,1010.6002486419488
2026-03-21 07:00:00.010000+00:00,1010.6127486419489
2026-03-21 08:00:00.075000+00:00,1010.6303051419488
2026-03-21 09:00:00.064000+00:00,1010.6428051419489
2026-03-21 10:00:00+00:00,1010.6553051419489
2026-03-21 11:00:00.008000+00:00,1010.667805141949
2026-03-21 12:00:00.094000+00:00,1010.680305141949
2026-03-21 13:00:00.015000+00:00,1010.704814741949
2026-03-21 14:00:00.045000+00:00,1010.717314741949
2026-03-21 15:00:00.051000+00:00,1010.7298147419491
2026-03-21 16:00:00.039000+00:00,1010.7423147419491
2026-03-21 17:00:00.032000+00:00,1010.7548147419492
2026-03-21 18:00:00.020000+00:00,1010.7673147419492
2026-03-21 19:00:00.057000+00:00,1010.7798147419493
2026-03-21 20:00:00.073000+00:00,1010.7923147419493
2026-03-21 21:00:00.086000+00:00,1010.8048147419494
2026-03-21 22:00:00.004000+00:00,1010.8173147419494
2026-03-21 23:00:00.026000+00:00,1010.8298147419495
2026-03-22 00:00:00.042000+00:00,1010.8423147419495
2026-03-22 01:00:00.020000+00:00,1010.8548147419496
2026-03-22 02:00:00.085000+00:00,1010.8673147419496
2026-03-22 03:00:00.085000+00:00,1010.8798147419496
2026-03-22 04:00:00.007000+00:00,1010.8923147419497
2026-03-22 05:00:00.062000+00:00,1010.9048147419497
2026-03-22 06:00:00.062000+00:00,1010.9173147419498
2026-03-22 07:00:00.088000+00:00,1010.9298147419498
2026-03-22 08:00:00.050000+00:00,1010.9423147419499
2026-03-22 09:00:00.062000+00:00,1010.9548147419499
2026-03-22 10:00:00.003000+00:00,1010.96731474195
2026-03-22 11:00:00.044000+00:00,1010.97981474195
2026-03-22 12:00:00.049000+00:00,1010.99231474195
2026-03-22 13:00:00.046000+00:00,1011.0048147419501
2026-03-22 14:00:00.011000+00:00,1011.0173147419501
2026-03-22 15:00:00.042000+00:00,1011.0298147419502
2026-03-22 16:00:00.021000+00:00,1011.0423147419502
2026-03-22 17:00:00.006000+00:00,1011.0548147419503
2026-03-22 18:00:00.081000+00:00,1011.0519949419503
2026-03-22 19:00:00.039000+00:00,1011.0644949419503
2026-03-22 20:00:00.048000+00:00,1011.0499695419503
2026-03-22 21:00:00.082000+00:00,1010.9795071419503
2026-03-22 22:00:00.090000+00:00,1010.9697314419503
2026-03-22 23:00:00.049000+00:00,1010.9822314419504
2026-03-23 00:00:00.261000+00:00,1010.9947314419504
2026-03-23 01:00:00.069000+00:00,1011.0072314419505
2026-03-23 02:00:00.040000+00:00,1011.0197314419505
2026-03-23 03:00:00.111000+00:00,1011.0322314419506
2026-03-23 04:00:00.086000+00:00,1011.0447314419506
2026-03-23 05:00:00.014000+00:00,1011.0572314419506
2026-03-23 06:00:00.068000+00:00,1011.0697314419507
2026-03-23 07:00:00.043000+00:00,1011.0822314419507
2026-03-23 08:00:00.066000+00:00,1011.0947314419508
2026-03-23 09:00:00.071000+00:00,1011.1072314419508
2026-03-23 10:00:00.081000+00:00,1011.1197314419509
2026-03-23 11:00:00.004000+00:00,1011.1322314419509
2026-03-23 12:00:00.045000+00:00,1011.144731441951
2026-03-23 13:00:00.056000+00:00,1011.176620341951
2026-03-23 14:00:00.053000+00:00,1011.251458041951
2026-03-23 15:00:00.071000+00:00,1011.276714341951
2026-03-23 16:00:00.048000+00:00,1011.384793541951
2026-03-23 17:00:00.080000+00:00,1011.405296241951
2026-03-23 18:00:00.041000+00:00,1011.417796241951
2026-03-23 19:00:00.054000+00:00,1011.430296241951
2026-03-23 20:00:00.019000+00:00,1011.469474241951
2026-03-23 21:00:00.090000+00:00,1011.544223341951
2026-03-23 22:00:00.162000+00:00,1011.671046741951
2026-03-23 23:00:00.056000+00:00,1011.7830353419511
2026-03-24 00:00:00.027000+00:00,1011.8788655419511
2026-03-24 01:00:00.082000+00:00,1011.9544115419511
2026-03-24 02:00:00.034000+00:00,1012.0129091419511
2026-03-24 03:00:00+00:00,1012.0414476419511
2026-03-24 04:00:00.016000+00:00,1012.1359311419511
2026-03-24 05:00:00.079000+00:00,1012.2486287419512
2026-03-24 06:00:00.003000+00:00,1012.3319333419512
2026-03-24 07:00:00.088000+00:00,1012.3632303419512
2026-03-24 08:00:00.033000+00:00,1012.4041094419512
2026-03-24 09:00:00.051000+00:00,1012.4476676419512
2026-03-24 10:00:00.105000+00:00,1012.5258283419512
2026-03-24 11:00:00.045000+00:00,1012.6831270419511
2026-03-24 12:00:00.096000+00:00,1012.7438804419511
2026-03-24 13:00:00.028000+00:00,1012.8331433419511
2026-03-24 14:00:00.089000+00:00,1012.8974591419511
2026-03-24 15:00:00.033000+00:00,1012.9099591419512
2026-03-24 16:00:00.039000+00:00,1012.9246510419512
2026-03-24 17:00:00.061000+00:00,1012.9371510419512
2026-03-24 18:00:00.062000+00:00,1012.9496510419513
2026-03-24 19:00:00.040000+00:00,1012.9627646419513
2026-03-24 20:00:00.058000+00:00,1012.9752646419513
2026-03-24 21:00:00.159000+00:00,1012.9877646419513
2026-03-24 22:00:00.052000+00:00,1013.0002646419514
2026-03-24 23:00:00.069000+00:00,1013.0424532419514
2026-03-25 00:00:00.048000+00:00,1013.0549532419515
2026-03-25 01:00:00.110000+00:00,1013.1548143419515
2026-03-25 02:00:00.086000+00:00,1013.2275588419515
2026-03-25 03:00:00.069000+00:00,1013.3090718419514
2026-03-25 04:00:00.059000+00:00,1013.3433277419514
2026-03-25 05:00:00.076000+00:00,1013.3824470419514
2026-03-25 06:00:00.043000+00:00,1013.4445021419514
2026-03-25 07:00:00.053000+00:00,1013.4570021419514
2026-03-25 08:00:00.007000+00:00,1013.4695021419515
2026-03-25 09:00:00.057000+00:00,1013.4820021419515
2026-03-25 10:00:00.090000+00:00,1013.5148930419515
2026-03-25 11:00:00.018000+00:00,1013.5593274419515
2026-03-25 12:00:00.038000+00:00,1013.6062130419515
2026-03-25 13:00:00.032000+00:00,1013.6306792419515
2026-03-25 14:00:00.041000+00:00,1013.6628654419515
2026-03-25 15:00:00.062000+00:00,1013.6753654419515
2026-03-25 16:00:00.052000+00:00,1013.6878654419515
2026-03-25 17:00:00.022000+00:00,1013.7003654419516
2026-03-25 18:00:00.075000+00:00,1013.7128654419516
2026-03-25 19:00:00.037000+00:00,1013.7253654419517
2026-03-25 20:00:00.025000+00:00,1013.7378654419517
2026-03-25 21:00:00.066000+00:00,1013.7558031419517
2026-03-25 22:00:00.023000+00:00,1013.7683031419517
2026-03-25 23:00:00.072000+00:00,1013.7808031419518
2026-03-26 00:00:00.035000+00:00,1013.7933031419518
2026-03-26 01:00:00.006000+00:00,1013.8058031419519
2026-03-26 02:00:00.139000+00:00,1013.8183031419519
2026-03-26 03:00:00.114000+00:00,1013.830803141952
2026-03-26 04:00:00.110000+00:00,1013.843303141952
2026-03-26 05:00:00.097000+00:00,1013.855803141952
2026-03-26 06:00:00.014000+00:00,1013.8683031419521
2026-03-26 07:00:00.009000+00:00,1013.8808031419521
2026-03-26 08:00:00.094000+00:00,1013.8933031419522
2026-03-26 09:00:00.075000+00:00,1013.9058031419522
2026-03-26 10:00:00.001000+00:00,1013.9048978419522
2026-03-26 11:00:00.072000+00:00,1013.9173978419523
2026-03-26 12:00:00.020000+00:00,1013.9298978419523
2026-03-26 13:00:00.078000+00:00,1013.9423978419524
2026-03-26 14:00:00.066000+00:00,1013.9548978419524
2026-03-26 15:00:00.018000+00:00,1013.9673978419524
2026-03-26 16:00:00.055000+00:00,1013.9798978419525
2026-03-26 17:00:00.026000+00:00,1013.9923978419525
2026-03-26 18:00:00.030000+00:00,1014.0048978419526
2026-03-26 19:00:00.003000+00:00,1014.0173978419526
2026-03-26 20:00:00.077000+00:00,1014.0298978419527
2026-03-26 21:00:00.031000+00:00,1014.0423978419527
2026-03-26 22:00:00.068000+00:00,1014.0548978419528
2026-03-26 23:00:00.071000+00:00,1014.0673978419528
2026-03-27 00:00:00.013000+00:00,1014.0798978419529
2026-03-27 01:00:00.004000+00:00,1014.0923978419529
2026-03-27 02:00:00.007000+00:00,1014.104897841953
2026-03-27 03:00:00.045000+00:00,1014.114079741953
2026-03-27 04:00:00.027000+00:00,1014.126579741953
2026-03-27 05:00:00.055000+00:00,1014.1390797419531
2026-03-27 06:00:00.021000+00:00,1014.1515797419531
2026-03-27 07:00:00.047000+00:00,1014.1640797419532
2026-03-27 08:00:00.042000+00:00,1014.1765797419532
2026-03-27 09:00:00.078000+00:00,1014.1890797419533
2026-03-27 10:00:00.011000+00:00,1014.2015797419533
2026-03-27 11:00:00.056000+00:00,1014.2140797419534
2026-03-27 12:00:00.073000+00:00,1014.2265797419534
2026-03-27 13:00:00.020000+00:00,1014.2390797419534
2026-03-27 14:00:00.027000+00:00,1014.2515797419535
2026-03-27 15:00:00.082000+00:00,1014.2640797419535
2026-03-27 16:00:00.069000+00:00,1014.2765797419536
2026-03-27 17:00:00.063000+00:00,1014.2890797419536
2026-03-27 18:00:00.018000+00:00,1014.3015797419537
2026-03-27 19:00:00.017000+00:00,1014.3140797419537
2026-03-27 20:00:00.043000+00:00,1014.3265797419538
2026-03-27 21:00:00.064000+00:00,1014.3390797419538
2026-03-27 22:00:00.044000+00:00,1014.3515797419539
2026-03-27 23:00:00.008000+00:00,1014.3640797419539
2026-03-28 00:00:00.062000+00:00,1014.376579741954
2026-03-28 01:00:00.004000+00:00,1014.389079741954
2026-03-28 02:00:00.051000+00:00,1014.387089641954
2026-03-28 03:00:00.023000+00:00,1014.3995896419541
2026-03-28 04:00:00.106000+00:00,1014.4120896419541
2026-03-28 05:00:00.055000+00:00,1014.4245896419542
2026-03-28 06:00:00.067000+00:00,1014.4370896419542
2026-03-28 07:00:00.039000+00:00,1014.4495896419543
2026-03-28 08:00:00.007000+00:00,1014.4620896419543
2026-03-28 09:00:00.008000+00:00,1014.4745896419544
2026-03-28 10:00:00.014000+00:00,1014.4870896419544
2026-03-28 11:00:00.095000+00:00,1014.4995896419545
2026-03-28 12:00:00.014000+00:00,1014.5120896419545
2026-03-28 13:00:00.013000+00:00,1014.5245896419545
2026-03-28 14:00:00.047000+00:00,1014.5370896419546
2026-03-28 15:00:00.042000+00:00,1014.5495896419546
2026-03-28 16:00:00.047000+00:00,1014.5620896419547
2026-03-28 17:00:00.074000+00:00,1014.5745896419547
2026-03-28 18:00:00.070000+00:00,1014.5870896419548
2026-03-28 19:00:00.007000+00:00,1014.5995896419548
2026-03-28 20:00:00.075000+00:00,1014.6120896419549
2026-03-28 21:00:00.036000+00:00,1014.6245896419549
2026-03-28 22:00:00.009000+00:00,1014.637089641955
2026-03-28 23:00:00.040000+00:00,1014.649589641955
2026-03-29 00:00:00.085000+00:00,1014.662089641955
2026-03-29 01:00:00.068000+00:00,1014.677878141955
2026-03-29 02:00:00.040000+00:00,1014.7055422419551
2026-03-29 03:00:00.050000+00:00,1014.7180422419551
2026-03-29 04:00:00.034000+00:00,1014.7305422419552
2026-03-29 05:00:00.054000+00:00,1014.7487006419551
2026-03-29 06:00:00.017000+00:00,1014.7612006419552
2026-03-29 07:00:00.047000+00:00,1014.7737006419552
2026-03-29 08:00:00.033000+00:00,1014.7862006419552
2026-03-29 09:00:00.036000+00:00,1014.8050401419553
2026-03-29 10:00:00.121000+00:00,1014.8175401419553
2026-03-29 11:00:00.002000+00:00,1014.8300401419554
2026-03-29 12:00:00.067000+00:00,1014.8425401419554
2026-03-29 13:00:00.056000+00:00,1014.8550401419554
2026-03-29 14:00:00.026000+00:00,1014.8872133419554
2026-03-29 15:00:00.057000+00:00,1014.8997133419555
2026-03-29 16:00:00.029000+00:00,1014.9122133419555
2026-03-29 17:00:00.011000+00:00,1014.9247133419556
2026-03-29 18:00:00.092000+00:00,1014.9372133419556
2026-03-29 19:00:00.066000+00:00,1014.9524898419556
2026-03-29 20:00:00.062000+00:00,1014.9649898419557
2026-03-29 21:00:00.026000+00:00,1014.9774898419557
2026-03-29 22:00:00.013000+00:00,1014.9899898419558
2026-03-29 23:00:00.096000+00:00,1015.0024898419558
2026-03-30 00:00:00.038000+00:00,1015.0149898419559
2026-03-30 01:00:00.030000+00:00,1015.0274898419559
2026-03-30 02:00:00.054000+00:00,1015.0617996419559
2026-03-30 03:00:00.013000+00:00,1015.0861739419558
2026-03-30 04:00:00.074000+00:00,1015.1014668419558
2026-03-30 05:00:00.056000+00:00,1015.1139668419559
2026-03-30 06:00:00.089000+00:00,1015.1264668419559
2026-03-30 07:00:00.043000+00:00,1015.138966841956
2026-03-30 08:00:00.192000+00:00,1015.2004408419559
2026-03-30 09:00:00.039000+00:00,1015.2273203419559
2026-03-30 10:00:00.052000+00:00,1015.2398203419559
2026-03-30 11:00:00.059000+00:00,1015.2530634419559
2026-03-30 12:00:00.038000+00:00,1015.2655634419559
2026-03-30 13:00:00.031000+00:00,1015.284070341956
2026-03-30 14:00:00.046000+00:00,1015.3027174419559
2026-03-30 15:00:00.019000+00:00,1015.3526012419559
2026-03-30 16:00:00.071000+00:00,1015.3651012419559
2026-03-30 17:00:00.108000+00:00,1015.377601241956
2026-03-30 18:00:00.051000+00:00,1015.390101241956
2026-03-30 19:00:00.085000+00:00,1015.4026012419561
2026-03-30 20:00:00.055000+00:00,1015.4151012419561
2026-03-30 21:00:00.095000+00:00,1015.4276012419562
2026-03-30 22:00:00.021000+00:00,1015.4401012419562
2026-03-30 23:00:00.066000+00:00,1015.4526012419562
2026-03-31 00:00:00.016000+00:00,1015.4651012419563
2026-03-31 01:00:00.038000+00:00,1015.4776012419563
2026-03-31 02:00:00.066000+00:00,1015.4901012419564
2026-03-31 03:00:00.092000+00:00,1015.5026012419564
2026-03-31 04:00:00.073000+00:00,1015.5151012419565
2026-03-31 05:00:00.062000+00:00,1015.5276012419565
2026-03-31 06:00:00.022000+00:00,1015.5401012419566
2026-03-31 07:00:00.045000+00:00,1015.5526012419566
2026-03-31 08:00:00+00:00,1015.5651012419567
2026-03-31 09:00:00.056000+00:00,1015.5776012419567
2026-03-31 10:00:00.021000+00:00,1015.5901012419567
2026-03-31 11:00:00.032000+00:00,1015.6026012419568
2026-03-31 12:00:00.073000+00:00,1015.6151012419568
2026-03-31 13:00:00.030000+00:00,1015.6276012419569
2026-03-31 14:00:00.038000+00:00,1015.6401012419569
2026-03-31 15:00:00.043000+00:00,1015.7292054419569
2026-03-31 16:00:00.025000+00:00,1015.7417054419569
2026-03-31 17:00:00.030000+00:00,1015.754205441957
2026-03-31 18:00:00.007000+00:00,1015.766705441957
2026-03-31 19:00:00.051000+00:00,1015.7792054419571
2026-03-31 20:00:00.039000+00:00,1015.7917054419571
2026-03-31 21:00:00.026000+00:00,1015.8042054419572
2026-03-31 22:00:00.046000+00:00,1015.8178493419572
2026-03-31 23:00:00.029000+00:00,1015.8303493419572
2026-04-01 00:00:00.068000+00:00,1015.8428493419573
2026-04-01 01:00:00.022000+00:00,1015.8553493419573
2026-04-01 02:00:00.050000+00:00,1015.8678493419574
2026-04-01 03:00:00.044000+00:00,1015.8827794419574
2026-04-01 04:00:00.042000+00:00,1015.9069557419574
2026-04-01 05:00:00.057000+00:00,1015.9347988419574
2026-04-01 06:00:00.051000+00:00,1015.9915787419575
2026-04-01 07:00:00.039000+00:00,1016.0073048419575
2026-04-01 08:00:00.062000+00:00,1016.0198048419576
2026-04-01 09:00:00.046000+00:00,1016.0323048419576
2026-04-01 10:00:00.050000+00:00,1016.0448048419577
2026-04-01 11:00:00.068000+00:00,1016.0573048419577
2026-04-01 12:00:00.081000+00:00,1016.0698048419578
2026-04-01 13:00:00.011000+00:00,1016.0823048419578
2026-04-01 14:00:00.131000+00:00,1016.0948048419579
2026-04-01 15:00:00.029000+00:00,1016.1144092419579
2026-04-01 16:00:00.078000+00:00,1016.126909241958
2026-04-01 17:00:00.076000+00:00,1016.139409241958
2026-04-01 18:00:00.071000+00:00,1016.151909241958
2026-04-01 19:00:00.017000+00:00,1016.198594941958
2026-04-01 20:00:00.045000+00:00,1016.2540265419581
2026-04-01 21:00:00.041000+00:00,1016.2665265419581
2026-04-01 22:00:00.030000+00:00,1016.3079990419582
2026-04-01 23:00:00.042000+00:00,1016.3540574419582
2026-04-02 00:00:00.177000+00:00,1016.3746715419582
2026-04-02 01:00:00.004000+00:00,1016.4022470419582
2026-04-02 02:00:00.060000+00:00,1016.4268357419581
2026-04-02 03:00:00.041000+00:00,1016.4393357419582
2026-04-02 04:00:00.059000+00:00,1016.4518357419582
2026-04-02 05:00:00.030000+00:00,1016.4643357419583
2026-04-02 06:00:00.039000+00:00,1016.4944891419583
2026-04-02 07:00:00.070000+00:00,1016.5138680419583
2026-04-02 08:00:00.129000+00:00,1016.5263680419583
2026-04-02 09:00:00.026000+00:00,1016.5388680419584
2026-04-02 10:00:00.051000+00:00,1016.5513680419584
2026-04-02 11:00:00.014000+00:00,1016.5638680419585
2026-04-02 12:00:00.021000+00:00,1016.5763680419585
2026-04-02 13:00:00.075000+00:00,1016.5888680419586
2026-04-02 14:00:00.049000+00:00,1016.6013680419586
2026-04-02 15:00:00.065000+00:00,1016.6138680419587
2026-04-02 16:00:00.040000+00:00,1016.6263680419587
2026-04-02 17:00:00.022000+00:00,1016.6388680419587
2026-04-02 18:00:00.037000+00:00,1016.6513680419588
2026-04-02 19:00:00.006000+00:00,1016.6638680419588
2026-04-02 20:00:00.023000+00:00,1016.6995647419589
2026-04-02 21:00:00.131000+00:00,1016.7120647419589
2026-04-02 22:00:00.013000+00:00,1016.724564741959
2026-04-02 23:00:00.004000+00:00,1016.737064741959
2026-04-03 00:00:00.021000+00:00,1016.761347441959
2026-04-03 01:00:00.043000+00:00,1016.773847441959
2026-04-03 02:00:00.023000+00:00,1016.786347441959
2026-04-03 03:00:00.048000+00:00,1016.7988474419591
2026-04-03 04:00:00.039000+00:00,1016.8113474419591
2026-04-03 05:00:00.086000+00:00,1016.8238474419592
2026-04-03 06:00:00.049000+00:00,1016.8363474419592
2026-04-03 07:00:00.028000+00:00,1016.8488474419593
2026-04-03 08:00:00.069000+00:00,1016.8613474419593
2026-04-03 09:00:00.054000+00:00,1016.8738474419594
2026-04-03 10:00:00.043000+00:00,1016.8863474419594
2026-04-03 11:00:00.041000+00:00,1016.8988474419594
2026-04-03 12:00:00.031000+00:00,1016.9113474419595
2026-04-03 13:00:00.058000+00:00,1016.9238474419595
2026-04-03 14:00:00.001000+00:00,1016.9363474419596
2026-04-03 15:00:00.044000+00:00,1016.9488474419596
2026-04-03 16:00:00.033000+00:00,1016.9613474419597
2026-04-03 17:00:00.040000+00:00,1016.9738474419597
2026-04-03 18:00:00.069000+00:00,1016.9863474419598
2026-04-03 19:00:00.026000+00:00,1016.9988474419598
2026-04-03 20:00:00.036000+00:00,1017.0113474419599
2026-04-03 21:00:00.048000+00:00,1017.0238474419599
2026-04-03 22:00:00.031000+00:00,1017.03634744196
2026-04-03 23:00:00.039000+00:00,1017.04884744196
2026-04-04 00:00:00.063000+00:00,1017.06134744196
2026-04-04 01:00:00.014000+00:00,1017.0738474419601
2026-04-04 02:00:00.021000+00:00,1017.1002680419601
2026-04-04 03:00:00.064000+00:00,1017.1385435419602
2026-04-04 04:00:00.011000+00:00,1017.1510435419602
2026-04-04 05:00:00.063000+00:00,1017.1635435419603
2026-04-04 06:00:00.057000+00:00,1017.1760435419603
2026-04-04 07:00:00.051000+00:00,1017.1885435419604
2026-04-04 08:00:00.033000+00:00,1017.2010435419604
2026-04-04 09:00:00.008000+00:00,1017.2135435419605
2026-04-04 10:00:00.029000+00:00,1017.2260435419605
2026-04-04 11:00:00.050000+00:00,1017.2527640419605
2026-04-04 12:00:00.009000+00:00,1017.2652640419606
2026-04-04 13:00:00.107000+00:00,1017.2913265419605
2026-04-04 14:00:00.065000+00:00,1017.3051702419606
2026-04-04 15:00:00.008000+00:00,1017.3176702419606
2026-04-04 16:00:00.038000+00:00,1017.3354855419607
2026-04-04 17:00:00.041000+00:00,1017.4584955419607
2026-04-04 18:00:00.064000+00:00,1017.5371554419607
2026-04-04 19:00:00.012000+00:00,1017.6281515419607
2026-04-04 20:00:00.063000+00:00,1017.7033404419607
2026-04-04 21:00:00.037000+00:00,1017.7158404419607
2026-04-04 22:00:00.032000+00:00,1017.7561362419607
2026-04-04 23:00:00.014000+00:00,1017.8027902419607
2026-04-05 00:00:00.047000+00:00,1017.8576328419607
2026-04-05 01:00:00.058000+00:00,1017.8831560419607
2026-04-05 02:00:00.058000+00:00,1017.8956560419607
2026-04-05 03:00:00.014000+00:00,1017.9081560419608
2026-04-05 04:00:00.022000+00:00,1017.9206560419608
2026-04-05 05:00:00.024000+00:00,1017.9331560419608
2026-04-05 06:00:00.051000+00:00,1017.9456560419609
2026-04-05 07:00:00.048000+00:00,1017.9581560419609
2026-04-05 08:00:00.066000+00:00,1017.9929084419609
2026-04-05 09:00:00.017000+00:00,1018.0574033419609
2026-04-05 10:00:00.017000+00:00,1018.1099597419609
2026-04-05 11:00:00.024000+00:00,1018.1615257419609
2026-04-05 12:00:00.017000+00:00,1018.2076370419609
2026-04-05 13:00:00.047000+00:00,1018.2641114419608
2026-04-05 14:00:00.057000+00:00,1018.3463013419608
2026-04-05 15:00:00.081000+00:00,1018.4069446419609
2026-04-05 16:00:00.031000+00:00,1018.4620557419609
2026-04-05 17:00:00.049000+00:00,1018.4999737419608
2026-04-05 18:00:00.042000+00:00,1018.5492326419609
2026-04-05 19:00:00.041000+00:00,1018.5773052419609
2026-04-05 20:00:00.030000+00:00,1018.6472117419609
2026-04-05 21:00:00.003000+00:00,1018.7493092419609
2026-04-05 22:00:00.060000+00:00,1018.8187204419609
2026-04-05 23:00:00.020000+00:00,1018.8586327419608
2026-04-06 00:00:00.029000+00:00,1018.9673236419609
2026-04-06 01:00:00.040000+00:00,1019.0978540419609
2026-04-06 02:00:00+00:00,1019.1880090419609
2026-04-06 03:00:00.049000+00:00,1019.2932434419608
2026-04-06 04:00:00.002000+00:00,1019.3664600419609
2026-04-06 05:00:00.047000+00:00,1019.3889165419608
2026-04-06 06:00:00.025000+00:00,1019.4155953419609
2026-04-06 07:00:00.064000+00:00,1019.4901411419609
2026-04-06 08:00:00.053000+00:00,1019.5399775419609
2026-04-06 09:00:00.012000+00:00,1019.5524775419609
2026-04-06 10:00:00.006000+00:00,1019.5801345419609
2026-04-06 11:00:00.016000+00:00,1019.5926345419609
2026-04-06 12:00:00.072000+00:00,1019.605134541961
2026-04-06 13:00:00.031000+00:00,1019.620554141961
2026-04-06 14:00:00.066000+00:00,1019.6426195419609
2026-04-06 15:00:00.048000+00:00,1019.684469941961
2026-04-06 16:00:00.056000+00:00,1019.7476887419609
2026-04-06 17:00:00.002000+00:00,1019.7766447419609
2026-04-06 18:00:00.039000+00:00,1019.844694841961
2026-04-06 19:00:00+00:00,1019.908409441961
2026-04-06 20:00:00.078000+00:00,1019.953427441961
2026-04-06 21:00:00.054000+00:00,1020.0346454419611
2026-04-06 22:00:00.043000+00:00,1020.0636770419611
2026-04-06 23:00:00.021000+00:00,1020.1391190419611
2026-04-07 00:00:00.046000+00:00,1020.214675441961
2026-04-07 01:00:00.015000+00:00,1020.2629016419611
2026-04-07 02:00:00.012000+00:00,1020.2831455419611
2026-04-07 03:00:00.093000+00:00,1020.3978390419611
2026-04-07 04:00:00.017000+00:00,1020.4729706419611
2026-04-07 05:00:00.006000+00:00,1020.5472761419611
2026-04-07 06:00:00.030000+00:00,1020.5785353419611
2026-04-07 07:00:00.064000+00:00,1020.5910353419612
2026-04-07 08:00:00.020000+00:00,1020.6035353419612
2026-04-07 09:00:00.031000+00:00,1020.6160353419613
2026-04-07 10:00:00.005000+00:00,1020.6285353419613
2026-04-07 11:00:00.030000+00:00,1020.6410353419614
2026-04-07 12:00:00.037000+00:00,1020.6535353419614
2026-04-07 13:00:00.060000+00:00,1020.6660353419614
2026-04-07 14:00:00.027000+00:00,1020.6785353419615
2026-04-07 15:00:00.041000+00:00,1020.6910353419615
2026-04-07 16:00:00.036000+00:00,1020.7035353419616
2026-04-07 17:00:00.024000+00:00,1020.7160353419616
2026-04-07 18:00:00.013000+00:00,1020.7565793419616
2026-04-07 19:00:00.017000+00:00,1020.7690793419616
2026-04-07 20:00:00.041000+00:00,1020.7815793419617
2026-04-07 21:00:00.062000+00:00,1020.7940793419617
2026-04-07 22:00:00.029000+00:00,1020.8065793419618
2026-04-07 23:00:00.038000+00:00,1020.8190793419618
2026-04-08 00:00:00.094000+00:00,1020.8532232419618
2026-04-08 01:00:00.057000+00:00,1020.8657232419619
2026-04-08 02:00:00.043000+00:00,1020.8782232419619
2026-04-08 03:00:00.059000+00:00,1020.890723241962
2026-04-08 04:00:00.012000+00:00,1020.945543641962
2026-04-08 05:00:00.056000+00:00,1020.987307041962
2026-04-08 06:00:00.065000+00:00,1020.9998070419621
2026-04-08 07:00:00.039000+00:00,1021.0123070419621
2026-04-08 08:00:00.005000+00:00,1021.0248070419622
2026-04-08 09:00:00.047000+00:00,1021.0373070419622
2026-04-08 10:00:00.004000+00:00,1021.0498070419623
2026-04-08 11:00:00.027000+00:00,1021.0623070419623
2026-04-08 12:00:00+00:00,1021.0748070419623
2026-04-08 13:00:00.019000+00:00,1021.0873070419624
2026-04-08 14:00:00.064000+00:00,1021.1235464419624
2026-04-08 15:00:00.025000+00:00,1021.1370926419623
2026-04-08 16:00:00.054000+00:00,1021.1329264419624
2026-04-08 17:00:00.009000+00:00,1021.1454264419624
2026-04-08 18:00:00.046000+00:00,1021.1579264419624
2026-04-08 19:00:00.026000+00:00,1021.1704264419625
2026-04-08 20:00:00.068000+00:00,1021.1623986419625
2026-04-08 21:00:00.031000+00:00,1021.1748986419625
2026-04-08 22:00:00.010000+00:00,1021.1564812419625
2026-04-08 23:00:00.039000+00:00,1021.1689812419626
2026-04-09 00:00:00.070000+00:00,1021.1814812419626
2026-04-09 01:00:00.023000+00:00,1021.1939812419627
2026-04-09 02:00:00.010000+00:00,1021.2064812419627
2026-04-09 03:00:00.053000+00:00,1021.2189812419628
2026-04-09 04:00:00.015000+00:00,1021.2314812419628
2026-04-09 05:00:00.007000+00:00,1021.2439812419628
2026-04-09 06:00:00.021000+00:00,1021.2567376419628
2026-04-09 07:00:00.001000+00:00,1021.2692376419628
2026-04-09 08:00:00.056000+00:00,1021.2817376419629
2026-04-09 09:00:00.008000+00:00,1021.2942376419629
2026-04-09 10:00:00.006000+00:00,1021.306737641963
2026-04-09 11:00:00.010000+00:00,1021.319237641963
2026-04-09 12:00:00.054000+00:00,1021.3317376419631
2026-04-09 13:00:00.004000+00:00,1021.394279341963
2026-04-09 14:00:00.056000+00:00,1021.445270541963
2026-04-09 15:00:00.041000+00:00,1021.4577705419631
2026-04-09 16:00:00.011000+00:00,1021.4702705419631
2026-04-09 17:00:00.012000+00:00,1021.5113000419632
2026-04-09 18:00:00.001000+00:00,1021.5279211419631
2026-04-09 19:00:00.031000+00:00,1021.5404211419632
2026-04-09 20:00:00.004000+00:00,1021.5529211419632
2026-04-09 21:00:00.018000+00:00,1021.5654211419633
2026-04-09 22:00:00+00:00,1021.6121037419633
2026-04-09 23:00:00.071000+00:00,1021.6634417419633
2026-04-10 00:00:00.062000+00:00,1021.6759417419634
2026-04-10 01:00:00.013000+00:00,1021.6884417419634
2026-04-10 02:00:00.002000+00:00,1021.7009417419634
2026-04-10 03:00:00.040000+00:00,1021.7134417419635
2026-04-10 04:00:00.047000+00:00,1021.7259417419635
2026-04-10 05:00:00.031000+00:00,1021.7384417419636
2026-04-10 06:00:00.026000+00:00,1021.7546199419636
2026-04-10 07:00:00.016000+00:00,1021.8198719419636
2026-04-10 08:00:00+00:00,1021.8323719419636
2026-04-10 09:00:00.015000+00:00,1021.8448719419637
2026-04-10 10:00:00.028000+00:00,1021.8840920419636
2026-04-10 11:00:00.010000+00:00,1021.9066559419637
2026-04-10 12:00:00.057000+00:00,1021.9402969419637
2026-04-10 13:00:00.032000+00:00,1022.0295009419636
2026-04-10 14:00:00.008000+00:00,1022.0671492419636
2026-04-10 15:00:00.005000+00:00,1022.1009584419636
2026-04-10 16:00:00.053000+00:00,1022.1216028419636
2026-04-10 17:00:00.022000+00:00,1022.1341028419637
2026-04-10 18:00:00.021000+00:00,1022.1466028419637
2026-04-10 19:00:00.046000+00:00,1022.1591028419638
2026-04-10 20:00:00.009000+00:00,1022.1716028419638
2026-04-10 21:00:00.010000+00:00,1022.1841028419639
2026-04-10 22:00:00.079000+00:00,1022.1966028419639
2026-04-10 23:00:00.055000+00:00,1022.217893441964
2026-04-11 00:00:00.015000+00:00,1022.230393441964
2026-04-11 01:00:00.006000+00:00,1022.269080241964
2026-04-11 02:00:00.020000+00:00,1022.2815802419641
2026-04-11 03:00:00.039000+00:00,1022.2940802419641
2026-04-11 04:00:00.013000+00:00,1022.3095721419642
2026-04-11 05:00:00.005000+00:00,1022.3220721419642
2026-04-11 06:00:00.024000+00:00,1022.3455714419642
2026-04-11 07:00:00.016000+00:00,1022.3862150419642
2026-04-11 08:00:00.002000+00:00,1022.4058587419642
2026-04-11 09:00:00.042000+00:00,1022.4194131419641
2026-04-11 10:00:00.048000+00:00,1022.4697743419641
2026-04-11 11:00:00.040000+00:00,1022.4822743419642
2026-04-11 12:00:00.055000+00:00,1022.4947743419642
2026-04-11 13:00:00.047000+00:00,1022.5153182419642
2026-04-11 14:00:00.001000+00:00,1022.5278182419643
2026-04-11 15:00:00.041000+00:00,1022.5403182419643
2026-04-11 16:00:00.034000+00:00,1022.5528182419644
2026-04-11 17:00:00.008000+00:00,1022.5839630419644
2026-04-11 18:00:00.033000+00:00,1022.6210143419644
2026-04-11 19:00:00.047000+00:00,1022.6819027419643
2026-04-11 20:00:00.023000+00:00,1022.7464303419644
2026-04-11 21:00:00.058000+00:00,1022.7711300419644
2026-04-11 22:00:00.036000+00:00,1022.8180570419644
2026-04-11 23:00:00.020000+00:00,1022.8711884419644
2026-04-12 00:00:00.067000+00:00,1022.9139141419644
2026-04-12 01:00:00.044000+00:00,1022.9605001419644
2026-04-12 02:00:00.031000+00:00,1022.9975205419644
2026-04-12 03:00:00.029000+00:00,1023.0514397419644
2026-04-12 04:00:00.055000+00:00,1023.1199776419644
2026-04-12 05:00:00.066000+00:00,1023.1483615419644
2026-04-12 06:00:00.047000+00:00,1023.1973531419644
2026-04-12 07:00:00.004000+00:00,1023.3020061419644
2026-04-12 08:00:00.022000+00:00,1023.3293506419644
2026-04-12 09:00:00.049000+00:00,1023.3418506419645
2026-04-12 10:00:00.011000+00:00,1023.3543506419645
2026-04-12 11:00:00.022000+00:00,1023.3668506419646
2026-04-12 12:00:00.040000+00:00,1023.3793506419646
2026-04-12 13:00:00.028000+00:00,1023.3918506419647
2026-04-12 14:00:00.064000+00:00,1023.4043506419647
2026-04-12 15:00:00.065000+00:00,1023.4168506419647
2026-04-12 16:00:00.046000+00:00,1023.4385193419647
2026-04-12 17:00:00.054000+00:00,1023.4616748419647
2026-04-12 18:00:00.035000+00:00,1023.4894143419648
2026-04-12 19:00:00.028000+00:00,1023.5419343419647
2026-04-12 20:00:00.062000+00:00,1023.6151124419647
2026-04-12 21:00:00.049000+00:00,1023.6967797419647
2026-04-12 22:00:00.058000+00:00,1023.7675664419647
2026-04-12 23:00:00.048000+00:00,1023.8036763419648
2026-04-13 00:00:00.013000+00:00,1023.8203787419648
2026-04-13 01:00:00.031000+00:00,1023.8492758419648
2026-04-13 02:00:00.001000+00:00,1023.8617758419648
2026-04-13 03:00:00.056000+00:00,1023.8742758419648
2026-04-13 04:00:00.056000+00:00,1023.8867758419649
2026-04-13 05:00:00.032000+00:00,1023.8992758419649
2026-04-13 06:00:00.007000+00:00,1023.911775841965
2026-04-13 07:00:00.011000+00:00,1023.950314941965
2026-04-13 08:00:00.015000+00:00,1023.962814941965
2026-04-13 09:00:00.013000+00:00,1023.975314941965
2026-04-13 10:00:00.032000+00:00,1023.9878149419651
2026-04-13 11:00:00.011000+00:00,1024.0003149419651
2026-04-13 12:00:00.063000+00:00,1024.0128149419652
2026-04-13 13:00:00.036000+00:00,1024.0253149419652
2026-04-13 14:00:00.007000+00:00,1024.0585714419653
2026-04-13 15:00:00.114000+00:00,1024.0710714419654
2026-04-13 16:00:00.016000+00:00,1024.0835714419654
2026-04-13 17:00:00.028000+00:00,1024.0960714419655
2026-04-13 18:00:00.040000+00:00,1024.1085714419655
2026-04-13 19:00:00.055000+00:00,1024.1210714419656
2026-04-13 20:00:00.032000+00:00,1024.1335714419656
2026-04-13 21:00:00.038000+00:00,1024.1460714419657
2026-04-13 22:00:00.023000+00:00,1024.1585714419657
2026-04-13 23:00:00.008000+00:00,1024.1710714419658
2026-04-14 00:00:00.020000+00:00,1024.1835714419658
2026-04-14 01:00:00.057000+00:00,1024.1960714419658
2026-04-14 02:00:00.017000+00:00,1024.208571441966
2026-04-14 03:00:00.043000+00:00,1024.221071441966
2026-04-14 04:00:00.009000+00:00,1024.233571441966
2026-04-14 05:00:00.054000+00:00,1024.246071441966
2026-04-14 06:00:00.057000+00:00,1024.258571441966
2026-04-14 07:00:00.076000+00:00,1024.2710714419661
2026-04-14 08:00:00.066000+00:00,1024.2835714419662
2026-04-14 09:00:00.041000+00:00,1024.2699674419662
2026-04-14 10:00:00.010000+00:00,1024.2824674419662
2026-04-14 11:00:00.030000+00:00,1024.2949674419663
2026-04-14 12:00:00.053000+00:00,1024.3074674419663
2026-04-14 13:00:00.039000+00:00,1024.3199674419664
2026-04-14 14:00:00.012000+00:00,1024.3324674419664
2026-04-14 15:00:00.056000+00:00,1024.3449674419664
2026-04-14 16:00:00.029000+00:00,1024.3574674419665
2026-04-14 17:00:00.057000+00:00,1024.3699674419665
2026-04-14 18:00:00.062000+00:00,1024.3824674419666
2026-04-14 19:00:00.040000+00:00,1024.3949674419666
2026-04-14 20:00:00+00:00,1024.4074674419667
2026-04-14 21:00:00.003000+00:00,1024.4199674419667
2026-04-14 22:00:00.001000+00:00,1024.4507269419666
2026-04-14 23:00:00.021000+00:00,1024.4632269419667
2026-04-15 00:00:00.015000+00:00,1024.4757269419667
2026-04-15 01:00:00.054000+00:00,1024.4882269419668
2026-04-15 02:00:00.036000+00:00,1024.5007269419668
2026-04-15 03:00:00.065000+00:00,1024.5132269419669
2026-04-15 04:00:00.053000+00:00,1024.525726941967
2026-04-15 05:00:00.029000+00:00,1024.538226941967
2026-04-15 06:00:00.060000+00:00,1024.550726941967
2026-04-15 07:00:00.038000+00:00,1024.5011764419671
2026-04-15 08:00:00.009000+00:00,1024.412915741967
2026-04-15 09:00:00.024000+00:00,1024.425415741967
2026-04-15 10:00:00.027000+00:00,1024.4379157419671
2026-04-15 11:00:00.067000+00:00,1024.4504157419672
2026-04-15 12:00:00.030000+00:00,1024.4629157419672
2026-04-15 13:00:00.008000+00:00,1024.4754157419673
2026-04-15 14:00:00.035000+00:00,1024.4879157419673
2026-04-15 15:00:00.057000+00:00,1024.5004157419673
2026-04-15 16:00:00.025000+00:00,1024.5129157419674
2026-04-15 17:00:00.022000+00:00,1024.5254157419674
2026-04-15 18:00:00.030000+00:00,1024.5379157419675
2026-04-15 19:00:00.062000+00:00,1024.5953261419675
2026-04-15 20:00:00.014000+00:00,1024.6548923419675
2026-04-15 21:00:00.049000+00:00,1024.6970508419674
2026-04-15 22:00:00.067000+00:00,1024.7543362419674
2026-04-15 23:00:00.056000+00:00,1024.8249094419673
2026-04-16 00:00:00.044000+00:00,1024.9152226419674
2026-04-16 01:00:00.022000+00:00,1025.0527845419674
2026-04-16 02:00:00.010000+00:00,1025.1668472419674
2026-04-16 03:00:00.053000+00:00,1025.2367246419674
2026-04-16 04:00:00.006000+00:00,1025.2782538419674
2026-04-16 05:00:00.042000+00:00,1025.3486501419675
2026-04-16 06:00:00.031000+00:00,1025.4100064419674
2026-04-16 07:00:00.012000+00:00,1025.4225064419675
2026-04-16 08:00:00.062000+00:00,1025.4350064419675
2026-04-16 09:00:00.045000+00:00,1025.4475064419676
2026-04-16 10:00:00.004000+00:00,1025.4600064419676
2026-04-16 11:00:00.035000+00:00,1025.5353071419677
2026-04-16 12:00:00.042000+00:00,1025.5478071419677
2026-04-16 13:00:00.030000+00:00,1025.5603071419678
2026-04-16 14:00:00.019000+00:00,1025.5728071419678
2026-04-16 15:00:00.047000+00:00,1025.5853071419679
2026-04-16 16:00:00.051000+00:00,1025.601844841968
2026-04-16 17:00:00.013000+00:00,1025.621385741968
2026-04-16 18:00:00.034000+00:00,1025.635202941968
2026-04-16 19:00:00.064000+00:00,1025.698820541968
2026-04-16 20:00:00.016000+00:00,1025.779992941968
2026-04-16 21:00:00.025000+00:00,1025.883873841968
2026-04-16 22:00:00.043000+00:00,1025.975650541968
2026-04-16 23:00:00.041000+00:00,1026.053963041968
2026-04-17 00:00:00.030000+00:00,1026.159937641968
2026-04-17 01:00:00.015000+00:00,1026.179227841968
2026-04-17 02:00:00.026000+00:00,1026.204059541968
2026-04-17 03:00:00.010000+00:00,1026.265572441968
2026-04-17 04:00:00.064000+00:00,1026.3580195419681
2026-04-17 05:00:00.052000+00:00,1026.455789641968
2026-04-17 06:00:00.017000+00:00,1026.530852341968
2026-04-17 07:00:00.065000+00:00,1026.543352341968
2026-04-17 08:00:00.042000+00:00,1026.5558523419681
2026-04-17 09:00:00.035000+00:00,1026.5683523419682
2026-04-17 10:00:00.011000+00:00,1026.612426341968
2026-04-17 11:00:00.038000+00:00,1026.6756231419681
2026-04-17 12:00:00.064000+00:00,1026.796481641968
2026-04-17 13:00:00.036000+00:00,1026.854960341968
2026-04-17 14:00:00+00:00,1026.907479241968
2026-04-17 15:00:00.059000+00:00,1026.9199792419681
2026-04-17 16:00:00.039000+00:00,1027.0073502419682
2026-04-17 17:00:00.046000+00:00,1027.1544041419681
2026-04-17 18:00:00.052000+00:00,1027.282276641968
2026-04-17 19:00:00.019000+00:00,1027.3994151419681
2026-04-17 20:00:00.065000+00:00,1027.5057844419682
2026-04-17 21:00:00.012000+00:00,1027.5779494419683
2026-04-17 22:00:00.042000+00:00,1027.6317626419682
2026-04-17 23:00:00.022000+00:00,1027.6820295419682
2026-04-18 00:00:00.064000+00:00,1027.7157391419682
2026-04-18 01:00:00.049000+00:00,1027.7599422419682
2026-04-18 02:00:00.042000+00:00,1027.8418023419683
2026-04-18 03:00:00.031000+00:00,1027.9478306419683
2026-04-18 04:00:00.009000+00:00,1028.0543044419683
2026-04-18 05:00:00.060000+00:00,1028.1688683419682
2026-04-18 06:00:00.049000+00:00,1028.284735541968
2026-04-18 07:00:00.028000+00:00,1028.3794171419681
2026-04-18 08:00:00.049000+00:00,1028.425480341968
2026-04-18 09:00:00.011000+00:00,1028.4379803419681
2026-04-18 10:00:00.020000+00:00,1028.4504803419682
2026-04-18 11:00:00.016000+00:00,1028.4629803419682
2026-04-18 12:00:00.034000+00:00,1028.4754803419683
2026-04-18 13:00:00.047000+00:00,1028.5138322419682
2026-04-18 14:00:00.018000+00:00,1028.5338222419682
2026-04-18 15:00:00+00:00,1028.5463222419683
2026-04-18 16:00:00.001000+00:00,1028.5588222419683
2026-04-18 17:00:00.001000+00:00,1028.5713222419683
2026-04-18 18:00:00.050000+00:00,1028.5838222419684
2026-04-18 19:00:00.039000+00:00,1028.5963222419684
2026-04-18 20:00:00.037000+00:00,1028.6088222419685
2026-04-18 21:00:00.036000+00:00,1028.6213222419685
2026-04-18 22:00:00.011000+00:00,1028.6338222419686
2026-04-18 23:00:00.026000+00:00,1028.6463222419686
2026-04-19 00:00:00.053000+00:00,1028.6588222419687
2026-04-19 01:00:00.051000+00:00,1028.6713222419687
2026-04-19 02:00:00.028000+00:00,1028.7100228419688
2026-04-19 03:00:00.060000+00:00,1028.7546858419687
2026-04-19 04:00:00.051000+00:00,1028.8073847419687
2026-04-19 05:00:00.046000+00:00,1028.9051249419688
2026-04-19 06:00:00.041000+00:00,1028.9359346419687
2026-04-19 07:00:00.002000+00:00,1028.9741732419689
2026-04-19 08:00:00.040000+00:00,1028.999420541969
2026-04-19 09:00:00.041000+00:00,1029.011920541969
2026-04-19 10:00:00.022000+00:00,1029.024420541969
2026-04-19 11:00:00.032000+00:00,1029.036920541969
2026-04-19 12:00:00.016000+00:00,1029.049420541969
2026-04-19 13:00:00.026000+00:00,1029.104844841969
2026-04-19 14:00:00.011000+00:00,1029.150293641969
2026-04-19 15:00:00.004000+00:00,1029.195073341969
2026-04-19 16:00:00.010000+00:00,1029.2423718419689
2026-04-19 17:00:00.060000+00:00,1029.254871841969
2026-04-19 18:00:00.009000+00:00,1029.274555441969
2026-04-19 19:00:00.018000+00:00,1029.287055441969
2026-04-19 20:00:00.030000+00:00,1029.299555441969
2026-04-19 21:00:00.025000+00:00,1029.312055441969
2026-04-19 22:00:00.007000+00:00,1029.324555441969
2026-04-19 23:00:00.025000+00:00,1029.3370554419691
2026-04-20 00:00:00.062000+00:00,1029.3495554419692
2026-04-20 01:00:00.029000+00:00,1029.3620554419692
2026-04-20 02:00:00.053000+00:00,1029.3745554419693
2026-04-20 03:00:00.025000+00:00,1029.3870554419693
2026-04-20 04:00:00.029000+00:00,1029.3995554419694
2026-04-20 05:00:00.055000+00:00,1029.4120554419694
2026-04-20 06:00:00+00:00,1029.4344781419695
2026-04-20 07:00:00.006000+00:00,1029.4801445419696
2026-04-20 08:00:00.037000+00:00,1029.4926445419696
2026-04-20 09:00:00.008000+00:00,1029.5051445419697
2026-04-20 10:00:00.053000+00:00,1029.5176445419697
2026-04-20 11:00:00.014000+00:00,1029.5301445419698
2026-04-20 12:00:00.091000+00:00,1029.5426445419698
2026-04-20 13:00:00.051000+00:00,1029.6057837419698
2026-04-20 14:00:00.033000+00:00,1029.71615854197
2026-04-20 15:00:00.041000+00:00,1029.76147984197
2026-04-20 16:00:00.028000+00:00,1029.79600244197
2026-04-20 17:00:00.049000+00:00,1029.8446573419699
2026-04-20 18:00:00.019000+00:00,1029.89648354197
2026-04-20 19:00:00.037000+00:00,1029.9563849419699
2026-04-20 20:00:00.063000+00:00,1030.0095741419698
2026-04-20 21:00:00.038000+00:00,1030.0925919419699
2026-04-20 22:00:00.039000+00:00,1030.14800264197
2026-04-20 23:00:00.053000+00:00,1030.1762948419698
2026-04-21 00:00:00.087000+00:00,1030.2545518419697
2026-04-21 01:00:00.043000+00:00,1030.3009184419698
2026-04-21 02:00:00.023000+00:00,1030.3341207419699
2026-04-21 03:00:00.030000+00:00,1030.3922315419697
2026-04-21 04:00:00.018000+00:00,1030.4791050419697
2026-04-21 05:00:00.065000+00:00,1030.5450892419697
2026-04-21 06:00:00.010000+00:00,1030.5942624419697
2026-04-21 07:00:00.053000+00:00,1030.7043649419697
2026-04-21 08:00:00.036000+00:00,1030.7670400419697
2026-04-21 09:00:00.005000+00:00,1030.7989793419697
2026-04-21 10:00:00.001000+00:00,1030.8376694419696
2026-04-21 11:00:00.065000+00:00,1030.9293196419696
2026-04-21 12:00:00.036000+00:00,1031.0792507419696
2026-04-21 13:00:00.063000+00:00,1031.2357255419697
2026-04-21 14:00:00.044000+00:00,1031.4085557419696
2026-04-21 15:00:00.019000+00:00,1031.4900229419695
2026-04-21 16:00:00.048000+00:00,1031.5025229419696
2026-04-21 17:00:00.003000+00:00,1031.5289931419695
2026-04-21 18:00:00.065000+00:00,1031.5569034419696
2026-04-21 19:00:00.039000+00:00,1031.6304378419695
2026-04-21 20:00:00.004000+00:00,1031.7025980419696
2026-04-21 21:00:00.015000+00:00,1031.7374444419697
2026-04-21 22:00:00.008000+00:00,1031.7659302419697
2026-04-21 23:00:00.011000+00:00,1031.7974097419697
2026-04-22 00:00:00.061000+00:00,1031.8344798419696
2026-04-22 01:00:00.004000+00:00,1031.8656255419696
2026-04-22 02:00:00.042000+00:00,1031.9012463419697
2026-04-22 03:00:00.005000+00:00,1031.9375726419696
2026-04-22 04:00:00.056000+00:00,1031.9500726419697
2026-04-22 05:00:00.030000+00:00,1031.9625726419697
2026-04-22 06:00:00.005000+00:00,1031.9750726419697
2026-04-22 07:00:00.018000+00:00,1031.9875726419698
2026-04-22 08:00:00.009000+00:00,1032.0000726419698
2026-04-22 09:00:00.041000+00:00,1032.0125726419699
2026-04-22 10:00:00.008000+00:00,1032.02507264197
2026-04-22 11:00:00.019000+00:00,1032.04225404197
2026-04-22 12:00:00.041000+00:00,1032.0824044419699
2026-04-22 13:00:00.003000+00:00,1032.09490444197
2026-04-22 14:00:00.043000+00:00,1032.1163475419698
2026-04-22 15:00:00.021000+00:00,1032.12884754197
2026-04-22 16:00:00.051000+00:00,1032.14134754197
2026-04-22 17:00:00.012000+00:00,1032.15384754197
2026-04-22 18:00:00.036000+00:00,1032.16634754197
2026-04-22 19:00:00.031000+00:00,1032.18835794197
2026-04-22 20:00:00.051000+00:00,1032.27041794197
2026-04-22 21:00:00.023000+00:00,1032.33453624197
2026-04-22 22:00:00.042000+00:00,1032.37597974197
2026-04-22 23:00:00.056000+00:00,1032.48212484197
2026-04-23 00:00:00.028000+00:00,1032.51799404197
2026-04-23 01:00:00.056000+00:00,1032.63735144197
2026-04-23 02:00:00.016000+00:00,1032.76867934197
2026-04-23 03:00:00.013000+00:00,1032.84837694197
2026-04-23 04:00:00.053000+00:00,1032.94372664197
2026-04-23 05:00:00.046000+00:00,1033.00553234197
2026-04-23 06:00:00.079000+00:00,1033.01847664197
2026-04-23 07:00:00.059000+00:00,1033.03097664197
2026-04-23 08:00:00.019000+00:00,1033.04347664197
2026-04-23 09:00:00.060000+00:00,1033.0559766419701
2026-04-23 10:00:00.021000+00:00,1033.0684766419702
2026-04-23 11:00:00.053000+00:00,1033.09051814197
2026-04-23 12:00:00.024000+00:00,1033.18047524197
2026-04-23 13:00:00.060000+00:00,1033.22977924197
2026-04-23 14:00:00.015000+00:00,1033.29560734197
2026-04-23 15:00:00.020000+00:00,1033.36985394197
2026-04-23 16:00:00.048000+00:00,1033.4796521419698
2026-04-23 17:00:00.075000+00:00,1033.5578593419698
2026-04-23 18:00:00.016000+00:00,1033.5720685419699
2026-04-23 19:00:00.075000+00:00,1033.6369353419698
2026-04-23 20:00:00.003000+00:00,1033.6732292419697
2026-04-23 21:00:00.042000+00:00,1033.7355597419696
2026-04-23 22:00:00.005000+00:00,1033.8879370419695
2026-04-23 23:00:00.065000+00:00,1033.9550648419695
2026-04-24 00:00:00.064000+00:00,1034.0000399419696
2026-04-24 01:00:00.021000+00:00,1034.0166855419695
2026-04-24 02:00:00.064000+00:00,1034.0291855419696
2026-04-24 03:00:00.062000+00:00,1034.0416855419696
2026-04-24 04:00:00.018000+00:00,1034.0541855419697
2026-04-24 05:00:00.065000+00:00,1034.0666855419697
2026-04-24 06:00:00+00:00,1034.0791855419698
2026-04-24 07:00:00.039000+00:00,1034.0916855419698
2026-04-24 08:00:00.008000+00:00,1034.1041855419699
2026-04-24 09:00:00.041000+00:00,1034.11668554197
2026-04-24 10:00:00.038000+00:00,1034.12918554197
2026-04-24 11:00:00.039000+00:00,1034.14168554197
2026-04-24 12:00:00.002000+00:00,1034.15418554197
2026-04-24 13:00:00.047000+00:00,1034.18050584197
2026-04-24 14:00:00.063000+00:00,1034.19300584197
2026-04-24 15:00:00.001000+00:00,1034.20550584197
2026-04-24 16:00:00.049000+00:00,1034.24444884197
2026-04-24 17:00:00.011000+00:00,1034.2974367419702
2026-04-24 18:00:00.037000+00:00,1034.3495082419702
2026-04-24 19:00:00.020000+00:00,1034.3977418419702
2026-04-24 20:00:00.007000+00:00,1034.5142538419702
2026-04-24 21:00:00.058000+00:00,1034.6339169419703
2026-04-24 22:00:00.042000+00:00,1034.7382052419703
2026-04-24 23:00:00.055000+00:00,1034.8833626419703
2026-04-25 00:00:00.024000+00:00,1034.9852941419704
2026-04-25 01:00:00.002000+00:00,1035.0560795419703
2026-04-25 02:00:00.044000+00:00,1035.1273047419704
2026-04-25 03:00:00.063000+00:00,1035.1819898419703
2026-04-25 04:00:00+00:00,1035.2288346419703
2026-04-25 05:00:00.035000+00:00,1035.2927046419702
2026-04-25 06:00:00.023000+00:00,1035.3368248419702
2026-04-25 07:00:00.048000+00:00,1035.3493248419702
2026-04-25 08:00:00.044000+00:00,1035.3618248419702
2026-04-25 09:00:00.060000+00:00,1035.3743248419703
2026-04-25 10:00:00.052000+00:00,1035.3868248419703
2026-04-25 11:00:00.064000+00:00,1035.3993248419704
2026-04-25 12:00:00.039000+00:00,1035.4149519419705
2026-04-25 13:00:00.031000+00:00,1035.4274519419705
2026-04-25 14:00:00.050000+00:00,1035.4399519419705
2026-04-25 15:00:00.037000+00:00,1035.4524519419706
2026-04-25 16:00:00.080000+00:00,1035.4649519419706
2026-04-25 17:00:00.047000+00:00,1035.4774519419707
2026-04-25 18:00:00.031000+00:00,1035.4899519419707
2026-04-25 19:00:00.078000+00:00,1035.5024519419708
2026-04-25 20:00:00.064000+00:00,1035.5149519419708
2026-04-25 21:00:00.007000+00:00,1035.5510179419707
2026-04-25 22:00:00.003000+00:00,1035.6092605419708
2026-04-25 23:00:00.060000+00:00,1035.6217605419708
2026-04-26 00:00:00.025000+00:00,1035.634260541971
2026-04-26 01:00:00.030000+00:00,1035.6616249419708
2026-04-26 02:00:00.007000+00:00,1035.6741249419708
2026-04-26 03:00:00.050000+00:00,1035.6866249419709
2026-04-26 04:00:00.032000+00:00,1035.699124941971
2026-04-26 05:00:00.041000+00:00,1035.711624941971
2026-04-26 06:00:00.030000+00:00,1035.724124941971
2026-04-26 07:00:00.026000+00:00,1035.736624941971
2026-04-26 08:00:00.058000+00:00,1035.749124941971
2026-04-26 09:00:00.062000+00:00,1035.7616249419711
2026-04-26 10:00:00.065000+00:00,1035.7741249419712
2026-04-26 11:00:00.018000+00:00,1035.7834705419712
2026-04-26 12:00:00.009000+00:00,1035.7959705419712
2026-04-26 13:00:00.066000+00:00,1035.8084705419712
2026-04-26 14:00:00.016000+00:00,1035.8209705419713
2026-04-26 15:00:00.039000+00:00,1035.8334705419713
2026-04-26 16:00:00.066000+00:00,1035.8459705419714
2026-04-26 17:00:00.052000+00:00,1035.8584705419714
2026-04-26 18:00:00.024000+00:00,1035.8709705419715
2026-04-26 19:00:00.056000+00:00,1035.8834705419715
2026-04-26 20:00:00.017000+00:00,1035.9080509419716
2026-04-26 21:00:00.054000+00:00,1035.9503694419716
2026-04-26 22:00:00.047000+00:00,1036.0196529419716
2026-04-26 23:00:00.060000+00:00,1036.1002464419716
2026-04-27 00:00:00.023000+00:00,1036.1854500419718
2026-04-27 01:00:00.035000+00:00,1036.2907588419719
2026-04-27 02:00:00.052000+00:00,1036.360026741972
2026-04-27 03:00:00.072000+00:00,1036.418529841972
2026-04-27 04:00:00.041000+00:00,1036.504388141972
2026-04-27 05:00:00.055000+00:00,1036.5675022419719
2026-04-27 06:00:00.007000+00:00,1036.580002241972
2026-04-27 07:00:00.017000+00:00,1036.592502241972
2026-04-27 08:00:00.012000+00:00,1036.605002241972
2026-04-27 09:00:00.041000+00:00,1036.617502241972
2026-04-27 10:00:00.013000+00:00,1036.630002241972
2026-04-27 11:00:00.115000+00:00,1036.6425022419721
2026-04-27 12:00:00.058000+00:00,1036.6550022419722
2026-04-27 13:00:00.020000+00:00,1036.6675022419722
2026-04-27 14:00:00.028000+00:00,1036.6800022419723
2026-04-27 15:00:00.022000+00:00,1036.6925022419723
2026-04-27 16:00:00.036000+00:00,1036.7050022419724
2026-04-27 17:00:00.033000+00:00,1036.7175022419724
2026-04-27 18:00:00.033000+00:00,1036.7300022419724
2026-04-27 19:00:00.021000+00:00,1036.7425022419725
2026-04-27 20:00:00.008000+00:00,1036.7550022419725
2026-04-27 21:00:00.011000+00:00,1036.7675022419726
2026-04-27 22:00:00.064000+00:00,1036.7800022419726
2026-04-27 23:00:00.012000+00:00,1036.8324593419727
2026-04-28 00:00:00.035000+00:00,1036.9130328419726
2026-04-28 01:00:00.003000+00:00,1036.9323173419725
2026-04-28 02:00:00.051000+00:00,1036.9448173419726
2026-04-28 03:00:00.044000+00:00,1036.9573173419726
2026-04-28 04:00:00.007000+00:00,1036.9976292419726
2026-04-28 05:00:00.034000+00:00,1037.0101292419727
2026-04-28 06:00:00.029000+00:00,1037.0226292419727
2026-04-28 07:00:00.063000+00:00,1037.0351292419728
2026-04-28 08:00:00.019000+00:00,1037.0629572419728
2026-04-28 09:00:00.032000+00:00,1037.1178277419729
2026-04-28 10:00:00.023000+00:00,1037.145459441973
2026-04-28 11:00:00.007000+00:00,1037.157959441973
2026-04-28 12:00:00.016000+00:00,1037.170459441973
2026-04-28 13:00:00.077000+00:00,1037.182959441973
2026-04-28 14:00:00.058000+00:00,1037.195459441973
2026-04-28 15:00:00.063000+00:00,1037.2079594419731
2026-04-28 16:00:00.007000+00:00,1037.2204594419732
2026-04-28 17:00:00.070000+00:00,1037.277759141973
2026-04-28 18:00:00.055000+00:00,1037.2902591419731
2026-04-28 19:00:00.060000+00:00,1037.351378141973
2026-04-28 20:00:00.031000+00:00,1037.4391143419732
2026-04-28 21:00:00.052000+00:00,1037.4980372419732
2026-04-28 22:00:00.027000+00:00,1037.5105372419732
2026-04-28 23:00:00.042000+00:00,1037.5769072419732
2026-04-29 00:00:00.003000+00:00,1037.6675373419732
2026-04-29 01:00:00.025000+00:00,1037.7797499419733
2026-04-29 02:00:00+00:00,1037.8437331419732
2026-04-29 03:00:00.009000+00:00,1037.8861692419732
2026-04-29 04:00:00.032000+00:00,1037.9517171419732
2026-04-29 05:00:00.046000+00:00,1038.017634741973
2026-04-29 06:00:00.001000+00:00,1038.082188641973
2026-04-29 07:00:00.063000+00:00,1038.094688641973
2026-04-29 08:00:00.030000+00:00,1038.114083541973
2026-04-29 09:00:00.042000+00:00,1038.2214130419732
2026-04-29 10:00:00.016000+00:00,1038.2910468419732
2026-04-29 11:00:00.024000+00:00,1038.3035468419732
2026-04-29 12:00:00.054000+00:00,1038.3160468419733
2026-04-29 13:00:00.053000+00:00,1038.3285468419733
2026-04-29 14:00:00.029000+00:00,1038.3758306419734
2026-04-29 15:00:00.047000+00:00,1038.4079518419733
2026-04-29 16:00:00.067000+00:00,1038.4379315419733
2026-04-29 17:00:00.001000+00:00,1038.4627231419734
2026-04-29 18:00:00.043000+00:00,1038.4838754419734
2026-04-29 19:00:00.048000+00:00,1038.4963754419734
2026-04-29 20:00:00.001000+00:00,1038.5088754419735
2026-04-29 21:00:00.052000+00:00,1038.5255663419734
2026-04-29 22:00:00.002000+00:00,1038.6534590419735
2026-04-29 23:00:00.061000+00:00,1038.7534855419735
2026-04-30 00:00:00.020000+00:00,1038.8512824419736
2026-04-30 01:00:00.019000+00:00,1038.9620360419735
2026-04-30 02:00:00.044000+00:00,1039.0409636419736
2026-04-30 03:00:00.073000+00:00,1039.1127134419735
2026-04-30 04:00:00.059000+00:00,1039.2249511419734
2026-04-30 05:00:00.030000+00:00,1039.2962541419733
2026-04-30 06:00:00.060000+00:00,1039.3486076419733
2026-04-30 07:00:00.057000+00:00,1039.3660616419734
2026-04-30 08:00:00.072000+00:00,1039.3840860419734
2026-04-30 09:00:00.041000+00:00,1039.4219499419735
2026-04-30 10:00:00.040000+00:00,1039.4409379419735
2026-04-30 11:00:00.009000+00:00,1039.4563243419734
2026-04-30 12:00:00.065000+00:00,1039.4688243419735
2026-04-30 13:00:00.045000+00:00,1039.4813243419735
2026-04-30 14:00:00.004000+00:00,1039.4938243419735
2026-04-30 15:00:00.033000+00:00,1039.5063243419736
2026-04-30 16:00:00.003000+00:00,1039.5188243419736
2026-04-30 17:00:00.029000+00:00,1039.5313243419737
2026-04-30 18:00:00.025000+00:00,1039.5438243419737
2026-04-30 19:00:00.030000+00:00,1039.5844397419737
2026-04-30 20:00:00.048000+00:00,1039.6256944419738
2026-04-30 21:00:00.009000+00:00,1039.6381944419738
2026-04-30 22:00:00.010000+00:00,1039.6506944419739
2026-04-30 23:00:00.005000+00:00,1039.663194441974
2026-05-01 00:00:00.045000+00:00,1039.675694441974
2026-05-01 01:00:00.040000+00:00,1039.693191441974
2026-05-01 02:00:00.073000+00:00,1039.705691441974
2026-05-01 03:00:00.003000+00:00,1039.7545155419741
2026-05-01 04:00:00.097000+00:00,1039.7858040419742
2026-05-01 05:00:00.029000+00:00,1039.7983040419742
2026-05-01 06:00:00.052000+00:00,1039.8108040419743
2026-05-01 07:00:00.028000+00:00,1039.8233040419743
2026-05-01 08:00:00.049000+00:00,1039.8358040419744
2026-05-01 09:00:00.046000+00:00,1039.8483040419744
2026-05-01 10:00:00.063000+00:00,1039.8608040419745
2026-05-01 11:00:00.046000+00:00,1039.8733040419745
2026-05-01 12:00:00.012000+00:00,1039.8858040419746
2026-05-01 13:00:00.028000+00:00,1039.8983040419746
2026-05-01 14:00:00.051000+00:00,1039.9108040419746
2026-05-01 15:00:00.002000+00:00,1039.9233040419747
2026-05-01 16:00:00.055000+00:00,1039.9358040419747
2026-05-01 17:00:00.055000+00:00,1039.9483040419748
2026-05-01 18:00:00.043000+00:00,1040.0805781419747
2026-05-01 19:00:00.031000+00:00,1040.2563557419746
2026-05-01 20:00:00.011000+00:00,1040.3411450419746
2026-05-01 21:00:00.059000+00:00,1040.3536450419747
2026-05-01 22:00:00.054000+00:00,1040.3661450419747
2026-05-01 23:00:00.002000+00:00,1040.3918333419747
2026-05-02 00:00:00.010000+00:00,1040.4043333419747
2026-05-02 01:00:00.070000+00:00,1040.4168333419748
2026-05-02 02:00:00.056000+00:00,1040.4348478419747
2026-05-02 03:00:00.038000+00:00,1040.4473478419748
2026-05-02 04:00:00.019000+00:00,1040.4615111419748
2026-05-02 05:00:00.004000+00:00,1040.4929128419749
2026-05-02 06:00:00.040000+00:00,1040.527846641975
2026-05-02 07:00:00.044000+00:00,1040.540346641975
2026-05-02 08:00:00.031000+00:00,1040.552846641975
2026-05-02 09:00:00.002000+00:00,1040.565346641975
2026-05-02 10:00:00.010000+00:00,1040.585670141975
2026-05-02 11:00:00.041000+00:00,1040.682557341975
2026-05-02 12:00:00.048000+00:00,1040.803860441975
2026-05-02 13:00:00.017000+00:00,1040.867340441975
2026-05-02 14:00:00.025000+00:00,1040.882592741975
2026-05-02 15:00:00.021000+00:00,1040.9048096419751
2026-05-02 16:00:00.033000+00:00,1040.9173096419752
2026-05-02 17:00:00.048000+00:00,1040.9298096419752
2026-05-02 18:00:00.025000+00:00,1040.9423096419753
2026-05-02 19:00:00.038000+00:00,1040.9548096419753
2026-05-02 20:00:00.064000+00:00,1040.9673096419754
2026-05-02 21:00:00.020000+00:00,1040.9819369419754
2026-05-02 22:00:00+00:00,1040.9944369419754
2026-05-02 23:00:00.067000+00:00,1041.0069369419755
2026-05-03 00:00:00.049000+00:00,1041.0194369419755
2026-05-03 01:00:00.025000+00:00,1041.0319369419756
2026-05-03 02:00:00.016000+00:00,1041.0444369419756
2026-05-03 03:00:00.053000+00:00,1041.0601514419757
2026-05-03 04:00:00.034000+00:00,1041.0726514419757
2026-05-03 05:00:00.010000+00:00,1041.0851514419758
2026-05-03 06:00:00.024000+00:00,1041.0976514419758
2026-05-03 07:00:00.004000+00:00,1041.1101514419759
2026-05-03 08:00:00.037000+00:00,1041.1501365419758
2026-05-03 09:00:00.018000+00:00,1041.1626365419759
2026-05-03 10:00:00.038000+00:00,1041.1452204419759
2026-05-03 11:00:00.052000+00:00,1041.157720441976
2026-05-03 12:00:00.047000+00:00,1041.170220441976
2026-05-03 13:00:00.005000+00:00,1041.182720441976
2026-05-03 14:00:00.027000+00:00,1041.2013290419761
2026-05-03 15:00:00.059000+00:00,1041.2507329419761
2026-05-03 16:00:00.054000+00:00,1041.2632329419762
2026-05-03 17:00:00.044000+00:00,1041.2797881419763
2026-05-03 18:00:00.060000+00:00,1041.3677576419764
2026-05-03 19:00:00.014000+00:00,1041.3802576419764
2026-05-03 20:00:00.040000+00:00,1041.3975785419764
2026-05-03 21:00:00.037000+00:00,1041.4176347419764
2026-05-03 22:00:00.024000+00:00,1041.4378651419763
2026-05-03 23:00:00.039000+00:00,1041.4655967419762
2026-05-04 00:00:00.030000+00:00,1041.4900742419763
2026-05-04 01:00:00.063000+00:00,1041.5327861419764
2026-05-04 02:00:00.059000+00:00,1041.6287291419765
2026-05-04 03:00:00.012000+00:00,1041.9159781419764
2026-05-04 04:00:00.014000+00:00,1042.0923732419765
2026-05-04 05:00:00.025000+00:00,1042.2751494419765
2026-05-04 06:00:00.035000+00:00,1042.4461555419766
2026-05-04 07:00:00.001000+00:00,1042.5277142419766
2026-05-04 08:00:00.065000+00:00,1042.6016574419766
2026-05-04 09:00:00.015000+00:00,1042.7423415419767
2026-05-04 10:00:00.011000+00:00,1042.8891352419766
2026-05-04 11:00:00.065000+00:00,1043.0440728419767
2026-05-04 12:00:00.066000+00:00,1043.1657391419767
2026-05-04 13:00:00.032000+00:00,1043.2205129419767
2026-05-04 14:00:00.079000+00:00,1043.2330129419768
2026-05-04 15:00:00.062000+00:00,1043.2707464419768
2026-05-04 16:00:00.030000+00:00,1043.2832464419769
2026-05-04 17:00:00.041000+00:00,1043.295746441977
2026-05-04 18:00:00.053000+00:00,1043.3111176419768
2026-05-04 19:00:00.037000+00:00,1043.3721177419768
2026-05-04 20:00:00.060000+00:00,1043.3846177419769
2026-05-04 21:00:00.052000+00:00,1043.397117741977
2026-05-04 22:00:00.075000+00:00,1043.409617741977
2026-05-04 23:00:00.055000+00:00,1043.524337341977
2026-05-05 00:00:00.021000+00:00,1043.7284387419768
2026-05-05 01:00:00.040000+00:00,1043.9067647419768
2026-05-05 02:00:00.044000+00:00,1044.0823589419767
2026-05-05 03:00:00.039000+00:00,1044.2092097419768
2026-05-05 04:00:00.016000+00:00,1044.2536160419768
2026-05-05 05:00:00.057000+00:00,1044.2773533419768
2026-05-05 06:00:00.006000+00:00,1044.2898533419768
2026-05-05 07:00:00.052000+00:00,1044.3023533419769
2026-05-05 08:00:00.055000+00:00,1044.314853341977
2026-05-05 09:00:00.016000+00:00,1044.329342541977
2026-05-05 10:00:00.002000+00:00,1044.341842541977
2026-05-05 11:00:00.054000+00:00,1044.354824041977
2026-05-05 12:00:00.025000+00:00,1044.367324041977
2026-05-05 13:00:00.065000+00:00,1044.3960315419772
2026-05-05 14:00:00.022000+00:00,1044.4085315419773
2026-05-05 15:00:00.017000+00:00,1044.4210315419773
2026-05-05 16:00:00.028000+00:00,1044.4365864419774
2026-05-05 17:00:00.003000+00:00,1044.4490864419774
2026-05-05 18:00:00.061000+00:00,1044.4615864419775
2026-05-05 19:00:00.036000+00:00,1044.4740864419775
2026-05-05 20:00:00.001000+00:00,1044.4865864419776
2026-05-05 21:00:00.044000+00:00,1044.5239505419777
2026-05-05 22:00:00.066000+00:00,1044.6503163419777
2026-05-05 23:00:00.056000+00:00,1044.7757782419776
2026-05-06 00:00:00.026000+00:00,1044.9274475419777
2026-05-06 01:00:00.002000+00:00,1045.0975793419777
2026-05-06 02:00:00.010000+00:00,1045.3039508419777
2026-05-06 03:00:00.061000+00:00,1045.4848747419776
2026-05-06 04:00:00.067000+00:00,1045.8057531419777
2026-05-06 05:00:00.011000+00:00,1045.9733035419777
2026-05-06 06:00:00.051000+00:00,1046.1997039419778
2026-05-06 07:00:00.046000+00:00,1046.3127859419778
2026-05-06 08:00:00.014000+00:00,1046.402110841978
2026-05-06 09:00:00.029000+00:00,1046.433071141978
2026-05-06 10:00:00.058000+00:00,1046.445571141978
2026-05-06 11:00:00.012000+00:00,1046.458071141978
2026-05-06 12:00:00.046000+00:00,1046.470571141978
2026-05-06 13:00:00.027000+00:00,1046.504678741978
2026-05-06 14:00:00.062000+00:00,1046.5714062419781
2026-05-06 15:00:00.012000+00:00,1046.746357541978
2026-05-06 16:00:00.063000+00:00,1046.826244941978
2026-05-06 17:00:00.019000+00:00,1046.9407153419781
2026-05-06 18:00:00.065000+00:00,1046.9532153419782
2026-05-06 19:00:00.068000+00:00,1047.0227372419781
2026-05-06 20:00:00.077000+00:00,1047.1086817419782
2026-05-06 21:00:00.026000+00:00,1047.1713430419782
2026-05-06 22:00:00.045000+00:00,1047.267484841978
2026-05-06 23:00:00+00:00,1047.3825835419782
2026-05-07 00:00:00.059000+00:00,1047.5300636419781
2026-05-07 01:00:00.065000+00:00,1047.6742751419781
2026-05-07 02:00:00.043000+00:00,1047.8864259419781
2026-05-07 03:00:00.030000+00:00,1048.1427001419781
2026-05-07 04:00:00.026000+00:00,1048.337867241978
2026-05-07 05:00:00.051000+00:00,1048.493931841978
2026-05-07 06:00:00.013000+00:00,1048.676253041978
2026-05-07 07:00:00.061000+00:00,1048.868421941978
2026-05-07 08:00:00.060000+00:00,1049.0035481419782
2026-05-07 09:00:00.013000+00:00,1049.1214229419782
2026-05-07 10:00:00.020000+00:00,1049.243296041978
2026-05-07 11:00:00.037000+00:00,1049.345588641978
2026-05-07 12:00:00.009000+00:00,1049.403198141978
2026-05-07 13:00:00.041000+00:00,1049.445941841978
2026-05-07 14:00:00.079000+00:00,1049.4637020419782
2026-05-07 15:00:00.021000+00:00,1049.4762020419782
2026-05-07 16:00:00.044000+00:00,1049.4887020419783
2026-05-07 17:00:00.070000+00:00,1049.5198477419783
2026-05-07 18:00:00.001000+00:00,1049.6226466419782
2026-05-07 19:00:00.025000+00:00,1049.6768046419782
2026-05-07 20:00:00.029000+00:00,1049.7258056419782
2026-05-07 21:00:00.026000+00:00,1049.7705030419781
2026-05-07 22:00:00.025000+00:00,1049.9548880419782
2026-05-07 23:00:00.057000+00:00,1050.1567095419782
2026-05-08 00:00:00.069000+00:00,1050.2732742419782
2026-05-08 01:00:00.002000+00:00,1050.3993550419782
2026-05-08 02:00:00.026000+00:00,1050.4687177419783
2026-05-08 03:00:00.048000+00:00,1050.5521942419782
2026-05-08 04:00:00.023000+00:00,1050.6210644419782
2026-05-08 05:00:00.023000+00:00,1050.6847929419782
2026-05-08 06:00:00.012000+00:00,1050.6972929419783
2026-05-08 07:00:00.012000+00:00,1050.7097929419783
2026-05-08 08:00:00.002000+00:00,1050.7222929419784
2026-05-08 09:00:00.038000+00:00,1050.7347929419784
2026-05-08 10:00:00.074000+00:00,1050.7516262419783
2026-05-08 11:00:00.003000+00:00,1050.7641262419784
2026-05-08 12:00:00.055000+00:00,1050.7766262419784
2026-05-08 13:00:00.029000+00:00,1050.7891262419785
2026-05-08 14:00:00.050000+00:00,1050.8016262419785
2026-05-08 15:00:00.064000+00:00,1050.8141262419786
2026-05-08 16:00:00.018000+00:00,1050.8437222419786
2026-05-08 17:00:00.053000+00:00,1050.8575537419786
2026-05-08 18:00:00.064000+00:00,1050.9156033419786
2026-05-08 19:00:00.038000+00:00,1050.9281033419786
2026-05-08 20:00:00.043000+00:00,1050.9406033419787
2026-05-08 21:00:00.041000+00:00,1051.0087037419787
2026-05-08 22:00:00.054000+00:00,1051.0649396419788
2026-05-08 23:00:00.009000+00:00,1051.1595830419787
2026-05-09 00:00:00+00:00,1051.2952026419787
2026-05-09 01:00:00.009000+00:00,1051.4111423419786
2026-05-09 02:00:00.018000+00:00,1051.5428108419785
2026-05-09 03:00:00.006000+00:00,1051.6569021419784
2026-05-09 04:00:00.003000+00:00,1051.8014112419785
2026-05-09 05:00:00.047000+00:00,1051.8985971419786
2026-05-09 06:00:00.038000+00:00,1051.9598861419786
2026-05-09 07:00:00.036000+00:00,1052.0114204419785
2026-05-09 08:00:00.024000+00:00,1052.0239204419786
2026-05-09 09:00:00.062000+00:00,1052.0594629419786
2026-05-09 10:00:00.026000+00:00,1052.0960430419786
2026-05-09 11:00:00.050000+00:00,1052.1658123419786
2026-05-09 12:00:00.059000+00:00,1052.3431861419785
2026-05-09 13:00:00+00:00,1052.5047488419787
2026-05-09 14:00:00.040000+00:00,1052.6125142419787
2026-05-09 15:00:00.053000+00:00,1052.6617000419787
2026-05-09 16:00:00.017000+00:00,1052.7260100419787
2026-05-09 17:00:00.001000+00:00,1052.7669084419788
2026-05-09 18:00:00.017000+00:00,1052.7794084419788
2026-05-09 19:00:00.018000+00:00,1052.7919084419789
2026-05-09 20:00:00.068000+00:00,1052.8764936419789
2026-05-09 21:00:00.051000+00:00,1053.0187251419788
2026-05-09 22:00:00.008000+00:00,1053.205429541979
2026-05-09 23:00:00.025000+00:00,1053.3920555419788
2026-05-10 00:00:00.032000+00:00,1053.587216841979
2026-05-10 01:00:00.048000+00:00,1053.758179841979
2026-05-10 02:00:00.005000+00:00,1053.873877241979
2026-05-10 03:00:00.065000+00:00,1053.975497441979
2026-05-10 04:00:00.039000+00:00,1054.0729395419792
2026-05-10 05:00:00.002000+00:00,1054.1712822419793
2026-05-10 06:00:00.045000+00:00,1054.3060794419794
2026-05-10 07:00:00.044000+00:00,1054.4240978419793
2026-05-10 08:00:00.015000+00:00,1054.4742994419794
2026-05-10 09:00:00.013000+00:00,1054.4867994419794
2026-05-10 10:00:00.065000+00:00,1054.5068006419795
2026-05-10 11:00:00+00:00,1054.5369248419795
2026-05-10 12:00:00.050000+00:00,1054.5816036419794
2026-05-10 13:00:00.020000+00:00,1054.6290501419794
2026-05-10 14:00:00.012000+00:00,1054.7125498419794
2026-05-10 15:00:00.019000+00:00,1054.7649931419794
2026-05-10 16:00:00.019000+00:00,1054.7774931419794
2026-05-10 17:00:00.006000+00:00,1054.7899931419795
2026-05-10 18:00:00.007000+00:00,1054.8151581419795
2026-05-10 19:00:00.038000+00:00,1054.8577606419794
2026-05-10 20:00:00.068000+00:00,1054.9450152419795
2026-05-10 21:00:00.002000+00:00,1055.0083491419796
2026-05-10 22:00:00.042000+00:00,1055.0208491419796
2026-05-10 23:00:00.083000+00:00,1055.0400158419795
2026-05-11 00:00:00.028000+00:00,1055.0525158419796
2026-05-11 01:00:00.001000+00:00,1055.0650158419796
2026-05-11 02:00:00.074000+00:00,1055.0775158419797
2026-05-11 03:00:00.051000+00:00,1055.0900158419797
2026-05-11 04:00:00.063000+00:00,1055.1025158419798
2026-05-11 05:00:00.064000+00:00,1055.1150158419798
2026-05-11 06:00:00.017000+00:00,1055.1275158419799
2026-05-11 07:00:00.034000+00:00,1055.14001584198
2026-05-11 08:00:00.079000+00:00,1055.15251584198
2026-05-11 09:00:00.051000+00:00,1055.16501584198
2026-05-11 10:00:00.007000+00:00,1055.17751584198
2026-05-11 11:00:00.059000+00:00,1055.19001584198
2026-05-11 12:00:00.038000+00:00,1055.2025158419801
2026-05-11 13:00:00.052000+00:00,1055.2150158419802
2026-05-11 14:00:00.014000+00:00,1055.2275158419802
2026-05-11 15:00:00.033000+00:00,1055.2400158419803
2026-05-11 16:00:00.025000+00:00,1055.2641284419803
2026-05-11 17:00:00.005000+00:00,1055.3081843419804
2026-05-11 18:00:00.015000+00:00,1055.3206843419805
2026-05-11 19:00:00.033000+00:00,1055.3687077419804
2026-05-11 20:00:00.044000+00:00,1055.4309212419805
2026-05-11 21:00:00.034000+00:00,1055.5504265419804
2026-05-11 22:00:00.039000+00:00,1055.7403529419805
2026-05-11 23:00:00.005000+00:00,1055.9488403419805
2026-05-12 00:00:00.040000+00:00,1056.2295458419806
2026-05-12 01:00:00.019000+00:00,1056.5088658419807
2026-05-12 02:00:00.065000+00:00,1056.7280077419807
2026-05-12 03:00:00.018000+00:00,1056.7751282419806
2026-05-12 04:00:00.027000+00:00,1056.8732408419805
2026-05-12 05:00:00.020000+00:00,1056.9961228419804
2026-05-12 06:00:00.058000+00:00,1057.0756141419804
2026-05-12 07:00:00.008000+00:00,1057.1924371419805
2026-05-12 08:00:00.010000+00:00,1057.3499384419804
2026-05-12 09:00:00.005000+00:00,1057.5623794419803
2026-05-12 10:00:00.036000+00:00,1057.8009343419803
2026-05-12 11:00:00.001000+00:00,1057.8884514419804
2026-05-12 12:00:00.020000+00:00,1057.9983947419803
2026-05-12 13:00:00.033000+00:00,1058.0988967419803
2026-05-12 14:00:00.005000+00:00,1058.1977203419804
2026-05-12 15:00:00.008000+00:00,1058.2309134419804
2026-05-12 16:00:00.023000+00:00,1058.2434134419805
2026-05-12 17:00:00.037000+00:00,1058.2622084419804
2026-05-12 18:00:00.037000+00:00,1058.2939126419803
2026-05-12 19:00:00.061000+00:00,1058.3182912419804
2026-05-12 20:00:00.021000+00:00,1058.3437038419804
2026-05-12 21:00:00.063000+00:00,1058.3971522419804
2026-05-12 22:00:00.054000+00:00,1058.5138357419803
2026-05-12 23:00:00.054000+00:00,1058.6465284419803
2026-05-13 00:00:00.016000+00:00,1058.7534376419803
2026-05-13 01:00:00.036000+00:00,1058.8543293419802
2026-05-13 02:00:00.050000+00:00,1058.9663947419801
2026-05-13 03:00:00.058000+00:00,1059.0939875419801
2026-05-13 04:00:00.066000+00:00,1059.1724705419801
2026-05-13 05:00:00.005000+00:00,1059.25870084198
2026-05-13 06:00:00.016000+00:00,1059.31311764198
2026-05-13 07:00:00.003000+00:00,1059.3437421419799
2026-05-13 08:00:00.046000+00:00,1059.35624214198
2026-05-13 09:00:00.025000+00:00,1059.36874214198
2026-05-13 10:00:00.006000+00:00,1059.38124214198
2026-05-13 11:00:00.013000+00:00,1059.39374214198
2026-05-13 12:00:00.048000+00:00,1059.40866464198
2026-05-13 13:00:00.052000+00:00,1059.42116464198
2026-05-13 14:00:00.024000+00:00,1059.4336646419802
2026-05-13 15:00:00.005000+00:00,1059.4461646419802
2026-05-13 16:00:00.041000+00:00,1059.4586646419802
2026-05-13 17:00:00.031000+00:00,1059.4711646419803
2026-05-13 18:00:00.014000+00:00,1059.4836646419803
2026-05-13 19:00:00.037000+00:00,1059.4961646419804
2026-05-13 20:00:00.043000+00:00,1059.5086646419804
2026-05-13 21:00:00.045000+00:00,1059.5211646419805
2026-05-13 22:00:00.004000+00:00,1059.5336646419805
2026-05-13 23:00:00.051000+00:00,1059.5424393419805
2026-05-14 00:00:00.062000+00:00,1059.5043597419806
2026-05-14 01:00:00.013000+00:00,1059.5168597419806
2026-05-14 02:00:00.012000+00:00,1059.5293597419807
2026-05-14 03:00:00.011000+00:00,1059.5230520419807
2026-05-14 04:00:00.047000+00:00,1059.5355520419807
2026-05-14 05:00:00.013000+00:00,1059.5480520419808
2026-05-14 06:00:00.014000+00:00,1059.5605520419808
2026-05-14 07:00:00.043000+00:00,1059.597888341981
2026-05-14 08:00:00.035000+00:00,1059.610388341981
2026-05-14 09:00:00.066000+00:00,1059.637282741981
2026-05-14 10:00:00+00:00,1059.649782741981
2026-05-14 11:00:00.034000+00:00,1059.662282741981
2026-05-14 12:00:00.001000+00:00,1059.674782741981
2026-05-14 13:00:00.032000+00:00,1059.763130741981
2026-05-14 14:00:00.002000+00:00,1059.831358541981
2026-05-14 15:00:00.003000+00:00,1059.850675841981
2026-05-14 16:00:00.047000+00:00,1059.878936141981
2026-05-14 17:00:00.043000+00:00,1059.899562741981
2026-05-14 18:00:00.066000+00:00,1059.9120627419811
2026-05-14 19:00:00.050000+00:00,1059.9245627419812
2026-05-14 20:00:00.004000+00:00,1059.9838861419812
2026-05-14 21:00:00.042000+00:00,1059.9963861419812
2026-05-14 22:00:00.026000+00:00,1060.0743619419814
2026-05-14 23:00:00.062000+00:00,1060.1384049419814
2026-05-15 00:00:00.071000+00:00,1060.2387374419814
2026-05-15 01:00:00.009000+00:00,1060.3251886419814
2026-05-15 02:00:00.030000+00:00,1060.3871680419813
2026-05-15 03:00:00.043000+00:00,1060.4138762419814
2026-05-15 04:00:00.003000+00:00,1060.4263762419814
2026-05-15 05:00:00.001000+00:00,1060.4663202419815
2026-05-15 06:00:00.044000+00:00,1060.4788202419816
2026-05-15 07:00:00.034000+00:00,1060.4913202419816
2026-05-15 08:00:00.064000+00:00,1060.5038202419817
2026-05-15 09:00:00.005000+00:00,1060.5163202419817
2026-05-15 10:00:00.060000+00:00,1060.5288202419817
2026-05-15 11:00:00.038000+00:00,1060.5413202419818
2026-05-15 12:00:00.064000+00:00,1060.5538202419818
2026-05-15 13:00:00.023000+00:00,1060.5663202419819
2026-05-15 14:00:00.006000+00:00,1060.578820241982
2026-05-15 15:00:00.044000+00:00,1060.591320241982
2026-05-15 16:00:00.007000+00:00,1060.603820241982
2026-05-15 17:00:00.060000+00:00,1060.616320241982
2026-05-15 18:00:00.019000+00:00,1060.628820241982
2026-05-15 19:00:00.018000+00:00,1060.6413202419822
2026-05-15 20:00:00.015000+00:00,1060.6538202419822
2026-05-15 21:00:00.028000+00:00,1060.6704121419823
2026-05-15 22:00:00.049000+00:00,1060.6932827419823
2026-05-15 23:00:00.060000+00:00,1060.7469626419822
2026-05-16 00:00:00.027000+00:00,1060.7768497419822
2026-05-16 01:00:00.021000+00:00,1060.7893497419823
2026-05-16 02:00:00.038000+00:00,1060.8018497419823
2026-05-16 03:00:00.011000+00:00,1060.8143497419824
2026-05-16 04:00:00.008000+00:00,1060.8268497419824
2026-05-16 05:00:00.023000+00:00,1060.8393497419825
2026-05-16 06:00:00.064000+00:00,1060.8518497419825
2026-05-16 07:00:00.006000+00:00,1060.8643497419826
2026-05-16 08:00:00.011000+00:00,1060.8768497419826
2026-05-16 09:00:00.078000+00:00,1060.8893497419826
2026-05-16 10:00:00.062000+00:00,1060.9018497419827
2026-05-16 11:00:00.002000+00:00,1060.9143497419827
2026-05-16 12:00:00.005000+00:00,1060.9268497419828
2026-05-16 13:00:00.061000+00:00,1060.9393497419828
2026-05-16 14:00:00.057000+00:00,1060.9518497419829
2026-05-16 15:00:00.025000+00:00,1060.964349741983
2026-05-16 16:00:00.094000+00:00,1060.976849741983
2026-05-16 17:00:00.048000+00:00,1060.989349741983
2026-05-16 18:00:00.018000+00:00,1061.001849741983
2026-05-16 19:00:00.075000+00:00,1061.014349741983
2026-05-16 20:00:00.048000+00:00,1061.0268497419831
2026-05-16 21:00:00.049000+00:00,1061.0393497419832
2026-05-16 22:00:00.029000+00:00,1061.0518497419832
2026-05-16 23:00:00.023000+00:00,1061.0643497419833
2026-05-17 00:00:00.019000+00:00,1061.0768497419833
2026-05-17 01:00:00.017000+00:00,1061.0893497419834
2026-05-17 02:00:00.062000+00:00,1061.1018497419834
2026-05-17 03:00:00.038000+00:00,1061.1143497419835
2026-05-17 04:00:00.049000+00:00,1061.1268497419835
2026-05-17 05:00:00.018000+00:00,1061.1393497419836
2026-05-17 06:00:00.056000+00:00,1061.1518497419836
2026-05-17 07:00:00.051000+00:00,1061.1643497419836
2026-05-17 08:00:00.048000+00:00,1061.1768497419837
2026-05-17 09:00:00.010000+00:00,1061.1893497419837
2026-05-17 10:00:00.039000+00:00,1061.2018497419838
2026-05-17 11:00:00.016000+00:00,1061.2143497419838
2026-05-17 12:00:00.014000+00:00,1061.2268497419839
2026-05-17 13:00:00.031000+00:00,1061.239349741984
2026-05-17 14:00:00.058000+00:00,1061.251849741984
2026-05-17 15:00:00.036000+00:00,1061.264349741984
2026-05-17 16:00:00.030000+00:00,1061.276849741984
2026-05-17 17:00:00.025000+00:00,1061.289349741984
2026-05-17 18:00:00.010000+00:00,1061.3018497419841
2026-05-17 19:00:00.032000+00:00,1061.3143497419842
2026-05-17 20:00:00.020000+00:00,1061.3268497419842
2026-05-17 21:00:00.040000+00:00,1061.3393497419843
2026-05-17 22:00:00.040000+00:00,1061.3518497419843
2026-05-17 23:00:00.035000+00:00,1061.3643497419844
2026-05-18 00:00:00.029000+00:00,1061.3768497419844
2026-05-18 01:00:00.063000+00:00,1061.4357164419844
2026-05-18 02:00:00.013000+00:00,1061.5006796419843
2026-05-18 03:00:00.036000+00:00,1061.5131796419844
2026-05-18 04:00:00.064000+00:00,1061.5256796419844
2026-05-18 05:00:00.001000+00:00,1061.5381796419845
2026-05-18 06:00:00.055000+00:00,1061.5506796419845
2026-05-18 07:00:00.056000+00:00,1061.5631796419846
2026-05-18 08:00:00.006000+00:00,1061.5756796419846
2026-05-18 09:00:00.014000+00:00,1061.5881796419847
2026-05-18 10:00:00.046000+00:00,1061.6006796419847
2026-05-18 11:00:00.036000+00:00,1061.6131796419847
2026-05-18 12:00:00.049000+00:00,1061.6256796419848
2026-05-18 13:00:00.017000+00:00,1061.6381796419848
2026-05-18 14:00:00.012000+00:00,1061.6506796419849
2026-05-18 15:00:00.010000+00:00,1061.663179641985
2026-05-18 16:00:00.018000+00:00,1061.675679641985
2026-05-18 17:00:00.058000+00:00,1061.688179641985
2026-05-18 18:00:00.004000+00:00,1061.6555614419851
2026-05-18 19:00:00.025000+00:00,1061.636552441985
2026-05-18 20:00:00.028000+00:00,1061.647516641985
2026-05-18 21:00:00.056000+00:00,1061.660016641985
2026-05-18 22:00:00.030000+00:00,1061.672516641985
2026-05-18 23:00:00.051000+00:00,1061.6850166419852
2026-05-19 00:00:00.076000+00:00,1061.6975166419852
2026-05-19 01:00:00.068000+00:00,1061.7100166419852
2026-05-19 02:00:00.015000+00:00,1061.7225166419853
2026-05-19 03:00:00.011000+00:00,1061.7350166419853
2026-05-19 04:00:00.005000+00:00,1061.7475166419854
2026-05-19 05:00:00.006000+00:00,1061.7600166419854
2026-05-19 06:00:00.005000+00:00,1061.7725166419855
2026-05-19 07:00:00.011000+00:00,1061.7850166419855
2026-05-19 08:00:00.002000+00:00,1061.8038740419854
2026-05-19 09:00:00.038000+00:00,1061.8163740419855
2026-05-19 10:00:00.119000+00:00,1061.8288740419855
2026-05-19 11:00:00.046000+00:00,1061.8413740419855
2026-05-19 12:00:00.006000+00:00,1061.8538740419856
2026-05-19 13:00:00.004000+00:00,1061.8403550419855
2026-05-19 14:00:00.046000+00:00,1061.8507981419855
2026-05-19 15:00:00.024000+00:00,1061.8632981419855
2026-05-19 16:00:00.021000+00:00,1061.8757981419856
2026-05-19 17:00:00.012000+00:00,1061.8882981419856
2026-05-19 18:00:00.033000+00:00,1061.9007981419857
2026-05-19 19:00:00.016000+00:00,1061.9132981419857
2026-05-19 20:00:00.064000+00:00,1061.9257981419858
2026-05-19 21:00:00.051000+00:00,1061.9382981419858
2026-05-19 22:00:00.037000+00:00,1061.9507981419858
2026-05-19 23:00:00.001000+00:00,1061.963298141986
2026-05-20 00:00:00.009000+00:00,1061.946451041986
2026-05-20 01:00:00.030000+00:00,1061.958951041986
2026-05-20 02:00:00.030000+00:00,1061.971451041986
2026-05-20 03:00:00.073000+00:00,1061.983951041986
2026-05-20 04:00:00.039000+00:00,1062.018005541986
2026-05-20 05:00:00.020000+00:00,1062.030505541986
2026-05-20 06:00:00.034000+00:00,1062.043005541986
2026-05-20 07:00:00.054000+00:00,1062.0555055419861
2026-05-20 08:00:00.081000+00:00,1062.0680055419862
2026-05-20 09:00:00.011000+00:00,1062.0805055419862
2026-05-20 10:00:00.027000+00:00,1062.0930055419863
2026-05-20 11:00:00.044000+00:00,1062.1055055419863
2026-05-20 12:00:00.039000+00:00,1062.0944906419863
2026-05-20 13:00:00.022000+00:00,1062.0469698419863
2026-05-20 14:00:00.022000+00:00,1062.0594698419864
2026-05-20 15:00:00.052000+00:00,1062.0719698419864
2026-05-20 16:00:00.041000+00:00,1062.0844698419864
2026-05-20 17:00:00.014000+00:00,1062.0969698419865
2026-05-20 18:00:00.030000+00:00,1062.1646191419866
2026-05-20 19:00:00.047000+00:00,1062.2901980419865
2026-05-20 20:00:00.014000+00:00,1062.3250214419866
2026-05-20 21:00:00.054000+00:00,1062.3455261419865
2026-05-20 22:00:00.084000+00:00,1062.3580261419866
2026-05-20 23:00:00.041000+00:00,1062.4851161419865
2026-05-21 00:00:00.086000+00:00,1062.6798114419864
2026-05-21 01:00:00+00:00,1062.9172285419863
2026-05-21 02:00:00.020000+00:00,1063.0926409419862
2026-05-21 03:00:00.062000+00:00,1063.1975538419863
2026-05-21 04:00:00.053000+00:00,1063.3301607419862
2026-05-21 05:00:00.042000+00:00,1063.4841948419862
2026-05-21 06:00:00.049000+00:00,1063.6168325419862
2026-05-21 07:00:00.047000+00:00,1063.7652304419862
2026-05-21 08:00:00.055000+00:00,1063.8051365419863
2026-05-21 09:00:00.023000+00:00,1063.8176365419863
2026-05-21 10:00:00.064000+00:00,1063.8301365419863
2026-05-21 11:00:00.033000+00:00,1063.8426365419864
2026-05-21 12:00:00.034000+00:00,1063.9102890419863
2026-05-21 13:00:00.045000+00:00,1063.9367497419862
2026-05-21 14:00:00.050000+00:00,1063.9492497419863
2026-05-21 15:00:00.017000+00:00,1063.9617497419863
2026-05-21 16:00:00.025000+00:00,1064.0087164419863
2026-05-21 17:00:00+00:00,1064.0949818419863
2026-05-21 18:00:00.024000+00:00,1064.2144357419863
2026-05-21 19:00:00.021000+00:00,1064.3482776419864
2026-05-21 20:00:00.036000+00:00,1064.5281102419865
2026-05-21 21:00:00.011000+00:00,1064.6651512419865
2026-05-21 22:00:00.008000+00:00,1064.8378973419865
2026-05-21 23:00:00.065000+00:00,1065.0917425419864
2026-05-22 00:00:00.060000+00:00,1065.3645356419863
2026-05-22 01:00:00.003000+00:00,1065.5718774419863
2026-05-22 02:00:00.021000+00:00,1065.7887559419862
2026-05-22 03:00:00.022000+00:00,1065.9339376419862
2026-05-22 04:00:00.017000+00:00,1066.0158642419863
2026-05-22 05:00:00.023000+00:00,1066.0762708419863
2026-05-22 06:00:00.051000+00:00,1066.0887708419864
2026-05-22 07:00:00.006000+00:00,1066.1012708419864
2026-05-22 08:00:00.011000+00:00,1066.1137708419865
2026-05-22 09:00:00.045000+00:00,1066.1262708419865
2026-05-22 10:00:00.026000+00:00,1066.1387708419866
2026-05-22 11:00:00.051000+00:00,1066.1512708419866
2026-05-22 12:00:00.027000+00:00,1066.1637708419867
2026-05-22 13:00:00.050000+00:00,1066.1762708419867
2026-05-22 14:00:00.017000+00:00,1066.2196378419867
2026-05-22 15:00:00.066000+00:00,1066.2321378419867
2026-05-22 16:00:00.062000+00:00,1066.2494878419868
2026-05-22 17:00:00.029000+00:00,1066.2619878419869
2026-05-22 18:00:00.016000+00:00,1066.274487841987
2026-05-22 19:00:00.007000+00:00,1066.286987841987
2026-05-22 20:00:00.011000+00:00,1066.299487841987
2026-05-22 21:00:00.002000+00:00,1066.311987841987
2026-05-22 22:00:00+00:00,1066.370610841987
2026-05-22 23:00:00.031000+00:00,1066.4911468419868
2026-05-23 00:00:00.006000+00:00,1066.6619153419867
2026-05-23 01:00:00.002000+00:00,1066.8291630419867
2026-05-23 02:00:00.041000+00:00,1066.9438708419866
2026-05-23 03:00:00.019000+00:00,1067.1180988419867
2026-05-23 04:00:00.053000+00:00,1067.2744295419866
2026-05-23 05:00:00.048000+00:00,1067.3661990419866
2026-05-23 06:00:00.036000+00:00,1067.4023486419867
2026-05-23 07:00:00.066000+00:00,1067.4834892419867
2026-05-23 08:00:00.034000+00:00,1067.5024424419867
2026-05-23 09:00:00.067000+00:00,1067.5149424419867
2026-05-23 10:00:00.023000+00:00,1067.5274424419868
2026-05-23 11:00:00.030000+00:00,1067.5399424419868
2026-05-23 12:00:00.039000+00:00,1067.5524424419868
2026-05-23 13:00:00.035000+00:00,1067.564942441987
2026-05-23 14:00:00.062000+00:00,1067.577442441987
2026-05-23 15:00:00.004000+00:00,1067.589942441987
2026-05-23 16:00:00.017000+00:00,1067.602442441987
2026-05-23 17:00:00.014000+00:00,1067.614942441987
2026-05-23 18:00:00.068000+00:00,1067.6274424419871
2026-05-23 19:00:00.020000+00:00,1067.6399424419872
2026-05-23 20:00:00.058000+00:00,1067.6524424419872
2026-05-23 21:00:00.077000+00:00,1067.6649424419873
2026-05-23 22:00:00.025000+00:00,1067.6774424419873
2026-05-23 23:00:00.064000+00:00,1067.6899424419873
2026-05-24 00:00:00.038000+00:00,1067.7024424419874
2026-05-24 01:00:00.045000+00:00,1067.7149424419874
2026-05-24 02:00:00.010000+00:00,1067.7274424419875
2026-05-24 03:00:00.005000+00:00,1067.7399424419875
2026-05-24 04:00:00.011000+00:00,1067.7524424419876
2026-05-24 05:00:00.055000+00:00,1067.7649424419876
2026-05-24 06:00:00.049000+00:00,1067.7774424419877
2026-05-24 07:00:00.038000+00:00,1067.7899424419877
2026-05-24 08:00:00.034000+00:00,1067.8024424419878
2026-05-24 09:00:00.048000+00:00,1067.8149424419878
2026-05-24 10:00:00.040000+00:00,1067.8274424419878
2026-05-24 11:00:00.057000+00:00,1067.839942441988
2026-05-24 12:00:00.043000+00:00,1067.852442441988
2026-05-24 13:00:00.052000+00:00,1067.864942441988
2026-05-24 14:00:00.052000+00:00,1067.877442441988
2026-05-24 15:00:00.032000+00:00,1067.889942441988
2026-05-24 16:00:00.024000+00:00,1067.9024424419881
2026-05-24 17:00:00.003000+00:00,1067.9149424419882
2026-05-24 18:00:00.030000+00:00,1067.9274424419882
2026-05-24 19:00:00.041000+00:00,1067.9399424419883
2026-05-24 20:00:00+00:00,1067.9735123419882
2026-05-24 21:00:00.064000+00:00,1067.9860123419883
2026-05-24 22:00:00.015000+00:00,1067.9985123419883
2026-05-24 23:00:00.033000+00:00,1068.0110123419884
2026-05-25 00:00:00.025000+00:00,1068.0235123419884
2026-05-25 01:00:00.064000+00:00,1068.0360123419885
2026-05-25 02:00:00.016000+00:00,1068.0485123419885
2026-05-25 03:00:00.050000+00:00,1068.1049661419886
2026-05-25 04:00:00.031000+00:00,1068.1998396419885
2026-05-25 05:00:00.047000+00:00,1068.3134827419885
2026-05-25 06:00:00.042000+00:00,1068.3928495419884
2026-05-25 07:00:00.052000+00:00,1068.4650791419883
2026-05-25 08:00:00.016000+00:00,1068.5128279419882
2026-05-25 09:00:00.028000+00:00,1068.5719484419883
2026-05-25 10:00:00.021000+00:00,1068.6801323419884
2026-05-25 11:00:00.006000+00:00,1068.7627468419885
2026-05-25 12:00:00.041000+00:00,1068.8236785419886
2026-05-25 13:00:00.008000+00:00,1068.9364866419885
2026-05-25 14:00:00.059000+00:00,1068.9489866419885
2026-05-25 15:00:00.007000+00:00,1068.9963652419885
2026-05-25 16:00:00.039000+00:00,1069.0088652419886
2026-05-25 17:00:00.058000+00:00,1069.0449555419887
2026-05-25 18:00:00.047000+00:00,1069.1354268419886
2026-05-25 19:00:00.032000+00:00,1069.1882417419886
2026-05-25 20:00:00.052000+00:00,1069.2509672419885
2026-05-25 21:00:00.018000+00:00,1069.2642417419886
2026-05-25 22:00:00.006000+00:00,1069.2767417419886
2026-05-25 23:00:00.026000+00:00,1069.2892417419887
2026-05-26 00:00:00.040000+00:00,1069.3017417419887
2026-05-26 01:00:00.062000+00:00,1069.3142417419888
2026-05-26 02:00:00.054000+00:00,1069.3267417419888
2026-05-26 03:00:00.003000+00:00,1069.3392417419889
2026-05-26 04:00:00.070000+00:00,1069.351741741989
2026-05-26 05:00:00.065000+00:00,1069.364241741989
2026-05-26 06:00:00+00:00,1069.376741741989
2026-05-26 07:00:00.049000+00:00,1069.389241741989
2026-05-26 08:00:00.058000+00:00,1069.383118341989
2026-05-26 09:00:00.057000+00:00,1069.3956183419891
2026-05-26 10:00:00.044000+00:00,1069.4081183419892
2026-05-26 11:00:00.020000+00:00,1069.4206183419892
2026-05-26 12:00:00.014000+00:00,1069.4331183419893
2026-05-26 13:00:00.069000+00:00,1069.4456183419893
2026-05-26 14:00:00.051000+00:00,1069.4581183419893
2026-05-26 15:00:00.029000+00:00,1069.4706183419894
2026-05-26 16:00:00.057000+00:00,1069.4831183419894
2026-05-26 17:00:00.064000+00:00,1069.4956183419895
2026-05-26 18:00:00.049000+00:00,1069.5081183419895
2026-05-26 19:00:00.056000+00:00,1069.5206183419896
2026-05-26 20:00:00.058000+00:00,1069.5331183419896
2026-05-26 21:00:00.049000+00:00,1069.5456183419897
2026-05-26 22:00:00.001000+00:00,1069.5581183419897
2026-05-26 23:00:00.051000+00:00,1069.5706183419898
2026-05-27 00:00:00.065000+00:00,1069.5831183419898
2026-05-27 01:00:00.008000+00:00,1069.60664824199
2026-05-27 02:00:00.053000+00:00,1069.63294084199
2026-05-27 03:00:00.017000+00:00,1069.68598574199
2026-05-27 04:00:00.028000+00:00,1069.69848574199
2026-05-27 05:00:00.014000+00:00,1069.71098574199
2026-05-27 06:00:00.071000+00:00,1069.72348574199
2026-05-27 07:00:00.045000+00:00,1069.7359857419901
2026-05-27 08:00:00.033000+00:00,1069.7484857419902
2026-05-27 09:00:00.026000+00:00,1069.7609857419902
2026-05-27 10:00:00.049000+00:00,1069.7506482419901
2026-05-27 11:00:00.070000+00:00,1069.7631482419902
2026-05-27 12:00:00.022000+00:00,1069.7655174419901
2026-05-27 13:00:00.017000+00:00,1069.7780174419902
2026-05-27 14:00:00.009000+00:00,1069.7905174419902
2026-05-27 15:00:00.023000+00:00,1069.8030174419903
2026-05-27 16:00:00.056000+00:00,1069.8179665419902
2026-05-27 17:00:00.002000+00:00,1069.8797729419903
2026-05-27 18:00:00.010000+00:00,1069.8990969419904
2026-05-27 19:00:00.031000+00:00,1069.9497851419903
2026-05-27 20:00:00.047000+00:00,1070.0121886419904
2026-05-27 21:00:00.032000+00:00,1070.0369987419904
2026-05-27 22:00:00.045000+00:00,1070.0494987419904
2026-05-27 23:00:00.042000+00:00,1070.0619987419905
2026-05-28 00:00:00.013000+00:00,1070.0744987419905
2026-05-28 01:00:00.013000+00:00,1070.0869987419906
2026-05-28 02:00:00.044000+00:00,1070.0994987419906
2026-05-28 03:00:00.040000+00:00,1070.1119987419906
2026-05-28 04:00:00.023000+00:00,1070.1244987419907
2026-05-28 05:00:00.005000+00:00,1070.1369987419907
2026-05-28 06:00:00.060000+00:00,1070.1494987419908
2026-05-28 07:00:00.067000+00:00,1070.1619987419908
2026-05-28 08:00:00.036000+00:00,1070.1744987419909
2026-05-28 09:00:00.022000+00:00,1070.186998741991
2026-05-28 10:00:00.054000+00:00,1070.199498741991
2026-05-28 11:00:00.027000+00:00,1070.211998741991
2026-05-28 12:00:00.003000+00:00,1070.224498741991
2026-05-28 13:00:00.059000+00:00,1070.229023141991
2026-05-28 14:00:00.011000+00:00,1070.150329441991
2026-05-28 15:00:00.054000+00:00,1070.162829441991
2026-05-28 16:00:00.085000+00:00,1070.1753294419912
2026-05-28 17:00:00.054000+00:00,1070.1878294419912
2026-05-28 18:00:00.081000+00:00,1070.2003294419912
2026-05-28 19:00:00.045000+00:00,1070.2128294419913
2026-05-28 20:00:00.024000+00:00,1070.2253294419913
2026-05-28 21:00:00.054000+00:00,1070.2378294419914
2026-05-28 22:00:00.057000+00:00,1070.2503294419914
2026-05-28 23:00:00.062000+00:00,1070.2628294419915
2026-05-29 00:00:00.066000+00:00,1070.2753294419915
2026-05-29 01:00:00.046000+00:00,1070.2878294419916
2026-05-29 02:00:00.003000+00:00,1070.3003294419916
2026-05-29 03:00:00.035000+00:00,1070.3128294419917
2026-05-29 04:00:00.041000+00:00,1070.3253294419917
2026-05-29 05:00:00.056000+00:00,1070.3378294419917
2026-05-29 06:00:00.048000+00:00,1070.3503294419918
2026-05-29 07:00:00.013000+00:00,1070.3628294419918
2026-05-29 08:00:00.008000+00:00,1070.3753294419919
2026-05-29 09:00:00.061000+00:00,1070.286948541992
2026-05-29 10:00:00.035000+00:00,1070.299448541992
2026-05-29 11:00:00.034000+00:00,1070.196865341992
2026-05-29 12:00:00.030000+00:00,1064.5747830892892
2026-05-29 13:00:00.037000+00:00,1064.5747830892892
2026-05-29 14:00:00.045000+00:00,1064.5747830892892
2026-05-29 15:00:00.047000+00:00,1064.5747830892892
2026-05-29 16:00:00.042000+00:00,1064.5747830892892
2026-05-29 17:00:00.070000+00:00,1064.5747830892892
2026-05-29 18:00:00.058000+00:00,1064.5747830892892
2026-05-29 19:00:00.015000+00:00,1064.5747830892892
2026-05-29 20:00:00.023000+00:00,1064.5747830892892
2026-05-29 21:00:00.009000+00:00,1064.5747830892892
2026-05-29 22:00:00.051000+00:00,1064.5747830892892
2026-05-29 23:00:00.004000+00:00,1064.5747830892892
2026-05-30 00:00:00.028000+00:00,1064.5747830892892
2026-05-30 01:00:00.060000+00:00,1064.5747830892892
2026-05-30 02:00:00.046000+00:00,1064.5747830892892
2026-05-30 03:00:00.016000+00:00,1064.5747830892892
2026-05-30 04:00:00.011000+00:00,1064.5747830892892
2026-05-30 05:00:00.025000+00:00,1064.5747830892892
2026-05-30 06:00:00.060000+00:00,1064.5747830892892
2026-05-30 07:00:00.054000+00:00,1064.5747830892892
2026-05-30 08:00:00.009000+00:00,1064.5747830892892
2026-05-30 09:00:00.066000+00:00,1064.5747830892892
2026-05-30 10:00:00.023000+00:00,1064.5747830892892
2026-05-30 11:00:00.024000+00:00,1064.5747830892892
2026-05-30 12:00:00.050000+00:00,1064.5747830892892
2026-05-30 13:00:00.053000+00:00,1064.5747830892892
2026-05-30 14:00:00.049000+00:00,1064.5747830892892
2026-05-30 15:00:00.029000+00:00,1064.5747830892892
2026-05-30 16:00:00.037000+00:00,1064.5747830892892
2026-05-30 17:00:00.070000+00:00,1064.5747830892892
2026-05-30 18:00:00.038000+00:00,1059.0439594365864
2026-05-30 19:00:00.053000+00:00,1059.1056597365864
2026-05-30 20:00:00.009000+00:00,1059.1504719365864
2026-05-30 21:00:00.027000+00:00,1059.1841792365865
2026-05-30 22:00:00.060000+00:00,1059.2222640365865
2026-05-30 23:00:00.030000+00:00,1059.3066703365864
2026-05-31 00:00:00.055000+00:00,1059.3858002365864
2026-05-31 01:00:00.031000+00:00,1059.3983002365865
2026-05-31 02:00:00.062000+00:00,1059.4396630365864
2026-05-31 03:00:00.003000+00:00,1059.4623053365863
2026-05-31 04:00:00.040000+00:00,1059.5003441365864
2026-05-31 05:00:00.014000+00:00,1059.5128441365864
2026-05-31 06:00:00.012000+00:00,1059.5305866365863
2026-05-31 07:00:00.007000+00:00,1059.6356596365863
2026-05-31 08:00:00.066000+00:00,1059.6803637365863
2026-05-31 09:00:00.025000+00:00,1059.7227534365863
2026-05-31 10:00:00.045000+00:00,1059.7409348365863
2026-05-31 11:00:00.064000+00:00,1059.7534348365864
2026-05-31 12:00:00.048000+00:00,1059.7659348365864
2026-05-31 13:00:00.065000+00:00,1059.7784348365865
2026-05-31 14:00:00.044000+00:00,1059.7909348365865
2026-05-31 15:00:00.067000+00:00,1059.8034348365866
2026-05-31 16:00:00.042000+00:00,1059.8159348365866
2026-05-31 17:00:00.009000+00:00,1059.8284348365867
2026-05-31 18:00:00.037000+00:00,1059.8409348365867
2026-05-31 19:00:00.023000+00:00,1059.8534348365868
2026-05-31 20:00:00.049000+00:00,1059.8659348365868
2026-05-31 21:00:00.008000+00:00,1059.9299071365867
2026-05-31 22:00:00.006000+00:00,1060.0016505365868
2026-05-31 23:00:00.059000+00:00,1060.0141505365868
2026-06-01 00:00:00.050000+00:00,1060.0266505365869
2026-06-01 01:00:00.010000+00:00,1060.039150536587
2026-06-01 02:00:00.046000+00:00,1060.051650536587
2026-06-01 03:00:00.011000+00:00,1060.064150536587
2026-06-01 04:00:00.002000+00:00,1060.1003274365871
2026-06-01 05:00:00.044000+00:00,1060.1159779365871
2026-06-01 06:00:00.037000+00:00,1060.1284779365872
2026-06-01 07:00:00.013000+00:00,1060.1409779365872
2026-06-01 08:00:00.010000+00:00,1060.1534779365873
2026-06-01 09:00:00.047000+00:00,1060.1659779365873
2026-06-01 10:00:00.040000+00:00,1060.1957890365873
2026-06-01 11:00:00.055000+00:00,1060.2268381365873
2026-06-01 12:00:00.049000+00:00,1060.2393381365873
2026-06-01 13:00:00.049000+00:00,1060.2518381365874
2026-06-01 14:00:00.037000+00:00,1060.2814735365873
2026-06-01 15:00:00.039000+00:00,1060.2939735365874
2026-06-01 16:00:00.001000+00:00,1060.3064735365874
2026-06-01 17:00:00.058000+00:00,1060.3189735365875
2026-06-01 18:00:00.025000+00:00,1060.3314735365875
2026-06-01 19:00:00.027000+00:00,1060.4155149365874
2026-06-01 20:00:00.058000+00:00,1060.4280149365875
2026-06-01 21:00:00.055000+00:00,1060.4844322365875
2026-06-01 22:00:00.044000+00:00,1060.5511751365875
2026-06-01 23:00:00.015000+00:00,1060.6686353365876
2026-06-02 00:00:00.016000+00:00,1060.7661504365876
2026-06-02 01:00:00.049000+00:00,1060.8890417365876
2026-06-02 02:00:00.054000+00:00,1061.0125917365876
2026-06-02 03:00:00.062000+00:00,1061.1750439365876
2026-06-02 04:00:00.063000+00:00,1061.3426267365876
2026-06-02 05:00:00.058000+00:00,1061.4183080365876
2026-06-02 06:00:00.028000+00:00,1061.5153489365875
2026-06-02 07:00:00.028000+00:00,1061.5278489365876
2026-06-02 08:00:00.005000+00:00,1061.5403489365876
2026-06-02 09:00:00.004000+00:00,1061.5528489365877
2026-06-02 10:00:00.060000+00:00,1061.5653489365877
2026-06-02 11:00:00.048000+00:00,1061.5778489365878
2026-06-02 12:00:00.006000+00:00,1061.5903489365878
2026-06-02 13:00:00.077000+00:00,1061.6028489365879
2026-06-02 14:00:00.037000+00:00,1061.6797282365878
2026-06-02 15:00:00.036000+00:00,1061.7622677365878
2026-06-02 16:00:00.038000+00:00,1061.8506618365877
2026-06-02 17:00:00.008000+00:00,1062.0425786365877
2026-06-02 18:00:00.014000+00:00,1062.3041696365876
2026-06-02 19:00:00.026000+00:00,1062.7480508365877
2026-06-02 20:00:00.012000+00:00,1063.1740153365877
2026-06-02 21:00:00.028000+00:00,1063.4241056365877
2026-06-02 22:00:00.035000+00:00,1063.6824379365876
2026-06-02 23:00:00.004000+00:00,1063.9370590365875
2026-06-03 00:00:00.019000+00:00,1064.2091499365874
2026-06-03 01:00:00.036000+00:00,1064.4278579365875
2026-06-03 02:00:00.062000+00:00,1064.5371117365876
2026-06-03 03:00:00.014000+00:00,1064.6461056365877
2026-06-03 04:00:00.013000+00:00,1064.8479987365877
2026-06-03 05:00:00.067000+00:00,1065.0020641365877
2026-06-03 06:00:00.063000+00:00,1065.1255501365877
2026-06-03 07:00:00.027000+00:00,1065.2757874365877
2026-06-03 08:00:00.040000+00:00,1065.4104780365878
2026-06-03 09:00:00.040000+00:00,1065.4796786365878
2026-06-03 10:00:00.062000+00:00,1065.4921786365878
2026-06-03 11:00:00.013000+00:00,1065.5046786365879
2026-06-03 12:00:00.046000+00:00,1065.556353536588
2026-06-03 13:00:00.050000+00:00,1065.5822318365879
2026-06-03 14:00:00.007000+00:00,1065.628137236588
2026-06-03 15:00:00.049000+00:00,1065.7440761365879
2026-06-03 16:00:00.028000+00:00,1065.7864261365878
2026-06-03 17:00:00.013000+00:00,1065.7989261365879
2026-06-03 18:00:00.020000+00:00,1065.811426136588
2026-06-03 19:00:00+00:00,1065.823926136588
2026-06-03 20:00:00.019000+00:00,1065.836426136588
2026-06-03 21:00:00.009000+00:00,1065.848926136588
2026-06-03 22:00:00.056000+00:00,1065.861426136588
2026-06-03 23:00:00.002000+00:00,1065.8739261365881
2026-06-04 00:00:00.032000+00:00,1065.8864261365882
2026-06-04 01:00:00.002000+00:00,1065.8989261365882
2026-06-04 02:00:00.047000+00:00,1065.9114261365883
2026-06-04 03:00:00.080000+00:00,1065.9239261365883
2026-06-04 04:00:00.010000+00:00,1065.9754089365883
2026-06-04 05:00:00.076000+00:00,1066.0580251365884
2026-06-04 06:00:00.007000+00:00,1066.1665336365884
2026-06-04 07:00:00.059000+00:00,1066.3044241365883
2026-06-04 08:00:00.004000+00:00,1066.3433648365883
2026-06-04 09:00:00.027000+00:00,1066.3558648365884
2026-06-04 10:00:00.015000+00:00,1066.3683648365884
2026-06-04 11:00:00.025000+00:00,1066.3369145365884
2026-06-04 12:00:00.078000+00:00,1066.2522093365885
2026-06-04 13:00:00.006000+00:00,1066.2647093365886
2026-06-04 14:00:00.014000+00:00,1066.2772093365886
2026-06-04 15:00:00.006000+00:00,1066.2897093365887
2026-06-04 16:00:00.043000+00:00,1066.3022093365887
2026-06-04 17:00:00.015000+00:00,1066.3147093365887
2026-06-04 18:00:00.073000+00:00,1066.3272093365888
2026-06-04 19:00:00+00:00,1066.3397093365888
2026-06-04 20:00:00.031000+00:00,1066.3522093365889
2026-06-04 21:00:00.063000+00:00,1066.4125470365889
2026-06-04 22:00:00.059000+00:00,1066.705315336589
2026-06-04 23:00:00.046000+00:00,1066.753531836589
2026-06-05 00:00:00.043000+00:00,1066.859645936589
2026-06-05 01:00:00.052000+00:00,1066.951052136589
2026-06-05 02:00:00.003000+00:00,1067.101459636589
2026-06-05 03:00:00.006000+00:00,1067.185419936589
2026-06-05 04:00:00.016000+00:00,1067.197919936589
2026-06-05 05:00:00.021000+00:00,1067.210419936589
2026-06-05 06:00:00.019000+00:00,1067.222919936589
2026-06-05 07:00:00.021000+00:00,1067.235419936589
2026-06-05 08:00:00.042000+00:00,1067.2479199365891
2026-06-05 09:00:00.016000+00:00,1067.2604199365892
2026-06-05 10:00:00.050000+00:00,1067.2729199365892
2026-06-05 11:00:00.006000+00:00,1067.2854199365893
2026-06-05 12:00:00+00:00,1067.2979199365893
2026-06-05 13:00:00.043000+00:00,1067.3104199365894
2026-06-05 14:00:00+00:00,1067.3229199365894
2026-06-05 15:00:00.009000+00:00,1067.4033135365894
2026-06-05 16:00:00.015000+00:00,1067.4241714365894
2026-06-05 17:00:00.002000+00:00,1067.4497375365895
2026-06-05 18:00:00.016000+00:00,1067.5219997365896
2026-06-05 19:00:00.012000+00:00,1067.6176030365896
2026-06-05 20:00:00.028000+00:00,1067.6311627365897
2026-06-05 21:00:00.020000+00:00,1067.6436627365897
2026-06-05 22:00:00.051000+00:00,1067.8083945365897
2026-06-05 23:00:00.054000+00:00,1067.8680808365898
2026-06-06 00:00:00.050000+00:00,1067.92579063659
2026-06-06 01:00:00.030000+00:00,1068.01490193659
2026-06-06 02:00:00.008000+00:00,1068.0385213365898
2026-06-06 03:00:00.034000+00:00,1068.06710813659
2026-06-06 04:00:00.023000+00:00,1068.08397653659
2026-06-06 05:00:00.060000+00:00,1068.09647653659
2026-06-06 06:00:00.032000+00:00,1068.08550353659
2026-06-06 07:00:00.001000+00:00,1068.09800353659
2026-06-06 08:00:00.036000+00:00,1068.1105035365902
2026-06-06 09:00:00.036000+00:00,1068.1230035365902
2026-06-06 10:00:00.063000+00:00,1068.1355035365902
2026-06-06 11:00:00.048000+00:00,1068.1480035365903
2026-06-06 12:00:00.046000+00:00,1068.1605035365903
2026-06-06 13:00:00.048000+00:00,1068.1730035365904
2026-06-06 14:00:00.030000+00:00,1068.1855035365904
2026-06-06 15:00:00.011000+00:00,1068.1980035365905
2026-06-06 16:00:00.033000+00:00,1068.2105035365905
2026-06-06 17:00:00.057000+00:00,1068.2230035365906
2026-06-06 18:00:00.049000+00:00,1068.2355035365906
2026-06-06 19:00:00.038000+00:00,1068.2480035365907
2026-06-06 20:00:00.003000+00:00,1068.2605035365907
2026-06-06 21:00:00.065000+00:00,1068.2730035365907
2026-06-06 22:00:00.025000+00:00,1068.2855035365908
2026-06-06 23:00:00.050000+00:00,1068.2980035365908
2026-06-07 00:00:00.085000+00:00,1068.3105035365909
2026-06-07 01:00:00.004000+00:00,1068.323003536591
2026-06-07 02:00:00.006000+00:00,1068.335503536591
2026-06-07 03:00:00.040000+00:00,1068.348003536591
2026-06-07 04:00:00.034000+00:00,1068.360503536591
2026-06-07 05:00:00+00:00,1068.373003536591
2026-06-07 06:00:00.055000+00:00,1068.3855035365912
2026-06-07 07:00:00.034000+00:00,1068.3980035365912
2026-06-07 08:00:00.059000+00:00,1068.4105035365912
2026-06-07 09:00:00.063000+00:00,1068.4230035365913
2026-06-07 10:00:00.024000+00:00,1068.4355035365913
2026-06-07 11:00:00.042000+00:00,1068.4480035365914
2026-06-07 12:00:00.010000+00:00,1068.4634655365915
2026-06-07 13:00:00.027000+00:00,1068.4759655365915
2026-06-07 14:00:00.030000+00:00,1068.4884655365915
2026-06-07 15:00:00.011000+00:00,1068.5009655365916
2026-06-07 16:00:00.011000+00:00,1068.5219072365917
2026-06-07 17:00:00.053000+00:00,1068.5365434365917
2026-06-07 18:00:00.001000+00:00,1068.5490434365918
2026-06-07 19:00:00.055000+00:00,1068.6273572365917
2026-06-07 20:00:00.046000+00:00,1068.7123416365916
2026-06-07 21:00:00.028000+00:00,1068.7299119365916
2026-06-07 22:00:00.052000+00:00,1068.7860762365917
2026-06-07 23:00:00.003000+00:00,1068.8613691365917
2026-06-08 00:00:00.034000+00:00,1068.9723971365918
2026-06-08 01:00:00.034000+00:00,1069.0452849365918
2026-06-08 02:00:00.011000+00:00,1069.1134554365917
2026-06-08 03:00:00.005000+00:00,1069.1665196365918
2026-06-08 04:00:00.025000+00:00,1069.1904970365918
2026-06-08 05:00:00.046000+00:00,1069.2172468365918
2026-06-08 06:00:00.031000+00:00,1069.2637573365919
2026-06-08 07:00:00.063000+00:00,1069.292794936592
2026-06-08 08:00:00.003000+00:00,1069.305294936592
2026-06-08 09:00:00.009000+00:00,1069.317794936592
2026-06-08 10:00:00.047000+00:00,1069.330294936592
2026-06-08 11:00:00.017000+00:00,1069.342794936592
2026-06-08 12:00:00.056000+00:00,1069.3552949365921
2026-06-08 13:00:00.057000+00:00,1069.3677949365922
2026-06-08 14:00:00.035000+00:00,1069.3802949365922
2026-06-08 15:00:00.045000+00:00,1069.3989765365923
2026-06-08 16:00:00.055000+00:00,1069.4115172365923
2026-06-08 17:00:00.075000+00:00,1069.4507002365924
2026-06-08 18:00:00.012000+00:00,1069.4632002365925
2026-06-08 19:00:00.027000+00:00,1069.4834125365924
2026-06-08 20:00:00.032000+00:00,1069.4959125365924
2026-06-08 21:00:00.056000+00:00,1069.5084125365925
2026-06-08 22:00:00.019000+00:00,1069.5209125365925
2026-06-08 23:00:00.022000+00:00,1069.5334125365926
2026-06-09 00:00:00.005000+00:00,1069.5459125365926
2026-06-09 01:00:00.014000+00:00,1069.5584125365926
2026-06-09 02:00:00.051000+00:00,1069.5709125365927
2026-06-09 03:00:00.043000+00:00,1069.5834125365927
2026-06-09 04:00:00.002000+00:00,1069.5959125365928
2026-06-09 05:00:00.011000+00:00,1069.6084125365928
2026-06-09 06:00:00.060000+00:00,1069.6209125365929
2026-06-09 07:00:00.027000+00:00,1069.633412536593
2026-06-09 08:00:00.081000+00:00,1069.645912536593
2026-06-09 09:00:00.001000+00:00,1069.658412536593
2026-06-09 10:00:00.031000+00:00,1069.670912536593
2026-06-09 11:00:00.067000+00:00,1069.683412536593
2026-06-09 12:00:00.036000+00:00,1069.6959125365931
2026-06-09 13:00:00.031000+00:00,1069.7084125365932
2026-06-09 14:00:00.014000+00:00,1069.7209125365932
2026-06-09 15:00:00.029000+00:00,1069.7334125365933
2026-06-09 16:00:00.059000+00:00,1069.7459125365933
2026-06-09 17:00:00.048000+00:00,1069.7584125365934
2026-06-09 18:00:00.032000+00:00,1069.7709125365934
2026-06-09 19:00:00.014000+00:00,1069.7834125365935
2026-06-09 20:00:00.045000+00:00,1069.7959125365935
2026-06-09 21:00:00.056000+00:00,1069.8084125365936
2026-06-09 22:00:00.063000+00:00,1069.8209125365936
2026-06-09 23:00:00.059000+00:00,1069.8334125365936
2026-06-10 00:00:00.070000+00:00,1069.8459125365937
2026-06-10 01:00:00+00:00,1069.8584125365937
2026-06-10 02:00:00.069000+00:00,1069.8709125365938
2026-06-10 03:00:00.030000+00:00,1069.8834125365938
2026-06-10 04:00:00.056000+00:00,1069.8959125365939
2026-06-10 05:00:00.003000+00:00,1069.908412536594
2026-06-10 06:00:00.052000+00:00,1069.920912536594
2026-06-10 07:00:00.059000+00:00,1069.933412536594
2026-06-10 08:00:00.060000+00:00,1069.945912536594
2026-06-10 09:00:00.053000+00:00,1069.958412536594
2026-06-10 10:00:00.013000+00:00,1069.9709125365941
2026-06-10 11:00:00.011000+00:00,1069.9834125365942
2026-06-10 12:00:00.032000+00:00,1069.9959125365942
2026-06-10 13:00:00.058000+00:00,1070.0084125365943
2026-06-10 14:00:00.031000+00:00,1070.0209125365943
2026-06-10 15:00:00.057000+00:00,1070.0334125365944
2026-06-10 16:00:00.069000+00:00,1070.0459125365944
2026-06-10 17:00:00.012000+00:00,1070.0584125365945
2026-06-10 18:00:00.035000+00:00,1070.0709125365945
2026-06-10 19:00:00.046000+00:00,1070.0834125365946
2026-06-10 20:00:00.093000+00:00,1070.0951672365945
2026-06-10 21:00:00.023000+00:00,1070.1076672365946
2026-06-10 22:00:00.019000+00:00,1070.1201672365946
2026-06-10 23:00:00.077000+00:00,1070.1326672365947
2026-06-11 00:00:00.009000+00:00,1070.1451672365947
2026-06-11 01:00:00.039000+00:00,1070.1576672365948
2026-06-11 02:00:00.020000+00:00,1070.1701672365948
2026-06-11 03:00:00.013000+00:00,1070.1826672365949
2026-06-11 04:00:00.009000+00:00,1070.195167236595
2026-06-11 05:00:00.046000+00:00,1070.207667236595
2026-06-11 06:00:00.039000+00:00,1070.223295036595
2026-06-11 07:00:00.008000+00:00,1070.255758936595
2026-06-11 08:00:00.045000+00:00,1070.268258936595
2026-06-11 09:00:00.054000+00:00,1070.280758936595
2026-06-11 10:00:00.038000+00:00,1070.293258936595
2026-06-11 11:00:00.033000+00:00,1070.282019236595
2026-06-11 12:00:00.033000+00:00,1070.294519236595
2026-06-11 13:00:00.055000+00:00,1070.3244276365951
2026-06-11 14:00:00.020000+00:00,1070.340665036595
2026-06-11 15:00:00.013000+00:00,1070.353165036595
2026-06-11 16:00:00.017000+00:00,1070.3896635365952
2026-06-11 17:00:00.083000+00:00,1070.424100936595
2026-06-11 18:00:00.016000+00:00,1070.4366009365951
2026-06-11 19:00:00.018000+00:00,1070.4491009365952
2026-06-11 20:00:00.005000+00:00,1070.4616009365952
2026-06-11 21:00:00.036000+00:00,1070.4741009365953
2026-06-11 22:00:00.073000+00:00,1070.4207040365952
2026-06-11 23:00:00.052000+00:00,1070.3411337365953
2026-06-12 00:00:00.013000+00:00,1070.2805250365952
2026-06-12 01:00:00.025000+00:00,1070.1754735365953
2026-06-12 02:00:00.033000+00:00,1064.5533912838926
2026-06-12 03:00:00.057000+00:00,1064.5533912838926
2026-06-12 04:00:00.009000+00:00,1064.5533912838926
2026-06-12 05:00:00.001000+00:00,1064.5533912838926
2026-06-12 06:00:00.056000+00:00,1064.5533912838926
2026-06-12 07:00:00.027000+00:00,1064.5533912838926
2026-06-12 08:00:00.035000+00:00,1064.5533912838926
2026-06-12 09:00:00.010000+00:00,1064.5533912838926
2026-06-12 10:00:00.015000+00:00,1064.5533912838926
2026-06-12 11:00:00.055000+00:00,1064.5533912838926
2026-06-12 12:00:00.007000+00:00,1064.5533912838926
2026-06-12 13:00:00.010000+00:00,1064.5533912838926
2026-06-12 14:00:00.052000+00:00,1064.5533912838926
2026-06-12 15:00:00.064000+00:00,1064.5533912838926
2026-06-12 16:00:00.005000+00:00,1064.5533912838926
2026-06-12 17:00:00.011000+00:00,1064.5533912838926
2026-06-12 18:00:00.044000+00:00,1064.5533912838926
2026-06-12 19:00:00.018000+00:00,1064.5533912838926
2026-06-12 20:00:00.007000+00:00,1064.5533912838926
2026-06-12 21:00:00.026000+00:00,1064.5533912838926
2026-06-12 22:00:00.022000+00:00,1064.5533912838926
2026-06-12 23:00:00.025000+00:00,1064.5533912838926
2026-06-13 00:00:00.034000+00:00,1064.5533912838926
2026-06-13 01:00:00.044000+00:00,1064.5533912838926
2026-06-13 02:00:00.044000+00:00,1059.03804003119
2026-06-13 03:00:00+00:00,1059.16863753119
2026-06-13 04:00:00.040000+00:00,1059.29929003119
2026-06-13 05:00:00.006000+00:00,1059.44717123119
2026-06-13 06:00:00.043000+00:00,1059.56777793119
2026-06-13 07:00:00.030000+00:00,1059.74109453119
2026-06-13 08:00:00.040000+00:00,1059.82434763119
2026-06-13 09:00:00.053000+00:00,1059.87668143119
2026-06-13 10:00:00.009000+00:00,1059.93993183119
2026-06-13 11:00:00.051000+00:00,1059.9854033311901
2026-06-13 12:00:00+00:00,1060.0321866311901
2026-06-13 13:00:00.021000+00:00,1060.09499063119
2026-06-13 14:00:00.056000+00:00,1060.16717013119
2026-06-13 15:00:00.009000+00:00,1060.26671433119
2026-06-13 16:00:00.004000+00:00,1060.34347613119
2026-06-13 17:00:00.036000+00:00,1060.4066303311902
2026-06-13 18:00:00.014000+00:00,1060.4785930311903
2026-06-13 19:00:00.021000+00:00,1060.5432913311902
2026-06-13 20:00:00.035000+00:00,1060.6254732311902
2026-06-13 21:00:00.042000+00:00,1060.6977683311902
2026-06-13 22:00:00.013000+00:00,1060.7686481311903
2026-06-13 23:00:00.023000+00:00,1060.8212011311903
2026-06-14 00:00:00.001000+00:00,1060.8944341311903
2026-06-14 01:00:00.042000+00:00,1060.9933796311902
2026-06-14 02:00:00.025000+00:00,1061.0465216311902
2026-06-14 03:00:00.005000+00:00,1061.1186134311902
2026-06-14 04:00:00.004000+00:00,1061.1624459311902
2026-06-14 05:00:00.060000+00:00,1061.1749459311902
2026-06-14 06:00:00.020000+00:00,1061.1874459311903
2026-06-14 07:00:00.012000+00:00,1061.2155963311902
2026-06-14 08:00:00.012000+00:00,1061.2621489311903
2026-06-14 09:00:00.044000+00:00,1061.2746489311903
2026-06-14 10:00:00.035000+00:00,1061.2871489311904
2026-06-14 11:00:00.048000+00:00,1061.2996489311904
2026-06-14 12:00:00.020000+00:00,1061.3121489311904
2026-06-14 13:00:00.056000+00:00,1061.3246489311905
2026-06-14 14:00:00.060000+00:00,1061.3371489311905
2026-06-14 15:00:00.056000+00:00,1061.3496489311906
2026-06-14 16:00:00.021000+00:00,1061.3621489311906
2026-06-14 17:00:00.045000+00:00,1061.3746489311907
2026-06-14 18:00:00.069000+00:00,1061.3871489311907
2026-06-14 19:00:00.035000+00:00,1061.3996489311908
2026-06-14 20:00:00.066000+00:00,1061.4121489311908
2026-06-14 21:00:00.006000+00:00,1061.4246489311909
2026-06-14 22:00:00+00:00,1061.5128338311908
2026-06-14 23:00:00.037000+00:00,1061.6448964311908
2026-06-15 00:00:00.049000+00:00,1061.7753880311907
2026-06-15 01:00:00.042000+00:00,1061.8974433311907
2026-06-15 02:00:00.063000+00:00,1062.0582338311908
2026-06-15 03:00:00.033000+00:00,1062.2676842311907
2026-06-15 04:00:00.023000+00:00,1062.5049108311907
2026-06-15 05:00:00.034000+00:00,1062.7103605311906
2026-06-15 06:00:00+00:00,1062.8648227311905
2026-06-15 07:00:00.033000+00:00,1063.0235907311906
2026-06-15 08:00:00.043000+00:00,1063.1276383311906
2026-06-15 09:00:00.039000+00:00,1063.1401383311907
2026-06-15 10:00:00.048000+00:00,1063.1526383311907
2026-06-15 11:00:00.029000+00:00,1063.1651383311907
2026-06-15 12:00:00+00:00,1063.1834035311908
2026-06-15 13:00:00.063000+00:00,1063.2762294311908
2026-06-15 14:00:00.031000+00:00,1063.383880531191
2026-06-15 15:00:00.041000+00:00,1063.528894131191
2026-06-15 16:00:00.005000+00:00,1063.789815931191
2026-06-15 17:00:00.050000+00:00,1064.095271031191
2026-06-15 18:00:00.012000+00:00,1064.331552831191
2026-06-15 19:00:00.021000+00:00,1064.461065131191
2026-06-15 20:00:00.038000+00:00,1064.473565131191
2026-06-15 21:00:00.032000+00:00,1064.4348662311909
2026-06-15 22:00:00.024000+00:00,1064.447366231191
2026-06-15 23:00:00.029000+00:00,1064.459866231191
2026-06-16 00:00:00.049000+00:00,1064.4780558311909
2026-06-16 01:00:00.062000+00:00,1064.515841431191
2026-06-16 02:00:00.020000+00:00,1064.528341431191
2026-06-16 03:00:00.030000+00:00,1064.540841431191
2026-06-16 04:00:00.067000+00:00,1064.553341431191
2026-06-16 05:00:00.040000+00:00,1064.565841431191
2026-06-16 06:00:00.054000+00:00,1064.5783414311911
2026-06-16 07:00:00.002000+00:00,1064.5908414311912
2026-06-16 08:00:00.014000+00:00,1064.6033414311912
2026-06-16 09:00:00.032000+00:00,1064.6158414311913
2026-06-16 10:00:00.053000+00:00,1064.6283414311913
2026-06-16 11:00:00.052000+00:00,1064.6408414311913
2026-06-16 12:00:00.012000+00:00,1064.5883381311914
2026-06-16 13:00:00.018000+00:00,1064.5821310311915
2026-06-16 14:00:00.003000+00:00,1064.3280921311914
2026-06-16 15:00:00.025000+00:00,1064.1213046311914
2026-06-16 16:00:00.006000+00:00,1064.1338046311914
2026-06-16 17:00:00.014000+00:00,1064.1463046311915
2026-06-16 18:00:00.055000+00:00,1058.5242223784887
2026-06-16 19:00:00.059000+00:00,1058.5242223784887
2026-06-16 20:00:00.016000+00:00,1058.5242223784887
2026-06-16 21:00:00.008000+00:00,1058.5242223784887
2026-06-16 22:00:00.006000+00:00,1058.5242223784887
2026-06-16 23:00:00.065000+00:00,1058.5242223784887
2026-06-17 00:00:00.032000+00:00,1058.5242223784887
2026-06-17 01:00:00.044000+00:00,1058.5242223784887
2026-06-17 02:00:00.023000+00:00,1058.5242223784887
2026-06-17 03:00:00.051000+00:00,1058.5242223784887
2026-06-17 04:00:00+00:00,1058.5242223784887
2026-06-17 05:00:00.013000+00:00,1058.5242223784887
2026-06-17 06:00:00.002000+00:00,1058.5242223784887
2026-06-17 07:00:00.050000+00:00,1058.5242223784887
2026-06-17 08:00:00.007000+00:00,1058.5242223784887
2026-06-17 09:00:00.041000+00:00,1058.5242223784887
2026-06-17 10:00:00.045000+00:00,1058.5242223784887
2026-06-17 11:00:00.045000+00:00,1058.5242223784887
2026-06-17 12:00:00.050000+00:00,1058.5242223784887
2026-06-17 13:00:00.010000+00:00,1058.5242223784887
2026-06-17 14:00:00.055000+00:00,1058.5242223784887
2026-06-17 15:00:00.065000+00:00,1058.5242223784887
2026-06-17 16:00:00.021000+00:00,1052.914640125786
2026-06-17 17:00:00.008000+00:00,1052.957214225786
2026-06-17 18:00:00.085000+00:00,1053.000809425786
2026-06-17 19:00:00.014000+00:00,1053.039408825786
2026-06-17 20:00:00.002000+00:00,1053.051908825786
2026-06-17 21:00:00.044000+00:00,1053.092790725786
2026-06-17 22:00:00.055000+00:00,1053.121916825786
2026-06-17 23:00:00.018000+00:00,1053.154203325786
2026-06-18 00:00:00.025000+00:00,1053.166703325786
2026-06-18 01:00:00.017000+00:00,1053.2030366257861
2026-06-18 02:00:00.016000+00:00,1053.2774101257862
2026-06-18 03:00:00.014000+00:00,1053.2899101257863
2026-06-18 04:00:00.006000+00:00,1053.3024101257863
2026-06-18 05:00:00.058000+00:00,1053.3149101257864
2026-06-18 06:00:00.043000+00:00,1053.3274101257864
2026-06-18 07:00:00.049000+00:00,1053.3517194257863
2026-06-18 08:00:00.053000+00:00,1053.3642194257864
2026-06-18 09:00:00.012000+00:00,1053.3767194257864
2026-06-18 10:00:00.028000+00:00,1053.3892194257865
2026-06-18 11:00:00.027000+00:00,1053.4017194257865
2026-06-18 12:00:00.055000+00:00,1053.4142194257865
2026-06-18 13:00:00.033000+00:00,1053.4418570257865
2026-06-18 14:00:00.057000+00:00,1053.4543570257865
2026-06-18 15:00:00.016000+00:00,1053.4668570257866
2026-06-18 16:00:00.053000+00:00,1053.4793570257866
2026-06-18 17:00:00.046000+00:00,1053.5437220257866
2026-06-18 18:00:00.046000+00:00,1053.5927111257865
2026-06-18 19:00:00.059000+00:00,1053.7216571257866
2026-06-18 20:00:00.014000+00:00,1053.8629000257865
2026-06-18 21:00:00.066000+00:00,1053.8876389257866
2026-06-18 22:00:00.060000+00:00,1053.9001389257867
2026-06-18 23:00:00.062000+00:00,1053.9126389257867
2026-06-19 00:00:00.011000+00:00,1053.9775445257867
2026-06-19 01:00:00.007000+00:00,1054.0407458257866
2026-06-19 02:00:00.023000+00:00,1054.1144567257866
2026-06-19 03:00:00.002000+00:00,1054.1860193257867
2026-06-19 04:00:00.042000+00:00,1054.2359798257867
2026-06-19 05:00:00.002000+00:00,1054.2763813257866
2026-06-19 06:00:00.022000+00:00,1054.2993043257866
2026-06-19 07:00:00.062000+00:00,1054.3118043257866
2026-06-19 08:00:00.051000+00:00,1054.3243043257867
2026-06-19 09:00:00.032000+00:00,1054.3368043257867
2026-06-19 10:00:00.018000+00:00,1054.3493043257868
2026-06-19 11:00:00+00:00,1054.3618043257868
2026-06-19 12:00:00.053000+00:00,1054.3743043257869
2026-06-19 13:00:00.015000+00:00,1054.386804325787
2026-06-19 14:00:00.037000+00:00,1054.435478825787
2026-06-19 15:00:00.043000+00:00,1054.5313133257869
2026-06-19 16:00:00.032000+00:00,1054.6089274257868
2026-06-19 17:00:00.013000+00:00,1054.7950162257869
2026-06-19 18:00:00.044000+00:00,1054.9537758257868
2026-06-19 19:00:00.013000+00:00,1055.0549823257868
2026-06-19 20:00:00.028000+00:00,1055.0975418257867
2026-06-19 21:00:00.023000+00:00,1055.2765061257867
2026-06-19 22:00:00.007000+00:00,1055.4042332257866
2026-06-19 23:00:00.072000+00:00,1055.5169345257866
2026-06-20 00:00:00.067000+00:00,1055.6393840257865
2026-06-20 01:00:00.031000+00:00,1055.7155100257864
2026-06-20 02:00:00.026000+00:00,1055.7670088257864
2026-06-20 03:00:00.064000+00:00,1055.7832183257865
2026-06-20 04:00:00.056000+00:00,1055.8663675257865
2026-06-20 05:00:00.023000+00:00,1056.1079434257865
2026-06-20 06:00:00.048000+00:00,1056.4233494257865
2026-06-20 07:00:00.021000+00:00,1056.6873444257865
2026-06-20 08:00:00.036000+00:00,1056.8119738257865
2026-06-20 09:00:00.017000+00:00,1056.8713248257866
2026-06-20 10:00:00.001000+00:00,1056.8838248257866
2026-06-20 11:00:00.008000+00:00,1056.9717129257867
2026-06-20 12:00:00.010000+00:00,1057.1311267257868
2026-06-20 13:00:00.008000+00:00,1057.2387900257868
2026-06-20 14:00:00.023000+00:00,1057.3618754257868
2026-06-20 15:00:00.024000+00:00,1057.4241169257868
2026-06-20 16:00:00.039000+00:00,1057.484017025787
2026-06-20 17:00:00.006000+00:00,1057.542785525787
2026-06-20 18:00:00.046000+00:00,1057.555285525787
2026-06-20 19:00:00.017000+00:00,1057.580141125787
2026-06-20 20:00:00.032000+00:00,1057.675500625787
2026-06-20 21:00:00.043000+00:00,1057.8025332257869
2026-06-20 22:00:00.059000+00:00,1057.8913004257868
2026-06-20 23:00:00.038000+00:00,1057.9440039257868
2026-06-21 00:00:00.047000+00:00,1057.9730460257867
2026-06-21 01:00:00.035000+00:00,1058.0130889257866
2026-06-21 02:00:00.009000+00:00,1058.0595348257866
2026-06-21 03:00:00.033000+00:00,1058.2843712257866
2026-06-21 04:00:00.034000+00:00,1058.4694855257865
2026-06-21 05:00:00.004000+00:00,1058.5852582257864
2026-06-21 06:00:00.025000+00:00,1058.6146311257864
2026-06-21 07:00:00.043000+00:00,1058.6271311257865
2026-06-21 08:00:00.033000+00:00,1058.6396311257865
2026-06-21 09:00:00.005000+00:00,1058.6521311257866
2026-06-21 10:00:00.020000+00:00,1058.6646311257866
2026-06-21 11:00:00.040000+00:00,1058.6771311257867
2026-06-21 12:00:00.044000+00:00,1058.6896311257867
2026-06-21 13:00:00.053000+00:00,1058.7278785257868
2026-06-21 14:00:00.007000+00:00,1058.7403785257868
2026-06-21 15:00:00.003000+00:00,1058.7528785257869
2026-06-21 16:00:00.030000+00:00,1058.765378525787
2026-06-21 17:00:00.007000+00:00,1058.777878525787
2026-06-21 18:00:00.046000+00:00,1058.811702625787
2026-06-21 19:00:00.029000+00:00,1058.832773825787
2026-06-21 20:00:00.036000+00:00,1058.8781141257869
2026-06-21 21:00:00.057000+00:00,1058.9424198257868
2026-06-21 22:00:00.077000+00:00,1058.9549198257869
2026-06-21 23:00:00.061000+00:00,1058.967419825787
2026-06-22 00:00:00.011000+00:00,1058.979919825787
2026-06-22 01:00:00.019000+00:00,1058.992419825787
2026-06-22 02:00:00.074000+00:00,1059.004919825787
2026-06-22 03:00:00.037000+00:00,1059.028602925787
2026-06-22 04:00:00.020000+00:00,1059.062031625787
2026-06-22 05:00:00.054000+00:00,1059.077089025787
2026-06-22 06:00:00.033000+00:00,1059.090965025787
2026-06-22 07:00:00.031000+00:00,1059.103465025787
2026-06-22 08:00:00.054000+00:00,1059.115965025787
2026-06-22 09:00:00.012000+00:00,1059.1284650257871
2026-06-22 10:00:00.040000+00:00,1059.1409650257872
2026-06-22 11:00:00.045000+00:00,1059.1534650257872
2026-06-22 12:00:00.028000+00:00,1059.1659650257873
2026-06-22 13:00:00.062000+00:00,1059.1784650257873
2026-06-22 14:00:00.004000+00:00,1059.1909650257874
2026-06-22 15:00:00.009000+00:00,1059.2034650257874
2026-06-22 16:00:00.016000+00:00,1059.2159650257875
2026-06-22 17:00:00.020000+00:00,1059.2284650257875
2026-06-22 18:00:00.035000+00:00,1059.2409650257875
2026-06-22 19:00:00.028000+00:00,1059.2534650257876
2026-06-22 20:00:00.037000+00:00,1059.2659650257876
2026-06-22 21:00:00.027000+00:00,1059.2784650257877
2026-06-22 22:00:00.001000+00:00,1059.2909650257877
2026-06-22 23:00:00.047000+00:00,1059.3034650257878
2026-06-23 00:00:00.019000+00:00,1059.3646533257877
2026-06-23 01:00:00.050000+00:00,1059.4210115257877
2026-06-23 02:00:00.059000+00:00,1059.4335115257877
2026-06-23 03:00:00.043000+00:00,1059.4460115257878
2026-06-23 04:00:00.043000+00:00,1059.4585115257878
2026-06-23 05:00:00+00:00,1059.4710115257878
2026-06-23 06:00:00.028000+00:00,1059.6165936257878
2026-06-23 07:00:00.005000+00:00,1059.6290936257878
2026-06-23 08:00:00.004000+00:00,1059.641593625788
2026-06-23 09:00:00.027000+00:00,1059.654093625788
2026-06-23 10:00:00.015000+00:00,1059.666593625788
2026-06-23 11:00:00.038000+00:00,1059.679093625788
2026-06-23 12:00:00.032000+00:00,1059.691593625788
2026-06-23 13:00:00.064000+00:00,1059.7040936257881
2026-06-23 14:00:00.005000+00:00,1059.7165936257882
2026-06-23 15:00:00.068000+00:00,1059.7290936257882
2026-06-23 16:00:00.018000+00:00,1059.7415936257883
2026-06-23 17:00:00.004000+00:00,1059.7540936257883
2026-06-23 18:00:00.057000+00:00,1059.7665936257883
2026-06-23 19:00:00.036000+00:00,1059.7790936257884
2026-06-23 20:00:00.052000+00:00,1059.7915936257884
2026-06-23 21:00:00.041000+00:00,1059.8040936257885
2026-06-23 22:00:00.077000+00:00,1059.8165936257885
2026-06-23 23:00:00.017000+00:00,1059.8290936257886
2026-06-24 00:00:00.059000+00:00,1059.8415936257886
2026-06-24 01:00:00.007000+00:00,1059.8540936257887
2026-06-24 02:00:00.045000+00:00,1059.8665936257887
2026-06-24 03:00:00.043000+00:00,1059.8790936257888
2026-06-24 04:00:00.009000+00:00,1059.8915936257888
2026-06-24 05:00:00.004000+00:00,1059.9040936257888
2026-06-24 06:00:00.031000+00:00,1059.9238059257889
2026-06-24 07:00:00.002000+00:00,1059.9459589257888
2026-06-24 08:00:00.010000+00:00,1060.0077569257887
2026-06-24 09:00:00.011000+00:00,1060.0202569257888
2026-06-24 10:00:00.043000+00:00,1060.0327569257888
2026-06-24 11:00:00.026000+00:00,1060.0452569257889
2026-06-24 12:00:00.040000+00:00,1060.057756925789
2026-06-24 13:00:00.010000+00:00,1060.070256925789
2026-06-24 14:00:00.048000+00:00,1060.082756925789
2026-06-24 15:00:00.052000+00:00,1060.095256925789
2026-06-24 16:00:00.060000+00:00,1060.107756925789
2026-06-24 17:00:00.011000+00:00,1060.1202569257891
2026-06-24 18:00:00.061000+00:00,1060.1327569257892
2026-06-24 19:00:00.107000+00:00,1060.1452569257892
2026-06-24 20:00:00.013000+00:00,1060.1577569257893
2026-06-24 21:00:00.057000+00:00,1060.1702569257893
2026-06-24 22:00:00.034000+00:00,1060.1827569257894
2026-06-24 23:00:00.012000+00:00,1060.1952569257894
2026-06-25 00:00:00.020000+00:00,1060.2077569257895
2026-06-25 01:00:00.006000+00:00,1060.2202569257895
2026-06-25 02:00:00.035000+00:00,1060.2327569257895
2026-06-25 03:00:00.010000+00:00,1060.2452569257896
2026-06-25 04:00:00.019000+00:00,1060.2577569257896
2026-06-25 05:00:00.009000+00:00,1060.2702569257897
2026-06-25 06:00:00.044000+00:00,1060.2827569257897
2026-06-25 07:00:00.021000+00:00,1060.2952569257898
2026-06-25 08:00:00.066000+00:00,1060.3129107257898
2026-06-25 09:00:00.009000+00:00,1060.34640362579
2026-06-25 10:00:00.040000+00:00,1060.35890362579
2026-06-25 11:00:00.059000+00:00,1060.37140362579
2026-06-25 12:00:00.013000+00:00,1060.38390362579
2026-06-25 13:00:00.054000+00:00,1060.39640362579
2026-06-25 14:00:00.004000+00:00,1060.4089036257901
2026-06-25 15:00:00.031000+00:00,1060.4214036257902
2026-06-25 16:00:00.049000+00:00,1060.4339036257902
2026-06-25 17:00:00.028000+00:00,1060.4464036257903
2026-06-25 18:00:00.008000+00:00,1060.4589036257903
2026-06-25 19:00:00.054000+00:00,1060.4714036257903
2026-06-25 20:00:00.025000+00:00,1060.4839036257904
2026-06-25 21:00:00.001000+00:00,1060.4964036257904
2026-06-25 22:00:00.049000+00:00,1060.5089036257905
2026-06-25 23:00:00.053000+00:00,1060.5214036257905
2026-06-26 00:00:00.043000+00:00,1060.5339036257906
2026-06-26 01:00:00.034000+00:00,1060.5464036257906
2026-06-26 02:00:00.084000+00:00,1060.5589036257907
2026-06-26 03:00:00.008000+00:00,1060.5714036257907
2026-06-26 04:00:00.013000+00:00,1060.5839036257908
2026-06-26 05:00:00.010000+00:00,1060.5964036257908
2026-06-26 06:00:00.030000+00:00,1060.6089036257908
2026-06-26 07:00:00.029000+00:00,1060.621403625791
2026-06-26 08:00:00.070000+00:00,1060.647908025791
2026-06-26 09:00:00.001000+00:00,1060.666715825791
2026-06-26 10:00:00.009000+00:00,1060.710503125791
2026-06-26 11:00:00.032000+00:00,1060.7230031257911
2026-06-26 12:00:00.076000+00:00,1060.7355031257912
2026-06-26 13:00:00.058000+00:00,1060.7480031257912
2026-06-26 14:00:00.025000+00:00,1060.7605031257913
2026-06-26 15:00:00.036000+00:00,1060.7730031257913
2026-06-26 16:00:00.035000+00:00,1060.7855031257914
2026-06-26 17:00:00.027000+00:00,1060.7587273257914
2026-06-26 18:00:00.042000+00:00,1060.7712273257914
2026-06-26 19:00:00.058000+00:00,1060.7837273257915
2026-06-26 20:00:00.001000+00:00,1060.7962273257915
2026-06-26 21:00:00.081000+00:00,1060.8087273257916
2026-06-26 22:00:00.052000+00:00,1060.8212273257916
2026-06-26 23:00:00.072000+00:00,1060.8337273257916
2026-06-27 00:00:00.047000+00:00,1060.8462273257917
2026-06-27 01:00:00.061000+00:00,1060.8587273257917
2026-06-27 02:00:00.033000+00:00,1060.8712273257918
2026-06-27 03:00:00.064000+00:00,1060.8837273257918
2026-06-27 04:00:00.005000+00:00,1060.8962273257919
2026-06-27 05:00:00.052000+00:00,1060.908727325792
2026-06-27 06:00:00.003000+00:00,1060.921227325792
2026-06-27 07:00:00.022000+00:00,1060.933727325792
2026-06-27 08:00:00.062000+00:00,1060.946227325792
2026-06-27 09:00:00.001000+00:00,1061.055513925792
2026-06-27 10:00:00.064000+00:00,1061.118076125792
2026-06-27 11:00:00.032000+00:00,1061.130576125792
2026-06-27 12:00:00.003000+00:00,1061.143076125792
2026-06-27 13:00:00.057000+00:00,1061.155576125792
2026-06-27 14:00:00.038000+00:00,1061.1680761257921
2026-06-27 15:00:00.065000+00:00,1061.1805761257922
2026-06-27 16:00:00.043000+00:00,1061.1930761257922
2026-06-27 17:00:00.058000+00:00,1061.2055761257923
2026-06-27 18:00:00.108000+00:00,1061.2180761257923
2026-06-27 19:00:00.053000+00:00,1061.2305761257924
2026-06-27 20:00:00.044000+00:00,1061.2430761257924
2026-06-27 21:00:00.058000+00:00,1061.2555761257925
2026-06-27 22:00:00.021000+00:00,1061.2680761257925
2026-06-27 23:00:00.040000+00:00,1061.2805761257925
2026-06-28 00:00:00.067000+00:00,1061.2930761257926
2026-06-28 01:00:00.011000+00:00,1061.3055761257926
2026-06-28 02:00:00.060000+00:00,1061.3180761257927
2026-06-28 03:00:00.023000+00:00,1061.3305761257927
2026-06-28 04:00:00.024000+00:00,1061.3430761257928
2026-06-28 05:00:00.062000+00:00,1061.3555761257928
2026-06-28 06:00:00.048000+00:00,1061.3680761257929
2026-06-28 07:00:00.131000+00:00,1061.380576125793
2026-06-28 08:00:00.007000+00:00,1061.393076125793
2026-06-28 09:00:00.030000+00:00,1061.405576125793
2026-06-28 10:00:00.008000+00:00,1061.418076125793
2026-06-28 11:00:00.056000+00:00,1061.430576125793
2026-06-28 12:00:00+00:00,1061.4430761257931
2026-06-28 13:00:00.035000+00:00,1061.4555761257932
2026-06-28 14:00:00.057000+00:00,1061.4680761257932
2026-06-28 15:00:00.011000+00:00,1061.4805761257933
2026-06-28 16:00:00.009000+00:00,1061.4930761257933
2026-06-28 17:00:00.008000+00:00,1061.5055761257934
2026-06-28 18:00:00.035000+00:00,1061.5180761257934
2026-06-28 19:00:00.062000+00:00,1061.5305761257935
2026-06-28 20:00:00.011000+00:00,1061.5430761257935
2026-06-28 21:00:00.003000+00:00,1061.5555761257936
2026-06-28 22:00:00.039000+00:00,1061.5680761257936
2026-06-28 23:00:00.013000+00:00,1061.5805761257936
2026-06-29 00:00:00.001000+00:00,1061.5930761257937
2026-06-29 01:00:00.041000+00:00,1061.6055761257937
2026-06-29 02:00:00.037000+00:00,1061.6180761257938
2026-06-29 03:00:00.024000+00:00,1061.6305761257938
2026-06-29 04:00:00.028000+00:00,1061.6430761257939
2026-06-29 05:00:00.033000+00:00,1061.655576125794
2026-06-29 06:00:00.084000+00:00,1061.668076125794
2026-06-29 07:00:00.013000+00:00,1061.680576125794
2026-06-29 08:00:00.021000+00:00,1061.706047025794
2026-06-29 09:00:00.032000+00:00,1061.7185470257941
2026-06-29 10:00:00.059000+00:00,1061.7332661257942
2026-06-29 11:00:00.002000+00:00,1061.7792588257942
2026-06-29 12:00:00.034000+00:00,1061.8470163257941
2026-06-29 13:00:00.037000+00:00,1061.9034451257942
2026-06-29 14:00:00.097000+00:00,1061.9926427257942
2026-06-29 15:00:00.041000+00:00,1062.0051427257943
2026-06-29 16:00:00.009000+00:00,1062.0176427257943
2026-06-29 17:00:00.026000+00:00,1062.0301427257943
2026-06-29 18:00:00.054000+00:00,1062.0426427257944
2026-06-29 19:00:00.032000+00:00,1062.0551427257944
2026-06-29 20:00:00.010000+00:00,1062.0676427257945
2026-06-29 21:00:00.059000+00:00,1062.0801427257945
2026-06-29 22:00:00.020000+00:00,1062.0926427257946
2026-06-29 23:00:00.049000+00:00,1062.1051427257946
2026-06-30 00:00:00.028000+00:00,1062.1176427257947
2026-06-30 01:00:00.022000+00:00,1062.1301427257947
2026-06-30 02:00:00.047000+00:00,1062.1426427257948
2026-06-30 03:00:00.041000+00:00,1062.1551427257948
2026-06-30 04:00:00.028000+00:00,1062.1676427257948
2026-06-30 05:00:00.052000+00:00,1062.180142725795
2026-06-30 06:00:00.065000+00:00,1062.192642725795
2026-06-30 07:00:00.042000+00:00,1062.205142725795
2026-06-30 08:00:00.071000+00:00,1062.217642725795
2026-06-30 09:00:00.015000+00:00,1062.230142725795
2026-06-30 10:00:00.034000+00:00,1062.2426427257951
2026-06-30 11:00:00.061000+00:00,1062.2551427257952
2026-06-30 12:00:00.037000+00:00,1062.2676427257952
2026-06-30 13:00:00.033000+00:00,1062.2801427257953
2026-06-30 14:00:00.043000+00:00,1062.2926427257953
2026-06-30 15:00:00.058000+00:00,1062.3051427257953
2026-06-30 16:00:00.010000+00:00,1062.3176427257954
2026-06-30 17:00:00.028000+00:00,1062.3301427257954
2026-06-30 18:00:00.014000+00:00,1062.3426427257955
2026-06-30 19:00:00.063000+00:00,1062.3551427257955
2026-06-30 20:00:00.065000+00:00,1062.3676427257956
2026-06-30 21:00:00.051000+00:00,1062.3801427257956
2026-06-30 22:00:00.045000+00:00,1062.3926427257957
2026-06-30 23:00:00.048000+00:00,1062.4051427257957
2026-07-01 00:00:00.063000+00:00,1062.4176427257958
2026-07-01 01:00:00.046000+00:00,1062.4301427257958
2026-07-01 02:00:00.018000+00:00,1062.4426427257958
2026-07-01 03:00:00.011000+00:00,1062.455142725796
2026-07-01 04:00:00.001000+00:00,1062.467642725796
2026-07-01 05:00:00+00:00,1062.480142725796
2026-07-01 06:00:00.001000+00:00,1062.492642725796
2026-07-01 07:00:00.022000+00:00,1062.505142725796
2026-07-01 08:00:00.065000+00:00,1062.5176427257961
2026-07-01 09:00:00.040000+00:00,1062.5301427257962
2026-07-01 10:00:00.048000+00:00,1062.5426427257962
2026-07-01 11:00:00.001000+00:00,1062.5976173257961
2026-07-01 12:00:00.044000+00:00,1062.6134238257962
2026-07-01 13:00:00.001000+00:00,1062.6259238257962
2026-07-01 14:00:00.006000+00:00,1062.6384238257963
2026-07-01 15:00:00.012000+00:00,1062.6509238257963
2026-07-01 16:00:00.045000+00:00,1062.6634238257964
2026-07-01 17:00:00.022000+00:00,1062.6759238257964
2026-07-01 18:00:00.061000+00:00,1062.6884238257965
2026-07-01 19:00:00.036000+00:00,1062.7009238257965
2026-07-01 20:00:00.005000+00:00,1062.7134238257966
2026-07-01 21:00:00.007000+00:00,1062.6367749257965
2026-07-01 22:00:00.086000+00:00,1062.6412835257966
2026-07-01 23:00:00.056000+00:00,1062.6537835257966
2026-07-02 00:00:00.074000+00:00,1062.6662835257966
2026-07-02 01:00:00.014000+00:00,1062.6787835257967
2026-07-02 02:00:00.020000+00:00,1062.6912835257967
2026-07-02 03:00:00.070000+00:00,1062.7037835257968
2026-07-02 04:00:00.033000+00:00,1062.7162835257968
2026-07-02 05:00:00.047000+00:00,1062.7287835257969
2026-07-02 06:00:00.007000+00:00,1062.741283525797
2026-07-02 07:00:00.011000+00:00,1062.753783525797
2026-07-02 08:00:00.014000+00:00,1062.766283525797
2026-07-02 09:00:00.010000+00:00,1062.778783525797
2026-07-02 10:00:00.006000+00:00,1062.791283525797
2026-07-02 11:00:00.037000+00:00,1062.8037835257971
2026-07-02 12:00:00.030000+00:00,1062.8162835257972
2026-07-02 13:00:00.027000+00:00,1062.8287835257972
2026-07-02 14:00:00.025000+00:00,1062.8412835257973
2026-07-02 15:00:00.055000+00:00,1062.8537835257973
2026-07-02 16:00:00.068000+00:00,1062.8662835257974
2026-07-02 17:00:00.026000+00:00,1062.9141899257975
2026-07-02 18:00:00.007000+00:00,1062.9507017257974
2026-07-02 19:00:00.044000+00:00,1062.9775764257975
2026-07-02 20:00:00.007000+00:00,1062.9900764257975
2026-07-02 21:00:00.031000+00:00,1063.0025764257975
2026-07-02 22:00:00.025000+00:00,1063.0150764257976
2026-07-02 23:00:00.029000+00:00,1063.0275764257976
2026-07-03 00:00:00.018000+00:00,1063.0472794257976
2026-07-03 01:00:00.017000+00:00,1063.0597794257976
2026-07-03 02:00:00.081000+00:00,1063.0722794257977
2026-07-03 03:00:00.031000+00:00,1063.0847794257977
2026-07-03 04:00:00.034000+00:00,1063.1035751257978
2026-07-03 05:00:00.012000+00:00,1063.1435681257979
2026-07-03 06:00:00.078000+00:00,1063.211530125798
2026-07-03 07:00:00.025000+00:00,1063.279250825798
2026-07-03 08:00:00.049000+00:00,1063.331628025798
2026-07-03 09:00:00.022000+00:00,1063.437133925798
2026-07-03 10:00:00.017000+00:00,1063.449633925798
2026-07-03 11:00:00.042000+00:00,1063.516004025798
2026-07-03 12:00:00.004000+00:00,1063.5995591257981
2026-07-03 13:00:00.007000+00:00,1063.621700425798
2026-07-03 14:00:00.011000+00:00,1063.689079825798
2026-07-03 15:00:00.026000+00:00,1063.701579825798
2026-07-03 16:00:00.062000+00:00,1063.7566776257981
2026-07-03 17:00:00.007000+00:00,1063.8116987257981
2026-07-03 18:00:00.046000+00:00,1063.8241987257982
2026-07-03 19:00:00.040000+00:00,1063.8376520257982
2026-07-03 20:00:00.014000+00:00,1063.8501520257983
2026-07-03 21:00:00.013000+00:00,1063.8626520257983
2026-07-03 22:00:00.049000+00:00,1063.8754772257982
2026-07-03 23:00:00.014000+00:00,1063.9185552257982
2026-07-04 00:00:00.014000+00:00,1063.9575131257982
2026-07-04 01:00:00.023000+00:00,1064.0281865257982
2026-07-04 02:00:00.022000+00:00,1064.0810468257982
2026-07-04 03:00:00.012000+00:00,1064.1463681257983
2026-07-04 04:00:00.074000+00:00,1064.1607949257982
2026-07-04 05:00:00.064000+00:00,1064.1732949257982
2026-07-04 06:00:00.006000+00:00,1064.1857949257983
2026-07-04 07:00:00.009000+00:00,1064.1982949257983
2026-07-04 08:00:00.041000+00:00,1064.2107949257984
2026-07-04 09:00:00.033000+00:00,1064.2232949257984
2026-07-04 10:00:00.068000+00:00,1064.2357949257985
2026-07-04 11:00:00.049000+00:00,1064.2482949257985
2026-07-04 12:00:00.014000+00:00,1064.2607949257986
2026-07-04 13:00:00.049000+00:00,1064.2732949257986
2026-07-04 14:00:00.051000+00:00,1064.2857949257987
2026-07-04 15:00:00.083000+00:00,1064.2982949257987
2026-07-04 16:00:00.074000+00:00,1064.3644759257986
2026-07-04 17:00:00.031000+00:00,1064.4602728257987
2026-07-04 18:00:00.016000+00:00,1064.5059822257988
2026-07-04 19:00:00.033000+00:00,1064.5184822257988
2026-07-04 20:00:00.036000+00:00,1064.5309822257989
2026-07-04 21:00:00.023000+00:00,1064.543482225799
2026-07-04 22:00:00.015000+00:00,1064.569541225799
2026-07-04 23:00:00.021000+00:00,1064.5838889257989
2026-07-05 00:00:00.077000+00:00,1064.6197093257988
2026-07-05 01:00:00.057000+00:00,1064.6763757257988
2026-07-05 02:00:00.021000+00:00,1064.7255598257989
2026-07-05 03:00:00.031000+00:00,1064.763743325799
2026-07-05 04:00:00.046000+00:00,1064.795848025799
2026-07-05 05:00:00.013000+00:00,1064.835503825799
2026-07-05 06:00:00.042000+00:00,1064.872095625799
2026-07-05 07:00:00.059000+00:00,1064.902807125799
2026-07-05 08:00:00.002000+00:00,1064.944098325799
2026-07-05 09:00:00.041000+00:00,1064.972099825799
2026-07-05 10:00:00.044000+00:00,1065.016962225799
2026-07-05 11:00:00.023000+00:00,1065.104851825799
2026-07-05 12:00:00.030000+00:00,1065.117351825799
2026-07-05 13:00:00.036000+00:00,1065.129851825799
2026-07-05 14:00:00.038000+00:00,1065.142351825799
2026-07-05 15:00:00.031000+00:00,1065.123653925799
2026-07-05 16:00:00.001000+00:00,1065.107494525799
2026-07-05 17:00:00.030000+00:00,1065.119994525799
2026-07-05 18:00:00.013000+00:00,1065.132494525799
2026-07-05 19:00:00.023000+00:00,1065.1449945257991
2026-07-05 20:00:00.039000+00:00,1065.1574945257992
2026-07-05 21:00:00.043000+00:00,1065.1699945257992
2026-07-05 22:00:00.042000+00:00,1065.1824945257993
2026-07-05 23:00:00.024000+00:00,1065.1949945257993
2026-07-06 00:00:00.026000+00:00,1065.2074945257993
2026-07-06 01:00:00.010000+00:00,1065.2199945257994
2026-07-06 02:00:00.061000+00:00,1065.2324945257994
2026-07-06 03:00:00.027000+00:00,1065.2511368257994
2026-07-06 04:00:00.055000+00:00,1065.3016923257994
2026-07-06 05:00:00.021000+00:00,1065.3635400257995
2026-07-06 06:00:00.057000+00:00,1065.4166531257995
2026-07-06 07:00:00.035000+00:00,1065.4580646257996
2026-07-06 08:00:00.012000+00:00,1065.4945069257997
2026-07-06 09:00:00.015000+00:00,1065.5070069257997
2026-07-06 10:00:00.027000+00:00,1065.5195069257998
2026-07-06 11:00:00.052000+00:00,1065.5320069257998
2026-07-06 12:00:00.006000+00:00,1065.5445069257999
2026-07-06 13:00:00.006000+00:00,1065.5570069258
2026-07-06 14:00:00.030000+00:00,1065.5695069258
2026-07-06 15:00:00.126000+00:00,1065.5820069258
2026-07-06 16:00:00.080000+00:00,1065.6086758258
2026-07-06 17:00:00.022000+00:00,1065.6452619258
2026-07-06 18:00:00.024000+00:00,1065.6583517258
2026-07-06 19:00:00.057000+00:00,1065.6708517258
2026-07-06 20:00:00.066000+00:00,1065.7116962258
2026-07-06 21:00:00.039000+00:00,1065.7719293258
2026-07-06 22:00:00.063000+00:00,1065.8694698258
2026-07-06 23:00:00.027000+00:00,1065.9797799258001
2026-07-07 00:00:00.045000+00:00,1066.0644277258002
2026-07-07 01:00:00.016000+00:00,1066.1250413258
2026-07-07 02:00:00.038000+00:00,1066.1628701258
2026-07-07 03:00:00.016000+00:00,1066.1888243258
2026-07-07 04:00:00.040000+00:00,1066.2417482258
2026-07-07 05:00:00.044000+00:00,1066.3012569257999
2026-07-07 06:00:00.057000+00:00,1066.3712849258
2026-07-07 07:00:00.030000+00:00,1066.4290436258
2026-07-07 08:00:00.059000+00:00,1066.4821076258
2026-07-07 09:00:00.050000+00:00,1066.5103048258
2026-07-07 10:00:00.014000+00:00,1066.5228048258
2026-07-07 11:00:00.093000+00:00,1066.5353048258
2026-07-07 12:00:00.031000+00:00,1066.5657318258
2026-07-07 13:00:00.060000+00:00,1066.6179828258
2026-07-07 14:00:00.064000+00:00,1066.6598497258
2026-07-07 15:00:00.094000+00:00,1066.6723497258001
2026-07-07 16:00:00.045000+00:00,1066.7558794258002
2026-07-07 17:00:00.069000+00:00,1066.8283931258002
2026-07-07 18:00:00.007000+00:00,1066.8956140258001
2026-07-07 19:00:00.045000+00:00,1066.9706268258
2026-07-07 20:00:00.007000+00:00,1066.9947323258
2026-07-07 21:00:00.010000+00:00,1067.0072323258
2026-07-07 22:00:00.012000+00:00,1067.0239618258001
2026-07-07 23:00:00.057000+00:00,1067.0838073258
2026-07-08 00:00:00.001000+00:00,1067.1340770258
2026-07-08 01:00:00.064000+00:00,1067.2217319258
2026-07-08 02:00:00.004000+00:00,1067.2786268258
2026-07-08 03:00:00.071000+00:00,1067.2911268258001
2026-07-08 04:00:00.037000+00:00,1067.3409315258002
2026-07-08 05:00:00.031000+00:00,1067.3800673258002
2026-07-08 06:00:00.060000+00:00,1067.4102495258
2026-07-08 07:00:00.053000+00:00,1067.4392386258
2026-07-08 08:00:00.050000+00:00,1067.5367948258001
2026-07-08 09:00:00.088000+00:00,1067.5755174258002
2026-07-08 10:00:00.012000+00:00,1067.7253864258003
2026-07-08 11:00:00.026000+00:00,1067.8945524258002
2026-07-08 12:00:00.007000+00:00,1068.0568190258002
2026-07-08 13:00:00.036000+00:00,1068.1283661258003
2026-07-08 14:00:00.017000+00:00,1068.1631429258002
2026-07-08 15:00:00.041000+00:00,1068.2216168258003
2026-07-08 16:00:00.052000+00:00,1068.4766848258002
2026-07-08 17:00:00.041000+00:00,1068.6652585258003
2026-07-08 18:00:00.123000+00:00,1068.7739357258004
2026-07-08 19:00:00.005000+00:00,1068.8389930258004
2026-07-08 20:00:00.010000+00:00,1068.8839417258005
2026-07-08 21:00:00.047000+00:00,1068.9034513258005
2026-07-08 22:00:00.056000+00:00,1068.9159513258005
2026-07-08 23:00:00.004000+00:00,1068.9284513258006
2026-07-09 00:00:00.002000+00:00,1068.9409513258006
2026-07-09 01:00:00.031000+00:00,1068.9534513258006
2026-07-09 02:00:00.080000+00:00,1068.9779490258006
2026-07-09 03:00:00.095000+00:00,1068.9904490258007
2026-07-09 04:00:00.024000+00:00,1069.0029490258007
2026-07-09 05:00:00.045000+00:00,1069.0154490258008
2026-07-09 06:00:00.066000+00:00,1069.0279490258008
2026-07-09 07:00:00.047000+00:00,1069.0404490258009
2026-07-09 08:00:00.032000+00:00,1069.052949025801
2026-07-09 09:00:00.034000+00:00,1069.065449025801
2026-07-09 10:00:00.040000+00:00,1069.092076325801
2026-07-09 11:00:00.063000+00:00,1069.1392665258008
2026-07-09 12:00:00.002000+00:00,1069.168856825801
2026-07-09 13:00:00+00:00,1069.1943911258008
2026-07-09 14:00:00.059000+00:00,1069.2349998258007
2026-07-09 15:00:00.019000+00:00,1069.2569924258007
2026-07-09 16:00:00.068000+00:00,1069.2694924258008
2026-07-09 17:00:00.028000+00:00,1069.2822364258009
2026-07-09 18:00:00.034000+00:00,1069.294736425801
2026-07-09 19:00:00.065000+00:00,1069.307236425801
2026-07-09 20:00:00.026000+00:00,1069.321173825801
2026-07-09 21:00:00.018000+00:00,1069.333673825801
2026-07-09 22:00:00.018000+00:00,1069.346173825801
2026-07-09 23:00:00.113000+00:00,1069.390659425801
2026-07-10 00:00:00.078000+00:00,1069.417782925801
2026-07-10 01:00:00.006000+00:00,1069.449733325801
2026-07-10 02:00:00.014000+00:00,1069.462233325801
2026-07-10 03:00:00.026000+00:00,1069.474733325801
2026-07-10 04:00:00.004000+00:00,1069.487233325801
2026-07-10 05:00:00.103000+00:00,1069.4997333258011
2026-07-10 06:00:00.056000+00:00,1069.5122333258012
2026-07-10 07:00:00.075000+00:00,1069.563382925801
2026-07-10 08:00:00.011000+00:00,1069.597204825801
2026-07-10 09:00:00.001000+00:00,1069.6097048258011
2026-07-10 10:00:00.010000+00:00,1069.6222048258012
2026-07-10 11:00:00.063000+00:00,1069.6347048258012
2026-07-10 12:00:00.048000+00:00,1069.6472048258013
2026-07-10 13:00:00.040000+00:00,1069.6603480258013
2026-07-10 14:00:00.038000+00:00,1069.6886732258013
2026-07-10 15:00:00.058000+00:00,1069.7011732258013
2026-07-10 16:00:00.002000+00:00,1069.7136732258014
2026-07-10 17:00:00.023000+00:00,1069.7400445258013
2026-07-10 18:00:00.023000+00:00,1069.7587084258014
2026-07-10 19:00:00.029000+00:00,1069.7712084258014
2026-07-10 20:00:00.039000+00:00,1069.8021532258015
2026-07-10 21:00:00.032000+00:00,1069.8711135258015
2026-07-10 22:00:00.008000+00:00,1069.8952944258015
2026-07-10 23:00:00.054000+00:00,1069.9591658258014
2026-07-11 00:00:00.046000+00:00,1069.9767426258013
2026-07-11 01:00:00.003000+00:00,1069.9892426258014
2026-07-11 02:00:00.086000+00:00,1070.0129581258013
2026-07-11 03:00:00.061000+00:00,1070.0277452258013
2026-07-11 04:00:00+00:00,1070.0695207258013
2026-07-11 05:00:00.014000+00:00,1070.0873951258013
2026-07-11 06:00:00.004000+00:00,1070.1139636258013
2026-07-11 07:00:00.002000+00:00,1070.1271824258013
2026-07-11 08:00:00.047000+00:00,1070.1396824258013
2026-07-11 09:00:00.015000+00:00,1070.1521824258014
2026-07-11 10:00:00.064000+00:00,1070.1646824258014
2026-07-11 11:00:00.007000+00:00,1070.1935121258014
2026-07-11 12:00:00.045000+00:00,1070.2429604258014
2026-07-11 13:00:00.057000+00:00,1070.2702715258013
2026-07-11 14:00:00.068000+00:00,1070.3070995258013
2026-07-11 15:00:00.046000+00:00,1070.3808155258014
2026-07-11 16:00:00.012000+00:00,1070.4052860258014
2026-07-11 17:00:00.042000+00:00,1070.4257950258013
2026-07-11 18:00:00.014000+00:00,1070.4382950258014
2026-07-11 19:00:00.040000+00:00,1070.4507950258014
2026-07-11 20:00:00.027000+00:00,1070.4632950258015
2026-07-11 21:00:00.018000+00:00,1070.4757950258015
2026-07-11 22:00:00.055000+00:00,1070.4882950258016
2026-07-11 23:00:00+00:00,1070.5007950258016
2026-07-12 00:00:00.016000+00:00,1070.5132950258017
2026-07-12 01:00:00.039000+00:00,1070.5257950258017
2026-07-12 02:00:00.006000+00:00,1070.5382950258017
2026-07-12 03:00:00.028000+00:00,1070.5507950258018
2026-07-12 04:00:00.023000+00:00,1070.5168357258017
2026-07-12 05:00:00.029000+00:00,1070.5293357258017
2026-07-12 06:00:00.033000+00:00,1070.5418357258018
2026-07-12 07:00:00.036000+00:00,1070.5543357258018
2026-07-12 08:00:00.016000+00:00,1070.5668357258019
2026-07-12 09:00:00.011000+00:00,1070.579335725802
2026-07-12 10:00:00.018000+00:00,1070.591835725802
2026-07-12 11:00:00.026000+00:00,1070.604335725802
2026-07-12 12:00:00.051000+00:00,1070.616835725802
2026-07-12 13:00:00.002000+00:00,1070.629335725802
2026-07-12 14:00:00.005000+00:00,1070.6418357258021
2026-07-12 15:00:00.049000+00:00,1070.6543357258022
2026-07-12 16:00:00.038000+00:00,1070.6668357258022
2026-07-12 17:00:00.033000+00:00,1070.7015899258022
2026-07-12 18:00:00.074000+00:00,1070.7140899258022
2026-07-12 19:00:00.028000+00:00,1070.7265899258023
2026-07-12 20:00:00.131000+00:00,1070.7390899258023
2026-07-12 21:00:00.020000+00:00,1070.7515899258024
2026-07-12 22:00:00.022000+00:00,1070.7640899258024
2026-07-12 23:00:00.070000+00:00,1070.7765899258025
2026-07-13 00:00:00.059000+00:00,1070.7890899258025
2026-07-13 01:00:00.019000+00:00,1070.8015899258025
2026-07-13 02:00:00.075000+00:00,1070.8140899258026
2026-07-13 03:00:00.046000+00:00,1070.8265899258026
2026-07-13 04:00:00.053000+00:00,1070.8390899258027
2026-07-13 05:00:00.041000+00:00,1070.8515899258027
2026-07-13 06:00:00.026000+00:00,1070.7643603258027
2026-07-13 07:00:00.058000+00:00,1070.7750473258027
2026-07-13 08:00:00.019000+00:00,1070.7875473258027
2026-07-13 09:00:00.001000+00:00,1070.8000473258028
2026-07-13 10:00:00.032000+00:00,1070.8125473258028
2026-07-13 11:00:00.001000+00:00,1070.8250473258029
2026-07-13 12:00:00.048000+00:00,1070.837547325803
2026-07-13 13:00:00.014000+00:00,1070.850047325803
2026-07-13 14:00:00.010000+00:00,1070.862547325803
2026-07-13 15:00:00.082000+00:00,1070.886648325803
2026-07-13 16:00:00.032000+00:00,1070.899148325803
2026-07-13 17:00:00.052000+00:00,1070.934340625803
2026-07-13 18:00:00.052000+00:00,1070.983693125803
2026-07-13 19:00:00.116000+00:00,1071.024726925803
2026-07-13 20:00:00.071000+00:00,1071.045788325803
2026-07-13 21:00:00.041000+00:00,1071.058288325803
2026-07-13 22:00:00.060000+00:00,1071.070788325803
2026-07-13 23:00:00.021000+00:00,1071.083288325803
2026-07-14 00:00:00.011000+00:00,1071.0957883258031
2026-07-14 01:00:00.018000+00:00,1071.1082883258032
2026-07-14 02:00:00.032000+00:00,1071.1207883258032
2026-07-14 03:00:00.017000+00:00,1071.1332883258033
2026-07-14 04:00:00.061000+00:00,1071.1457883258033
2026-07-14 05:00:00.064000+00:00,1071.1582883258034
2026-07-14 06:00:00.074000+00:00,1071.1707883258034
2026-07-14 07:00:00.044000+00:00,1071.1832883258035
2026-07-14 08:00:00.009000+00:00,1071.1957883258035
2026-07-14 09:00:00.061000+00:00,1071.2082883258036
2026-07-14 10:00:00.113000+00:00,1071.2207883258036
2026-07-14 11:00:00.030000+00:00,1071.2332883258036
2026-07-14 12:00:00.008000+00:00,1071.2457883258037
2026-07-14 13:00:00.028000+00:00,1071.2582883258037
2026-07-14 14:00:00.012000+00:00,1071.2707883258038
2026-07-14 15:00:00.038000+00:00,1071.2832883258038
2026-07-14 16:00:00.005000+00:00,1071.2957883258039
2026-07-14 17:00:00.042000+00:00,1071.308288325804
2026-07-14 18:00:00.013000+00:00,1071.320788325804
2026-07-14 19:00:00.021000+00:00,1071.333288325804
2026-07-14 20:00:00.027000+00:00,1071.345788325804
2026-07-14 21:00:00.003000+00:00,1071.358288325804
2026-07-14 22:00:00.007000+00:00,1071.3707883258041
2026-07-14 23:00:00.049000+00:00,1071.3832883258042
2026-07-15 00:00:00.046000+00:00,1071.3957883258042
2026-07-15 01:00:00.032000+00:00,1071.4082883258043
2026-07-15 02:00:00.028000+00:00,1071.4207883258043
2026-07-15 03:00:00.041000+00:00,1071.4332883258044
2026-07-15 04:00:00.005000+00:00,1071.4457883258044
2026-07-15 05:00:00.066000+00:00,1071.4582883258045
2026-07-15 06:00:00.025000+00:00,1071.4707883258045
2026-07-15 07:00:00.039000+00:00,1071.4832883258046
2026-07-15 08:00:00.024000+00:00,1071.5399999258045
2026-07-15 09:00:00.018000+00:00,1071.5940895258045
2026-07-15 10:00:00.013000+00:00,1071.6921423258045
2026-07-15 11:00:00.002000+00:00,1071.7905295258045
2026-07-15 12:00:00.055000+00:00,1071.8522850258043
2026-07-15 13:00:00.042000+00:00,1071.8651853258043
2026-07-15 14:00:00.050000+00:00,1071.8776853258044
2026-07-15 15:00:00.004000+00:00,1072.0766067258044
2026-07-15 16:00:00.009000+00:00,1072.1821212258044
2026-07-15 17:00:00.031000+00:00,1072.1946212258044
2026-07-15 18:00:00.023000+00:00,1072.2071212258045
2026-07-15 19:00:00.063000+00:00,1072.2477012258046
2026-07-15 20:00:00.068000+00:00,1072.2946921258047
2026-07-15 21:00:00.027000+00:00,1072.3490719258048
2026-07-15 22:00:00.016000+00:00,1072.4618879258048
2026-07-15 23:00:00.034000+00:00,1072.5874208258049
2026-07-16 00:00:00.034000+00:00,1072.629031825805
2026-07-16 01:00:00.054000+00:00,1072.658917725805
2026-07-16 02:00:00.027000+00:00,1072.671417725805
2026-07-16 03:00:00.033000+00:00,1072.683917725805
2026-07-16 04:00:00.056000+00:00,1072.696417725805
2026-07-16 05:00:00.122000+00:00,1072.7089177258051
2026-07-16 06:00:00.066000+00:00,1072.7214177258052
2026-07-16 07:00:00.042000+00:00,1072.7339177258052
2026-07-16 08:00:00.015000+00:00,1072.7540917258052
2026-07-16 09:00:00.017000+00:00,1072.7958138258052
2026-07-16 10:00:00.008000+00:00,1072.8153569258052
2026-07-16 11:00:00.020000+00:00,1072.8310597258053
2026-07-16 12:00:00.028000+00:00,1072.8712160258053
2026-07-16 13:00:00.050000+00:00,1072.8837160258054
2026-07-16 14:00:00.054000+00:00,1072.9181629258053
2026-07-16 15:00:00.016000+00:00,1072.9481196258052
2026-07-16 16:00:00.041000+00:00,1073.0050702258052
2026-07-16 17:00:00+00:00,1073.0197345258052
2026-07-16 18:00:00.011000+00:00,1073.0322345258053
2026-07-16 19:00:00.031000+00:00,1073.0447345258053
2026-07-16 20:00:00.030000+00:00,1073.0572345258054
2026-07-16 21:00:00.011000+00:00,1073.0697345258054
2026-07-16 22:00:00.008000+00:00,1073.0822345258055
2026-07-16 23:00:00.017000+00:00,1073.0947345258055
2026-07-17 00:00:00.018000+00:00,1073.1072345258056
2026-07-17 01:00:00.021000+00:00,1073.1197345258056
2026-07-17 02:00:00.001000+00:00,1073.1464871258056
2026-07-17 03:00:00.017000+00:00,1073.1633745258057
2026-07-17 04:00:00.041000+00:00,1073.2289396258057
2026-07-17 05:00:00.052000+00:00,1073.2579973258057
2026-07-17 06:00:00.032000+00:00,1073.2704973258058
2026-07-17 07:00:00.072000+00:00,1073.2829973258058
2026-07-17 08:00:00.065000+00:00,1073.336140925806
2026-07-17 09:00:00.031000+00:00,1073.348640925806
2026-07-17 10:00:00.070000+00:00,1073.479814325806
2026-07-17 11:00:00.020000+00:00,1073.659669825806
2026-07-17 12:00:00.011000+00:00,1073.701925225806
2026-07-17 13:00:00.060000+00:00,1073.749892925806
2026-07-17 14:00:00.111000+00:00,1073.770725325806
2026-07-17 15:00:00.050000+00:00,1073.7832253258061
2026-07-17 16:00:00.048000+00:00,1073.7957253258062
2026-07-17 17:00:00.062000+00:00,1073.8082253258062
2026-07-17 18:00:00.022000+00:00,1073.8313646258061
2026-07-17 19:00:00.025000+00:00,1073.8718560258062
2026-07-17 20:00:00.039000+00:00,1073.9528382258063
2026-07-17 21:00:00.065000+00:00,1074.2025179258062
2026-07-17 22:00:00.069000+00:00,1074.360925225806
2026-07-17 23:00:00.041000+00:00,1074.478803425806
2026-07-18 00:00:00.082000+00:00,1074.584448825806
