timestamp,ret
2000-08-31,0.0
2000-09-01,-0.0
2000-09-05,-0.0
2000-09-06,-0.0
2000-09-07,-0.0
2000-09-08,-0.0
2000-09-11,-0.0
2000-09-12,-0.0
2000-09-13,-0.0
2000-09-14,-0.0
2000-09-15,-0.0
2000-09-18,-0.0
2000-09-19,0.0
2000-09-20,-0.0
2000-09-21,0.0
2000-09-22,0.0
2000-09-25,0.0
2000-09-26,-0.0
2000-09-27,0.0
2000-09-28,-0.0
2000-09-29,-0.0
2000-10-02,-0.0
2000-10-03,-0.0
2000-10-04,-0.0
2000-10-05,0.0
2000-10-06,-0.0
2000-10-09,0.0
2000-10-10,0.0
2000-10-11,-0.0
2000-10-12,0.0
2000-10-13,-0.0
2000-10-16,-0.0
2000-10-17,-0.0
2000-10-18,-0.0
2000-10-19,-0.0
2000-10-20,0.0
2000-10-23,-0.0
2000-10-24,0.0
2000-10-25,-0.0
2000-10-26,-0.0
2000-10-27,-0.0
2000-10-30,-0.0
2000-10-31,0.0
2000-11-01,-0.0
2000-11-02,0.0
2000-11-03,0.0
2000-11-06,-0.0
2000-11-07,-0.0
2000-11-08,0.0
2000-11-09,0.0
2000-11-10,-0.0
2000-11-13,-0.0
2000-11-14,0.0
2000-11-15,0.0
2000-11-16,0.0
2000-11-17,-0.0
2000-11-20,0.0
2000-11-21,-0.0
2000-11-22,0.0
2000-11-27,0.0
2000-11-28,-0.0
2000-11-29,-0.0
2000-11-30,0.0
2000-12-01,0.0041262961888224245
2000-12-04,-0.007128207537551073
2000-12-05,0.0010613961597510666
2000-12-06,-0.013812594937919798
2000-12-07,0.0038403895914836243
2000-12-08,0.003505397816202878
2000-12-11,0.007036551676924478
2000-12-12,-0.0003543452537437627
2000-12-13,0.0060230468830065895
2000-12-14,-0.0014261505457321161
2000-12-15,-0.00498415900172987
2000-12-18,0.0024791227363439045
2000-12-19,-0.0
2000-12-20,-0.009942445018772237
2000-12-21,-0.004217326098267454
2000-12-22,-0.0
2000-12-26,-0.0013995762813428043
2000-12-27,-0.0038432981412618635
2000-12-28,0.01217972889877035
2000-12-29,-0.0010573820926769444
2001-01-02,0.012675128159633405
2001-01-03,0.0013587853123297087
2001-01-04,0.0024259274640658006
2001-01-05,-0.0024322805464292415
2001-01-08,-0.0
2001-01-09,0.0017327751142756566
2001-01-10,0.009721635715930637
2001-01-11,0.002456171251934528
2001-01-12,0.0003518273290602028
2001-01-16,0.0021116565304519666
2001-01-17,0.0003526550529555629
2001-01-18,-0.003528751588815148
2001-01-19,-0.0003514536973811567
2001-01-22,-0.007379558938546611
2001-01-23,0.0010458667690148766
2001-01-24,0.006282594506378636
2001-01-25,-0.0007028559906302405
2001-01-26,0.005969436754712139
2001-01-29,-0.0
2001-01-30,-0.00954217503559641
2001-01-31,-0.00034983960403724867
2001-02-01,-0.010140888204022086
2001-02-02,-0.0072681758541201175
2001-02-05,-0.007530230872768152
2001-02-06,-0.007584302131454963
2001-02-07,-0.002010245733783033
2001-02-08,-0.010875906415520064
2001-02-09,-0.0008140407082062427
2001-02-12,0.00325854438943403
2001-02-13,-0.0016243343556485413
2001-02-14,-0.0036601206393568815
2001-02-15,-0.01754798461227763
2001-02-16,0.01286417867920545
2001-02-20,-0.008609824167892294
2001-02-21,0.008680424257200734
2001-02-22,0.0012299212586341028
2001-02-23,0.009828326457420324
2001-02-26,0.01988160558229399
2001-02-27,0.006372306643608693
2001-02-28,-0.0023753316688491467
2001-03-01,-0.006348301348619713
2001-03-02,-0.012374253048752486
2001-03-05,0.0016155347986226587
2001-03-06,0.007207268165608767
2001-03-07,-0.005235287657280057
2001-03-08,-0.013880655566883376
2001-03-09,-0.018456439354821202
2001-03-12,-0.002679827541792151
2001-03-13,0.01603129767385805
2001-03-14,0.014619650044796359
2001-03-15,0.008639055429672636
2001-03-16,0.006628792391214124
2001-03-19,-0.005974640636257959
2001-03-20,-0.002444117309177893
2001-03-21,-0.004874992751085797
2001-03-22,0.002770788850691064
2001-03-23,-0.0013896391538128514
2001-03-26,-0.0013875135431824434
2001-03-27,0.003117163881732369
2001-03-28,0.004518084264912865
2001-03-29,0.0031436767260116043
2001-03-30,0.003154502473366092
2001-04-02,0.008089650494894178
2001-04-03,-0.004258624212183443
2001-04-04,-0.005043767815651789
2001-04-05,0.0009204472387539279
2001-04-06,-0.0058364935032346014
2001-04-09,0.0051840180773775136
2001-04-10,0.003069470259257584
2001-04-11,-0.004314034947157588
2001-04-12,-0.004290594863486647
2001-04-16,-0.009754273897138678
2001-04-17,0.0066245448178884735
2001-04-18,-0.0006072550937702942
2001-04-19,-0.012136917987539887
2001-04-20,0.0014942407971684708
2001-04-23,0.003293463848958018
2001-04-24,-0.0012026272217739262
2001-04-25,0.005103539072202246
2001-04-26,-0.006043019427888225
2001-04-27,0.0014993270590004516
2001-04-30,-0.0003004518909438277
2001-05-01,-0.001201260655539042
2001-05-02,-0.0029986541180009032
2001-05-03,-0.0026886017133412295
2001-05-04,0.0005619182516710595
2001-05-07,-0.0
2001-05-08,0.0029025035712861294
2001-05-09,-0.014275898404936541
2001-05-10,0.0025745032671962947
2001-05-11,0.0034442098431674006
2001-05-14,-0.0011531832033002166
2001-05-15,0.0005756880669759376
2001-05-16,-0.01123530200549162
2001-05-17,-0.004543289201999195
2001-05-18,-0.038956528300185665
2001-05-21,0.005374782424754705
2001-05-22,0.000811834065133013
2001-05-23,0.004063606812521171
2001-05-24,0.012255299387714367
2001-05-25,0.003320805695268954
2001-05-29,0.011394981207556717
2001-05-30,0.02284903867292596
2001-05-31,0.0011628202084015234
2001-06-01,-0.0032023995213653986
2001-06-04,0.0043488526786612655
2001-06-05,0.0005619716598947524
2001-06-06,0.0
2001-06-07,0.0006582449614303773
2001-06-08,0.016219044293540177
2001-06-11,-0.011728425780666405
2001-06-12,0.007834405895613383
2001-06-13,0.0010736820816506754
2001-06-14,0.007073249284177
2001-06-15,-0.008682616384818471
2001-06-18,0.0025796480003440103
2001-06-19,0.002140269395739541
2001-06-20,-0.00213244105103022
2001-06-21,0.00042808000548327194
2001-06-22,-0.0006416488716249946
2001-06-25,0.0029975298886850176
2001-06-26,0.005325258899653318
2001-06-27,-0.008654387658005757
2001-06-28,-0.005999400498142476
2001-06-29,0.0028144184590169685
2001-07-02,-0.0025854336490646695
2001-07-03,-0.003895359218883069
2001-07-05,-0.005180971130569972
2001-07-06,0.0016645234216464396
2001-07-09,0.001244668300559958
2001-07-10,-0.0006209014265193934
2001-07-11,0.004351334426857532
2001-07-12,-0.003494941243347951
2001-07-13,0.0010344896202418197
2001-07-16,-0.0004130464484539493
2001-07-17,0.0024800097496472644
2001-07-18,0.004732002825690399
2001-07-19,-0.0020399034415369333
2001-07-20,0.0010237377331807865
2001-07-23,-0.0022480631578867516
2001-07-24,0.0018468912924915774
2001-07-25,-0.0040903956483145255
2001-07-26,-0.0030907163970229474
2001-07-27,0.002486467781760013
2001-07-30,-0.00577578519361461
2001-07-31,0.0033354011765131847
2001-08-01,0.002486467781760013
2001-08-02,0.0
2001-08-03,0.0010351869966892617
2001-08-06,-0.0016585344536297
2001-08-07,0.0002079536032375368
2001-08-08,0.0014550035312470636
2001-08-09,0.011402598358547181
2001-08-10,0.0010157465248569106
2001-08-13,0.0036500493955784145
2001-08-14,0.001208678048103449
2001-08-15,-0.001206053446756445
2001-08-16,-0.0010072726927836393
2001-08-17,0.008274593413815685
2001-08-20,-0.006363417498998255
2001-08-21,-0.0022128018202848872
2001-08-22,-0.00020197966797819942
2001-08-23,0.0008081509273728865
2001-08-24,-0.00564889870594191
2001-08-27,0.00020383269245507156
2001-08-28,-0.0006112737430341372
2001-08-29,0.002855629294995578
2001-08-30,0.003449715405890474
2001-08-31,-0.002016740013441237
2001-09-04,-0.008029745337360795
2001-09-05,0.001132268922715173
2001-09-06,0.0028265527466861994
2001-09-07,0.0002816370960771902
2001-09-10,-0.004222751720521211
2001-09-14,0.05265132557877722
2001-09-17,-0.0010597784148157665
2001-09-18,-0.004509951578892996
2001-09-19,0.00907320802581642
2001-09-20,-0.006593673645786041
2001-09-21,0.007714810083276346
2001-09-24,-0.005794433440992899
2001-09-25,0.0021230530435773164
2001-09-26,0.007410303569149004
2001-09-27,-0.004193989214037341
2001-09-28,0.001844914442545382
2001-10-01,-0.0005258221445673018
2001-10-02,-0.006051695420983143
2001-10-03,0.001591231840257013
2001-10-04,0.0
2001-10-05,0.0023818775210657454
2001-10-08,0.0018510583282733942
2001-10-09,-0.006977652179769421
2001-10-10,-0.006456818706265771
2001-10-11,-0.007957482618946726
2001-10-12,0.006412689482488607
2001-10-15,-0.005729046272050652
2001-10-16,0.0004132432508747484
2001-10-17,0.002271448357970526
2001-10-18,-0.008639054074235887
2001-10-19,0.001879069152910467
2001-10-22,-0.00957334966109505
2001-10-23,0.0012695584398837118
2001-10-24,-0.0004222879779773592
2001-10-25,0.004014386161693711
2001-10-26,0.00020985190500423585
2001-10-29,0.0025171886136726553
2001-10-30,0.0031329253367845655
2001-10-31,-0.0022852096570906864
2001-11-01,0.00041715103147403995
2001-11-02,0.00020836276153745999
2001-11-05,-0.0027083838469720597
2001-11-06,0.0023308838280452523
2001-11-07,0.0025460782139855166
2001-11-08,-0.008187836929771784
2001-11-09,0.001187447871786853
2001-11-12,0.0017772890650680328
2001-11-13,-0.0009841963926935878
2001-11-14,0.0
2001-11-15,-0.005324190037433517
2001-11-16,-0.0007965035509566628
2001-11-19,-0.003988377603217349
2001-11-20,0.0006026197727559796
2001-11-21,-0.0002006729389848822
2001-11-26,-0.0012044176026624158
2001-11-27,0.001810637956469079
2001-11-28,0.0018046118366515649
2001-11-29,-0.0011991446519386785
2001-11-30,0.0008011631873113458
2001-12-03,0.0060000405295962895
2001-12-04,-0.002967517335969096
2001-12-05,-0.0033814679008725155
2001-12-06,0.0010007374200090501
2001-12-07,-0.0003365264715740389
2001-12-10,0.003507617884199343
2001-12-11,-0.0
2001-12-12,-0.003321890175123058
2001-12-13,-0.00020642064782427585
2001-12-14,-0.008459652726403233
2001-12-17,0.0006098441212238643
2001-12-18,-0.005494712512847264
2001-12-19,0.00987592069727359
2001-12-20,-0.0010256718962221468
2001-12-21,-0.004095255179843747
2001-12-26,-0.0034559487911389485
2001-12-27,0.00464728024837629
2001-12-28,0.0018335517489367595
2001-12-31,-0.004496659570871059
2002-01-02,-0.00040552095405648256
2002-01-03,0.0014183983897890463
2002-01-04,-0.001421967235431198
2002-01-07,0.0006078761900695917
2002-01-08,-0.0006085307321825287
2002-01-09,-0.009118513884323921
2002-01-10,-0.01195286536484543
2002-01-11,-0.0009350204555899125
2002-01-14,0.006227216601302558
2002-01-15,0.003135427560407642
2002-01-16,-0.009124692380819113
2002-01-17,0.009032588122775216
2002-01-18,0.0040903495431628195
2002-01-22,0.0050574604077497885
2002-01-23,0.009218694342494602
2002-01-24,0.0016059780814770554
2002-01-25,-0.0022523527711746628
2002-01-28,0.0016048261222803655
2002-01-29,-0.009967817836451854
2002-01-30,-0.0015899982693895328
2002-01-31,-0.0006349099988294864
2002-02-01,-0.012371192444195985
2002-02-04,-0.01032516572837914
2002-02-05,-0.027529195097707407
2002-02-06,0.002100625762756736
2002-02-07,-0.006617422312609353
2002-02-08,-0.01134608863235224
2002-02-11,-0.010253528732127431
2002-02-12,0.0015935187650574897
2002-02-13,-0.0034457482292476146
2002-02-14,0.0007986628655543123
2002-02-15,-0.0034572455535349135
2002-02-19,-0.01388898543594382
2002-02-20,-0.00244657100384314
2002-02-21,0.0024541042700974396
2002-02-22,0.0
2002-02-25,-0.001359169243420763
2002-02-26,0.0144317715937901
2002-02-27,-0.004546773224839153
2002-02-28,0.0010760250508432543
2002-03-01,0.0034921205559280866
2002-03-04,-0.003476886616014419
2002-03-05,-0.007252966666631829
2002-03-06,-0.0013554708801441493
2002-03-07,-0.009232887628549576
2002-03-08,0.0
2002-03-11,0.0027473866279078313
2002-03-12,0.0068448717005640015
2002-03-13,-6.04515385236508e-05
2002-03-14,-0.0063892406871433475
2002-03-15,-0.002727300846767215
2002-03-18,0.00547529881420172
2002-03-19,0.00172896441552123
2002-03-20,-0.0017248310702922475
2002-03-21,0.00172896441552123
2002-03-22,0.011088489789467634
2002-03-25,0.00024269596529865304
2002-03-26,-0.001940766764265951
2002-03-27,0.013622232428402995
2002-03-28,0.0009549702192794854
2002-04-01,0.0014305982096275431
2002-04-02,0.006424843389430621
2002-04-03,-0.0077833006491471205
2002-04-04,-0.0035764591424451
2002-04-05,-0.0023961840726118254
2002-04-08,0.0009616528025795859
2002-04-09,-0.0040816757849391734
2002-04-10,0.0070024823051662915
2002-04-11,0.001195709329957712
2002-04-12,-0.0002583494272681389
2002-04-15,-0.00513814925902953
2002-04-16,-0.002956659430780038
2002-04-17,0.008163429890893121
2002-04-18,0.0058721385810509156
2002-04-19,-0.005340411060202745
2002-04-22,0.001711608272672243
2002-04-23,0.00243946316368883
2002-04-24,0.0007294019034952879
2002-04-25,0.009230402674079098
2002-04-26,0.008396788814807307
2002-04-29,-0.0009488395962434568
2002-04-30,-0.005462967051617153
2002-05-01,0.000478603086945457
2002-05-02,-0.0019131005939069705
2002-05-03,0.009350411224474145
2002-05-06,-0.002367576264242984
2002-05-07,0.0009500591657561594
2002-05-08,-0.008065245155800949
2002-05-09,0.003117765993516038
2002-05-10,0.0035823457444154774
2002-05-13,-0.0011990755808430596
2002-05-14,-0.009145284716194626
2002-05-15,0.003921528784521315
2002-05-16,0.003067105681209463
2002-05-17,0.0022228024756598117
2002-05-20,0.014133560326594494
2002-05-21,0.00027258484119426337
2002-05-22,0.005996465270143636
2002-05-23,0.012180573446280115
2002-05-24,-0.005604968536723391
2002-05-28,0.009402814886923218
2002-05-29,0.003986232817646686
2002-05-30,0.00026453997428904164
2002-05-31,0.0026444255715426996
2002-06-03,0.0005272974335008234
2002-06-04,0.002898119148614005
2002-06-05,-0.017330685333252164
2002-06-06,0.00991531150390707
2002-06-07,-0.0007947604019125092
2002-06-10,-0.015645353480320704
2002-06-11,0.0027008487309939646
2002-06-12,0.0014639993380343322
2002-06-13,-0.006516340574111153
2002-06-14,0.003537531676923163
2002-06-17,-0.004276777474608969
2002-06-18,0.004552620352262329
2002-06-19,0.0015089057236061035
2002-06-20,0.008534832835169507
2002-06-21,0.0034773323468234607
2002-06-24,-0.0007419773776376506
2002-06-25,-0.01014905871397997
2002-06-26,0.000752096669320085
2002-06-27,-0.003256136983373845
2002-06-28,-0.014335218374552643
2002-07-01,0.0012803357902299256
2002-07-02,-0.003067944101955569
2002-07-03,-0.0048761482950819045
2002-07-08,0.0030985347922998455
2002-07-09,0.010288632166292071
2002-07-10,-0.0035554376312578223
2002-07-11,0.0063772681072064175
2002-07-12,-0.004049299227778182
2002-07-15,0.009989157180531566
2002-07-16,-0.005924489302948086
2002-07-17,0.0004973986463227486
2002-07-18,-0.000994246364763703
2002-07-19,0.017172637630128787
2002-07-22,-0.0007307018458052525
2002-07-23,-0.02657451180810427
2002-07-24,-0.0030276476178479348
2002-07-25,-0.004305678022081437
2002-07-26,-0.016298428246893197
2002-07-29,-0.0023403001358285112
2002-07-30,0.003129737015073133
2002-07-31,-0.0012988911457461102
2002-08-01,0.0020816212229709226
2002-08-02,0.007785656384579827
2002-08-05,0.0020558553101471594
2002-08-06,-0.005895280775293053
2002-08-07,0.022725760030489484
2002-08-08,-0.009789649084763279
2002-08-09,0.009658541420152558
2002-08-12,-0.0002511122331183567
2002-08-13,5.664951023983704e-05
2002-08-14,-0.004632792187859521
2002-08-15,0.0048629216503285715
2002-08-16,-0.001157770746444673
2002-08-19,-0.014887104457791714
2002-08-20,0.0053515262343641025
2002-08-21,-0.0021611843095399774
2002-08-22,-0.0019717280638809113
2002-08-23,0.0001978279747062783
2002-08-26,0.005339251560218709
2002-08-27,0.005684733903998655
2002-08-28,-0.005631945898013621
2002-08-29,0.006860900186071259
2002-08-30,-0.0009691651906597738
2002-09-03,0.0019414327027330266
2002-09-04,0.0029028569382386206
2002-09-05,0.006355899990483566
2002-09-06,0.0032402417179683506
2002-09-09,0.002654271036806244
2002-09-10,-0.006418015859904605
2002-09-11,-0.002480173782193552
2002-09-12,-0.005366857001666831
2002-09-13,0.004434600847575143
2002-09-16,-0.0009710522547327398
2002-09-17,0.00019391605689675869
2002-09-18,-0.006982766029186329
2002-09-19,-0.003835747272892491
2002-09-20,0.0013342117398725557
2002-09-23,-0.0021011528275873452
2002-09-24,-0.005520495714631005
2002-09-25,0.0069806962023073885
2002-09-26,0.0036259110377596256
2002-09-27,0.0011517551742362187
2002-09-30,-0.008077710043464421
2002-10-01,0.005695001338100822
2002-10-02,-0.0011496601421554869
2002-10-03,0.0007649902548979814
2002-10-04,-0.0019148872247365092
2002-10-07,0.0003818117457952755
2002-10-08,0.007067439865987677
2002-10-09,-0.002705262833051247
2002-10-10,0.005964022669196992
2002-10-11,-0.0013156893811601216
2002-10-14,0.0029623704715847072
2002-10-15,-0.010221043211693707
2002-10-16,0.002797592444034199
2002-10-17,-0.004774498655245952
2002-10-18,0.002205184461257755
2002-10-21,-0.0035958064818267716
2002-10-22,0.004219365326494845
2002-10-23,-0.0019957353439840537
2002-10-24,-0.002602747071025438
2002-10-25,0.0054283374154370494
2002-10-28,0.0035877752158882735
2002-10-29,0.0049545141059250866
2002-10-30,-0.0023594768388585084
2002-10-31,0.002960498401265367
2002-11-01,0.0015714607070013468
2002-11-04,-0.0009797132788359024
2002-11-05,-0.00019620253863471024
2002-11-06,-0.0013742087441830934
2002-11-07,0.005902347993703961
2002-11-08,0.0015592028231714598
2002-11-11,-0.0004262514478024465
2002-11-12,0.008702338547763828
2002-11-13,-0.015139501411404731
2002-11-14,-0.0021262632912296543
2002-11-15,0.0074605276835141955
2002-11-18,-0.003961790233164668
2002-11-19,-0.0015921792634237947
2002-11-20,-0.003190355496449908
2002-11-21,0.0
2002-11-22,0.008806607280563565
2002-11-25,-0.007659525599714645
2002-11-26,-0.00026646444996669596
2002-11-27,-0.0023995856337842352
2002-12-02,0.0021390156659762795
2002-12-03,0.006934147248682268
2002-12-04,0.005290635551531938
2002-12-05,0.006835069136375226
2002-12-06,0.003911780245963212
2002-12-09,-0.001297932601562261
2002-12-10,-0.005979621045651247
2002-12-11,0.003403801173378716
2002-12-12,0.018664513262508755
2002-12-13,0.005003031729922747
2002-12-16,0.010504757305672952
2002-12-17,0.0010932822419713903
2002-12-18,0.012831066206620709
2002-12-19,0.010231467991915369
2002-12-20,-0.014379756930617115
2002-12-23,0.0124437168970475
2002-12-24,0.004537410868843276
2002-12-26,0.005577637866310686
2002-12-27,0.0007920555285122892
2002-12-30,-0.015299031710182572
2002-12-31,0.011265723810893425
2003-01-02,-0.003974846062819816
2003-01-03,0.013573064699509224
2003-01-06,0.001311367186477796
2003-01-07,-0.01152368910986447
2003-01-08,0.017504447177418916
2003-01-09,-0.0015616508555665123
2003-01-10,0.003128605985558701
2003-01-13,0.0005196956634951636
2003-01-14,-0.006045570477854366
2003-01-15,-0.002888062219715128
2003-01-16,0.015608896237101497
2003-01-17,-0.0024048393771222295
2003-01-21,0.0015350243459545652
2003-01-22,0.005252820892624144
2003-01-23,0.010435412355849967
2003-01-24,0.00793808159712747
2003-01-27,0.002548594580051388
2003-01-28,0.0012701900865077578
2003-01-29,-0.007820083086899948
2003-01-30,0.004910258135132005
2003-01-31,-0.0006365057885979089
2003-02-03,0.0053082117473360274
2003-02-04,0.01729357263322431
2003-02-05,-0.0053646956928770076
2003-02-06,-0.013088806123061078
2003-02-07,-0.0004226173713283835
2003-02-10,-0.01310738383070974
2003-02-11,-0.0025801935356341153
2003-02-12,-0.0213568329410521
2003-02-13,0.008516820781256925
2003-02-14,-0.009738693536395813
2003-02-18,-0.01384723248525585
2003-02-19,0.010479851526178018
2003-02-20,0.005787623225173882
2003-02-21,-0.0023299376263473197
2003-02-24,0.00809485817901807
2003-02-25,-0.007104552608302781
2003-02-26,0.0030537393289406826
2003-02-27,-0.014122645063555433
2003-02-28,0.007496791749734091
2003-03-03,-0.001807075899041047
2003-03-04,0.007249003204822447
2003-03-05,-0.00017918363686196694
2003-03-06,0.006631234718091515
2003-03-07,-0.01064189501492473
2003-03-10,0.007035586497869503
2003-03-11,-0.007493451484617716
2003-03-12,-0.007222116997468746
2003-03-13,-0.019359557525860112
2003-03-14,0.0011304158099971447
2003-03-17,0.0008270700358845595
2003-03-18,0.0007584452284407007
2003-03-19,-0.0022719658161807856
2003-03-20,-0.004868510311063204
2003-03-21,-0.010598585285004796
2003-03-24,0.005489887232993188
2003-03-25,-0.0017070752093934936
2003-03-26,0.0029584350894668967
2003-03-27,-0.002476953066588285
2003-03-28,0.0
2003-03-31,0.011200686743701628
2003-04-01,-0.0024357046367908743
2003-04-02,-0.007189071197895253
2003-04-03,-0.007291632203180846
2003-04-04,0.0006295303039606634
2003-04-07,-0.0059732560822745055
2003-04-08,0.001113365130888603
2003-04-09,0.005395920772394557
2003-04-10,0.0017275223309311644
2003-04-11,0.001878185346851292
2003-04-14,-0.005769937989152174
2003-04-15,-0.0018940434451630412
2003-04-16,-0.0014647846130143491
2003-04-17,-0.0022723145724671333
2003-04-21,-0.010181465757719563
2003-04-22,-0.0014270120294693242
2003-04-23,0.004585796000989691
2003-04-24,-0.005263961556081808
2003-04-25,0.0022111826450070247
2003-04-28,-0.001744670491103941
2003-04-29,0.0012646523234657932
2003-04-30,-0.008556988624296854
2003-05-01,-0.004678184711933963
2003-05-02,0.0017003014343982296
2003-05-05,-0.0020158991581456704
2003-05-06,-0.000308982246652636
2003-05-07,0.0009263583076119392
2003-05-08,-0.010053057621607915
2003-05-09,-0.00030357239124647115
2003-05-12,-0.004550695457816861
2003-05-13,0.0024063382455252746
2003-05-14,-0.0034748926696697283
2003-05-15,-0.0005449725042681856
2003-05-16,-0.003520712009990408
2003-05-19,-0.015832688310286776
2003-05-20,-0.003408525519941661
2003-05-21,-0.009198799264383255
2003-05-22,0.006197453083634816
2003-05-23,-0.0011241211402216976
2003-05-27,0.0016028813000370681
2003-05-28,0.004178783004146001
2003-05-29,-0.0071221899291210216
2003-05-30,0.008157009843308033
2003-06-02,-0.002432685612704782
2003-06-03,0.001292095265064403
2003-06-04,0.0042085824939229995
2003-06-05,-0.009781730732544187
2003-06-06,0.007858369785772434
2003-06-09,0.003088219251801643
2003-06-10,0.0156853365301175
2003-06-11,-0.005538794176943368
2003-06-12,0.003658286764129893
2003-06-13,-0.005521600578473336
2003-06-16,0.0032772934891652805
2003-06-17,0.007055880396671259
2003-06-18,-0.009963237944900144
2003-06-19,0.00692253104434248
2003-06-20,-0.008346360977651191
2003-06-23,-0.005585880395154771
2003-06-24,-0.011447113660270673
2003-06-25,0.005224730393829266
2003-06-26,-0.009323732498208476
2003-06-27,0.002279882198841838
2003-06-30,0.0013976797215370163
2003-07-01,0.009412657941644866
2003-07-02,-0.00017164053646467903
2003-07-03,-0.0005150158021314954
2003-07-07,-0.004982933299540115
2003-07-08,-0.006930284553788448
2003-07-09,-0.0008763557296869011
2003-07-10,0.0012286512397290312
2003-07-11,0.0008758467110821926
2003-07-14,0.005072587167795898
2003-07-15,-0.009713570595822254
2003-07-16,0.0017102088519964545
2003-07-17,0.0018867400598753226
2003-07-18,0.005129181590418566
2003-07-21,0.006271299537295086
2003-07-22,-0.0005031041777749121
2003-07-23,0.013428137176646496
2003-07-24,0.005907866132260675
2003-07-25,0.0008123800416591965
2003-07-28,0.003407252956287999
2003-07-29,-0.00500081927602706
2003-07-30,-0.008948533485837962
2003-07-31,-0.0036347024361286563
2003-08-01,-0.013132916870179343
2003-08-04,0.005271068297918839
2003-08-05,0.0006740883411497357
2003-08-06,0.0020199512544208133
2003-08-07,0.0028518729359326223
2003-08-08,0.006343965049504649
2003-08-11,0.008919029848785091
2003-08-12,-0.005206439343583498
2003-08-13,0.005909514173186671
2003-08-14,0.006251829357624145
2003-08-15,-0.004444108020068479
2003-08-18,-0.007677266095059355
2003-08-19,0.005186724678065577
2003-08-20,0.006426005843426749
2003-08-21,-0.00794462429366879
2003-08-22,0.004027391349269178
2003-08-25,-0.0028797860306034313
2003-08-26,0.007235259644480835
2003-08-27,0.012228052114432923
2003-08-28,-0.004665951309647294
2003-08-29,0.00815315511218258
2003-09-02,-0.003865523816718516
2003-09-03,0.0010895686134469308
2003-09-04,-0.0015536532429361722
2003-09-05,0.007321771372289233
2003-09-08,-0.003846073415394988
2003-09-09,0.010221316113970228
2003-09-10,-0.002587256102441974
2003-09-11,-0.0004585952374140547
2003-09-12,-0.005966728385459958
2003-09-15,-0.002079049919289016
2003-09-16,-0.0015965946772759597
2003-09-17,0.0043223668187768825
2003-09-18,0.0006357422260834748
2003-09-19,0.008255967806182613
2003-09-22,0.008456804915816643
2003-09-23,-0.002007523353445938
2003-09-24,0.0024790961264517268
2003-09-25,-0.0038575787525151053
2003-09-26,-0.006522833939669876
2003-09-29,0.002512298347516425
2003-09-30,0.004690831978426016
2003-10-01,-0.0017065927274593177
2003-10-02,-0.0018670276409844281
2003-10-03,-0.021382343120187722
2003-10-06,0.005341533602712376
2003-10-07,0.007219375078487066
2003-10-08,-0.0028533281692720235
2003-10-09,-0.009875125980585072
2003-10-10,0.007125853122391634
2003-10-13,0.0025607151082365017
2003-10-14,0.0007413471505823984
2003-10-15,-0.004699939441712732
2003-10-16,0.00015288137185931147
2003-10-17,-0.0013755165042928545
2003-10-20,0.0033704403218830768
2003-10-21,0.011727102844961175
2003-10-22,0.007162899890698429
2003-10-23,-0.00265271738727412
2003-10-24,0.006218650070519525
2003-10-27,-0.0014646470663875343
2003-10-28,-0.0069015607572911145
2003-10-29,0.005351123369106434
2003-10-30,-0.0036814972411755723
2003-10-31,0.0002964538220000652
2003-11-03,-0.011110557253159164
2003-11-04,0.004381538741241261
2003-11-05,0.004048250362808402
2003-11-06,-0.0029775286256766087
2003-11-07,0.004040759013687157
2003-11-10,0.004903977473682773
2003-11-11,0.0022100409707162426
2003-11-12,0.010589011434199495
2003-11-13,-0.0012267732187751631
2003-11-14,0.005685402113585453
2003-11-17,-0.00959053856143694
2003-11-18,0.009435535578185392
2003-11-19,-0.004112324703598226
2003-11-20,-0.0018401598281627112
2003-11-21,0.0035377582806048907
2003-11-24,-0.006881535921613502
2003-11-25,-0.0006187135844274209
2003-11-26,0.008825792063412375
2003-12-01,0.009004305304857319
2003-12-02,0.0015037872926376677
2003-12-03,0.0002999849892150706
2003-12-04,-0.000899600887074486
2003-12-05,0.004654814659992807
2003-12-08,0.00029803746632476436
2003-12-09,0.0023829905050565528
2003-12-10,-0.0029670511660585294
2003-12-11,-0.0023853370871067085
2003-12-12,0.007184264303423968
2003-12-15,-0.000310947266032882
2003-12-16,-0.0022720672539412057
2003-12-17,0.006537204329431521
2003-12-18,-0.00240707700889643
2003-12-19,-0.0018123114528686732
2003-12-22,0.002120586858613198
2003-12-23,0.0006038095454942346
2003-12-24,0.0019604826978423997
2003-12-29,0.0037583069592312304
2003-12-30,0.00313795985692662
2003-12-31,-0.0017840552172819404
2004-01-05,0.012971908085366963
2004-01-06,-0.0023367477425251647
2004-01-07,-0.0013193807990861688
2004-01-08,0.003085152237919548
2004-01-09,0.003508405975933585
2004-01-12,-0.00014537002932606848
2004-01-13,-0.003780241200497142
2004-01-14,-0.0029257491031765134
2004-01-15,-0.019548533673159608
2004-01-16,-0.002580025973618251
2004-01-20,0.009864393541723141
2004-01-21,-0.0025998703648886
2004-01-22,-0.0017943706115439479
2004-01-23,-0.0034347982763287127
2004-01-26,-0.002137224339566182
2004-01-27,0.005607577604853171
2004-01-28,0.007360260628577817
2004-01-29,-0.025885704180925066
2004-01-30,0.006226433687882081
2004-02-02,-0.0058356669879255
2004-02-03,0.000840985080769097
2004-02-04,0.003023733767841198
2004-02-05,-0.00484972649972738
2004-02-06,0.009264778510691414
2004-02-09,0.005316929051204393
2004-02-10,-0.0006593818205433834
2004-02-11,0.006270418573605318
2004-02-12,0.005721855836014054
2004-02-13,-0.005511388654135652
2004-02-17,0.009316200307624405
2004-02-18,-0.0059645043861081826
2004-02-19,-0.003769338978312842
2004-02-20,-0.018504764291481866
2004-02-23,0.0023265101109689137
2004-02-24,0.008498467385306194
2004-02-25,-0.013260263502548707
2004-02-26,0.0
2004-02-27,0.0009346106165334432
2004-03-01,0.004510391737734055
2004-03-02,-0.00895526827932465
2004-03-03,-0.001723459873744592
2004-03-04,0.0007855825547863689
2004-03-05,0.0131809819915909
2004-03-08,-0.0010753958380237249
2004-03-09,0.005540425299598903
2004-03-10,-0.00640626719754831
2004-03-11,0.0010789378788171843
2004-03-12,-0.008308587270420725
2004-03-15,0.006394528400194721
2004-03-16,0.004630885244078573
2004-03-17,0.0068945411267677835
2004-03-18,0.006363758462255626
2004-03-19,0.0018323615475130271
2004-03-22,0.006525093618978318
2004-03-23,0.003158441662912555
2004-03-24,-0.003402060317292687
2004-03-25,-0.0006583257654963929
2004-03-26,0.007118441440688236
2004-03-29,-0.006506835191419827
2004-03-30,0.006058057242437
2004-03-31,0.007294536151371839
2004-04-01,0.0006427650953605151
2004-04-02,-0.00796094823479031
2004-04-05,-0.008078060417171606
2004-04-06,0.004628249037211332
2004-04-07,0.005114094328574657
2004-04-08,-0.003767708359072703
2004-04-12,0.0002616530458815503
2004-04-13,-0.01712907737222144
2004-04-14,-0.009717487361146637
2004-04-15,-0.002885271129288956
2004-04-16,0.0045579744878074145
2004-04-19,-0.0005479288309649875
2004-04-20,0.003132474281128983
2004-04-21,0.009021854710556037
2004-04-22,-0.003326490388865979
2004-04-23,-0.0023798730762796005
2004-04-26,-0.0011844952775784266
2004-04-27,-0.003414129478046275
2004-04-28,0.017220185981606344
2004-04-29,-0.0016191040765835408
2004-04-30,-0.0005380124351903962
2004-05-03,-0.0
2004-05-04,-0.005912101953767494
2004-05-05,-0.002657112771863999
2004-05-06,0.007137723591810253
2004-05-07,0.012463828332186854
2004-05-10,0.0005492777213394004
2004-05-11,0.0019243790525092644
2004-05-12,-0.0006898341334117067
2004-05-13,0.003582393468922987
2004-05-14,-0.0030522937562363524
2004-05-17,-0.0034482557118362483
2004-05-18,0.005069815822385552
2004-05-19,-0.010451434012227857
2004-05-20,0.006489039637267854
2004-05-21,-0.009338598667722261
2004-05-24,-0.0011479372536502175
2004-05-25,-0.0038661353963315532
2004-05-26,-0.0
2004-05-27,-0.00938491260947973
2004-05-28,0.0012583623326274612
2004-06-01,-0.0008408387521839528
2004-06-02,0.005457077384277885
2004-06-03,0.0036743812420955385
2004-06-04,-0.003983508617687768
2004-06-07,-0.004096233385149865
2004-06-08,0.003925850093349479
2004-06-09,0.009178883798678848
2004-06-10,-0.0020104027553160676
2004-06-14,0.0032908192717769702
2004-06-15,-0.006477198117753497
2004-06-16,0.004979407480603633
2004-06-17,-0.006173212238674958
2004-06-18,-0.008802537438663426
2004-06-21,0.0015361911231713214
2004-06-22,-0.0014005971042171073
2004-06-23,-0.0
2004-06-24,-0.011316123965907617
2004-06-25,0.0002738124197750978
2004-06-28,0.002602342119546295
2004-06-29,0.011697256114770488
2004-06-30,-0.0001406035516975063
2004-07-01,-0.004779002759820087
2004-07-02,-0.0032050867665941213
2004-07-06,0.007897190481161347
2004-07-07,-0.013634212494332104
2004-07-08,-0.007544355001075278
2004-07-09,0.00040594371359386875
2004-07-12,-0.0008125264382136333
2004-07-13,0.008248464587272221
2004-07-14,-0.004667255006651934
2004-07-15,0.001633429246270645
2004-07-16,-0.0032765987471919437
2004-07-19,0.0013571944190306727
2004-07-20,0.005034016676707855
2004-07-21,-0.007512577651731472
2004-07-22,-0.0027429290060246372
2004-07-23,-0.006817800541924387
2004-07-26,-0.00029362817030038495
2004-07-27,-0.004847033827605489
2004-07-28,0.0029626563960853387
2004-07-29,-0.0029474242295245544
2004-07-30,0.005925312792170804
2004-08-02,0.0010263396593953027
2004-08-03,0.0033661557059312067
2004-08-04,-0.0026190005705145755
2004-08-05,0.00014613310436725215
2004-08-06,0.010959865482045222
2004-08-09,0.0012905468311145728
2004-08-10,-0.0010014943713458414
2004-08-11,-0.006449332642228342
2004-08-12,-0.0017394078714154273
2004-08-13,0.006687963577942381
2004-08-16,0.0057485487231296725
2004-08-17,0.002134303876869007
2004-08-18,-0.00014176780691501473
2004-08-19,0.004537215666017953
2004-08-20,0.009928146204350882
2004-08-23,-0.004329566408263142
2004-08-24,-0.012105621901461982
2004-08-25,0.008056186217747861
2004-08-26,-0.0008121856443422592
2004-08-27,-0.006668105899869113
2004-08-30,0.007393044296001055
2004-08-31,0.004224410976864351
2004-09-01,-0.0025831718368035644
2004-09-02,-0.0045382066431571486
2004-09-03,-0.008975851510024856
2004-09-07,-0.005128602407410197
2004-09-08,0.0033345800146772
2004-09-09,-0.0014930368049701145
2004-09-10,0.005653127948914308
2004-09-13,0.003626987796747624
2004-09-14,0.00262344392488369
2004-09-15,-0.0011432457513182745
2004-09-16,-0.0004907807987026356
2004-09-17,0.0018008968231665666
2004-09-20,-0.000819340473048193
2004-09-21,0.004916433183672184
2004-09-22,-0.0017894071006524254
2004-09-23,0.0060352778629189216
2004-09-24,-0.0045261139165178365
2004-09-27,0.0016275670011644248
2004-09-28,0.0055201913049661
2004-09-29,0.000805103155283755
2004-09-30,0.009167084009092793
2004-10-01,0.00126907083583042
2004-10-04,-0.008708356536591208
2004-10-05,0.006738382949496809
2004-10-06,0.000317622799364869
2004-10-07,-0.0006349904185052127
2004-10-08,0.008104008564289751
2004-10-11,-0.0017268616329397981
2004-10-12,-0.01086029776643605
2004-10-13,-0.0030402195214032594
2004-10-14,0.007876634450792515
2004-10-15,0.0009531932792737516
2004-10-18,-0.003965906876906547
2004-10-19,0.007598747558998156
2004-10-20,0.0059220279727908295
2004-10-21,0.0016529676203314865
2004-10-22,0.0003665720345294979
2004-10-25,0.008060282711682671
2004-10-26,-0.003988834295698695
2004-10-27,-0.0036448846957146744
2004-10-28,0.0005493403025688341
2004-10-29,0.006221071933162128
2004-11-01,-0.0021782766418572963
2004-11-02,-0.013288239601298126
2004-11-03,0.008518974423317793
2004-11-04,0.010075367365776683
2004-11-05,0.0063296076789892426
2004-11-08,-0.0016144644311727803
2004-11-09,0.005392778020861771
2004-11-10,-0.0030348879731428324
2004-11-11,0.0016129764682268025
2004-11-12,0.0053654981563695395
2004-11-15,-0.0015986110914993456
2004-11-16,0.0056957168985666135
2004-11-17,0.008301663646733575
2004-11-18,-0.0039336659743473635
2004-11-19,0.007547083606368573
2004-11-22,0.003560082176206686
2004-11-23,-0.0017721086409708963
2004-11-24,0.002664099011107883
2004-11-29,0.0077886440962429675
2004-11-30,-0.004207169876873545
2004-12-01,0.0047582097828146866
2004-12-02,-0.006306531421652753
2004-12-03,0.009888565716377654
2004-12-06,-0.0031394089847793754
2004-12-07,-0.003852309118576857
2004-12-08,-0.02604150635115446
2004-12-09,-0.002546822179711584
2004-12-10,-0.0034674337478025727
2004-12-13,0.00916481156514277
2004-12-14,-0.00543624297673027
2004-12-15,0.008940295133836304
2004-12-16,-0.00703664324803295
2004-12-17,0.008555790208267843
2004-12-20,0.001236346920567448
2004-12-21,-0.0009603094890392585
2004-12-22,-0.0024040097451717775
2004-12-23,0.0025730227743494317
2004-12-27,0.0052876538687789965
2004-12-28,-0.0014314289191695061
2004-12-29,-0.013227318671476468
2004-12-30,0.0024359896240161412
2005-01-03,-0.014242121180101434
2005-01-04,-0.0003303495127115635
2005-01-05,-0.0031395835426575066
2005-01-06,-0.009294762718227552
2005-01-07,-0.0035319059101206296
2005-01-10,0.0003380779235987107
2005-01-11,0.004730522746688763
2005-01-12,0.007048743349949378
2005-01-13,-0.002658769959890242
2005-01-14,-0.0030023583697590486
2005-01-18,0.0008375454975153225
2005-01-19,-0.0003346428072945442
2005-01-20,-0.0010043520380370998
2005-01-21,0.007274277291567963
2005-01-24,0.00033507124116381927
2005-01-25,-0.008206140853913817
2005-01-26,0.008301425309121995
2005-01-27,-0.0010048450472948235
2005-01-28,-0.0008385409203087113
2005-01-31,-0.006716204684633511
2005-02-01,-0.0016949738949113401
2005-02-02,0.0005097316720984219
2005-02-03,-0.007640061292311341
2005-02-04,-0.004461949720810198
2005-02-07,-0.0006907527140723313
2005-02-08,-0.001728578234121371
2005-02-09,0.0005198091613856731
2005-02-10,0.007445519495210945
2005-02-11,0.005655064953686073
2005-02-14,0.009011113208265004
2005-02-15,0.00016791536523085953
2005-02-16,-0.0006714525187231132
2005-02-17,0.0030244023864509488
2005-02-18,-0.0003346007647537672
2005-02-22,-0.013644190620716068
2005-02-23,-0.0006830842751093785
2005-02-24,0.0006824560167864541
2005-02-25,-0.0006830842751093785
2005-02-28,-0.0027298761352021915
2005-03-01,0.006119693806667306
2005-03-02,0.00017141531884817357
2005-03-03,0.0049718789702351525
2005-03-04,-0.007421873879726043
2005-03-07,-0.001367112432938065
2005-03-08,-0.009040580476399107
2005-03-09,-0.003033464757059978
2005-03-10,-0.001174834963619863
2005-03-11,-0.0056975105681823885
2005-03-14,0.008481092933966419
2005-03-15,0.00033645744482587727
2005-03-16,-0.0047122842828344344
2005-03-17,0.008361636191370068
2005-03-18,-0.0010147910684208076
2005-03-21,0.013850402535697135
2005-03-22,-0.0003442095441148794
2005-03-23,0.011347619579798133
2005-03-24,0.0009463650649900668
2005-03-28,-0.00227391543528235
2005-03-29,-0.00018897346943438822
2005-03-31,-0.005100797617107329
2005-04-01,0.0052564112904158
2005-04-04,0.0037792387222609193
2005-04-05,-0.0011391324454292089
2005-04-06,-0.0049292249361814625
2005-04-07,0.0011305975878345338
2005-04-08,-0.0007547728902869131
2005-04-11,-0.0032048510894271977
2005-04-12,0.001877715499093472
2005-04-13,-0.0031995470785308217
2005-04-14,0.00993564251426539
2005-04-15,-0.001708266686069498
2005-04-18,-0.004924584644542957
2005-04-19,-0.01016574271244005
2005-04-20,-0.004461742697352651
2005-04-21,0.004252250491340122
2005-04-22,-0.0024162025695169268
2005-04-25,-0.0003014700965720391
2005-04-26,0.006764400524992151
2005-04-27,-0.009968442525143768
2005-04-29,0.00411480073362055
2005-05-02,-0.011263675801284415
2005-05-03,-0.0058076398836643065
2005-05-04,0.004801861007740586
2005-05-05,0.0016612415206901673
2005-05-06,-0.007669020263499889
2005-05-09,0.00020908442138046826
2005-05-10,0.0020902260284219524
2005-05-11,0.0
2005-05-12,-0.011677878521144424
2005-05-13,-0.0029582320848227693
2005-05-16,-0.002756132662693571
2005-05-17,0.0010633258197767885
2005-05-18,0.004460657172412574
2005-05-19,-0.0021135334729035795
2005-05-20,-0.006567548037367354
2005-05-23,-0.0017074092544257272
2005-05-24,0.0019245402636965544
2005-05-25,-0.0039198869992162575
2005-05-26,0.0017777118566233696
2005-05-27,-0.004007540751688803
2005-05-31,0.007759081112314483
2005-06-01,0.002235518514632949
2005-06-02,-0.016582725181539068
2005-06-03,-0.002201670933231191
2005-06-06,-0.006150102170130005
2005-06-07,0.0037095196296092125
2005-06-08,0.00021902522328450086
2005-06-09,0.0010956514052311653
2005-06-10,-0.007020393990540065
2005-06-13,-0.004137160441522777
2005-06-14,0.0039020546979698645
2005-06-15,-0.0034831340556225458
2005-06-16,-0.015398728808510488
2005-06-17,-0.004480363407131942
2005-06-20,-0.00021234386457160112
2005-06-21,-0.0010614123441027414
2005-06-22,0.0016962991893522104
2005-06-23,-0.0076474147975526775
2005-06-24,-0.003735506807478258
2005-06-27,-0.00045248324063180544
2005-06-28,-0.008826878786399532
2005-06-30,-0.001141766186812886
2005-07-01,-0.018517842757684803
2005-07-05,-0.011414231592212021
2005-07-06,0.0014138713628165066
2005-07-07,-0.0004706466765012833
2005-07-08,-0.0009416662761685534
2005-07-11,0.00612672796388154
2005-07-12,0.0018735949386943667
2005-07-13,-0.005610308279422544
2005-07-14,-0.0101087096173805
2005-07-15,0.002612471238600179
2005-07-18,-0.0004737790865578185
2005-07-19,-0.0018958731187025553
2005-07-20,0.004748789539806443
2005-07-21,0.008743551452859013
2005-07-22,-0.001639763099843915
2005-07-25,0.002346440982504439
2005-07-26,-0.005384179617918776
2005-07-27,-0.004075838251695128
2005-07-28,-0.0059540993510341965
2005-07-29,-0.005917940136552152
2005-08-01,-0.004524719250991267
2005-08-02,-0.0
2005-08-03,-0.011259416565601178
2005-08-04,-0.002226112160172359
2005-08-05,0.0015546793178768676
2005-08-08,0.005561461356568228
2005-08-09,0.0011186891671043228
2005-08-10,-0.005151868631589813
2005-08-11,-0.020053368849324342
2005-08-12,-0.0008732422434757436
2005-08-15,0.00807032805706069
2005-08-16,-0.008577767247698393
2005-08-17,0.013517282678560375
2005-08-18,0.0008843587744173307
2005-08-19,0.005089741576166707
2005-08-22,-0.0020021125105779748
2005-08-23,-0.0028859918190329618
2005-08-24,0.004648251210475176
2005-08-25,0.001245953703092791
2005-08-26,-0.002036592405324543
2005-08-29,-0.0008164869564090517
2005-08-30,-0.011850053249014544
2005-08-31,0.005383505545794933
2005-09-01,0.017494601307285643
2005-09-02,0.0038354551911456455
2005-09-06,0.0004019632289035343
2005-09-07,0.0010045478289002004
2005-09-08,0.0036123446774335263
2005-09-09,0.00459710291130201
2005-09-12,0.0013919830013277895
2005-09-13,-0.007147513709708459
2005-09-14,0.007405288879648358
2005-09-15,0.011314386385128576
2005-09-16,0.007840545317795135
2005-09-19,0.013990150174127585
2005-09-20,-0.0009565481837483035
2005-09-21,0.0051708649790317375
2005-09-22,-0.004379453941833402
2005-09-23,-0.005931881520078245
2005-09-26,0.004355522947386811
2005-09-27,-0.005990479321632042
2005-09-28,0.012980607932777104
2005-09-29,0.004501542781894888
2005-09-30,-0.005731490617592273
2005-10-03,-0.0052295724722727956
2005-10-04,0.0
2005-10-05,0.0
2005-10-06,0.010524219941551517
2005-10-07,0.005018256368576264
2005-10-10,0.0007126496338531877
2005-10-11,0.0035603025425275463
2005-10-12,-0.005672626084612416
2005-10-13,-0.004997023359281429
2005-10-14,-0.0034109946695696563
2005-10-17,0.008832415049794526
2005-10-18,-0.0035678121449251687
2005-10-19,-0.01540659613357248
2005-10-20,-0.0045617577122038944
2005-10-21,0.011007590627018653
2005-10-24,-0.003622055159925511
2005-10-25,0.013234029609037362
2005-10-26,-0.002675382349606924
2005-10-27,0.004362283990430232
2005-10-28,-0.0013348678501743606
2005-10-31,-0.01320430579355406
2005-11-01,-0.010708913852404533
2005-11-02,0.006892655172975958
2005-11-03,-0.004612298841697625
2005-11-04,-0.0065295523581788495
2005-11-07,0.0046780539810584035
2005-11-08,0.003272574022913585
2005-11-09,0.009262677107012141
2005-11-10,0.0005086655382606705
2005-11-11,0.0028803778455833086
2005-11-14,-0.0001687795288011039
2005-11-15,-0.00016886709959953815
2005-11-16,0.017227041651958607
2005-11-17,0.01305804082493751
2005-11-18,-0.0009756423896277184
2005-11-21,0.005535405135276626
2005-11-22,0.005820286142461233
2005-11-23,-0.0007626872484443253
2005-11-28,0.00902822582319403
2005-11-29,0.0011504676934409915
2005-11-30,-0.006460859780545707
2005-12-01,0.01144558553973705
2005-12-02,0.0011408082970681837
2005-12-05,0.007973095345178932
2005-12-06,0.001830553392904181
2005-12-07,0.005758457727658024
2005-12-08,0.006966567788885268
2005-12-09,0.010625233389863542
2005-12-12,0.0019036643239392173
2005-12-13,-0.010035423406982637
2005-12-14,-0.019943237261937547
2005-12-15,-0.00367841135761332
2005-12-16,-0.000711035080805841
2005-12-19,0.0002847139019020588
2005-12-20,-0.012806255428207833
2005-12-21,-0.0023181039076548247
2005-12-22,0.014099078825895736
2005-12-23,0.0004276220234304523
2005-12-27,0.006299094337722751
2005-12-28,0.0077790008201336905
2005-12-29,0.0018593200880597936
2005-12-30,0.0017302725525622264
2006-01-03,0.0167633396877867
2006-01-04,0.003843240146521776
2006-01-05,-0.009072996205049937
2006-01-06,0.01622808279055785
2006-01-09,0.011101169115267899
2006-01-10,-0.005571648286099996
2006-01-11,0.005269497152776469
2006-01-12,-0.0005806987568288124
2006-01-13,0.009067147314441162
2006-01-17,-0.0030945536689194753
2006-01-18,-0.011171927066297464
2006-01-19,0.017232700399984258
2006-01-20,-0.005593038389723223
2006-01-23,0.005527356707987295
2006-01-24,-0.0006849532728648073
2006-01-25,0.005142885374129476
2006-01-26,-0.002834289076301895
2006-01-27,-0.0010193822294567291
2006-01-30,0.006989056297327719
2006-01-31,0.0048601249507391805
2006-02-01,-0.0013488792825574157
2006-02-02,0.0029942024153346287
2006-02-03,-0.004899288006135221
2006-02-06,0.0027139831818591446
2006-02-07,-0.018518876984594222
2006-02-08,-0.0008983447946429026
2006-02-09,0.014396667252119256
2006-02-10,-0.013931955696346256
2006-02-13,-0.011195365186356011
2006-02-14,0.00704047930836531
2006-02-15,-0.006246256222565035
2006-02-16,0.006419890849988544
2006-02-17,0.005842178216715285
2006-02-21,0.0020930786407986697
2006-02-22,0.0
2006-02-23,-0.005460993623859111
2006-02-24,0.010429769459201132
2006-02-27,-0.004035201691499881
2006-02-28,0.005844718190029861
2006-03-01,0.0015984904156550936
2006-03-02,0.0039407873555509934
2006-03-03,-0.001829370988070923
2006-03-06,-0.009265812930235559
2006-03-07,-0.0018732178266719127
2006-03-08,-0.00871945122857648
2006-03-09,0.002612759573308626
2006-03-10,-0.004850307961307956
2006-03-13,0.005425663528662061
2006-03-14,0.004845031951485442
2006-03-15,0.0011989238985411904
2006-03-16,0.0011105393723112918
2006-03-17,-0.0002557093626077379
2006-03-20,0.00093798727763856
2006-03-21,-0.002382783622766614
2006-03-22,-0.0012829670581779935
2006-03-23,-0.0006861540597945521
2006-03-24,0.008503007759896266
2006-03-27,0.005905925285499569
2006-03-28,-0.00033333535122805286
2006-03-29,0.005569666779429885
2006-03-30,0.011807935530248285
2006-03-31,-0.004124675506870202
2006-04-03,0.006451335358012301
2006-04-04,-0.0028489152316167926
2006-04-05,0.0016012871056421368
2006-04-06,0.006132341003102337
2006-04-07,-0.005642256724087025
2006-04-10,0.007721834360535231
2006-04-11,-0.001983360615177945
2006-04-12,0.0019084036597263588
2006-04-13,-0.0008265511443930377
2006-04-17,0.01564802597330833
2006-04-18,0.0036915236805411884
2006-04-19,0.010036577795691575
2006-04-20,-0.009992819107913569
2006-04-21,0.009880493073013134
2006-04-24,-0.009061758869063623
2006-04-25,0.008276186062758059
2006-04-26,0.006104810744574676
2006-04-27,-0.0042521192081517115
2006-04-28,0.013815206983326188
2006-05-01,0.004138004112720473
2006-05-02,0.005181636649428179
2006-05-03,0.0008542587922502483
2006-05-04,0.005897906767324948
2006-05-05,0.005614753714936542
2006-05-08,-0.003051917880102676
2006-05-09,0.015079342689688824
2006-05-10,0.0029091831251840117
2006-05-11,0.010825977973009998
2006-05-12,-0.0062451266549385055
2006-05-15,-0.017786853699917084
2006-05-16,0.005468344603852252
2006-05-17,-0.0006842854344088635
2006-05-18,-0.00746952986440264
2006-05-19,-0.01594450031569041
2006-05-22,0.00021615537469955921
2006-05-23,0.011523491699085862
2006-05-24,-0.025311443691194185
2006-05-25,0.00846829208840952
2006-05-26,0.0018244268972741956
2006-05-30,0.0017392860965388408
2006-05-31,-0.0066998088258110764
2006-06-01,-0.00891213652373281
2006-06-02,0.004837416684412761
2006-06-05,0.0046563309629334875
2006-06-06,-0.008245189490333128
2006-06-07,-0.0012211562118639107
2006-06-08,-0.011209227923750087
2006-06-09,-0.0005678115707705408
2006-06-12,-0.0008846208421014707
2006-06-13,-0.02805601764026112
2006-06-14,-0.00013664758416395424
2006-06-15,0.002870453139343819
2006-06-16,0.007801280776651569
2006-06-19,-0.006116860102274466
2006-06-20,0.005472621177800835
2006-06-21,0.007061098835167961
2006-06-22,-0.0034668494386370166
2006-06-23,0.0017161887172909543
2006-06-26,0.0
2006-06-27,-0.002102869213582091
2006-06-28,-0.0018372894093861396
2006-06-29,0.004525295580243762
2006-06-30,0.014692015686612483
2006-07-05,0.007178765563486295
2006-07-06,0.0034595410616463386
2006-07-07,-0.0006542853157395324
2006-07-10,-0.004387721313517818
2006-07-11,0.00874436969660625
2006-07-12,0.004081376058941152
2006-07-13,0.001720051219180724
2006-07-14,0.006696655689031118
2006-07-17,-0.0076602038121935945
2006-07-18,-0.010938964635993934
2006-07-19,0.006755691772795296
2006-07-20,-0.0049244177154877415
2006-07-21,-0.0061130990839935225
2006-07-24,-0.0035540295091821715
2006-07-25,0.0025522933029070096
2006-07-26,0.002066989910964212
2006-07-27,0.005544984875515484
2006-07-28,0.0012111512242022346
2006-07-31,-0.00029094836752581026
2006-08-01,0.005734114028027858
2006-08-02,0.0024646133617222633
2006-08-03,-0.003090285864252551
2006-08-04,-0.0004194401248077382
2006-08-07,0.0017733906369792822
2006-08-08,-0.0009742746155077419
2006-08-09,0.002234176170351325
2006-08-10,-0.0072075007263034145
2006-08-11,-0.0006627326124991142
2006-08-14,-0.002372091635784408
2006-08-15,-0.0028691552291540347
2006-08-16,0.0029933759555408816
2006-08-17,-0.006357931589017144
2006-08-18,-0.00161165074665482
2006-08-21,0.006677682909218408
2006-08-22,-0.0005283832684667656
2006-08-23,-0.00043304292915540595
2006-08-24,-0.002023871231539172
2006-08-25,0.0012128491132118201
2006-08-28,-0.003237377069857177
2006-08-29,0.0023812281523513893
2006-08-30,-0.0040359781784871755
2006-08-31,-0.004674289288758511
2006-09-01,0.000843849483051067
2006-09-04,-0.0
2006-09-05,-0.007951226910064817
2006-09-06,0.0027573239991827364
2006-09-07,0.00917098584447985
2006-09-08,0.004223054504359752
2006-09-11,0.011321117230949251
2006-09-12,0.00185005636460036
2006-09-13,-0.001319859225119687
2006-09-14,0.005857539529455863
2006-09-15,0.001762656522476743
2006-09-18,-0.00598660001325277
2006-09-19,0.005646272790271237
2006-09-20,-0.001953462553906282
2006-09-21,-0.001335598107847452
2006-09-22,-0.004354514295558266
2006-09-25,-0.0002987022905586775
2006-09-26,-0.0007759603999641242
2006-09-27,0.004236060509924102
2006-09-28,0.005682339608578822
2006-09-29,-0.0046628831707254195
2006-10-02,-0.0006626991614345675
2006-10-03,-0.01578189982369554
2006-10-04,-0.010937431210337027
2006-10-05,0.007058858433079094
2006-10-06,0.0010807563081626267
2006-10-09,0.004620403296280269
2006-10-10,-0.004953513287156044
2006-10-11,0.00030826796240019386
2006-10-12,0.003080807287558885
2006-10-13,0.009560699778809308
2006-10-16,0.004416866721421322
2006-10-17,-0.0037059566522436673
2006-10-18,-0.0005979715221613413
2006-10-19,0.007559742971692285
2006-10-20,-0.004415223638720572
2006-10-23,-0.009886096087248003
2006-10-24,0.003573748241190224
2006-10-25,0.0024135783654119117
2006-10-26,-0.00779199832156931
2006-10-27,-0.0011134697998184456
2006-10-30,-0.005157492177019251
2006-10-31,0.0004709875402712436
2006-11-01,-0.009821387212815556
2006-11-02,-0.006774125175955473
2006-11-03,-0.001138426519450292
2006-11-06,0.0008328762833574318
2006-11-07,7.582807773088871e-05
2006-11-08,0.007054851131208211
2006-11-09,-0.014322583595326314
2006-11-10,0.0049333308556991
2006-11-13,0.003172385807055768
2006-11-14,0.00030418259722486224
2006-11-15,0.000989157734341212
2006-11-16,0.0014487433798533833
2006-11-17,-0.0006883577001704748
2006-11-20,0.00022910474749606517
2006-11-21,-0.005348576640340664
2006-11-22,-0.0003777841235397618
2006-11-24,-0.0
2006-11-28,0.006055093902776029
2006-11-29,-0.0012638929969236666
2006-11-30,0.00849814759471049
2006-12-01,-0.0016110980281010974
2006-12-04,0.0003674061054117715
2006-12-05,-0.0021293219459078126
2006-12-06,-0.008703174420919831
2006-12-07,0.0010519244782882795
2006-12-08,-0.004348278184563515
2006-12-11,0.002950921671976033
2006-12-12,-0.002255873529941807
2006-12-13,0.0006800186011433175
2006-12-14,-0.0009808513795878842
2006-12-15,-0.008770023248152433
2006-12-18,-0.0007702982785167004
2006-12-19,0.005863782716660069
2006-12-20,-0.0007621194657242774
2006-12-21,-0.0018320060508872319
2006-12-22,0.0006896517957030804
2006-12-26,0.0035199342020617655
2006-12-27,0.002658436767765948
2006-12-28,0.0058825813156270544
2006-12-29,0.0009313223510258808
2007-01-02,0.0
2007-01-03,-0.006845845656296684
2007-01-04,-0.00273941094415869
2007-01-05,-0.016348925590084114
2007-01-08,0.002307471186916888
2007-01-09,0.004948692518354423
2007-01-10,-0.0013134410306087437
2007-01-11,0.0007022627824439649
2007-01-12,0.011483807549857611
2007-01-16,-0.0007724628375679464
2007-01-17,0.0064462911885670975
2007-01-18,-0.004246536386132643
2007-01-19,0.007191084355702784
2007-01-22,-0.0018584896830040863
2007-01-23,0.01008762644755576
2007-01-24,0.0019969209202957425
2007-01-25,0.00016580602099661474
2007-01-26,-0.0027347776172176263
2007-01-29,-0.0011661738704401474
2007-01-30,0.0010194676647816594
2007-01-31,0.007410500937213718
2007-02-01,0.005069002434679812
2007-02-02,-0.010427090726564923
2007-02-05,0.00445150019000175
2007-02-06,0.0025387269568833944
2007-02-07,-0.001217311203855768
2007-02-08,0.005348140248521037
2007-02-09,0.008836333200930576
2007-02-12,-0.00449284406974978
2007-02-13,0.0012008330183028192
2007-02-14,0.0032265598993817322
2007-02-15,-9.173755652490158e-05
2007-02-16,0.0013757658165051026
2007-02-20,-0.010706916865676385
2007-02-21,0.021515705420790055
2007-02-22,-0.0007198153388422535
2007-02-23,0.003333072856268336
2007-02-26,0.003046296264632753
2007-02-27,-0.0023179448597832413
2007-02-28,-0.012976266468696847
2007-03-01,-0.006261823185173201
2007-03-02,-0.018517503378076127
2007-03-05,-0.004411817831807298
2007-03-06,0.006575005139958009
2007-03-07,0.0062277514063306645
2007-03-08,0.002537614584221585
2007-03-09,-0.003068152829252301
2007-03-12,-0.0014513564878967265
2007-03-13,-0.0007275244116445143
2007-03-14,-0.006100127514924895
2007-03-15,0.004415947934612491
2007-03-16,0.006300718699692483
2007-03-19,0.0004517488447690161
2007-03-20,0.0043335128351075555
2007-03-21,0.000985819133603621
2007-03-22,0.003936803799201856
2007-03-23,-0.0059548964004506
2007-03-26,0.006015651506028464
2007-03-27,-0.0011554689525621015
2007-03-28,0.0039183715440829665
2007-03-29,-0.004423275094782333
2007-03-30,0.0012460446266916903
2007-04-02,0.0022599010484282726
2007-04-03,-0.0014171332871601569
2007-04-04,0.006769441739700237
2007-04-05,0.0017339246189219041
2007-04-09,-0.001893101934908154
2007-04-10,0.0037991644627107936
2007-04-11,0.000246078123475726
2007-04-12,-0.0013938913468924047
2007-04-13,0.008466587783828151
2007-04-16,0.003805278565998849
2007-04-17,-0.0015278138493560968
2007-04-18,0.0007256837296361605
2007-04-19,-0.0038654060562481316
2007-04-20,0.0062442762152041115
2007-04-23,-0.001122707797731426
2007-04-24,-0.005142664051770565
2007-04-25,-8.113591926620954e-05
2007-04-26,-0.007462823523892279
2007-04-27,0.003124496064842551
2007-04-30,0.0014717326585907422
2007-05-01,-0.005654570147580939
2007-05-02,-0.0019554631953714444
2007-05-03,0.008873620626686276
2007-05-04,0.004973694313074543
2007-05-07,0.0007310390176016252
2007-05-08,-0.0026469977449403155
2007-05-09,-0.004399735172542695
2007-05-10,-0.014030845067398398
2007-05-11,0.005192973580376249
2007-05-14,-0.001966486946515689
2007-05-15,0.004227186974058565
2007-05-16,-0.011943588906748098
2007-05-17,-0.003804738550483735
2007-05-18,0.004593505643432607
2007-05-21,0.001805086746067182
2007-05-22,-0.003599825901967942
2007-05-23,0.0026678085784622115
2007-05-24,-0.008443823687236464
2007-05-25,0.0020194886651202235
2007-05-29,0.001917179461980015
2007-05-30,-0.0038226883743742307
2007-05-31,-0.010017717772633035
2007-06-01,-0.012138094066483704
2007-06-04,0.0005859618148090336
2007-06-05,0.0012901199644881373
2007-06-06,0.00035240285687504144
2007-06-07,0.010812319072802572
2007-06-08,0.017397773786614962
2007-06-11,-0.010723513179945895
2007-06-12,0.006972707289095512
2007-06-13,0.000363868842497998
2007-06-14,-0.004125878847544577
2007-06-15,-0.0035008367672166216
2007-06-18,-0.0015623592037666014
2007-06-19,-0.005877303343708012
2007-06-20,0.005476564930901658
2007-06-21,0.006593923960926116
2007-06-22,-0.0035062177031196795
2007-06-25,0.002648077952415156
2007-06-26,0.01111113950418311
2007-06-27,0.0004899692692561081
2007-06-28,-0.0071096185247806944
2007-06-29,-0.0006854198103710268
2007-07-02,-0.00919675507184874
2007-07-03,0.0038909970574279333
2007-07-05,0.004890597327694613
2007-07-06,-0.004705657104017555
2007-07-09,-0.008479619784675967
2007-07-10,-0.0021485885202464586
2007-07-11,0.002356325511161889
2007-07-12,-0.006877592160937793
2007-07-13,0.000957899407164584
2007-07-16,0.0008525810088567755
2007-07-17,0.00032009435471226167
2007-07-18,-0.00843325958535505
2007-07-19,-0.004852890803286213
2007-07-20,-0.007020284524659047
2007-07-23,0.0032164016947932366
2007-07-24,-0.0035437132590135025
2007-07-25,0.011304216598322942
2007-07-26,0.011381794374485398
2007-07-27,0.002677627769099519
2007-07-30,-0.004407917041829046
2007-07-31,-0.0029462895178013187
2007-08-01,0.0034529564398428567
2007-08-02,-0.0010515383246778726
2007-08-03,-0.008294678920662386
2007-08-06,0.0010376220172251737
2007-08-07,0.0009352758928935368
2007-08-08,-0.0040582169414066565
2007-08-09,0.013552518206221933
2007-08-10,-0.009389781365475166
2007-08-13,0.0006245911613042464
2007-08-14,0.001146194456442292
2007-08-15,-0.00031315333820745563
2007-08-16,0.021490090664070587
2007-08-17,-0.009256690735534595
2007-08-20,0.00021246563282981753
2007-08-21,-0.0
2007-08-22,-0.0025501695605947994
2007-08-23,0.0002116918436960307
2007-08-24,-0.00963722881845065
2007-08-27,0.0012535471346960456
2007-08-28,0.0025115423098846586
2007-08-29,0.0014591516282818802
2007-08-30,-0.0013271216175005586
2007-08-31,0.00818294432251239
2007-09-04,0.009601736767732582
2007-09-05,-0.0007973003577083934
2007-09-06,0.013869525673175766
2007-09-07,0.005084942655062084
2007-09-10,0.0024265384512598505
2007-09-11,0.0086077935565144
2007-09-12,-0.00028651202925311837
2007-09-13,-0.002293178737150787
2007-09-14,9.584794652388795e-05
2007-09-17,0.005943198109672446
2007-09-18,0.0
2007-09-19,0.005891720180841628
2007-09-20,0.009798022123870112
2007-09-21,-0.0009287373349735053
2007-09-24,0.0006509595893207205
2007-09-25,-0.0004645589874964773
2007-09-26,-0.0030681734363923376
2007-09-27,0.004109472116910088
2007-09-28,0.009845596037248014
2007-10-01,0.004235620035073052
2007-10-02,-0.016651247762095554
2007-10-03,-0.0004898915496466775
2007-10-04,0.008333866035809464
2007-10-05,0.0033920574275833537
2007-10-08,-0.008198959258423148
2007-10-09,0.004488586834751904
2007-10-10,0.0029090548015868463
2007-10-11,0.010526703971905346
2007-10-12,-0.0024745126809352282
2007-10-15,0.008022382189273255
2007-10-16,-9.442228837059231e-05
2007-10-17,0.00047228909769094933
2007-10-18,0.006230078049631957
2007-10-19,-9.355727588565354e-05
2007-10-22,-0.007674585626437233
2007-10-23,0.0030274609500321415
2007-10-24,0.0024494088893018805
2007-10-25,0.00535158786041489
2007-10-26,0.015469548929231428
2007-10-29,0.004410601382014708
2007-10-30,-0.004057627870444779
2007-10-31,0.00654897477071109
2007-11-01,-0.0010949094512126309
2007-11-02,0.012654460236502428
2007-11-05,0.001986988513688029
2007-11-06,0.010483424134587376
2007-11-07,0.008289483322564638
2007-11-08,0.003371426070494305
2007-11-09,-0.0021564497747956256
2007-11-12,-0.021393967399152735
2007-11-13,-0.007119247211486775
2007-11-14,0.013220673095837823
2007-11-15,-0.022235272998439713
2007-11-16,-0.00016976701468692838
2007-11-19,-0.007556114843290076
2007-11-20,0.011592808726367218
2007-11-21,0.006161610914799106
2007-11-23,0.022079198726649447
2007-11-26,0.001619074735190351
2007-11-27,-0.009933190054773297
2007-11-28,-0.008900393203616476
2007-11-29,-0.003180256557940069
2007-11-30,-0.008731840449769544
2007-12-03,0.0041340579441101625
2007-12-04,0.008742147174017587
2007-12-05,-0.0025139309597980064
2007-12-06,0.002459454238055182
2007-12-07,-0.004499181020189551
2007-12-10,0.008875202576660277
2007-12-11,0.002428395103634369
2007-12-12,0.0013719728284283487
2007-12-13,-0.009448801513229129
2007-12-14,-0.0037817715253838508
2007-12-17,0.0010023516105953042
2007-12-18,0.0054691889569201185
2007-12-19,-0.0012543245347237573
2007-12-20,-0.0012572591146050639
2007-12-21,0.00822491089684705
2007-12-24,0.0007838084112483583
2007-12-26,0.008609083607431811
2007-12-27,0.0016686125423308795
2007-12-28,0.006773463678609367
2007-12-31,-0.0028584677285823723
2008-01-02,0.013516669189860716
2008-01-03,0.005600934893689876
2008-01-04,-0.001944976125314549
2008-01-07,-0.002070710114122732
2008-01-08,0.010930357571002169
2008-01-09,0.000872386844587426
2008-01-10,0.007083318760301456
2008-01-11,0.0025196641334829977
2008-01-14,0.0031341414182112395
2008-01-15,-0.00033980678947329485
2008-01-16,-0.011561608546699341
2008-01-17,-0.0006378473296783476
2008-01-18,0.0007547720252928339
2008-01-22,0.005101726051613284
2008-01-23,-0.004075439569055265
2008-01-24,0.013308389000641616
2008-01-25,0.0028196416327914246
2008-01-28,0.009309789553288915
2008-01-29,-0.0011015793617636595
2008-01-30,-0.0022848541308420497
2008-01-31,0.001066325922202562
2008-02-01,-0.007092536299070451
2008-02-04,-0.0019547702709239497
2008-02-05,-0.009814926661997398
2008-02-06,0.0078092747266350375
2008-02-07,0.0028024940794297007
2008-02-08,0.0063454843102813885
2008-02-11,0.002290417667444308
2008-02-12,-0.007850749108204822
2008-02-13,-0.00046364924988398455
2008-02-14,0.00046410958705378545
2008-02-15,-0.002369717415977732
2008-02-19,0.012323079424910153
2008-02-20,0.004035819741703918
2008-02-21,0.005751831207993196
2008-02-22,-0.0006916935116515128
2008-02-25,-0.0035131826202957003
2008-02-26,0.004237750620974856
2008-02-27,0.005978382683192065
2008-02-28,0.0030733894329992278
2008-02-29,0.004431278195713718
2008-03-03,0.005467023416498092
2008-03-04,-0.010138055074440086
2008-03-05,0.013079932981721524
2008-03-06,-0.00642075911801581
2008-03-07,-0.0016236200546434067
2008-03-10,-0.0013375277265392435
2008-03-11,0.002506531328702753
2008-03-12,0.0026695636538183894
2008-03-13,0.007797810878445447
2008-03-14,0.003361581983553118
2008-03-17,0.001812453815970832
2008-03-18,0.001016236634760815
2008-03-19,-0.03296865440487014
2008-03-20,-0.015021500579846882
2008-03-24,-0.0007992326328445048
2008-03-25,0.010035420743127849
2008-03-26,0.00871104681624697
2008-03-27,-0.0001191579915434492
2008-03-28,-0.010845008421029124
2008-03-31,-0.008748452447798654
2008-04-01,-0.016067955579824867
2008-04-02,0.006146184659480937
2008-04-03,0.004829675010453987
2008-04-04,0.0019499517482335557
2008-04-07,0.006649201950577228
2008-04-08,-0.00415979365677553
2008-04-09,0.009460667676836882
2008-04-10,-0.0025045314543594363
2008-04-11,-0.002233690997523324
2008-04-14,0.0008598304593821591
2008-04-15,0.0015732410851084096
2008-04-16,0.007790760967319274
2008-04-17,-0.00247405625335514
2008-04-18,-0.012956440816228166
2008-04-21,0.0012091004635332741
2008-04-22,0.0036656075384592503
2008-04-23,-0.007701325284621882
2008-04-24,-0.009444754321953483
2008-04-25,0.0001990092541239041
2008-04-28,0.002834436287389473
2008-04-29,-0.009239564635108685
2008-04-30,0.00505015230469215
2008-05-01,0.006523677255602701
2008-05-02,-0.003434487550629353
2008-05-05,-0.0076626642805564076
2008-05-06,-0.0017176166124844047
2008-05-07,0.0029584652054040904
2008-05-08,-0.005122265763628287
2008-05-09,-0.0017934017863244843
2008-05-12,0.0003662473274419475
2008-05-13,0.006965110601122409
2008-05-14,0.001445364528098297
2008-05-15,-0.0063637068756055805
2008-05-16,-0.009213615023261658
2008-05-19,-0.0027025920819067056
2008-05-20,-0.006487962998838743
2008-05-21,-0.0037433129225828672
2008-05-22,0.004407185080344636
2008-05-23,-0.0033968903723535873
2008-05-27,0.007831009473612193
2008-05-28,0.003212031774646903
2008-05-29,0.010477578364520032
2008-05-30,-0.004551578999431594
2008-06-02,-0.0024935135076760927
2008-06-03,0.004999986352567112
2008-06-04,0.0007618267384932391
2008-06-05,0.003637014113098644
2008-06-06,-0.01069515669853933
2008-06-09,0.0003088729281207454
2008-06-10,0.011834461104298102
2008-06-11,-0.005371594136897624
2008-06-12,0.004715698545846986
2008-06-13,-0.000499982329870666
2008-06-16,-0.0060377287572687234
2008-06-17,-0.0003129977761676504
2008-06-18,-0.0029487507200191554
2008-06-19,-0.0047894498202166735
2008-06-20,0.0001752732969123658
2008-06-23,0.007232790947971236
2008-06-24,-0.001964722921709341
2008-06-25,0.004087711880609344
2008-06-26,-0.014860599673480869
2008-06-27,-0.007009521050084002
2008-06-30,-0.0016689826080002637
2008-07-01,0.007691201574276024
2008-07-02,0.0010664877442993718
2008-07-03,-0.005967058495806117
2008-07-07,-0.0021572658220394047
2008-07-08,-0.0025449675982156072
2008-07-09,0.0025598745636857176
2008-07-10,0.006409608752242975
2008-07-11,0.00863934050383886
2008-07-14,0.006012305646925001
2008-07-15,0.002246481155618001
2008-07-16,-0.007107287235303242
2008-07-17,0.003725987800182273
2008-07-18,-0.005721950560283788
2008-07-21,0.002647833808178334
2008-07-22,-0.006851987628515687
2008-07-23,-0.011801654891849003
2008-07-24,-0.00018953040422907866
2008-07-25,0.002180400648594762
2008-07-28,0.00047164953703149396
2008-07-29,-0.005276757033023739
2008-07-30,-0.006677862523012126
2008-07-31,0.005519135667082656
2008-08-01,-0.0024289445710631323
2008-08-04,-0.004435528397335582
2008-08-05,-0.010820959193414649
2008-08-06,-0.0015468496990122752
2008-08-07,-0.002535158650638599
2008-08-08,-0.006711815828218417
2008-08-11,-0.019170723021923602
2008-08-12,-0.00733435156967232
2008-08-13,0.009416904427887307
2008-08-14,-0.009225142149783013
2008-08-15,-0.01244378244959445
2008-08-18,0.007896169409160152
2008-08-19,0.006457945905521731
2008-08-20,-0.0004468142558837245
2008-08-21,0.012691071990475216
2008-08-22,-0.003045504050973032
2008-08-25,-0.00416119631163857
2008-08-26,0.001326251235051441
2008-08-27,0.003250797270151814
2008-08-28,-0.0016154390207846537
2008-08-29,0.000781652939473269
2008-09-02,0.011893980190538339
2008-09-03,0.0011597448831577861
2008-09-04,0.0024272788836863343
2008-09-05,0.00015264278139132519
2008-09-08,5.0879360086574875e-05
2008-09-09,0.0052934215546748134
2008-09-10,0.01505861537338716
2008-09-11,0.00889057683226518
2008-09-12,-0.010403810242187289
2008-09-15,-0.012172574615599785
2008-09-16,0.003421038273916217
2008-09-17,-0.03664453550264417
2008-09-18,-0.022103234596749913
2008-09-19,0.014595964605709933
2008-09-22,-0.020423015693610158
2008-09-23,0.008262868011634176
2008-09-24,-0.001604398669759465
2008-09-25,0.005159516762637082
2008-09-26,-0.002404867056591425
2008-09-29,-0.0017283241183599096
2008-09-30,0.004452396200741471
2008-10-01,-0.002100289160708798
2008-10-02,0.01337472072492169
2008-10-03,0.003400438352305145
2008-10-06,-0.011518367574221316
2008-10-07,-0.00514063452327867
2008-10-08,-0.007942922007286638
2008-10-09,0.006255625016620196
2008-10-10,0.008860243824483952
2008-10-13,0.0054486790703738635
2008-10-14,0.0008754791358429614
2008-10-15,0.00027020775694875385
2008-10-16,0.011495000789507595
2008-10-17,0.005779862547885695
2008-10-20,-0.0008994801578563229
2008-10-21,0.0077109752387309926
2008-10-22,0.012093855526371352
2008-10-23,0.007704152316690716
2008-10-24,-0.006256926847125563
2008-10-27,-0.0048815896139135125
2008-10-28,0.0007786468145177477
2008-10-29,-0.0044624028903490895
2008-10-30,0.005064073775737637
2008-10-31,0.006762403211059179
2008-11-03,-0.0029319598584727543
2008-11-04,-0.010308588954381463
2008-11-05,0.0047517283937279255
2008-11-06,0.0033295231569393283
2008-11-07,-0.0006684201206107288
2008-11-10,-0.004132888110286096
2008-11-11,0.0044574651086813615
2008-11-12,0.004773976693191834
2008-11-13,0.0043583520774019835
2008-11-14,-0.013000481896960661
2008-11-17,0.00016458404642958385
2008-11-18,0.003063342470929426
2008-11-19,-0.0011008019107238516
2008-11-20,-0.004217343181024778
2008-11-21,-0.014069657948567217
2008-11-24,-0.00855017527290757
2008-11-25,0.00029823577360732755
2008-11-26,0.002723606330664999
2008-11-28,-0.002148593612198414
2008-12-01,0.011498468685536143
2008-12-02,-0.0019513762089799877
2008-12-03,0.003609400600799141
2008-12-04,0.0014672344901772848
2008-12-05,0.0039283889979968446
2008-12-08,-0.005080184981167396
2008-12-09,-0.0014699111574813651
2008-12-10,-0.010135133547792222
2008-12-11,-0.004975500225701569
2008-12-12,0.0016409404651512283
2008-12-15,-0.004545649555350733
2008-12-16,-0.0017013282568672078
2008-12-17,-0.006915204977600309
2008-12-18,0.002054479635410064
2008-12-19,0.006088826052455484
2008-12-22,-0.002643348282502092
2008-12-23,0.002399453693403086
2008-12-24,-0.0026677630491593923
2008-12-26,-0.006205332435533465
2008-12-29,-0.001231279786266308
2008-12-30,0.0015368593474735864
2008-12-31,-0.004171907855970389
2009-01-02,0.0013776952218810133
2009-01-05,0.006233499551186168
2009-01-06,-0.0024260572484124296
2009-01-07,0.007121294685495881
2009-01-08,-0.0038595148871986298
2009-01-09,-0.00011879055657877374
2009-01-12,0.010093394114157132
2009-01-13,6.183758373879421e-05
2009-01-14,0.0036799976421143426
2009-01-15,0.00047069666460740236
2009-01-16,-0.010248821418511505
2009-01-20,-0.004623198941290312
2009-01-21,0.0014838016262937524
2009-01-22,-0.002567169378532612
2009-01-23,-0.010963616149886068
2009-01-26,-0.003739163612424004
2009-01-27,0.0025961283595634884
2009-01-28,0.0031306666146715075
2009-01-29,0.005205009208396507
2009-01-30,0.006846708746167068
2009-02-02,-0.0062011415552415475
2009-02-03,-0.00452563232169936
2009-02-04,0.0030042112480133418
2009-02-05,0.003715288543675809
2009-02-06,9.167713849141981e-05
2009-02-09,-0.006566968976542687
2009-02-10,0.006662618934141025
2009-02-11,0.009195761654745522
2009-02-12,0.0013900941386638392
2009-02-13,-0.002060088597953754
2009-02-17,0.0075604048094314565
2009-02-18,0.0030887516662237977
2009-02-19,-0.00045682461383392297
2009-02-20,0.00734960876550887
2009-02-23,-0.002006214681721674
2009-02-24,-0.007156767849191119
2009-02-25,-0.0009793340403480375
2009-02-26,-0.006908460858135947
2009-02-27,-8.891398927268883e-05
2009-03-02,-0.0008792123644736842
2009-03-03,-0.00907898730606431
2009-03-04,-0.0024688250126122975
2009-03-05,0.007571013090786211
2009-03-06,0.005320585309781001
2009-03-09,-0.008459702333234833
2009-03-10,-0.007866021985169681
2009-03-11,0.0053977401703426435
2009-03-12,0.0047717961420791575
2009-03-13,0.0021570491826495915
2009-03-16,-0.0028806325438478367
2009-03-17,-0.0018429761331013627
2009-03-18,-0.009873196223275309
2009-03-19,0.025580957795583645
2009-03-20,-0.0008521213095148568
2009-03-23,-0.0012644423588926903
2009-03-24,-0.00988035729083719
2009-03-25,0.004280620775522309
2009-03-26,0.0014665935292534492
2009-03-27,-0.005770684788587241
2009-03-30,-0.00265413165928351
2009-03-31,0.0022658134165989734
2009-04-01,0.0011125170015510329
2009-04-02,-0.005921539775646856
2009-04-03,-0.00381361694690027
2009-04-06,-0.007891409505087543
2009-04-07,0.0036005507171624363
2009-04-08,0.0008642795985046756
2009-04-09,-0.0008617399218698126
2009-04-13,0.00415522939513024
2009-04-14,-0.0012455375048537154
2009-04-15,0.0006254150247622218
2009-04-16,-0.004434367104710944
2009-04-17,-0.003968812746232845
2009-04-20,0.0066265602559318305
2009-04-21,-0.0016200434966325242
2009-04-22,0.0032248277461622158
2009-04-23,0.0046366555027439645
2009-04-24,0.002492641095560336
2009-04-27,-0.001990142805536625
2009-04-28,-0.0047185353124013195
2009-04-29,0.0022993014617019854
2009-04-30,-0.0033596509413816944
2009-05-01,-0.0011527603055085053
2009-05-04,0.005224135123392213
2009-05-05,0.0007714657046472368
2009-05-06,0.002492226401385728
2009-05-07,0.001636953003523348
2009-05-08,-0.0002171781513030082
2009-05-11,-0.0005071109958474518
2009-05-12,0.0038090981993268553
2009-05-13,0.0007172932489721999
2009-05-14,0.0008946789781547572
2009-05-15,0.001035040456414735
2009-05-18,-0.0034156510473006122
2009-05-19,0.0017975152615942556
2009-05-20,0.0038259233264859006
2009-05-21,0.0048780108146693636
2009-05-22,0.0026822910078090866
2009-05-26,-0.0018659811558008831
2009-05-27,3.476355670784775e-05
2009-05-28,0.0028840119919419233
2009-05-29,0.005959367327447054
2009-06-01,-8.920735777933014e-05
2009-06-02,0.0017845492821646218
2009-06-03,-0.0072205864521816664
2009-06-04,0.006573353889657459
2009-06-05,-0.00754483113135475
2009-06-08,-0.003947597232581108
2009-06-09,0.0009174827625016372
2009-06-10,0.0
2009-06-11,0.0029050005342279228
2009-06-12,-0.008372393495078989
2009-06-15,-0.005330534281390309
2009-06-16,0.0019250096451076729
2009-06-17,0.0015485747225277519
2009-06-18,-0.0005682123772070321
2009-06-19,0.0006503377093326267
2009-06-22,-0.006086582523237198
2009-06-23,0.0013608863693096802
2009-06-24,0.004191269351055968
2009-06-25,0.002032118834164519
2009-06-26,0.0006468305906947148
2009-06-29,-0.00012106675182564191
2009-06-30,-0.008219876521523376
2009-07-01,0.00866071445542322
2009-07-02,-0.006322834484733761
2009-07-06,-0.004158441545375405
2009-07-07,0.003000771237128219
2009-07-08,-0.012314235310325602
2009-07-09,0.004384816980056455
2009-07-10,-0.002333564519609723
2009-07-13,0.006332492046226918
2009-07-14,0.00018790709821246213
2009-07-15,0.010394552597855048
2009-07-16,-0.0024604406227420068
2009-07-17,0.0012972794818059085
2009-07-20,0.006964828315515835
2009-07-21,-0.0011571417753681163
2009-07-22,0.003905529013445628
2009-07-23,0.0009092076582165006
2009-07-24,-0.0010288234008470583
2009-07-27,0.0003031328398340024
2009-07-28,-0.008665044670782133
2009-07-29,-0.007259065120782568
2009-07-30,0.005253422951120084
2009-07-31,0.012755354582928152
2009-08-03,0.001928771877716851
2009-08-04,0.007227652187016336
2009-08-05,-0.002163522915471247
2009-08-06,-0.0023025074894309034
2009-08-07,-0.0022448864528006782
2009-08-10,-0.008149984201239795
2009-08-11,0.0005369720631819085
2009-08-12,0.0032862385021474867
2009-08-13,0.0026688037036290383
2009-08-14,-0.005115930375281981
2009-08-17,-0.008506566455918692
2009-08-18,0.002308319031132181
2009-08-19,0.0037881079948712103
2009-08-20,-0.002017305003539801
2009-08-21,0.00870210344430438
2009-08-24,-0.00725343245604342
2009-08-25,0.0014809351624585083
2009-08-26,-0.00013432432895459277
2009-08-27,0.00080607568245474
2009-08-28,-0.008101273313717322
2009-08-31,0.003546237760861732
2009-09-01,-0.0020184876577338537
2009-09-02,-0.014688632962333302
2009-09-03,-0.01258895595569068
2009-09-04,0.0005787055392378748
2009-09-08,-0.0019308419754400388
2009-09-09,0.0016683891241088954
2009-09-10,-6.435909579539657e-05
2009-09-11,-0.006111261627886903
2009-09-14,0.0031860461767911426
2009-09-15,-0.0032660019258197275
2009-09-16,-0.008856342827696687
2009-09-17,0.004147817991057756
2009-09-18,0.001960893289502559
2009-09-21,0.003489718218714684
2009-09-22,-0.006698696291717168
2009-09-23,0.0007576471097426429
2009-09-24,0.009797768440878029
2009-09-25,0.004686128009505151
2009-09-28,-0.001487330630664279
2009-09-29,9.99549701492111e-05
2009-09-30,0.010256342206808471
2009-10-01,-0.005764436874125281
2009-10-02,0.002530572897664368
2009-10-05,0.009199087159747843
2009-10-06,0.014724788105354327
2009-10-07,0.003093533416521184
2009-10-08,0.007928184721177251
2009-10-09,-0.0049225891632475385
2009-10-12,0.005806378208518096
2009-10-13,0.004851857868513893
2009-10-14,-0.00019265951923353247
2009-10-15,-0.00905974629031973
2009-10-16,0.0005859860648240445
2009-10-19,0.0042940801208322995
2009-10-20,0.0003232736048411878
2009-10-21,0.0038127623323210807
2009-10-22,-0.003791614521422076
2009-10-23,-0.0014217788528391156
2009-10-26,-0.008742444642280396
2009-10-27,-0.004854251358740137
2009-10-28,-0.003310414380288879
2009-10-29,0.011410213349323323
2009-10-30,-0.004560229485616016
2009-11-02,0.009384686180105906
2009-11-03,0.020891536772735312
2009-11-04,0.0015763366814666871
2009-11-05,0.0013107662101894638
2009-11-06,0.004186762411498212
2009-11-09,0.0037070765658677876
2009-11-10,0.0007116713704342301
2009-11-11,0.00782072816022007
2009-11-12,-0.005114576576698937
2009-11-13,0.006503843557026659
2009-11-16,0.014357681289668555
2009-11-17,0.00012514765866239016
2009-11-18,0.0011881976541216386
2009-11-19,0.00043709611343290553
2009-11-20,0.003119873721182626
2009-11-23,0.011120449081456808
2009-11-24,0.000734012655244797
2009-11-25,0.013076962554737063
2009-11-27,-0.007052126848281768
2009-11-30,0.0038669507799503422
2009-12-01,0.010028729544986282
2009-12-02,0.007079379809928511
2009-12-03,0.002931927171567565
2009-12-04,-0.02627016616471371
2009-12-07,-0.003040293962601026
2009-12-08,-0.011651925842066323
2009-12-09,-0.012898473514903516
2009-12-10,0.003112840248186901
2009-12-11,-0.0036827558496304058
2009-12-14,0.002292672852335794
2009-12-15,-0.0005272524267870371
2009-12-16,0.007680383282530765
2009-12-17,-0.016632368333550716
2009-12-18,0.002378213809216663
2009-12-21,-0.009123166354775522
2009-12-22,-0.00564698078714522
2009-12-23,0.004423397973053081
2009-12-24,0.006500421492626699
2009-12-28,0.0018476084852075878
2009-12-29,-0.0049826053051479635
2009-12-30,-0.0026977047356619662
2009-12-31,0.0018239402407861406
2010-01-04,0.011054203484068305
2010-01-05,0.00019257487214242468
2010-01-06,0.008566016528473979
2010-01-07,-0.001326367428156595
2010-01-08,0.0024217996901920126
2010-01-11,0.005909215152267781
2010-01-12,-0.010193686950615843
2010-01-13,0.003574737311888908
2010-01-14,0.0029355899161417017
2010-01-15,-0.005886459427172866
2010-01-19,0.00457079365066933
2010-01-20,-0.012935905601221983
2010-01-21,-0.004643998245599745
2010-01-22,-0.006587411073953313
2010-01-25,0.00296402586821521
2010-01-26,0.001326540401823516
2010-01-27,-0.006616210682274155
2010-01-28,-0.0003969769832988083
2010-01-29,-0.00028852072385830073
2010-02-01,0.010033379014064637
2010-02-02,0.006051715049511553
2010-02-03,-0.0027392877140120756
2010-02-04,-0.02249162084945802
2010-02-05,-0.004897904286668075
2010-02-08,0.006545315221680771
2010-02-09,0.00526566001788035
2010-02-10,-0.0004263789593976048
2010-02-11,0.008725273199224063
2010-02-12,-0.0021912489992605283
2010-02-16,0.013953553339569038
2010-02-17,9.113233687193831e-05
2010-02-18,-0.0006835373288330061
2010-02-19,0.001505822000616597
2010-02-22,-0.003958185499718721
2010-02-23,-0.004539335634662383
2010-02-24,-0.0028683093567416417
2010-02-25,0.005257348418946637
2010-02-26,0.00483529521691773
2010-03-01,-0.00022809025789648858
2010-03-02,-0.008267808869437131
2010-03-03,-0.0024078264402323394
2010-03-04,0.004171699917510782
2010-03-05,-0.0009168230782044326
2010-03-08,0.004658289363804928
2010-03-09,0.0006720886795643816
2010-03-10,0.005973363443030038
2010-03-11,-8.518978447119005e-05
2010-03-12,0.0027688443451481626
2010-03-15,-0.0015425526623868888
2010-03-16,-0.0073032953924421495
2010-03-17,-0.0007570751410075482
2010-03-18,-0.001427712197706717
2010-03-19,0.008372919223232926
2010-03-22,0.003452265011820932
2010-03-23,-0.0018032375390576404
2010-03-24,0.006372936455658274
2010-03-25,-0.0017776157766261058
2010-03-26,-0.004967316840067207
2010-03-29,-0.0026074381153295234
2010-03-30,0.0024655637514376804
2010-03-31,-0.0042078847761277405
2010-04-01,-0.005582364010860432
2010-04-05,-0.003651382037928563
2010-04-06,-0.0010227571499689314
2010-04-07,-0.007980815126843812
2010-04-08,4.5751927693381556e-05
2010-04-09,-0.004068313522358332
2010-04-12,-0.0002268043903471751
2010-04-13,0.003990005845997122
2010-04-14,-0.0028326006580656335
2010-04-15,-0.0003180792785891703
2010-04-16,0.01062721519259442
2010-04-19,0.0005099050143511208
2010-04-20,-0.001577468662609312
2010-04-21,-0.004440685608741474
2010-04-22,0.0027063151443719492
2010-04-23,-0.0049795681857083135
2010-04-26,-0.00018271348596021048
2010-04-27,-0.0037440766929415755
2010-04-28,-0.004352439554824372
2010-04-29,0.0013040209280299855
2010-04-30,0.005666123045025838
2010-05-03,0.0012954868473712103
2010-05-04,-0.0070101340273856765
2010-05-05,0.003019033395388415
2010-05-06,0.01116344831655813
2010-05-07,0.006435690497188891
2010-05-10,-0.004665168105611023
2010-05-11,0.009551930532544708
2010-05-12,0.01098984966219952
2010-05-13,-0.006577002506138829
2010-05-14,-0.000669941573157553
2010-05-17,0.00014368506369241666
2010-05-18,-0.0064178850511232
2010-05-19,-0.01050794344678219
2010-05-20,-0.0023665863429229964
2010-05-21,-0.005990017292675654
2010-05-24,0.009052467148830911
2010-05-25,0.001970202830089904
2010-05-26,0.0076090407732260935
2010-05-27,-0.0006785001274855092
2010-05-28,0.00014552277178901796
2010-06-01,0.007032661647602172
2010-06-02,-0.0023258389997617987
2010-06-03,-0.006834663671188762
2010-06-04,0.004434400446954393
2010-06-07,0.012882401008903985
2010-06-08,0.0025722007405178738
2010-06-09,-0.00845082867949523
2010-06-10,-0.004251094801335451
2010-06-11,0.004500151674168106
2010-06-14,-0.003090705040823136
2010-06-15,0.005488907312444083
2010-06-16,-0.002144905747498761
2010-06-17,0.01004153956199031
2010-06-18,0.005273718853858087
2010-06-21,-0.009441079895823793
2010-06-22,0.00010946125056441657
2010-06-23,-0.003172728873009865
2010-06-24,0.00626532230790892
2010-06-25,0.005608975349085261
2010-06-28,-0.009505666244869038
2010-06-29,0.0020815477321876955
2010-06-30,0.0018665685620479935
2010-07-01,-0.02087816220930735
2010-07-02,0.0006048924639868637
2010-07-06,-0.006922596151098493
2010-07-07,0.0021097474343109326
2010-07-08,-0.0015496116747553712
2010-07-09,0.007655414102468436
2010-07-12,-0.006087384405971065
2010-07-13,0.008191729125003246
2010-07-14,-0.003553821535872906
2010-07-15,0.0007145523265156334
2010-07-16,-0.011036798854647282
2010-07-19,-0.003517855108851011
2010-07-20,0.005501378111989102
2010-07-21,5.566092055649998e-05
2010-07-22,0.002171137423769613
2010-07-23,-0.0043281092449312065
2010-07-26,-0.0026250469822875094
2010-07-27,-0.014018635291634869
2010-07-28,0.0013748571400322366
2010-07-29,0.004573332009951424
2010-07-30,-0.00013192014437797328
2010-08-02,0.0
2010-08-03,0.0
2010-08-04,0.0
2010-08-05,0.0
2010-08-06,0.0
2010-08-09,-0.0
2010-08-10,-0.0
2010-08-11,0.0
2010-08-12,0.0
2010-08-13,0.0
2010-08-16,0.0
2010-08-17,0.0
2010-08-18,0.0
2010-08-19,0.0
2010-08-20,-0.0
2010-08-23,-0.0
2010-08-24,0.0
2010-08-25,0.0
2010-08-26,-0.0
2010-08-27,0.0
2010-08-30,0.0004946076142736998
2010-08-31,0.006397150730172719
2010-09-01,-0.0011320914944326498
2010-09-02,0.0029481336841576315
2010-09-03,-0.0012986039549745113
2010-09-07,0.004581722855931798
2010-09-08,-0.0009554307591809486
2010-09-09,-0.0037704297924518854
2010-09-10,-0.0024894186077252085
2010-09-13,0.0003406506303580082
2010-09-14,0.01396049993064887
2010-09-15,-0.0016695163292010876
2010-09-16,0.002900722783941445
2010-09-17,0.002055481329901056
2010-09-20,0.0018833804265104969
2010-09-21,-0.0036462152563057513
2010-09-22,0.009884735797972694
2010-09-23,0.002245472284916185
2010-09-24,0.0009280513332230626
2010-09-27,0.00038162187655605925
2010-09-28,0.005394699899566531
2010-09-29,0.0012726987649760158
2010-09-30,-0.0004808781845324591
2010-10-01,0.005705240652652823
2010-10-04,-0.00047810129635525016
2010-10-05,0.01606020461291808
2010-10-06,0.005035634163336999
2010-10-07,-0.008345972695059307
2010-10-08,0.006941477388940485
2010-10-11,0.006085877900733155
2010-10-12,-0.005048543848109229
2010-10-13,0.015899031462448945
2010-10-14,0.0047261616513047545
2010-10-15,-0.0036566878940525165
2010-10-18,6.554897310398098e-05
2010-10-19,-0.02366721611097048
2010-10-20,0.005521346475914791
2010-10-21,-0.012447531994273764
2010-10-22,-0.00020353483521253464
2010-10-25,0.00943490301681252
2010-10-26,-0.0002015484666583962
2010-10-27,-0.010615571333968654
2010-10-28,0.012579247576743769
2010-10-29,0.009349360394579032
2010-11-01,-0.0042531852118580776
2010-11-02,0.0038412647635079505
2010-11-03,-0.011902717586825085
2010-11-04,0.028528322788046765
2010-11-05,0.00883290020273852
2010-11-08,0.0032926724184055476
2010-11-09,0.004174243486543796
2010-11-10,-0.00634899141247699
2010-11-11,0.0023915901319925548
2010-11-12,-0.022476448065819086
2010-11-15,0.001837963400168111
2010-11-16,-0.018400455776787714
2010-11-17,-0.0009375906672271215
2010-11-18,0.010074749931752704
2010-11-19,-0.0004328658101453738
2010-11-22,0.0034024933420725425
2010-11-23,0.012199385897434419
2010-11-24,-0.002793440527594612
2010-11-26,-0.006458645722196259
2010-11-29,0.0015934247645485542
2010-11-30,0.008367394295603996
2010-12-01,0.0009990209955003245
2010-12-02,0.0005203319643215364
2010-12-03,0.007321984091923013
2010-12-06,0.004237635926868638
2010-12-07,-0.002975341716438696
2010-12-08,-0.011020788466699603
2010-12-09,0.0041772678323213725
2010-12-10,-0.003370601671700779
2010-12-13,0.005649375616793415
2010-12-14,0.002712271492195369
2010-12-15,-0.0077575033204169835
2010-12-16,-0.006556273286420335
2010-12-17,0.003599575122727601
2010-12-20,0.0030109233104440598
2010-12-21,0.0011722944611439262
2010-12-22,-0.0006066428019772119
2010-12-23,-0.0029497520795729033
2010-12-27,0.0010462221398946686
2010-12-28,0.009921721952187275
2010-12-29,0.0031864734336067733
2010-12-30,-0.0030135156909362956
2010-12-31,0.006261163428234458
2011-01-03,0.0005993102557804587
2011-01-04,-0.01760113341035036
2011-01-05,-0.0021006147432291546
2011-01-06,-0.0008268334301424648
2011-01-07,-0.0012006670261932256
2011-01-10,0.0021574440732355224
2011-01-11,0.004257282634868023
2011-01-12,0.0006974056150440573
2011-01-13,0.0004917265222080881
2011-01-14,-0.010848902364476203
2011-01-18,0.0032137080654169735
2011-01-19,0.0008715282984453165
2011-01-20,-0.009820838881431867
2011-01-21,-0.0023192171527262845
2011-01-24,0.0014819186002997433
2011-01-25,-0.00515207727796713
2011-01-26,0.00029829830374812524
2011-01-27,-0.006218806771174328
2011-01-28,-0.009971649028498812
2011-01-31,0.002972955788571863
2011-02-01,-0.002511937795574067
2011-02-02,0.0034928961957312733
2011-02-03,-0.009024024878200266
2011-02-04,0.0017086929511983967
2011-02-07,0.00029993975238349756
2011-02-08,-0.00677289799570001
2011-02-09,-0.0005931839776805139
2011-02-10,0.0012274667168950821
2011-02-11,0.0008483242234803347
2011-02-14,-0.001996473107922047
2011-02-15,-0.003809905910908376
2011-02-16,-0.0004625938682865602
2011-02-17,-0.004202127088475028
2011-02-18,-0.0014601230862033648
2011-02-22,-0.00511837275421492
2011-02-23,-0.005320892922883198
2011-02-24,-0.0007765531525824069
2011-02-25,0.0026938843053794944
2011-02-28,-0.0002460823872719021
2011-03-01,0.010596386167644712
2011-03-02,0.0032337705805928238
2011-03-03,-0.010499341899365681
2011-03-04,0.0061325239154049966
2011-03-07,0.0029404189044420067
2011-03-08,-0.003573506152418949
2011-03-09,0.0011971994966215556
2011-03-10,-0.0085156851014034
2011-03-11,0.004687415459027834
2011-03-14,0.0015522290996432097
2011-03-15,-0.015988269388801796
2011-03-16,0.001737801083612843
2011-03-17,0.004078955619797353
2011-03-18,0.00603288651686376
2011-03-21,0.005177808195968301
2011-03-22,0.0006488191479489918
2011-03-23,0.00518564345792988
2011-03-24,-0.0015345250905339442
2011-03-25,-0.004315945355182393
2011-03-28,-0.0031443431773582184
2011-03-29,-0.0019050501008880626
2011-03-30,0.003922070235862841
2011-03-31,0.007551144269717204
2011-04-01,-0.005344174435931332
2011-04-04,0.0020441284612361275
2011-04-05,0.009744063529998235
2011-04-06,0.0028935003732682932
2011-04-07,0.0003907813963538611
2011-04-08,0.0072738790071446326
2011-04-11,-0.0028994532045493147
2011-04-12,-0.00703566263388266
2011-04-13,0.000980121217469541
2011-04-14,0.008221664741776774
2011-04-15,0.006579733105106076
2011-04-18,0.003355593704246957
2011-04-19,0.0010496449357027045
2011-04-20,0.0018104176872326156
2011-04-21,0.0023284888200655516
2011-04-25,0.0025577877115881033
2011-04-26,-0.0026430024365006097
2011-04-27,0.006490012972950466
2011-04-28,0.0066192376527403
2011-04-29,0.014303184341473419
2011-05-02,0.00039150291891541246
2011-05-03,-0.009280671264115123
2011-05-04,-0.014240578670011743
2011-05-05,-0.019533128022259618
2011-05-06,0.006053203133597401
2011-05-09,0.006828566634156431
2011-05-10,0.007933517422557839
2011-05-11,-0.008894826997101974
2011-05-12,0.0031888194009665337
2011-05-13,-0.00762519967484958
2011-05-16,-0.0017483241340755767
2011-05-17,-0.006189832087726111
2011-05-18,0.009292421232284756
2011-05-19,-0.0019785336373549503
2011-05-20,0.009681897343624745
2011-05-23,0.0037493718915925837
2011-05-24,0.004537325516548092
2011-05-25,0.0019426831371989488
2011-05-26,-0.002166341037670073
2011-05-27,0.00771556507326513
2011-05-31,-0.00021480662295394323
2011-06-01,0.003217840913149608
2011-06-02,-0.005126860436591299
2011-06-03,0.0048142090246225365
2011-06-06,0.0023673362942640687
2011-06-07,-0.001573285669999696
2011-06-08,-0.0025619653433118553
2011-06-09,0.001977377489916302
2011-06-10,-0.006656338480165412
2011-06-13,-0.006764854191010096
2011-06-14,0.0044165851605536275
2011-06-15,0.0008981337363200045
2011-06-16,0.0018440971968992337
2011-06-17,0.004623820708686469
2011-06-20,0.0014331448675721065
2011-06-21,0.002219643076603964
2011-06-22,0.0033935581676727286
2011-06-23,-0.0160599856654875
2011-06-24,-0.009803869873047358
2011-06-27,-0.002280293104021995
2011-06-28,0.0018805226084726656
2011-06-29,0.005299402213441909
2011-06-30,-0.0039240764601466156
2011-07-01,-0.010378791088186115
2011-07-05,0.015778241089804076
2011-07-06,0.008454282422875166
2011-07-07,0.0007649665822227422
2011-07-08,0.005604255895211535
2011-07-11,0.003844444911151699
2011-07-12,0.006593994621390367
2011-07-13,0.01162986785579466
2011-07-14,0.0018688678059097426
2011-07-15,0.00039252385203975113
2011-07-18,0.0060316130935831
2011-07-19,-0.0005839120212349281
2011-07-20,-0.0020453428104099426
2011-07-21,-0.004833715156516838
2011-07-22,0.007123923595983928
2011-07-25,0.00520933797596838
2011-07-26,0.0022246615317581945
2011-07-27,-0.0007715858309092737
2011-07-28,-0.0007723502386441938
2011-07-29,0.007082337373461023
2011-08-01,-0.004381201903589002
2011-08-02,0.010850045800608962
2011-08-03,0.010044636512309538
2011-08-04,-0.003320340980478811
2011-08-05,-0.0034273282111302937
2011-08-08,0.028565521930900516
2011-08-09,0.013366341746412836
2011-08-10,0.01820722636445942
2011-08-11,-0.013995510874293984
2011-08-12,-0.003772295459853499
2011-08-15,0.00674428849584347
2011-08-16,0.01175423353817338
2011-08-17,0.0037871835389688114
2011-08-18,0.011862584622454925
2011-08-19,0.012651875242837571
2011-08-22,0.01651244254612636
2011-08-23,-0.012346722699733532
2011-08-24,-0.04301249753855687
2011-08-25,0.0024926917048310993
2011-08-26,0.01495107231625999
2011-08-29,-0.0015626926176550958
2011-08-30,0.010279444681636368
2011-08-31,0.0004729916197606161
2011-09-01,-0.0006562682917720165
2011-09-02,0.012538729653384078
2011-09-06,-0.0009734453116094894
2011-09-07,-0.014297949419711731
2011-09-08,0.010635993685918936
2011-09-09,0.0005176818618234096
2011-09-12,-0.012023136143320996
2011-09-13,0.004481971839643154
2011-09-14,-0.0008670930968282764
2011-09-15,-0.011845219790014577
2011-09-16,0.00906820792938411
2011-09-19,-0.009456313136538809
2011-09-20,0.008160219628079063
2011-09-21,-0.00029225195393472146
2011-09-22,-0.017625958080062423
2011-09-23,-0.028067750495679004
2011-09-26,-0.013190692083720085
2011-09-27,0.017511884585971402
2011-09-28,-0.006974271930237103
2011-09-29,-0.00016562415447076906
2011-09-30,0.001014893446952003
2011-10-03,0.007351172703421055
2011-10-04,-0.00834486661872265
2011-10-05,0.0053049214376224086
2011-10-06,0.0023662626252345695
2011-10-07,-0.0035244817398370916
2011-10-10,0.007185401764303543
2011-10-11,-0.001984051782105196
2011-10-12,0.00435467050924835
2011-10-13,-0.00278619800482484
2011-10-14,0.0029099357906863807
2011-10-17,-0.0012534260646392475
2011-10-18,-0.004752942744648567
2011-10-19,-0.0011546999478480886
2011-10-20,-0.006931917797734834
2011-10-21,0.004815907489204652
2011-10-24,0.0033560571618471086
2011-10-25,0.009745305199290585
2011-10-26,0.004547722658620269
2011-10-27,0.00431356148638623
2011-10-28,-8.869948002004795e-05
2011-10-31,-0.003903894626675149
2011-11-01,-0.0023722151430818094
2011-11-02,0.003205467931414931
2011-11-03,0.006363237176794964
2011-11-04,-0.0015631721654961214
2011-11-07,0.006178542766315623
2011-11-08,0.0014019330172270867
2011-11-09,-0.0012922434551552262
2011-11-10,-0.005536662024517288
2011-11-11,0.0050384144069631825
2011-11-14,-0.001681484526954282
2011-11-15,0.0006797358817927384
2011-11-16,-0.001373904456578901
2011-11-17,-0.009433187676601569
2011-11-18,0.0008828335827272253
2011-11-21,-0.008336291512487637
2011-11-22,0.004412613576346305
2011-11-23,-0.0011832381413672825
2011-11-25,-0.0018638822081504202
2011-11-28,-0.005236238770748777
2011-11-29,-0.0005210698896989849
2011-11-30,-0.0064235024686114025
2011-12-01,0.002003568530034506
2011-12-02,-0.00231172107497655
2011-12-05,0.003199056882890762
2011-12-06,0.0005546906578892376
2011-12-07,-0.002579590112060663
2011-12-08,0.006125085829321152
2011-12-09,-0.000601591777308821
2011-12-12,0.009728736420836928
2011-12-13,0.0008858935001139119
2011-12-14,0.015615852059428703
2011-12-15,0.0020992469937585654
2011-12-16,-0.004572724287539258
2011-12-19,0.0002578490378658199
2011-12-20,-0.004558936366032871
2011-12-21,0.0007852141492581721
2011-12-22,0.0006381299302921289
2011-12-23,0.0008950633356932963
2011-12-27,0.002243475967660617
2011-12-28,0.008404275503708066
2011-12-29,0.006309034401387368
2011-12-30,-0.007210641521051105
2012-01-03,-0.009281718702595114
2012-01-04,-0.003269566416308812
2012-01-05,-0.001994754341476002
2012-01-06,0.0008736399428571939
2012-01-09,0.002281367509019231
2012-01-10,-0.006267338304658889
2012-01-11,-0.00215537858073986
2012-01-12,-0.0021184810318268404
2012-01-13,0.004398259790856882
2012-01-17,-0.0065211243609635495
2012-01-18,-0.001113753751049952
2012-01-19,0.0013950337802100645
2012-01-20,-0.0024881389552853027
2012-01-23,-0.003684926026277045
2012-01-24,0.003525777678907855
2012-01-25,-0.009170899660329012
2012-01-26,-0.006683659152299511
2012-01-27,-0.0013658803718387443
2012-01-30,-0.0003335955853171798
2012-01-31,0.0018099238508233785
2012-02-01,0.0024656138615814817
2012-02-02,0.0025580121070336607
2012-02-03,-0.004956617092014101
2012-02-06,-0.0040031032851484075
2012-02-07,0.006311346413040546
2012-02-08,-0.004511252142989026
2012-02-09,0.002584309560084555
2012-02-10,-0.00415952807097699
2012-02-13,-8.021883940973787e-05
2012-02-14,-0.0018985276113412958
2012-02-15,0.0027924648694745216
2012-02-16,0.0001334440030121557
2012-02-17,-0.0006136777018586813
2012-02-21,0.008709624186163558
2012-02-22,0.0033825124152670354
2012-02-23,0.0038784576485579674
2012-02-24,-0.002529645614605918
2012-02-27,-0.00038932633443300175
2012-02-28,0.0034809297227019935
2012-02-29,-0.02316297652604053
2012-03-01,0.0035149121855444056
2012-03-02,-0.003835001123162223
2012-03-05,-0.0018214173557250196
2012-03-06,-0.00995729027066746
2012-03-07,0.0038206435064354195
2012-03-08,0.004718099534873267
2012-03-09,0.004044989877806102
2012-03-12,-0.003669720740887367
2012-03-13,-0.0017369498166028708
2012-03-14,-0.016221915706245073
2012-03-15,0.005423393791815462
2012-03-16,-0.0011643835657765443
2012-03-19,0.0036952656492523195
2012-03-20,-0.0065029806200434
2012-03-21,0.0010754122067942182
2012-03-22,-0.0025042235507281066
2012-03-23,0.006535014543482026
2012-03-26,0.007489394747334647
2012-03-27,-0.00022284764897823604
2012-03-28,-0.008567880021052757
2012-03-29,-0.0018975589870672493
2012-03-30,0.0057059877293924
2012-04-02,0.0027081437172284204
2012-04-03,-0.002464867521413201
2012-04-04,-0.019048194732173132
2012-04-05,0.005539399483495515
2012-04-09,0.004739528297237784
2012-04-10,0.005706087025217665
2012-04-11,-0.00016610687022883315
2012-04-12,0.0068124342356437936
2012-04-13,-0.006696463820416339
2012-04-16,-0.0034558640515139375
2012-04-17,0.0005350565830832764
2012-04-18,-0.0038417559769390736
2012-04-19,0.0006055133362823565
2012-04-20,0.0005040613591004912
2012-04-23,-0.003424469842023633
2012-04-24,0.0037499313954141426
2012-04-25,-0.0005368718587814679
2012-04-26,0.006112947065343815
2012-04-27,0.0014616605118364131
2012-04-30,4.187828516392009e-05
2012-05-01,0.0005582039842379516
2012-05-02,0.0027279955429573943
2012-05-03,0.006342302457881362
2012-05-04,-0.0035091837486003028
2012-05-07,0.002025645394052332
2012-05-08,0.011532536872715212
2012-05-09,0.0035071708522964535
2012-05-10,-0.00047978984682935853
2012-05-11,0.00393760307498124
2012-05-14,0.007932395384693959
2012-05-15,0.0013298591127157726
2012-05-16,0.007227006514186728
2012-05-17,-0.013616753769218065
2012-05-18,-0.005931640597257609
2012-05-21,0.0010980735516476262
2012-05-22,0.004160510405463212
2012-05-23,0.009770872603561444
2012-05-24,-0.0032457441614917077
2012-05-25,-0.0040331794592159565
2012-05-29,0.007032461342092279
2012-05-30,-0.005508910302140498
2012-05-31,0.0002947372300888677
2012-06-01,-0.0213412352119179
2012-06-04,0.002949987872952736
2012-06-05,-0.0010717437752713376
2012-06-06,-0.0062759200656689424
2012-06-07,0.016296647737481483
2012-06-08,-0.0012705425670451807
2012-06-11,-0.001955959739039486
2012-06-12,-0.0062089623191796
2012-06-13,-0.0019285494062511496
2012-06-14,-0.00010680097128151147
2012-06-15,-0.0030605533955789265
2012-06-18,0.00046021495784280385
2012-06-19,0.001239984539829602
2012-06-20,0.0026273033715552008
2012-06-21,0.017940654039119142
2012-06-22,-0.0005522100550211974
2012-06-25,-0.007907429360678538
2012-06-26,0.004897885782504462
2012-06-27,-0.0012807133455240542
2012-06-28,0.009284293083520898
2012-06-29,-0.018304296314091133
2012-07-02,0.0020715381621077638
2012-07-03,-0.0079556835730354
2012-07-05,0.004032525585816888
2012-07-06,0.009995137391377078
2012-07-09,-0.0034072107786650326
2012-07-10,0.003086618564088747
2012-07-11,0.0013688237731433836
2012-07-12,0.0034475965223626226
2012-07-13,-0.00899584278597496
2012-07-16,0.00013251668437027391
2012-07-17,0.0006958369329414662
2012-07-18,0.006204506426167689
2012-07-19,-0.003256696158719905
2012-07-20,-0.0008008461283610457
2012-07-23,0.001799160848193094
2012-07-24,0.0003677407929533476
2012-07-25,-0.010705618236171105
2012-07-26,-0.002295249929676644
2012-07-27,-0.0009467757256575745
2012-07-30,-0.0005551583568808888
2012-07-31,0.0028103694751914895
2012-08-01,0.0020891218362524837
2012-08-02,0.005028923201745761
2012-08-03,-0.005797469305770611
2012-08-06,-0.0021257762610861746
2012-08-07,0.0009816686828916746
2012-08-08,-0.0009836202339758534
2012-08-09,-0.001288395678183099
2012-08-10,-0.0007955085757928097
2012-08-13,0.0030853058409344367
2012-08-14,0.003135397461779028
2012-08-15,-0.0013301984158690737
2012-08-16,-0.0038257086307583433
2012-08-17,-6.125383053675212e-05
2012-08-20,-0.0011632303000207584
2012-08-21,-0.00604695744421637
2012-08-22,0.0007542843600572115
2012-08-23,-0.009730001048335922
2012-08-24,-5.929103706420713e-05
2012-08-27,-0.000770401761214254
2012-08-28,-0.0022541701622355343
2012-08-29,-0.002393664599871336
2012-08-30,-0.002259878652943436
2012-08-31,0.01119831877791342
2012-09-04,0.002933464484603519
2012-09-05,-0.0007385500158953144
2012-09-06,0.004155124463984613
2012-09-07,0.012204221613961267
2012-09-10,-0.003015485510392124
2012-09-11,0.001067708579323684
2012-09-12,-0.0004125788702213081
2012-09-13,0.013245276037657652
2012-09-14,0.0002356069403571713
2012-09-17,-0.0007065001605399519
2012-09-18,0.00023579354186066242
2012-09-19,0.00020199938335529647
2012-09-20,-0.0004375511288246947
2012-09-21,0.002627155316096204
2012-09-24,-0.00449347045342253
2012-09-25,0.0005744259671868432
2012-09-26,-0.0044557823414740644
2012-09-27,0.011613597913492412
2012-09-28,-0.0027583822516613825
2012-10-01,0.004003695438558843
2012-10-02,-0.0033046880660137917
2012-10-03,0.001957523333460338
2012-10-04,0.007130529226128412
2012-10-05,-0.00651718706134865
2012-10-08,-0.002163041957991952
2012-10-09,-0.004466149278367871
2012-10-10,8.555527079587662e-05
2012-10-11,0.0023959026288136055
2012-10-12,-0.004605980618564955
2012-10-15,-0.00944015095043501
2012-10-16,0.0037804388978173982
2012-10-17,0.002940129170977693
2012-10-18,-0.0035316385877042504
2012-10-19,-0.008870678665166802
2012-10-22,0.0010070574793561759
2012-10-23,-0.007346293038734632
2012-10-24,-0.003444358094805358
2012-10-25,0.005101481696959221
2012-10-26,-0.0005319206090572875
2012-10-31,0.0031436788785472987
2012-11-01,-0.0016132652177488801
2012-11-02,-0.01901710144708357
2012-11-05,0.003942963896153993
2012-11-06,0.015453749921799494
2012-11-07,-0.0004278963896769334
2012-11-08,0.00580329790691291
2012-11-09,0.0023143493956254446
2012-11-12,0.0
2012-11-13,-0.002873001470551987
2012-11-14,0.002505028797733516
2012-11-15,-0.007633322650809739
2012-11-16,0.00047564950967655126
2012-11-19,0.009364806169193555
2012-11-20,-0.005075713573000805
2012-11-21,0.002222743928816388
2012-11-23,0.01103616488519393
2012-11-26,-0.0008376145385131529
2012-11-27,-0.003400417940579778
2012-11-28,-0.012021392623706096
2012-11-29,0.004602242186704622
2012-11-30,-0.006982908343168497
2012-12-03,0.003762577796597817
2012-12-04,-0.010843402397251482
2012-12-05,-0.0008733882649160897
2012-12-06,0.0034539712332781265
2012-12-07,0.0016101403410852739
2012-12-10,0.003908105010730738
2012-12-11,-0.0020733928566075395
2012-12-12,0.0036386069848618106
2012-12-13,-0.009051978179926139
2012-12-14,8.730897988693072e-05
2012-12-17,0.0005235790206723145
2012-12-18,-0.011990689504540306
2012-12-19,-0.0013296218305451476
2012-12-20,-0.00959049996224197
2012-12-21,0.0063876432038128825
2012-12-24,-0.0002229927549836045
2012-12-26,0.0005353766224126765
2012-12-27,0.00124820007289021
2012-12-28,-0.003426837470843109
2012-12-31,-0.009956251401065376
2013-01-02,-0.006334766232028107
2013-01-03,0.006813447856221039
2013-01-04,0.012387538557919617
2013-01-07,0.0012776408486522269
2013-01-08,-0.007874902177187738
2013-01-09,0.0032658359368765103
2013-01-10,-0.011011844364864852
2013-01-11,0.008353330043430474
2013-01-14,-0.0043421635919023835
2013-01-15,-0.007036565794591454
2013-01-16,0.0003368055358423907
2013-01-17,-0.003706049755580639
2013-01-18,0.001820634459107127
2013-01-22,-0.0029771985706531666
2013-01-23,0.003109787871135636
2013-01-24,0.008068610721909267
2013-01-25,0.00635487678629253
2013-01-28,0.0019557702459504418
2013-01-29,-0.004068011190080991
2013-01-30,-0.009363426033590423
2013-01-31,0.008540041869474577
2013-02-01,-0.0039434643815185345
2013-02-04,-0.0026299728250621054
2013-02-05,0.0012881514322262927
2013-02-06,-0.00235823765972279
2013-02-07,0.0032378899118842897
2013-02-08,0.0019601642600462353
2013-02-11,0.007950676157775829
2013-02-12,-0.00022574491437093197
2013-02-13,0.0020310880759171666
2013-02-14,0.004299588000222002
2013-02-15,0.011790112381302993
2013-02-19,0.002405277882005951
2013-02-20,0.012065218040918483
2013-02-21,-0.0002830052912691378
2013-02-22,0.0027347545368590427
2013-02-25,-0.006530878546544671
2013-02-26,-0.013604980810252017
2013-02-27,0.00921428350894713
2013-02-28,0.008163582552739941
2013-03-01,0.002735621227174552
2013-03-04,-0.00010425400112122606
2013-03-05,-0.001238515190576315
2013-03-06,-0.0
2013-03-07,-9.896013053669754e-05
2013-03-08,-0.0008901657976262889
2013-03-11,-0.0005928266611362297
2013-03-12,-0.006762519712161894
2013-03-13,0.0015659511080148396
2013-03-14,-0.0011277762555395002
2013-03-15,-0.0009303357284831802
2013-03-18,-0.005917612771018716
2013-03-19,-0.003252027870359275
2013-03-20,0.0018367677554385893
2013-03-21,-0.0030523506531208123
2013-03-22,0.0036678446951010765
2013-03-25,0.0007758097572432857
2013-03-26,0.004271237946076971
2013-03-27,-0.005075657131448031
2013-03-28,0.005527681514414756
2013-04-01,-0.002539419880301347
2013-04-02,0.01212052077187203
2013-04-03,0.012005924373383794
2013-04-04,0.0005465972044785045
2013-04-05,-0.012907993401922498
2013-04-08,0.0018317834458529349
2013-04-09,-0.0076668550325937855
2013-04-10,0.014928896021008208
2013-04-11,-0.003268007980010515
2013-04-12,0.0343452694889206
2013-04-15,0.07939066382438188
2013-04-16,-0.01634387337044704
2013-04-17,0.0028153743233133126
2013-04-18,-0.006017835452095243
2013-04-19,-0.0020121672344279164
2013-04-22,-0.015633190894172113
2013-04-23,0.007406472327620983
2013-04-24,-0.008917814081204052
2013-04-25,-0.022897468687241924
2013-04-26,0.004761159181740665
2013-04-29,-0.008057840346715126
2013-04-30,-0.0027763168620126206
2013-05-01,0.014931872393059138
2013-05-02,-0.005908041691721393
2013-05-03,0.0009135621855855006
2013-05-06,-0.0010234204733839218
2013-05-07,0.0051308123618518595
2013-05-08,-0.006777044528761764
2013-05-09,0.0013646114871301695
2013-05-10,0.008592039239695164
2013-05-13,0.0006313201826526556
2013-05-14,0.0026942422278526854
2013-05-15,0.007806096192443566
2013-05-16,0.002654587183589874
2013-05-17,0.006311799677773357
2013-05-20,-0.0056054487560668765
2013-05-21,0.0018517914483574649
2013-05-22,0.0029196180920791435
2013-05-23,-0.007036231637066766
2013-05-24,0.001473224667623302
2013-05-28,0.0021897269306135098
2013-05-29,-0.0034887965074517184
2013-05-30,-0.005725830281705183
2013-05-31,0.00528068709663566
2013-06-03,-0.005129534884943205
2013-06-04,0.0038653649522142775
2013-06-05,-0.0003477866871661265
2013-06-06,-0.0046237422486524425
2013-06-07,0.008632899035794046
2013-06-10,-0.0008647726504001197
2013-06-11,0.002480506776432949
2013-06-12,-0.004017075392233399
2013-06-13,0.003813243263379632
2013-06-14,-0.0026316774657107024
2013-06-17,0.001212335679705985
2013-06-18,0.0043786311917762
2013-06-19,-0.0019144208081516008
2013-06-20,0.023862714859252177
2013-06-21,-0.001656703178385163
2013-06-24,0.004282647333483831
2013-06-25,0.0005854473974286426
2013-06-26,0.01325189059480684
2013-06-27,0.005532063437489731
2013-06-28,-0.003825742511316407
2013-07-01,-0.009803361341579928
2013-07-02,0.0031024173610644623
2013-07-03,-0.002172515177209979
2013-07-05,0.009951100611266948
2013-07-08,-0.005765304823445136
2013-07-09,-0.002831297361269823
2013-07-10,-0.00038267726638379994
2013-07-11,-0.008332320262169417
2013-07-12,0.0005710770598118222
2013-07-15,-0.0014924952177535313
2013-07-16,-0.0017331064972610545
2013-07-17,0.003176553376594198
2013-07-18,-0.0016664771280318238
2013-07-19,-0.002152680603135927
2013-07-22,-0.010592594042863317
2013-07-23,0.00030920591091636963
2013-07-24,0.0036663356320427156
2013-07-25,-0.0022399309280625793
2013-07-26,0.0017459241903828532
2013-07-29,-0.0016112809575053917
2013-07-30,0.001052811959177297
2013-07-31,0.0027847979355855924
2013-08-01,0.0004138365232469942
2013-08-02,0.00012268950888010918
2013-08-05,0.0024543893251885085
2013-08-06,0.0059884555833038455
2013-08-07,-0.0009087217891093006
2013-08-08,-0.007691013400472101
2013-08-09,-0.0006749280499654479
2013-08-12,-0.00667647150877999
2013-08-13,0.004066996005583765
2013-08-14,-0.0038955313101731166
2013-08-15,-0.00831910278688509
2013-08-16,-0.0029825958619402885
2013-08-19,0.0016122307057816086
2013-08-20,-0.0020307664686045513
2013-08-21,0.0007320849371096083
2013-08-22,-0.00017601370338845207
2013-08-23,-0.007184373746838658
2013-08-26,0.0007778349779160181
2013-08-27,-0.007966750263966016
2013-08-28,0.00045286126448820606
2013-08-29,0.0017284997589608192
2013-08-30,-0.005011705360970599
2013-09-03,0.0046693639147212754
2013-09-04,-0.006417022295940376
2013-09-05,-0.004955682022985745
2013-09-06,0.004060807666862703
2013-09-09,2.95949669656098e-05
2013-09-10,-0.006711040523332959
2013-09-11,-6.009719522762975e-05
2013-09-12,-0.010070214491070862
2013-09-13,-0.006779800078979203
2013-09-16,0.0029768675555071596
2013-09-17,-0.0026132113351308925
2013-09-18,-0.0005322398591355519
2013-09-19,0.01931148369867835
2013-09-20,-0.011047722914822035
2013-09-23,-0.0017230400292086428
2013-09-24,-0.003367950653253027
2013-09-25,0.006199749910332838
2013-09-26,-0.0037749337028139284
2013-09-27,0.004584403641079795
2013-09-30,-0.0036453427403561204
2013-10-01,-0.014407806558562828
2013-10-02,0.012686616753723607
2013-10-03,-0.0011425706487770489
2013-10-04,-0.0027560569399570412
2013-10-07,0.0054364943560664255
2013-10-08,-0.00021359082438243275
2013-10-09,-0.00616029760868622
2013-10-10,-0.0037162756030309687
2013-10-11,-0.010400893516728075
2013-10-14,0.0031237213908555856
2013-10-15,-0.0012560479774499755
2013-10-16,0.003333689158005101
2013-10-17,0.014969829703431315
2013-10-18,-0.002958856610691355
2013-10-21,0.0004663396277916562
2013-10-22,0.009604830907684572
2013-10-23,-0.003020604887725602
2013-10-24,0.005762001530135804
2013-10-25,0.0007683339931324802
2013-10-28,-0.0001394737008013788
2013-10-29,-0.0023716267294118507
2013-10-30,0.0012324884779117515
2013-10-31,-0.008253445479276865
2013-11-01,-0.0034773279471525488
2013-11-04,0.0005007334085675056
2013-11-05,-0.0022007049056024454
2013-11-06,0.003250685144012669
2013-11-07,-0.003093685065366912
2013-11-08,-0.008007019817712898
2013-11-11,-0.0011943924188284694
2013-11-12,-0.0033876632919897383
2013-11-13,-0.0009655617717199045
2013-11-14,0.006186453526846255
2013-11-15,0.0003749176213848987
2013-11-18,-0.005141775051033973
2013-11-19,0.000413490446918891
2013-11-20,-0.0053355592463035775
2013-11-21,-0.005017994780367584
2013-11-22,0.00017625332437078527
2013-11-25,-0.001021867004074396
2013-11-26,0.00010597374209902174
2013-11-27,-0.001271162019504181
2013-11-29,-0.004995238054478886
2013-12-02,0.010559033065970664
2013-12-03,0.0002290874803914183
2013-12-04,-0.010121352993586937
2013-12-05,0.005607436342343324
2013-12-06,0.0010972538878322403
2013-12-09,-0.0018963400501037966
2013-12-10,-0.010236551960694035
2013-12-11,0.001441542947244318
2013-12-12,0.012050009666701151
2013-12-13,-0.00369178441536761
2013-12-16,-0.0037006027245924055
2013-12-17,0.005357362614772403
2013-12-18,-0.0018570641599412211
2013-12-19,0.015514765660642558
2013-12-20,-0.003943752690936981
2013-12-23,0.002594214092468301
2013-12-24,-0.002608717686756414
2013-12-26,-0.003484790595224713
2013-12-27,-0.0007686573768726112
2013-12-30,0.004988056071043543
2013-12-31,0.0005187280167068875
2014-01-02,-0.010246491712758371
2014-01-03,-0.005831785170078658
2014-01-06,0.0002582882458953232
2014-01-07,0.0036179459049926516
2014-01-08,0.001777952153455267
2014-01-09,-0.0017404019321068857
2014-01-10,-0.007546071714062356
2014-01-13,-0.001796085213939344
2014-01-14,0.002429348672040231
2014-01-15,0.0030398333589685355
2014-01-16,-0.0008181547998516663
2014-01-17,-0.005030305719816234
2014-01-21,0.004003640950120137
2014-01-22,0.0014162042057024064
2014-01-23,-0.010154820791986891
2014-01-24,-0.0008022789935915158
2014-01-27,0.0003794612847955822
2014-01-28,0.005316087382861179
2014-01-29,-0.004772993422080862
2014-01-30,0.008447609946471778
2014-01-31,0.0009693187318768618
2014-02-03,-0.009469268248342483
2014-02-04,0.003992919382517122
2014-02-05,-0.002588042483410054
2014-02-06,-0.00013799149391345998
2014-02-07,-0.0026218868888923793
2014-02-10,-0.005265836414083819
2014-02-11,-0.006942618741590131
2014-02-12,-0.002331643395416704
2014-02-13,-0.0022775805803401843
2014-02-14,-0.008273922357574218
2014-02-18,-0.0024997833769732766
2014-02-19,0.00179035760883866
2014-02-20,0.0015331081607868433
2014-02-21,-0.0029865468055842352
2014-02-24,-0.006291932780288616
2014-02-25,-0.0020314956101903175
2014-02-26,0.006374750204057004
2014-02-27,-0.0014807938824461435
2014-02-28,0.004430985717954149
2014-03-03,-0.01256385406807875
2014-03-04,-0.005570970490574854
2014-03-05,0.0010565933824440597
2014-03-06,0.005053982880720554
2014-03-07,-0.005926023298081701
2014-03-10,0.0014525708581327392
2014-03-11,0.002239315628524153
2014-03-12,0.010410630061643627
2014-03-13,0.0008166221005653328
2014-03-14,0.002918771893854104
2014-03-17,-0.0026053696790904377
2014-03-18,-0.005963238430184197
2014-03-19,-0.007627779541891746
2014-03-20,-0.0047860219348909066
2014-03-21,0.0024347441697176674
2014-03-24,-0.010933308478065647
2014-03-25,8.987224893590959e-05
2014-03-26,-0.0035930256991159324
2014-03-27,-0.00393143145336925
2014-03-28,-0.0004093848579406001
2014-03-31,-0.004734484723130765
2014-04-01,-0.001743944492421528
2014-04-02,0.006167025959793105
2014-04-03,-0.003436037420712907
2014-04-04,0.010640049518288177
2014-04-07,-0.00290052095592329
2014-04-08,0.00599231866144928
2014-04-09,-0.0017774240909723012
2014-04-10,0.008129485305596679
2014-04-11,-0.0007709329057538422
2014-04-14,0.004685551682576254
2014-04-15,-0.014897711658586029
2014-04-16,0.0017334156698710092
2014-04-17,-0.005411025846929402
2014-04-21,-0.0030349438148283064
2014-04-22,-0.004176428844145358
2014-04-23,0.0020434963356932073
2014-04-24,0.003566145539339788
2014-04-25,0.005745500686396718
2014-04-28,-0.0010059247790577869
2014-04-29,-0.0016229820854101983
2014-04-30,-0.000224372327570599
2014-05-01,-0.007013372059572142
2014-05-02,0.01143885389112703
2014-05-05,0.0036996228377664995
2014-05-06,-0.0004026382085772521
2014-05-07,-0.011338285017132486
2014-05-08,-0.0007011845562879815
2014-05-09,-5.8474609711811634e-05
2014-05-12,0.0048549119849584255
2014-05-13,-0.0005811870857994981
2014-05-14,0.006456145595157367
2014-05-15,-0.007035607307611895
2014-05-16,-0.0001163977023125087
2014-05-19,0.00023283139605175646
2014-05-20,0.0004656609484183061
2014-05-21,-0.0037809260966569385
2014-05-22,0.004033867705930245
2014-05-23,-0.0019189824965734508
2014-05-27,-0.015274230512029125
2014-05-28,-0.0036298371822250444
2014-05-29,-0.0017938202453181295
2014-05-30,-0.006413280873070987
2014-06-02,-0.0011485964695059333
2014-06-03,-0.0006706849985158015
2014-06-04,0.00018981419861093028
2014-06-05,-0.00569487253586199
2014-06-06,0.0005654120999076247
2014-06-09,-0.0008801536229229981
2014-06-10,-0.003956229309672624
2014-06-11,-0.0006248276763534018
2014-06-12,-0.007991405101934017
2014-06-13,-6.17906544467329e-05
2014-06-16,-0.0007416559739324614
2014-06-17,0.0019758122236292115
2014-06-18,-0.00043333194177347004
2014-06-19,-0.02554979922080696
2014-06-20,-0.0014979789267650732
2014-06-23,-0.0010765254330141582
2014-06-24,-0.0017320009374375317
2014-06-25,-0.0007746594339095458
2014-06-26,0.0036315567814186604
2014-06-27,-0.0017345013888676896
2014-06-30,-0.0016710240026897689
2014-07-01,-0.002739375971812962
2014-07-02,0.0023544732785891775
2014-07-03,-0.00629653074261359
2014-07-07,-0.0024027530356937957
2014-07-08,-0.0003089558860049631
2014-07-09,0.004821573202114056
2014-07-10,0.009156054346893368
2014-07-11,-0.0010330005012635743
2014-07-14,-0.01867899948263287
2014-07-15,-0.00585373922096318
2014-07-16,0.001693545012804922
2014-07-17,0.010703680285626056
2014-07-18,-0.0046336345296072645
2014-07-21,0.0027961075098212997
2014-07-22,-0.004706123782512159
2014-07-23,-0.0009965159792651784
2014-07-24,-0.008667998195094399
2014-07-25,0.007878901898723875
2014-07-28,0.00012489889781005104
2014-07-29,-0.0031208502162737317
2014-07-30,-0.002130366355267432
2014-07-31,-0.008543763581599318
2014-08-01,-0.007910779764057478
2014-08-04,0.0036198440206911707
2014-08-05,0.0022804332289744532
2014-08-06,-0.014031236550864098
2014-08-07,-0.0024903155082975875
2014-08-08,0.0011504262417850973
2014-08-11,0.00024255826029567204
2014-08-12,-0.0001819928202406108
2014-08-13,-0.0024256198383614696
2014-08-14,-0.0006649982600464105
2014-08-15,0.005678095700350773
2014-08-18,0.0041371759831158325
2014-08-19,0.0015901241326843495
2014-08-20,0.0010417636488238677
2014-08-21,0.012088461262322239
2014-08-22,-0.0030532836972251994
2014-08-25,0.0008069009721845128
2014-08-26,-0.0040388383836849106
2014-08-27,0.001174621215571339
2014-08-28,-0.004210039070535398
2014-08-29,0.0017859430582445588
2014-09-02,-0.014357479756976191
2014-09-03,0.003365594942627454
2014-09-04,-0.002449391045344488
2014-09-05,0.0004526004544889223
2014-09-08,-0.008464587126157027
2014-09-09,-0.003852069526487355
2014-09-10,-0.0021648106194581407
2014-09-11,-0.004012163860452175
2014-09-12,-0.004957326205648351
2014-09-15,0.002460495284648987
2014-09-16,0.001060804511699296
2014-09-17,-0.0005296748020713538
2014-09-18,-0.0057645225391117355
2014-09-19,-0.00693971199097104
2014-09-22,0.0010094948278513267
2014-09-23,0.002823068247870204
2014-09-24,-0.0016076679359637873
2014-09-25,0.001745036275006857
2014-09-26,-0.00475517420164175
2014-09-29,0.0022904664756756466
2014-09-30,-0.004702463405917454
2014-10-01,-0.0034193133079373473
2014-10-02,0.000299965077551962
2014-10-03,0.01650250740923979
2014-10-06,-0.01107736253114725
2014-10-07,-0.0037738807757647383
2014-10-08,0.004810560970500911
2014-10-09,-0.014584043579552272
2014-10-10,0.0026774586703996943
2014-10-13,-0.006191308577811647
2014-10-14,-0.0031858155368560868
2014-10-15,-0.007752332895377547
2014-10-16,0.0026354922327360567
2014-10-17,0.0016152276476935484
2014-10-20,-0.004192399996565842
2014-10-21,-0.005125014828763064
2014-10-22,0.004513863545354789
2014-10-23,0.011926328717639621
2014-10-24,-0.0020016964360995006
2014-10-27,0.001553470901481302
2014-10-28,-7.40839644633033e-05
2014-10-29,0.0036306330507559206
2014-10-30,0.020097315220031938
2014-10-31,0.021169729662387917
2014-11-03,0.0013636002825726016
2014-11-04,0.001606613841992039
2014-11-05,0.01770302937668428
2014-11-06,0.0025424106129299058
2014-11-07,-0.02245049359414441
2014-11-10,0.008031695901448026
2014-11-11,-0.002592366067383521
2014-11-12,0.0031506988297299314
2014-11-13,-0.0017832477181860603
2014-11-14,-0.019336298239277242
2014-11-17,0.0015854635156536026
2014-11-18,-0.01087874712927007
2014-11-19,0.002433422994016826
2014-11-20,0.0022823774093079564
2014-11-21,-0.005364809469248497
2014-11-24,0.0015689137921081025
2014-11-25,-0.0012572116090199654
2014-11-26,0.0003923595155721583
2014-11-28,0.01680002339222986
2014-12-01,-0.02635486808095682
2014-12-02,0.011151927072864384
2014-12-03,-0.005603144960692401
2014-12-04,0.0005978490962243223
2014-12-05,0.010411203850659452
2014-12-08,-0.0027926101502597227
2014-12-09,-0.02225500933421546
2014-12-10,0.0015253625709061257
2014-12-11,0.0022341424268839554
2014-12-12,0.0018282053441338335
2014-12-15,0.00875044569852731
2014-12-16,0.007959912100073992
2014-12-17,-0.0002420788059136493
2014-12-18,-0.00024192387557539515
2014-12-19,-0.0007257501567827605
2014-12-22,0.00978724218557709
2014-12-23,0.001102355069353155
2014-12-24,0.0026988881548077963
2014-12-26,-0.01342185690081816
2014-12-29,0.008220596303196511
2014-12-30,-0.011311045323566606
2014-12-31,0.007402288702135625
2015-01-02,-0.0009713265369264855
2015-01-05,-0.008264849926683422
2015-01-06,-0.0070048207089890265
2015-01-07,0.003907314376888441
2015-01-08,0.000995126791239824
2015-01-09,-0.003444034629055846
2015-01-12,-0.00752051642594988
2015-01-13,-0.0007108126498712719
2015-01-14,-4.4354659509615955e-05
2015-01-15,-0.013441622515207944
2015-01-16,-0.005282517858094589
2015-01-20,-0.007419137277247977
2015-01-21,0.00021156053811297466
2015-01-22,-0.0029629922532403777
2015-01-23,0.0034101432570466527
2015-01-26,0.005592090858587989
2015-01-27,-0.005264561560858957
2015-01-28,0.002458820944730115
2015-01-29,0.013329192750456543
2015-01-30,-0.010431796528676384
2015-02-02,-0.001123458959211361
2015-02-03,-0.006666880244271214
2015-02-04,0.001678357686472002
2015-02-05,-0.0007344518881119664
2015-02-06,-0.011481642524350254
2015-02-09,0.0028835539951489434
2015-02-10,-0.0038233751788887427
2015-02-11,-0.005275425150601668
2015-02-12,0.00046530398712001466
2015-02-13,0.002704852864083198
2015-02-17,-0.007735854277538271
2015-02-18,-0.0035853792958309536
2015-02-19,0.003180665109528649
2015-02-20,-0.0011533738549740595
2015-02-23,-0.0017553670764994817
2015-02-24,-0.0014606617117535468
2015-02-25,0.0017663665357736014
2015-02-26,0.0036924246744629886
2015-02-27,0.001278900976120603
2015-03-02,-0.0020837140603309308
2015-03-03,-0.0015797718742088247
2015-03-04,-0.0016850577469969112
2015-03-05,-0.0023153333104653606
2015-03-06,-0.01572720023622797
2015-03-09,0.0011685983797020947
2015-03-10,-0.003194588320131944
2015-03-11,-0.004792389059220552
2015-03-12,0.0007196014313978188
2015-03-13,0.00025668372965101534
2015-03-16,0.0003592389155290527
2015-03-17,-0.002564166358656657
2015-03-18,0.001596692900846318
2015-03-19,0.009092102813368454
2015-03-20,0.007942706799340218
2015-03-23,0.0015974114466802266
2015-03-24,0.0018420357564727468
2015-03-25,0.0027793752316877117
2015-03-26,0.0038530622766937512
2015-03-27,-0.0026011493836252874
2015-03-30,-0.007394365059904583
2015-03-31,-0.0008486743426380916
2015-04-01,0.01249790063252084
2015-04-02,-0.0037699782393108686
2015-04-06,0.009304196323688922
2015-04-07,-0.004144216857076822
2015-04-08,-0.003910877867407544
2015-04-09,-0.004984659972332379
2015-04-10,0.005817649265424241
2015-04-13,-0.0027774143109243637
2015-04-14,-0.0034213630147896835
2015-04-15,0.004604291571502945
2015-04-16,-0.001838899184664855
2015-04-17,0.002581993097109137
2015-04-20,-0.0049330225292073095
2015-04-21,0.004971875090757039
2015-04-22,-0.008396612284244667
2015-04-23,0.003988970050902481
2015-04-24,-0.010147679281435024
2015-04-27,0.015094186631448214
2015-04-28,0.005613342123687202
2015-04-29,-0.0021839324718498795
2015-04-30,-0.01429720035100063
2015-05-01,-0.0042177191201677455
2015-05-04,-0.007104659219342216
2015-05-05,-0.0035272927135083757
2015-05-06,0.0015897024943493786
2015-05-07,0.004341278941903591
2015-05-08,-0.0037064053770385617
2015-05-11,0.003245496522744874
2015-05-12,-0.005196567203926866
2015-05-13,-0.014150488781939398
2015-05-14,-0.0037579746883021313
2015-05-15,-5.336564748632969e-05
2015-05-18,-0.0012276355318157732
2015-05-19,0.01113434968767103
2015-05-20,-0.001083937918718159
2015-05-21,0.0024348254750810776
2015-05-22,5.429613451262336e-05
2015-05-26,0.009287730310972648
2015-05-27,0.0007162105647329427
2015-05-28,-0.0012134186713929156
2015-05-29,-0.0007157352170962489
2015-06-01,0.0006049239963393674
2015-06-02,-0.0031925823174800516
2015-06-03,0.005372823698927453
2015-06-04,0.005651918675219826
2015-06-05,0.004128928738280974
2015-06-08,-0.0031593581538232195
2015-06-09,-0.002387831128628979
2015-06-10,-0.005107087989690802
2015-06-11,0.003571481600701485
2015-06-12,0.000636970443505425
2015-06-15,-0.003767512104742485
2015-06-16,0.0027669339860832993
2015-06-17,0.0023729944588112323
2015-06-18,-0.014578059520742708
2015-06-19,-0.0
2015-06-22,0.010122292047333099
2015-06-23,0.0043291344963608544
2015-06-24,0.002091220575814603
2015-06-25,0.0006409359180376336
2015-06-26,-0.0008165349171800404
2015-06-29,-0.003262169952575339
2015-06-30,0.004058353731433998
2015-07-01,0.001458072639624094
2015-07-02,0.00365639233634272
2015-07-06,-0.006074351013681715
2015-07-07,0.012472002791943989
2015-07-08,-0.006749436962684083
2015-07-09,0.002637697419581281
2015-07-10,0.0008004230043081675
2015-07-13,0.001540945671942423
2015-07-14,0.0011735928374456536
2015-07-15,0.0037743121135234495
2015-07-16,0.002114806598042813
2015-07-17,0.007486424842148986
2015-07-20,0.01582519377431368
2015-07-21,0.0021277360098967677
2015-07-22,0.007760533723519983
2015-07-23,-0.0016999206298494124
2015-07-24,0.005479066354124345
2015-07-27,-0.007164748982589214
2015-07-28,0.00013012437346701623
2015-07-29,0.0023433015609174972
2015-07-30,0.002808041152225921
2015-07-31,-0.004261555486760781
2015-08-03,0.003958832450683662
2015-08-04,-0.0009443847683683544
2015-08-05,0.003628124501920881
2015-08-06,-0.003280349871562066
2015-08-07,-0.002831252733276128
2015-08-10,-0.007306018823371087
2015-08-11,-0.002436978979222132
2015-08-12,-0.011147011581098069
2015-08-13,0.005284716064528746
2015-08-14,0.001986171418683306
2015-08-17,-0.0040535212544126065
2015-08-18,0.0010612896397618186
2015-08-19,-0.007793241131379559
2015-08-20,-0.0174690647370307
2015-08-21,-0.004530336829416688
2015-08-24,0.004231531155585285
2015-08-25,0.010429973272103548
2015-08-26,0.00945664393779163
2015-08-27,0.0015482191791157949
2015-08-28,-0.0075448671916327455
2015-08-31,0.0010477085788597438
2015-09-01,-0.004824027194797834
2015-09-02,0.004182064708746627
2015-09-03,0.005968410041499375
2015-09-04,0.00211894504163732
2015-09-08,0.0001370519206989403
2015-09-09,0.012477046891524065
2015-09-10,-0.005087180634395744
2015-09-11,0.004153705723892044
2015-09-14,-0.0029233693213363138
2015-09-15,0.0033976377172270297
2015-09-16,-0.011422371117761511
2015-09-17,0.0013038732548326286
2015-09-18,-0.014298937540686583
2015-09-21,0.0033744373660184114
2015-09-22,0.005490694252718821
2015-09-23,-0.004506107909814215
2015-09-24,-0.015068612298400882
2015-09-25,0.005192524442434072
2015-09-28,0.009383291304423318
2015-09-29,0.0033247852423915532
2015-09-30,0.00790508266827965
2015-10-01,0.0008323519484532959
2015-10-02,-0.014848514040778327
2015-10-05,-0.0006353478044925533
2015-10-06,-0.005522715590757727
2015-10-07,-0.0013859115772628058
2015-10-08,0.0027037313837024054
2015-10-09,-0.007321164493891791
2015-10-12,-0.005373247658220409
2015-10-13,-0.0005581819899461514
2015-10-14,-0.008861758849510149
2015-10-15,-0.004775168529679628
2015-10-16,0.0026151926054605173
2015-10-19,0.006286940825484723
2015-10-20,-0.0028939727738956414
2015-10-21,0.006378216432086094
2015-10-22,0.0006187512744803739
2015-10-23,0.0020435841304705764
2015-10-26,-0.0022978116665900885
2015-10-27,0.00012378364911952642
2015-10-28,-0.006377462029614697
2015-10-29,0.018351365116031408
2015-10-30,-0.003664602743160001
2015-11-02,-0.003392847400841905
2015-11-03,-0.012921797744208085
2015-11-04,-0.004695630809497721
2015-11-05,-0.0012895314392721228
2015-11-06,-0.010336017687316715
2015-11-09,0.00018745276601959734
2015-11-10,0.00018732482423287872
2015-11-11,-0.0021853874749703205
2015-11-12,-0.002442942353320812
2015-11-13,0.0
2015-11-16,0.001823085868841226
2015-11-17,-0.009404837859868176
2015-11-18,6.36410339193864e-05
2015-11-19,0.005848684099957907
2015-11-20,-0.0010084716696697254
2015-11-23,-0.006059901109594055
2015-11-24,0.004776913134150286
2015-11-25,-0.002403436702918523
2015-11-27,-0.009076532272735817
2015-11-30,0.0061758766774856946
2015-12-01,0.0009955467336179844
2015-12-02,0.006244614445639528
2015-12-03,-0.004922982092650457
2015-12-04,-0.014860176375386372
2015-12-07,0.005168257433216125
2015-12-08,6.42702876399082e-05
2015-12-09,-0.0008357483114728799
2015-12-10,0.002889647883781869
2015-12-11,-0.002450411243149986
2015-12-14,0.007839295503027591
2015-12-15,0.0011698160712053868
2015-12-16,-0.009830459368301209
2015-12-17,0.017459803351076917
2015-12-18,-0.010141165421534783
2015-12-21,-0.010189503070959297
2015-12-22,0.004541085816216175
2015-12-23,0.0034766264523313733
2015-12-24,-0.005047081518633245
2015-12-28,0.00430393096854995
2015-12-29,-0.004524820472906149
2015-12-30,0.011174357541930574
2015-12-31,-0.00013132909797099508
2016-01-04,-0.009348058780649975
2016-01-05,-0.0020557114917167255
2016-01-06,-0.008383869879590257
2016-01-07,-0.0096908717892382
2016-01-08,0.005985486062161203
2016-01-11,0.0007930983899144565
2016-01-12,0.006657474083834031
2016-01-13,-0.001172141402282411
2016-01-14,0.008375283428520707
2016-01-15,-0.010975867685367763
2016-01-19,0.0009817033332285784
2016-01-20,-0.010568934381216196
2016-01-21,0.0048394253560487665
2016-01-22,0.0011577442507199709
2016-01-25,-0.005493477874097014
2016-01-26,-0.009384015426162764
2016-01-27,0.003343490414764271
2016-01-28,0.0003000250767588753
2016-01-29,-0.00048028458412831975
2016-02-01,-0.0068987221345625975
2016-02-02,0.0003474907033653322
2016-02-03,-0.008170332883487614
2016-02-04,-0.009395871282089827
2016-02-05,-0.0001137055707392071
2016-02-08,-0.02278566909939565
2016-02-09,-0.0004393199161375674
2016-02-10,0.0021953347158652236
2016-02-11,-0.029295750328804996
2016-02-12,0.004639343510608786
2016-02-16,0.016565281003476637
2016-02-17,-0.0017428644154619454
2016-02-18,-0.008148215474863364
2016-02-19,-0.002307271729615083
2016-02-22,0.011175107352235654
2016-02-23,-0.006962368331432446
2016-02-24,-0.008827031457702968
2016-02-25,0.00026555539279552126
2016-02-26,0.0097763327955698
2016-02-29,-0.007604680206510207
2016-03-01,0.00191942357280923
2016-03-02,-0.0057751199691639865
2016-03-03,0.006375861768050297
2016-03-04,0.004990145413968519
2016-03-07,-0.0026484188566483877
2016-03-08,-0.0004371068359710424
2016-03-09,-0.0021874875193416093
2016-03-10,0.006151783105683081
2016-03-11,-0.005248591548213534
2016-03-14,-0.005702801437621991
2016-03-15,-0.005647349649085031
2016-03-16,-0.0004487592026165927
2016-03-17,0.014373443125694682
2016-03-18,-0.004247560904825225
2016-03-21,-0.004003578702181926
2016-03-22,0.0017756980613587512
2016-03-23,-0.00985277523889264
2016-03-24,-0.0009434431073014253
2016-03-28,-0.0006164672185950595
2016-03-29,0.006460270671834995
2016-03-30,-0.0035343990093751713
2016-03-31,0.0029866613396063654
2016-04-01,-0.0048805905404712396
2016-04-04,-0.0017188133319978689
2016-04-05,0.004269936652761202
2016-04-06,-0.002401863673822563
2016-04-07,0.005604082408759953
2016-04-08,0.0025485288534387285
2016-04-11,0.005715112913023147
2016-04-12,0.0010744304507707256
2016-04-13,-0.005003113643015771
2016-04-14,-0.008743695346994367
2016-04-15,0.0033066024462531686
2016-04-18,0.00020277110913365055
2016-04-19,0.007864340085979405
2016-04-20,7.980079984703034e-05
2016-04-21,-0.0016759391013559332
2016-04-22,-0.008127725089194574
2016-04-25,0.00415137351962126
2016-04-26,0.0013319944056231932
2016-04-27,0.0028179993831180293
2016-04-28,0.006525162149565675
2016-04-29,0.009365256214266406
2016-05-02,0.0021334220067606297
2016-05-03,-0.0015423611015034542
2016-05-04,-0.006729307768338619
2016-05-05,-0.0007448645402277739
2016-05-06,0.008441218045878926
2016-05-09,-0.01054016366119126
2016-05-10,-0.0006704846871342952
2016-05-11,0.004225887661380892
2016-05-12,-0.0016839764998426688
2016-05-13,0.0006287180304088492
2016-05-16,0.0005886906764798191
2016-05-17,0.0010975661166983202
2016-05-18,-0.0009778453147820236
2016-05-19,-0.007642164001244131
2016-05-20,-0.0007163692374320329
2016-05-23,-0.0005181618933694006
2016-05-24,-0.008857453434847567
2016-05-25,-0.0021934515437066877
2016-05-26,-0.0013871612106493246
2016-05-27,-0.00257744232677268
2016-05-31,0.0004112460348583526
2016-06-01,-0.0011916417965493092
2016-06-02,0.0008753407840996373
2016-06-03,-0.015827718272042258
2016-06-06,-0.0022932222411252354
2016-06-07,0.00010152768789001312
2016-06-08,-0.00782080988368861
2016-06-09,-0.005216965572461864
2016-06-10,-0.0015921286485994443
2016-06-13,-0.005459063696108057
2016-06-14,-0.0005904098568773185
2016-06-15,-9.834980083734185e-05
2016-06-16,-0.005062336721732059
2016-06-17,0.0017553001236809735
2016-06-20,0.0012223618505190932
2016-06-21,0.009552899996905386
2016-06-22,0.0012435282894890957
2016-06-23,0.003389090046655593
2016-06-24,-0.02946348208623572
2016-06-27,-0.001196895978633286
2016-06-28,0.003440520903514352
2016-06-29,-0.004132022830747156
2016-06-30,0.002625414198847264
2016-07-01,0.007822274046304756
2016-07-05,0.008531504847920795
2016-07-06,0.0036276290416340996
2016-07-07,-0.002035806735780466
2016-07-08,-0.0014896661345287355
2016-07-11,-0.0006827367558093435
2016-07-12,-0.008928926160287846
2016-07-13,0.003601504853084551
2016-07-14,-0.004786651459717976
2016-07-15,-0.0020871873818490085
2016-07-18,0.0008291701522360035
2016-07-19,0.0013508935618127239
2016-07-20,-0.005521443261471777
2016-07-21,0.005135666668484917
2016-07-22,-0.003219659961757584
2016-07-25,-0.0016625484013986754
2016-07-26,0.0006142510328385191
2016-07-27,0.002586076573908909
2016-07-28,0.002487322992272711
2016-07-29,0.007256127258345467
2016-08-01,0.0010299009130351714
2016-08-02,0.00592111140095515
2016-08-03,-0.0037484676154085597
2016-08-04,0.0012268703508423458
2016-08-05,-0.01015798979626145
2016-08-08,-0.0013832466088893186
2016-08-09,0.002587858399560696
2016-08-10,0.002439013072508057
2016-08-11,-0.0008250930062202454
2016-08-12,-0.0030751915854547673
2016-08-15,0.0020758018426995004
2016-08-16,0.004689331052779602
2016-08-17,-0.0035589146037247835
2016-08-18,0.003900809907270427
2016-08-19,-0.004925111009596
2016-08-22,-0.001241240542017818
2016-08-23,0.0013358502534914273
2016-08-24,-0.00744610802967496
2016-08-25,-0.0020006404318542834
2016-08-26,0.0006534970334654285
2016-08-29,0.0006528047052009981
2016-08-30,-0.005216853879720702
2016-08-31,-0.002512028780385971
2016-09-01,0.0027705396522715096
2016-09-02,0.005154340638679037
2016-09-06,0.014107043157101097
2016-09-07,-0.002582047644996655
2016-09-08,-0.00381155259888887
2016-09-09,-0.00342412780168176
2016-09-12,-0.004674044146957152
2016-09-13,-0.0010343417299616346
2016-09-14,0.0012948876282024918
2016-09-15,-0.004135801514277074
2016-09-16,-0.004004928457399543
2016-09-19,0.004028544441788929
2016-09-20,0.00010399937875677599
2016-09-21,0.006864628286386997
2016-09-22,0.006950762266138246
2016-09-23,-0.0016310315416465443
2016-09-26,0.0012772635686250937
2016-09-27,-0.007037300694371022
2016-09-28,-0.003349187382449967
2016-09-29,0.0011908975081098391
2016-09-30,-0.005870074281634751
2016-10-03,-0.0030026479963102593
2016-10-04,-0.029914567447451437
2016-10-05,-0.0007966904503290956
2016-10-06,-0.011162302711100906
2016-10-07,-0.0006604025607888413
2016-10-11,0.0030105690473498843
2016-10-12,-0.0013906028209187272
2016-10-13,0.0028587113485621612
2016-10-14,-0.001388386720805696
2016-10-17,0.0009514126867149486
2016-10-18,0.004678865624115909
2016-10-19,0.0051642306870630615
2016-10-20,-0.0016635928352162876
2016-10-21,0.00021741548507546603
2016-10-24,-0.0028252892245964004
2016-10-25,0.007194024397575245
2016-10-26,-0.005119162023295249
2016-10-27,0.0022476640299612357
2016-10-28,0.005496955011555521
2016-10-31,-0.002875904921649827
2016-11-01,-0.010180208045244854
2016-11-02,-0.013341859004175756
2016-11-03,0.003025918195558555
2016-11-04,-0.0007753987935155943
2016-11-07,0.016138281862960225
2016-11-08,0.003224980831128802
2016-11-09,0.0005285831792831296
2016-11-10,0.004693822300717236
2016-11-14,0.029451251515607155
2016-11-15,-0.0019290368578408343
2016-11-16,0.00041239544517799844
2016-11-17,0.0047450833098372
2016-11-18,0.0055327312230164126
2016-11-21,-0.0007657695454678153
2016-11-22,-0.0009737680903401966
2016-11-23,0.015214656615277034
2016-11-25,0.007712067102669349
2016-11-28,-0.008854524400145095
2016-11-29,0.0019078830075381294
2016-11-30,0.012110924543833553
2016-12-01,0.0028025043350364694
2016-12-02,-0.0047806089375963005
2016-12-05,0.000632400878082173
2016-12-06,0.003682966505685713
2016-12-07,-0.004281769761407822
2016-12-08,0.0029898240735471175
2016-12-09,0.006006299153048387
2016-12-12,-0.0023890882971325353
2016-12-13,0.003948479422513144
2016-12-14,-0.0026867704906149118
2016-12-15,0.019488777537166886
2016-12-16,-0.004492761761568409
2016-12-19,-0.003094374293424962
2016-12-20,0.005331279544834651
2016-12-21,0.0002388450114176118
2016-12-22,0.0013737169229188254
2016-12-23,-0.0018553484658225285
2016-12-27,-0.0032230859685282594
2016-12-28,-0.0012474507928370133
2016-12-29,-0.010079916451173242
2016-12-30,0.003739019877542657
2017-01-03,-0.006109712210880247
2017-01-04,-0.002061360953037613
2017-01-05,-0.00958699836758506
2017-01-06,0.004639653319698018
2017-01-09,-0.0069459728184436175
2017-01-10,-0.0004150171563119234
2017-01-11,-0.0067553415238724235
2017-01-12,-0.0019368725128784778
2017-01-13,0.0021070903301855935
2017-01-17,-0.009804034518702532
2017-01-18,0.0004052580895173945
2017-01-19,0.00602489096436347
2017-01-20,-0.0019867432650539163
2017-01-23,-0.0062346727012221265
2017-01-24,0.002714461183621999
2017-01-25,0.0075373185294433055
2017-01-26,0.004571522785599328
2017-01-27,0.0008259195197183329
2017-01-30,-0.0030121852511943293
2017-01-31,-0.009056799428889739
2017-02-01,0.0017418278940339064
2017-02-02,-0.006460786066312795
2017-02-03,-0.0009933377290634257
2017-02-06,-0.00629390879206353
2017-02-07,-0.0022771270806651762
2017-02-08,-0.00183715013427532
2017-02-09,0.0013471248725475126
2017-02-10,0.00037793209077706093
2017-02-13,0.005402468167212994
2017-02-14,0.00027232957793736867
2017-02-15,-0.004250037082843567
2017-02-16,-0.004493904730933357
2017-02-17,0.0012907499373126072
2017-02-21,5.387183938555933e-05
2017-02-22,0.0029639141500017565
2017-02-23,-0.00985162003386664
2017-02-24,-0.0035739478478939058
2017-02-27,-0.00026528787922543487
2017-02-28,0.0025457768270896555
2017-03-01,0.0019698435377893497
2017-03-02,0.009077565379242824
2017-03-03,0.0034646096052309253
2017-03-06,0.00054417028457802
2017-03-07,-0.006547651548747929
2017-03-08,-0.0044299606964920205
2017-03-09,-0.004116716861932668
2017-03-10,-0.0011531563949185484
2017-03-13,0.001154789151153073
2017-03-14,-0.0003391490337895313
2017-03-15,-0.001221477574777956
2017-03-16,0.01794140532741413
2017-03-17,0.0021944332217466844
2017-03-20,0.0025200564897874256
2017-03-21,0.008264283693642504
2017-03-22,0.00209448178160947
2017-03-23,-0.0015668176630866922
2017-03-24,0.000850269902068464
2017-03-27,0.0047045957208086825
2017-03-28,-6.495033292807704e-05
2017-03-29,-0.0012344718523169937
2017-03-30,-0.005465883937814417
2017-03-31,0.0015067363320926883
2017-04-03,0.002288582966257022
2017-04-04,0.0027385830008277495
2017-04-05,-0.007364764941713849
2017-04-06,0.003774160417828783
2017-04-07,0.003068857514228869
2017-04-10,-0.00244731268264899
2017-04-11,0.015411130424454828
2017-04-12,0.0030939359227775453
2017-04-13,0.007973031323019956
2017-04-17,0.002610909517581715
2017-04-18,0.0017110287755756745
2017-04-19,-0.007648979111449693
2017-04-20,0.0003742969239485163
2017-04-21,0.004115660240162746
2017-04-24,-0.008643199626776255
2017-04-25,-0.007669228145220594
2017-04-26,-0.0026527881456751183
2017-04-27,0.001216047611519313
2017-04-28,0.0018218082836373665
2017-05-01,-0.00969773842426732
2017-05-02,0.001377624184351449
2017-05-03,-0.006649201216077122
2017-05-04,-0.015315357611659615
2017-05-05,-0.0013183913352852916
2017-05-08,0.00038778412660498
2017-05-09,-0.008527769494833543
2017-05-10,0.002346823675049863
2017-05-11,0.004213795789680115
2017-05-12,0.002719151266194182
2017-05-15,0.001859257677912758
2017-05-16,0.004948303705263
2017-05-17,0.017306162570064648
2017-05-18,-0.004381359349619535
2017-05-19,0.0007589007521427063
2017-05-22,0.006066359520571278
2017-05-23,-0.004445476366141329
2017-05-24,-0.0018168804472089499
2017-05-25,0.0025788387458590975
2017-05-26,0.008925735942172637
2017-05-30,-0.004121598524638866
2017-05-31,0.00745122582505121
2017-06-01,-0.003733946676105814
2017-06-02,0.007347453448896402
2017-06-05,0.0018599545701638678
2017-06-06,0.011272279292117516
2017-06-07,-0.003172845849462835
2017-06-08,-0.010216391155933187
2017-06-09,-0.005836985756829927
2017-06-12,-0.0018070463244829224
2017-06-13,-0.00022625141837051698
2017-06-14,0.005281740136665319
2017-06-15,-0.015457996118934851
2017-06-16,0.0013729499369219322
2017-06-19,-0.007464054487461196
2017-06-20,-0.0024563897106806886
2017-06-21,0.0018470896556055149
2017-06-22,0.0032260973457764225
2017-06-23,0.006583638235545023
2017-06-26,-0.007526901564356574
2017-06-27,7.661528900279794e-05
2017-06-28,0.001226026916809743
2017-06-29,-0.0029081626320516577
2017-06-30,-0.002686717242108632
2017-07-03,-0.017551360426823273
2017-07-05,0.0019605253741418072
2017-07-06,-0.0016644986004439683
2017-07-07,0.009884084552553973
2017-07-10,-0.0025723262426010835
2017-07-11,-0.0010992422230460008
2017-07-12,-0.0032936507049793947
2017-07-13,0.0013125398078382023
2017-07-14,-0.007522011576361427
2017-07-17,-0.004489877100025385
2017-07-18,-0.005980289417032959
2017-07-19,-7.155298831873965e-05
2017-07-20,-0.0025763989704788797
2017-07-21,-0.006778983764356059
2017-07-24,0.0002832863467150865
2017-07-25,0.0015585287332688475
2017-07-26,0.0019160033318906724
2017-07-27,-0.007538466544496244
2017-07-28,-0.00620573210360405
2017-07-31,0.0012605748245057558
2017-08-01,-0.0042077735588169265
2017-08-02,0.0005583402014536024
2017-08-03,0.002793712681370794
2017-08-04,-0.007774280855927865
2017-08-07,-7.880759734439788e-05
2017-08-08,-0.0014172078885689254
2017-08-09,0.01308904331663236
2017-08-10,0.008326869990962903
2017-08-11,0.003086916331714433
2017-08-14,-0.002692661476069368
2017-08-15,-0.008100000427720359
2017-08-16,0.0024889786886248457
2017-08-17,0.0073704686253851385
2017-08-18,-0.0005391328947631576
2017-08-21,0.003929771117552261
2017-08-22,-0.0043747159015676915
2017-08-23,0.0029294133305481566
2017-08-24,-0.0018446960569357125
2017-08-25,0.004620296553781805
2017-08-28,0.013183327897851498
2017-08-29,0.002571808432825031
2017-08-30,-0.0037722511784806755
2017-08-31,0.006134386905217579
2017-09-01,0.006247225301579629
2017-09-05,0.011483350310480362
2017-09-06,-0.004097564298357947
2017-09-07,0.008693490479771356
2017-09-08,0.0006927891214488968
2017-09-11,-0.011538451614960064
2017-09-12,-0.002333697351425474
2017-09-13,-0.003586400494495119
2017-09-14,0.0010170190296145336
2017-09-15,-0.0033608170510087128
2017-09-18,-0.011056410915977942
2017-09-19,-7.933819207650835e-05
2017-09-20,0.004597516754589922
2017-09-21,-0.016888137950548797
2017-09-22,0.0021661335378316466
2017-09-25,0.010807762900054113
2017-09-26,-0.007764624028840116
2017-09-27,-0.01085674123433404
2017-09-28,0.0016941565396906009
2017-09-29,-0.00322173076597671
2017-10-02,-0.007109970608743286
2017-10-03,-0.0009762001742115468
2017-10-04,0.0017632577976533822
2017-10-05,-0.0030450552045435853
2017-10-06,0.0013663249297134325
2017-10-09,0.00818728401344129
2017-10-10,0.007007221575098528
2017-10-11,-0.0037960334854896765
2017-10-12,0.005953534878637265
2017-10-13,0.006471411988642885
2017-10-16,-0.001254747272044128
2017-10-17,-0.01326980243172999
2017-10-18,-0.002466145488773066
2017-10-19,0.005582247263215561
2017-10-20,-0.007534698399569742
2017-10-23,0.00023964886116679114
2017-10-24,-0.002156821026271932
2017-10-25,0.0003202310134445036
2017-10-26,-0.00728250653475119
2017-10-27,0.001773223568028263
2017-10-30,0.004505912343697133
2017-10-31,-0.0056877490262704404
2017-11-01,0.005719621859124053
2017-11-02,0.0006059448743380014
2017-11-03,-0.0064413269197195816
2017-11-06,0.009957636326608073
2017-11-07,-0.0043555700641340145
2017-11-08,0.006063623453030548
2017-11-09,0.0030512544349041307
2017-11-10,-0.01003777350672148
2017-11-13,0.003764831104350062
2017-11-14,0.00321456517446018
2017-11-15,-0.003814365596254079
2017-11-16,0.0006892938345554552
2017-11-17,0.01408193715876872
2017-11-20,-0.01599448614860934
2017-11-21,0.004985518975989425
2017-11-22,0.008012668932933313
2017-11-24,-0.003708865964414933
2017-11-27,0.0053945840061922394
2017-11-28,0.0006799847024244068
2017-11-29,-0.009514182873305329
2017-11-30,-0.006786412108301504
2017-12-01,0.004300014399813194
2017-12-04,0.0029807004801036723
2017-12-05,0.009447688685985856
2017-12-06,-0.0009017312673051883
2017-12-07,0.00975887624724758
2017-12-08,0.0034891333074817707
2017-12-11,0.001141939807455247
2017-12-12,0.003963461981925965
2017-12-13,-0.005281358699263917
2017-12-14,-0.0063938541716901075
2017-12-15,-0.0003780356614846067
2017-12-18,-0.0059705086511331615
2017-12-19,0.0011265595369135233
2017-12-20,-0.004060458122327717
2017-12-21,-0.000898526314472792
2017-12-22,-0.00605892123408845
2017-12-26,-0.00646638327686938
2017-12-27,-0.0021408875902819355
2017-12-28,-0.005229610655905073
2017-12-29,-0.008936874461959636
2018-01-02,-0.005369997626586621
2018-01-03,-0.001803993105142921
2018-01-04,0.002078478277895357
2018-01-05,0.0006803711467489447
2018-01-08,-0.001284289931622115
2018-01-09,-0.005219220548940485
2018-01-10,0.004334250609831797
2018-01-11,0.0024226672558878624
2018-01-12,0.009667371913809978
2018-01-16,0.0014960207667636157
2018-01-17,0.0019418960364538972
2018-01-18,-0.008945265143167958
2018-01-19,0.004437908766928555
2018-01-22,-0.0007488528006461897
2018-01-23,0.0035971393532646533
2018-01-24,0.015083847024044267
2018-01-25,0.0047813856447952935
2018-01-26,-0.007906588955812742
2018-01-30,-0.011954560534873605
2018-01-31,0.002688786140713808
2018-02-01,0.003947911230308786
2018-02-02,-0.007864692323699263
2018-02-05,-0.0005234530021407133
2018-02-06,-0.005099816837748665
2018-02-07,-0.01076801236397366
2018-02-08,0.003979442933232701
2018-02-09,-0.0028417127883210596
2018-02-12,0.008324689438960737
2018-02-13,0.0029003978100899767
2018-02-14,0.02031720634744092
2018-02-15,-0.0024701670482588606
2018-02-16,0.0008011577745082347
2018-02-20,-0.017757013508622077
2018-02-21,0.0008892988878031096
2018-02-22,0.00044424827275783824
2018-02-23,-0.0017762821795509454
2018-02-26,0.001853618516364559
2018-02-27,-0.011248791375353031
2018-02-28,0.0
2018-03-01,-0.00943240981589941
2018-03-02,0.01375634125841474
2018-03-05,-0.0022362964818023736
2018-03-06,0.011580495884130345
2018-03-07,-0.005612164969989618
2018-03-08,-0.004143123417554678
2018-03-09,0.0016994372466809207
2018-03-12,-0.0020354693484323488
2018-03-13,0.004420211290650065
2018-03-14,-0.0010150481433359362
2018-03-15,-0.0051487188536982
2018-03-16,-0.003747563636435952
2018-03-19,0.0037632820831932584
2018-03-20,-0.0038838885831714827
2018-03-21,0.006569623481532805
2018-03-22,0.004008259288598147
2018-03-23,0.015353006514250823
2018-03-26,0.0033912961880708694
2018-03-27,-0.008678200784933665
2018-03-28,-0.011438756388288455
2018-03-29,-0.0009485283893776068
2018-04-02,0.013090843149892423
2018-04-03,-0.006217285639021939
2018-04-04,0.002019586297605455
2018-04-05,-0.00772436070849034
2018-04-06,0.005149107546717309
2018-04-09,0.0026598808113868382
2018-04-10,0.003454211969563331
2018-04-11,0.008749783759791015
2018-04-12,-0.010805379503897258
2018-04-13,0.0038723760774729468
2018-04-16,0.0016258483237617072
2018-04-17,-0.00018032045508440477
2018-04-18,0.00240441687100216
2018-04-19,-0.0026369703717581032
2018-04-20,-0.006073014012135744
2018-04-23,-0.008602699493130132
2018-04-24,0.00544975967382756
2018-04-25,-0.006204068201291392
2018-04-26,-0.0030033137833854265
2018-04-27,0.0024608601162741162
2018-04-30,-0.002514799673156832
2018-05-01,-0.007629186440132138
2018-05-02,-0.0007453814718865865
2018-05-03,0.00503563771837077
2018-05-04,0.0012356871945844062
2018-05-07,-0.00030845113237031074
2018-05-08,-0.00016721408507555877
2018-05-09,0.00044226129346464305
2018-05-10,-0.006005740316531648
2018-05-11,0.0011297757053128884
2018-05-14,0.0015712317086941927
2018-05-15,0.017379323059308924
2018-05-16,-0.0008360739138050115
2018-05-17,0.0012850439945438046
2018-05-18,-0.0012870390947506613
2018-05-21,-0.0
2018-05-22,-0.0009637829959078073
2018-05-23,0.0015401993951871203
2018-05-24,-0.009258711878971001
2018-05-25,0.00025428533938817943
2018-05-29,0.002925955129381048
2018-05-30,-0.001787317889828759
2018-05-31,0.0008917363258736371
2018-06-01,0.0033793886381416447
2018-06-04,0.0010884536665576663
2018-06-05,-0.0028207721332551183
2018-06-06,0.0002555784035587328
2018-06-07,-0.001190369570397862
2018-06-08,0.0004377865696549565
2018-06-11,-0.0005840446251438654
2018-06-12,0.0027723696253136435
2018-06-13,-0.0013170997600577955
2018-06-14,-0.005187857481250502
2018-06-15,0.02136524018942356
2018-06-18,-0.0011895347396285846
2018-06-19,0.0004455049509384562
2018-06-20,0.003268724090970638
2018-06-21,0.0029818363431533945
2018-06-22,-0.0001496172066851923
2018-06-25,0.0013458859351717417
2018-06-26,0.006738818067015472
2018-06-27,0.002865601915306453
2018-06-28,0.0037820383002905742
2018-06-29,-0.002658035187774424
2018-07-02,0.008709115671285817
2018-07-03,-0.009019144445929514
2018-07-05,-0.004315713140277335
2018-07-06,0.0022611012089071734
2018-07-09,-0.0032153980729867863
2018-07-10,0.0036049213383335054
2018-07-11,0.009253676035487652
2018-07-12,-0.0018670745899214147
2018-07-13,0.004574843692589357
2018-07-16,0.0012763200402228848
2018-07-17,0.010563715918297417
2018-07-18,-0.0005164016843506373
2018-07-19,0.003354443401111049
2018-07-20,-0.006126231355525415
2018-07-23,0.004718283637712136
2018-07-24,8.615141772320379e-05
2018-07-25,-0.0064634621257465665
2018-07-26,0.005224910159600722
2018-07-27,0.0023242507647364707
2018-07-30,0.0011214615522050677
2018-07-31,-0.00207262667723239
2018-08-01,0.004999164813717884
2018-08-02,0.006322138622682367
2018-08-03,-0.0031365252135322685
2018-08-06,0.004864585163390622
2018-08-07,-0.0009577586976519318
2018-08-08,-0.0028224202186291447
2018-08-09,0.0006568895893682983
2018-08-10,0.0007512628066683628
2018-08-13,0.018604833066166886
2018-08-14,-0.0016238932510043832
2018-08-15,0.014785412441178935
2018-08-16,0.0012564376376510088
2018-08-17,-0.00029030396473954433
2018-08-20,-0.0099629864861668
2018-08-21,-0.005561438550815383
2018-08-22,-0.0035306747692169516
2018-08-23,0.008846822168201209
2018-08-24,-0.01850332930380488
2018-08-27,-0.002547080986509381
2018-08-28,0.0015060148151309215
2018-08-29,0.002733333744488517
2018-08-30,0.006424619567319928
2018-08-31,-0.0024704940780643832
2018-09-04,0.007205623036526451
2018-09-05,-0.002099172492911334
2018-09-06,-0.002628906073168482
2018-09-07,0.0037310454617066153
2018-09-10,0.0005224593487709637
2018-09-11,-0.002090994754549084
2018-09-12,-0.008086190999400352
2018-09-13,0.002329457250498603
2018-09-14,0.006053008723461788
2018-09-17,-0.004087927342825036
2018-09-18,0.0025123981171227172
2018-09-19,-0.004689667315238684
2018-09-20,-0.0034582868460722714
2018-09-21,0.008617046190076338
2018-09-24,-0.002693700592978916
2018-09-25,-0.0006066212520381963
2018-09-26,0.005196940346857915
2018-09-27,0.010184915963380994
2018-09-28,-0.008087895704923515
2018-10-01,0.0038382986831055855
2018-10-02,-0.0133962501388364
2018-10-03,0.0035441330856716196
2018-10-04,0.0009542087394288604
2018-10-05,-0.0036960785546642414
2018-10-08,0.015420052718862449
2018-10-09,-0.0026064058355141544
2018-10-10,-0.0019503358159299756
2018-10-11,-0.03170500494944413
2018-10-12,0.00486615037702551
2018-10-15,-0.0075126211541135645
2018-10-16,-0.0008091255510695778
2018-10-17,0.0032341287577821605
2018-10-18,-0.002522809385979507
2018-10-19,0.001078672974017185
2018-10-22,0.0036893132031618303
2018-10-23,-0.011014617893567079
2018-10-24,0.005005828389364804
2018-10-25,-0.0011673067937097805
2018-10-26,-0.0030499210790140762
2018-10-29,0.007156436714111544
2018-10-30,0.0017107800137635
2018-10-31,0.009288456033448042
2018-11-01,-0.02155416011194321
2018-11-02,0.004549287695809994
2018-11-05,-0.0011152777287132657
2018-11-06,-0.004068669653048879
2018-11-07,0.0016353804018004385
2018-11-08,-0.0022442885383807724
2018-11-09,-0.011251972855304894
2018-11-12,-0.0035254328343108563
2018-11-13,-0.001457886387019924
2018-11-14,0.006050161837233095
2018-11-15,0.0033830073322840748
2018-11-16,0.005500934406920423
2018-11-19,0.0015711047917757752
2018-11-20,-0.0027954710456768216
2018-11-21,0.004652046111177504
2018-11-23,-0.0032655903660828915
2018-11-26,-0.0005464324910241129
2018-11-27,-0.006151020740305134
2018-11-28,0.007023007477880022
2018-11-29,0.0018434597980004496
2018-11-30,-0.0026569667628969736
2018-12-03,0.009363270517377224
2018-12-04,0.004866147440611461
2018-12-06,-0.0021184194974981246
2018-12-07,0.006136637437162485
2018-12-10,-0.002171410010294202
2018-12-11,-0.0012638702390624103
2018-12-12,0.001757990988362119
2018-12-13,-0.0011930836452714664
2018-12-14,-0.0040056050463660635
2018-12-17,0.007342229082034615
2018-12-18,0.0012601213114034652
2018-12-19,0.0020273697721497883
2018-12-20,0.008020881584624915
2018-12-21,-0.006772928525116685
2018-12-24,0.009542320700249268
2018-12-26,0.0011712557896224195
2018-12-27,0.005573441917534527
2018-12-28,0.001777622802655549
2018-12-31,-0.001091693136518855
2019-01-02,0.00184453277307982
2019-01-03,0.007362746716227251
2019-01-04,-0.0061519674328469635
2019-01-07,0.0027914663317296
2019-01-08,-0.0025736960626804675
2019-01-09,0.004359552858261953
2019-01-10,-0.0032719943633481917
2019-01-11,0.0017132212257959325
2019-01-14,0.0014250076901723098
2019-01-15,-0.002063072776589969
2019-01-16,0.003850230491347973
2019-01-17,-0.0004259955327651224
2019-01-18,-0.00689037407681448
2019-01-22,0.0008588399262488787
2019-01-23,0.00042901818301690375
2019-01-24,-0.002858900160749903
2019-01-25,0.01312040534155333
2019-01-28,0.003534236412664473
2019-01-29,0.0040839235917636075
2019-01-30,0.0011917715064117755
2019-01-31,0.006860948732403566
2019-02-01,-0.001945677984220897
2019-02-04,-0.001810572662120212
2019-02-05,-6.984396389814033e-05
2019-02-06,-0.003279679413507825
2019-02-07,-0.00013699565247846847
2019-02-08,0.003871362803708858
2019-02-11,-0.006012438033873173
2019-02-12,0.001984324130546813
2019-02-13,0.0014408397064128524
2019-02-14,-0.0008993706498632032
2019-02-15,0.0074704096441798535
2019-02-19,0.019676574234883476
2019-02-20,0.002815126264607658
2019-02-21,-0.017376743491041798
2019-02-22,0.005077177529102882
2019-02-25,-0.002926773699101576
2019-02-26,-0.000711345968228559
2019-02-27,-0.006583542843059413
2019-02-28,-0.004383752779219179
2019-03-01,-0.014727230017749109
2019-03-04,-0.010548560648880656
2019-03-05,-0.0025692432243931023
2019-03-06,0.002666789818805443
2019-03-07,-0.001009227017412165
2019-03-08,0.012121325016412485
2019-03-11,-0.0068791872154268
2019-03-12,0.006316316923131726
2019-03-13,0.00937775290103582
2019-03-14,-0.011704823152500534
2019-03-15,0.007049135791592646
2019-03-18,-0.0012506482184071728
2019-03-19,0.003923177523799155
2019-03-20,-0.003742744624802843
2019-03-21,0.004673733772976039
2019-03-22,0.004570613113963643
2019-03-25,0.008523659195053244
2019-03-26,-0.00624024699431978
2019-03-27,-0.0036336973771179176
2019-03-28,-0.016655035890094178
2019-03-29,0.0026928313556230077
2019-04-01,-0.0038614035812549676
2019-04-02,0.0013478787442384782
2019-04-03,-8.411867844562907e-05
2019-04-04,-0.000757332217620283
2019-04-05,0.0011788834884361775
2019-04-08,0.005635539112334815
2019-04-09,0.005106662110139063
2019-04-10,0.0044539900923900025
2019-04-11,-0.016235108478605365
2019-04-12,0.001609111080328927
2019-04-15,-0.003052514402944048
2019-04-16,-0.01144072809830499
2019-04-17,-0.0003258882751901626
2019-04-18,-0.00024441845063852296
2019-04-22,0.0013041709693657096
2019-04-23,-0.003419160129537503
2019-04-24,0.005064051584751307
2019-04-25,0.0002438852978399601
2019-04-26,0.007394890733107834
2019-04-29,-0.005083334944175556
2019-04-30,0.0034056210421851956
2019-05-01,-0.0011314901818021746
2019-05-02,-0.00946625067963535
2019-05-03,0.007757051073632122
2019-05-06,0.0020261692639680635
2019-05-07,0.0014560358450577196
2019-05-08,-0.0033117652600779123
2019-05-09,-0.0035206329707832052
2019-05-10,-0.0016852412827300023
2019-05-13,-0.011012058798244708
2019-05-14,0.004083794630759772
2019-05-15,-0.001215128698696104
2019-05-16,0.008570767287129532
2019-05-17,0.00803398639639358
2019-05-20,-0.0012342934848922232
2019-05-21,0.0031589408276258652
2019-05-22,-0.0012367193761755198
2019-05-23,-0.008646348600272741
2019-05-24,0.0013775065167964061
2019-05-28,0.004981172948511874
2019-05-29,-0.003157950891508678
2019-05-30,-0.004990508366999245
2019-05-31,-0.014284858608121547
2019-06-03,-0.012724843072458343
2019-06-04,-0.0005203877464720002
2019-06-05,-0.0036404244805560886
2019-06-06,-0.006883800258292967
2019-06-07,-0.002646172939826177
2019-06-10,-0.013040341868876128
2019-06-11,0.0013230702150439319
2019-06-12,0.004274850678735003
2019-06-13,0.005650406032678156
2019-06-14,0.000692853869058392
2019-06-17,-0.0010770384080982973
2019-06-18,0.0060838425634360425
2019-06-19,-0.001531172690126333
2019-06-20,0.03703285986940241
2019-06-21,0.0024424019376557107
2019-06-24,0.013364911294808681
2019-06-25,0.0004373456419356614
2019-06-26,-0.0024045144581786105
2019-06-27,-0.0023370310921557594
2019-06-28,0.000951536912962566
2019-07-01,-0.017624739187235484
2019-07-02,0.014136715403423697
2019-07-03,0.009615029273190804
2019-07-05,-0.01527100964283405
2019-07-08,0.00022147341281730042
2019-07-09,0.00036898301845785084
2019-07-10,0.007131203263490086
2019-07-11,-0.003271165937439393
2019-07-12,0.003171437767571152
2019-07-15,0.0008461218534736525
2019-07-16,-0.0012397011084873794
2019-07-17,0.006828828831268833
2019-07-18,0.002685831794458248
2019-07-19,-0.0005576734882044172
2019-07-22,0.00011165383600072307
2019-07-23,-0.002901570530307106
2019-07-24,0.0015121211785500762
2019-07-25,-0.004974819152358382
2019-07-26,0.002587419195680684
2019-07-29,0.0006167138147661789
2019-07-30,0.005658278399272076
2019-07-31,-0.002002555790592459
2019-08-01,-0.0028998749085121863
2019-08-02,0.013824917364358964
2019-08-05,0.010452867366871057
2019-08-06,0.004235534951554903
2019-08-07,0.018850804345562668
2019-08-08,-0.004710716920918884
2019-08-09,-0.0005421791428380585
2019-08-12,0.004291427216292544
2019-08-13,-0.0015203265340754675
2019-08-14,0.006732552080416919
2019-08-15,0.0018018142155287126
2019-08-16,-0.003449150570650976
2019-08-19,-0.005905731346965668
2019-08-20,0.002066435028520817
2019-08-21,0.0
2019-08-22,-0.0035816407989983008
2019-08-23,0.014445822431329183
2019-08-26,-0.00014503557395935298
2019-08-27,0.007109851832981256
2019-08-28,-0.001532940466824309
2019-08-29,-0.005424566354412414
2019-08-30,-0.0035786639640417225
2019-09-03,0.01302368263746771
2019-09-04,0.002101155809698262
2019-09-05,-0.01661860426754881
2019-09-06,-0.004481759741089853
2019-09-09,-0.0017957612163801676
2019-09-10,-0.005325816880296444
2019-09-11,0.0018496013381500238
2019-09-12,0.0019344823345545895
2019-09-13,-0.00349901985976166
2019-09-16,0.005501487703832594
2019-09-17,0.0008945666510952854
2019-09-18,0.0010720644300946046
2019-09-19,-0.004058387225944181
2019-09-20,0.0039933189817059865
2019-09-23,0.007314962848174754
2019-09-24,0.0037063947383358165
2019-09-25,-0.012067468230963703
2019-09-26,0.0012958393972179148
2019-09-27,-0.0037462245318912453
2019-09-30,-0.014979135975114757
2019-10-01,0.0074767766602126945
2019-10-02,0.008619378919367622
2019-10-03,0.0027322345609452165
2019-10-04,-0.00040149746121563167
2019-10-07,-0.0037940833945018953
2019-10-08,-0.0002474421047995434
2019-10-09,0.004275015680561076
2019-10-10,-0.005395704353780563
2019-10-11,-0.0058214623143064016
2019-10-14,0.004365314665997822
2019-10-15,-0.006797718929364453
2019-10-16,0.005061786251665763
2019-10-17,0.002078245143281464
2019-10-18,-0.001975897292008139
2019-10-21,-0.0028027705251295098
2019-10-22,-0.0003396287005601776
2019-10-23,0.00398000651736232
2019-10-24,0.004344218897956228
2019-10-25,0.000287863916737371
2019-10-28,-0.0045562070690368705
2019-10-29,-0.0014479758036073452
2019-10-30,0.00299849700242751
2019-10-31,0.008765596737452279
2019-11-01,-0.0016178152652133787
2019-11-04,0.0
2019-11-05,-0.01297158665400166
2019-11-06,-0.004973836964615693
2019-11-07,0.01303524473105492
2019-11-08,0.0014796989685380017
2019-11-11,0.002965395587849056
2019-11-12,0.0017452603085380877
2019-11-13,-0.004939283983456015
2019-11-14,-0.0051624722073320434
2019-11-15,0.0022843049818065146
2019-11-18,-0.0018330360643834826
2019-11-19,-0.0012190538503495658
2019-11-20,-0.0
2019-11-21,0.005172523508224365
2019-11-22,-0.0
2019-11-25,0.0033191718587023316
2019-11-26,-0.0016413832839857602
2019-11-27,0.0032755078378187362
2019-11-29,-0.006271382870934582
2019-12-02,0.0016822062330250863
2019-12-03,-0.008123596588721907
2019-12-04,0.0021227626807537904
2019-12-05,-0.0014699229027539205
2019-12-06,0.010190873705906045
2019-12-09,-0.0001161260119334469
2019-12-10,-0.0019150726568953962
2019-12-11,-0.003937422521892491
2019-12-12,0.0015561843878703842
2019-12-13,-0.005138962779776032
2019-12-16,0.0003443423911461402
2019-12-17,0.00022967833394756308
2019-12-18,0.0011486330944831368
2019-12-19,-0.0032205266435554195
2019-12-20,0.0020052125428253343
2019-12-23,-0.0044793934153746886
2019-12-24,-0.009482837294182214
2019-12-26,-0.005762331577125704
2019-12-27,-0.0025250063778859675
2019-12-30,-0.0003915838588625319
2019-12-31,-0.002795929899442153
2020-01-02,-0.0027867297352452895
2020-01-03,-0.013721267078813647
2020-01-06,-0.009293236693112052
2020-01-07,-0.00302812602752687
2020-01-08,-0.009187887018926104
2020-01-09,-0.0035608405784569408
2020-01-10,0.0036366053618987855
2020-01-13,-0.005684397546324669
2020-01-14,-0.0037699913380147498
2020-01-15,0.0061184976298897
2020-01-16,-0.0019431702506401546
2020-01-17,0.006155298137963228
2020-01-21,-0.0014979507001866448
2020-01-22,-0.0006875971827186186
2020-01-23,0.005817516370909233
2020-01-24,0.004041869701619062
2020-01-27,0.0035297901406657283
2020-01-28,-0.004689373441648371
2020-01-29,0.0003720625138955573
2020-01-30,0.008490767570611535
2020-01-31,-0.00036862754361751163
2020-02-03,-0.003503476605148336
2020-02-04,-0.016531761213394107
2020-02-05,0.004643673295756686
2020-02-06,0.004559099400766297
2020-02-07,0.002422085591170458
2020-02-10,0.0042426782674916015
2020-02-11,-0.006304731843685888
2020-02-12,0.0012543758570519763
2020-02-13,0.005359599383288555
2020-02-14,0.0052641502794262395
2020-02-18,0.0119253997649958
2020-02-19,0.005114056093121214
2020-02-20,0.006176087668058416
2020-02-21,0.018896425950090414
2020-02-24,0.01844206234014408
2020-02-25,-0.016635054257624037
2020-02-26,-0.004570961863614957
2020-02-27,0.0
2020-02-28,-0.05049196518020019
2020-03-02,0.019670252441387804
2020-03-03,0.03412149115123129
2020-03-04,-0.0006643923326349097
2020-03-05,0.016819401073662296
2020-03-06,0.0028807132449924343
2020-03-09,0.002415993268764015
2020-03-10,-0.00583167125993542
2020-03-11,-0.006688574056252652
2020-03-12,-0.01990018495617818
2020-03-13,-0.029033976598549182
2020-03-16,-0.012326392390058729
2020-03-17,0.016455422815332365
2020-03-18,-0.019570385800432064
2020-03-19,0.0005516761383533585
2020-03-20,0.0022897024942441736
2020-03-23,0.03506535338538977
2020-03-24,0.03728899829649792
2020-03-25,-0.010536013416805884
2020-03-26,0.006836790158136527
2020-03-27,-0.00995461006167553
2020-03-30,-0.0007335570944645414
2020-03-31,-0.01492004760097651
2020-04-01,-0.002058983384349723
2020-04-02,0.018869726809481825
2020-04-03,0.0030852021327223973
2020-04-06,0.016616904297864412
2020-04-07,-0.0045609893535029
2020-04-08,8.162015269980143e-05
2020-04-09,0.01441846889824926
2020-04-13,0.0016799971553587791
2020-04-14,0.0023131438198506923
2020-04-15,-0.00569546687051274
2020-04-16,-0.0013352620967282088
2020-04-17,-0.006150792508299105
2020-04-20,0.0024896963537800855
2020-04-21,-0.004664055858957944
2020-04-22,0.010205929810877456
2020-04-23,0.0009025106490370224
2020-04-24,-0.0019176060602125406
2020-04-27,-0.0022827097335912654
2020-04-28,-0.0002773716782347607
2020-04-29,-0.0014077926066305415
2020-04-30,-0.003822884170230214
2020-05-01,0.002074199552963587
2020-05-04,0.002481909093678383
2020-05-05,-0.0004967488007411811
2020-05-06,-0.004019632191276569
2020-05-07,0.007571819032257919
2020-05-08,-0.0021547395050694387
2020-05-11,-0.0026572728363824056
2020-05-12,0.001670507345431683
2020-05-13,0.0017346298298079605
2020-05-14,0.004394239682825888
2020-05-15,0.002739509433911822
2020-05-18,-0.0038337782482685844
2020-05-19,0.002228308178673277
2020-05-20,0.0011419316172885667
2020-05-21,-0.005350987817798943
2020-05-22,0.0025504594363334665
2020-05-26,-0.005346512637686512
2020-05-27,0.0010040237297644946
2020-05-28,0.0005458881710258847
2020-05-29,0.004286796460146784
2020-06-01,0.00016126280364571336
2020-06-02,-0.0022564662543785004
2020-06-03,-0.0049427007197857045
2020-06-04,0.0038676765565246107
2020-06-05,-0.007730947769790927
2020-06-08,0.0041032039682995505
2020-06-09,0.0032142010589234827
2020-06-10,-0.00027199571407591545
2020-06-11,0.00363629828303844
2020-06-12,-0.0005193504090623136
2020-06-15,-0.0017339022545927484
2020-06-16,0.0018010583460409738
2020-06-17,-7.705366188569235e-05
2020-06-18,-0.0008477158012650065
2020-06-19,0.00407563846722365
2020-06-22,0.0020608856478475596
2020-06-23,0.00292062821020998
2020-06-24,-0.0011844036482379897
2020-06-25,-0.00069810580935186
2020-06-26,0.0019663293843082013
2020-06-29,0.0004323179496122558
2020-06-30,0.0034164356612840278
2020-07-01,-0.0036790731875795887
2020-07-02,0.0020291794895560154
2020-07-06,0.000840369185406538
2020-07-07,0.0029245686001527762
2020-07-08,0.0020866427896601807
2020-07-09,-0.0054145325651414195
2020-07-10,-0.0003330372080911275
2020-07-13,0.004265263169482619
2020-07-14,-0.00013235496429242583
2020-07-15,0.0002647684122009745
2020-07-16,-0.004201109913104844
2020-07-17,0.003198078470994617
2020-07-20,0.0025183372587449693
2020-07-21,0.008744321709741048
2020-07-22,0.00705743705986294
2020-07-23,0.00803605676175753
2020-07-24,0.0026009678070259535
2020-07-27,0.010643033802848539
2020-07-28,0.0042511745122239784
2020-07-29,0.0027114691424646106
2020-07-30,-0.003435380937683417
2020-07-31,0.006324260168967604
2020-08-03,0.0009768760881280786
2020-08-04,0.010728295700217721
2020-08-05,0.008952683824349194
2020-08-06,0.006018268700695891
2020-08-07,-0.013840061389153066
2020-08-10,0.004875428093993443
2020-08-11,-0.031077027479088283
2020-08-12,0.0008156202120623058
2020-08-13,0.007721281709036361
2020-08-14,-0.006899757210999235
2020-08-17,0.01698261288753424
2020-08-18,0.004971593491371069
2020-08-19,-0.013950455598319603
2020-08-20,-0.008712095447531033
2020-08-21,0.0002834859574932001
2020-08-24,-0.0024442878157262026
2020-08-25,-0.00565259557275412
2020-08-26,0.010359690964240886
2020-08-27,-0.0067447725790079245
2020-08-28,0.015335514978695328
2020-08-31,0.0010465018824424325
2020-09-01,0.00020897275270162654
2020-09-02,-0.011768996561715721
2020-09-03,-0.0024091211239393126
2020-09-04,-0.0013154428177996594
2020-09-08,0.0025859097951828214
2020-09-09,0.0033301079323062063
2020-09-10,0.0026876772574316
2020-09-11,-0.004617196718136229
2020-09-14,0.004343966863503756
2020-09-15,0.000901449823953099
2020-09-16,0.0010967922695546153
2020-09-17,-0.005669647523123844
2020-09-18,0.003431538521597062
2020-09-21,-0.014345710058300378
2020-09-22,-0.0007523979262273776
2020-09-23,-0.011214581218341261
2020-09-24,0.0024848321789885043
2020-09-25,-0.003121543242867532
2020-09-28,0.004472087587051496
2020-09-29,0.006316160572570165
2020-09-30,-0.001975010346711737
2020-10-01,0.006092084906497598
2020-10-02,-0.0023640378870774317
2020-10-05,0.003561341719603846
2020-10-06,-0.0032795212704424485
2020-10-07,-0.004718047717151555
2020-10-08,0.001359164865449728
2020-10-09,0.008377407747921674
2020-10-12,0.0008002468061615154
2020-10-13,-0.009055311193847995
2020-10-14,0.0034704472565998522
2020-10-15,0.0005116481762059775
2020-10-16,-0.000645654174373239
2020-10-19,0.001508483313345534
2020-10-20,0.0010743276855193476
2020-10-21,0.003805864720915805
2020-10-22,-0.006251988889802937
2020-10-23,0.00024240420274915093
2020-10-26,0.00018842913030108643
2020-10-27,0.001641562006389075
2020-10-28,-0.008744787788933237
2020-10-29,-0.0028927876581874745
2020-10-30,0.0032385908778303834
2020-11-02,0.0035454988135846088
2020-11-03,0.0049024715956518606
2020-11-04,-0.003729187415830217
2020-11-05,-0.016658211043906877
2020-11-06,-0.0015868978730429555
2020-11-09,0.030738580389927654
2020-11-10,-0.007396013557508901
2020-11-11,0.004839395905203897
2020-11-12,-0.003948544869997743
2020-11-13,-0.00431907797085304
2020-11-16,-0.0005238892302996458
2020-11-17,0.0009159889298139671
2020-11-18,0.0036038118980176587
2020-11-19,0.0040863392035208005
2020-11-20,-0.003814992674195517
2020-11-23,0.0114735784094373
2020-11-24,0.011086162816479672
2020-11-25,-0.00030784482708936275
2020-11-27,0.008137586268441315
2020-11-30,0.002148221493610969
2020-12-01,-0.01335142096146988
2020-12-02,-0.0039478571446897644
2020-12-03,-0.0037537294452114384
2020-12-04,0.00030252270808948874
2020-12-07,-0.007490396736898517
2020-12-08,-0.002562856587410433
2020-12-09,0.010258808173424417
2020-12-10,0.00028898376776517124
2020-12-11,-0.0017926976859330116
2020-12-14,0.0031986815554261813
2020-12-15,-0.006842048986726533
2020-12-16,-0.0010876238441940495
2020-12-17,-0.008883283361079285
2020-12-18,0.0004213938324003231
2020-12-21,0.001827492483213949
2020-12-22,0.0035547703051251275
2020-12-23,-0.0023006326905582676
2020-12-24,-0.00147059310379231
2020-12-28,0.0007614749550857071
2020-12-29,-0.000706064387221681
2020-12-30,-0.003187180227138302
2020-12-31,-0.0005887589869423285
2021-01-04,-0.014450763010301407
2021-01-05,-0.0021809826774242497
2021-01-06,0.012434951638717722
2021-01-07,0.0013405833940417636
2021-01-08,-0.021220440940902766
2021-01-11,0.004385427880111005
2021-01-12,-0.001879737072915165
2021-01-13,0.003012890168402653
2021-01-14,-0.0009238289464140246
2021-01-15,-0.00588952696658948
2021-01-19,0.0028934529648130475
2021-01-20,0.007447453778676502
2021-01-21,-0.00016685855887633866
2021-01-22,-0.0026707315045685696
2021-01-25,-0.00022368957696936799
2021-01-26,-0.0011750047901081353
2021-01-27,-0.001626259235632315
2021-01-28,-0.001968921872847128
2021-01-29,0.0026540578094337752
2021-02-01,0.0037922731133593728
2021-02-02,-0.008449809146620838
2021-02-03,0.00048191450054849773
2021-02-04,-0.012263588646801462
2021-02-05,0.006381751527885407
2021-02-08,-0.006566552016897917
2021-02-09,-0.001028939464392843
2021-02-10,-0.0016009300233958757
2021-02-11,0.004728772790071247
2021-02-12,0.0010025149238069376
2021-02-16,0.007425860845934796
2021-02-17,0.008051063658425653
2021-02-18,-0.0007199519897761121
2021-02-19,-0.0007502715993061392
2021-02-22,-0.009646562909213893
2021-02-23,0.0007057282959666737
2021-02-24,0.0024579142093290062
2021-02-25,0.006789365451668136
2021-02-26,0.014465700588714131
2021-03-01,0.001796498368528503
2021-03-02,-0.003411577111100099
2021-03-03,0.005693825547751062
2021-03-04,0.004880330273184024
2021-03-05,0.0007173359556985121
2021-03-08,0.006627793277377971
2021-03-09,-0.01285420256650485
2021-03-10,-0.0015616125943867351
2021-03-11,-0.0002540750595814672
2021-03-12,0.0008888108767157316
2021-03-15,-0.002988679682099907
2021-03-16,-0.0005375503345640908
2021-03-17,0.0012004141395728903
2021-03-18,-0.0017096075347018337
2021-03-19,-0.002903660471984859
2021-03-22,0.0011301955136478637
2021-03-23,0.004121234225091553
2021-03-24,-0.002599302054886389
2021-03-25,0.0025238820148706597
2021-03-26,-0.002313700519694277
2021-03-29,0.006343808691556794
2021-03-30,0.009004753007171348
2021-03-31,-0.009707509168991178
2021-04-01,-0.004051300616097054
2021-04-05,-0.00015832736769436144
2021-04-06,-0.004590164336654559
2021-04-07,0.0004395058904296601
2021-04-08,-0.0052468269988803435
2021-04-09,0.005082371349805408
2021-04-12,0.004604836522920073
2021-04-13,-0.0057483276110203456
2021-04-14,0.004293180425801577
2021-04-15,-0.011663338227143539
2021-04-16,-0.0051108423433084745
2021-04-19,0.0035800712028002126
2021-04-20,-0.0029621011740361435
2021-04-21,-0.0055992259079045295
2021-04-22,0.0041087864211683004
2021-04-23,0.0015643324368000546
2021-04-26,-0.0008213402341637248
2021-04-27,0.00044744153888766954
2021-04-28,0.001791065144919099
2021-04-29,0.0019081296069797613
2021-04-30,0.0003001517570113726
2021-05-03,-0.009046983472850595
2021-05-04,0.005777351970827461
2021-05-05,-0.0031008280226350457
2021-05-06,-0.011676381663566942
2021-05-07,-0.005700660127562019
2021-05-10,0.0021906254514990333
2021-05-11,-0.0005884062085341554
2021-05-12,-0.004895481866720094
2021-05-13,0.00044494633188725964
2021-05-14,0.005224351344789034
2021-05-17,0.010883302682760504
2021-05-18,0.00010857318120923079
2021-05-19,0.0048842133298085495
2021-05-20,0.0001795986947387419
2021-05-21,-0.0018314550117039755
2021-05-24,0.0028446237337702482
2021-05-25,0.004840673890525264
2021-05-26,0.0011392841969210966
2021-05-27,-0.001990380827037301
2021-05-28,0.0024240058899766105
2021-06-01,0.00014208658320369083
2021-06-02,0.0016335438369801758
2021-06-03,-0.012859790723451451
2021-06-04,0.006717168851186962
2021-06-07,0.002503072463923273
2021-06-08,-0.0016388406881315694
2021-06-09,0.00041727728134125923
2021-06-10,0.00043551151603846605
2021-06-11,-0.007312698958515659
2021-06-14,-0.005884978741884999
2021-06-15,-0.004202172005653433
2021-06-16,0.0022229991396569494
2021-06-17,-0.037999730779094416
2021-06-18,-0.002742491398714482
2021-06-21,0.006482671115941068
2021-06-22,-0.0025450706985475978
2021-06-23,0.0027850375214795667
2021-06-24,-0.0030995229701069223
2021-06-25,0.0004643559316488077
2021-06-28,0.0013922836748212126
2021-06-29,-0.007783611036291609
2021-06-30,0.0037418214570477224
2021-07-01,0.002374623162969876
2021-07-02,0.0031106364191577805
2021-07-06,0.0050416152835917015
2021-07-07,0.003677771423021997
2021-07-08,-0.0008696030271193885
2021-07-09,0.00399604960232624
2021-07-12,-0.0017263887485501007
2021-07-13,0.001499942086118402
2021-07-14,0.0057181697824454985
2021-07-15,0.001560593015514241
2021-07-16,-0.0052789676745888855
2021-07-19,-0.00221962360719247
2021-07-20,0.0008446470512082753
2021-07-21,-0.003067610180571694
2021-07-22,0.0008088113910558584
2021-07-23,-0.0013849273988769221
2021-07-26,-0.0010408066028079377
2021-07-27,0.0003088605415164165
2021-07-28,0.0
2021-07-29,0.012232392287883712
2021-07-30,-0.007053119857078644
2021-08-02,0.002107004085389813
2021-08-03,-0.0030554619798065868
2021-08-04,0.00015345766765308323
2021-08-05,-0.0020711037364145764
2021-08-06,-0.01734921002231457
2021-08-09,0.014303814530292568
2021-08-10,-0.0021838151449311595
2021-08-11,-0.008707926187736617
2021-08-12,0.0005574482332591129
2021-08-13,-0.010440394698067474
2021-08-16,-0.004593540482456907
2021-08-17,0.0007410801343872158
2021-08-18,0.0013275474720438496
2021-08-19,0.0005476860206991202
2021-08-20,-0.00031322322267999283
2021-08-23,-0.008687490541233139
2021-08-24,-0.0009276369036419384
2021-08-25,0.006716369216335528
2021-08-26,-0.001559014511300548
2021-08-27,-0.009488772728536073
2021-08-30,0.002915809443077169
2021-08-31,-0.002311633228013108
2021-09-01,0.0007296066723026686
2021-09-02,0.0016913737229813672
2021-09-03,-0.008554490047794388
2021-09-07,0.013323234099805646
2021-09-08,0.0018595648696456077
2021-09-09,-0.0024118078515469247
2021-09-10,0.002797296837269329
2021-09-13,-0.0008644615287691894
2021-09-14,-0.0045682516742980624
2021-09-15,0.004393225492012541
2021-09-16,0.013593878873088815
2021-09-17,0.0019103243997946916
2021-09-20,-0.0045689813799215055
2021-09-21,-0.005195366737247295
2021-09-22,-0.00025404506316454244
2021-09-23,0.010521311618990649
2021-09-24,-0.0007376478785709264
2021-09-27,-0.00011053869457469819
2021-09-28,0.0052303984979213585
2021-09-29,0.005310358001340878
2021-09-30,-0.012655994482303486
2021-10-01,-0.0006242679783389966
2021-10-04,-0.0033752017461363233
2021-10-05,0.0024087317477946724
2021-10-06,-0.0003297055966182533
2021-10-07,0.0010405860705114546
2021-10-08,0.0006467401203721572
2021-10-11,0.0006878275043259592
2021-10-12,-0.0014984519507687695
2021-10-13,-0.01430604857457054
2021-10-14,-0.0011884531823793947
2021-10-15,0.011666943091508394
2021-10-18,0.0009649804136941001
2021-10-19,-0.0019728884800729735
2021-10-20,-0.005781948366022804
2021-10-21,0.001155029526154881
2021-10-22,-0.005704734871878885
2021-10-25,-0.004155416014042627
2021-10-26,0.005232944261814893
2021-10-27,-0.002061163643933819
2021-10-28,-0.0014623154682036608
2021-10-29,0.00733608958998534
2021-11-01,-0.004822183918455043
2021-11-02,0.0025333990839892903
2021-11-03,0.009971176951247393
2021-11-04,-0.01184563172275367
2021-11-05,0.009373666451679006
2021-11-08,0.0044362911326701875
2021-11-09,0.0011224109568461478
2021-11-10,0.006964503664207601
2021-11-11,0.006185215333355421
2021-11-12,0.001847923611179024
2021-11-15,-0.0007059427967412316
2021-11-16,-0.004906976282032967
2021-11-17,0.006362796820806576
2021-11-18,-0.0034086605273876487
2021-11-19,-0.003857631323016343
2021-11-22,-0.01788642263919504
2021-11-23,-0.009126486697776577
2021-11-24,0.00024643325751523174
2021-11-26,0.0004927508909363565
2021-11-29,-0.0012309740305374089
2021-11-30,-0.0035758635863481743
2021-12-01,0.0033042520328911396
2021-12-02,-0.0085936061998219
2021-12-03,0.008862048037340173
2021-12-06,-0.0018498804687075389
2021-12-07,-0.002213739744831191
2021-12-08,-0.0003166282794232174
2021-12-09,0.0034811554532462874
2021-12-10,-0.0032996454713992564
2021-12-13,-0.0013453712674103043
2021-12-14,0.006279578369770722
2021-12-15,0.003108229072402652
2021-12-16,-0.013608562776625721
2021-12-17,-0.0028273047877293658
2021-12-20,0.003950247276813544
2021-12-21,0.0022811813732105985
2021-12-22,-0.005405836331543228
2021-12-23,-0.003759229716150575
2021-12-27,0.0012074773126227085
2021-12-28,-0.0008193678308861047
2021-12-29,0.001987598462047715
2021-12-30,-0.002970284443006375
2021-12-31,-0.005760024476975713
2022-01-03,0.010847649912844034
2022-01-04,-0.005724156662387776
2022-01-05,-0.00412244325219465
2022-01-06,-0.014738380929931412
2022-01-07,0.003431118708392148
2022-01-10,0.0005760764527429204
2022-01-11,0.008305324614667394
2022-01-12,0.0034966537495293767
2022-01-13,-0.002428050790291412
2022-01-14,-0.0019082194041543652
2022-01-18,-0.0017096272475727145
2022-01-19,0.012566437433943959
2022-01-20,-0.00024070065765211478
2022-01-21,-0.004294047962623802
2022-01-24,0.003996183626308251
2022-01-25,0.004416379652310105
2022-01-26,-0.009099571745108706
2022-01-27,-0.014789245711763632
2022-01-28,-0.003463539777412978
2022-01-31,0.004184070756200428
2022-02-01,0.002183272826425803
2022-02-02,0.0036553834374279228
2022-02-03,-0.0025339281344041
2022-02-04,0.0014763741092477269
2022-02-07,0.005815338858788802
2022-02-08,0.0024737373243060258
2022-02-09,0.0035340332794672534
2022-02-10,0.00040900957498411414
2022-02-11,0.0018804593254461962
2022-02-14,0.011091195775110306
2022-02-15,-0.0053041074924149376
2022-02-16,0.006232147625039246
2022-02-17,0.0122413315874926
2022-02-18,-0.000829311229668579
2022-02-22,0.0029651362649784543
2022-02-23,0.0012207576704164709
2022-02-24,0.006251197793950104
2022-02-25,-0.015050488821685132
2022-02-28,0.005132755614554076
2022-03-01,0.016992953944843264
2022-03-02,-0.008308385690902838
2022-03-03,0.005275284306181146
2022-03-04,0.011912646642725419
2022-03-07,0.011000829605824899
2022-03-08,0.017392219263013656
2022-03-09,-0.017687927577930227
2022-03-10,0.00408773331626007
2022-03-11,-0.005128448966330876
2022-03-14,-0.007752403488909339
2022-03-15,-0.010560256477486794
2022-03-16,-0.007073202002142394
2022-03-17,0.01189207230302224
2022-03-18,-0.0047623994960804515
2022-03-21,0.00013804359902955295
2022-03-22,-0.0027256376512536868
2022-03-23,0.005508332010810927
2022-03-24,0.008589777805894993
2022-03-25,-0.0026458299031282984
2022-03-28,-0.004836067028849188
2022-03-29,-0.009468438687431212
2022-03-30,0.007482253452248472
2022-03-31,0.005403012454639246
2022-04-01,-0.01027523101663109
2022-04-04,0.0035019066698165242
2022-04-05,-0.0021729018091067045
2022-04-06,-0.001557175822994586
2022-04-07,0.004723264853879794
2022-04-08,0.00237785797514181
2022-04-11,0.0008198279885401777
2022-04-12,0.008429218630102936
2022-04-13,0.0026605365157591336
2022-04-14,-0.0030056804197878483
2022-04-18,0.003589414433894029
2022-04-19,-0.00808679081347115
2022-04-20,-0.001024875642469179
2022-04-21,-0.002234567824740077
2022-04-22,-0.004213327665341986
2022-04-25,-0.011540298457381899
2022-04-26,0.0025534549528682393
2022-04-27,-0.004805794064928414
2022-04-28,0.000875255721752375
2022-04-29,0.006430033917943598
2022-05-02,-0.014666496389931756
2022-05-03,0.002216521541385382
2022-05-04,-0.0005678431652911077
2022-05-05,0.00221034810604171
2022-05-06,0.0022649932825628397
2022-05-09,-0.007222243989148618
2022-05-10,-0.005218963994272888
2022-05-11,0.0038895575076069726
2022-05-12,-0.008759959539106927
2022-05-13,-0.005067101951467649
2022-05-16,0.0019018058718464994
2022-05-17,0.0014603876683259868
2022-05-18,-0.0007127951485147064
2022-05-19,0.007850904605460687
2022-05-20,0.00018365947850339817
2022-05-23,0.0018356976044570216
2022-05-24,0.005275719066147974
2022-05-25,-0.005710217092853496
2022-05-26,0.000366286901318939
2022-05-27,0.0011895939632033932
2022-05-31,-0.0026176943832618084
2022-06-01,0.0001835099754779619
2022-06-02,0.007092239731769018
2022-06-03,-0.0063701011642180155
2022-06-06,-0.0018932094727671768
2022-06-07,0.002542986598680203
2022-06-08,-0.0017794046396961776
2022-06-09,0.0011396921592258947
2022-06-10,-0.008359528897741815
2022-06-13,0.01582509223135176
2022-06-14,0.006890367112515807
2022-06-15,-0.002182327305372829
2022-06-16,-0.011401725827327649
2022-06-17,0.0037256842648404486
2022-06-21,0.00037091020387189746
2022-06-22,0.00011130653257156062
2022-06-23,0.0031921245591032942
2022-06-24,-0.00029835540766890334
2022-06-27,0.002087436540062684
2022-06-28,0.0012712845181419932
2022-06-29,0.0014235134727529379
2022-06-30,0.00360372391303689
2022-07-01,0.0019623907553505964
2022-07-05,0.014041497289747806
2022-07-06,0.010395440112424941
2022-07-07,-0.0011773175714867687
2022-07-08,-0.0010577376057683064
2022-07-11,0.004231887545664689
2022-07-12,0.002692491139266936
2022-07-13,-0.004397344136473782
2022-07-14,0.011906532832739566
2022-07-15,0.0008565367246018065
2022-07-18,-0.00277697114004179
2022-07-19,-0.000325426091300584
2022-07-20,0.004268958539421062
2022-07-21,-0.005399827720223055
2022-07-22,-0.005845352300448414
2022-07-25,0.0032605808991501115
2022-07-26,0.0005257902587049492
2022-07-27,-0.0005666528194998243
2022-07-28,-0.012617788039243948
2022-07-29,-0.005004791010180645
2022-08-01,-0.0024056318289043675
2022-08-02,-0.0008253063013476109
2022-08-03,0.00514228517327689
2022-08-04,-0.012061733172084274
2022-08-05,0.006064063249432992
2022-08-08,-0.005450797716245403
2022-08-09,-0.0029410799447927897
2022-08-10,-0.0006499717568552071
2022-08-11,0.002394681651308773
2022-08-12,-0.0036242198972786348
2022-08-15,0.006969412973279337
2022-08-16,0.0033547475636228306
2022-08-17,0.005301909135823923
2022-08-18,0.002070078772484716
2022-08-19,0.0031970325637824936
2022-08-22,0.005671522605025169
2022-08-23,-0.005379799643661324
2022-08-24,-0.00041721544108358613
2022-08-25,-0.0041280289281536865
2022-08-26,0.008955958824732567
2022-08-29,-0.00020989342869218657
2022-08-30,0.005623534549316921
2022-08-31,0.0043984246479723725
2022-09-01,0.006893088905894849
2022-09-02,-0.0056702270979942125
2022-09-06,0.004006703681123103
2022-09-07,-0.006386154866162858
2022-09-08,0.0032658939283057684
2022-09-09,-0.003690362260412653
2022-09-12,-0.005329979853440318
2022-09-13,0.010275152049131717
2022-09-14,0.0038321291988349486
2022-09-15,0.01409132347335875
2022-09-16,-0.0029077866216560824
2022-09-19,0.002529006584471015
2022-09-20,0.0029986918518829235
2022-09-21,-0.0022694167868526384
2022-09-22,-0.0028630737575809045
2022-09-23,0.011731709527892818
2022-09-26,0.01027834451663623
2022-09-27,-0.0016099531624375225
2022-09-28,-0.015924616833716498
2022-09-29,0.0008796138331804156
2022-09-30,-0.0018075796785737724
2022-10-03,-0.0141029479516346
2022-10-04,-0.012804500618135761
2022-10-05,0.004332205506171363
2022-10-06,-0.0001347129291386505
2022-10-07,0.004726199775915046
2022-10-10,0.014120844701063054
2022-10-11,-0.004945238437077451
2022-10-12,0.003619103699458718
2022-10-13,0.00012992637126880936
2022-10-14,0.012256616053075133
2022-10-17,-0.006740605332033254
2022-10-18,0.003491944613218543
2022-10-19,0.009430129837645379
2022-10-20,-0.0014665579774580577
2022-10-21,-0.008958792379537055
2022-10-24,0.0010076039250758492
2022-10-25,-0.0017986739457873772
2022-10-26,-0.004901123885867232
2022-10-27,0.0014343888872073978
2022-10-28,0.009189473885615492
2022-10-31,0.0016321420636889298
2022-11-01,-0.004023308514430403
2022-11-02,-0.00030775258585930075
2022-11-03,0.008086577066627396
2022-11-04,-0.02008954941890095
2022-11-07,-0.0015892161270327386
2022-11-08,-0.014032559972662296
2022-11-09,0.0007719543862363243
2022-11-10,-0.015534458104885114
2022-11-11,-0.005927568226680007
2022-11-14,-0.002843886519007075
2022-11-15,-7.454595802357034e-05
2022-11-16,0.0002980592439638223
2022-11-17,0.004547158802250392
2022-11-18,0.0033401957646665118
2022-11-21,0.005469522940079251
2022-11-22,-0.00034233021402545525
2022-11-23,-0.002509044426819389
2022-11-25,-0.0031812717155111146
2022-11-28,0.0049752036298906874
2022-11-29,-0.003152079851910476
2022-11-30,0.000907121833922705
2022-12-01,-0.020854411157501862
2022-12-02,0.0019078850716610098
2022-12-05,0.010487053130479162
2022-12-06,-0.0007104198527643152
2022-12-07,0.005099416211195899
2022-12-08,0.0010299703900682883
2022-12-09,0.003020179317465467
2022-12-12,-0.005625219491704614
2022-12-13,0.010780677363173357
2022-12-14,-0.00202772719953947
2022-12-15,-0.009633991639795933
2022-12-16,0.004139201573041233
2022-12-19,-0.0007384570951063038
2022-12-20,0.009065606217877265
2022-12-21,0.0
2022-12-22,-0.009146343714099916
2022-12-23,0.002862252136276226
2022-12-27,0.006048134652803578
2022-12-28,-0.0021850585961056385
2022-12-29,0.0036874310408828237
2022-12-30,6.315578485064192e-05
2023-01-03,0.006316426616819851
2023-01-04,0.004092312394922484
2023-01-05,-0.005583225827379394
2023-01-06,0.009208701330079035
2023-01-09,0.0027414980530265838
2023-01-10,-0.00035360542762327376
2023-01-11,0.0009649666399260351
2023-01-12,0.006711850308411757
2023-01-13,0.007273044289511739
2023-01-17,-0.003514679813945155
2023-01-18,-0.0008838010631636417
2023-01-19,0.005595230283942813
2023-01-20,0.0013467949819816801
2023-01-23,0.0002187385583910949
2023-01-24,0.0021242804924260475
2023-01-25,0.0022724197728023936
2023-01-26,-0.003752479237551702
2023-01-27,-0.00015603403682059404
2023-01-30,-0.0017792339385432755
2023-01-31,0.0020662825104946297
2023-02-01,-0.000530390503999628
2023-02-02,-0.0035912027839682804
2023-02-03,-0.016775752901700892
2023-02-06,0.0010663967873194512
2023-02-07,0.0017742245790721184
2023-02-08,0.001983592740917291
2023-02-09,-0.0038983421245066693
2023-02-10,-0.0011904856817348977
2023-02-13,-0.003823641242143797
2023-02-14,0.0007409904581859995
2023-02-15,-0.006978666406372469
2023-02-16,0.002778859255690976
2023-02-17,-0.0005675964064471668
2023-02-21,-0.0026274643337924827
2023-02-22,-0.00035649499937775005
2023-02-23,-0.004993654298052093
2023-02-24,-0.0033067971201911767
2023-02-27,0.0029623516618764666
2023-02-28,0.004279655710746367
2023-03-01,0.0031441626117899757
2023-03-02,-0.0014934323165544771
2023-03-03,0.005060831106520096
2023-03-06,7.075766126809425e-05
2023-03-07,-0.012023097060277332
2023-03-08,-0.0004323249631040951
2023-03-09,0.0059841245921866916
2023-03-10,0.013289555690751185
2023-03-13,0.019860867661835896
2023-03-14,-0.0021407447746283844
2023-03-15,0.007963136592285147
2023-03-16,-0.0029352329829372315
2023-03-17,0.019697499003132703
2023-03-20,0.0035507748082012395
2023-03-21,-0.015489199088241786
2023-03-22,0.003378728081542492
2023-03-23,0.017963809532545578
2023-03-24,-0.004366454211457208
2023-03-27,-0.011149415780270087
2023-03-28,0.007622248849814328
2023-03-29,-0.002376680748806859
2023-03-30,0.005374114544667866
2023-03-31,-0.004245914593631243
2023-04-03,0.0056307104633114575
2023-04-04,0.014364816840796704
2023-04-05,-0.00047831799507971255
2023-04-06,-0.003313749021380725
2023-04-10,-0.00843240220909966
2023-04-11,0.004873774164816334
2023-04-12,0.001884423463133386
2023-04-13,0.009362782256818778
2023-04-14,-0.011862943625478878
2023-04-17,-0.002474594315678386
2023-04-18,0.004099483191716946
2023-04-19,-0.0037640031939845746
2023-04-20,0.0038490857388812317
2023-04-21,-0.008668625304890445
2023-04-24,0.003003558485115939
2023-04-25,0.0015256787673445036
2023-04-26,-0.0025779646849924307
2023-04-27,0.0013099801326693886
2023-04-28,6.223205852227726e-05
2023-05-01,-0.002085058352756219
2023-05-02,0.009648726112676365
2023-05-03,0.004396743399201824
2023-05-04,0.005922803590476557
2023-05-05,-0.0092536399626921
2023-05-08,0.002732251333985535
2023-05-09,0.003025858577554799
2023-05-10,-0.001697083787080534
2023-05-11,-0.004713068816245398
2023-05-12,-6.01121032431622e-05
2023-05-15,0.0010523231350828982
2023-05-16,-0.00888420429435007
2023-05-17,-0.002345521628928084
2023-05-18,-0.007400211711561457
2023-05-19,0.006872591216659543
2023-05-22,-0.0011937740520805709
2023-05-23,-0.0007361068785542996
2023-05-24,-0.0029479728201467874
2023-05-25,-0.006079111743190344
2023-05-26,0.00031171176871428076
2023-05-30,0.004330572502695632
2023-05-31,0.001825111774941841
2023-06-01,0.004348578665953501
2023-06-02,-0.007839017060305643
2023-06-05,0.0017372634190238362
2023-06-06,0.0023200477407243525
2023-06-07,-0.007026047388774048
2023-06-08,0.006516125045649355
2023-06-09,-0.0004527412743766613
2023-06-12,-0.00221806979744241
2023-06-13,-0.0034518257490853623
2023-06-14,0.003470819263843219
2023-06-15,0.0008064958227284763
2023-06-16,0.00019330396767720492
2023-06-20,-0.007375815831924186
2023-06-21,-0.0007169607663850166
2023-06-22,-0.006721180241425702
2023-06-23,0.0021106212610816
2023-06-26,0.0015119361517204333
2023-06-27,-0.003180590364049901
2023-06-28,-0.0005602347434828244
2023-06-29,-0.0010225742760421007
2023-06-30,0.0039316238646660475
2023-07-03,0.00019699678422071951
2023-07-05,-0.0006892935130094855
2023-07-06,-0.003581725176738319
2023-07-07,0.005783302527014729
2023-07-10,-0.0003929503965844655
2023-07-11,0.002064375548035439
2023-07-12,-0.01126684613756777
2023-07-13,-0.001318875727762309
2023-07-14,-0.00039506758142834615
2023-07-17,0.0033783575591985696
2023-07-18,-0.010923893526873838
2023-07-19,-0.00013050802232195387
2023-07-20,0.004000966314250757
2023-07-21,0.001747690609661946
2023-07-24,0.0017512495172955903
2023-07-25,-0.0007896381952189629
2023-07-26,-0.002980483785572039
2023-07-27,0.010264553499092425
2023-07-28,-0.006630987462405346
2023-07-31,-0.004430691269385588
2023-08-01,0.013005779933431152
2023-08-02,0.0014623178137639276
2023-08-03,0.0023970234742946906
2023-08-04,-0.0033829917585226914
2023-08-07,0.0027046544784348984
2023-08-08,0.004181004835766066
2023-08-09,0.003888526345992304
2023-08-10,0.00048314270487114343
2023-08-11,0.0007408487600098867
2023-08-14,0.0011368830028186012
2023-08-15,0.004008528100500522
2023-08-16,0.003180738426701347
2023-08-17,0.00598399199414304
2023-08-18,-0.001003684095060809
2023-08-21,-0.0036094679945488104
2023-08-22,-0.0015481385241952216
2023-08-23,-0.011018762747806408
2023-08-24,0.00014787716697808878
2023-08-25,0.0034997254052428262
2023-08-28,-0.003364337951302982
2023-08-29,-0.009169747983123136
2023-08-30,-0.0038084723811506902
2023-08-31,0.002966500944862872
2023-09-01,-0.0007805826629395541
2023-09-05,0.00662912260516989
2023-09-06,0.00397606369281261
2023-09-07,0.0002957558401136424
2023-09-08,-0.0004438026673004797
2023-09-11,-0.002887178511082007
2023-09-12,0.006999943941573393
2023-09-13,0.0012914233269021812
2023-09-14,-0.0005289151132932732
2023-09-15,-0.008047222522453764
2023-09-18,-0.004549046184011463
2023-09-19,-0.0002904261050266792
2023-09-20,-0.007897531472072264
2023-09-21,0.015223381638755026
2023-09-22,-0.0036244069506111073
2023-09-25,0.005127721948993051
2023-09-26,0.00948293089778778
2023-09-27,0.017002334469087617
2023-09-28,0.006713723590777913
2023-09-29,0.007417556405989
2023-10-02,0.010987854157802622
2023-10-03,0.003310586899786022
2023-10-04,0.0037507730832655076
2023-10-05,0.0011722121933426585
2023-10-06,-0.008399224380217299
2023-10-09,-0.011830966562402083
2023-10-10,-0.006443448528610572
2023-10-11,-0.006559453181860958
2023-10-12,0.0019333337734037932
2023-10-13,-0.03215341736934975
2023-10-16,0.0033814444762499045
2023-10-17,-0.0008615760037528866
2023-10-18,-0.017540323186114915
2023-10-19,-0.006930862459528263
2023-10-20,-0.0074102899993332035
2023-10-23,0.0032352308750309986
2023-10-24,0.0006805138807466243
2023-10-25,-0.004766540995074242
2023-10-26,-0.0016163109945743946
2023-10-27,-0.0007288266535883399
2023-10-30,-0.00395362043482668
2023-10-31,0.005700577441677713
2023-11-01,0.0033350265574973426
2023-11-02,-0.003554942068868414
2023-11-03,-0.0030739178388237065
2023-11-06,0.005142640434841319
2023-11-07,0.007726339427038257
2023-11-08,-0.006988159224625575
2023-11-09,0.005654322459915067
2023-11-10,-0.013978099506850446
2023-11-13,0.005799567922831408
2023-11-14,0.007279553578484327
2023-11-15,-0.0007529393028558369
2023-11-16,0.010549860120554653
2023-11-17,-0.001007312793219779
2023-11-20,-0.0017100090706851393
2023-11-21,0.009489479423812156
2023-11-22,-0.0034331875856090216
2023-11-24,0.004712044451227366
2023-11-27,0.004165961778077823
2023-11-28,0.012049386783956513
2023-11-29,0.0031522012990182697
2023-11-30,-0.0038198871509014707
2023-12-01,0.014025482578188558
2023-12-04,-0.019676146456816448
2023-12-05,-0.0024038161608466945
2023-12-06,0.005165347795129301
2023-12-07,-0.0002567306150969144
2023-12-08,-0.011342232806238403
2023-12-11,-0.0073907071617205665
2023-12-12,-7.354400519308561e-05
2023-12-13,0.0016553115361717559
2023-12-14,0.017579837145216638
2023-12-15,-0.0032610017015549317
2023-12-18,0.0018718509968912059
2023-12-19,0.004344405455518212
2023-12-20,-0.0013919624542372033
2023-12-21,0.0016449300851326155
2023-12-22,0.006422240162133883
2023-12-26,0.0003889815779782762
2023-12-27,0.008377404755181651
2023-12-28,-0.00279563039371921
2023-12-29,-0.0040342207648618915
2024-01-02,0.000705515772796936
2024-01-03,-0.010642950007458308
2024-01-04,0.0028969848666862788
2024-01-05,3.561426793182236e-05
2024-01-08,-0.005628170342571427
2024-01-09,-7.1780343444427e-05
2024-01-10,-0.0016156513752470499
2024-01-11,-0.0025436547109174805
2024-01-12,0.011178110737648031
2024-01-16,-0.0070285220488968715
2024-01-17,-0.008026491299394698
2024-01-18,0.005552322017088188
2024-01-19,0.0027197378138825615
2024-01-22,-0.002297597231879996
2024-01-23,0.0013418198848255869
2024-01-24,-0.0033653138933297444
2024-01-25,0.001035218959581446
2024-01-26,-3.4447559318086845e-05
2024-01-29,0.0028944114238014934
2024-01-30,0.0021618466141839704
2024-01-31,0.00578117662652254
2024-02-01,0.0015606343973077472
2024-02-02,-0.005720674694899259
2024-02-05,-0.0035496385302016377
2024-02-06,0.0030189702546656112
2024-02-07,0.00023908862838787395
2024-02-08,-0.0010243846000362311
2024-02-09,-0.0034236486338007485
2024-02-12,-0.0019649015779440683
2024-02-13,-0.009771869848990703
2024-02-14,-0.001016965825200854
2024-02-15,0.004621504278123177
2024-02-16,0.003659871375988396
2024-02-20,0.006200440540482126
2024-02-21,-0.0019992219165188624
2024-02-22,-0.0010022283163540436
2024-02-23,0.007294543384453513
2024-02-26,-0.00386198791751611
2024-02-27,0.002113539062407194
2024-02-28,-0.00038324072477813375
2024-02-29,0.004869532558894557
2024-03-01,0.015699194424137822
2024-03-04,0.01150462289468158
2024-03-05,0.0058158956256367505
2024-03-06,0.006138192414638139
2024-03-07,0.0027913320861940897
2024-03-08,0.007441156528580761
2024-03-11,0.0013954003088784833
2024-03-12,-0.008657424254058035
2024-03-13,0.005930595786460681
2024-03-14,-0.004868782508456209
2024-03-15,-0.0022508980789570036
2024-03-18,0.0013461613094851005
2024-03-19,-0.0017393612474999095
2024-03-20,0.0006337416377901668
2024-03-21,0.009697862084268665
2024-03-22,-0.009510638271490103
2024-03-25,0.006609746926355624
2024-03-26,0.00031422329178206355
2024-03-27,0.005889160683396104
2024-03-28,0.01044984240577293
2024-04-01,0.007357542480694725
2024-04-02,0.009357038070461125
2024-04-03,0.012617864208094909
2024-04-04,-0.0020847249579587813
2024-04-05,0.01377078118036251
2024-04-08,0.002203630533070996
2024-04-09,0.004322672721124333
2024-04-10,-0.005066266204062078
2024-04-11,0.00946282738322183
2024-04-12,0.0005201655991090924
2024-04-15,0.0035650155679599715
2024-04-16,0.009246127858621495
2024-04-17,-0.006990210501424941
2024-04-18,0.003910641855074296
2024-04-19,0.005913211154179925
2024-04-22,-0.024150937485324778
2024-04-23,-0.0016882806944203623
2024-04-24,-0.001202857765933548
2024-04-25,0.0019950245422091107
2024-04-26,0.0018777997494163943
2024-04-29,0.003972355355792321
2024-04-30,-0.02014534825804502
2024-05-01,0.0032457566676983244
2024-05-02,-0.0002662911496566383
2024-05-03,-7.609307499036661e-05
2024-05-06,0.008601402423506377
2024-05-07,-0.0024121284065148495
2024-05-08,-0.0006046299248471563
2024-05-09,0.006996508352308873
2024-05-10,0.01146095565425473
2024-05-13,-0.010017482008102239
2024-05-14,0.005628694998955839
2024-05-15,0.011400858061586291
2024-05-16,-0.002768300162990234
2024-05-17,0.010283387940958774
2024-05-20,0.006837595672580313
2024-05-21,-0.00380989794987785
2024-05-22,-0.010200488998013532
2024-05-23,-0.017242663861492143
2024-05-24,-0.0008137876365810852
2024-05-28,0.007397095648487899
2024-05-29,-0.004808544086151113
2024-05-30,0.000844374873283126
2024-05-31,-0.006488349346947118
2024-06-03,0.007754956983003111
2024-06-04,-0.006834446445097061
2024-06-05,0.009347794061381143
2024-06-06,0.005230542605504937
2024-06-07,-0.020875470779697557
2024-06-10,0.0008243077267334879
2024-06-11,-6.799783154898877e-05
2024-06-12,0.007647859511559492
2024-06-13,-0.009489591807135612
2024-06-14,0.008398951543069487
2024-06-17,-0.005046305956972432
2024-06-18,0.0048199919613804675
2024-06-20,0.006217629992515998
2024-06-21,-0.00983876271977237
2024-06-24,0.0036355091338423247
2024-06-25,-0.0035610860122696555
2024-06-26,-0.004650916958580045
2024-06-27,0.006813674283245551
2024-06-28,0.0008524139572313603
2024-07-01,-2.6562754826114432e-05
2024-07-02,-0.0012237576957801113
2024-07-03,0.009809253007299745
2024-07-05,0.007530827559677027
2024-07-08,-0.008632893353672736
2024-07-09,0.0012883030367851992
2024-07-10,0.0031745812071338675
2024-07-11,0.011171969028073044
2024-07-12,-0.00024317506791649953
2024-07-15,0.002128937352152817
2024-07-16,0.009414050624305175
2024-07-17,-0.0017822209415880215
2024-07-18,-0.0007056998704039462
2024-07-19,-0.013259850523734707
2024-07-22,-0.0008436975255186831
2024-07-23,0.003041778893075702
2024-07-24,0.0020892425440747707
2024-07-25,-0.014691731805245753
2024-07-26,0.006899282075631419
2024-07-29,-0.0006550792743102945
2024-07-30,0.006728370692398388
2024-07-31,0.005162241114484019
2024-08-01,0.0020228027541408606
2024-08-02,-0.002205470074925746
2024-08-05,-0.005713326829194253
2024-08-06,-0.0030294351005478175
2024-08-07,0.0003383594425682895
2024-08-08,0.00765746025685292
2024-08-09,0.0023601876618866884
2024-08-12,0.007197801702219898
2024-08-13,0.0010089230508088418
2024-08-14,-0.006394260733623345
2024-08-15,0.003244793019854387
2024-08-16,0.01071616444556273
2024-08-19,0.0007399286464629796
2024-08-20,0.0021938869823049574
2024-08-21,-0.0006672131111296194
2024-08-22,-0.006794671789420694
2024-08-23,0.006875531374593352
2024-08-26,0.0021420603190744937
2024-08-27,-0.00039009979161135446
2024-08-28,-0.003444481566053335
2024-08-29,0.005705919569738937
2024-08-30,-0.00729710911321599
2024-09-03,-0.0009035715170094598
2024-09-04,0.0008121371905248747
2024-09-05,0.004170842685304089
2024-09-06,-0.0041179211943838
2024-09-09,0.0019231560138365381
2024-09-10,0.0024248224541264913
2024-09-11,-6.06353767489341e-05
2024-09-12,0.01030975660046037
2024-09-13,0.007815083616001185
2024-09-16,-0.0002309856086241993
2024-09-17,-0.004132807054787995
2024-09-18,0.0016531593921880546
2024-09-19,0.004457652009958197
2024-09-20,0.00816460735518152
2024-09-23,0.0016686908522025813
2024-09-24,0.006229151763788464
2024-09-25,0.0019987465459885717
2024-09-26,0.0026652688529457806
2024-09-27,-0.006351155165231689
2024-09-30,-0.002054048791916594
2024-10-01,0.007839750463718327
2024-10-02,-0.00501635968714264
2024-10-03,0.002502302779285533
2024-10-04,-0.002816972628203112
2024-10-07,-0.000250353231883371
2024-10-08,-0.007463359367129547
2024-10-09,-0.0022797175289754933
2024-10-10,0.0040418666020389914
2024-10-11,0.010199514456924103
2024-10-14,-0.002663895199045713
2024-10-15,0.0037104584392465153
2024-10-16,0.0034201275362943074
2024-10-17,0.004592678504635759
2024-10-18,0.006093821825390847
2024-10-21,0.0025023688267346296
2024-10-22,0.005597503337246224
2024-10-23,-0.007844761600699864
2024-10-24,0.00545580144774923
2024-10-25,0.0015848506464259825
2024-10-28,0.000527127103332454
2024-10-29,0.006715970009096226
2024-10-30,0.005245028699241853
2024-10-31,-0.0130050244361726
2024-11-01,7.915701842148697e-05
2024-11-04,-0.0006594622135973081
2024-11-05,0.0011088959222636675
2024-11-06,-0.01916525170510086
2024-11-07,0.008340762682779765
2024-11-08,-0.003050179934797863
2024-11-11,-0.021418386182472965
2024-11-12,-0.003235835253374498
2024-11-13,-0.005571051563226799
2024-11-14,-0.0036832394595993764
2024-11-15,-0.0007343812450749358
2024-11-18,0.013202381977216883
2024-11-19,0.004768194869938059
2024-11-20,0.006059171172168526
2024-11-21,0.006808637170043393
2024-11-22,0.010672034849959017
2024-11-25,-0.02591827838230279
2024-11-26,0.0010090388946693944
2024-11-27,0.005643027964712249
2024-11-29,0.004886765875351547
2024-12-02,-0.0062749900310889745
2024-12-03,0.0028059150599435865
2024-12-04,0.0025958527148977183
2024-12-05,-0.007732329073634936
2024-12-06,0.00344665403052592
2024-12-09,0.007519506705382116
2024-12-10,0.007663073576125749
2024-12-11,0.008392674379253827
2024-12-12,-0.010592163103065067
2024-12-13,-0.007330473673755361
2024-12-16,-0.0010832007157583607
2024-12-17,-0.001651173696397809
2024-12-18,-0.0018683771521005536
2024-12-19,-0.010508636910607648
2024-12-20,0.008806317186967647
2024-12-23,-0.003901846700502405
2024-12-24,0.0018434648880863477
2024-12-26,0.0044877395409208005
2024-12-27,-0.0051194014689074875
2024-12-30,-0.0026524689056137696
2024-12-31,0.005543551556011165
2025-01-02,0.00706483587822817
2025-01-03,-0.003269487780080033
2025-01-06,-0.0015606109242313163
2025-01-07,0.00433792045271872
2025-01-08,0.0018362202440677113
2025-01-09,0.004530150608217988
2025-01-10,0.005432817392824582
2025-01-13,-0.007632372195895028
2025-01-14,0.0008836904044493063
2025-01-15,0.007720739530375961
2025-01-16,0.007381574997879324
2025-01-17,-0.00045159129428567313
2025-01-21,0.002302875921170353
2025-01-22,0.0027012989156741923
2025-01-23,-0.0009603499384115117
2025-01-24,0.00303536253329558
2025-01-27,-0.008464106893214925
2025-01-28,0.006321709757091402
2025-01-29,0.0004909978806099606
2025-01-30,0.01149660631270354
2025-01-31,-0.00219684166764951
2025-02-03,0.00449406755762682
2025-02-04,0.004043345372426156
2025-02-05,0.0037881323240664695
2025-02-06,-0.0032086599531821925
2025-02-07,0.0023369125093522835
2025-02-10,0.009681553555168488
2025-02-11,-0.00039795049050182286
2025-02-12,-0.0007668007940463165
2025-02-13,0.003706985757259093
2025-02-14,-0.009224850598907366
2025-02-18,0.010621519467458188
2025-02-19,-0.0026554767264731992
2025-02-20,0.00450252500769806
2025-02-21,-0.0005208668079655982
2025-02-24,0.0022372615510107352
2025-02-25,-0.009394127779475176
2025-02-26,0.0027021900985096407
2025-02-27,-0.007350456718282818
2025-02-28,-0.010268872182290759
2025-03-03,0.012011359917300572
2025-03-04,0.004283093581482264
2025-03-05,0.0012500237839956165
2025-03-06,0.0002845488585871671
2025-03-07,-0.002603489706743944
2025-03-10,-0.003009526594785222
2025-03-11,0.004833642540972781
2025-03-12,0.005739306410028211
2025-03-13,0.01089785327527935
2025-03-14,0.002423234343052768
2025-03-17,0.0013022014683152896
2025-03-18,0.008295200328791177
2025-03-19,0.00018683177294289772
2025-03-20,0.0009575171500062299
2025-03-21,-0.005084212468554172
2025-03-24,-0.0011979798211091334
2025-03-25,0.0024941703530832237
2025-03-26,-0.0006565483594760204
2025-03-27,0.009223517231378476
2025-03-28,0.006093215799710213
2025-03-31,0.008338361826655295
2025-04-01,-0.0008854755014359659
2025-04-02,0.004773727963430489
2025-04-03,-0.009686799459953224
2025-04-04,-0.019458866071797604
2025-04-07,-0.014288057287067696
2025-04-08,0.004107890265055386
2025-04-09,0.02104232818789462
2025-04-10,0.022894562366261553
2025-04-11,0.012189254585795176
2025-04-14,-0.0031022223711389455
2025-04-15,0.0024916636228838706
2025-04-16,0.019258397307925147
2025-04-17,-0.0030912532811150843
2025-04-21,0.016928786658934398
2025-04-22,-0.0009107399104282508
2025-04-23,-0.021031335646684104
2025-04-24,0.009766742718663278
2025-04-25,-0.008551772522248332
2025-04-28,0.008768507597905073
2025-04-29,-0.0023617148614337616
2025-04-30,-0.0023887909030110826
2025-05-01,-0.016513181058140147
2025-05-02,0.003919365334330056
2025-05-05,0.014113736450328174
2025-05-06,0.017366548266007135
2025-05-07,-0.005052045151347498
2025-05-08,-0.014407111505825783
2025-05-09,0.006761481646779882
2025-05-12,-0.01987632690070258
2025-05-13,0.00248975715473335
2025-05-14,-0.007215838864702876
2025-05-15,0.004903774664687746
2025-05-16,-0.0047699719959240616
2025-05-19,0.0058509642169188745
2025-05-20,0.006319248787716773
2025-05-21,0.0035094584619437185
2025-05-22,-0.002039240532185319
2025-05-23,0.00859698359095111
2025-05-27,-0.007612214844980992
2025-05-28,-0.0006617940768400449
2025-05-29,0.002832387534595188
2025-05-30,-0.003374809151344522
2025-06-02,0.009861162552037438
2025-06-03,-0.0024026014556115497
2025-06-04,0.0027608434558250993
2025-06-05,-0.002682938647920321
2025-06-06,-0.003317249757295784
2025-06-09,0.0011230502147912816
2025-06-10,-0.0013343299548204653
2025-06-11,4.783203951217547e-05
2025-06-12,0.0068955881072989365
2025-06-13,0.005717757141543311
2025-06-16,-0.0038978348791452034
2025-06-17,-0.001108889348125573
2025-06-18,0.0003631357831855064
2025-06-20,-0.0024602219348194318
2025-06-23,0.0010953911491415262
2025-06-24,-0.006860980855270059
2025-06-25,0.001123756618398586
2025-06-26,0.0007392598014498332
2025-06-27,-0.006894308142468406
2025-06-30,0.0024300771419489466
2025-07-01,0.00493462510098101
2025-07-02,0.0013015257845732933
2025-07-03,-0.0018825452496907785
2025-07-04,0.00010380831172928548
2025-07-07,-3.4602811591964585e-05
2025-07-08,-0.0029064192200715902
2025-07-09,0.0005345920153032032
2025-07-10,0.0006730775312859101
2025-07-11,0.004471777507010049
2025-07-14,-0.0005634705118315451
2025-07-15,-0.0027092691368486763
2025-07-16,0.0028525901907846523
2025-07-17,-0.0015476832953002372
2025-07-18,0.0016160677260805244
2025-07-21,0.0061024897013325936
2025-07-22,0.004587969122038262
2025-07-23,-0.005487194090519495
2025-07-24,-0.002847880660868489
2025-07-25,-0.004592779425476297
2025-07-28,-0.0031251053697229866
2025-07-29,0.0018082264519255992
2025-07-30,-0.003475015860358368
2025-07-31,-0.0003301120828272443
2025-08-01,0.006924860336036649
2025-08-04,0.0033373100627798304
2025-08-05,0.0009300307977479687
2025-08-06,-0.00023507321449896268
2025-08-07,0.0025131186843778833
2025-08-08,0.004774717125458629
2025-08-11,-0.010463723415332206
2025-08-12,-0.000773741285606298
2025-08-13,0.0017766539586536432
2025-08-14,-0.004247891637359482
2025-08-15,0.0001456368888550103
2025-08-18,-0.0007825716671832181
2025-08-19,-0.0033347489248890818
2025-08-20,0.005496980226836744
2025-08-21,-0.0011803255449751363
2025-08-22,0.006822834921566538
2025-08-25,-0.0001079258390895888
2025-08-26,0.002663303030130551
2025-08-27,0.0028666616650943264
2025-08-28,0.00485041381622787
2025-08-29,0.007412552969783512
2025-09-02,0.013230616217788841
2025-09-03,0.007491977023336391
2025-09-04,-0.004629609974048892
2025-09-05,0.008070440416313338
2025-09-08,0.004183951884251765
2025-09-09,0.000867763535916109
2025-09-10,5.0000433593286535e-05
2025-09-11,-0.001318905143011338
2025-09-12,0.0024522593843927963
2025-09-15,0.006412697805445695
2025-09-16,0.0012982311041755796
2025-09-17,-0.0013732204361937234
2025-09-18,-0.007383352956441887
2025-09-19,0.005443656240774189
2025-09-22,0.013447761428981271
2025-09-23,0.0076104328177513635
2025-09-24,-0.009153111183078478
2025-09-25,0.000917609756576826
2025-09-26,0.007331775470544675
2025-09-29,0.00861786555036335
2025-09-30,0.0037160226563532077
2025-10-01,0.004959940983964915
2025-10-02,-0.005128648992554746
2025-10-03,0.007637184912415374
2025-10-06,0.012446717390455702
2025-10-07,0.005077657779675153
2025-10-08,0.011967442170368006
2025-10-09,-0.01711683655168476
2025-10-10,0.004847466634531481
2025-10-13,0.021587607354235632
2025-10-14,0.004738516778349597
2025-10-15,0.005969864238156636
2025-10-16,0.015996165020266247
2025-10-17,-0.013645626099167623
2025-10-20,0.022615300732071877
2025-10-21,-0.03709494780106056
2025-10-22,-0.0068513754395571145
2025-10-23,0.012969871586347522
2025-10-24,-0.001113156229171492
2025-10-27,-0.01829640650244783
2025-10-28,-0.00576991998721322
2025-10-29,0.002853854543879171
2025-10-30,0.0028575698005691786
2025-10-31,-0.0030874707977495783
2025-11-03,0.0029398572677105045
2025-11-04,-0.008504766083767736
2025-11-05,0.005341253064754542
2025-11-06,-6.502368588042356e-05
2025-11-07,0.0031690628492644637
2025-11-10,0.012375337386967673
2025-11-11,-0.0005359657593297931
2025-11-12,0.010474799577521987
2025-11-13,-0.0018345647048370287
2025-11-14,-0.01045333379816066
2025-11-17,-0.002081081120850371
2025-11-18,-0.0007583751024540684
2025-11-19,0.0017798163340072548
2025-11-20,-0.0022914933285370425
2025-11-21,0.0021948146069221512
2025-11-24,0.001643358998378749
2025-11-25,0.005094925428867194
2025-11-26,0.002768572613748206
2025-11-28,0.005618940698659558
2025-12-01,0.0021942234614871943
2025-12-02,-0.005479148514128375
2025-12-03,0.0013369994408303832
2025-12-04,0.0013119948604714206
2025-12-05,0.00011512311224095387
2025-12-08,-0.002688722828431487
2025-12-09,0.0020526262960377014
2025-12-10,-0.0010231640084090575
2025-12-11,0.00886097165960325
2025-12-12,0.0014217862078030354
2025-12-15,0.0006405482249611395
2025-12-16,-0.00021320462956170996
2025-12-17,0.004168941290502285
2025-12-18,-0.0007679455569479217
2025-12-19,0.0021061171340020246
2025-12-22,0.007961198857970088
2025-12-23,0.003586801778478443
2025-12-24,-0.0002047837702230174
2025-12-26,0.004517369240422991
2025-12-29,-0.018797421681903133
2025-12-30,0.0043420656604807335
2025-12-31,-0.004249605956470654
2026-01-02,-0.0010805858231653506
2026-01-05,0.011849382723818502
2026-01-06,0.004260900722831119
2026-01-07,-0.0030633021795010234
2026-01-08,3.7555389043126086e-05
2026-01-09,0.003807773789001377
2026-01-12,0.01025353667796469
2026-01-13,-0.0013245712622678171
2026-01-14,0.00326516809484348
2026-01-15,-0.0008730506441991192
2026-01-16,-0.002441079297814
2026-01-20,0.015070102445700426
2026-01-21,0.006126863167156469
2026-01-22,0.006436577517208342
2026-01-23,0.00554575020027512
2026-01-26,0.008400704657229065
2026-01-27,1.587919512772314e-05
2026-01-28,0.017627232452708107
2026-01-29,0.001279883610603142
2026-01-30,-0.045908016185089086
2026-02-02,-0.00783138520282829
2026-02-03,0.02457038201456124
2026-02-04,0.0013754922655878383
2026-02-05,-0.004843115441616617
2026-02-06,0.007460872464860936
2026-02-09,0.008133109247912336
2026-02-10,-0.003766398397838369
2026-02-11,0.0038924294459842445
2026-02-12,-0.008389044387889672
2026-02-13,0.005743156630153786
2026-02-17,-0.00796783502042204
2026-02-18,0.006103401638108186
2026-02-19,-0.0006115101213091756
2026-02-20,0.004821514902601556
2026-02-23,0.008267320308835655
2026-02-24,-0.002702752121667804
2026-02-25,0.002823221260873813
2026-02-26,-0.0016520449258580754
2026-02-27,0.003000869766718382
2026-03-02,0.003514362811456902
2026-03-03,-0.010160485756256029
2026-03-04,0.0007209574808162235
2026-03-05,-0.0030844525905077387
2026-03-06,0.0045887815830655205
2026-03-09,-0.003052142431723346
2026-03-10,0.007808228523202956
2026-03-11,-0.0034269116105313064
2026-03-12,-0.0028725530471925744
2026-03-13,-0.0032730420389467016
2026-03-16,-0.0030617441770834216
2026-03-17,0.0003706541428620429
2026-03-18,-0.0058745816286603315
2026-03-19,-0.0156392973242765
2026-03-20,-0.0017415752769991155
2026-03-23,-0.009621812599424316
2026-03-24,-0.00028822385281279764
2026-03-25,0.009046327311185763
2026-03-26,-0.010130338781583731
2026-03-27,0.007040728438260762
2026-03-30,0.0020015135110482258
2026-03-31,0.0071045852649380984
2026-04-01,0.007715260722646568
2026-04-02,-0.0072809360663849
2026-04-06,0.0003012910259831441
2026-04-07,1.705206392534558e-05
2026-04-08,0.005246567882300923
2026-04-09,0.002377394896973126
2026-04-10,-0.0016719805914783596
2026-04-13,-0.0010828634769006278
2026-04-14,0.00414717765066851
2026-04-15,-0.0012340900105880163
2026-04-16,-0.0007244671024039876
2026-04-17,0.0035935548819077644
2026-04-20,-0.0025006480010733353
2026-04-21,-0.005361597397520155
2026-04-22,0.0017286608239404481
2026-04-23,-0.0013789945133200756
2026-04-24,0.0008706755084925098
2026-04-27,-0.002365497692045496
2026-04-28,-0.004274121245698515
2026-04-29,-0.002401755070500896
2026-04-30,0.0036419663921721276
2026-05-01,0.0007845052815403827
2026-05-04,-0.00567938399717573
2026-05-05,0.001913013538172349
2026-05-06,0.006592572843847371
2026-05-07,0.0009106105616952256
2026-05-08,0.0010439845371512518
2026-05-11,-8.576289334301475e-05
2026-05-12,-0.002074553382394598
2026-05-13,-0.0014656972206946684
2026-05-14,0.0013953098305856091
2026-05-15,0.008742903862827101
2026-05-18,0.0002422263132870903
2026-05-19,0.0033938416318792467
2026-05-20,-0.0018553149426245585
2026-05-21,-0.0006273268038185243
2026-05-22,0.0013848870405459702
2026-05-26,0.001523815854502743
2026-05-27,0.003930985840061264
2026-05-28,-0.0038950216967091867
2026-05-29,-0.004548891635528925
2026-06-01,0.0062550861053206576
2026-06-02,-0.0010387164195260837
2026-06-03,0.003903632309870682
2026-06-04,-0.0029472030064144534
2026-06-05,0.01036340824107778
2026-06-08,9.254441116041131e-05
2026-06-09,0.005854093912892656
2026-06-10,0.011916791185550415
2026-06-11,0.0014571447698867423
2026-06-12,-0.01068540231460093
2026-06-15,-0.009395594799333266
2026-06-16,-0.00023482240689286113
2026-06-17,-0.00226580900988076
2026-06-18,0.01083816556995602
2026-06-22,0.003501254453647914
2026-06-23,0.0043578585002064405
2026-06-24,0.01184646706148144
2026-06-25,-0.003530720883961965
2026-06-26,-0.004191129567368357
2026-06-29,0.004846185218612488
2026-06-30,-5.2265385567576614e-05
2026-07-01,-0.00395513618423521
2026-07-02,-0.003824853816546159
2026-07-06,-0.003613110292272238
2026-07-07,0.0008266106233650835
2026-07-08,0.006290133079796529
2026-07-09,-0.005139593159682316
2026-07-10,0.0022484132569116923
2026-07-13,0.009145665994231035
2026-07-14,-0.005620409474586176
2026-07-15,0.0017403935481492855
2026-07-16,0.00598159309710791
2026-07-17,-0.0034503219149451853
