timestamp,ret
2000-08-24,0.0
2000-08-25,0.0
2000-08-28,0.0
2000-08-29,0.0
2000-08-30,0.0
2000-08-31,0.0
2000-09-01,0.0
2000-09-05,0.0
2000-09-06,0.0
2000-09-07,0.0
2000-09-08,0.0
2000-09-11,0.0
2000-09-12,0.0
2000-09-13,0.0
2000-09-14,0.0
2000-09-15,0.0
2000-09-18,0.0
2000-09-19,0.0
2000-09-20,0.0
2000-09-21,0.0
2000-09-22,0.0
2000-09-25,0.0
2000-09-26,0.0
2000-09-27,0.0
2000-09-28,0.0
2000-09-29,0.0
2000-10-02,0.0
2000-10-03,0.0
2000-10-04,0.0
2000-10-05,0.0
2000-10-06,0.0
2000-10-09,0.0
2000-10-10,0.0
2000-10-11,0.0
2000-10-12,0.0
2000-10-13,0.0
2000-10-16,0.0
2000-10-17,0.0
2000-10-18,0.0
2000-10-19,0.0
2000-10-20,0.0
2000-10-23,0.0
2000-10-24,0.0
2000-10-25,0.0
2000-10-26,0.0
2000-10-27,0.0
2000-10-30,0.0
2000-10-31,0.0
2000-11-01,0.0
2000-11-02,0.0
2000-11-03,0.0
2000-11-06,0.0
2000-11-07,0.0
2000-11-08,0.0
2000-11-09,0.0
2000-11-10,0.0
2000-11-13,0.0
2000-11-14,0.0
2000-11-15,0.0
2000-11-16,0.0
2000-11-17,0.0
2000-11-20,0.0
2000-11-21,0.0
2000-11-22,0.00024048231134756587
2000-11-24,0.0
2000-11-27,-2.0618122484374e-05
2000-11-28,-0.0011655568808422035
2000-11-29,0.00040488967472688864
2000-11-30,-0.0008746594763252661
2000-12-01,-0.0012017270714176137
2000-12-04,-0.0020420106576505823
2000-12-05,-0.0018634577324617204
2000-12-06,-0.0019316079557187855
2000-12-07,4.101365751048028e-05
2000-12-08,-0.00048471153651579373
2000-12-11,0.002389201026615559
2000-12-12,0.0002383404124116859
2000-12-13,-0.000458839149392567
2000-12-14,0.0006869533937470584
2000-12-15,0.0014911875276047565
2000-12-18,0.00015428614339463645
2000-12-19,0.0004309053624950935
2000-12-20,-0.0020860915535558357
2000-12-21,0.00016432664905669824
2000-12-22,-0.00038713893530189955
2000-12-26,-0.0009334813310259033
2000-12-27,-0.0026486044014111068
2000-12-28,0.0023208667140855593
2000-12-29,0.0004223636198952922
2001-01-02,0.009596409032079251
2001-01-03,-0.00890890099574364
2001-01-04,0.0032490979984977617
2001-01-05,0.005679793057442323
2001-01-08,-0.0006057236233397012
2001-01-09,-0.002062620597136815
2001-01-10,-0.0038588504818010314
2001-01-11,0.0014592571942587628
2001-01-12,-0.003808720930468849
2001-01-16,-0.0004995789077301298
2001-01-17,0.002083525284431288
2001-01-18,-0.0009080740622479201
2001-01-19,-0.0036994370856829315
2001-01-22,-0.002949959519938185
2001-01-23,0.0016585097313921073
2001-01-24,-0.0010303883958091228
2001-01-25,0.0005067923439612407
2001-01-26,-3.425431605465429e-05
2001-01-29,-0.0003422343973534048
2001-01-30,-0.0010036603399243152
2001-01-31,0.00473583100774993
2001-02-01,-0.0021246138698351167
2001-02-02,-0.002390878180268197
2001-02-05,-0.0013769542193874263
2001-02-06,-0.0021492985405950197
2001-02-07,-0.0008793959883879801
2001-02-08,-0.003376806986809726
2001-02-09,0.0028100239439236546
2001-02-12,0.001355528354282724
2001-02-13,-8.855339820411679e-06
2001-02-14,-0.002683210828564715
2001-02-15,-0.005123764888639683
2001-02-16,0.00629411754843062
2001-02-20,-0.001043522572135372
2001-02-21,0.003869419898160019
2001-02-22,-0.0019066760638726148
2001-02-23,0.0033764645339318766
2001-02-26,0.00372307264145997
2001-02-27,0.0029656108107444924
2001-02-28,0.003662145019444157
2001-03-01,-0.00017069254299424867
2001-03-02,-0.002396658841717952
2001-03-05,-0.001897687131858355
2001-03-06,0.0014091699403832548
2001-03-07,-0.0024157127201745936
2001-03-08,-0.0006452540077356719
2001-03-09,-0.0007960989158960884
2001-03-12,0.002273854006266664
2001-03-13,0.0005849072138565757
2001-03-14,0.00517935094670058
2001-03-15,-0.00038706726808924834
2001-03-16,0.0020008774192829906
2001-03-19,-0.0008850834480291256
2001-03-20,0.003440736971786554
2001-03-21,-0.0011751999626553134
2001-03-22,0.00022786832567219385
2001-03-23,-0.0018664495236588672
2001-03-26,-0.0021761434464419214
2001-03-27,-0.0027575813873050303
2001-03-28,-0.0014318347055339634
2001-03-29,0.0012171318215503585
2001-03-30,0.0015533261089540965
2001-04-02,0.007169609498734591
2001-04-03,0.004187211747520803
2001-04-04,0.0008384069230749986
2001-04-05,-0.003988348860099678
2001-04-06,0.0019388272314488756
2001-04-09,-0.00040194821102995936
2001-04-10,-0.002679164087840909
2001-04-11,-0.0022296379282021324
2001-04-12,-0.002114670251009377
2001-04-16,-0.0022784068449290627
2001-04-17,0.000989136574866376
2001-04-18,-0.0039959633014563295
2001-04-19,-0.0037432042833514152
2001-04-20,-0.0009575371567022628
2001-04-23,0.0047700174215841926
2001-04-24,-0.002109463842621692
2001-04-25,-0.0019155769541821094
2001-04-26,5.013118168561258e-05
2001-04-27,-0.002457456865949639
2001-04-30,-0.002832306089033914
2001-05-01,0.0021501459567308057
2001-05-02,0.00043043935878452863
2001-05-03,0.0023507164822097926
2001-05-04,-0.0003796009884936837
2001-05-07,0.0023421398444308378
2001-05-08,0.0012713425272449722
2001-05-09,-0.003703690451636704
2001-05-10,-0.0023524277798428147
2001-05-11,-0.004433571819079085
2001-05-14,-0.00010971050371790967
2001-05-15,-0.000355381474498885
2001-05-16,-0.001638234696050203
2001-05-17,0.0016480683335640593
2001-05-18,-0.009176705451272893
2001-05-21,-7.930308887860468e-05
2001-05-22,0.0008617792165824837
2001-05-23,0.003509786788338489
2001-05-24,0.0018697988362400256
2001-05-25,-0.0011085864091890734
2001-05-29,0.005616935429512058
2001-05-30,0.005327673386714689
2001-05-31,9.91762894065806e-05
2001-06-01,7.670264332039821e-05
2001-06-04,9.911258492977878e-05
2001-06-05,-0.0031826928058533532
2001-06-06,0.0019571854931927208
2001-06-07,7.145457657073916e-05
2001-06-08,0.0031029506302538124
2001-06-11,-0.0007224590022797257
2001-06-12,-0.00025612926972862156
2001-06-13,0.0012127900437015721
2001-06-14,-0.0016129466076288
2001-06-15,0.0004784247175749734
2001-06-18,-9.420939298490696e-05
2001-06-19,0.002563604492145655
2001-06-20,0.0011625788099714094
2001-06-21,0.00245818405442394
2001-06-22,-0.0019010288018404288
2001-06-25,-0.0007918664196717636
2001-06-26,0.0019604087002959426
2001-06-27,0.003326803263808273
2001-06-28,0.0049983131433496185
2001-06-29,0.0009927544304849218
2001-07-02,0.00397889315952539
2001-07-03,-0.0018258329461126937
2001-07-05,-0.0009696549724715952
2001-07-06,-0.006426186140045681
2001-07-09,0.0007755239726901087
2001-07-10,-0.004990195516890474
2001-07-11,0.0010421064447459886
2001-07-12,0.0021614938454300897
2001-07-13,0.0016914314467649562
2001-07-16,-0.0005865677559164122
2001-07-17,0.002299399013288848
2001-07-18,-0.0026463742076029643
2001-07-19,0.0032015932044630597
2001-07-20,-0.0008161753561017967
2001-07-23,-0.0007356751656978189
2001-07-24,-0.00029378643179529324
2001-07-25,-0.003138909913228401
2001-07-26,0.0002822285107365236
2001-07-27,0.00036740973519606876
2001-07-30,0.0005138769893730334
2001-07-31,0.0015431394357664774
2001-08-01,-0.0020183594851228693
2001-08-02,-0.005514923864080604
2001-08-03,0.0008259979689689062
2001-08-06,0.0007108951858515467
2001-08-07,-0.0005440324757562836
2001-08-08,0.004726220145601833
2001-08-09,-0.002222998242187905
2001-08-10,0.00181343059772222
2001-08-13,0.00046319340843981017
2001-08-14,-0.0015906754038702558
2001-08-15,-0.00012821404226554426
2001-08-16,0.00043179550512955186
2001-08-17,0.005703293245467045
2001-08-20,-0.003551280720613619
2001-08-21,-0.0009904370009940688
2001-08-22,0.003545350796477033
2001-08-23,0.0015500452762528406
2001-08-24,-0.004567949819644337
2001-08-27,-0.0007066403955415532
2001-08-28,0.002076887856076133
2001-08-29,0.0034822851343898286
2001-08-30,0.0030560559251614533
2001-08-31,-0.0024087706056758512
2001-09-04,-0.004752043595338374
2001-09-05,-0.0011636079603947502
2001-09-06,0.005379531767910059
2001-09-07,0.004096238654120932
2001-09-10,-0.0018680279776957774
2001-09-11,0.00127860154315051
2001-09-12,0.0027553011999489883
2001-09-13,0.0031947333045574122
2001-09-14,0.007052702458670163
2001-09-17,0.007583191725407865
2001-09-18,-0.000309994972302111
2001-09-19,0.0032198758972382447
2001-09-20,-0.0021159873695918104
2001-09-21,0.0065525005092976546
2001-09-24,0.0009384800339911998
2001-09-25,0.00021449223046809932
2001-09-26,0.0015459577410645937
2001-09-27,-0.0024256872560412964
2001-09-28,-0.0047977905831568055
2001-10-01,0.004245943574818961
2001-10-02,9.45790520063773e-05
2001-10-03,-0.0010835669426892435
2001-10-04,6.94606718540634e-05
2001-10-05,0.0015113850333724214
2001-10-08,-0.00026402674376119206
2001-10-09,-0.00424307285263878
2001-10-10,-0.006180260082675607
2001-10-11,-0.004969292525038755
2001-10-12,0.002343982336591183
2001-10-15,-0.008955103684101988
2001-10-16,0.0031122575416538682
2001-10-17,0.0016716991499511381
2001-10-18,-0.0005565060737752124
2001-10-19,-0.0015589433658031607
2001-10-22,-0.003752633000922021
2001-10-23,0.00034130168903205815
2001-10-24,0.0032586768949316816
2001-10-25,0.001215145103077561
2001-10-26,-0.0001084543251825574
2001-10-29,0.0018097054314892506
2001-10-30,0.0035932147737385775
2001-10-31,-0.0003996553668120176
2001-11-01,-0.0005071193436781675
2001-11-02,-0.0032137914873201154
2001-11-05,-0.0006155494886029029
2001-11-06,0.0030921778290950385
2001-11-07,0.0013606008409263201
2001-11-08,-0.00667097100085723
2001-11-09,0.0009100116245223019
2001-11-12,0.004416024247428288
2001-11-13,-0.006451007276555277
2001-11-14,0.00042276466951378123
2001-11-15,-0.002684069471695411
2001-11-16,-0.00010751459956253601
2001-11-19,-0.00024810565283195623
2001-11-20,-0.003996772580620092
2001-11-21,-0.0005723331307038008
2001-11-23,-0.0031705246709512296
2001-11-26,6.857249139318446e-05
2001-11-27,-0.0025123114840713457
2001-11-28,0.0006023760100818199
2001-11-29,-0.0015729495506579371
2001-11-30,-0.002940366623428829
2001-12-03,0.0016236632983307713
2001-12-04,3.236911720816199e-05
2001-12-05,0.0041322621756017
2001-12-06,0.0005843230785899646
2001-12-07,0.0022830348287798947
2001-12-10,0.004181560604966022
2001-12-11,0.00042909747799358967
2001-12-12,-0.0035491352330720358
2001-12-13,0.003052845910098088
2001-12-14,-0.004815303341527158
2001-12-17,-0.008423398749319517
2001-12-18,-0.002664225703885043
2001-12-19,0.000947680200677202
2001-12-20,0.0028574725129915444
2001-12-21,0.002386951729844849
2001-12-24,0.0021093325646112187
2001-12-26,-0.0018935534258528045
2001-12-27,-0.001343016670112742
2001-12-28,0.0010295747453194918
2001-12-31,-0.00376004034773863
2002-01-02,-0.0027042347895814517
2002-01-03,0.003052512643350925
2002-01-04,-0.0001494566119668386
2002-01-07,-0.001006122685171699
2002-01-08,0.0007777363903347714
2002-01-09,-0.000654979164656181
2002-01-10,-0.00393018842417231
2002-01-11,-0.0014110058941269566
2002-01-14,0.0016040542709192492
2002-01-15,0.0022268767572733903
2002-01-16,-0.0028822052379101574
2002-01-17,0.0046721559148985735
2002-01-18,-0.0008757766563133722
2002-01-22,-0.0015925477104816773
2002-01-23,0.003735449722865424
2002-01-24,0.001068347265279117
2002-01-25,0.002679343696008375
2002-01-28,0.0007148194166171021
2002-01-29,-0.00650470304247892
2002-01-30,0.003167121544840263
2002-01-31,0.0016836594927633066
2002-02-01,-0.00516711647122317
2002-02-04,-0.00673409873092054
2002-02-05,-0.004235157183342917
2002-02-06,-0.0006332278540826739
2002-02-07,-0.0021295511536142896
2002-02-08,-0.0017362915300037527
2002-02-11,-0.0031793416789521766
2002-02-12,0.0011356647695770102
2002-02-13,0.0014694328984931166
2002-02-14,-0.0011569704924160199
2002-02-15,0.0006842277177066316
2002-02-18,0.0004357611751378752
2002-02-19,-0.004001087762952858
2002-02-20,0.0034553717098193965
2002-02-21,-0.0031906433437908087
2002-02-22,-0.0028902517721301015
2002-02-25,0.00025922574747932553
2002-02-26,0.0031322977833470665
2002-02-27,-0.0019509578261829464
2002-02-28,-0.0009909232726144801
2002-03-01,-0.0032006866308455627
2002-03-04,-0.003543684642401153
2002-03-05,-0.002806338685086108
2002-03-06,-0.0034421671836867757
2002-03-07,-0.0038138815756162477
2002-03-08,0.00035775348977952725
2002-03-11,0.00034538469070316633
2002-03-12,0.0005573846584220305
2002-03-13,0.0014629553204351445
2002-03-14,-0.0035843076518488055
2002-03-15,-0.0023871568323052448
2002-03-18,0.0032457143610943174
2002-03-19,-0.0018866257628630562
2002-03-20,-0.0033122878541814236
2002-03-21,0.0018464157037346798
2002-03-22,0.003012392749618329
2002-03-25,-0.0022142512889195254
2002-03-26,0.0023648179339560292
2002-03-27,0.00429738646937097
2002-03-28,0.0010531800827684316
2002-04-01,-0.00020911263132380214
2002-04-02,0.0023661175100885335
2002-04-03,-0.0014709545107791794
2002-04-04,-0.0006114093283574999
2002-04-05,-0.0014383883886880955
2002-04-08,0.005333322716610928
2002-04-09,-0.003005657013068623
2002-04-10,0.004665135475228612
2002-04-11,-0.005451838789850932
2002-04-12,-0.0022712536651830297
2002-04-15,-0.008640963743707429
2002-04-16,0.0022682671324213534
2002-04-17,-0.00035842434903388267
2002-04-18,-0.0013530459322763186
2002-04-19,-0.0026187672383659964
2002-04-22,-0.001974180258392698
2002-04-23,0.0014721574495748303
2002-04-24,0.000995389045489568
2002-04-25,0.0035690722009323723
2002-04-26,0.005683209857326875
2002-04-29,0.0034549541155957874
2002-04-30,-0.0029753981443782274
2002-05-01,-0.0005093228508324937
2002-05-02,-0.0015535565233351688
2002-05-03,0.004813994830973482
2002-05-06,0.0007038302854043486
2002-05-07,0.0009453286952676625
2002-05-08,-0.002023227056349367
2002-05-09,0.0013813434483038874
2002-05-10,0.0024882298056407193
2002-05-13,-0.0005224629491472665
2002-05-14,-0.0031329299917867656
2002-05-15,-0.004860348255839993
2002-05-16,-0.0006014734884351021
2002-05-17,0.003110433059353859
2002-05-20,0.003949945118663607
2002-05-21,-0.0009876904566061113
2002-05-22,0.001230950929211261
2002-05-23,0.0015778087318669765
2002-05-24,-0.002969469700111412
2002-05-27,0.00012395595559370028
2002-05-28,0.0025447406053898756
2002-05-29,0.0015656567218889925
2002-05-30,-0.0020661063565608584
2002-05-31,-4.02196038360203e-05
2002-06-03,-0.0019461187399420403
2002-06-04,0.002138587615952567
2002-06-05,-0.003279366811775339
2002-06-06,-0.0004278610526823806
2002-06-07,-0.001051336439848625
2002-06-10,-0.0028335124873154747
2002-06-11,-0.0012352112377851051
2002-06-12,0.0009988942267145303
2002-06-13,-0.0014009931528637717
2002-06-14,2.891737842734165e-05
2002-06-17,0.0015160574083092529
2002-06-18,0.0005682809590837054
2002-06-19,-0.001957512851175133
2002-06-20,0.005379551050292527
2002-06-21,0.0017332679681526934
2002-06-24,0.0022089329372919054
2002-06-25,0.0017205410308524427
2002-06-26,0.000959317476072009
2002-06-27,0.00013694808128992346
2002-06-28,-0.0015070489295189267
2002-07-01,0.00018531936715556396
2002-07-02,0.0016985798744655093
2002-07-03,-0.0022898803532691524
2002-07-04,-0.00045032333689968364
2002-07-05,-0.007427531875843339
2002-07-08,0.004210331619192475
2002-07-09,0.0068512394116098324
2002-07-10,0.004259141390208187
2002-07-11,0.0013480589235525297
2002-07-12,0.0016895131634699471
2002-07-15,0.0033470430576005264
2002-07-16,0.002804951158345056
2002-07-17,0.0020570534335123455
2002-07-18,0.002072473080116067
2002-07-19,0.007960800728471362
2002-07-22,0.0007674333351081648
2002-07-23,-0.006497242941532785
2002-07-24,-0.0009894477353437495
2002-07-25,0.0005799768762098917
2002-07-26,-0.006674614249386535
2002-07-29,-0.007201575890925335
2002-07-30,0.0008548400161871819
2002-07-31,-0.0007103108782421505
2002-08-01,0.00440899418304897
2002-08-02,0.006476101014081265
2002-08-05,0.0025434661781445806
2002-08-06,-0.009554243780820771
2002-08-07,0.0077749808148954505
2002-08-08,-0.007585190071762708
2002-08-09,0.0038123005477454282
2002-08-12,0.0007431702271976445
2002-08-13,0.0028576624226843827
2002-08-14,-0.0036905437875273638
2002-08-15,0.005559794316959611
2002-08-16,-0.0023105679130107915
2002-08-19,-0.005684260134904664
2002-08-20,0.004855543109014653
2002-08-21,0.0002275519769171715
2002-08-22,-0.0028044893552181763
2002-08-23,0.0029612201061377384
2002-08-26,0.0015910603932494805
2002-08-27,0.0034322345164365074
2002-08-28,0.0030653572190490357
2002-08-29,0.001002656495843559
2002-08-30,-0.0005033909236200424
2002-09-02,0.0008693277174871973
2002-09-03,0.008933094501297445
2002-09-04,-0.0033508954598946254
2002-09-05,0.0028670086476622228
2002-09-06,-0.0031061440503486193
2002-09-09,0.0008238631897697428
2002-09-10,-0.0034283858407548663
2002-09-11,-0.0012336327800708182
2002-09-12,0.00014206373352087864
2002-09-13,0.001622961553210864
2002-09-16,-0.0005018162380857489
2002-09-17,-0.0005994773456950391
2002-09-18,0.0005596499904405925
2002-09-19,0.001799356364011492
2002-09-20,-0.0012992563249378843
2002-09-23,0.003766414556219559
2002-09-24,-0.0004063448509668698
2002-09-25,-0.003141584097846945
2002-09-26,-0.0010754275875162964
2002-09-27,0.0035479050336886895
2002-09-30,0.000542040260702893
2002-10-01,-0.0023678977538713927
2002-10-02,-0.0006718306238394011
2002-10-03,-0.00039719322126584457
2002-10-04,-0.0006662653088180637
2002-10-07,0.00292340063390647
2002-10-08,-0.0018527062829151945
2002-10-09,0.0028118562057913438
2002-10-10,-0.003142587505944794
2002-10-11,-0.0031126523725185326
2002-10-14,0.0014665222645306767
2002-10-15,-0.005204173051648271
2002-10-16,0.0009239498574589921
2002-10-17,0.0011578036792084352
2002-10-18,0.0011319880966079753
2002-10-21,-0.0028861903690198787
2002-10-22,-0.0015592060335512024
2002-10-23,-8.701492098001113e-05
2002-10-24,0.0007201310052199664
2002-10-25,0.00018503238757848137
2002-10-28,-0.00044031060105630197
2002-10-29,0.0018847603122816954
2002-10-30,-0.0015767957419991956
2002-10-31,0.000617418406845708
2002-11-01,-0.0012445358033890482
2002-11-04,-0.000894583497945796
2002-11-05,-0.0032500937880245717
2002-11-06,-0.0006394395252978239
2002-11-07,-0.0009343411962047044
2002-11-08,0.0005021683223090712
2002-11-11,-0.0009589685042329356
2002-11-12,0.002976390711600998
2002-11-13,-0.004764377340551671
2002-11-14,-0.0014031825263487226
2002-11-15,0.0008966597431769038
2002-11-18,0.001710365686726066
2002-11-19,-0.00030524951562298463
2002-11-20,-0.0018848164866760257
2002-11-21,-0.00426288602685791
2002-11-22,0.0018465647219760956
2002-11-25,-0.003938077255151873
2002-11-26,0.004058472779700552
2002-11-27,-0.002870872672619783
2002-11-28,0.0006460957071603415
2002-11-29,0.00688840852351212
2002-12-02,0.001646852981074075
2002-12-03,0.0017283304968166546
2002-12-04,0.0015433133970701983
2002-12-05,0.001619092858876271
2002-12-06,0.0026473954697137044
2002-12-09,-0.00010141873283466315
2002-12-10,-0.00355581732744305
2002-12-11,0.003428570802468177
2002-12-12,0.004070499828694062
2002-12-13,0.0011619121745923056
2002-12-16,-0.0018946935108138663
2002-12-17,0.001310967947778217
2002-12-18,0.0005614502077828921
2002-12-19,0.0028743385247301284
2002-12-20,-0.003842105589872444
2002-12-23,7.978543623648434e-05
2002-12-24,0.001907892525055745
2002-12-26,0.0022835413459950877
2002-12-27,-0.0017930770946052094
2002-12-30,0.0008520237754700236
2002-12-31,0.0020556193580867506
2003-01-02,-2.851000091291715e-05
2003-01-03,0.002077907786578651
2003-01-06,0.00398254297509574
2003-01-07,-0.0057189534736650375
2003-01-08,0.002715927791160354
2003-01-09,0.006083976145239682
2003-01-10,0.0022102989828112225
2003-01-13,-0.000549545129216347
2003-01-14,-0.0007355138067581097
2003-01-15,-0.0014872022021651182
2003-01-16,0.005137846990086754
2003-01-17,-0.00214473938070521
2003-01-20,0.00048175591255251196
2003-01-21,-0.0002159270160560345
2003-01-22,-0.003006246762564608
2003-01-23,0.002475606886783705
2003-01-24,0.002543135556073205
2003-01-27,-0.0018711674114311857
2003-01-28,0.0005361114960104624
2003-01-29,0.0011442210564834266
2003-01-30,-0.0008576281016106804
2003-01-31,0.00029770454633580877
2003-02-03,-0.0007294962440353987
2003-02-04,0.006256408597340966
2003-02-05,-0.0038120803247065605
2003-02-06,-0.000995226459933832
2003-02-07,0.0008459622996729426
2003-02-10,-0.004532120239671944
2003-02-11,0.00014714625150311634
2003-02-12,-0.003985358890293095
2003-02-13,0.009084559746107288
2003-02-14,-0.00558801321327854
2003-02-17,-0.0011404570551794132
2003-02-18,-0.0037977112850802134
2003-02-19,0.005180306219495617
2003-02-20,0.003122448762678644
2003-02-21,-0.0039685067312865314
2003-02-24,0.005389213882558322
2003-02-25,-0.0032124202837541904
2003-02-26,0.0053430275553437295
2003-02-27,-0.004672015948567201
2003-02-28,0.002777447729320383
2003-03-03,0.0013790431466035216
2003-03-04,0.003310350203851216
2003-03-05,0.0012734041317947833
2003-03-06,0.0012785799221754926
2003-03-07,-1.027519478429206e-05
2003-03-10,0.003803023532256865
2003-03-11,-0.0010308490001576206
2003-03-12,-0.0014320945437985802
2003-03-13,-0.014564809689691068
2003-03-14,-0.0010762393040321633
2003-03-17,-0.005177048389817816
2003-03-18,-0.009249780062677217
2003-03-19,-0.004792389251953025
2003-03-20,-0.001892480182579801
2003-03-21,-0.012877466823842864
2003-03-24,0.009385769208413634
2003-03-25,-0.002162926270228781
2003-03-26,0.0010134816621855322
2003-03-27,0.0033999048865990308
2003-03-28,0.002713926458648997
2003-03-31,0.008735309980926032
2003-04-01,-0.005298885501945578
2003-04-02,-0.007849484056909169
2003-04-03,-8.312381758842937e-05
2003-04-04,-0.0005355129987413212
2003-04-07,-0.0040220344804010435
2003-04-08,0.0016486261696593396
2003-04-09,0.002156383119040932
2003-04-10,0.0012095724432187706
2003-04-11,-0.0007172064203606682
2003-04-14,-0.0034822773309595256
2003-04-15,-0.0005579602580341343
2003-04-16,0.003118154565086523
2003-04-17,0.002956993916806107
2003-04-21,-0.0024924069548937313
2003-04-22,0.0005570056360700827
2003-04-23,0.004159914449854933
2003-04-24,0.002153375528422603
2003-04-25,0.0031018395692355085
2003-04-28,-0.0008806935751694487
2003-04-29,0.0011152898980349736
2003-04-30,0.0005588400939232852
2003-05-01,-8.474706153932007e-05
2003-05-02,-0.0007934305338035422
2003-05-05,0.000206361384114524
2003-05-06,0.003998015906110095
2003-05-07,0.00014686513973435878
2003-05-08,0.0009870911900298773
2003-05-09,-0.0011881848284021755
2003-05-12,0.00026033137775016794
2003-05-13,-0.0010487805222218767
2003-05-14,0.0003889866794152634
2003-05-15,0.002091778723666933
2003-05-16,0.0038476093347001284
2003-05-19,-0.002714695794564315
2003-05-20,7.903334470638856e-05
2003-05-21,-0.0028912662285989245
2003-05-22,0.002648286260135854
2003-05-23,0.0004312326910823557
2003-05-26,0.0010752845839851314
2003-05-27,0.0005146367565796847
2003-05-28,0.0009631669578115404
2003-05-29,0.0008860255302031119
2003-05-30,0.0013877641943269327
2003-06-02,-0.0022050498013907287
2003-06-03,0.0017714523131546307
2003-06-04,0.0028178072290129808
2003-06-05,-0.0007702050224701412
2003-06-06,-0.0012807174755325005
2003-06-09,0.0018140791576082415
2003-06-10,0.0038199451635777242
2003-06-11,-0.0007731253654497035
2003-06-12,0.0023184531446107377
2003-06-13,0.0015556892528879966
2003-06-16,0.0007910284973329723
2003-06-17,-0.0016567402532270288
2003-06-18,-0.0029311689102546235
2003-06-19,0.0004537834100589724
2003-06-20,-0.005717862335181115
2003-06-23,-0.0013247740074193843
2003-06-24,-0.0010536035894398927
2003-06-25,-0.002877846699220574
2003-06-26,-0.003551638097300195
2003-06-27,-0.0011090153026613327
2003-06-30,0.0006808016809618809
2003-07-01,0.0027571122813812928
2003-07-02,0.0015423103336474808
2003-07-03,-0.0029465814894591522
2003-07-07,-0.001131416527294451
2003-07-08,-0.0021177620943325804
2003-07-09,0.00019609398901889808
2003-07-10,-0.00023615392643985375
2003-07-11,0.0012726162100246982
2003-07-14,-0.0007767776144656802
2003-07-15,-0.00593678694826064
2003-07-16,-0.0015030678869324555
2003-07-17,-0.0007973756983040802
2003-07-18,0.003029761779700131
2003-07-21,-0.003591817295203798
2003-07-22,-0.001612220119412541
2003-07-23,0.0025818394334044138
2003-07-24,0.0003780901996497433
2003-07-25,0.003720497874598302
2003-07-28,-0.0032205214640783565
2003-07-29,-0.004041718880231909
2003-07-30,-0.0026640532924157062
2003-07-31,-0.001098113779081755
2003-08-01,-0.001778445459375524
2003-08-04,0.0014062253718662625
2003-08-05,-0.0002685391561998834
2003-08-06,-0.00014066535893246437
2003-08-07,0.0029066699905958716
2003-08-08,0.0008092635264398259
2003-08-11,0.0006667741556805371
2003-08-12,-0.00044170634796243257
2003-08-13,0.002466147243723235
2003-08-14,0.0035434748227177507
2003-08-15,-0.010981192474237253
2003-08-18,0.0012499943476209823
2003-08-19,0.000377928458812243
2003-08-20,0.00303564846829084
2003-08-21,0.003604118458898773
2003-08-22,-0.0012237105432487641
2003-08-25,-0.00018905402458183982
2003-08-26,0.0011948351506259605
2003-08-27,0.001254902771744426
2003-08-28,-0.0010512869005998504
2003-08-29,0.00048046254797783674
2003-09-01,0.0005602933984702486
2003-09-02,0.0008164624698211224
2003-09-03,-0.00041907976137446493
2003-09-04,-0.003752177603246668
2003-09-05,-0.006098253119095752
2003-09-08,-0.00014278176561987937
2003-09-09,-0.0015234658963444586
2003-09-10,-0.003558541863224827
2003-09-11,0.00119668988200778
2003-09-12,-0.0005171498087772874
2003-09-15,-0.001324110650801051
2003-09-16,0.005537197279689176
2003-09-17,-0.0022056067061403156
2003-09-18,0.00130727329667156
2003-09-19,-0.0003360782087944683
2003-09-22,0.0011816274626254295
2003-09-23,0.0006115919714978471
2003-09-24,-0.0037901051223478955
2003-09-25,-0.0024097236406547505
2003-09-26,-0.0010619758137881137
2003-09-29,0.0007397770066589362
2003-09-30,-0.004307252848507382
2003-10-01,0.0009634061846378723
2003-10-02,0.0010065831760694857
2003-10-03,0.0009480502498878692
2003-10-06,-0.0015029534040141028
2003-10-07,0.0015281966066740891
2003-10-08,-0.002063071234729592
2003-10-09,0.00099265823977199
2003-10-10,0.0035165287559497586
2003-10-13,0.0013641505795412847
2003-10-14,0.0006419445559529581
2003-10-15,-0.001717637083837711
2003-10-16,0.0003699347683332538
2003-10-17,-0.0034350043295019402
2003-10-20,-0.002202587886811868
2003-10-21,0.002838549515082684
2003-10-22,0.0016588541845856729
2003-10-23,0.0007922016434174592
2003-10-24,0.0002803076042977647
2003-10-27,-0.0009694618452789931
2003-10-28,0.0010580788914344036
2003-10-29,-0.002202618186457938
2003-10-30,-0.0025259936283890147
2003-10-31,0.0005341001599949867
2003-11-03,-0.0033699100597003556
2003-11-04,0.0008823591001142663
2003-11-05,-0.0035220602152444876
2003-11-06,-0.0009502175135769667
2003-11-07,-0.00039051787698072367
2003-11-10,0.00014570827931681963
2003-11-11,0.0012925578626253617
2003-11-12,0.005942535515322377
2003-11-13,0.0018121319754823674
2003-11-14,9.48042011629672e-07
2003-11-17,-0.0005789509514136886
2003-11-18,-0.0005263602873100322
2003-11-19,0.0010745624639856568
2003-11-20,-0.0007434096248003116
2003-11-21,0.0030700061805233503
2003-11-24,0.0016498926321518457
2003-11-25,0.0014816076035446078
2003-11-26,0.0025883843937766697
2003-11-27,-1.6083676878095564e-05
2003-11-28,-0.0018843464737993629
2003-12-01,0.0017013032739650001
2003-12-02,0.0010529676307334988
2003-12-03,-0.00028347463152675437
2003-12-04,0.0012589955381341134
2003-12-05,0.0037056197302622524
2003-12-08,0.0026380391156099994
2003-12-09,-0.0014340393526964135
2003-12-10,-0.000566822814162027
2003-12-11,0.0019206735824090404
2003-12-12,0.004410579856731993
2003-12-15,-0.004210201039621551
2003-12-16,0.0016435460999449465
2003-12-17,0.002822556450832354
2003-12-18,0.0034725853988786075
2003-12-19,-0.004074230169455518
2003-12-22,-0.003657499142523527
2003-12-23,-0.00043900050758214357
2003-12-24,0.005579507530319393
2003-12-26,-0.0016638052203514612
2003-12-29,0.00277130391638462
2003-12-30,0.0024168429237958044
2003-12-31,0.00028707669026304576
2004-01-02,-0.00040114321749173547
2004-01-05,0.005981105158460669
2004-01-06,0.00041157082485555294
2004-01-07,-0.0024361101108799125
2004-01-08,0.004177047824785392
2004-01-09,-0.0015291629789491365
2004-01-12,0.002452490644516524
2004-01-13,-0.0036642884349111678
2004-01-14,-0.001280466711818637
2004-01-15,-0.006363798839460792
2004-01-16,-0.0006281711090825298
2004-01-19,-0.0002958273271083464
2004-01-20,0.006347845683369863
2004-01-21,-0.0011968259860633513
2004-01-22,0.0008506751833795104
2004-01-23,-0.0012835244466070513
2004-01-26,-0.0009296736492413732
2004-01-27,0.00032796999657522366
2004-01-28,-0.0009858235051444272
2004-01-29,-0.00695600591498021
2004-01-30,0.004378854706436299
2004-02-02,0.003335639504938664
2004-02-03,0.001515283346072105
2004-02-04,-0.002334970759740996
2004-02-05,0.0005153437695336738
2004-02-06,0.006564068910666499
2004-02-09,0.002238874014139376
2004-02-10,0.0011914025151003804
2004-02-11,0.00696467662636729
2004-02-12,6.655068517515208e-05
2004-02-13,-0.0005810582408773214
2004-02-16,0.0008861701427161601
2004-02-17,-0.0006039700893029672
2004-02-18,-0.0030737087088239246
2004-02-19,0.0005995109791648532
2004-02-20,-0.0066091984106344745
2004-02-23,0.00024936658624540525
2004-02-24,0.003538516417975509
2004-02-25,-0.003065061956997047
2004-02-26,-9.588091539324052e-06
2004-02-27,0.0029727052845724966
2004-03-01,0.0026861085340961007
2004-03-02,-0.005756485733182854
2004-03-03,-0.003167985857637569
2004-03-04,0.001909306573344923
2004-03-05,0.009820191042033658
2004-03-08,-0.0025166860727598547
2004-03-09,0.0009897404668223104
2004-03-10,-0.005665526958587265
2004-03-11,0.0004173164784160969
2004-03-12,-0.0006415830158646899
2004-03-15,0.00047859658972592214
2004-03-16,0.0037454427614543157
2004-03-17,0.002878891207973081
2004-03-18,0.0027107380613898956
2004-03-19,-0.001379425569841694
2004-03-22,-0.003356446125717764
2004-03-23,-0.0018663844583568226
2004-03-24,-0.003469612278036934
2004-03-25,0.0007451483154066659
2004-03-26,-0.0005640853217065805
2004-03-29,0.0022441286911436854
2004-03-30,0.0028044714865836724
2004-03-31,0.0021348453642491753
2004-04-01,-0.0022493390823364375
2004-04-02,-0.00724553311306859
2004-04-05,-0.0008889995415738069
2004-04-06,0.0010954261109744155
2004-04-07,0.0004042762081023341
2004-04-08,0.001610620509765236
2004-04-12,0.0022609941224956648
2004-04-13,-0.005982626894340855
2004-04-14,-0.002673457416773649
2004-04-15,-0.0006247556247680901
2004-04-16,0.0065087420528508536
2004-04-19,-0.0008437171722514555
2004-04-20,-0.001357559766546993
2004-04-21,0.001294160455153223
2004-04-22,0.003807303349828418
2004-04-23,-0.0008905064092228173
2004-04-26,0.0007157030062885887
2004-04-27,-0.0003311970149964703
2004-04-28,0.002196920482204394
2004-04-29,-0.0018404884185478781
2004-04-30,-0.0012210743307137222
2004-05-03,0.0033424376811433186
2004-05-04,-0.0017395211040290022
2004-05-05,0.0012951283290799475
2004-05-06,0.0019961439248912744
2004-05-07,0.010912264538508057
2004-05-10,0.001394669497815769
2004-05-11,0.0017070634605126534
2004-05-12,0.00034190088585351095
2004-05-13,0.0033944229455240105
2004-05-14,-0.0022320740218578004
2004-05-17,-0.0072845723406341385
2004-05-18,0.0009619614376362532
2004-05-19,-5.1649028612944194e-05
2004-05-20,-0.0008290921453889738
2004-05-21,-0.0034281297405867723
2004-05-24,0.0023965668020318512
2004-05-25,-0.005237850407774057
2004-05-26,-0.002651996141044496
2004-05-27,-0.007024688616706896
2004-05-28,0.00372811855245613
2004-05-31,0.00013572827968772412
2004-06-01,0.0037638475475490767
2004-06-02,-0.002196860903683049
2004-06-03,0.0018278258429504212
2004-06-04,-0.0003945903671901327
2004-06-07,-0.0022795270114488006
2004-06-08,-0.0023733375463505274
2004-06-09,0.0007410783791247695
2004-06-10,0.0008595033122914174
2004-06-11,0.0
2004-06-14,0.002019156788560124
2004-06-15,-0.004514173149146894
2004-06-16,-0.0001646341472791824
2004-06-17,-0.0006710385574410678
2004-06-18,0.0008392764134687805
2004-06-21,-0.0018263012536282824
2004-06-22,0.0020121053303594253
2004-06-23,-0.0012047513986991674
2004-06-24,-0.0020525406746459934
2004-06-25,0.000365281570117433
2004-06-28,0.0011029074678802146
2004-06-29,-0.0008676921673626241
2004-06-30,0.0021592807828482575
2004-07-01,0.0018507639207594607
2004-07-02,-0.00032657302983729684
2004-07-05,-0.0002863194250046627
2004-07-06,0.004637196201165727
2004-07-07,-0.0033218055101247325
2004-07-08,0.0016286814916486138
2004-07-09,-4.369377797919954e-05
2004-07-12,-0.0011297472079014042
2004-07-13,0.0005014609826652835
2004-07-14,0.002534505948273664
2004-07-15,0.00047186080955106935
2004-07-16,-0.004758647828547651
2004-07-19,0.0018375346567243466
2004-07-20,-0.0014237185039792006
2004-07-21,0.00019850915509271746
2004-07-22,-0.00019517079727123668
2004-07-23,-0.0008994482551066313
2004-07-26,0.0017255339529373944
2004-07-27,-0.001091810890299213
2004-07-28,0.0011969408030554401
2004-07-29,-0.0009920563896095816
2004-07-30,-0.00014604741198402551
2004-08-02,-0.0005386785598009424
2004-08-03,0.0005836471657036387
2004-08-04,-0.0006635090462643349
2004-08-05,0.003737003629608025
2004-08-06,-0.0019640149990204033
2004-08-09,0.0014339693377100101
2004-08-10,-0.0012323899468390076
2004-08-11,-0.0014927492587466713
2004-08-12,0.0014519707832460196
2004-08-13,-0.00035355476090060577
2004-08-16,-0.008674744335899346
2004-08-17,-0.0013631212246035692
2004-08-18,-0.001021105145121955
2004-08-19,0.002187466868012839
2004-08-20,0.0012942094525398423
2004-08-23,-1.943289096184069e-05
2004-08-24,-0.0032885395248881005
2004-08-25,-0.001703205026023142
2004-08-26,-0.001704386215041912
2004-08-27,-0.0009927235757543256
2004-08-30,0.0010462282310780538
2004-08-31,-0.001732316547511445
2004-09-01,0.0006881821957379578
2004-09-02,-0.0020916361297394826
2004-09-03,-0.00115444536673183
2004-09-06,-0.0005425427325464101
2004-09-07,-0.001884474519175456
2004-09-08,0.0011905088682989818
2004-09-09,0.000739574701701105
2004-09-10,-0.002684736683321094
2004-09-13,0.0014540633385792014
2004-09-14,0.00043478241805510414
2004-09-15,0.0004034487033112341
2004-09-16,-8.472453738814989e-05
2004-09-17,-0.00017201694043165726
2004-09-20,0.0015096133667248995
2004-09-21,-0.0018243678492792775
2004-09-22,0.0026090486580833843
2004-09-23,-0.00010128616753351967
2004-09-24,-0.0011113731169945563
2004-09-27,0.00249970619748614
2004-09-28,0.000626002186555197
2004-09-29,-0.0026730918874783532
2004-09-30,0.0026917018220970635
2004-10-01,-0.003341418260312441
2004-10-04,-0.0030187074161042945
2004-10-05,0.003538876334107314
2004-10-06,-0.002478201143534412
2004-10-07,0.0023387628563179244
2004-10-08,0.007045580431049113
2004-10-11,0.0001794978824634409
2004-10-12,-0.003078762850531201
2004-10-13,0.002890593894132362
2004-10-14,0.005801972915473484
2004-10-15,0.0028959385452978843
2004-10-18,-0.0010548244243570716
2004-10-19,0.0017045734421012114
2004-10-20,0.005179076135065847
2004-10-21,-0.0013515341114234529
2004-10-22,0.0037608644196172407
2004-10-25,0.0038766722599773897
2004-10-26,-0.0036989215310737227
2004-10-27,-0.007597221692982079
2004-10-28,-0.0015467178482428676
2004-10-29,0.002777672512344736
2004-11-01,-0.005047619714236023
2004-11-02,-0.0037233821754745137
2004-11-03,0.00576850250611486
2004-11-04,0.0010222073958756686
2004-11-05,0.0027179360404318655
2004-11-08,-0.0018593637050079437
2004-11-09,-0.0013821687571415038
2004-11-10,-0.0009681598943352414
2004-11-11,-0.00022105053162294584
2004-11-12,0.003934740930404617
2004-11-15,-0.0003283011638895402
2004-11-16,-0.0008092402323193042
2004-11-17,0.0052235297459188755
2004-11-18,-0.0016063412323913905
2004-11-19,0.0005022624560142907
2004-11-22,0.002226567138150249
2004-11-23,-0.00018010466353821837
2004-11-24,0.002098125090356061
2004-11-25,0.0016825658103428577
2004-11-26,0.000854186522642169
2004-11-29,0.0028453628457289644
2004-11-30,4.5787137470888806e-05
2004-12-01,0.00013371242682028885
2004-12-02,-0.003776344820411477
2004-12-03,0.0006213652094443384
2004-12-06,-0.002586480393518256
2004-12-07,-0.004180195625532345
2004-12-08,-0.006691073080369105
2004-12-09,-0.00013350374800433465
2004-12-10,-0.0037252216534188766
2004-12-13,0.003094409173476358
2004-12-14,-0.0011895818174311363
2004-12-15,-0.001588214767038902
2004-12-16,-0.001480193737908641
2004-12-17,-0.0007510458382295394
2004-12-20,0.002568760314639934
2004-12-21,0.002039389292173313
2004-12-22,0.002462130201073364
2004-12-23,0.0027455451622890744
2004-12-27,0.007656877091154173
2004-12-28,0.0010741794169072895
2004-12-29,-0.005034429168964199
2004-12-30,-0.000947989164536667
2004-12-31,-0.0024201360603982656
2005-01-03,-0.0030806641502176594
2005-01-04,-0.005433680850748236
2005-01-05,-0.0005474209818376517
2005-01-06,-0.004774684969166822
2005-01-07,-0.0014200442474033286
2005-01-10,0.0013230293108160024
2005-01-11,-0.0024462277529023156
2005-01-12,0.004038200361285791
2005-01-13,-0.005524623519184111
2005-01-14,-0.0015091296913883913
2005-01-17,-0.00021070873884977652
2005-01-18,0.0018132329890457983
2005-01-19,-0.0018687157990340507
2005-01-20,-0.0005135102463180793
2005-01-21,-0.001716909003100563
2005-01-24,-0.00020121970657166968
2005-01-25,-0.0013634005996809835
2005-01-26,0.0046244025359270585
2005-01-27,-0.0004870631507253263
2005-01-28,-0.0005701476326455175
2005-01-31,-0.0014759313846357547
2005-02-01,0.001837955807472578
2005-02-02,-0.001219616630798827
2005-02-03,-0.0017153679333138854
2005-02-04,-0.0033315892202503334
2005-02-07,-0.0012410430359347392
2005-02-08,-0.00253183755210941
2005-02-09,-0.0034837008264875704
2005-02-10,0.0019783464654052198
2005-02-11,0.003897569390407777
2005-02-14,0.0020986383420197124
2005-02-15,0.0021438182071279667
2005-02-16,0.0009057212418676998
2005-02-17,0.007512309747802234
2005-02-18,0.0001913578185165152
2005-02-22,-0.0034038094275672336
2005-02-23,0.00246799229174773
2005-02-24,0.0005943420655079947
2005-02-25,-0.00013769967911487902
2005-02-28,0.0023881928928968514
2005-03-01,-0.0001404468678422971
2005-03-02,0.00020077207383123797
2005-03-03,-0.0001422095724465523
2005-03-04,-0.002097637715764836
2005-03-07,0.00020301687058251814
2005-03-08,-0.0032887307340381186
2005-03-09,0.0009168804002843558
2005-03-10,0.0013141920966381014
2005-03-11,-0.0012905198728327208
2005-03-14,0.004015915875357617
2005-03-15,-0.00039264322899158
2005-03-16,-0.0038052909282042884
2005-03-17,0.0017672911200528392
2005-03-18,0.0016872964075286899
2005-03-21,0.0030194106603961685
2005-03-22,0.004705165484362141
2005-03-23,0.0020939684035930508
2005-03-24,0.0010567723764041746
2005-03-28,0.0016662112189681812
2005-03-29,-0.002376839453185813
2005-03-30,0.001810245957203451
2005-03-31,-0.0016336267819799988
2005-04-01,0.0018553121173245223
2005-04-04,0.0013548581966492262
2005-04-05,-0.0009953193471607226
2005-04-06,-0.0006170599900378919
2005-04-07,-0.0007311772462128327
2005-04-08,-0.0014860416039943127
2005-04-11,-0.002513153690334859
2005-04-12,-0.0037475614403614105
2005-04-13,-8.181761543156703e-05
2005-04-14,0.005582389021560871
2005-04-15,-0.006902113619287345
2005-04-18,-0.0023137025249741453
2005-04-19,-0.002558003937052106
2005-04-20,0.0008405034611409486
2005-04-21,0.0018295415639478921
2005-04-22,0.0004952770023225507
2005-04-25,-0.0007435340210903044
2005-04-26,0.0011802558252173717
2005-04-27,-0.0061527371649493685
2005-04-28,2.9001153494875338e-05
2005-04-29,-0.002972573764960002
2005-05-02,-0.0007907210053581106
2005-05-03,-0.0027185650722995453
2005-05-04,0.001640076638199205
2005-05-05,0.0006716422415982435
2005-05-06,-0.0015574850442840198
2005-05-09,0.00035215009330170715
2005-05-10,0.0006796058782094751
2005-05-11,-0.003911209269163057
2005-05-12,-0.0043596785892207005
2005-05-13,-0.00236087891341923
2005-05-16,-0.002226883872788922
2005-05-17,-0.0008310570576948237
2005-05-18,-0.0036403412882665283
2005-05-19,-0.0013214037739305094
2005-05-20,-0.003116615906051079
2005-05-23,0.00012427294619377655
2005-05-24,0.00029899158895369405
2005-05-25,0.0015072120479223004
2005-05-26,0.0012552798801590496
2005-05-27,-0.00039155458026061946
2005-05-31,0.008144660522862716
2005-06-01,0.005581526238147643
2005-06-02,-0.0035943680019289207
2005-06-03,0.0027024227845569896
2005-06-06,-0.0021680903889465335
2005-06-07,0.0024257619937913346
2005-06-08,-0.0007466049500066394
2005-06-09,0.0009423114278326734
2005-06-10,-0.0016069095112968823
2005-06-13,0.0009656048860298263
2005-06-14,-0.001370872952349796
2005-06-15,-0.0028625065917813916
2005-06-16,-0.0025270653083211405
2005-06-17,-0.0057929822709274145
2005-06-20,0.0013199029299941168
2005-06-21,0.0010896281178096928
2005-06-22,0.00481283477906511
2005-06-23,0.0006647214303790368
2005-06-24,0.000638460767304274
2005-06-27,-0.0022541316847298864
2005-06-28,0.00028515991477650986
2005-06-29,0.0005138223489250201
2005-06-30,-0.0007604053640831734
2005-07-01,-0.005119973115477119
2005-07-05,-0.0041410412969475315
2005-07-06,-0.0032572863401707647
2005-07-07,0.002425034553284412
2005-07-08,0.0006756577984736142
2005-07-11,0.0011422042480638006
2005-07-12,-0.004282682862214836
2005-07-13,0.0013178676436569295
2005-07-14,-0.00013062963666419378
2005-07-15,0.0013507740032039659
2005-07-18,-0.0003438595844720037
2005-07-19,0.0009299310939688676
2005-07-20,-0.0010873411762422106
2005-07-21,-0.001793288656266093
2005-07-22,0.0043089758842476955
2005-07-25,0.00010266979567501247
2005-07-26,0.0004970082718965747
2005-07-27,-0.0013574333910760215
2005-07-28,-0.001497765307607561
2005-07-29,-0.0002867592782994572
2005-08-01,-0.00225695252575344
2005-08-02,0.0012801948786103164
2005-08-03,-0.0045631819346025814
2005-08-04,-0.001139300699461739
2005-08-05,0.0008428519043141574
2005-08-08,0.0026454802964209
2005-08-09,-0.00022002810510392932
2005-08-10,0.0006715541455302246
2005-08-11,-0.0038064716126214467
2005-08-12,-0.002494394538402106
2005-08-15,0.015410374593598583
2005-08-16,-0.005799510553364491
2005-08-17,0.001934461481701005
2005-08-18,-0.0010256708814766564
2005-08-19,0.0019024149115061497
2005-08-22,-0.0013931906489313929
2005-08-23,-1.6717214366564724e-05
2005-08-24,-0.0004729757397847417
2005-08-25,-0.0022357120588002593
2005-08-26,-0.0026682913687516604
2005-08-29,0.0029390489894243594
2005-08-30,-0.0028216369885490163
2005-08-31,-0.0005838515584157426
2005-09-01,0.0017519447400981018
2005-09-02,-0.0013811875782808042
2005-09-06,0.0019553747697781776
2005-09-07,0.0013598311375385495
2005-09-08,-7.083771995582805e-05
2005-09-09,0.00018282072473896436
2005-09-12,0.0018678706321777984
2005-09-13,-0.0033248610549259806
2005-09-14,0.003990723222550173
2005-09-15,0.003049893394032366
2005-09-16,0.0014502839411654174
2005-09-19,0.0078817385096464
2005-09-20,-0.0036822780401114283
2005-09-21,-0.0017345935400865098
2005-09-22,0.001166221984938563
2005-09-23,-0.0002870922755132139
2005-09-26,0.0031380922706527453
2005-09-27,0.00016178428893674825
2005-09-28,0.002211958635902264
2005-09-29,0.003614489879759064
2005-09-30,0.0006986822469295355
2005-10-03,0.0015116611547986928
2005-10-04,-0.00416339066756186
2005-10-05,-0.0040026916765765206
2005-10-06,-0.0040492466485532
2005-10-07,0.0032528980224507636
2005-10-10,-0.0009853739530861357
2005-10-11,0.003118814619785456
2005-10-12,-0.0018511554247597382
2005-10-13,-0.0007842878840019007
2005-10-14,0.00016007850841549077
2005-10-17,-0.0006997383998266447
2005-10-18,-0.0026113731883921996
2005-10-19,-0.0003012334496181644
2005-10-20,-0.006192804043706445
2005-10-21,0.0020295423784532393
2005-10-24,0.0030657639493899516
2005-10-25,0.002971441696393492
2005-10-26,-0.0010418815619947746
2005-10-27,-0.0034757020799819085
2005-10-28,-0.0020752993959728305
2005-10-31,-0.00417333183386283
2005-11-01,-0.0005157730544766537
2005-11-02,-0.001281322893614922
2005-11-03,0.0036614291016321496
2005-11-04,-7.043476470800561e-05
2005-11-07,-0.0016698945046344333
2005-11-08,-0.00011979208314558439
2005-11-09,0.0019079365574589703
2005-11-10,-0.0017073080426906796
2005-11-11,-3.6214392487305984e-05
2005-11-14,0.0011509228046633045
2005-11-15,-0.0007103061943225776
2005-11-16,0.000962720661503486
2005-11-17,0.0010967113184378664
2005-11-18,3.801606272562499e-06
2005-11-21,-0.0003573132595045203
2005-11-22,-0.0033407547270549436
2005-11-23,8.286421075268764e-06
2005-11-24,0.00011802697500758999
2005-11-25,-0.00046289892449666786
2005-11-28,-0.001777248806951452
2005-11-29,0.004551792818463948
2005-11-30,-0.0023844905029810587
2005-12-01,0.003090614182508908
2005-12-02,0.000562978460804024
2005-12-05,0.0001744542969932048
2005-12-06,-0.0011174196008996906
2005-12-07,0.0022234941077896434
2005-12-08,-0.0032676999617546883
2005-12-09,0.005346291539084616
2005-12-12,-0.0023760785990773565
2005-12-13,-0.001609121429138917
2005-12-14,-0.00531141292080601
2005-12-15,-0.0011055302112653513
2005-12-16,0.00112806324158327
2005-12-19,-0.00010500666865931308
2005-12-20,-0.0016126627792847129
2005-12-21,0.0007203529631150972
2005-12-22,0.0013302225645741917
2005-12-23,-0.0012516521445048187
2005-12-27,-0.00034147397705865736
2005-12-28,0.0007520860278948772
2005-12-29,-0.0008934239288471463
2005-12-30,-0.0004200750953841571
2006-01-03,0.00023433126904794967
2006-01-04,-0.00035694085241231194
2006-01-05,-0.0011749743444736352
2006-01-06,0.002821040830790015
2006-01-09,0.003693530315861239
2006-01-10,0.002663736709104452
2006-01-11,0.002857192472520759
2006-01-12,7.18872215820102e-05
2006-01-13,-0.0006667338292575099
2006-01-16,0.0005170231450881319
2006-01-17,-0.003940195645822848
2006-01-18,-0.0005026409610441552
2006-01-19,0.0031136843946683746
2006-01-20,-0.006707167466604407
2006-01-23,-0.000740443086246349
2006-01-24,0.00317021017593062
2006-01-25,0.004110157424502167
2006-01-26,0.00042627184324978753
2006-01-27,-0.0008850432010067883
2006-01-30,0.0010450977218620565
2006-01-31,0.0017324708859676446
2006-02-01,0.0006734616872979894
2006-02-02,0.003043848023217301
2006-02-03,-0.004855863147247746
2006-02-06,-0.0004573566583155288
2006-02-07,-0.0040940830371720945
2006-02-08,0.0012345530865608917
2006-02-09,0.0016220702842538331
2006-02-10,-0.002682133495397873
2006-02-13,-0.0022308252043735503
2006-02-14,0.005391240321737731
2006-02-15,-0.0065281837044449615
2006-02-16,0.002872568555717249
2006-02-17,-0.001020136971566153
2006-02-20,0.0004955026015545185
2006-02-21,0.0011961031389268425
2006-02-22,0.0015257699684076878
2006-02-23,-7.405772445988074e-05
2006-02-24,0.004484308010249665
2006-02-27,-0.003265683959258439
2006-02-28,0.0006372220562299219
2006-03-01,0.0012932315551779764
2006-03-02,0.006325618501842525
2006-03-03,0.00031548275121738687
2006-03-06,-0.001125185401138357
2006-03-07,-0.002135109322074662
2006-03-08,-0.0019619733319604367
2006-03-09,6.6278372501155985e-06
2006-03-10,0.0008487006566355856
2006-03-13,0.002251955219311956
2006-03-14,0.007217903767645708
2006-03-15,0.0010059319511390036
2006-03-16,0.0007753643059276672
2006-03-17,-0.00024312550395723357
2006-03-20,-0.0022692181791067402
2006-03-21,0.0004755979356824637
2006-03-22,0.002751331378968059
2006-03-23,-0.00025728840551531566
2006-03-24,0.0001518166551263926
2006-03-27,0.002298781001397753
2006-03-28,0.0031339610173081035
2006-03-29,0.003256910005704805
2006-03-30,0.004773812234020854
2006-03-31,-0.001095933402191549
2006-04-03,0.0010005294783801977
2006-04-04,0.004386736906046198
2006-04-05,0.0018178199172771273
2006-04-06,0.0026294775334556315
2006-04-07,-0.00292246495833396
2006-04-10,0.003142324943467719
2006-04-11,-0.002304589376449294
2006-04-12,0.0006350111461443806
2006-04-13,0.0018350945103033066
2006-04-17,-0.006740049504809591
2006-04-18,0.003521890950862999
2006-04-19,0.0038001686459443
2006-04-20,-0.0030174637713574586
2006-04-21,0.003794422889929113
2006-04-24,-0.0030702733570462325
2006-04-25,0.003156784305273063
2006-04-26,0.0003528865657179557
2006-04-27,-0.00020849398675940324
2006-04-28,0.0018166590653577955
2006-05-01,0.0025792613060394457
2006-05-02,0.0022663213550577445
2006-05-03,-0.0014979934084603833
2006-05-04,0.0007588986397837416
2006-05-05,0.002659982582242
2006-05-08,-0.0016070566137119447
2006-05-09,0.004795921092753821
2006-05-10,0.0025229229107764034
2006-05-11,0.0016925429520503494
2006-05-12,-0.002875909891594816
2006-05-15,-0.007582482307457585
2006-05-16,0.0005529798703015286
2006-05-17,-0.005296921654930185
2006-05-18,-0.0023662620758707685
2006-05-19,-0.003097228247205618
2006-05-22,-0.00031478855711899735
2006-05-23,0.002418828021892218
2006-05-24,-0.0062664258608579855
2006-05-25,0.0060570657505842765
2006-05-26,-0.0021236332010687443
2006-05-29,0.0007902401211546057
2006-05-30,0.006842728457556658
2006-05-31,-0.0028479343327729475
2006-06-01,-0.0034975807753819324
2006-06-02,0.0004352242958658719
2006-06-05,0.004757763028923825
2006-06-06,-0.0025044235239192456
2006-06-07,0.0005215067685291349
2006-06-08,-0.004872777484180136
2006-06-09,0.0018653670422740304
2006-06-12,0.0006327737453168098
2006-06-13,-0.0048591996775401184
2006-06-14,0.002120997641940026
2006-06-15,-0.0010210524967833225
2006-06-16,0.0036532235454924226
2006-06-19,-0.0014548289705694814
2006-06-20,0.0015485083375531468
2006-06-21,0.0014918676775423523
2006-06-22,0.0015128045928963889
2006-06-23,-0.0007344267319929418
2006-06-26,0.0016726475992370272
2006-06-27,0.00011150380755771557
2006-06-28,-0.0015644603250520837
2006-06-29,-0.0005326561076281086
2006-06-30,0.0033420336210325517
2006-07-03,-0.00025163436989153134
2006-07-04,6.780516238079817e-05
2006-07-05,0.004375024342663702
2006-07-06,-0.0001248392142560228
2006-07-07,-0.0021902035776035444
2006-07-10,-0.0030370934988524175
2006-07-11,0.0011940641705967434
2006-07-12,0.0016129318419024323
2006-07-13,0.003121551355063813
2006-07-14,0.0004913672633499944
2006-07-17,-0.004046437848473817
2006-07-18,-0.0034194496578169088
2006-07-19,-0.0025096539538539855
2006-07-20,-0.0001818371831126185
2006-07-21,0.0021275391875805716
2006-07-24,-0.0033418567261332623
2006-07-25,-0.0017114964774768628
2006-07-26,0.0014109915260770306
2006-07-27,0.0018253468961047664
2006-07-28,-0.001958417367560124
2006-07-31,0.0014424606044585982
2006-08-01,0.002537713012697367
2006-08-02,0.0017481711761428282
2006-08-03,-0.0014488181302025887
2006-08-04,0.0032483635441280883
2006-08-07,0.0030445129112759207
2006-08-08,0.0002048848117888523
2006-08-09,-0.00010907131754720649
2006-08-10,-0.0034641538357993045
2006-08-11,-0.001454063115204781
2006-08-14,-0.0023142098194075035
2006-08-15,-0.010166714651558018
2006-08-16,0.0033130335520930518
2006-08-17,-0.002139656463338773
2006-08-18,0.0018454971833936178
2006-08-21,0.0028921702485402733
2006-08-22,0.0018202412678413752
2006-08-23,-0.002715311637474408
2006-08-24,0.001042955416609648
2006-08-25,-0.0009703311749187257
2006-08-28,-0.0019611943795769192
2006-08-29,-0.0009983248409627412
2006-08-30,-0.0006360753852153686
2006-08-31,0.0009089156580237284
2006-09-01,-6.962514275388701e-05
2006-09-04,-0.001294869453501168
2006-09-05,-0.0025668980139552937
2006-09-06,-0.0021457734251169864
2006-09-07,0.0027237430074183683
2006-09-08,0.002079161801940151
2006-09-11,-0.00026620550006237865
2006-09-12,0.00024155522658569372
2006-09-13,0.001913410185723145
2006-09-14,-9.965605194900938e-05
2006-09-15,0.0004623051517985784
2006-09-18,-0.00013618383158207786
2006-09-19,0.003911946195118784
2006-09-20,0.00245921444953101
2006-09-21,-0.0023141229089804673
2006-09-22,0.002614697518957291
2006-09-25,0.0020013497195777246
2006-09-26,0.0021974692925993255
2006-09-27,-0.0018577829065885042
2006-09-28,-0.00014932603382723637
2006-09-29,-0.0019915079647602587
2006-10-02,0.000568844619122815
2006-10-03,0.0005691751214760816
2006-10-04,0.001178802593331558
2006-10-05,-0.001055045932074883
2006-10-06,-0.000389695276181721
2006-10-09,0.0007695949301154782
2006-10-10,0.0006033545729588667
2006-10-11,0.00024466322118471084
2006-10-12,0.0009911901297401434
2006-10-13,0.0007886159620769494
2006-10-16,0.0035206988900299187
2006-10-17,0.0010717548226635912
2006-10-18,0.0023035978569442444
2006-10-19,-0.0017781402195823682
2006-10-20,0.0008222990606966055
2006-10-23,-0.00317298748521384
2006-10-24,0.00043916312698051834
2006-10-25,-0.0021577288394131837
2006-10-26,-0.0021268388093942238
2006-10-27,-0.001818417204355805
2006-10-30,0.0011950251670458242
2006-10-31,0.0011875300110215166
2006-11-01,-0.0018203028962134118
2006-11-02,-0.0016726489585100653
2006-11-03,-0.004089986991972528
2006-11-06,0.0016317436377455367
2006-11-07,0.0025360058455284394
2006-11-08,0.0008343699634111761
2006-11-09,-0.005788646966460785
2006-11-10,0.004400574730782599
2006-11-13,0.0038196732577157485
2006-11-14,0.0024310318264933067
2006-11-15,-0.0007350683622542935
2006-11-16,0.0018975236213585038
2006-11-17,0.002374552449315021
2006-11-20,-0.003330027712636494
2006-11-21,-0.0024746274595003523
2006-11-22,-0.0004078790687326135
2006-11-23,-0.0007770262242526015
2006-11-24,-0.0045023463186015696
2006-11-27,-0.004616760386417954
2006-11-28,0.0020153531068516977
2006-11-29,0.0012218971292396283
2006-11-30,-0.00023027655140418695
2006-12-01,-0.001288635331116654
2006-12-04,0.0031909767792460014
2006-12-05,-0.000605384556749271
2006-12-06,-0.0012762893038212476
2006-12-07,-0.0019298591951444875
2006-12-08,0.00010952633672263885
2006-12-11,0.002204731282128042
2006-12-12,0.00020718449279961536
2006-12-13,-0.00025728803182185266
2006-12-14,0.0018088852263191723
2006-12-15,-0.004732565291448835
2006-12-18,0.0020125010031604128
2006-12-19,0.0036072520608507086
2006-12-20,-0.0008353142549330377
2006-12-21,0.0007083412589476741
2006-12-22,-0.004991324734596535
2006-12-26,0.003873984992409398
2006-12-27,0.0012320359325302826
2006-12-28,0.00016453826603651776
2006-12-29,0.0005502567774380814
2007-01-02,0.00166628526028739
2007-01-03,-0.00020446829579274235
2007-01-04,-0.0013557006025531517
2007-01-05,-0.00643225988938186
2007-01-08,0.0021534098480195897
2007-01-09,0.0011126182468544027
2007-01-10,0.00011328014796927923
2007-01-11,0.003627913334169793
2007-01-12,0.004036233708052002
2007-01-16,0.0005403494279150466
2007-01-17,-0.0002708409000731178
2007-01-18,-0.0001706131686420145
2007-01-19,0.0011916006802478066
2007-01-22,-0.0003324315337207079
2007-01-23,-0.00012033392387658644
2007-01-24,-0.00043885348980766324
2007-01-25,-0.0015387954846623711
2007-01-26,-0.0025347420432687904
2007-01-29,0.0018668270725910338
2007-01-30,-0.0010421867974275683
2007-01-31,0.00034076981796437683
2007-02-01,0.0027035572542692134
2007-02-02,-0.005010407785162698
2007-02-05,0.0008143198080148474
2007-02-06,-0.0002664077138429393
2007-02-07,0.0006544894754028693
2007-02-08,-0.0007892552044479247
2007-02-09,-0.0011677527997443554
2007-02-12,-0.0012157858582086168
2007-02-13,0.002395754953887537
2007-02-14,0.002354254564386448
2007-02-15,-0.0022713034428827
2007-02-16,-0.001177647151897762
2007-02-20,0.001437108566309601
2007-02-21,0.002132214322754575
2007-02-22,-0.00018639648584761336
2007-02-23,-0.0008716317083947638
2007-02-26,-0.0009353589475065569
2007-02-27,-0.012127238104575716
2007-02-28,1.1843636089068594e-05
2007-03-01,-0.0003732128291424718
2007-03-02,-0.006737445837924187
2007-03-05,-0.005216503000373446
2007-03-06,0.005024629466662136
2007-03-07,0.0011612522875499001
2007-03-08,0.00454627762595444
2007-03-09,0.0028141562836360647
2007-03-12,0.0012439649824853131
2007-03-13,-0.006106564287244668
2007-03-14,-0.00026725014816583536
2007-03-15,0.0014000714608673253
2007-03-16,0.0016293785935891968
2007-03-19,0.004129125492772184
2007-03-20,0.001883325691168441
2007-03-21,0.002564946126325293
2007-03-22,-0.0011631495964396813
2007-03-23,-0.001908143256993767
2007-03-26,0.0009755511710794855
2007-03-27,-0.0003708371841892684
2007-03-28,-0.0015108822331043918
2007-03-29,-0.0010080036976197622
2007-03-30,0.001702027660528208
2007-04-02,0.0025812683782572604
2007-04-03,0.0009363776593310745
2007-04-04,0.0027203329958697606
2007-04-05,0.0009677796544808401
2007-04-09,-0.002247237939600687
2007-04-10,0.0021976516990633434
2007-04-11,-0.001133137165884283
2007-04-12,0.0008357289904635507
2007-04-13,0.0030175491638213437
2007-04-16,0.0028211052624966854
2007-04-17,0.018211247404963757
2007-04-18,0.0007561582775496372
2007-04-19,-0.000230483891749757
2007-04-20,0.003156156258990349
2007-04-23,0.001351858935375141
2007-04-24,-0.0006650028291700576
2007-04-25,0.0021684506062895725
2007-04-26,-0.005242562179345185
2007-04-27,0.0013371597721716071
2007-04-30,0.002353627116641394
2007-05-01,-0.002176370019709283
2007-05-02,-0.0011751615510096065
2007-05-03,-0.0006553224234381165
2007-05-04,0.0026589294062441646
2007-05-07,0.0001235918754834399
2007-05-08,-0.0018085337808198586
2007-05-09,-0.0031345759036336303
2007-05-10,-0.004064747762905791
2007-05-11,0.0027920899589221008
2007-05-14,-0.000834236928654637
2007-05-15,0.002391104975494112
2007-05-16,-0.0026993916754143366
2007-05-17,-0.0012437853306848162
2007-05-18,0.0007547255494805863
2007-05-21,0.0008815795490042135
2007-05-22,-0.0039141622770182145
2007-05-23,0.00047434757181687685
2007-05-24,-0.004535608409751912
2007-05-25,0.0019230239985048136
2007-05-29,-0.0017043855609675147
2007-05-30,0.0002686881810204461
2007-05-31,-0.001247181815279854
2007-06-01,0.0009979564240043155
2007-06-04,0.0013606890580279837
2007-06-05,0.0014083068925675212
2007-06-06,-0.0027783846015531862
2007-06-07,0.0017324588905546603
2007-06-08,0.0008104953075516629
2007-06-11,-0.0005785247477382503
2007-06-12,0.0013534503285346795
2007-06-13,0.001388143344273271
2007-06-14,0.001668941698535176
2007-06-15,0.0033366342991143355
2007-06-18,0.0009196091539060841
2007-06-19,-0.0012772608665492507
2007-06-20,-0.0008482105255899828
2007-06-21,0.0037620344002179157
2007-06-22,-0.0011243832033705013
2007-06-25,-0.002312278490336975
2007-06-26,-0.0012532491581282751
2007-06-27,0.0015818632719952674
2007-06-28,-0.0001791904255559775
2007-06-29,0.0007090758478598896
2007-07-02,0.0016416890871415203
2007-07-03,0.003070618705698008
2007-07-05,0.0036796757438038352
2007-07-06,0.0023376590397049357
2007-07-09,-0.0033359903108737886
2007-07-10,-0.0025245772236368734
2007-07-11,0.002761072563882052
2007-07-12,0.003083961904552861
2007-07-13,0.0013830573086924785
2007-07-16,-0.0015934003449703524
2007-07-17,0.004008407780302407
2007-07-18,-0.0027759025536554685
2007-07-19,0.0010567048087986857
2007-07-20,-0.004506590446100252
2007-07-23,0.0005139463346421468
2007-07-24,-0.004605405235150249
2007-07-25,0.0002345812776009089
2007-07-26,-0.005913933814179856
2007-07-27,-0.00249390303900917
2007-07-30,0.0032891570845498684
2007-07-31,-0.001725260390119751
2007-08-01,-4.7087752920336665e-05
2007-08-02,0.0012047757135681724
2007-08-03,-0.0061744437949432
2007-08-06,-0.0002811223643030542
2007-08-07,0.0007614812347279424
2007-08-08,0.004518931629250614
2007-08-09,-0.006199969605693073
2007-08-10,-0.001846261793509991
2007-08-13,-0.0020637864066990756
2007-08-14,-0.00426945099980614
2007-08-15,0.0015937293034929245
2007-08-16,0.0005039967550262859
2007-08-17,0.0008525792221567979
2007-08-20,-0.0013645100727301396
2007-08-21,-0.0033221396687743883
2007-08-22,-0.0020698517087954366
2007-08-23,-0.00046176056235655046
2007-08-24,-0.005894346924684722
2007-08-27,0.004995297062062787
2007-08-28,0.00036134126537568437
2007-08-29,4.5110486439058853e-05
2007-08-30,0.001472535847085726
2007-08-31,0.0009130145370634864
2007-09-04,0.0022358132180669084
2007-09-05,0.003369122103790154
2007-09-06,0.001101659270681222
2007-09-07,0.0033837224816351454
2007-09-10,0.0011460304055614541
2007-09-11,-0.00013060897521291261
2007-09-12,-0.0006078221823006392
2007-09-13,-0.0020061562246359295
2007-09-14,-0.00040693081850218927
2007-09-17,0.003018015799198378
2007-09-18,0.0018530883237625727
2007-09-19,-0.00011152540570313209
2007-09-20,0.003384161117289576
2007-09-21,-0.0006685987723719882
2007-09-24,-0.000327051028151643
2007-09-25,0.0007256831117577893
2007-09-26,0.000259581808030686
2007-09-27,0.005329345582927758
2007-09-28,0.0028478570519913826
2007-10-01,-0.0012999100519794405
2007-10-02,-0.0038348354501934376
2007-10-03,-0.001799926882600203
2007-10-04,0.0033206184533031767
2007-10-05,-0.002089776364627655
2007-10-08,-0.00411131678048276
2007-10-09,0.00213914846372387
2007-10-10,0.0023877671559087376
2007-10-11,0.005079036863768664
2007-10-12,-0.00175457640720459
2007-10-15,0.00440308049531435
2007-10-16,0.0023643985244974383
2007-10-17,0.0028210075422566198
2007-10-18,0.005221944784014791
2007-10-19,0.003927063116250313
2007-10-22,-0.004990636096576869
2007-10-23,0.0004094660850117761
2007-10-24,0.004421608788140373
2007-10-25,0.004616777637870449
2007-10-26,0.0032051627147662216
2007-10-29,0.0024066728049810314
2007-10-30,-0.0012274993098705122
2007-10-31,0.002343824094633724
2007-11-01,0.005012735225597183
2007-11-02,0.005546590511771019
2007-11-05,-0.0006765013795988219
2007-11-06,0.004416106773258928
2007-11-07,0.005900922090060236
2007-11-08,0.001578241168553622
2007-11-09,-0.0010843584672961756
2007-11-12,-0.0038732037342484016
2007-11-13,-0.008247634708783333
2007-11-14,0.006742824472570806
2007-11-15,-0.001379708301081147
2007-11-16,0.0022516429160980025
2007-11-19,0.0022413905036068505
2007-11-20,0.0024276605603545504
2007-11-21,0.0022458567733544452
2007-11-23,0.0028078276804525313
2007-11-26,0.005671692702324899
2007-11-27,-0.005343642928522139
2007-11-28,-0.008270190360910671
2007-11-29,-0.0005588843045207059
2007-11-30,-0.006095248134924756
2007-12-03,0.003977612413126936
2007-12-04,0.003967397959140422
2007-12-05,-0.006442470342385505
2007-12-06,0.00032361540616150864
2007-12-07,-0.004060321384920673
2007-12-10,0.0007327037413273936
2007-12-11,0.007280085735154339
2007-12-12,0.0015880061811370388
2007-12-13,-0.005700130715448546
2007-12-14,-0.004450350232312494
2007-12-17,-0.004031074805183541
2007-12-18,0.001210990084841885
2007-12-19,-0.00017197418928433373
2007-12-20,-0.0020694968106949574
2007-12-21,0.00013654142597219646
2007-12-24,-0.0014521884577977677
2007-12-26,0.0022819079818074306
2007-12-27,0.005976803259166862
2007-12-28,0.006377321743917569
2007-12-31,-0.0014998746301256123
2008-01-02,0.010348463639888983
2008-01-03,0.0015765291239403275
2008-01-04,0.00290601839891002
2008-01-07,-0.0017523548257560452
2008-01-08,0.003908075725484625
2008-01-09,-0.0018253504687077383
2008-01-10,0.0012894370924472253
2008-01-11,0.0034186886798594357
2008-01-14,0.0018826829413136322
2008-01-15,0.0006682157557662098
2008-01-16,-0.004234370397147945
2008-01-17,0.0020958299320536764
2008-01-18,0.0011142409904413015
2008-01-22,0.003155412307829061
2008-01-23,-0.0036302898009369588
2008-01-24,0.0013591519630668464
2008-01-25,0.0016396009273927984
2008-01-28,0.0006820950632865961
2008-01-29,-0.0019724837991545647
2008-01-30,0.000660050900093685
2008-01-31,-0.0005539219589333024
2008-02-01,-0.0024807985709291293
2008-02-04,0.0010043649548094008
2008-02-05,-0.002244654998296385
2008-02-06,0.0005718267475370431
2008-02-07,-0.003619242380389537
2008-02-08,0.004804932033867251
2008-02-11,0.0012392385029117944
2008-02-12,-0.0014070857747552304
2008-02-13,-0.0010894384631783339
2008-02-14,0.0015608429443013047
2008-02-15,0.006353067489709828
2008-02-19,0.002321037916734439
2008-02-20,0.000945874431588708
2008-02-21,0.0002758832768606103
2008-02-22,-0.0008266717743351587
2008-02-25,-0.00567536382036371
2008-02-26,3.1326054243967605e-05
2008-02-27,-0.0009290393754428564
2008-02-28,0.0040541243826827415
2008-02-29,0.004202609668662266
2008-03-03,0.00019572723555534794
2008-03-04,-0.0050308364377100855
2008-03-05,0.0026876873481367493
2008-03-06,0.001273528597766979
2008-03-07,0.002342237445562225
2008-03-10,0.0033836284379485907
2008-03-11,-0.0035016703641574908
2008-03-12,0.0006150808292423447
2008-03-13,-0.00016326643235110922
2008-03-14,0.0010511107177311296
2008-03-17,-6.392438007110501e-05
2008-03-18,-0.001793668644004495
2008-03-19,-0.007201505378859958
2008-03-20,-0.006758536600857955
2008-03-24,-0.006348539246446568
2008-03-25,0.005984063520563056
2008-03-26,0.007161055094634345
2008-03-27,0.0007259807795561433
2008-03-28,-0.0017458155427749883
2008-03-31,-0.003939416828265653
2008-04-01,-0.010501179088434157
2008-04-02,0.0036494579878507127
2008-04-03,-0.0015601614483375774
2008-04-04,0.0026407532078637844
2008-04-07,0.0008219896710273491
2008-04-08,-0.0010263789628427143
2008-04-09,0.005323718131059793
2008-04-10,-0.00257005271119008
2008-04-11,0.003243984625777775
2008-04-14,0.0005781885044269945
2008-04-15,-0.011686308901175413
2008-04-16,0.0007441616852339799
2008-04-17,-0.0014350612007095632
2008-04-18,-0.004329782683698973
2008-04-21,0.0022006550278694955
2008-04-22,0.0022220690158565952
2008-04-23,-0.004213505823901614
2008-04-24,-0.00582870562303157
2008-04-25,-0.0007739886205350637
2008-04-28,0.0018088238296999233
2008-04-29,-0.002543583947532703
2008-04-30,0.001187444691004125
2008-05-01,-0.0006125269852753204
2008-05-02,-3.559737303019157e-05
2008-05-05,0.001237587582194038
2008-05-06,0.002575851083651171
2008-05-07,-0.0015719964069638083
2008-05-08,-0.001404250430312107
2008-05-09,0.0012145764106336805
2008-05-12,0.0010295179162834206
2008-05-13,0.0035149158367733385
2008-05-14,0.00014689371462429173
2008-05-15,-0.0033618631468619285
2008-05-16,0.0006250151206840913
2008-05-19,-0.0010749420817387717
2008-05-20,0.00012146947733543169
2008-05-21,0.001479232398547
2008-05-22,0.0005989302177777858
2008-05-23,-0.0009652038452023049
2008-05-27,0.0004488282527762379
2008-05-28,0.0020460559130212404
2008-05-29,-0.0005313803050537298
2008-05-30,0.0004489310106673133
2008-06-02,-0.003206520362904388
2008-06-03,-0.0031696491211669555
2008-06-04,-0.0009116627296731905
2008-06-05,0.0071489768526710774
2008-06-06,0.0008116686280321682
2008-06-09,-0.0017295992919541278
2008-06-10,-0.00035945062479766915
2008-06-11,0.0009830432754462236
2008-06-12,0.001123350988269763
2008-06-13,-5.7304181107868406e-05
2008-06-16,-0.00029631541104840393
2008-06-17,-0.0006351782465764538
2008-06-18,-0.0013909614094528861
2008-06-19,-0.0014767532804476088
2008-06-20,0.0008571241027088078
2008-06-23,0.004089794154878879
2008-06-24,-0.0011834971135997188
2008-06-25,-0.002048841899445422
2008-06-26,0.0008790326717546404
2008-06-27,-0.000817559859054726
2008-06-30,-0.00042471377891503437
2008-07-01,-0.0010854488523102937
2008-07-02,0.001703294680029161
2008-07-03,0.0012555848671358637
2008-07-07,-0.0016731971303026304
2008-07-08,-0.004094689913479394
2008-07-09,0.0014893700365535712
2008-07-10,0.0023719605362311808
2008-07-11,0.005134169143952914
2008-07-14,0.0006953740302977006
2008-07-15,-0.0008817165672331361
2008-07-16,-0.002438058221176681
2008-07-17,-0.00040187497600899263
2008-07-18,-0.0012976559617078186
2008-07-21,0.0005168444490470207
2008-07-22,-0.0009255203684639299
2008-07-23,-0.0018645661423442594
2008-07-24,0.000978001997759079
2008-07-25,0.00010793574319961706
2008-07-28,-0.00028137360935364617
2008-07-29,-0.0018912265219593
2008-07-30,-0.0007170186875765716
2008-07-31,0.0003327673038002506
2008-08-01,0.002226198112707327
2008-08-04,-0.0006779718095525227
2008-08-05,-0.003198813691979109
2008-08-06,0.0015469649553163012
2008-08-07,0.0016978144429639003
2008-08-08,0.0017649771112411442
2008-08-11,-0.0018850699614607815
2008-08-12,-0.0033548315964647365
2008-08-13,0.0022024555228274943
2008-08-14,-0.0002446346653442738
2008-08-15,-0.011009161519235701
2008-08-18,0.0034172574198009366
2008-08-19,-6.801326242044621e-05
2008-08-20,0.00021753644117672322
2008-08-21,-0.0027332282278928768
2008-08-22,0.00035814706179357266
2008-08-25,0.002558668049409693
2008-08-26,0.00017217000265155684
2008-08-27,-0.003947740760030957
2008-08-28,-0.0025087241146095197
2008-08-29,0.0016535753441197806
2008-09-02,0.006400617936750103
2008-09-03,0.0017474141612788283
2008-09-04,0.0055461297308847185
2008-09-05,0.0005436560554772499
2008-09-08,-0.00014218066077435485
2008-09-09,0.005975387767423369
2008-09-10,0.002906700628293905
2008-09-11,0.0015299028972815606
2008-09-12,-0.0052321555603717165
2008-09-15,0.0077360318219552105
2008-09-16,0.002129102360609539
2008-09-17,-0.006995909209375597
2008-09-18,-0.0065925262605678265
2008-09-19,-0.013062357040414948
2008-09-22,-0.014880342012049623
2008-09-23,0.008216520019479492
2008-09-24,0.000774142749617505
2008-09-25,-0.002648534881699583
2008-09-26,0.0007139080648899413
2008-09-29,0.014142195146153233
2008-09-30,-0.003548162471011302
2008-10-01,0.002659204793157651
2008-10-02,0.011244259485870533
2008-10-03,0.002142708107995938
2008-10-06,0.011933356706413033
2008-10-07,-0.0037068555174898502
2008-10-08,-0.005185873334894255
2008-10-09,0.004181332843846667
2008-10-10,0.010392370213940927
2008-10-13,-0.007843862174311983
2008-10-14,0.00112551291697849
2008-10-15,0.014791180607426964
2008-10-16,0.0030513435952510015
2008-10-17,0.0009452673492925046
2008-10-20,-0.004697102748498203
2008-10-21,0.001983691036085186
2008-10-22,0.006667212775406169
2008-10-23,-0.0002640852683165797
2008-10-24,0.004339103074722717
2008-10-27,0.0013186278653652547
2008-10-28,-0.0027267268126855916
2008-10-29,-0.0037767539693946838
2008-10-30,0.0008991221914861081
2008-10-31,0.0035066038194718867
2008-11-03,0.0014651102111270552
2008-11-04,-0.009846574438913758
2008-11-05,0.0031777878247968273
2008-11-06,0.005931064551185989
2008-11-07,-0.001298076227374332
2008-11-10,-0.0011717910671021608
2008-11-11,0.004230719232412032
2008-11-12,0.002755501970646408
2008-11-13,-0.0039863791862211366
2008-11-14,-0.0011572595979709222
2008-11-17,0.0015809951819472819
2008-11-18,-0.0003045343404607056
2008-11-19,0.00023105615311337362
2008-11-20,0.0012030747685877231
2008-11-21,-0.0036356547894894867
2008-11-24,-0.00694934186242419
2008-11-25,-0.001897044342292478
2008-11-26,-0.0028513795430546505
2008-11-28,-0.0006572597343271007
2008-12-01,0.00489070847872338
2008-12-02,-0.0006357384153374743
2008-12-03,0.00046463392717375286
2008-12-04,0.0009300645037753743
2008-12-05,0.0027748648755124214
2008-12-08,-0.004382722127717351
2008-12-09,0.0002920755448142441
2008-12-10,-0.0026254385902873064
2008-12-11,-0.002921290200297317
2008-12-12,0.0008874642386465423
2008-12-15,-0.007355824557326282
2008-12-16,-0.0011416076111309106
2008-12-17,-0.0012479695862357405
2008-12-18,0.0030295379573708394
2008-12-19,0.005282939917224882
2008-12-22,-0.005804038435632122
2008-12-23,0.0010082712582614494
2008-12-24,0.0010211185649885767
2008-12-26,-0.0007118291110081628
2008-12-29,-0.0012784689588549896
2008-12-30,-0.0005426246229600133
2008-12-31,-0.005180049603779816
2009-01-02,-0.004054031277063259
2009-01-05,0.002154765789626421
2009-01-06,-0.0005930602469134537
2009-01-07,0.00390862239780101
2009-01-08,0.0006281193256673223
2009-01-09,0.0028565478323784297
2009-01-12,0.005241823866303214
2009-01-13,0.0011108036182021742
2009-01-14,0.0036301771098077185
2009-01-15,0.0011493021551438184
2009-01-16,-0.003611414606666579
2009-01-20,0.0012119986267529182
2009-01-21,-0.004562757134196197
2009-01-22,-0.0015384287638360555
2009-01-23,-0.002349072241941558
2009-01-26,-0.001197005394938233
2009-01-27,0.004391964199706451
2009-01-28,-0.002336700461982787
2009-01-29,0.0016850900028921934
2009-01-30,0.0011618944730759657
2009-02-02,0.0012327859078149026
2009-02-03,-0.0036216303510113713
2009-02-04,0.0014913359377341834
2009-02-05,0.0012564606428617983
2009-02-06,-0.0019316835441813103
2009-02-09,-0.001310318705207241
2009-02-10,0.005402562336464794
2009-02-11,0.0017906160703309866
2009-02-12,0.0012890623384901264
2009-02-13,-0.003922415964387291
2009-02-17,0.005291881069456237
2009-02-18,0.000630676054105632
2009-02-19,-0.004401071178444933
2009-02-20,0.003921692467541472
2009-02-23,0.001545376358478758
2009-02-24,-0.003922367823843209
2009-02-25,-0.0026066678052112085
2009-02-26,-0.0017373676221478314
2009-02-27,-0.00027335140909936297
2009-03-02,0.006031009371375173
2009-03-03,-0.0013121358437220185
2009-03-04,-0.0030584843618004023
2009-03-05,0.005667385970276217
2009-03-06,-0.0006698713376593152
2009-03-09,-0.0014607806940221946
2009-03-10,-0.005625184898199766
2009-03-11,0.0012790894153394035
2009-03-12,-0.0014122688745187636
2009-03-13,0.0010082943821021967
2009-03-16,-0.0013639559264281564
2009-03-17,-0.0019338261549302
2009-03-18,-0.010092682709521052
2009-03-19,0.005058976883406094
2009-03-20,0.00012225573170667
2009-03-23,-0.0002464336450737053
2009-03-24,0.0005905248518443747
2009-03-25,0.0008791333101501281
2009-03-26,-0.0010754832756029516
2009-03-27,0.0008904597095084803
2009-03-30,0.0005878928614189894
2009-03-31,-0.001189768461021183
2009-04-01,-0.001157591899238463
2009-04-02,-0.0019357216090200042
2009-04-03,0.001084234284863128
2009-04-06,-0.0010441367216992403
2009-04-07,0.0008875100833234647
2009-04-08,-0.001654834579217596
2009-04-09,-8.857544927917328e-05
2009-04-13,-0.0023830030847800322
2009-04-14,-0.0007405312472758141
2009-04-15,0.00016175550645753436
2009-04-16,0.0162228653260706
2009-04-17,0.0015964282666887156
2009-04-20,-0.00020668232809013982
2009-04-21,-1.5059522060805567e-05
2009-04-22,0.0015680975231740187
2009-04-23,-0.00028352192403601346
2009-04-24,0.001147071218563514
2009-04-27,-0.0033006568274941317
2009-04-28,-0.004180191733976081
2009-04-29,-0.001770784826780945
2009-04-30,-0.002583817006773175
2009-05-01,0.001322896481588646
2009-05-04,0.0005203457232574905
2009-05-05,0.0002543893577850905
2009-05-06,0.003069291066625408
2009-05-07,0.0009134679950641251
2009-05-08,0.00039044948489084077
2009-05-11,-0.0017220454997700942
2009-05-12,0.0005904980652831079
2009-05-13,-0.0015582892553554408
2009-05-14,0.000573615638433578
2009-05-15,0.0025839901980345193
2009-05-18,0.002101349342863739
2009-05-19,0.001453526266518166
2009-05-20,0.002275860016007593
2009-05-21,0.0013159579288430118
2009-05-22,0.002738472206058607
2009-05-26,0.0014511381229500133
2009-05-27,0.00037807273589667484
2009-05-28,0.002214444819480386
2009-05-29,0.0015131326321804481
2009-06-01,0.0037167230382946486
2009-06-02,0.00011423304550828787
2009-06-03,-0.005949026697147358
2009-06-04,0.004315551712257976
2009-06-05,-0.001148931599369621
2009-06-08,-0.0010663174124483203
2009-06-09,0.001752054836876558
2009-06-10,-8.306924536662196e-05
2009-06-11,0.0014492330009406897
2009-06-12,-0.0027802165668316236
2009-06-15,-0.0038258552587967
2009-06-16,-0.0010298202336667124
2009-06-17,0.001729497634746796
2009-06-18,0.002113138449116447
2009-06-19,0.00023661068407232014
2009-06-22,-0.004005166647000046
2009-06-23,0.002624448611128326
2009-06-24,-0.0011537676658223619
2009-06-25,0.0011318287145911723
2009-06-26,-0.000325707576721388
2009-06-29,0.0022151997706292043
2009-06-30,-0.002242371266633393
2009-07-01,0.00206056297912289
2009-07-02,-0.006349946902305738
2009-07-06,-0.0027448999998110016
2009-07-07,-0.002226809782927879
2009-07-08,-0.006029239853887827
2009-07-09,0.003733308053784629
2009-07-10,-0.0033055841973631587
2009-07-13,0.0035278163505453775
2009-07-14,0.0012559016377314822
2009-07-15,0.00814458638756047
2009-07-16,-0.0029852972529224586
2009-07-17,0.0023076197078090084
2009-07-20,0.001955626072018143
2009-07-21,-6.8587628529553505e-06
2009-07-22,0.0021968007391703075
2009-07-23,0.00504181007583578
2009-07-24,0.0014296400635926427
2009-07-27,0.0011600221755606844
2009-07-28,-0.0020921718733277962
2009-07-29,-0.005140310236393694
2009-07-30,0.005191555876089683
2009-07-31,0.0027100949511494527
2009-08-03,0.0067850085712316335
2009-08-04,0.0021635651287884553
2009-08-05,0.001379028154169499
2009-08-06,-0.0002646943415802935
2009-08-07,0.0014618808198153185
2009-08-10,-0.0025982036293079177
2009-08-11,-0.0021693009076514344
2009-08-12,0.002492050861736643
2009-08-13,-0.00022525471034070968
2009-08-14,-0.004752074865680769
2009-08-17,-0.0018152414248253316
2009-08-18,0.003899227411148431
2009-08-19,0.0024450484874631623
2009-08-20,-0.0007786597210491216
2009-08-21,0.005355507767672295
2009-08-24,-0.0011979529816358928
2009-08-25,-0.002542262924729376
2009-08-26,-0.00013715064509234117
2009-08-27,0.0017440000455142505
2009-08-28,-0.0025578201491252553
2009-08-31,-0.0021279893888405082
2009-09-01,-0.006078421273472759
2009-09-02,-0.0023345953974220532
2009-09-03,-0.00205626865681683
2009-09-04,0.0021958017931447064
2009-09-08,0.003871271639840794
2009-09-09,0.0012610385060143788
2009-09-10,-0.000579355089159951
2009-09-11,-0.002707898466258026
2009-09-14,0.001332673271333292
2009-09-15,-0.0009833585916247509
2009-09-16,0.00171822325373155
2009-09-17,0.001999305308778058
2009-09-18,0.00013248988427501355
2009-09-21,-0.0009046145551450378
2009-09-22,-0.0008756561493497027
2009-09-23,-0.002160312447185651
2009-09-24,-0.0022017406884910014
2009-09-25,0.001391743364219714
2009-09-28,0.0015014739573387407
2009-09-29,-0.0008152473392133374
2009-09-30,0.005109139650263971
2009-10-01,-0.00227705742770633
2009-10-02,2.2972850154522762e-05
2009-10-05,0.004110835599795683
2009-10-06,0.003473859212296385
2009-10-07,0.00014110060750309374
2009-10-08,0.0036896178180583802
2009-10-09,-0.002524743973127613
2009-10-12,0.004061991942999461
2009-10-13,0.0018665470838945767
2009-10-14,0.0012906795304554887
2009-10-15,-0.0029525046452050212
2009-10-16,0.0005030618523063963
2009-10-19,0.002900757882498996
2009-10-20,0.0010125675865051231
2009-10-21,0.00039231981246704955
2009-10-22,0.00026496515975731326
2009-10-23,-0.0024308833863435266
2009-10-26,-0.006515164172644927
2009-10-27,-0.0013852205182391265
2009-10-28,-0.0047062412154608374
2009-10-29,0.007167291702449549
2009-10-30,-0.005318689905890829
2009-11-02,0.003691391319491663
2009-11-03,0.0031633057583713067
2009-11-04,0.0032992281008163127
2009-11-05,0.0006181932793787311
2009-11-06,-0.0006453135548623743
2009-11-09,0.0065591456501162765
2009-11-10,-0.00032756646776647557
2009-11-11,0.0025505818996964746
2009-11-12,-0.005370681530739568
2009-11-13,0.0020703116678344913
2009-11-16,0.008089645094267914
2009-11-17,-0.0001168987324216544
2009-11-18,0.0010752335875522797
2009-11-19,-0.0026417569383375156
2009-11-20,-2.7527652743181114e-05
2009-11-23,0.005827241715594819
2009-11-24,0.00037879095538571
2009-11-25,0.007447177742172518
2009-11-27,-0.005393647559108933
2009-11-30,0.00205056509110737
2009-12-01,0.004850403041731796
2009-12-02,-0.0011246602433123813
2009-12-03,-0.00089244425669373
2009-12-04,-0.007409598005623735
2009-12-07,-0.00012518271024224378
2009-12-08,-0.004198243520516077
2009-12-09,-0.0020259660608636103
2009-12-10,0.00020166299455247282
2009-12-11,-0.002585321833286599
2009-12-14,0.0012560104922106452
2009-12-15,0.0007029120779631515
2009-12-16,-0.00019825480235866828
2009-12-17,-0.0012465862417071394
2009-12-18,-0.0007503423765396947
2009-12-21,-0.00256246596633257
2009-12-22,-0.0053255517729433885
2009-12-23,-0.0009807882302108942
2009-12-24,-0.00207529645815919
2009-12-28,1.4544672968113398e-05
2009-12-29,0.0003328153657094759
2009-12-30,0.00011415739537352794
2009-12-31,-0.0016313771485239297
2010-01-04,0.001590946606485534
2010-01-05,0.003821414732736067
2010-01-06,-0.0013198692417651882
2010-01-07,0.0016874101187747575
2010-01-08,0.0001781280816208292
2010-01-11,-0.0005384956791258504
2010-01-12,0.000202440731139196
2010-01-13,0.004929275380039576
2010-01-14,0.0003927509098509162
2010-01-15,0.00018888611212554388
2010-01-19,0.004575964414218722
2010-01-20,-0.0029372060920617375
2010-01-21,-0.004460246310296516
2010-01-22,-0.005597934907459491
2010-01-25,6.07346159228562e-05
2010-01-26,-0.0018698579170589285
2010-01-27,-0.00010481685877111834
2010-01-28,-0.0007728130107363322
2010-01-29,-0.0013655965596650747
2010-02-01,0.0021645865606612752
2010-02-02,0.004510483552604074
2010-02-03,0.0017374755916521021
2010-02-04,-0.009435223025525944
2010-02-05,-0.0019119274384498805
2010-02-08,0.002536464541015455
2010-02-09,0.002597370020643752
2010-02-10,0.0017893334117086747
2010-02-11,0.003982606436910111
2010-02-12,-0.0009924964820460702
2010-02-16,0.004560933465356315
2010-02-17,0.0049652385766908716
2010-02-18,0.0038553928941346544
2010-02-19,0.0005432401467427788
2010-02-22,0.0002076182345029144
2010-02-23,-0.0023565416213583226
2010-02-24,0.000491016805921452
2010-02-25,0.0001650643349412334
2010-02-26,0.0006613231550625086
2010-03-01,-0.0010532906622181327
2010-03-02,-0.001817152939127307
2010-03-03,-5.4137169640450525e-05
2010-03-04,0.0014591681062725945
2010-03-05,-0.0007203911551253552
2010-03-08,0.0008377468734364699
2010-03-09,-0.0006844711803403233
2010-03-10,0.0006610527554150523
2010-03-11,-0.0012098033748078156
2010-03-12,-0.0005417867172361554
2010-03-15,-0.0013620892117439658
2010-03-16,-0.0026415488054396794
2010-03-17,2.012482819748594e-06
2010-03-18,0.0028229820206038415
2010-03-19,0.0016277644259534724
2010-03-22,0.0010567169727079655
2010-03-23,0.0022757347806032584
2010-03-24,0.003754131866765974
2010-03-25,0.00047068502691775035
2010-03-26,-0.004225133952731607
2010-03-29,0.0030548073229037715
2010-03-30,0.00243899933105683
2010-03-31,-0.0019310728028637102
2010-04-01,0.0012209736553270188
2010-04-05,0.007525484128292092
2010-04-06,0.001504036568599325
2010-04-07,-0.0036820650108734475
2010-04-08,0.0004359857992890657
2010-04-09,-0.0023956277110529747
2010-04-12,-0.003093800597500588
2010-04-13,4.899278176730253e-07
2010-04-14,0.002671359487066465
2010-04-15,0.0008239744844460193
2010-04-16,0.006911139728507688
2010-04-19,0.00044980198904796495
2010-04-20,0.0025251216683943203
2010-04-21,-0.00012884774122799673
2010-04-22,0.003261521392847053
2010-04-23,0.0004348633205554218
2010-04-26,-0.0013662183911752066
2010-04-27,-0.004589053791477354
2010-04-28,0.002890189243512871
2010-04-29,0.000979846273562922
2010-04-30,-0.0011662798906686906
2010-05-03,0.004648791129885025
2010-05-04,-0.005098065752879466
2010-05-05,-0.0016857687392352026
2010-05-06,-0.005193916676838973
2010-05-07,-0.004286800210625759
2010-05-10,0.0077313160477345535
2010-05-11,0.0016932461622620892
2010-05-12,0.00515842084658778
2010-05-13,-0.0027714601991124417
2010-05-14,-0.0005388924841694562
2010-05-17,-0.006213287548106285
2010-05-18,0.0004172270993669048
2010-05-19,-0.004821864417238171
2010-05-20,-0.0059336970703502
2010-05-21,0.000418606691261966
2010-05-24,0.00463601513859688
2010-05-25,0.003032051602245391
2010-05-26,0.0005090323260861625
2010-05-27,-0.010265850677982725
2010-05-28,0.0033925864090709468
2010-06-01,0.004321076908267026
2010-06-02,-0.0032256996898688776
2010-06-03,-0.0032761255853551454
2010-06-04,0.010860291443286346
2010-06-07,0.0034414901842031976
2010-06-08,-0.0005682537203792633
2010-06-09,-0.00441337205500091
2010-06-10,-0.007550062260614339
2010-06-11,0.0038998665623457738
2010-06-14,-0.00472651937091344
2010-06-15,-0.002619844613977816
2010-06-16,8.793556859981674e-05
2010-06-17,0.0022114211704300727
2010-06-18,0.00040743393121986485
2010-06-21,-0.00042084541677566285
2010-06-22,0.0020306904260296186
2010-06-23,0.00014985504790057376
2010-06-24,0.0009877045276927296
2010-06-25,-0.0007814291616784292
2010-06-28,0.0005079862325444515
2010-06-29,0.005116597723919103
2010-06-30,0.0010682046304833525
2010-07-01,-0.0036083642684213387
2010-07-02,-0.0008480515906518004
2010-07-06,-0.0012422271167869317
2010-07-07,-0.0042099393639598035
2010-07-08,-0.0024598683674444005
2010-07-09,0.00024718528316491987
2010-07-12,3.029042416368835e-06
2010-07-13,-0.0028995771753960137
2010-07-14,2.79662489563006e-05
2010-07-15,-7.69367552794983e-05
2010-07-16,0.003192903372315358
2010-07-19,-0.0015360260157899093
2010-07-20,-0.0006727371009221588
2010-07-21,0.0044807615421212175
2010-07-22,-0.004318397938703762
2010-07-23,-0.002139577697545108
2010-07-26,-0.0022042733848957508
2010-07-27,-0.0021791552292368334
2010-07-28,0.002941756757611531
2010-07-29,0.0006264381359365295
2010-07-30,0.0017978713112079146
2010-08-02,-0.004012853464570801
2010-08-03,-7.655884964899476e-05
2010-08-04,-0.0003199618603231272
2010-08-05,0.0031700591387194333
2010-08-06,0.0029119844794085296
2010-08-09,0.00019672205709424551
2010-08-10,0.0018511623657085242
2010-08-11,0.007684252494260181
2010-08-12,0.0011538225354590708
2010-08-13,0.0010599309544097968
2010-08-16,0.007457374777460585
2010-08-17,-0.003535104201786358
2010-08-18,-0.0027736331556424882
2010-08-19,0.0006847314341905334
2010-08-20,-0.0022573177389305344
2010-08-23,-0.0008740248169539578
2010-08-24,0.0023948909006926596
2010-08-25,-0.000776994978657523
2010-08-26,0.0036319359039191815
2010-08-27,-0.0011104466667530906
2010-08-30,0.002341002967360987
2010-08-31,-0.0005824051860312756
2010-09-01,-0.0011076741567640732
2010-09-02,-0.0006778851610431616
2010-09-03,-0.0024690083350266214
2010-09-07,0.00238215322903796
2010-09-08,-0.001481027856634323
2010-09-09,-0.003945733396878427
2010-09-10,0.0005048722148430022
2010-09-13,0.0030219687446857713
2010-09-14,0.003345942054789998
2010-09-15,-0.0022285894214625714
2010-09-16,0.00032840604836667183
2010-09-17,0.001314190448194515
2010-09-20,-0.0007879284793771525
2010-09-21,0.0027053233510440475
2010-09-22,0.0018583913675227094
2010-09-23,-0.0010634668997457238
2010-09-24,0.0010856812596257614
2010-09-27,0.0012662717188460914
2010-09-28,0.003998072732027278
2010-09-29,1.8036634386544518e-05
2010-09-30,-0.002774278823690043
2010-10-01,0.0027184932605243874
2010-10-04,-0.00017575860714228318
2010-10-05,0.005549786980345261
2010-10-06,0.0026569471721192323
2010-10-07,0.00038993178832014656
2010-10-08,0.0008996202945930131
2010-10-11,0.002106859979909947
2010-10-12,-0.000726096858093299
2010-10-13,0.0033692336995385084
2010-10-14,0.0010127599575518753
2010-10-15,0.0016339282463799006
2010-10-18,0.004340152303247572
2010-10-19,-0.010587409836435371
2010-10-20,0.005746047031191664
2010-10-21,-0.004712545563805337
2010-10-22,-0.00022743972058650828
2010-10-25,0.004686839496109492
2010-10-26,-0.003255834729812387
2010-10-27,-0.004128648692671137
2010-10-28,0.006404600279754737
2010-10-29,0.0023230011269472703
2010-11-01,0.0016765677208273441
2010-11-02,0.0036095362401013867
2010-11-03,-0.0005553770795644409
2010-11-04,0.011224963041161636
2010-11-05,4.1531201902933424e-05
2010-11-08,-0.0011199821710949657
2010-11-09,-0.002795503938410755
2010-11-10,-0.0009725467982341956
2010-11-11,-0.0030780438322426493
2010-11-12,-0.007967579474521978
2010-11-15,-0.0039028763050772716
2010-11-16,-0.006346253565803427
2010-11-17,-0.0016861003039476971
2010-11-18,0.004919683163972177
2010-11-19,-0.0001737587843192351
2010-11-22,0.0011947963826560769
2010-11-23,-0.002511214484576167
2010-11-24,-0.00018901997921133662
2010-11-26,-0.0025110545241338925
2010-11-29,0.0016181263785815777
2010-11-30,-0.0005222652315990506
2010-12-01,0.003947179722449596
2010-12-02,0.0022863304927194304
2010-12-03,0.004221089846197493
2010-12-06,0.0024759498376994223
2010-12-07,-0.005028679320611968
2010-12-08,-0.004169034230667404
2010-12-09,-3.8108271713216544e-05
2010-12-10,-0.0014705466095160209
2010-12-13,0.001660638286515203
2010-12-14,0.004110214403964563
2010-12-15,-0.009477737831009221
2010-12-16,-0.0012775463345515348
2010-12-17,-0.0031902104689196503
2010-12-20,0.0005465287310298868
2010-12-21,0.0018645883254982346
2010-12-22,0.00041180687564895045
2010-12-23,0.00138424387890248
2010-12-27,-0.0007049568786295203
2010-12-28,0.003926058065179405
2010-12-29,-0.0020323920158954686
2010-12-30,0.00042717222121919283
2010-12-31,0.002590583368205329
2011-01-03,0.0008009952793107303
2011-01-04,-0.005936569951583516
2011-01-05,0.002234335559546193
2011-01-06,-0.0030307025524558017
2011-01-07,-0.0036591483676043685
2011-01-10,0.0010604661207574894
2011-01-11,0.003702769446598662
2011-01-12,0.0045968991135068495
2011-01-13,0.00023076019251073095
2011-01-14,-0.0008605888445174073
2011-01-18,0.0017831105864609183
2011-01-19,-0.003486416405923351
2011-01-20,-0.0019086042782292196
2011-01-21,-0.0016655745967698848
2011-01-24,-0.00015097770789322763
2011-01-25,-0.0031112336276561997
2011-01-26,0.003585156997940878
2011-01-27,-0.00283855296485533
2011-01-28,0.0006313741934301519
2011-01-31,0.004948296341706365
2011-02-01,-0.001490214884300032
2011-02-02,0.00045346607160124465
2011-02-03,0.0005597443303083104
2011-02-04,0.00235084716228141
2011-02-07,-9.273654827592294e-05
2011-02-08,-0.00040165025592424423
2011-02-09,-0.002368999663146892
2011-02-10,0.0035565220914841075
2011-02-11,-0.0002923539792808583
2011-02-14,-0.0011295610106203874
2011-02-15,0.0038934613781831337
2011-02-16,-0.0012098141588284632
2011-02-17,-0.0023266796320944444
2011-02-18,-0.000527003618078893
2011-02-22,-0.012049491614411946
2011-02-23,-0.006935844933770435
2011-02-24,-0.0020616908420283
2011-02-25,0.0030448189566050303
2011-02-28,-0.00045318322911631903
2011-03-01,-0.003668720142374231
2011-03-02,-0.0010274458119858888
2011-03-03,0.0021860334761430004
2011-03-04,-0.0037946540416832486
2011-03-07,-0.0027456614161500323
2011-03-08,0.003977756851194348
2011-03-09,-0.0004975723002621595
2011-03-10,-0.002731858990471392
2011-03-11,0.0012206758119100113
2011-03-14,-0.004187493639690909
2011-03-15,-0.0024362222106645015
2011-03-16,-6.33842719415959e-05
2011-03-17,0.00012247184965980332
2011-03-18,0.004217265620622148
2011-03-21,0.002325287527256967
2011-03-22,0.0002524124757490049
2011-03-23,-0.0010764760419661754
2011-03-24,0.0009847122950622114
2011-03-25,-0.0011040151544927529
2011-03-28,-0.001767317759582265
2011-03-29,0.0013202116262655491
2011-03-30,0.0021940040225879244
2011-03-31,0.003153381760059049
2011-04-01,0.001017252872098554
2011-04-04,0.0009823633080109561
2011-04-05,0.00018823596928172243
2011-04-06,0.0017386583101777983
2011-04-07,-0.0003872495665338457
2011-04-08,0.0037495239919523317
2011-04-11,-0.002070030332592666
2011-04-12,-0.0018747046429850418
2011-04-13,-0.00029643693995587064
2011-04-14,0.0030426856973537132
2011-04-15,0.006457328922630844
2011-04-18,-0.00585728117308421
2011-04-19,0.0030206659121939997
2011-04-20,0.006927613568262848
2011-04-21,0.0011172414856055605
2011-04-25,-0.001090588372226911
2011-04-26,-0.0009651477995009306
2011-04-27,0.0036826368614121807
2011-04-28,0.0007977937025492194
2011-04-29,0.0021030289800480877
2011-05-02,-0.0001144837101061498
2011-05-03,-0.00569242473169573
2011-05-04,-0.005255137817145095
2011-05-05,-0.013159454903953692
2011-05-06,-0.0023741615801653516
2011-05-09,0.003962178554604185
2011-05-10,0.004227486481918332
2011-05-11,-0.009134525528582921
2011-05-12,0.0031125322475272998
2011-05-13,-0.002881560291731765
2011-05-16,-2.6327391901569245e-05
2011-05-17,-0.0001051861567018974
2011-05-18,0.0017707610849315534
2011-05-19,0.0002707491261781183
2011-05-20,0.0005061097281077875
2011-05-23,-0.001797957867094831
2011-05-24,0.0014056640075995556
2011-05-25,0.0010626856658531453
2011-05-26,0.00021878696860810272
2011-05-27,0.0035798444675870767
2011-05-31,0.0019611181114643863
2011-06-01,0.003986201004077885
2011-06-02,-0.0009121509673161247
2011-06-03,0.004858675771481485
2011-06-06,0.0009377107271604752
2011-06-07,0.0007109892051655912
2011-06-08,0.000896463215611442
2011-06-09,-0.001568643419858522
2011-06-10,-0.0006720535538849459
2011-06-13,-0.0015993962617378836
2011-06-14,-0.002538543997560429
2011-06-15,0.002811698173973811
2011-06-16,0.0011949533090777082
2011-06-17,0.0019556999172525747
2011-06-20,0.0015833704129387775
2011-06-21,0.0007241580893674699
2011-06-22,-0.005082495933702091
2011-06-23,-0.0005631936280184252
2011-06-24,-0.00030512193418062624
2011-06-27,-0.002481530648949983
2011-06-28,-0.004733302586834429
2011-06-29,-0.0013014747641086084
2011-06-30,-0.00318884442288056
2011-07-01,-0.0038054749713325943
2011-07-05,0.002665886762176588
2011-07-06,0.0015919855286955775
2011-07-07,-0.002672321201571496
2011-07-08,0.0048999218643733435
2011-07-11,0.0037717697737297347
2011-07-12,0.0003850900407928412
2011-07-13,0.0034891609522828618
2011-07-14,0.0007929247282136738
2011-07-15,-0.0005688902702828124
2011-07-18,0.004804087005331335
2011-07-19,-0.002716272961838241
2011-07-20,-0.003381380346734681
2011-07-21,-0.006366693105423392
2011-07-22,0.0035011858362593786
2011-07-25,-2.0759471109527805e-05
2011-07-26,-0.0011435763891498427
2011-07-27,0.00018207290314844015
2011-07-28,0.0011500217804908965
2011-07-29,0.0034890923760613293
2011-08-01,0.001021401667720703
2011-08-02,0.0024300258485791155
2011-08-03,0.002961147640271278
2011-08-04,0.0015043630297358133
2011-08-05,-0.00459082527498959
2011-08-08,0.003425795562646918
2011-08-09,0.01229420437886341
2011-08-10,-0.0024098175657042693
2011-08-11,-0.0005118372503217427
2011-08-12,0.0013582560185260324
2011-08-15,-0.014161783615758332
2011-08-16,0.002875873470984169
2011-08-17,-0.0009530291668893481
2011-08-18,-0.0006868757848802732
2011-08-19,0.0023527920936689526
2011-08-22,0.0017324841737173032
2011-08-23,-0.00522037525440804
2011-08-24,-0.0100602097874768
2011-08-25,0.0013678455516303852
2011-08-26,0.003077207198232863
2011-08-29,-0.004245467227688538
2011-08-30,0.0008673744315791752
2011-08-31,-0.0016631647372580005
2011-09-01,0.0006628908687846404
2011-09-02,0.004908361055336905
2011-09-06,-0.0005645507827817457
2011-09-07,-0.006192810749084269
2011-09-08,0.00010678352756076249
2011-09-09,0.0006942984508488218
2011-09-12,-0.003850957104263976
2011-09-13,-0.00026070089260945764
2011-09-14,-0.0007881969804350884
2011-09-15,-0.002922897111860851
2011-09-16,0.0038569569146522146
2011-09-19,0.003864809455264805
2011-09-20,-0.0007672831400741213
2011-09-21,0.0027585841189390705
2011-09-22,0.004104198834201165
2011-09-23,-0.005997698493392524
2011-09-26,-0.004669692587220476
2011-09-27,-0.003284281386415193
2011-09-28,0.0023570334526846056
2011-09-29,-0.0009935722598576155
2011-09-30,0.003408284544211064
2011-10-03,0.007689203756685297
2011-10-04,-0.0019055519643559123
2011-10-05,-0.005343440032422071
2011-10-06,-0.0045203943933846856
2011-10-07,-0.0013276210791042418
2011-10-10,-0.0061148111323816486
2011-10-11,0.0010386451576770326
2011-10-12,-0.0013893302624607955
2011-10-13,0.0008094614423762988
2011-10-14,-0.003646668222335432
2011-10-17,0.0046906499733925
2011-10-18,-0.0028687298868430057
2011-10-19,0.0019084966346854064
2011-10-20,-0.00133793482216035
2011-10-21,-0.001964464022123574
2011-10-24,-0.002551460159603211
2011-10-25,0.0036435972492851556
2011-10-26,0.0012860759356610725
2011-10-27,-0.00754331204420849
2011-10-28,0.0021633862519734436
2011-10-31,0.0039264355603495045
2011-11-01,0.004958156677680617
2011-11-02,4.097801412314981e-06
2011-11-03,-0.0014163655260762426
2011-11-04,0.0005920778535658844
2011-11-07,0.0014087738322537862
2011-11-08,-0.0021802367386736248
2011-11-09,0.006104581824785305
2011-11-10,-0.0037966743555329953
2011-11-11,-0.00353711217090511
2011-11-14,0.00288171115699903
2011-11-15,0.001030262952970204
2011-11-16,0.003122277499084985
2011-11-17,-0.0026024119690485612
2011-11-18,-0.0019955237788261233
2011-11-21,-0.0022829604761396833
2011-11-22,0.0012458831525714838
2011-11-23,4.776327410330601e-05
2011-11-25,-0.0007404939146989972
2011-11-28,0.0015954809439901229
2011-11-29,-1.6448505797028425e-05
2011-11-30,0.0002389524920689852
2011-12-01,-0.000980952416559794
2011-12-02,-3.521098416654622e-05
2011-12-05,-8.867073935658381e-05
2011-12-06,0.0005977104439565066
2011-12-07,0.0007242161672747273
2011-12-08,-0.0012184405294605077
2011-12-09,0.0007909030527464699
2011-12-12,0.00153544930512928
2011-12-13,0.0011467866087770213
2011-12-14,-0.000503397042801246
2011-12-15,-0.0003141033944114313
2011-12-16,-0.004132749126244211
2011-12-19,9.755530972015653e-05
2011-12-20,0.0027410759402876424
2011-12-21,0.002341994070547592
2011-12-22,0.002453796363335253
2011-12-23,0.00317518121368997
2011-12-27,0.0007048251751149622
2011-12-28,-0.0005886138492650911
2011-12-29,-0.0001257654078423437
2011-12-30,-0.0029430891921458213
2012-01-03,-0.00015994388062422348
2012-01-04,0.0014841990996963385
2012-01-05,0.00197892090688972
2012-01-06,0.0001779850960197889
2012-01-09,0.00046947159480510134
2012-01-10,-0.0013984063688885072
2012-01-11,0.0009284831009075343
2012-01-12,-0.004140432704524939
2012-01-13,0.001143392965072497
2012-01-17,-0.0008117877471868541
2012-01-18,-0.0022397888575955947
2012-01-19,-0.0006753543329140601
2012-01-20,-0.0021949754058370784
2012-01-23,-0.0030110843697669404
2012-01-24,0.000988648190605895
2012-01-25,-0.000767849210436859
2012-01-26,0.0007971203617218823
2012-01-27,-0.0017804792494549226
2012-01-30,0.0011023389925331015
2012-01-31,-0.0003405427097154491
2012-02-01,-0.0006749245757908754
2012-02-02,0.0003582849932151479
2012-02-03,-0.0010467165417181576
2012-02-06,-0.0006457822650771115
2012-02-07,-0.0013036432321096101
2012-02-08,-0.0005262636174695831
2012-02-09,0.0013302150821259467
2012-02-10,0.00023408334036538765
2012-02-13,0.0008428730263029958
2012-02-14,0.0018651002978457589
2012-02-15,0.0033750941471066298
2012-02-16,3.794135989133949e-05
2012-02-17,0.0005688193363159653
2012-02-21,0.0007075372482604316
2012-02-22,0.0022016266330229005
2012-02-23,0.0005047469419731996
2012-02-24,-0.0006738854500719463
2012-02-27,0.00010221620003905609
2012-02-28,-0.0018274517129063452
2012-02-29,-0.0018058282459221863
2012-03-01,0.002704317863792064
2012-03-02,0.0005567365982067169
2012-03-05,-0.0024711151042988194
2012-03-06,-0.004686249162012551
2012-03-07,0.0019678619830796624
2012-03-08,9.444859804612826e-05
2012-03-09,0.003524906727719867
2012-03-12,-0.0024408268105254056
2012-03-13,0.0015600587841702919
2012-03-14,-0.00015989138245731268
2012-03-15,-0.0006688511675534072
2012-03-16,-8.586795972067391e-05
2012-03-19,0.002532563956594434
2012-03-20,-0.003439082292204187
2012-03-21,-0.00018422474978279954
2012-03-22,-0.0020473769016766054
2012-03-23,0.0026206199072448103
2012-03-26,0.00479822502444204
2012-03-27,-0.00245027445603921
2012-03-28,-0.004951085568889496
2012-03-29,-0.004713401265005691
2012-03-30,0.003942238704285092
2012-04-02,0.0009535783051411792
2012-04-03,-0.0003330232185240481
2012-04-04,-0.008948635631640604
2012-04-05,-0.0013990645039129387
2012-04-09,-0.003932496544554698
2012-04-10,-0.003351374100418362
2012-04-11,0.003946810218623092
2012-04-12,0.005928804623260394
2012-04-13,-0.005775201979114148
2012-04-16,0.00033123247527837426
2012-04-17,-0.005867964242174162
2012-04-18,0.00015212873164971384
2012-04-19,-0.002886380538199042
2012-04-20,0.003678669175341641
2012-04-23,-0.004288479077580769
2012-04-24,0.004664938905413933
2012-04-25,0.0023137841815308656
2012-04-26,0.0023504965756154434
2012-04-27,0.002128393248384951
2012-04-30,0.0012206202360944857
2012-05-01,0.003290223894635066
2012-05-02,-0.0006575295713645745
2012-05-03,-0.00237333417111383
2012-05-04,-0.00695232018763763
2012-05-07,-0.0004701858545417289
2012-05-08,-0.0007849766727559096
2012-05-09,-0.0014036667321317261
2012-05-10,0.0014448161430387569
2012-05-11,-0.0018190127338824063
2012-05-14,-0.0016894773044564381
2012-05-15,-0.008766840332581669
2012-05-16,-0.0005557389240140007
2012-05-17,-0.004167687483466592
2012-05-18,-0.0015401315805620456
2012-05-21,0.0013615152169821367
2012-05-22,0.0024408002482530296
2012-05-23,0.007742340913844864
2012-05-24,-0.0015278912478609416
2012-05-25,-0.0002272797636713145
2012-05-29,-0.0007585748577994433
2012-05-30,0.007268840588923127
2012-05-31,-7.587797925664361e-05
2012-06-01,0.003396505151883803
2012-06-04,-0.0034090183010778777
2012-06-05,-0.0013346835222152256
2012-06-06,-0.008406329737657264
2012-06-07,0.0014756796943669636
2012-06-08,0.0010252887279687006
2012-06-11,0.003733052493447198
2012-06-12,-0.005028067864777864
2012-06-13,0.0009462172748705332
2012-06-14,-0.004087428339916806
2012-06-15,0.00021325101262612608
2012-06-18,-0.0006132010430708736
2012-06-19,-0.0035492562943905443
2012-06-20,0.002299066386792656
2012-06-21,0.008512086879854743
2012-06-22,-0.0031118618676396026
2012-06-25,0.0044963729650473626
2012-06-26,-0.0005799382927179097
2012-06-27,-0.0019531180519719799
2012-06-28,0.00521174393540235
2012-06-29,-0.018735747849235335
2012-07-02,0.0046675104737085365
2012-07-03,-0.007348688336303076
2012-07-05,0.005849896286261656
2012-07-06,0.008403855168599414
2012-07-09,-0.0016541921791851939
2012-07-10,0.004060227858091928
2012-07-11,-0.0008660344580465255
2012-07-12,0.0022793335074536253
2012-07-13,-0.0054227354900248026
2012-07-16,-0.0007373760289356964
2012-07-17,-0.006322253216975948
2012-07-18,0.002562035153842622
2012-07-19,-0.0033327138138764642
2012-07-20,0.005157398979865037
2012-07-23,0.003951178969918147
2012-07-24,0.0023070705560508803
2012-07-25,-0.00315165701868296
2012-07-26,-0.003981258850001149
2012-07-27,-0.006092299915594971
2012-07-30,0.001991731899184832
2012-07-31,0.0005758271554746264
2012-08-01,-0.00016329394296318877
2012-08-02,0.003908081538241924
2012-08-03,-0.012056945943532606
2012-08-06,-0.00103799952296972
2012-08-07,-0.002271496695948764
2012-08-08,0.0015567138089258893
2012-08-09,0.0006379939779177353
2012-08-10,0.0009177373979292021
2012-08-13,-0.00030022016773694225
2012-08-14,-0.0011538415820995104
2012-08-15,-0.011878045405517531
2012-08-16,-0.0022666448839634874
2012-08-17,0.0014314269957613132
2012-08-20,-0.0007306778152986493
2012-08-21,-0.0023123139792476143
2012-08-22,-0.0005038981625069128
2012-08-23,-0.002894309270229677
2012-08-24,0.0007944455651483308
2012-08-27,0.0009797232286260808
2012-08-28,-0.000408547936428541
2012-08-29,-0.000309520710296617
2012-08-30,-0.0005636554739026574
2012-08-31,0.003892135363773312
2012-09-04,-0.0007231043426370633
2012-09-05,-0.00041632361999082286
2012-09-06,0.0015099056407052332
2012-09-07,0.001963520958010219
2012-09-10,-0.0019726105656587274
2012-09-11,-0.0005979425312549598
2012-09-12,0.0007928612521779299
2012-09-13,0.001537586048176715
2012-09-14,0.001397372498130057
2012-09-17,-0.0015614334505779641
2012-09-18,-0.0027198081644483414
2012-09-19,-0.0020501772401542123
2012-09-20,0.002031516486962039
2012-09-21,0.0006948277866713678
2012-09-24,-0.004571021922464588
2012-09-25,-0.0022500084708440243
2012-09-26,-0.0050029743611286525
2012-09-27,0.005257560630157761
2012-09-28,-0.0016598320877430157
2012-10-01,0.0010484477618004715
2012-10-02,-0.0011049685637589581
2012-10-03,-0.002325834420962032
2012-10-04,0.005853463436177473
2012-10-05,-0.0002653196265909519
2012-10-08,-0.0030173906930443307
2012-10-09,-0.000995940639690126
2012-10-10,-0.0021705192142195077
2012-10-11,0.001481291559308929
2012-10-12,-0.0015152189422857067
2012-10-15,0.0014935595658081696
2012-10-16,0.004825334203207166
2012-10-17,0.004417365512968777
2012-10-18,-0.0016334491285692788
2012-10-19,-0.007920648183093843
2012-10-22,0.0014199445611472285
2012-10-23,-0.006785493897072553
2012-10-24,-0.0014957148492547782
2012-10-25,0.002396851739391616
2012-10-26,-0.0024643526041804357
2012-10-31,-0.00014728288842772458
2012-11-01,0.00251760426536455
2012-11-02,-0.008257953808349221
2012-11-05,0.0007977446861481513
2012-11-06,0.007646419835052935
2012-11-07,-0.01156491146969707
2012-11-08,-0.0011647448352363136
2012-11-09,0.00022170234356861523
2012-11-12,0.0001616693181459105
2012-11-13,-0.001242066969992943
2012-11-14,3.4673225825365716e-05
2012-11-15,-0.0017337921901226432
2012-11-16,-0.00046430468134743135
2012-11-19,0.0022163628416028507
2012-11-20,0.000431427946338286
2012-11-21,-0.0006836193515157592
2012-11-23,0.0019343646828456455
2012-11-26,0.0006406783732441896
2012-11-27,0.0003797274646921561
2012-11-28,-0.002363660062765729
2012-11-29,-0.000310106849568153
2012-11-30,-0.0011273709540132093
2012-12-03,0.0016007045320061283
2012-12-04,0.0003601589354937719
2012-12-05,0.0008519788628407627
2012-12-06,-0.002124060604106321
2012-12-07,-0.0024608856992948016
2012-12-10,0.0007084434822240606
2012-12-11,-0.0009484041031819577
2012-12-12,0.0007137436892325296
2012-12-13,0.0008774720241057052
2012-12-14,0.0006546765666714895
2012-12-17,0.002727974993204844
2012-12-18,-0.0007188332177885144
2012-12-19,0.00032150598609133866
2012-12-20,-0.0007179177809093677
2012-12-21,0.002197252656848971
2012-12-24,0.0019021446562550862
2012-12-26,-0.0011323935963960922
2012-12-27,-0.0009481653686322294
2012-12-28,0.0008394977368184729
2012-12-31,-0.006333965737321441
2013-01-02,-0.003270513246288163
2013-01-03,0.0013549865509313202
2013-01-04,0.0019426083363753633
2013-01-07,0.0009471613367960053
2013-01-08,-0.002371162425504295
2013-01-09,-0.0031908316423683975
2013-01-10,0.001889911558799092
2013-01-11,0.0021162253588005407
2013-01-14,0.0005596278889053875
2013-01-15,-0.0028857636776981432
2013-01-16,-0.0009788154982974962
2013-01-17,0.0015939269766016145
2013-01-18,-0.002631005612438945
2013-01-22,-0.0009467091255636537
2013-01-23,-0.00011363574675924868
2013-01-24,0.0042280797434342396
2013-01-25,0.005367506429041197
2013-01-28,0.001671303605498364
2013-01-29,0.0012947301635617642
2013-01-30,-0.0005708050326700497
2013-01-31,0.0012794943414474538
2013-02-01,0.002714047677162398
2013-02-04,-0.005825903654710391
2013-02-05,0.003949890491297308
2013-02-06,-0.004477437878805366
2013-02-07,-0.0026738387136008585
2013-02-08,-0.0005398311917994423
2013-02-11,0.003578097446249637
2013-02-12,0.0028051560317809716
2013-02-13,0.001331100831876152
2013-02-14,-0.0020251560865216906
2013-02-15,-0.0034343017757846404
2013-02-19,0.0015634620711440503
2013-02-20,-0.004555806223769936
2013-02-21,-0.006402196206211123
2013-02-22,0.0006265949349366942
2013-02-25,-0.006505803245360114
2013-02-26,-0.004552191463323042
2013-02-27,0.00463883002858228
2013-02-28,-0.0012750367805653558
2013-03-01,-0.002346558647708186
2013-03-04,-0.0004181859803397371
2013-03-05,0.0008669886430690161
2013-03-06,4.103331956751362e-05
2013-03-07,0.0019539289571205206
2013-03-08,0.000707216083692062
2013-03-11,0.002335768620709251
2013-03-12,-0.0024290490123330143
2013-03-13,0.0005306958588659052
2013-03-14,0.0013066237391853213
2013-03-15,0.0012077071680277557
2013-03-18,-0.004184730660857623
2013-03-19,-0.0038417314204420103
2013-03-20,0.008469677118267016
2013-03-21,-0.0023027372779023305
2013-03-22,0.002313285343068214
2013-03-25,0.0020927457136150998
2013-03-26,0.0017655204363724649
2013-03-27,-0.0015361863028238501
2013-03-28,0.0013722508661246364
2013-04-01,-0.0031351871725063605
2013-04-02,0.004396392354543882
2013-04-03,-0.005088348325393136
2013-04-04,-0.003918497624551053
2013-04-05,-0.004060945642816792
2013-04-08,0.0028337648719588084
2013-04-09,-0.001495142238544254
2013-04-10,0.006089436114283086
2013-04-11,-0.003237273504688477
2013-04-12,0.0006933135716702038
2013-04-15,0.0019069693818559174
2013-04-16,-0.003128355182965283
2013-04-17,-0.002743536718283196
2013-04-18,-0.0007444286614960563
2013-04-19,0.0007074160494634493
2013-04-22,-0.0020631523132304858
2013-04-23,0.0029986624809977204
2013-04-24,-0.00518385809951319
2013-04-25,-0.005985494675527639
2013-04-26,0.0015782081619746073
2013-04-29,-0.002789326157498679
2013-04-30,-0.0012517624876347015
2013-05-01,0.002833758298612424
2013-05-02,-0.0009046970859634828
2013-05-03,-0.0034897888172181163
2013-05-06,-0.0007769920681364152
2013-05-07,0.0021344234576988236
2013-05-08,-0.0015227303766642778
2013-05-09,0.0020329301453143904
2013-05-10,0.0006460616379929284
2013-05-13,0.0008549306269734569
2013-05-14,0.0026462396207166
2013-05-15,0.0029841419642588503
2013-05-16,0.0015361613826639711
2013-05-17,-0.0007022505906731031
2013-05-20,-0.0021424504921808752
2013-05-21,0.0004459962708403355
2013-05-22,-0.0011340150060028186
2013-05-23,-0.0032622590367913256
2013-05-24,0.0013190243865031492
2013-05-28,-0.0011362915174575085
2013-05-29,-0.003553082138796755
2013-05-30,-0.0009976313923920255
2013-05-31,-0.002329597045690671
2013-06-03,0.0005315501496918696
2013-06-04,0.00032801022430161434
2013-06-05,-0.0010254874227768383
2013-06-06,0.0005966824059252317
2013-06-07,0.0031352870552179917
2013-06-10,-0.000494136097262749
2013-06-11,-0.0004272517363622206
2013-06-12,-0.0021106703358377394
2013-06-13,0.0054686721923333445
2013-06-14,0.002135143519829835
2013-06-17,-0.0023184610923513995
2013-06-18,0.002407652366446758
2013-06-19,0.0022991482805326817
2013-06-20,0.006561882679528647
2013-06-21,0.0006978658548108365
2013-06-24,0.0009128443337465007
2013-06-25,0.0007703396928644899
2013-06-26,0.00023018516242114245
2013-06-27,0.004246144012109397
2013-06-28,-0.0024843472801269768
2013-07-01,0.0005839024278210112
2013-07-02,0.0002663035768446962
2013-07-03,0.003174464583888372
2013-07-05,0.008233595749114836
2013-07-08,-0.003111722416068349
2013-07-09,-0.0018717146670042455
2013-07-10,0.005767216311816793
2013-07-11,-0.0011292891213168647
2013-07-12,0.001006390069369013
2013-07-15,-0.0005770027659313754
2013-07-16,-0.00565427621588245
2013-07-17,-0.0008892995668091982
2013-07-18,0.0024431203223963228
2013-07-19,-4.58501902238225e-05
2013-07-22,-0.001202533825766207
2013-07-23,0.003187204110484322
2013-07-24,-0.0008945914571148422
2013-07-25,0.0003002165744809323
2013-07-26,-0.0012301990000623546
2013-07-29,-0.00042029419249903655
2013-07-30,-0.0016650523900320442
2013-07-31,0.003405078062594255
2013-08-01,0.005039479574561753
2013-08-02,-0.0009213000307995621
2013-08-05,0.0009113321220000995
2013-08-06,0.0002648040641111341
2013-08-07,-0.0017612484822760843
2013-08-08,-0.0008254821480686062
2013-08-09,0.0006019008987258153
2013-08-12,-0.00026280270378547366
2013-08-13,0.0029402264586316424
2013-08-14,-0.0009478110835809123
2013-08-15,-0.013850178777076965
2013-08-16,-0.0005608937120066343
2013-08-19,5.636806980923427e-05
2013-08-20,-0.0010498952605157664
2013-08-21,-0.0028517149882823444
2013-08-22,0.0014923321130590657
2013-08-23,0.0005414260381177346
2013-08-26,-0.0004022929899842199
2013-08-27,-0.0013149341015826013
2013-08-28,0.000892114328888657
2013-08-29,-0.0009914449581000697
2013-08-30,-0.002136504217869013
2013-09-03,0.00312638910827505
2013-09-04,-0.00015175553394622412
2013-09-05,-0.0001913451343607685
2013-09-06,0.0016180905291825545
2013-09-09,0.0008504839391717122
2013-09-10,-0.0010509523015967896
2013-09-11,0.0008233137248964106
2013-09-12,-0.001214573869021349
2013-09-13,-0.001602577424975978
2013-09-16,-0.0005971003973972663
2013-09-17,-0.0006261039108517071
2013-09-18,0.003010060403862513
2013-09-19,0.0033203729460955446
2013-09-20,-0.0010774194597797974
2013-09-23,-0.004381364710606365
2013-09-24,-0.0032762440942589095
2013-09-25,-0.00048377057821647227
2013-09-26,0.0005589002600653852
2013-09-27,3.0380901679160753e-05
2013-09-30,-0.001768410969301414
2013-10-01,-3.7326746260613195e-05
2013-10-02,0.003449880037285717
2013-10-03,-0.002029418338846864
2013-10-04,0.0008415442956885571
2013-10-07,-0.0011397796034964566
2013-10-08,-0.001322305760185413
2013-10-09,-0.002647019237960659
2013-10-10,0.004642436035114572
2013-10-11,-0.0013128760646872123
2013-10-14,0.0020262894208136592
2013-10-15,-0.001585920057544406
2013-10-16,0.00224307009816075
2013-10-17,0.003438968035083177
2013-10-18,0.0006453787754004515
2013-10-21,0.00213028721401831
2013-10-22,0.0036701632782812593
2013-10-23,-0.0005295614378261115
2013-10-24,0.0015381750181705034
2013-10-25,-0.0009065023795476135
2013-10-28,-0.00101990198883083
2013-10-29,-0.0004967258920812114
2013-10-30,0.0014108555921320553
2013-10-31,-0.003491150418766366
2013-11-01,0.0010566820562309162
2013-11-04,0.0007856419375392476
2013-11-05,0.0003719760553092982
2013-11-06,0.0005828886673812891
2013-11-07,-0.0040841742106235025
2013-11-08,0.0005526031291088249
2013-11-11,0.0006332735941925106
2013-11-12,0.0023384526902138093
2013-11-13,0.002399609340989715
2013-11-14,0.003300275580785056
2013-11-15,0.0007880443091263368
2013-11-18,0.0005843115094099902
2013-11-19,-0.0005374586000511995
2013-11-20,-0.004864116484049536
2013-11-21,-0.0008428536126799434
2013-11-22,0.0038687324952304115
2013-11-25,0.00020255515073693
2013-11-26,0.002445529530811585
2013-11-27,0.00039501761913924243
2013-11-29,-0.001182775121568431
2013-12-02,-0.0019400490924351363
2013-12-03,0.00033480016159729713
2013-12-04,-0.002403425923252319
2013-12-05,0.0028321689808097766
2013-12-06,0.0028785413780937218
2013-12-09,0.0018241166027459868
2013-12-10,-0.0008903642870831054
2013-12-11,-0.0012383716405550014
2013-12-12,-0.0005376562266130352
2013-12-13,0.00010891246489473095
2013-12-16,-0.007111043083389427
2013-12-17,-0.0013695740959350515
2013-12-18,-3.653939609984426e-05
2013-12-19,-0.002664616010384055
2013-12-20,-0.0003267256355867199
2013-12-23,0.0014074281997379743
2013-12-24,-0.0012171458777193872
2013-12-26,0.0005030345554674534
2013-12-27,-0.0005130915740618187
2013-12-30,0.004717492298168992
2013-12-31,9.943009417259265e-05
2014-01-02,-0.004193710351307262
2014-01-03,-0.00034413655210043204
2014-01-06,0.001936850184817683
2014-01-07,0.002560410097429911
2014-01-08,-0.0006517998999763149
2014-01-09,0.001646052772246706
2014-01-10,0.0018284996659655155
2014-01-13,0.0003677425889727609
2014-01-14,-0.0007977671457488248
2014-01-15,-0.0020652405610888957
2014-01-16,-0.0011618948569740812
2014-01-17,-0.0029545922037432846
2014-01-21,5.275141565299109e-05
2014-01-22,0.00026297592272339393
2014-01-23,-0.008852243583185584
2014-01-24,-0.004957135135785402
2014-01-27,0.002037622225139763
2014-01-28,7.765716563422242e-06
2014-01-29,-0.005262880007550995
2014-01-30,0.004453789044130835
2014-01-31,0.0010338082974911981
2014-02-03,-0.006630210765441094
2014-02-04,0.0017810233964924516
2014-02-05,-0.0015393933222085127
2014-02-06,0.0015499014969904787
2014-02-07,-0.0015683024478371351
2014-02-10,-0.000855908210384048
2014-02-11,0.0022795481762566535
2014-02-12,0.0008951112650830078
2014-02-13,-0.002474962995530804
2014-02-14,-0.0006258167998226768
2014-02-18,-0.015881129220870035
2014-02-19,-0.000727933563479894
2014-02-20,0.00047656523212028065
2014-02-21,-0.0026520652953658454
2014-02-24,0.0010503939344577208
2014-02-25,-0.003389638019205292
2014-02-26,-0.0008478860632949925
2014-02-27,-0.002194542664256009
2014-02-28,0.001352232606936821
2014-03-03,-0.0056545522943911505
2014-03-04,-0.0009315440061549513
2014-03-05,-0.0008796200986595313
2014-03-06,0.005593657325767737
2014-03-07,0.001958329925450718
2014-03-10,-0.00020764823108738976
2014-03-11,-0.001423349189616379
2014-03-12,-0.0007382342460806735
2014-03-13,-0.0023576334619205986
2014-03-14,0.0016097501765202473
2014-03-17,0.002953441748470909
2014-03-18,0.001999976517952405
2014-03-19,-0.005523486000576162
2014-03-20,-0.001757414314143788
2014-03-21,-0.0027271981689729347
2014-03-24,-0.003731778155072542
2014-03-25,-0.0009799310120875042
2014-03-26,-0.00014541324466989797
2014-03-27,0.0007923790979980729
2014-03-28,0.0002602444837634026
2014-03-31,0.0005928587157810697
2014-04-01,-0.000424549392107046
2014-04-02,-0.0008823769789841868
2014-04-03,-0.0012727853865766926
2014-04-04,0.0016824010737924438
2014-04-07,-0.0006117516881020663
2014-04-08,0.0043944589577037335
2014-04-09,0.004424553299906713
2014-04-10,0.0007603696152582705
2014-04-11,-0.0008425404895218896
2014-04-14,8.729902684314327e-05
2014-04-15,-0.0033153688336548573
2014-04-16,0.00144659278115793
2014-04-17,-0.0014738564004772477
2014-04-21,-0.001655767924010252
2014-04-22,-0.0023390899383682433
2014-04-23,0.002069427220310139
2014-04-24,0.0007656403048571988
2014-04-25,-0.0015901452303828032
2014-04-28,0.001021551435678335
2014-04-29,-0.0009557021467377189
2014-04-30,0.0001259888341375655
2014-05-01,-0.001195950496823644
2014-05-02,0.002135621395425231
2014-05-05,0.00017927291581097465
2014-05-06,0.00023296125262833793
2014-05-07,4.798126147477192e-05
2014-05-08,-0.001736798832735838
2014-05-09,-0.0030385358931639297
2014-05-12,0.0017222497222006492
2014-05-13,0.00029558453525888165
2014-05-14,0.002851202642524579
2014-05-15,0.0008490367297161027
2014-05-16,6.936196689391316e-05
2014-05-19,0.0015492179831497173
2014-05-20,-0.0009855482822226829
2014-05-21,-0.0008218600645435769
2014-05-22,0.0005297319366276567
2014-05-23,0.0002552177939617049
2014-05-27,-0.0013707677767043648
2014-05-28,0.002642771047668382
2014-05-29,-0.0010657449296237623
2014-05-30,-0.0013031599165407833
2014-06-02,-0.0008287343975252496
2014-06-03,-0.0020703221088824177
2014-06-04,0.00013712613966120938
2014-06-05,-0.0003629185086141062
2014-06-06,0.0016561794830512748
2014-06-09,-0.0011778056829731235
2014-06-10,0.0006247321188700402
2014-06-11,0.00039106873292197924
2014-06-12,-0.004189928620080051
2014-06-13,6.4740122055381136e-06
2014-06-16,0.004395961634834516
2014-06-17,0.0008937364614972368
2014-06-18,4.905189632271173e-05
2014-06-19,-0.004796793802252021
2014-06-20,0.005383482775446307
2014-06-23,-0.002637770219067683
2014-06-24,-0.001092645139392635
2014-06-25,-0.0012916833262010751
2014-06-26,-0.0003926487343504396
2014-06-27,-0.0007313074171425155
2014-06-30,-0.0014651058135656872
2014-07-01,0.0013871519051599588
2014-07-02,0.0019995206882566985
2014-07-03,0.002039996838669481
2014-07-07,-0.0024070346077698355
2014-07-08,-0.0023660468980826253
2014-07-09,-0.0013600594302516584
2014-07-10,0.0017964118318260405
2014-07-11,-0.002620476396132594
2014-07-14,-0.00132929877382338
2014-07-15,-0.001951624442336361
2014-07-16,0.003742652518294519
2014-07-17,-0.0003537078655359547
2014-07-18,-0.0004626136730227056
2014-07-21,0.0007783725608365949
2014-07-22,0.0033948930691648734
2014-07-23,-0.002424193611243765
2014-07-24,-0.004998062352993598
2014-07-25,0.0024747876202171905
2014-07-28,-0.0010403529763619776
2014-07-29,-0.002044443863010155
2014-07-30,-0.0042764724807581546
2014-07-31,-0.009453351035470016
2014-08-01,-0.0012939065119630573
2014-08-04,0.002934283664883928
2014-08-05,-0.002148566389433331
2014-08-06,-0.0021731989150763176
2014-08-07,0.00047507217721187077
2014-08-08,0.0007000624700041282
2014-08-11,0.002562897580445434
2014-08-12,-0.0013061511594798872
2014-08-13,0.003299846578974311
2014-08-14,-0.0012583945528913925
2014-08-15,-0.008013458972550047
2014-08-18,0.0015407382939853222
2014-08-19,-0.00045171599392238157
2014-08-20,-0.0017515207556245305
2014-08-21,0.005746198179364317
2014-08-22,9.513751787485381e-05
2014-08-25,0.0035746839693532166
2014-08-26,0.0011934934857650524
2014-08-27,0.00046842640044357644
2014-08-28,-0.0008300251678623324
2014-08-29,0.0024134243592916723
2014-09-02,0.0007299803309653111
2014-09-03,-0.0027252195523872567
2014-09-04,0.0066256287932610755
2014-09-05,0.000545858438794046
2014-09-08,0.0012423973983859509
2014-09-09,-0.00431315643345988
2014-09-10,0.0008185254046980062
2014-09-11,-0.0021954792416679263
2014-09-12,-0.0036294863447025286
2014-09-15,0.0004169458975976232
2014-09-16,-0.0019748928478155593
2014-09-17,0.003282958159496411
2014-09-18,0.0038043629062533297
2014-09-19,0.0005531870786487362
2014-09-22,-0.0019439288701889473
2014-09-23,-0.0027877809378848693
2014-09-24,0.0036062093788429787
2014-09-25,-0.0027569094130291457
2014-09-26,0.0026312851971798602
2014-09-29,-0.0031470385556472418
2014-09-30,0.0042111607335436905
2014-10-01,-0.005244632035985135
2014-10-02,-0.0012493929417295127
2014-10-03,0.01193680889750639
2014-10-06,-0.007915652503161194
2014-10-07,-0.0052249565344532215
2014-10-08,0.0018407643168619496
2014-10-09,-0.0037839180531965277
2014-10-10,-0.0008694853907455479
2014-10-13,-0.007608910092685602
2014-10-14,0.0038117060060781395
2014-10-15,-0.0055277113954772155
2014-10-16,-0.0018367521494945082
2014-10-17,0.002643724565247797
2014-10-20,0.0016769362927843018
2014-10-21,0.004203175846079301
2014-10-22,0.001938726991557277
2014-10-23,-0.001800804221220233
2014-10-24,-0.0011079855649301555
2014-10-27,0.00044555681435318965
2014-10-28,-0.0034648203011988996
2014-10-29,0.0012540701256743708
2014-10-30,0.005210644386577833
2014-10-31,0.0031851832280720437
2014-11-03,0.0020731730891937975
2014-11-04,0.0011891039075656016
2014-11-05,0.0025115076738380098
2014-11-06,0.0016182320454581787
2014-11-07,-0.003978394673754652
2014-11-10,0.0009698075632383253
2014-11-11,-0.002583269206394993
2014-11-12,0.002370625703350459
2014-11-13,0.0019658456920532918
2014-11-14,-0.007077244666613038
2014-11-17,0.0024049369446345462
2014-11-18,-0.0028982101822556555
2014-11-19,0.0010419028710267435
2014-11-20,-0.0011133012647195578
2014-11-21,0.0012862541866230273
2014-11-24,-9.358781723014576e-05
2014-11-25,-0.0002671091556915112
2014-11-26,-0.0007669509874803256
2014-11-28,0.010225021966918395
2014-12-01,-0.008557043242373781
2014-12-02,0.008610224809820386
2014-12-03,0.0010928294718795901
2014-12-04,-0.000831473663230949
2014-12-05,0.006764815096585001
2014-12-08,-6.25462327673226e-05
2014-12-09,-0.0068573062195189565
2014-12-10,-0.0013186369093536935
2014-12-11,0.003485694234896352
2014-12-12,-0.002310026793100255
2014-12-15,0.006737255381279499
2014-12-16,0.0008714174467098738
2014-12-17,0.0034394577830388433
2014-12-18,0.003757867719102064
2014-12-19,-0.001013236129060348
2014-12-22,0.0028370161092834533
2014-12-23,-0.0032282304271015485
2014-12-24,0.0013416610322938823
2014-12-26,-0.0007232511747616695
2014-12-29,0.0037194292229810097
2014-12-30,-0.0018783120923537313
2014-12-31,0.0021877635940136626
2015-01-02,0.002510974444624939
2015-01-05,0.0029814966816432867
2015-01-06,0.0025691996726632553
2015-01-07,0.0022446907836086677
2015-01-08,0.0026550561521652004
2015-01-09,-0.0012730317881135638
2015-01-12,0.003073392660835341
2015-01-13,0.002514514652376668
2015-01-14,-0.002548415299031035
2015-01-15,0.0034354717943253284
2015-01-16,-0.002315156744079042
2015-01-20,0.0034455166401580854
2015-01-21,-0.0029481048589457865
2015-01-22,0.005705000537794355
2015-01-23,0.005962683461293324
2015-01-26,5.6610007988048645e-06
2015-01-27,-0.0038974434088907
2015-01-28,0.0017467924375970288
2015-01-29,0.004826569333535324
2015-01-30,-0.0036435256844923845
2015-02-02,0.00047981796096231466
2015-02-03,-0.00789999667856055
2015-02-04,0.005980823576358139
2015-02-05,0.00032111049698373514
2015-02-06,-0.004115973546848026
2015-02-09,0.0010869288970543078
2015-02-10,0.002029246965200254
2015-02-11,0.0007409740534050708
2015-02-12,-0.003306659930341117
2015-02-13,-0.0004032533946178013
2015-02-17,-0.007140742540900683
2015-02-18,0.0025905600426007827
2015-02-19,-0.002501345303775946
2015-02-20,-0.00030828940914566613
2015-02-23,0.0017073365437833825
2015-02-24,0.0016207452579636184
2015-02-25,-0.001905472991071781
2015-02-26,0.005720955203854152
2015-02-27,-0.001042866997734322
2015-03-02,-0.0013460754020017788
2015-03-03,0.00019375572994215248
2015-03-04,-0.0019400472213070095
2015-03-05,0.002499210496633056
2015-03-06,-0.002687458749850768
2015-03-09,0.0012140638717341205
2015-03-10,0.00233090405406469
2015-03-11,0.0033498625234269232
2015-03-12,0.003127020983782383
2015-03-13,0.0026985394989994037
2015-03-16,0.00010183432017842329
2015-03-17,0.0006077093020467337
2015-03-18,0.002044865056548026
2015-03-19,0.004518470666092223
2015-03-20,-0.0013810695903960623
2015-03-23,-0.0045019740215471804
2015-03-24,0.0012013711950501443
2015-03-25,-0.004569059733357432
2015-03-26,-0.001643158358004675
2015-03-27,0.001306420596015266
2015-03-30,-0.0017269383199022634
2015-03-31,0.002129322418580413
2015-04-01,0.0012875500487625716
2015-04-02,-0.002798550248469795
2015-04-06,-0.0016617908390187859
2015-04-07,0.0008514599104416203
2015-04-08,0.0015312126646241393
2015-04-09,-0.0004993536187429514
2015-04-10,-7.307700224411095e-05
2015-04-13,0.0002681506896445827
2015-04-14,-0.002163386435291501
2015-04-15,-0.001305831401037417
2015-04-16,-0.00821805658985987
2015-04-17,0.003079190193534479
2015-04-20,-0.0005144567780086346
2015-04-21,0.0008828664913700289
2015-04-22,0.0003163621374765228
2015-04-23,-0.0014720184526395292
2015-04-24,-0.0033887210251042662
2015-04-27,0.001706597813538081
2015-04-28,6.0755810146471186e-05
2015-04-29,-0.002126335382885052
2015-04-30,-0.005757185874543773
2015-05-01,0.003448068454832745
2015-05-04,-0.0007400776347608015
2015-05-05,-0.0028082510315952207
2015-05-06,-0.0004460399874745864
2015-05-07,0.0004162693341207533
2015-05-08,0.0015381095130074867
2015-05-11,0.002455605340549692
2015-05-12,-0.0010961091870689066
2015-05-13,-0.003968857371569385
2015-05-14,-0.000557698392324485
2015-05-15,-0.0014355162284024094
2015-05-18,0.0030396317118494345
2015-05-19,0.0013240033407995058
2015-05-20,0.0018706923949102677
2015-05-21,0.0035655169872722374
2015-05-22,-0.0010301731680744531
2015-05-26,0.002332688429958318
2015-05-27,-0.001345702482082641
2015-05-28,-6.0716644496589357e-05
2015-05-29,0.0027527201083530294
2015-06-01,-0.00117487712518179
2015-06-02,-0.003799916946551347
2015-06-03,-0.004088826611678677
2015-06-04,0.0016623187785906426
2015-06-05,0.0009319183802632604
2015-06-08,-0.0013858557640432584
2015-06-09,-9.907667682552996e-05
2015-06-10,-0.003424787545756237
2015-06-11,0.0023771241028668357
2015-06-12,0.0007118738317723913
2015-06-15,-0.0018676896657213577
2015-06-16,0.0002913872424926758
2015-06-17,0.0006123241319937811
2015-06-18,-0.0036391075288498896
2015-06-19,-0.0031167325614318863
2015-06-22,0.004741886099094635
2015-06-23,0.0005081989564994341
2015-06-24,0.000997461726058654
2015-06-25,-0.000490002407754438
2015-06-26,0.0015071245026229303
2015-06-29,-0.008141239212502137
2015-06-30,0.0019425006785153524
2015-07-01,0.0012327307340908131
2015-07-02,0.0008119729810977559
2015-07-06,-0.007428472111165052
2015-07-07,0.0012357729330281474
2015-07-08,-0.00409309753987002
2015-07-09,0.002319330843811763
2015-07-10,0.006512706801132973
2015-07-13,0.0009104949987639854
2015-07-14,0.0012289927107887277
2015-07-15,-0.001922948150329246
2015-07-16,-0.0021266923955907285
2015-07-17,0.0009814127384054378
2015-07-20,0.0020470851958443183
2015-07-21,0.0012499869118062126
2015-07-22,0.002902600548539321
2015-07-23,2.4326215848338288e-05
2015-07-24,-0.001335592111897806
2015-07-27,0.0008233927922651562
2015-07-28,-0.0013395134307532294
2015-07-29,-0.0012472841909623165
2015-07-30,-0.0006666287853895186
2015-07-31,-0.0002908647287264996
2015-08-03,0.0033040488993452536
2015-08-04,0.000989166979806868
2015-08-05,0.0006089788368581574
2015-08-06,-0.0010689179831311105
2015-08-07,-0.00012190362870905345
2015-08-10,-0.0034563271554308877
2015-08-11,0.0015442100554636364
2015-08-12,-1.4773848300891524e-05
2015-08-13,0.0037204234136944147
2015-08-14,-0.00045717024877884194
2015-08-17,-0.012754702476016918
2015-08-18,-0.001911302319484794
2015-08-19,0.004850885140751519
2015-08-20,0.00018675502561321983
2015-08-21,0.004835978912855694
2015-08-24,0.018568762826754227
2015-08-25,-0.002619615521123289
2015-08-26,-0.0028450157231599527
2015-08-27,-0.008505467460438799
2015-08-28,-0.006468910532064845
2015-08-31,-0.0010316501720733576
2015-09-01,0.0069270389391461636
2015-09-02,-0.001093162878121239
2015-09-03,-0.0005213412240070358
2015-09-04,0.003677642815861885
2015-09-08,-0.002441839758042894
2015-09-09,0.0056011662632443025
2015-09-10,-0.002315728397731319
2015-09-11,0.00366571124585904
2015-09-14,0.00030842492704458277
2015-09-15,-0.005903182645665473
2015-09-16,-0.0053902215934844636
2015-09-17,-0.0004423046435762399
2015-09-18,-0.0009683769279067233
2015-09-21,-0.002133565381740889
2015-09-22,0.0010592816844405633
2015-09-23,0.001905761731914836
2015-09-24,-0.003198649017531703
2015-09-25,0.00036767778564693364
2015-09-28,0.003921119607575681
2015-09-29,-0.0015569975417730724
2015-09-30,-0.001232845104797434
2015-10-01,0.0007062506419988603
2015-10-02,-0.00522961393202321
2015-10-05,-0.0012727205110464898
2015-10-06,-0.001797932936685221
2015-10-07,-0.000440398934970477
2015-10-08,-0.0004952893917824359
2015-10-09,-0.0001311764082585941
2015-10-12,-0.00011608132666237577
2015-10-13,0.0004889834556744046
2015-10-14,-0.0014686915948324457
2015-10-15,0.0019198047845211269
2015-10-16,-6.559115721485973e-05
2015-10-19,0.0008792231378121486
2015-10-20,-0.0018695475526657093
2015-10-21,0.0029736199932257398
2015-10-22,-0.004393724377011269
2015-10-23,-0.0005546274449336735
2015-10-26,0.0016080986691727444
2015-10-27,0.002341545252577201
2015-10-28,-0.0076166047891370004
2015-10-29,0.0036190414699264484
2015-10-30,0.00036395633425159263
2015-11-02,-0.0010267632551769412
2015-11-03,-0.004888578201817612
2015-11-04,-0.0008246231005317432
2015-11-05,0.0019292884213041506
2015-11-06,-0.0046146856267902945
2015-11-09,0.0020221471451694856
2015-11-10,-0.0003735474786358828
2015-11-11,-0.0010771461843794398
2015-11-12,0.0027740567152566343
2015-11-13,0.0023561924850329513
2015-11-16,-0.0008698977159389892
2015-11-17,-0.0029746858145368454
2015-11-18,-0.001122268243471518
2015-11-19,-0.001102847043288342
2015-11-20,-0.0002392770048895533
2015-11-23,-0.002233267981767382
2015-11-24,-0.000599824259502317
2015-11-25,-0.0009284862982257871
2015-11-27,-0.00036589681247405195
2015-11-30,0.0013070804033279452
2015-12-01,-0.0020194450001230304
2015-12-02,0.002708714612042886
2015-12-03,-0.005114341491226648
2015-12-04,0.0017188004311750854
2015-12-07,0.0029845440961896435
2015-12-08,-0.001407426596996872
2015-12-09,-0.004588427074425409
2015-12-10,0.0035989828396091185
2015-12-11,-0.003848248002177633
2015-12-14,0.0027265487751096246
2015-12-15,-0.00015026598153852536
2015-12-16,9.69020727862913e-05
2015-12-17,0.006753006929426499
2015-12-18,-0.0018954579666479309
2015-12-21,-0.0031103923180012707
2015-12-22,-0.00326086476934777
2015-12-23,-0.0007370598722821015
2015-12-24,-0.002019311972002162
2015-12-28,0.001385595295787625
2015-12-29,-0.001917630301016434
2015-12-30,0.0019291260079954441
2015-12-31,-3.091467385697949e-05
2016-01-04,-0.0012214453087558697
2016-01-05,0.0008595445169743433
2016-01-06,0.0008743274147552394
2016-01-07,-0.003982139593631248
2016-01-08,0.0009100133142655721
2016-01-11,0.0028780383532281315
2016-01-12,0.003046859502369366
2016-01-13,-0.0022156188560099165
2016-01-14,0.0014180809182222553
2016-01-15,-0.00035305560779986986
2016-01-19,0.0008170554760492297
2016-01-20,-0.000788223823009509
2016-01-21,-0.002960354365064984
2016-01-22,0.0015209867115986361
2016-01-25,-0.0018643943250645212
2016-01-26,-0.005758736848534462
2016-01-27,-0.0008540411418339141
2016-01-28,-0.002371710235735586
2016-01-29,-0.0031884135794458097
2016-02-01,0.0015148927450365985
2016-02-02,0.0017829823294026523
2016-02-03,-0.007242395565622981
2016-02-04,-0.002609250763127697
2016-02-05,0.002975491086863635
2016-02-08,-0.004283070265999232
2016-02-09,0.0012034796974041018
2016-02-10,0.0009301243576763447
2016-02-11,-0.0036457103350374894
2016-02-12,-0.0019308724022568061
2016-02-16,0.006775039973458047
2016-02-17,-0.0020997375922900286
2016-02-18,0.00024122452814678085
2016-02-19,-0.0007979963071219235
2016-02-22,-0.0022604818286278937
2016-02-23,0.00024570959442311185
2016-02-24,-0.001083567752355278
2016-02-25,-0.0003804386610563448
2016-02-26,-0.0011657423249544331
2016-02-29,-0.0022674950676601704
2016-03-01,-0.004412495826566733
2016-03-02,-0.0022913443479825684
2016-03-03,0.002651092949555339
2016-03-04,-0.000501960151214699
2016-03-07,-0.00279980659300778
2016-03-08,0.0026263793530480546
2016-03-09,-0.0009300681339812735
2016-03-10,0.002857519882996318
2016-03-11,-0.004160325415877534
2016-03-14,-0.00138521058385647
2016-03-15,4.8798865540822116e-05
2016-03-16,0.0006798310387641122
2016-03-17,0.0029307209424326536
2016-03-18,-0.0003409661847369955
2016-03-21,-0.003570746914309688
2016-03-22,-0.0004701192768528507
2016-03-23,-0.00168341360887702
2016-03-24,-0.0008348750816734268
2016-03-28,0.0010843095485801454
2016-03-29,0.002758486471021371
2016-03-30,-0.001475848624412253
2016-03-31,0.0018755862641020346
2016-04-01,-0.0030502634371503807
2016-04-04,-0.00030990386938080193
2016-04-05,0.0021214513625692623
2016-04-06,-1.5594978264320675e-05
2016-04-07,0.002304563491686198
2016-04-08,0.0011591311117833826
2016-04-11,0.0013029488444235894
2016-04-12,-0.0008493817043770021
2016-04-13,-0.003540067750854735
2016-04-14,-0.0022231144471688952
2016-04-15,0.009254024577645494
2016-04-18,-0.00031699510450280337
2016-04-19,0.0036663349229133953
2016-04-20,-0.000965038260869491
2016-04-21,5.777930100670288e-05
2016-04-22,-0.003818683608761451
2016-04-25,-0.0003830320163210786
2016-04-26,0.0011704298668748826
2016-04-27,0.005304739981995525
2016-04-28,0.0020551313700133745
2016-04-29,0.0031428539413627565
2016-05-02,0.0011935176449795748
2016-05-03,-0.0005786804980752541
2016-05-04,-0.0023569892971176134
2016-05-05,-0.0006353444466379427
2016-05-06,0.001050029183040627
2016-05-09,-0.002383948327368084
2016-05-10,0.0020605304633034478
2016-05-11,0.0019085315999174317
2016-05-12,-0.0015351614890041576
2016-05-13,-0.0011816198276103978
2016-05-16,0.005311430101731709
2016-05-17,-0.0010288582540561523
2016-05-18,0.0002870463349924684
2016-05-19,-0.003308973871553856
2016-05-20,4.003558330622129e-05
2016-05-23,-0.0007191571060929674
2016-05-24,0.00022619503465432723
2016-05-25,0.002160223423406791
2016-05-26,-0.000618489812845189
2016-05-27,-0.0006960362438175313
2016-05-31,-0.0004890984801628414
2016-06-01,0.001829303422133738
2016-06-02,-0.0002004188318056573
2016-06-03,-0.0027568864152824253
2016-06-06,0.0019674629168001307
2016-06-07,-1.1776177370837688e-05
2016-06-08,0.0008024508922890939
2016-06-09,-0.0030047752784272564
2016-06-10,-0.005317035320505614
2016-06-13,-0.0028577957008704504
2016-06-14,-0.0016660202401881077
2016-06-15,0.003011949092836908
2016-06-16,-0.0025851303231446145
2016-06-17,0.0004871709618109674
2016-06-20,0.0008060872676028414
2016-06-21,0.00014618798110919328
2016-06-22,0.0001879542639003398
2016-06-23,0.0026677104293113527
2016-06-24,-0.014141925647923513
2016-06-27,-0.004451004218351506
2016-06-28,0.006629992327499102
2016-06-29,0.005068867089222649
2016-06-30,-3.8287313197122955e-05
2016-07-01,0.0037573934358733144
2016-07-05,-0.0010982377115660866
2016-07-06,0.0020668063269743916
2016-07-07,-0.003988375234946381
2016-07-08,0.001964393936030591
2016-07-11,-0.0020544536950432616
2016-07-12,0.0003023836394952558
2016-07-13,0.0005125856631866218
2016-07-14,4.3081255838388624e-05
2016-07-15,-0.003418090188436675
2016-07-18,-0.0006980846647279868
2016-07-19,-0.0013716736643866858
2016-07-20,-0.001510558454240182
2016-07-21,-0.00079639480371627
2016-07-22,0.000841906565707197
2016-07-25,-0.002140716217982041
2016-07-26,-0.0005677044475906502
2016-07-27,-0.0022138840042084875
2016-07-28,-0.0030117214790070317
2016-07-29,0.0013495906424922783
2016-08-01,-0.0023560919314862196
2016-08-02,-0.0016578255296596772
2016-08-03,0.0021495869593227356
2016-08-04,0.0033375705931036697
2016-08-05,-0.0019683294931722045
2016-08-08,0.0012498717360139484
2016-08-09,0.0007401638654939408
2016-08-10,-0.0013148717318441302
2016-08-11,0.0010544718773231325
2016-08-12,0.0013634030633144104
2016-08-15,0.005116809821868112
2016-08-16,0.0014663311989533082
2016-08-17,-0.0013574850991637042
2016-08-18,0.0021164345838197277
2016-08-19,-0.0035104184630047985
2016-08-22,8.718349461670242e-05
2016-08-23,0.0015223037035113722
2016-08-24,-0.0035751826662640744
2016-08-25,0.0016077184873901859
2016-08-26,-0.0059381077883304476
2016-08-29,0.001540854704704887
2016-08-30,-0.003298697626439093
2016-08-31,-0.0028119550587743154
2016-09-01,-0.0009106399613158957
2016-09-02,0.003966894109548129
2016-09-06,0.007906246754823208
2016-09-07,-0.0018724091829807167
2016-09-08,-0.0004928238344134999
2016-09-09,-0.005129456813657048
2016-09-12,0.002161137147648605
2016-09-13,-0.0024698538441524152
2016-09-14,0.0021779267240060363
2016-09-15,0.0007972124471318905
2016-09-16,-0.0035699178541080795
2016-09-19,0.0014020082425795788
2016-09-20,-0.0014974637166182674
2016-09-21,0.0019723486970518633
2016-09-22,0.0020646268472698046
2016-09-23,-0.0002221291759956117
2016-09-26,-0.0025750322779253655
2016-09-27,0.0024277248962258414
2016-09-28,-0.001547714055957177
2016-09-29,-0.002128425769992262
2016-09-30,0.0034159719236778294
2016-10-03,-0.0005573363519758809
2016-10-04,-0.0036548070826045325
2016-10-05,0.0003935317532011826
2016-10-06,-0.0023394622035667672
2016-10-07,-0.0016384998217979947
2016-10-11,0.0009199109055413723
2016-10-12,5.081748270750376e-05
2016-10-13,-0.0021275871294278827
2016-10-14,0.002148188907414936
2016-10-17,0.009928441340717171
2016-10-18,0.0015740031686904846
2016-10-19,0.0005233686190253345
2016-10-20,-0.0003651816431410589
2016-10-21,0.0003174105849952853
2016-10-24,-0.001213751214633738
2016-10-25,-0.0008111304118239059
2016-10-26,-0.00038504813847949835
2016-10-27,0.0018864933076491498
2016-10-28,-0.003519636987547125
2016-10-31,-0.002992456513544337
2016-11-01,-0.0016831625921254441
2016-11-02,-0.005566384390170362
2016-11-03,0.0008894437308922715
2016-11-04,-0.0009157873202802206
2016-11-07,0.0019417547027404617
2016-11-08,0.0015039888337696585
2016-11-09,0.005713598335815462
2016-11-10,0.0015703368539177979
2016-11-14,0.011312079946361282
2016-11-15,0.002173223101929866
2016-11-16,-0.00016711831588158574
2016-11-17,0.0026055727261192385
2016-11-18,0.0035089985215012204
2016-11-21,-0.004318048947971603
2016-11-22,-0.001792044646353465
2016-11-23,0.00506291374008029
2016-11-25,0.0025145437560936852
2016-11-28,-0.004293207112485635
2016-11-29,0.0008244386029252438
2016-11-30,-0.0001700745507771527
2016-12-01,-0.0005500630308230154
2016-12-02,-0.0034743068713765806
2016-12-05,-0.0018809519557591026
2016-12-06,0.0017554816145452627
2016-12-07,-0.0006336908724876624
2016-12-08,0.003740927239466301
2016-12-09,0.003489394298810932
2016-12-12,-0.003792648382458023
2016-12-13,0.00228940351810744
2016-12-14,0.002809044312949814
2016-12-15,0.005825059698747238
2016-12-16,-0.0023749726175823238
2016-12-19,-0.0033971070361899225
2016-12-20,0.0026177014719492454
2016-12-21,-0.0013097064659977062
2016-12-22,0.0025659800936153588
2016-12-23,1.8083606772836592e-05
2016-12-27,-0.00021404193735010215
2016-12-28,-0.0021799151789875
2016-12-29,-0.0038872394459612473
2016-12-30,-0.0030104018874086906
2017-01-03,0.0035559373624180165
2017-01-04,-0.0001326527812036288
2017-01-05,-0.00601000889282206
2017-01-06,0.0036673563548008173
2017-01-09,-0.005473133553745895
2017-01-10,-5.958765179801094e-05
2017-01-11,0.00042178565867368335
2017-01-12,-0.00131104874568914
2017-01-13,0.0004866575211723426
2017-01-17,-0.0049868453410618204
2017-01-18,0.0014289412647902568
2017-01-19,0.002829662131318479
2017-01-20,-0.00019798296598917375
2017-01-23,-0.0036455205254216
2017-01-24,0.0040860416699145885
2017-01-25,0.00445459646393396
2017-01-26,0.001201700524445537
2017-01-27,-0.0008895503770019958
2017-01-30,-0.0020020181945283612
2017-01-31,-0.003210346564493953
2017-02-01,0.0022120868941892602
2017-02-02,-0.0007541237564624277
2017-02-03,0.0016185236754524962
2017-02-06,-0.003182134251175255
2017-02-07,0.000291671081278643
2017-02-08,0.00017818102449328405
2017-02-09,0.004330326833827998
2017-02-10,0.002610612109448298
2017-02-13,0.0025267041459397606
2017-02-14,0.0029519037255939743
2017-02-15,-0.002294569457661462
2017-02-16,-0.004517275813765761
2017-02-17,0.0016993714473289535
2017-02-21,0.0022663361890058503
2017-02-22,-0.0023499213576892823
2017-02-23,-0.0024594886271359887
2017-02-24,-0.0012075806007407761
2017-02-27,0.0013135235248295833
2017-02-28,-0.000634029022631803
2017-03-01,0.007711269801087829
2017-03-02,0.0004174200477372188
2017-03-03,-0.002136791306734168
2017-03-06,-0.00015925024311170513
2017-03-07,-0.0006622987072796852
2017-03-08,-0.002215889408870971
2017-03-09,-0.0016202264365412613
2017-03-10,-0.0027720291895765962
2017-03-13,0.0031275898128998738
2017-03-14,-0.0008887963140767945
2017-03-15,-0.0018759501908423674
2017-03-16,0.002277778608577932
2017-03-17,-0.00036795783553748965
2017-03-20,-0.002726233927208272
2017-03-21,-0.0051299484173847375
2017-03-22,0.000772882991925127
2017-03-23,-0.0018681795886166263
2017-03-24,-0.0005173383942210797
2017-03-27,0.0008585613259598637
2017-03-28,-0.0020749916169566875
2017-03-29,-0.0014449937786081056
2017-03-30,-0.003201034885324403
2017-03-31,-6.531725787962504e-05
2017-04-03,0.0009031262241529984
2017-04-04,-0.0014214404312616173
2017-04-05,-0.002499610908723211
2017-04-06,0.0007328390875682751
2017-04-07,-0.0019286672902117591
2017-04-10,-0.0010700031829117649
2017-04-11,0.004755078114360431
2017-04-12,-0.00012456948450067316
2017-04-13,0.0020013676412977545
2017-04-17,0.0038040461102858934
2017-04-18,-0.0021244827372552317
2017-04-19,0.0011694698539900289
2017-04-20,0.0033167954871334434
2017-04-21,0.0016635761724028062
2017-04-24,0.002637445630355489
2017-04-25,-0.0005482939166795953
2017-04-26,-0.000665060119413227
2017-04-27,-0.0008122518084418972
2017-04-28,-0.0003741389702466107
2017-05-01,4.614766700629684e-05
2017-05-02,0.002262539099899954
2017-05-03,-0.0036100620771493696
2017-05-04,0.0005380192735576515
2017-05-05,-8.788832446878765e-05
2017-05-08,-0.002725877394140541
2017-05-09,-0.0031741981373329376
2017-05-10,-0.0025327512753183477
2017-05-11,-0.0004465167197799936
2017-05-12,0.002909193541627719
2017-05-15,-0.0031318153262051905
2017-05-16,0.00304290413189199
2017-05-17,0.002017499517342714
2017-05-18,-0.0021021221299127395
2017-05-19,0.002098177296910782
2017-05-22,0.0021214790280816385
2017-05-23,-0.0037581298748424505
2017-05-24,0.001123305463429961
2017-05-25,0.004634327756903564
2017-05-26,-0.0007268588109223744
2017-05-30,0.0010579279055916014
2017-05-31,0.003565864351529205
2017-06-01,0.0008398708800663699
2017-06-02,0.005376080573220373
2017-06-05,-0.00022626781201663042
2017-06-06,0.0009226514004034538
2017-06-07,0.001893921602776785
2017-06-08,-0.0021483887085043713
2017-06-09,-0.0017899775328073977
2017-06-12,-0.0012910114492627731
2017-06-13,0.0013168223722175136
2017-06-14,0.004838394001218514
2017-06-15,-0.0052180206242218655
2017-06-16,0.0009865910347363247
2017-06-19,0.0007862933457499881
2017-06-20,0.0009841056727831552
2017-06-21,0.002067205913540106
2017-06-22,-0.0016141019306136414
2017-06-23,0.0025303435490293463
2017-06-26,-0.0007443042803306918
2017-06-27,-0.001321844329902947
2017-06-28,0.002735130600814983
2017-06-29,-0.0021230963032009245
2017-06-30,-0.0024272166746207185
2017-07-03,-0.006755110963788194
2017-07-05,0.003994762853178798
2017-07-06,-0.0024083142498269143
2017-07-07,0.004020118912000259
2017-07-10,0.00028220651750846416
2017-07-11,0.0013035759708025236
2017-07-12,0.0007483104009913028
2017-07-13,-0.0005217220213377837
2017-07-14,0.0014407289442300417
2017-07-17,0.0005353292769101587
2017-07-18,-0.005644357511259124
2017-07-19,0.0008681629741372543
2017-07-20,0.0011504290152751396
2017-07-21,0.002037817371983694
2017-07-24,-0.0026885353995313404
2017-07-25,-0.002417362015156256
2017-07-26,0.002419562859856854
2017-07-27,-0.0027081513089046703
2017-07-28,-0.0005710981672473332
2017-07-31,-0.00023163086186294338
2017-08-01,0.0013097378898251875
2017-08-02,0.0019630981183086384
2017-08-03,0.0020168271295052933
2017-08-04,-0.00413166655622748
2017-08-07,0.0018634830220637059
2017-08-08,-0.001874881211119757
2017-08-09,0.0033993122159217404
2017-08-10,4.213997763545446e-05
2017-08-11,0.0026637041375649016
2017-08-14,0.001456996146513472
2017-08-15,-0.011158589081263368
2017-08-16,0.002632867227997967
2017-08-17,-0.004260702420320149
2017-08-18,-0.0021749956561272856
2017-08-21,0.0024318927920664673
2017-08-22,-0.0012232984435631093
2017-08-23,0.0008714070016498605
2017-08-24,-0.00027955655421528454
2017-08-25,0.0021378923463344556
2017-08-28,0.005417961575207581
2017-08-29,0.0007738882242505166
2017-08-30,-0.0007238845520132245
2017-08-31,0.0016509276253625401
2017-09-01,-0.0004963737875312678
2017-09-05,0.004419612735914269
2017-09-06,-0.0023418191505861223
2017-09-07,0.0063177058932894865
2017-09-08,0.0016950518851756885
2017-09-11,-0.003201405036240232
2017-09-12,0.00021403950390224566
2017-09-13,-0.004671610283722803
2017-09-14,0.00042340917052432716
2017-09-15,-0.0016010338703826236
2017-09-18,-0.0011080727451519225
2017-09-19,0.001352376131519269
2017-09-20,-0.001402627665525849
2017-09-21,0.0008722230911475466
2017-09-22,0.0010910040588139609
2017-09-25,-4.375469544427178e-06
2017-09-26,-0.0018531711688322147
2017-09-27,0.0006221608376235626
2017-09-28,-3.39103381273298e-05
2017-09-29,0.0018483592356221988
2017-10-02,-0.00385617465559227
2017-10-03,-0.0015280957659275637
2017-10-04,8.965111282677571e-05
2017-10-05,0.0009551088725628431
2017-10-06,-0.00013576845813891304
2017-10-09,0.0017635140888057064
2017-10-10,0.003077732822469115
2017-10-11,0.0007566369913012584
2017-10-12,-0.0009216401325803916
2017-10-13,0.0010997552836900066
2017-10-16,-0.00047836838062684093
2017-10-17,-0.0016245277592063078
2017-10-18,0.0009772855713017982
2017-10-19,-0.0001991984027916097
2017-10-20,0.0007006216210871719
2017-10-23,-0.0009516114186241516
2017-10-24,0.002231748691136932
2017-10-25,0.00012978452055743592
2017-10-26,-0.003361895094061708
2017-10-27,0.0017400194031793848
2017-10-30,-0.0011572522231555655
2017-10-31,-0.0010961668734574795
2017-11-01,0.0011472621352359822
2017-11-02,0.0009182709674865913
2017-11-03,5.277718720417911e-05
2017-11-06,0.003771985348989764
2017-11-07,-0.0013890321600172073
2017-11-08,0.0019998143395177684
2017-11-09,0.0017855535118035104
2017-11-10,6.391817654748957e-05
2017-11-13,0.0014233518746284495
2017-11-14,0.0027770367526672155
2017-11-15,-0.004337066590246744
2017-11-16,0.002590358451937432
2017-11-17,0.0033695714333720097
2017-11-20,-0.003950001397618441
2017-11-21,0.003702124589378315
2017-11-22,-0.001861554566860295
2017-11-24,-0.0005060880817459203
2017-11-27,-0.0008443815159361207
2017-11-28,0.004386825816368771
2017-11-29,-0.0017006225245420666
2017-11-30,0.0034519800560941553
2017-12-01,-0.0005020175755809861
2017-12-04,0.00022559220617673673
2017-12-05,0.0012850675555101858
2017-12-06,-0.0029326395978301434
2017-12-07,0.005355334751302533
2017-12-08,0.0031699388792422616
2017-12-11,0.0019977633456944857
2017-12-12,0.0017060796198422976
2017-12-13,-0.004719854370557699
2017-12-14,-0.00137968905383547
2017-12-15,0.006962270281437301
2017-12-18,0.001250006538823962
2017-12-19,-0.0001244730849122959
2017-12-20,0.0020330912947136817
2017-12-21,0.0010412238758589116
2017-12-22,0.0006061438356924458
2017-12-26,0.0013278918056312701
2017-12-27,-0.0034072750116010777
2017-12-28,-0.00041065299385358934
2017-12-29,-0.0038838624527761842
2018-01-02,0.0009739454723836486
2018-01-03,0.004034349011612465
2018-01-04,0.0018136329126006371
2018-01-05,0.002639526815038859
2018-01-08,0.0037684292752785085
2018-01-09,0.003946159481164203
2018-01-10,0.00043204089975665147
2018-01-11,-0.0005819152681653105
2018-01-12,0.0033618057461349943
2018-01-16,-0.00266543381317406
2018-01-17,0.004063670038932935
2018-01-18,-0.0013105713825934471
2018-01-19,0.0018101680294047649
2018-01-22,0.0026856663615729428
2018-01-23,0.000544433754982923
2018-01-24,0.007628704958086607
2018-01-25,-0.0009194642551212452
2018-01-26,0.005031604143577797
2018-01-29,-0.0021759937536273326
2018-01-30,-0.005040649639817897
2018-01-31,0.0018411140662590007
2018-02-01,0.006172990815788347
2018-02-02,-0.0065207306934428185
2018-02-05,-0.0186319361462685
2018-02-06,0.0049153740738792735
2018-02-07,-0.007487259595725405
2018-02-08,-0.0077427127698790855
2018-02-09,-0.002664401608827897
2018-02-12,0.007130087057006886
2018-02-13,0.0021090677910986125
2018-02-14,0.013354416031162787
2018-02-15,0.0016908450888981925
2018-02-16,-0.0024042235131621075
2018-02-20,-0.004902518470931796
2018-02-21,-0.0004711523103410824
2018-02-22,0.003710951191485837
2018-02-23,0.002432324857247395
2018-02-26,0.0027891196981444668
2018-02-27,-0.006154559576609603
2018-02-28,-0.0071863786075016265
2018-03-01,-0.005198525520195447
2018-03-02,0.006746256380309223
2018-03-05,0.003994218213393086
2018-03-06,0.003055007923228122
2018-03-07,-0.0031376348266789118
2018-03-08,-0.003883866268010647
2018-03-09,0.0049664995262878
2018-03-12,-0.0017703249774479101
2018-03-13,0.00024140176864782936
2018-03-14,-0.002563817168731781
2018-03-15,-0.002767732892358521
2018-03-16,0.0008534295704220111
2018-03-19,-0.002372656129555447
2018-03-20,0.0016344989264932056
2018-03-21,0.00718028609090076
2018-03-22,-0.006992082765053628
2018-03-23,0.0009277182580991599
2018-03-26,0.004043863954273491
2018-03-27,-0.006202233412127212
2018-03-28,-0.005800234965294488
2018-03-29,-0.001543331970264448
2018-04-02,-0.0014510750870983437
2018-04-03,-0.0036375846745798474
2018-04-04,0.001102687719477851
2018-04-05,-0.002142999971356567
2018-04-06,-0.0003561663764091659
2018-04-09,0.003614875402220831
2018-04-10,0.002472651110152126
2018-04-11,0.003311890556430519
2018-04-12,-0.002583593965298473
2018-04-13,0.0016800020896368245
2018-04-16,-0.016276672481695276
2018-04-17,-0.00048259225058474567
2018-04-18,0.002505803974128014
2018-04-19,-1.3287247378995101e-05
2018-04-20,-8.625421610196388e-05
2018-04-23,-0.00015186391692594033
2018-04-24,0.0020195996470472855
2018-04-25,0.0001423059242593337
2018-04-26,0.0004272509303437275
2018-04-27,0.0005158122582955457
2018-04-30,0.0009068627549882661
2018-05-01,-0.001018978196479453
2018-05-02,0.001394193834323699
2018-05-03,0.00033891769148677707
2018-05-04,0.0011431780014092192
2018-05-07,0.0024562607399978707
2018-05-08,0.0003312401125900105
2018-05-09,0.0022683099076886456
2018-05-10,-0.002971557937911113
2018-05-11,-0.0010320076879971236
2018-05-14,0.0002516680725113491
2018-05-15,0.004460386982000956
2018-05-16,0.0004429061861740977
2018-05-17,0.0003548105963053669
2018-05-18,-0.0002954146849986614
2018-05-21,0.0006342492313526397
2018-05-22,2.3332057730477377e-05
2018-05-23,-0.001063071680207943
2018-05-24,-0.0036639007343588705
2018-05-25,-0.0022468162211812712
2018-05-29,-0.0030819154585755466
2018-05-30,-0.0008370036900684791
2018-05-31,-0.0012987067855622357
2018-06-01,0.0006591590607670095
2018-06-04,-0.0007699199008180876
2018-06-05,-0.0006601532733050696
2018-06-06,-0.00172849152286355
2018-06-07,-0.0009752679091434609
2018-06-08,0.0009041328473674929
2018-06-11,0.00046615191226156744
2018-06-12,0.001790498893174913
2018-06-13,0.0009498097950903056
2018-06-14,0.0022515591652274825
2018-06-15,0.0011975169329401212
2018-06-18,0.0012263673458207086
2018-06-19,-0.0016831313411459108
2018-06-20,0.0014672624904922885
2018-06-21,0.00031727655810301873
2018-06-22,0.001952528275695284
2018-06-25,-0.0008844954005857508
2018-06-26,0.0047579927193347705
2018-06-27,0.004399372605981034
2018-06-28,0.0030314053866700905
2018-06-29,-0.001557490548168429
2018-07-02,0.003318015711949082
2018-07-03,-0.0035473050920081122
2018-07-05,-0.0008827654716322093
2018-07-06,0.0002487785532818729
2018-07-09,0.0011056180968523764
2018-07-10,0.001530487288672831
2018-07-11,-0.0020717195445435856
2018-07-12,0.0013919111716330246
2018-07-13,0.0008321406668562297
2018-07-16,-0.003041878308187574
2018-07-17,-0.0004509186307048273
2018-07-18,0.0010924073686966462
2018-07-19,1.2220535026658234e-05
2018-07-20,-0.0012440885229018856
2018-07-23,0.0014565166433697496
2018-07-24,0.0010978119937880418
2018-07-25,0.000951065949963992
2018-07-26,0.0006445309187807064
2018-07-27,-0.0020227751440605366
2018-07-30,-0.0008958561814883056
2018-07-31,-0.001028467804335107
2018-08-01,-0.0010465941851398638
2018-08-02,0.004832868193759869
2018-08-03,0.0007560225084447431
2018-08-06,0.0019630647891487668
2018-08-07,-0.001404623293262665
2018-08-08,-0.002342980245833415
2018-08-09,0.002083753298791505
2018-08-10,0.004922834120715004
2018-08-13,0.0007144176114871696
2018-08-14,0.0015272699535358028
2018-08-15,0.002044407392172517
2018-08-16,-0.0007625100167164728
2018-08-17,-0.0027003388103461015
2018-08-20,0.0012858227851384435
2018-08-21,-0.0024161732144911334
2018-08-22,0.0017152287682095093
2018-08-23,0.0037333116441185775
2018-08-24,-0.005006683565272999
2018-08-27,-0.0027494829015589643
2018-08-28,0.0011732038220539974
2018-08-29,0.0009581125091599499
2018-08-30,0.002467814502478109
2018-08-31,0.0007767724508611634
2018-09-04,-0.0003487959052795975
2018-09-05,-0.0014226956605452353
2018-09-06,-0.001568349089264738
2018-09-07,-0.0006348672323826894
2018-09-10,-6.039302978074471e-05
2018-09-11,-0.0010919857579440976
2018-09-12,-0.003709132999613549
2018-09-13,0.001989743131618146
2018-09-14,0.0007251885247860761
2018-09-17,-0.0031001918525682894
2018-09-18,-0.0020439479361277057
2018-09-19,-0.002614151911841824
2018-09-20,-0.0021468800701242934
2018-09-21,0.0027695477172994076
2018-09-24,-0.0005015761633012523
2018-09-25,-0.00014080081508901216
2018-09-26,-0.0016796586812599832
2018-09-27,0.0011223901945913908
2018-09-28,-0.0019698582246852107
2018-10-01,0.0016502954674856246
2018-10-02,-0.004529880856763189
2018-10-03,0.0036497305959860816
2018-10-04,-0.0024703821914285255
2018-10-05,-0.0009940394026053724
2018-10-08,0.0014770459107872431
2018-10-09,-0.0006884684147420491
2018-10-10,-0.009218158963441586
2018-10-11,-0.011571339549055365
2018-10-12,0.002531952636181402
2018-10-15,0.004543176533833429
2018-10-16,0.005586882522939678
2018-10-17,-0.0011434664527202971
2018-10-18,-0.004840843092202084
2018-10-19,0.0024008395183437825
2018-10-22,-0.0023117306191049922
2018-10-23,-0.007498717791716702
2018-10-24,-0.006939538049640229
2018-10-25,0.0037629149255515785
2018-10-26,-0.0031858837909518184
2018-10-29,0.0020424412692167334
2018-10-30,-0.0008763083247866989
2018-10-31,0.0017968528693846075
2018-11-01,-0.009016168100219954
2018-11-02,0.0035575707330381882
2018-11-05,-0.0014515754473683065
2018-11-06,-0.0033602314608360885
2018-11-07,-0.002952317755588206
2018-11-08,0.0018779496664876561
2018-11-09,-0.002061914075014323
2018-11-12,0.0026932988361934467
2018-11-13,-0.0060356418199924095
2018-11-14,0.0004129950809580614
2018-11-15,-0.0012538666885033474
2018-11-16,-0.0006783406786566275
2018-11-19,0.001881575779465734
2018-11-20,-0.002089601668091178
2018-11-21,-0.0013439615010991562
2018-11-23,0.006309794911241833
2018-11-26,-0.003443995243005311
2018-11-27,-0.000870887261969328
2018-11-28,-0.0018970099380905823
2018-11-29,-0.0011398840463944398
2018-11-30,0.0005435955182280077
2018-12-03,-0.003150822511780825
2018-12-04,0.0013756971761489335
2018-12-06,-0.0013850724677702123
2018-12-07,-0.0004559790973503088
2018-12-10,0.0027842070332475145
2018-12-11,0.0008521825270445214
2018-12-12,8.556325190760363e-05
2018-12-13,-0.00151648326460967
2018-12-14,0.0030935176337995515
2018-12-17,-0.002708895242215375
2018-12-18,0.0037311905578085772
2018-12-19,0.00012406786783401543
2018-12-20,0.0011173025891993895
2018-12-21,0.0027619053091228057
2018-12-24,0.010641651449325334
2018-12-26,-0.009313131044969947
2018-12-27,0.0014790154486557282
2018-12-28,0.00041773299483810375
2018-12-31,0.0005148593170947925
2019-01-02,0.0016215663399513133
2019-01-03,0.005135253431606485
2019-01-04,-0.007586026333112894
2019-01-07,-0.0031843811541489315
2019-01-08,-0.002916466238518461
2019-01-09,-0.004539451294382141
2019-01-10,-0.00018223646450358293
2019-01-11,0.003403980126496593
2019-01-14,0.0016594905024437296
2019-01-15,-0.0017774920208415293
2019-01-16,0.0005635839859600196
2019-01-17,-0.0014046792621218035
2019-01-18,-0.004657819146142621
2019-01-22,0.0038693496055964226
2019-01-23,-0.0009995956340564365
2019-01-24,0.002788930406280687
2019-01-25,-0.0017481427964448155
2019-01-28,0.002508055834521955
2019-01-29,0.0012005343944198083
2019-01-30,-0.0019832428974217694
2019-01-31,0.0041747388072981345
2019-02-01,-0.0035502750215937987
2019-02-04,-0.001021870813042769
2019-02-05,0.0018321480230898822
2019-02-06,0.00047751422503302987
2019-02-07,0.003583385502597954
2019-02-08,0.0016125130247221658
2019-02-11,-0.0009009126906577802
2019-02-12,-0.0027647619880531095
2019-02-13,0.00011102140642454705
2019-02-14,0.000701718651066501
2019-02-15,-0.0034042078391769014
2019-02-19,0.0036875696346023354
2019-02-20,0.001845631312910217
2019-02-21,-0.0054209596689498915
2019-02-22,0.001427964952940405
2019-02-25,0.0006930874479281098
2019-02-26,-0.0009345937761064808
2019-02-27,-0.0009448888861715361
2019-02-28,-0.0012057450314044975
2019-03-01,-0.003950708717378063
2019-03-04,-0.0008105519629325991
2019-03-05,-0.00020333202818261127
2019-03-06,0.0010652988035849496
2019-03-07,0.003421415095922047
2019-03-08,-0.001317468572833601
2019-03-11,-0.0014753627801682406
2019-03-12,0.0013191032491552662
2019-03-13,0.002299108013421737
2019-03-14,-0.00046934723173860867
2019-03-15,0.003289137685860428
2019-03-18,0.0012038210625178387
2019-03-19,-0.0006400970649065261
2019-03-20,-9.762252007998434e-05
2019-03-21,0.00819725404760806
2019-03-22,0.0023846427898252514
2019-03-25,0.0020020390281104664
2019-03-26,0.0015418312033260587
2019-03-27,0.00043728153292368676
2019-03-28,-0.003358083206076686
2019-03-29,0.00046900936510461304
2019-04-01,0.00035925148156582465
2019-04-02,0.0026165025980032855
2019-04-03,-0.001282167294272772
2019-04-04,0.00048093625349589545
2019-04-05,0.0017211200288294226
2019-04-08,0.0007623899598162472
2019-04-09,0.00028344946405772716
2019-04-10,0.002482486925124075
2019-04-11,-0.00400739686912393
2019-04-12,-0.0008989373543426229
2019-04-15,0.004499096848048284
2019-04-16,-0.002923850222475654
2019-04-17,-0.0008488848052153885
2019-04-18,0.0036002202591074645
2019-04-22,0.0001611785038573027
2019-04-23,0.002056065701512635
2019-04-24,0.0037217874412914776
2019-04-25,-0.0015689118722338046
2019-04-26,-0.0004147131863906097
2019-04-29,-0.003164590440213567
2019-04-30,0.0010095786623021462
2019-05-01,-0.0004463472628718256
2019-05-02,-0.005497269791596378
2019-05-03,0.003094884549378857
2019-05-06,-0.0007877912107670705
2019-05-07,-0.0010188965135529858
2019-05-08,-0.0007989278204753469
2019-05-09,-0.0018125816894950832
2019-05-10,0.00040879446017184884
2019-05-13,-0.006619532778475378
2019-05-14,0.0037431947246631524
2019-05-15,0.00587988632540402
2019-05-16,0.004117734390547548
2019-05-17,0.0007473959187056148
2019-05-20,-0.002066520129641408
2019-05-21,0.0009042661830532605
2019-05-22,-0.0017879252183794399
2019-05-23,-0.006050630875091295
2019-05-24,-0.0008641885831891484
2019-05-28,0.0017872794196936673
2019-05-29,-0.00025623645718429543
2019-05-30,-0.003195489991072983
2019-05-31,-0.007534385505867046
2019-06-03,-0.0031961209742998827
2019-06-04,0.0017309288976831902
2019-06-05,-0.0013321296222355422
2019-06-06,-0.0005623811368379267
2019-06-07,0.0017173691684579868
2019-06-10,-0.003121464708456198
2019-06-11,-0.00041370574560427705
2019-06-12,-0.0004090736157906164
2019-06-13,0.004846589860591393
2019-06-14,0.002108968712587859
2019-06-17,7.338517240462056e-05
2019-06-18,0.0055849701361574385
2019-06-19,-0.0023211118761912197
2019-06-20,0.0130655442580849
2019-06-21,-0.004120634901539724
2019-06-24,0.0016892432559547348
2019-06-25,0.0007359879066988353
2019-06-26,-0.004324816811986072
2019-06-27,0.0013715375757719294
2019-06-28,0.0009603332510989088
2019-07-01,-0.0058346607769544844
2019-07-02,0.007549899502731435
2019-07-03,0.001466367998489932
2019-07-05,-0.008170272336371489
2019-07-08,-0.0019195166706536466
2019-07-09,-3.741690721529772e-05
2019-07-10,0.0015048218987181782
2019-07-11,-0.00128840671399762
2019-07-12,0.0021187410147683653
2019-07-15,0.000910396251676663
2019-07-16,-0.004962735182272525
2019-07-17,0.0013168458899172717
2019-07-18,0.004212553893100524
2019-07-19,-0.003694081233321204
2019-07-22,0.0002054115659163918
2019-07-23,-0.004092242789979882
2019-07-24,0.0015342745220580552
2019-07-25,-0.001886310969609492
2019-07-26,0.00010762004579777797
2019-07-29,0.001580730931610318
2019-07-30,0.0003928722439089363
2019-07-31,-0.0027316099723810323
2019-08-01,0.006810671937257771
2019-08-02,0.0014112519336442857
2019-08-05,0.00271935673992829
2019-08-06,0.003913816172106572
2019-08-07,0.006907152940855355
2019-08-08,-0.0007969833152801062
2019-08-09,-0.0037524340551874573
2019-08-12,0.0008438578079227286
2019-08-13,-0.0026536624736882637
2019-08-14,-0.0008470654978045538
2019-08-15,0.008525029224162001
2019-08-16,0.0024891146684828183
2019-08-19,-0.003167907775297543
2019-08-20,-0.00015376994941859937
2019-08-21,0.002057845253989167
2019-08-22,-0.0007948454813674627
2019-08-23,0.005660064630649914
2019-08-26,-0.00035160887955416713
2019-08-27,0.0007641521490673403
2019-08-28,0.0010467954133698534
2019-08-29,-0.0012947896844665997
2019-08-30,0.0036509117313493406
2019-09-03,0.001917106705066794
2019-09-04,-0.0020130071475026544
2019-09-05,-0.0035685485144366074
2019-09-06,0.001377540490933731
2019-09-09,-0.0026291235832459343
2019-09-10,-0.0021923699002964906
2019-09-11,0.004034453433951304
2019-09-12,-0.0032001478201091286
2019-09-13,-0.003951277818720228
2019-09-16,-0.0013571171288702876
2019-09-17,0.0015828387234890478
2019-09-18,0.0019393017588866378
2019-09-19,-0.0003022569593585115
2019-09-20,0.004512663560431633
2019-09-23,0.0015254781372954608
2019-09-24,0.0011109972216347948
2019-09-25,-0.0018012377274270036
2019-09-26,0.0014558643043394305
2019-09-27,-0.001376118531632862
2019-09-30,-2.6409890661748724e-05
2019-10-01,0.0012331694988299477
2019-10-02,0.0007487316651811515
2019-10-03,0.002707631380720591
2019-10-04,0.0012540783605148468
2019-10-07,-0.0008554482564809707
2019-10-08,-0.0011500136948589801
2019-10-09,-0.00027695766884847805
2019-10-10,-0.0028226823341711365
2019-10-11,-0.003999735011155381
2019-10-14,0.0017479444339580377
2019-10-15,-0.004632992199221664
2019-10-16,0.0003082715305797108
2019-10-17,-0.000382784658528308
2019-10-18,-0.001242397788442377
2019-10-21,-2.3608124753058817e-05
2019-10-22,0.0010338289065550072
2019-10-23,-0.0002127283208051931
2019-10-24,0.0016169728818996494
2019-10-25,0.0003247118771969605
2019-10-28,-0.0013045865700739429
2019-10-29,0.000373972599623611
2019-10-30,0.0006421238570711375
2019-10-31,0.002881509180848263
2019-11-01,-0.0012088740920527365
2019-11-04,0.00023064519797997866
2019-11-05,-0.0035088976211833417
2019-11-06,0.0016545547883128721
2019-11-07,0.0007848011281583691
2019-11-08,0.0010965998378545379
2019-11-11,0.0006933111267702039
2019-11-12,0.0008643650217371746
2019-11-13,0.0008488302010885555
2019-11-14,3.725826136433707e-05
2019-11-15,-0.0010596542854356724
2019-11-18,0.0004384454872041631
2019-11-19,0.00045204003857501055
2019-11-20,0.0002978551901261126
2019-11-21,0.0008020664137526275
2019-11-22,0.0007355568038882404
2019-11-25,0.0016898091962762804
2019-11-26,-0.0003521038907132784
2019-11-27,0.002233129283641755
2019-11-29,-0.004264710206357537
2019-12-02,-0.0009943133474806258
2019-12-03,-0.006096150934918301
2019-12-04,0.0049187784006940365
2019-12-05,-0.0002813435569218976
2019-12-06,0.006342426098067212
2019-12-09,-0.0005419082351346822
2019-12-10,-0.0012457044279409754
2019-12-11,-0.002934317028427025
2019-12-12,0.004618236963675126
2019-12-13,-0.001565965113726366
2019-12-16,-0.004519974943383324
2019-12-17,4.2807831683394996e-05
2019-12-18,0.0019463164623947395
2019-12-19,-0.0010406821963622325
2019-12-20,0.00354394915653302
2019-12-23,-0.0007850512372527908
2019-12-24,-0.0022180543760652676
2019-12-26,0.0009577300023911354
2019-12-27,0.001797805508988918
2019-12-30,-0.0008085871079013973
2019-12-31,0.000817594512379088
2020-01-02,-0.0017065150863117484
2020-01-03,-0.0022162126548200514
2020-01-06,0.0004059416096216999
2020-01-07,-0.003545297707546203
2020-01-08,-0.003332182533209258
2020-01-09,-0.0011892855212033823
2020-01-10,-0.000433958054749451
2020-01-13,-0.0005908906886868925
2020-01-14,0.0007853525725077304
2020-01-15,0.0013068225468634306
2020-01-16,0.001133048375765849
2020-01-17,0.0005892559150744188
2020-01-21,-0.002318522737103161
2020-01-22,-0.0017770126344313969
2020-01-23,-0.001690166667885213
2020-01-24,-0.005831359693894701
2020-01-27,-0.0033551611128759206
2020-01-28,0.002101419031950349
2020-01-29,-0.002218401461398423
2020-01-30,0.0012596531023785784
2020-01-31,-0.008723138274828323
2020-02-03,0.003182598270842571
2020-02-04,0.004161550573311226
2020-02-05,0.0043928282497308745
2020-02-06,0.0022280088697243256
2020-02-07,-0.0006109958398176282
2020-02-10,0.004321107522615512
2020-02-11,-0.0004724269480880416
2020-02-12,0.003323032233189576
2020-02-13,0.0009560479990066415
2020-02-14,-0.0003349979419606669
2020-02-18,-0.004341678746219589
2020-02-19,-0.00043073129684431953
2020-02-20,-0.000858656258782977
2020-02-21,-0.0019605953325296153
2020-02-24,-0.0018026530727563335
2020-02-25,-0.007064182667087933
2020-02-26,-0.00111163964834815
2020-02-27,-0.009136282995368073
2020-02-28,-0.003285935376952109
2020-03-02,-0.0068920223168058145
2020-03-03,0.008337145254920785
2020-03-04,-0.0018342863647922815
2020-03-05,0.005728045801013201
2020-03-06,0.007457720841707402
2020-03-09,0.022521574702565522
2020-03-10,-0.011717076903620975
2020-03-11,0.004528046516035173
2020-03-12,0.010489312632108956
2020-03-13,-0.01566539970590763
2020-03-16,0.01643733074402981
2020-03-17,0.004268307166802356
2020-03-18,0.01432061946288551
2020-03-19,-0.002681361879580518
2020-03-20,0.009745947192604078
2020-03-23,0.0151888681752752
2020-03-24,-0.007079160197463067
2020-03-25,-0.008285555005955245
2020-03-26,-0.006804946647995497
2020-03-27,-0.00022673793186727952
2020-03-30,-0.0023083965256249675
2020-03-31,-0.0032873224999124258
2020-04-01,0.001427729753783709
2020-04-02,-0.0031982644826156078
2020-04-03,-0.0029461150531123665
2020-04-06,0.002023342515228112
2020-04-07,0.0004506373765011835
2020-04-08,-0.0020776236174279575
2020-04-09,0.002982113552041109
2020-04-13,-0.00033437536730771623
2020-04-14,-0.00028329244476857596
2020-04-15,0.0022818814401441793
2020-04-16,0.005432356264871772
2020-04-17,-0.0018009893589294782
2020-04-20,0.05034221779423404
2020-04-21,0.019292179081078355
2020-04-22,-0.006676030438645084
2020-04-23,-0.0044205944093085115
2020-04-24,-0.002105126708826215
2020-04-27,-0.003049426846044295
2020-04-28,0.0010274721247334792
2020-04-29,-0.0026228891017118145
2020-04-30,-0.0031452843879885253
2020-05-01,-0.0011607283607270233
2020-05-04,-0.00042656142425288954
2020-05-05,0.00029915302616597637
2020-05-06,-0.0008548147582848928
2020-05-07,0.0013281202749603621
2020-05-08,-0.0011005468361047007
2020-05-11,-0.0005784897519779476
2020-05-12,0.001074864573495422
2020-05-13,0.001616075547843266
2020-05-14,0.0011239086207480513
2020-05-15,-0.0032464241817175324
2020-05-18,-0.0034741141245914447
2020-05-19,-0.0007452516152650591
2020-05-20,-0.0005277582002954036
2020-05-21,0.000601859826172042
2020-05-22,0.0012347219535755662
2020-05-26,-0.0025797473434160576
2020-05-27,-4.266910171160551e-05
2020-05-28,6.745389054446341e-05
2020-05-29,0.0012233369714158388
2020-06-01,-0.00021946264275609183
2020-06-02,-0.0006941834542049812
2020-06-03,-0.0018235251249553875
2020-06-04,0.0014587278381887412
2020-06-05,-0.002770542063447281
2020-06-08,0.0019676546881539536
2020-06-09,0.0012225580718376258
2020-06-10,0.0014505089595777505
2020-06-11,-0.0012369532932065992
2020-06-12,-0.0012322346518773813
2020-06-15,-0.0010757155958202912
2020-06-16,0.0012959090969693783
2020-06-17,-0.00039060103548774406
2020-06-18,-0.0003594775858109715
2020-06-19,0.00126902701452111
2020-06-22,0.0008592064453882384
2020-06-23,0.0012731034006147838
2020-06-24,-0.0006264035291589951
2020-06-25,-0.001034618703766566
2020-06-26,0.001520515579490972
2020-06-29,0.0009396432002126186
2020-06-30,0.0009254793328964554
2020-07-01,-0.0006405450415072618
2020-07-02,0.000946717853544591
2020-07-06,0.0021297825537396164
2020-07-07,0.00012679840761785328
2020-07-08,0.0019227499651396104
2020-07-09,-0.001987880443763864
2020-07-10,-5.273472965102494e-05
2020-07-13,0.0016502404327512054
2020-07-14,0.002031775998284325
2020-07-15,0.0009498867311550177
2020-07-16,0.001646921901476101
2020-07-17,0.0012487792993659983
2020-07-20,0.00012640764139259554
2020-07-21,0.004101140331255008
2020-07-22,0.0027541952846127683
2020-07-23,0.0023075245679111665
2020-07-24,0.0001885070547126334
2020-07-27,0.004519585951365945
2020-07-28,0.00024330650257798256
2020-07-29,0.0017801988843489552
2020-07-30,0.0003192853311983545
2020-07-31,0.0010880761921828114
2020-08-03,-0.000850623759356019
2020-08-04,0.004121326302859083
2020-08-05,0.0026771872554661423
2020-08-06,0.002180793538288284
2020-08-07,-0.004643064812067147
2020-08-10,-0.00086681042740653
2020-08-11,-0.007989250998370546
2020-08-12,0.002193699754896634
2020-08-13,0.00010857587955869043
2020-08-14,-0.0001488311024162316
2020-08-17,0.005254100302532241
2020-08-18,0.0037085112134047533
2020-08-19,-0.004912836494707119
2020-08-20,-0.002263098752234337
2020-08-21,-0.00061420640525979
2020-08-24,0.00022512243283426614
2020-08-25,-0.00040325187982310297
2020-08-26,0.0023937064757221225
2020-08-27,-0.00254329317173784
2020-08-28,0.006382202359673039
2020-08-31,0.0011504226618603488
2020-09-01,0.00023017355978619775
2020-09-02,-0.0040251017551184995
2020-09-03,-0.0034404630267778277
2020-09-04,-0.006096172718371869
2020-09-08,-0.005402240189847362
2020-09-09,0.004951176408352625
2020-09-10,0.00046631963897361396
2020-09-11,0.0009841284473449004
2020-09-14,0.0018415475968370767
2020-09-15,0.0019706145443645386
2020-09-16,0.0005858630100362526
2020-09-17,0.0007872219613373634
2020-09-18,0.0006686734011872871
2020-09-21,-0.008402711810562243
2020-09-22,0.000758731471755697
2020-09-23,-0.00412984500494594
2020-09-24,0.0015157335816826589
2020-09-25,0.0011223719197781883
2020-09-28,0.004060099587478472
2020-09-29,0.0010259801790400837
2020-09-30,0.00029690052519010577
2020-10-01,0.0008421909683436774
2020-10-02,-0.004392467042033371
2020-10-05,0.004793657523076618
2020-10-06,0.0009100063386559811
2020-10-07,-0.0007904506664023779
2020-10-08,0.003441351642184794
2020-10-09,0.003150163065891396
2020-10-12,0.00027156450866906316
2020-10-13,-0.00177668136906291
2020-10-14,0.0014943772656770091
2020-10-15,-0.0058218771755089785
2020-10-16,-0.00038604601581980914
2020-10-19,0.0008520285292462409
2020-10-20,0.00038877584740244775
2020-10-21,-0.0008671590726721952
2020-10-22,-0.0015319541117707917
2020-10-23,0.0021778335876518106
2020-10-26,-0.0018105124793307604
2020-10-27,-0.0019755573754132163
2020-10-28,-0.00434839629841318
2020-10-29,0.0012178513366277676
2020-10-30,-4.451678154181253e-05
2020-11-02,2.91418731920214e-05
2020-11-03,0.0036791276587664263
2020-11-04,-0.0025229445646234023
2020-11-05,0.003109865461508463
2020-11-06,0.002059837178920097
2020-11-09,0.005418407937158739
2020-11-10,-0.002686176978161793
2020-11-11,-0.00028451008628392225
2020-11-12,-0.0018644211529523964
2020-11-13,0.0018243950018756235
2020-11-16,0.00013155582830419772
2020-11-17,-0.00022682952789303222
2020-11-18,-0.0003801965195963661
2020-11-19,-0.0005301806557301047
2020-11-20,-0.0023748617334278144
2020-11-23,0.002571995667119829
2020-11-24,0.0031739834183400987
2020-11-25,0.0004406781697933089
2020-11-27,0.001365741731680562
2020-11-30,0.0011361644645668586
2020-12-01,0.003570353096426593
2020-12-02,-0.00035595586989257814
2020-12-03,-0.001082889494459945
2020-12-04,0.0010391160020717341
2020-12-07,-0.0035020977351210365
2020-12-08,-0.0006395765019121556
2020-12-09,0.0014914519707269526
2020-12-10,-0.0008881818857764362
2020-12-11,-0.001540193779994865
2020-12-14,0.0005497879586095616
2020-12-15,0.0021362167470302305
2020-12-16,-0.000504310316857496
2020-12-17,0.0005053506105698213
2020-12-18,-0.00027988287273311994
2020-12-21,-2.643997864124475e-05
2020-12-22,0.0006679441585598639
2020-12-23,0.003076920477996393
2020-12-24,-0.0008494759037887002
2020-12-28,0.00030714888932624045
2020-12-29,0.0015072767988420102
2020-12-30,0.0007616246906744818
2020-12-31,0.0007770089992043058
2021-01-04,-0.003617877327561742
2021-01-05,0.004255761563444838
2021-01-06,0.004875456008211925
2021-01-07,0.0013892143226709502
2021-01-08,-0.0016387413912446998
2021-01-11,-0.00013079675528678738
2021-01-12,0.0014515228187797398
2021-01-13,-0.0006911074176068867
2021-01-14,0.0011710710008255801
2021-01-15,-0.006357014153473335
2021-01-19,0.003383036746657722
2021-01-20,0.000844400331216944
2021-01-21,0.001623630884705434
2021-01-22,-0.0030880172714121217
2021-01-25,-0.0017145309576661954
2021-01-26,0.0002521425435896403
2021-01-27,-0.004832661697720657
2021-01-28,0.0023679653983807816
2021-01-29,-0.0011118777432841153
2021-02-01,0.0018593549363635905
2021-02-02,-0.0003659369151191685
2021-02-03,0.001104910051055926
2021-02-04,-0.0008158930183548016
2021-02-05,0.004348883452479287
2021-02-08,0.00011162920402579144
2021-02-09,0.0018588585296514483
2021-02-10,0.0003853307941553746
2021-02-11,0.0014175619567546923
2021-02-12,0.001956022914819901
2021-02-16,0.017057861882024586
2021-02-17,-0.00062692669724974
2021-02-18,-0.00038130334087019854
2021-02-19,0.0005242700472013814
2021-02-22,0.00150669952627406
2021-02-23,0.0005797561546305212
2021-02-24,0.0065659050717329845
2021-02-25,0.005217675828876825
2021-02-26,-0.005520235508288898
2021-03-01,3.4316181778740804e-05
2021-03-02,-0.004939906025650088
2021-03-03,0.004781034399446981
2021-03-04,0.001559847078972093
2021-03-05,0.003659204029594186
2021-03-08,-0.00010001436127934076
2021-03-09,-0.0012492089001109607
2021-03-10,0.0009540618653136821
2021-03-11,0.005250790848893085
2021-03-12,0.00204757993259841
2021-03-15,-0.001615529957872613
2021-03-16,-8.596157099313645e-05
2021-03-17,0.001877238029591703
2021-03-18,-0.005230020774994008
2021-03-19,0.0011694969860050173
2021-03-22,0.0005460362895979046
2021-03-23,-0.002966422013943398
2021-03-24,0.0022547570422123825
2021-03-25,-0.002441530162110517
2021-03-26,0.004619380087278631
2021-03-29,0.0029651216251814732
2021-03-30,0.0022375643814496284
2021-03-31,-0.0014945531441911523
2021-04-01,-7.574531483223346e-06
2021-04-05,-0.0003415221753228898
2021-04-06,-0.0035144915721921828
2021-04-07,0.0005719231507804804
2021-04-08,-0.001937406289055474
2021-04-09,0.0025286290525622993
2021-04-12,0.0013759599524854913
2021-04-13,-0.002600681198016562
2021-04-14,0.0025703168737988063
2021-04-15,-0.002909156713934699
2021-04-16,-0.00037034949788931605
2021-04-19,0.0010904008502065706
2021-04-20,-0.0023405285669970666
2021-04-21,-0.00081449246419281
2021-04-22,0.00021558369408592086
2021-04-23,0.0010438701817748754
2021-04-26,3.700503288910308e-05
2021-04-27,0.0020431159093787375
2021-04-28,0.00038386885934182236
2021-04-29,0.0011148117163207753
2021-04-30,0.0010280744469681714
2021-05-03,-0.0021732088851582868
2021-05-04,0.0021206242437685954
2021-05-05,-0.00045885253164905496
2021-05-06,-0.003125716527132611
2021-05-07,-0.0024381415470733064
2021-05-10,-4.6411695078988426e-05
2021-05-11,-0.0008418864174828776
2021-05-12,0.0003221792148968168
2021-05-13,-0.0006695416313098196
2021-05-14,0.001520755395924324
2021-05-17,0.0013491122901223849
2021-05-18,-0.0030402333201401447
2021-05-19,0.0014760657916701111
2021-05-20,-0.0013509360593818446
2021-05-21,0.002435932403000728
2021-05-24,0.0018177123150664484
2021-05-25,-0.0007145201274629298
2021-05-26,-0.0007275438473541306
2021-05-27,0.0012058019850873783
2021-05-28,0.00026755879144573397
2021-06-01,0.0022567229634972564
2021-06-02,0.00030187932689188
2021-06-03,-0.0030929554383322742
2021-06-04,0.0018739391558685989
2021-06-07,0.0011719753030957555
2021-06-08,-0.0008181950840602824
2021-06-09,-0.000626989241092935
2021-06-10,0.000661912917932214
2021-06-11,-0.0016430185144997555
2021-06-14,0.000737823733621838
2021-06-15,-0.0038426349639325255
2021-06-16,-0.0031821335319169694
2021-06-17,-0.014184159837649491
2021-06-18,-0.005081156842583736
2021-06-21,0.0026150023787155237
2021-06-22,0.003151911053255123
2021-06-23,-0.0023066602932005115
2021-06-24,-0.00432297062241484
2021-06-25,0.002108447339618499
2021-06-28,0.004010725842215978
2021-06-29,0.0003907206986701036
2021-06-30,0.0013635726556844626
2021-07-01,0.0015286456120488419
2021-07-02,0.004524337158971085
2021-07-06,0.0017867462364743885
2021-07-07,0.00022863339902467767
2021-07-08,0.002001936110057241
2021-07-09,0.0038628195152934897
2021-07-12,0.00037436313639922666
2021-07-13,-0.002743490293793773
2021-07-14,0.002321183203339265
2021-07-15,-0.0010321650148841178
2021-07-16,-0.005963978976502263
2021-07-19,-0.004806528923227937
2021-07-20,0.0030971746032796843
2021-07-21,0.0028747955026908
2021-07-22,0.0017408031677700905
2021-07-23,0.001571644723515334
2021-07-26,0.0010292071577222828
2021-07-27,-0.000521270425692249
2021-07-28,-0.0016121262780095511
2021-07-29,0.002671696273288258
2021-07-30,-0.00019286851850126288
2021-08-02,0.00025171979807250166
2021-08-03,0.0014163287228976791
2021-08-04,-0.002278317810851778
2021-08-05,0.00035777153085301416
2021-08-06,-0.003491800823732303
2021-08-09,0.0005936589212185123
2021-08-10,0.0004945929088392153
2021-08-11,-0.0005655700767446014
2021-08-12,-4.164660810243216e-05
2021-08-13,-0.0016824195557274746
2021-08-16,0.012405238868217877
2021-08-17,0.0006242418451296914
2021-08-18,-0.00370886442184607
2021-08-19,0.001915496223887523
2021-08-20,-0.002406745864110694
2021-08-23,0.002714649232305751
2021-08-24,0.0011378244532083534
2021-08-25,-0.0008131096162034172
2021-08-26,-0.0007681371155842141
2021-08-27,-0.0015802121313766317
2021-08-30,0.002532665888959994
2021-08-31,-0.0006219961700088549
2021-09-01,-0.001692968413684893
2021-09-02,0.0015796990351798473
2021-09-03,-0.002607629902493158
2021-09-07,0.0020460355849979007
2021-09-08,0.0025997974469589053
2021-09-09,-0.0006841263730890291
2021-09-10,0.0009003779262806875
2021-09-13,0.002352617257974974
2021-09-14,-0.0010123722631273666
2021-09-15,0.0023484462495695357
2021-09-16,0.0011612540276229244
2021-09-17,-0.0008950212294149143
2021-09-20,-0.004866679681524596
2021-09-21,-0.0006102620574668821
2021-09-22,0.0012472233546436974
2021-09-23,0.0008950353374319493
2021-09-24,-0.0010268671585163666
2021-09-27,-0.0019057384686804889
2021-09-28,-0.0037201039265744892
2021-09-29,0.003982843449278704
2021-09-30,-0.0030783445141138732
2021-10-01,0.002575874416154807
2021-10-04,-0.002933288974922486
2021-10-05,0.0015512847596722671
2021-10-06,0.002678847345329497
2021-10-07,0.00015119494958707602
2021-10-08,-0.001992202800532078
2021-10-11,-0.0011808653131753358
2021-10-12,0.0017590067218639443
2021-10-13,-0.0035009524116063825
2021-10-14,0.0030422694626145567
2021-10-15,0.005076650639248597
2021-10-18,-0.00013053031561355055
2021-10-19,-0.0007453686068582373
2021-10-20,-9.304477132818328e-05
2021-10-21,0.0015649912143248727
2021-10-22,-0.002238758620275099
2021-10-25,-0.000430699952087157
2021-10-26,0.002871145027043756
2021-10-27,-0.00453865704228434
2021-10-28,-0.0014171551672907984
2021-10-29,0.0060830751056077425
2021-11-01,-0.0016919062276893023
2021-11-02,0.0014812871641177866
2021-11-03,-0.0006979242077936818
2021-11-04,-0.003717622517178387
2021-11-05,0.002803907656162652
2021-11-08,0.001977113361701423
2021-11-09,-0.00019558848861973843
2021-11-10,0.005480968645861884
2021-11-11,0.004181040687008254
2021-11-12,-9.054070372111913e-05
2021-11-15,0.0010201294958064062
2021-11-16,0.003289481980102429
2021-11-17,-0.0013282924113063239
2021-11-18,-0.0015475177292523469
2021-11-19,-0.0007182355329986866
2021-11-22,0.0013213632115989377
2021-11-23,0.00060854462549928
2021-11-24,0.0009469673307634235
2021-11-26,-0.017366437078336662
2021-11-29,0.004635370510677994
2021-11-30,-0.009798544976969118
2021-12-01,-0.0019913565496938613
2021-12-02,0.0027140236287713127
2021-12-03,-0.0025261382751624096
2021-12-06,0.00842804585066173
2021-12-07,0.006215232284578554
2021-12-08,-0.0005463692262752613
2021-12-09,-0.0015168267987216953
2021-12-10,0.0003423177704321343
2021-12-13,-0.001649081179416701
2021-12-14,0.0005034503896291167
2021-12-15,-0.0018232352634972593
2021-12-16,-0.0058615799258120715
2021-12-17,-0.0013182339300719
2021-12-20,-0.0037794327371154734
2021-12-21,0.005512084115820485
2021-12-22,0.0012541173083079314
2021-12-23,9.041554041106093e-05
2021-12-27,0.0011454041484009513
2021-12-28,0.0005127965445562006
2021-12-29,-0.00043671341220103717
2021-12-30,-0.0004707055631616749
2021-12-31,-0.001129720884720392
2022-01-03,0.006786599592798044
2022-01-04,-0.0003023672838043418
2022-01-05,-0.004031424973760453
2022-01-06,-0.002460075761113181
2022-01-07,0.0008744623100185285
2022-01-10,0.0022368645749593886
2022-01-11,-0.00040213687746555273
2022-01-12,-0.002632654472606858
2022-01-13,-0.0018461285488493666
2022-01-14,-0.0006680344037197088
2022-01-18,0.0007330493272188595
2022-01-19,-0.001501252212432592
2022-01-20,-0.0018142003821957527
2022-01-21,-0.004960101814404568
2022-01-24,0.0018195586028663504
2022-01-25,-0.0010764542872927932
2022-01-26,-0.0003036336164282572
2022-01-27,-0.00032712185844945317
2022-01-28,-0.004537956486323398
2022-01-31,-0.004200516719834907
2022-02-01,-0.00019858555727797153
2022-02-02,-0.0018181525181203498
2022-02-03,0.0003197341463411527
2022-02-04,0.0003081865673885642
2022-02-07,0.0012227990225013301
2022-02-08,0.0032953959355236395
2022-02-09,-0.0019419264335891007
2022-02-10,0.003769381558492924
2022-02-11,0.002103384354364501
2022-02-14,0.003558736593332603
2022-02-15,0.0051421086179040225
2022-02-16,6.90140612318206e-05
2022-02-17,0.005286763952898908
2022-02-18,0.0018403689667716144
2022-02-22,0.0027366296845724326
2022-02-23,0.0014020012288376911
2022-02-24,-0.004465633063609419
2022-02-25,-0.004334832471331984
2022-02-28,-0.00039952434529302703
2022-03-01,0.004399395163711939
2022-03-02,0.003992354681558347
2022-03-03,-0.002609305661645052
2022-03-04,-0.0014295344623948781
2022-03-07,0.005595816703881019
2022-03-08,0.010197344471845499
2022-03-09,-0.007082860037829796
2022-03-10,-0.0014361834909563654
2022-03-11,0.001313518309353565
2022-03-14,-9.037108639217514e-05
2022-03-15,-0.006638792423489242
2022-03-16,-0.0016248621672676916
2022-03-17,0.006454554589381278
2022-03-18,-0.0021470542214337665
2022-03-21,0.005895917262382248
2022-03-22,-0.00036574565675304626
2022-03-23,0.0034875881735808557
2022-03-24,-0.0006859121308473137
2022-03-25,0.004168578235465613
2022-03-28,-0.0038611951280413588
2022-03-29,-0.0066039681248917
2022-03-30,0.0004499837348171946
2022-03-31,-0.00011458438125685295
2022-04-01,-0.0005499226981428119
2022-04-04,0.0018798206179005126
2022-04-05,0.003035677772395716
2022-04-06,-0.0002458145608638912
2022-04-07,0.0011233150387779274
2022-04-08,0.002117631623702905
2022-04-11,0.0005973643110192715
2022-04-12,0.0037466688826640897
2022-04-13,-0.0007191696601570541
2022-04-14,0.00389756137061972
2022-04-18,0.009153650185679102
2022-04-19,-0.003772782877981705
2022-04-20,-0.0025528002296126037
2022-04-21,0.002066675939546435
2022-04-22,0.0018553645956043568
2022-04-25,-0.004937558595353236
2022-04-26,0.002761021438709493
2022-04-27,0.0006198847917137808
2022-04-28,0.0008084896611045999
2022-04-29,0.0015925766803834864
2022-05-02,-0.000303432089897735
2022-05-03,-0.0015972245256045843
2022-05-04,-0.0025418228982547436
2022-05-05,0.007014584933112889
2022-05-06,0.0008670813481243744
2022-05-09,-0.0020270250251221006
2022-05-10,-0.002321259557096081
2022-05-11,0.0025002084856321585
2022-05-12,-8.007190451805373e-05
2022-05-13,-0.0006249635185918825
2022-05-16,0.0016827139527803368
2022-05-17,-0.00235067187699942
2022-05-18,0.002600380003250488
2022-05-19,-0.0004971826527147911
2022-05-20,0.0014585354284460978
2022-05-23,-0.002858792007835993
2022-05-24,-0.0009222652028684237
2022-05-25,-0.0013133358487752763
2022-05-26,-0.0004254327809419269
2022-05-27,-0.0016018432628006525
2022-05-31,0.00015742148111148416
2022-06-01,0.0037036586953043582
2022-06-02,-0.0011737479668372465
2022-06-03,0.001090410232571554
2022-06-06,0.0005721814064380814
2022-06-07,-0.0012747520798234416
2022-06-08,0.0012270986086620466
2022-06-09,0.002866970281743639
2022-06-10,0.004000264941797603
2022-06-13,0.009074294361650482
2022-06-14,0.002517586700032765
2022-06-15,-0.003480094815452
2022-06-16,-0.00234291109490089
2022-06-17,0.00017865063367301362
2022-06-21,-0.0008467001309396654
2022-06-22,-0.0027702440231575204
2022-06-23,-0.002166674811421279
2022-06-24,-0.00016697297282514006
2022-06-27,5.660996775225987e-05
2022-06-28,0.0018576413148513342
2022-06-29,0.0005778888997263158
2022-06-30,-0.00016195854718575718
2022-07-01,-0.0013500118501198928
2022-07-05,0.007442876033834618
2022-07-06,0.0050432501857813295
2022-07-07,-0.0006851084232770505
2022-07-08,-6.458426596559086e-05
2022-07-11,0.002190174606299161
2022-07-12,0.003633173289660209
2022-07-13,-0.001054197198010105
2022-07-14,0.003813270653525486
2022-07-15,-0.0026781236062202664
2022-07-18,-0.0039315287664095444
2022-07-19,-0.0023394368958080786
2022-07-20,0.0029662155129924483
2022-07-21,-0.0011953016924391585
2022-07-22,-0.0007980744875560083
2022-07-25,-0.0007538055525468318
2022-07-26,0.003221914553086876
2022-07-27,-0.0020556257225050156
2022-07-28,-0.0010684327793120197
2022-07-29,-0.0023449004733647346
2022-08-01,0.0012182417211480682
2022-08-02,-0.0009079414823690907
2022-08-03,0.001929315281841078
2022-08-04,-0.0016382528705021018
2022-08-05,-0.00013104720833761064
2022-08-08,-0.0005379231421421385
2022-08-09,-0.000887320684692076
2022-08-10,-0.0029038234005664674
2022-08-11,-0.0017374673092493556
2022-08-12,-9.299114119954723e-05
2022-08-15,-0.010937143735963743
2022-08-16,-0.0023270949388741044
2022-08-17,0.0007180183828826905
2022-08-18,-0.0032284687314321817
2022-08-19,0.0007159642229192356
2022-08-22,0.0040851216438172805
2022-08-23,-0.003622176423017724
2022-08-24,-0.0023769570150574304
2022-08-25,-0.0009291545433362953
2022-08-26,0.0033288893556016994
2022-08-29,0.000802372201297352
2022-08-30,0.004516473274328189
2022-08-31,6.078137895652088e-05
2022-09-01,0.00577361287572592
2022-09-02,-0.003539704942845558
2022-09-06,0.004688094774901091
2022-09-07,-0.0024751042493822276
2022-09-08,0.0005732279347804369
2022-09-09,-0.004048728828235566
2022-09-12,-0.0025156052625187795
2022-09-13,0.006860245734298488
2022-09-14,0.00019335393606296483
2022-09-15,0.004614839187859299
2022-09-16,-0.0009050137324455044
2022-09-19,0.00039731384457096405
2022-09-20,0.0029604428278524535
2022-09-21,0.0035767439312461603
2022-09-22,0.00291673745977946
2022-09-23,0.008835044437646045
2022-09-26,0.007759656767601153
2022-09-27,0.0009492285519752084
2022-09-28,-0.012241730565202358
2022-09-29,0.0021228135913409665
2022-09-30,0.002139476116186074
2022-10-03,-0.008194413591814274
2022-10-04,-0.008601301985736325
2022-10-05,0.002292827838482622
2022-10-06,0.002675983938996249
2022-10-07,0.0028924265482335836
2022-10-10,0.004650346583809997
2022-10-11,0.0004125108830175779
2022-10-12,0.001145371947622559
2022-10-13,-0.0034860079783343104
2022-10-14,0.0071057213559898155
2022-10-17,-0.0011399090624966551
2022-10-18,-0.0015406098510856473
2022-10-19,0.0037456131989781305
2022-10-20,0.001378862097869633
2022-10-21,-0.005806493568024392
2022-10-24,-0.00045970802577965887
2022-10-25,-0.004939229209997707
2022-10-26,-0.004266324410023327
2022-10-27,0.0023794213355514842
2022-10-28,0.0013050925251995964
2022-10-31,0.0036862196445836587
2022-11-01,-0.0011893527835919126
2022-11-02,0.0016964767510307527
2022-11-03,0.006054203635625606
2022-11-04,-0.009172896437436058
2022-11-07,-0.00287806419890576
2022-11-08,-0.002836247753342678
2022-11-09,0.0040701347289542585
2022-11-10,-0.013281025433661322
2022-11-11,-0.004948882062999325
2022-11-14,0.0020649908812229675
2022-11-15,-0.002924337575619903
2022-11-16,-0.00048637781031789446
2022-11-17,0.004472551522181197
2022-11-18,0.002400985043415726
2022-11-21,0.0028418877000738387
2022-11-22,-0.003046373933086499
2022-11-23,0.0014501024935656519
2022-11-25,0.00026949217913832996
2022-11-28,0.002041693252511844
2022-11-29,-0.0008950456023352954
2022-11-30,-0.0033990291692371
2022-12-01,-0.0043784194283489125
2022-12-02,0.0013815957907819924
2022-12-05,0.005174142719899078
2022-12-06,0.000876029045548774
2022-12-07,0.00148684932741061
2022-12-08,0.0018545768254717397
2022-12-09,0.0018917035094310442
2022-12-12,-0.0031545122571523527
2022-12-13,-0.00029732346484031625
2022-12-14,-0.00042648379428036925
2022-12-15,0.00016004207608431232
2022-12-16,-0.0010788702215919455
2022-12-19,0.0009657933328388976
2022-12-20,0.0033147142590216603
2022-12-21,-0.005044927973649717
2022-12-22,-0.000948890213226437
2022-12-23,-0.0006558093122006129
2022-12-27,-0.0020146474459695135
2022-12-28,0.0005364274653036474
2022-12-29,0.004488112797276359
2022-12-30,-0.0005146104613095926
2023-01-03,0.003001062403248395
2023-01-04,0.005480497195283045
2023-01-05,-0.0024901762647132155
2023-01-06,0.00802544157328036
2023-01-09,0.0015940177701576728
2023-01-10,-0.00042907920677492554
2023-01-11,0.0010308293623981235
2023-01-12,0.003523991486626016
2023-01-13,-0.0002529049573225393
2023-01-17,-0.0011661353390543057
2023-01-18,0.0018788334901778054
2023-01-19,0.0003911679167538262
2023-01-20,-0.0004301330457311323
2023-01-23,0.0002804302959307629
2023-01-24,0.002244760563343283
2023-01-25,0.0011236762665524605
2023-01-26,-0.0014456746769257749
2023-01-27,0.0008633017904025861
2023-01-30,-0.0005975734084650887
2023-01-31,0.0017196896217168947
2023-02-01,0.006117394704245697
2023-02-02,-0.0010122580027979496
2023-02-03,-0.005426354985115236
2023-02-06,-0.003574452183867588
2023-02-07,-0.001354644407358255
2023-02-08,-0.0012917025821596844
2023-02-09,-0.0015534304764479128
2023-02-10,-0.002642999231912749
2023-02-13,0.0006770738497884312
2023-02-14,0.0007983716437191523
2023-02-15,-0.01169609100301995
2023-02-16,-0.00019566169845330983
2023-02-17,0.0016103242718355831
2023-02-21,-0.007366879992613508
2023-02-22,0.002594484794582886
2023-02-23,-0.0007332301889353708
2023-02-24,-0.0014753684214360077
2023-02-27,0.0028720898596753704
2023-02-28,-0.0013741836676816222
2023-03-01,0.002607431609562264
2023-03-02,-0.0008184564601985945
2023-03-03,-0.0025886411543910863
2023-03-06,0.0012858091619448045
2023-03-07,-0.0021152249178460407
2023-03-08,-0.0003495336433548577
2023-03-09,0.0034285790628176536
2023-03-10,-0.0007791520110691482
2023-03-13,0.0025807241467711638
2023-03-14,0.0023305104832548732
2023-03-15,-0.0015030201327482107
2023-03-16,-0.0027766316642415523
2023-03-17,0.003241087934032884
2023-03-20,-1.2881390972579142e-05
2023-03-21,-0.002869934095239108
2023-03-22,0.0026327957176297684
2023-03-23,-0.0019809893460817508
2023-03-24,-0.001855250926400651
2023-03-27,-0.0048066005926989
2023-03-28,0.0009738600921014289
2023-03-29,-0.0023197164181499295
2023-03-30,0.0003129781966443114
2023-03-31,-0.0011271437949829293
2023-04-03,-0.0005941745150659468
2023-04-04,0.0024694667280353347
2023-04-05,7.112689663196787e-05
2023-04-06,0.0005066473279415909
2023-04-10,-0.003919307232538297
2023-04-11,0.0001664440977857785
2023-04-12,0.0012804133497246464
2023-04-13,0.004407422249065246
2023-04-14,-0.0042095977054153475
2023-04-17,-0.0011915506494498895
2023-04-18,-0.002223556836722068
2023-04-19,-0.00041437053972019524
2023-04-20,0.0031070105484045873
2023-04-21,-0.00191030168069674
2023-04-24,0.0014099781912405983
2023-04-25,0.0002727506140728399
2023-04-26,0.000791227014873338
2023-04-27,0.0004655863056772989
2023-04-28,-0.0007295026149665122
2023-05-01,-0.0013951133241589218
2023-05-02,0.005506163719583005
2023-05-03,0.003482808261878591
2023-05-04,0.0009205415136055408
2023-05-05,-0.0015803313366606205
2023-05-08,-0.0019109351381218882
2023-05-09,-0.0013895337598911755
2023-05-10,0.002001328376628999
2023-05-11,-0.0007201044320343436
2023-05-12,-0.0016326218291758917
2023-05-15,0.0046816677854865305
2023-05-16,-0.0018816387310276004
2023-05-17,-0.0024458399238316084
2023-05-18,-0.0015749693126075933
2023-05-19,0.00030350148105635086
2023-05-22,-0.0010030860013551643
2023-05-23,-0.0030333106546775977
2023-05-24,-0.003454385472595417
2023-05-25,-0.0012823068999989566
2023-05-26,3.081228705784494e-05
2023-05-30,0.006044390716587955
2023-05-31,0.0011499332083737257
2023-06-01,0.0030091619730886754
2023-06-02,-0.0014915496341337776
2023-06-05,-0.0006385512839220293
2023-06-06,0.0017040706582507066
2023-06-07,-0.0029595108050334165
2023-06-08,0.004684800160341804
2023-06-09,-0.00026185974818331817
2023-06-12,0.002443945585931695
2023-06-13,-0.001728738111087747
2023-06-14,0.002511410678849064
2023-06-15,0.005180686702678071
2023-06-16,-0.0003999582344086998
2023-06-20,0.0005269754430564482
2023-06-21,-0.0015575173585523263
2023-06-22,-0.00019043866745788477
2023-06-23,-0.001326034560061051
2023-06-26,0.0011638477341898703
2023-06-27,0.0037865546062850843
2023-06-28,-0.002999142797910613
2023-06-29,0.001742318935078589
2023-06-30,0.0022706457077330574
2023-07-03,0.002261260251668245
2023-07-05,-0.000339261693464991
2023-07-06,-2.2291074086077283e-05
2023-07-07,0.0006492011392167724
2023-07-10,0.00035396765388602715
2023-07-11,0.0008368627417443246
2023-07-12,-0.0005485974282799758
2023-07-13,0.0007763512478096224
2023-07-14,0.0016954908104715232
2023-07-17,0.0014363236334368713
2023-07-18,-0.0036628444771942778
2023-07-19,4.163485678971632e-05
2023-07-20,0.0007782516595965467
2023-07-21,-0.0007961538195747586
2023-07-24,-0.0011011401719692006
2023-07-25,0.0007637927667074742
2023-07-26,3.2416816102684085e-05
2023-07-27,-0.00032204648148227184
2023-07-28,-0.0008604980627830061
2023-07-31,0.0009427659620687966
2023-08-01,0.00299989521258727
2023-08-02,-0.0026630283615403007
2023-08-03,0.001645741229978693
2023-08-04,-0.0039520593305168075
2023-08-07,0.0016753642824756916
2023-08-08,0.0011590348892052363
2023-08-09,-0.00014194634034973125
2023-08-10,5.6279734280294866e-05
2023-08-11,0.002597127611576318
2023-08-14,0.0022455212535531857
2023-08-15,-0.01412213598383097
2023-08-16,-0.0007145165648302304
2023-08-17,0.0020432865774152095
2023-08-18,0.0010063227333208342
2023-08-21,4.5515242929873e-05
2023-08-22,-0.0006273653797958641
2023-08-23,-0.0035269441468039953
2023-08-24,0.000892479048211608
2023-08-25,0.0020575525985836595
2023-08-28,0.0015416253861691676
2023-08-29,0.0006421275482048002
2023-08-30,0.003181467819518347
2023-08-31,-0.0012199049219192989
2023-09-01,0.0011313743731173292
2023-09-05,0.0013538033147750307
2023-09-06,-1.9886566486144373e-05
2023-09-07,-0.0017467308008470162
2023-09-08,-4.648005078858132e-05
2023-09-11,0.0023253638624397294
2023-09-12,-0.00021306240260045786
2023-09-13,0.00030715385347750016
2023-09-14,0.0009731526204905038
2023-09-15,-0.0004152577173096677
2023-09-18,1.0777632083126047e-05
2023-09-19,0.00014794531596336197
2023-09-20,-0.0043498490571863765
2023-09-21,0.0015774734045550444
2023-09-22,-0.0011618040443184864
2023-09-25,0.001096295019645282
2023-09-26,-0.0006320004136128206
2023-09-27,0.007926090637469801
2023-09-28,-0.001956932361801358
2023-09-29,0.0003348903942182564
2023-10-02,0.004059665652745052
2023-10-03,0.005054780805776943
2023-10-04,-0.006570837686248137
2023-10-05,-0.0031758946595125607
2023-10-06,-0.003151439911004294
2023-10-09,-0.0012837097309710195
2023-10-10,-0.002737770742061354
2023-10-11,-0.0046861464429137365
2023-10-12,0.004412177631893507
2023-10-13,-0.0009425868721557961
2023-10-16,0.0039058929558556475
2023-10-17,0.001391477352263349
2023-10-18,0.0020305321200387743
2023-10-19,0.0012269249515013088
2023-10-20,-0.0005706371644387891
2023-10-23,-0.0051400235283115565
2023-10-24,-0.0003179292603619212
2023-10-25,0.004586710188622777
2023-10-26,-0.0016532105178927014
2023-10-27,0.0009541576578499389
2023-10-30,-0.005596901841832677
2023-10-31,3.11377946813087e-05
2023-11-01,-0.0012268994424091387
2023-11-02,-0.006641264391158498
2023-11-03,-0.007267138304523177
2023-11-06,0.0026417300285879286
2023-11-07,-0.00214492390245334
2023-11-08,-0.0027565836954457352
2023-11-09,0.005168310968966297
2023-11-10,-0.003697897766246566
2023-11-13,0.0011522206414847993
2023-11-14,-0.009782220947708998
2023-11-15,0.0016495905683984215
2023-11-16,-0.0029773033976040753
2023-11-17,0.0013807593083851408
2023-11-20,-0.00108508575159477
2023-11-21,0.0037376516935532654
2023-11-22,-0.0005137904067285504
2023-11-23,0.0003789329004146389
2023-11-24,-0.0008252603135314561
2023-11-27,0.00011641485893135548
2023-11-28,-4.3455924997828155e-06
2023-11-29,-0.0015079367170108037
2023-11-30,0.00023519936103528352
2023-12-01,0.002131346857491488
2023-12-04,-0.002972146871017704
2023-12-05,-0.0016634469567619887
2023-12-06,0.0010931199692681345
2023-12-07,0.001438280107340808
2023-12-08,-0.0021516060719617017
2023-12-11,-0.0007472264353123358
2023-12-12,0.002647222575784866
2023-12-13,0.000532047671039574
2023-12-14,0.0030811261170560537
2023-12-15,-0.005540479561867248
2023-12-18,0.003224869060839552
2023-12-19,0.002303730302420726
2023-12-20,-0.004212687473637214
2023-12-21,0.002742851273287998
2023-12-22,0.0012346489298126868
2023-12-26,0.0012560398029616124
2023-12-27,0.004243508685213666
2023-12-28,0.00019030517260957303
2023-12-29,-0.001116780215089666
2024-01-02,-0.0012609917307556515
2024-01-03,-0.004467845920827175
2024-01-04,-0.0023748056423188485
2024-01-05,-0.001900788091406175
2024-01-08,0.0032466460966176203
2024-01-09,-0.002809933973149076
2024-01-10,0.001690504859321729
2024-01-11,-0.00019043647678681198
2024-01-12,0.002368473287329888
2024-01-16,-0.0040998683919927625
2024-01-17,-0.003275365716052183
2024-01-18,0.0006340682229301183
2024-01-19,0.003038528497091495
2024-01-22,-0.0006935845819768609
2024-01-23,-0.001405513751302743
2024-01-24,-0.0008505050637882132
2024-01-25,-0.0009586479157579658
2024-01-26,-0.0010297772152805262
2024-01-29,0.0023306384215606756
2024-01-30,5.40283269938369e-05
2024-01-31,0.0006804080748211297
2024-02-01,0.005494921039388528
2024-02-02,-0.0021125890191072854
2024-02-05,-0.0037631458522094405
2024-02-06,0.0021652890098427247
2024-02-07,0.001255505510702641
2024-02-08,-0.0024979896278464185
2024-02-09,-0.0005405768097415229
2024-02-12,-0.0005300406905360708
2024-02-13,-0.007486585709338124
2024-02-14,0.004225926503952535
2024-02-15,0.009878058306527862
2024-02-16,-0.001673138641622316
2024-02-20,0.0024027002617313703
2024-02-21,-0.00025274453308512997
2024-02-22,0.0033290495393632643
2024-02-23,0.0034638157604927854
2024-02-26,-0.0028012838502468594
2024-02-27,-0.0006332113763938219
2024-02-28,0.0003004999177746771
2024-02-29,0.002800114017003868
2024-03-01,0.006325655414334587
2024-03-04,-0.0013258249539446912
2024-03-05,-0.0004570642744631543
2024-03-06,0.001643161644618133
2024-03-07,0.0005493738400122113
2024-03-08,-0.000148638208363486
2024-03-11,-0.0006289121584101129
2024-03-12,0.0004804688778701942
2024-03-13,0.0009509145392494759
2024-03-14,8.85079835897476e-05
2024-03-15,-0.0013492592993473807
2024-03-18,0.003918504703810801
2024-03-19,0.0015007539399494142
2024-03-20,0.00029574306772227826
2024-03-21,0.002602230361135744
2024-03-22,-0.00012850051777340025
2024-03-25,0.0006543338396956321
2024-03-26,-0.0005644813675060588
2024-03-27,0.001954454272018614
2024-03-28,0.004666869773820194
2024-04-01,0.005091636306877048
2024-04-02,0.0012366311355087496
2024-04-03,0.0009334958821960128
2024-04-04,-0.002413723090118673
2024-04-05,0.006199245046555898
2024-04-08,0.0005685246960162534
2024-04-09,-0.000364544883199115
2024-04-10,0.006020465846533064
2024-04-11,0.002108550354458046
2024-04-12,-0.0007669862694809276
2024-04-15,0.0029514931985777037
2024-04-16,0.0016541080988886172
2024-04-17,-0.0062938604922345666
2024-04-18,0.002121010199312491
2024-04-19,0.0002078420331882411
2024-04-22,-0.002835486157618047
2024-04-23,0.000983461352549876
2024-04-24,-7.56069510826775e-05
2024-04-25,-0.0010863307303646118
2024-04-26,0.001510634320723455
2024-04-29,-0.0015367687739547286
2024-04-30,-0.003646583114672012
2024-05-01,-0.006351640770865394
2024-05-02,0.0004984428815377633
2024-05-03,-0.00174570270135612
2024-05-06,0.0026886052983625393
2024-05-07,0.0003007238320949061
2024-05-08,0.0010640923689998634
2024-05-09,0.00017203528861745458
2024-05-10,0.0021030184403332095
2024-05-13,-0.002054067716173514
2024-05-14,-0.0008819477357711773
2024-05-15,0.004310787147184212
2024-05-16,0.00104733792513346
2024-05-17,0.0022376395242211552
2024-05-20,0.0017553461452003716
2024-05-21,-0.0010594380636380551
2024-05-22,-0.0029770285463424167
2024-05-23,-0.00387913160098856
2024-05-24,0.00024347340841758685
2024-05-28,0.003939222337345205
2024-05-29,-0.002676494303676272
2024-05-30,-0.002233669437543439
2024-05-31,-0.0011889573845109455
2024-06-03,-0.002348090269048188
2024-06-04,-0.0041608121253147
2024-06-05,0.002812295387677058
2024-06-06,0.0027636234664781575
2024-06-07,-0.0034943829511950666
2024-06-10,0.0020260106803044477
2024-06-11,-0.0014174750882473797
2024-06-12,0.0032490252402260036
2024-06-13,-0.004636044355583141
2024-06-14,-0.000671596213300106
2024-06-17,0.007530854421286401
2024-06-18,0.0010258006974544652
2024-06-20,-0.002176059753682695
2024-06-21,-0.002710674277105559
2024-06-24,0.0018262397443867932
2024-06-25,-0.0025432510887993184
2024-06-26,-0.0020708986192745156
2024-06-27,0.0027780915941010803
2024-06-28,-0.0014104253782174106
2024-07-01,-0.000680152347820479
2024-07-02,0.0006827843645530399
2024-07-03,0.004116855195202725
2024-07-05,0.001422059279673161
2024-07-08,-0.00200673594861954
2024-07-09,-0.000898957877858183
2024-07-10,0.0018842448496486353
2024-07-11,0.0014825853899182817
2024-07-12,-0.0005064314430127461
2024-07-15,-8.153951643014164e-05
2024-07-16,-5.461633061185078e-06
2024-07-17,-0.0016357504021938922
2024-07-18,-0.0006464303053176824
2024-07-19,-0.006418081300008475
2024-07-22,-3.289295490254145e-05
2024-07-23,-0.0022548787113800075
2024-07-24,-0.0028374987186946046
2024-07-25,-0.0026149743322821215
2024-07-26,0.0028667499985625365
2024-07-29,0.0016796172031385062
2024-07-30,0.001597672402122165
2024-07-31,0.0004901306019174232
2024-08-01,-2.246021289552417e-05
2024-08-02,0.007882428683766471
2024-08-05,-0.003162886200551646
2024-08-06,-0.0019301945957880661
2024-08-07,-0.004083636007822151
2024-08-08,0.003736529892155326
2024-08-09,0.001443495175859481
2024-08-12,-0.0009855545064336036
2024-08-13,0.007669208570226954
2024-08-14,0.0014099613817392137
2024-08-15,0.012831313673301863
2024-08-16,0.006977926406477884
2024-08-19,0.002927415991926472
2024-08-20,0.0043163916660490425
2024-08-21,0.004988091494894553
2024-08-22,-0.011026744448307315
2024-08-23,0.0033420527740356584
2024-08-26,-0.0034357146890630886
2024-08-27,0.00046917187089473653
2024-08-28,-0.0021423565373869242
2024-08-29,-0.002164381819405362
2024-08-30,0.00013572031223290488
2024-09-03,0.0001543762466233382
2024-09-04,0.004101315454456283
2024-09-05,0.0025340119318619718
2024-09-06,0.00015980004824131373
2024-09-09,0.0004460515705325553
2024-09-10,0.004006081105077971
2024-09-11,-0.0020525336915184025
2024-09-12,0.002535468405364381
2024-09-13,0.003323179786333314
2024-09-16,-0.00024781567061439596
2024-09-17,-0.0026649905610441078
2024-09-18,-6.280328010745699e-05
2024-09-19,0.0014786382572114863
2024-09-20,0.0022204259050259472
2024-09-23,0.0015135250717919046
2024-09-24,0.0019595329683568456
2024-09-25,-0.00031595307980362655
2024-09-26,0.003542167643690721
2024-09-27,-0.001185061566823807
2024-09-30,-0.002128208001779646
2024-10-01,-0.0021419606438303975
2024-10-02,-0.0032523008644651185
2024-10-03,-0.0037866976336056544
2024-10-04,-0.00421879836036503
2024-10-07,-0.003864668688130533
2024-10-08,0.001971501941028034
2024-10-09,-0.001045395640901479
2024-10-10,-0.002126393400084952
2024-10-11,0.003413704682325552
2024-10-14,-0.00036576133587458757
2024-10-15,0.008183680399704407
2024-10-16,-0.0010485851692349389
2024-10-17,-0.0015878579034868231
2024-10-18,0.003846586615233753
2024-10-21,-0.004389974959772351
2024-10-22,-0.0015043425846133854
2024-10-23,-0.003357847461724834
2024-10-24,0.004163219736541046
2024-10-25,-0.0026217296857941573
2024-10-28,0.0013213173489470735
2024-10-29,0.00020481200878667114
2024-10-30,-0.0029581410536894466
2024-10-31,-0.005403499375566268
2024-11-01,-7.111840189919209e-05
2024-11-04,-0.0014675731003740311
2024-11-05,0.001332279843690997
2024-11-06,0.0028095851294180087
2024-11-07,0.002869548326717183
2024-11-08,0.003745945308105847
2024-11-11,-0.0021225709670229065
2024-11-12,-0.001568993034833996
2024-11-13,0.000572251134501896
2024-11-14,0.0004234870536117161
2024-11-15,-0.000181039516519203
2024-11-18,0.00031992307247276824
2024-11-19,0.0009716542440825638
2024-11-20,0.0017435083877527409
2024-11-21,0.0019670756232196395
2024-11-22,0.0023997746843349896
2024-11-25,-0.00805204626664475
2024-11-26,0.0016173422380838225
2024-11-27,-0.002460480103850963
2024-11-29,0.001412535724704965
2024-12-02,0.0004040118897744079
2024-12-03,-0.0006431840061939021
2024-12-04,0.0015103873702224178
2024-12-05,-0.0028997098367144537
2024-12-06,0.0009441803890540542
2024-12-09,0.000787835528244497
2024-12-10,0.001922141580009407
2024-12-11,0.0034325956499991453
2024-12-12,-0.0008983327796512256
2024-12-13,-0.0010472097911026896
2024-12-16,0.0007551435448261147
2024-12-17,-0.0012068426489279637
2024-12-18,0.0008079493227471567
2024-12-19,4.339057217883168e-05
2024-12-20,-0.00011132705680077
2024-12-23,0.005453006054643284
2024-12-24,0.0014863181986458816
2024-12-26,-0.00012062992336820065
2024-12-27,-0.0013416996614137686
2024-12-30,-0.0043198497946296335
2024-12-31,0.0023125651724503226
2025-01-02,0.0038326825951501085
2025-01-03,0.0005426722122218497
2025-01-06,-0.002345820256556436
2025-01-07,0.0013270923391487382
2025-01-08,0.0011317782725347141
2025-01-09,0.002646266577956656
2025-01-10,0.005331182310805208
2025-01-13,0.0011851481726206502
2025-01-14,-0.0038441733001122196
2025-01-15,0.002764291740976601
2025-01-16,-2.4637487382848006e-05
2025-01-17,0.0024749755032579496
2025-01-21,-0.0036879044020873774
2025-01-22,0.0010324766343227211
2025-01-23,-0.0002641980880760063
2025-01-24,-0.001850540698901214
2025-01-27,-0.0067923574537992115
2025-01-28,0.003193571428678
2025-01-29,-0.0008708173989927762
2025-01-30,0.0010900500760391816
2025-01-31,0.0011968856631250893
2025-02-03,0.0016895041667213916
2025-02-04,-0.002255094268587446
2025-02-05,-0.00402300409454252
2025-02-06,0.0003747923098341896
2025-02-07,0.0011244665787190431
2025-02-10,0.0036260977621357265
2025-02-11,-0.00022146755920773113
2025-02-12,0.00011321302074905687
2025-02-13,-0.001301209619683077
2025-02-14,-0.004122460391888647
2025-02-18,0.009447815022698406
2025-02-19,-0.0035626856731886323
2025-02-20,-0.002859412142504567
2025-02-21,-0.0057866763533529104
2025-02-24,-0.0009488317137843439
2025-02-25,-0.007266607309202688
2025-02-26,0.003446615215157706
2025-02-27,-0.005015815252458206
2025-02-28,0.0005549922826985354
2025-03-03,-0.002456053617162734
2025-03-04,-0.0026838556769008897
2025-03-05,-0.004657781029839721
2025-03-06,0.004033842885537268
2025-03-07,-0.0008862660065068286
2025-03-10,0.004836515927630966
2025-03-11,-0.0033997473242895495
2025-03-12,0.0021781520883067625
2025-03-13,0.002552162577052625
2025-03-14,-0.0016283184260516186
2025-03-17,0.0003885896511144008
2025-03-18,0.0011237550068661914
2025-03-19,-0.0012760360880488826
2025-03-20,0.0032002714269986406
2025-03-21,0.0008690323307191
2025-03-24,-0.0047877511125483
2025-03-25,0.0016366500372349518
2025-03-26,0.002807967211358006
2025-03-27,0.0006934660592646828
2025-03-28,0.004004296634428105
2025-03-31,-0.0006394939113719889
2025-04-01,0.0005430310645254177
2025-04-02,5.997800964134344e-05
2025-04-03,0.013840101521923076
2025-04-04,0.007141797775090844
2025-04-07,-0.00325375261082894
2025-04-08,0.002014035877320759
2025-04-09,-0.01248932811479018
2025-04-10,0.013791005039594363
2025-04-11,-0.0025869036664561223
2025-04-14,0.001963056061923142
2025-04-15,0.0034998611131002878
2025-04-16,0.008557762616303135
2025-04-17,-0.003759822782208953
2025-04-21,0.008709539365486942
2025-04-22,-0.004471825394639258
2025-04-23,-0.005273382312730395
2025-04-24,0.0016180747450414482
2025-04-25,-0.000792293774009433
2025-04-28,0.003968349223422469
2025-04-29,0.0005701253963296667
2025-04-30,0.00045690514670012955
2025-05-01,-0.005519599448925101
2025-05-02,-0.00029569813516287774
2025-05-05,0.0030581801983581244
2025-05-06,0.002423301671385522
2025-05-07,-0.0005658576206977454
2025-05-08,-0.007879152357718262
2025-05-09,0.0005525077207213364
2025-05-12,-0.009310888514920944
2025-05-13,-0.0001508102649999567
2025-05-14,-0.0014882207701587449
2025-05-15,0.010738791372093583
2025-05-16,-0.0022999588332397007
2025-05-19,0.0009229502373537765
2025-05-20,0.002642516809113815
2025-05-21,0.0010807060664779408
2025-05-22,-0.0006679610606083651
2025-05-23,0.002933388561207851
2025-05-27,-0.0005327625086098482
2025-05-28,-0.0003694364171177751
2025-05-29,0.0019265960236466032
2025-05-30,0.00032899208354957157
2025-06-02,0.0008356156268162516
2025-06-03,-0.0021329506374355416
2025-06-04,0.0012898437900593276
2025-06-05,-0.00021418996326539553
2025-06-06,-0.0002488755377155328
2025-06-09,0.00023196144591723918
2025-06-10,0.000442519083767172
2025-06-11,-0.0013229668483503406
2025-06-12,0.002794913962154628
2025-06-13,-0.0034438948664788295
2025-06-16,0.006577093027879591
2025-06-17,-0.004155940567304576
2025-06-18,9.739163043519694e-05
2025-06-20,0.0009881288067692066
2025-06-23,0.005668869419501256
2025-06-24,0.0021740790298707216
2025-06-25,0.000625114011936017
2025-06-26,0.0007616332112851676
2025-06-27,-0.0013276855376522746
2025-06-30,0.0008242144787597201
2025-07-01,-0.0005967769680241861
2025-07-02,-0.0005840643251610425
2025-07-03,-0.0021514445385163268
2025-07-04,0.0005500395249647209
2025-07-07,-0.003223106236802584
2025-07-08,-0.0009693151285941579
2025-07-09,0.0014066457371432106
2025-07-10,0.0009174109783399669
2025-07-11,-0.001993585441758355
2025-07-14,0.0008099352414404651
2025-07-15,-0.0022317230337555653
2025-07-16,0.0005644668006615886
2025-07-17,-0.0006158875251630361
2025-07-18,0.0017600886337877746
2025-07-21,0.0035286104244279175
2025-07-22,0.0027478896320535778
2025-07-23,-6.473428459526434e-05
2025-07-24,-0.0015233212977936658
2025-07-25,0.000281398122679919
2025-07-28,-0.002970978727645918
2025-07-29,-0.0042353134225223375
2025-07-30,-0.001492311229872666
2025-07-31,-0.0008813719434926921
2025-08-01,-0.004018255821017343
2025-08-04,0.0026264705066670105
2025-08-05,-0.0005953483722868076
2025-08-06,0.0022516297360941147
2025-08-07,-0.00039254444869954767
2025-08-08,0.0032911344012774573
2025-08-11,-0.0025677877717917943
2025-08-12,0.002049956256148932
2025-08-13,-4.902027901778689e-05
2025-08-14,0.0002526078549777194
2025-08-15,-0.014009659346180696
2025-08-18,7.653785279626552e-05
2025-08-19,-0.0030184866016318775
2025-08-20,0.0007489612355569965
2025-08-21,-0.0005068727278716305
2025-08-22,0.004800171800533766
2025-08-25,-0.0009856521867584052
2025-08-26,0.002865612469976892
2025-08-27,0.0021781175538206216
2025-08-28,0.0033410571794327292
2025-08-29,0.00042731637374715477
2025-09-02,0.00031275144314880476
2025-09-03,0.0013943353390483589
2025-09-04,0.001660598383651614
2025-09-05,0.003435335337620449
2025-09-08,0.0019108278720869145
2025-09-09,6.571085472725953e-05
2025-09-10,0.0023639219721342344
2025-09-11,0.0021608987265809617
2025-09-12,-0.0012536409388816787
2025-09-15,0.0028602029533091856
2025-09-16,0.0036936733622852584
2025-09-17,-0.002638062780865574
2025-09-18,-0.002033849253139854
2025-09-19,-0.00048282419899543127
2025-09-22,0.00479593948640441
2025-09-23,0.0008849534291433351
2025-09-24,-0.0026231365582765113
2025-09-25,-0.0036262817133189307
2025-09-26,0.002837211177695951
2025-09-29,-3.505207918101731e-05
2025-09-30,0.000461396531822416
2025-10-01,0.0026764381838171075
2025-10-02,-0.0016814321148279938
2025-10-03,0.00036866812448240637
2025-10-06,0.003509316162243731
2025-10-07,0.0023136140369251724
2025-10-08,0.004591668485107839
2025-10-09,-0.0032570575657116553
2025-10-10,-0.005384965779487408
2025-10-13,0.006583097675230252
2025-10-14,-0.00022263649831428083
2025-10-15,0.006291671425747884
2025-10-16,0.0016425914369734799
2025-10-17,-0.001631145425286128
2025-10-20,0.006689346568691453
2025-10-21,-0.0051781486985081225
2025-10-22,-0.0008065864401546981
2025-10-23,0.006160572183062149
2025-10-24,0.000531230542519497
2025-10-27,-0.0013501167522689506
2025-10-28,0.0013786565713358324
2025-10-29,-0.003409832254383028
2025-10-30,-0.0025584426082092106
2025-10-31,-0.001832461493305403
2025-11-03,0.0008396227412714058
2025-11-04,-0.0028997180459502925
2025-11-05,0.000585016218318511
2025-11-06,0.00229102399965699
2025-11-07,0.0005241275985303821
2025-11-10,0.001669042738033071
2025-11-11,0.0012226835175247446
2025-11-12,0.005458784842215337
2025-11-13,-0.0013876380934914935
2025-11-14,-0.004875752678618763
2025-11-17,-0.002024780793116602
2025-11-18,-0.0009182186377072677
2025-11-19,-0.000216228432666953
2025-11-20,-0.0019062031784007037
2025-11-21,0.0048485842128969964
2025-11-24,0.002362117023494498
2025-11-25,0.005340167219196244
2025-11-26,-0.0008326198769837891
2025-11-28,0.000711123118993397
2025-12-01,-0.002940201656750494
2025-12-02,-0.0001508699833444386
2025-12-03,-0.0001566661885270594
2025-12-04,-0.001730392090991157
2025-12-05,-0.0010675842967667031
2025-12-08,-0.0009303338535298785
2025-12-09,0.00042152017455872873
2025-12-10,-0.0002865425432297683
2025-12-11,0.001577297389786207
2025-12-12,-0.0020362624415397627
2025-12-15,0.00015753039255664956
2025-12-16,0.0013056263567188663
2025-12-17,-0.00019899830978160662
2025-12-18,0.0015909159851131907
2025-12-19,-0.0009635895069443318
2025-12-22,-0.0002517569046082101
2025-12-23,-0.0005654301633234876
2025-12-24,0.00029062962170817467
2025-12-26,0.002477578748704761
2025-12-29,-0.006038310715521061
2025-12-30,-0.00030387290994714965
2025-12-31,-0.00028901623707999416
2026-01-02,0.0010485309543706673
2026-01-05,-0.0003476273347965543
2026-01-06,0.0022468363071757157
2026-01-07,-0.0004718281087022162
2026-01-08,-0.0024426692484610744
2026-01-09,-0.00017389453311196694
2026-01-12,0.003519436347228196
2026-01-13,-0.0036892683161765367
2026-01-14,-0.0034030813539425928
2026-01-15,0.0011670257168785107
2026-01-16,0.001196581177193538
2026-01-20,0.003904650299061735
2026-01-21,0.0005190757398714379
2026-01-22,0.004401661831255176
2026-01-23,0.0010448059890481095
2026-01-26,0.004076384119721341
2026-01-27,0.0011606900593577386
2026-01-28,0.0025977708521576237
2026-01-29,0.0016303513245258404
2026-01-30,-0.010225028154540664
2026-02-02,-0.00532647895193221
2026-02-03,0.0038854647192335446
2026-02-04,0.0017156594522993735
2026-02-05,-0.00633813520295706
2026-02-06,0.0048949758886935235
2026-02-09,0.005668735967586459
2026-02-10,-0.003190642042272379
2026-02-11,0.0015696078015201165
2026-02-12,-0.007767399279280547
2026-02-13,-0.0003567111150511685
2026-02-17,0.0050639633543099714
2026-02-18,0.0037075956768185744
2026-02-19,0.0009695073503779377
2026-02-20,0.002593094781381983
2026-02-23,-0.0017168171967882485
2026-02-24,0.0023895465576980243
2026-02-25,0.0032117968797409466
2026-02-26,-0.003252986110039628
2026-02-27,0.00033178290361653124
2026-03-02,0.003875840822284555
2026-03-03,-0.002819469215645422
2026-03-04,0.0022509176233226173
2026-03-05,0.0035598060305338085
2026-03-06,0.00941805430816328
2026-03-09,-0.0007197570820996228
2026-03-10,-0.0024931666258522145
2026-03-11,0.0015600277335427726
2026-03-12,0.006755176637282538
2026-03-13,-0.001183119030645432
2026-03-16,-0.005162563944365517
2026-03-17,0.002567266657330824
2026-03-18,0.0014686736242107664
2026-03-19,0.0004702060918402373
2026-03-20,0.002155977765184912
2026-03-23,-0.006676379178328264
2026-03-24,0.004113392867002664
2026-03-25,-0.0031709523679336383
2026-03-26,0.005523716544912648
2026-03-27,0.006076135283681749
2026-03-30,-0.0014804014067968897
2026-03-31,-0.006028634679106762
2026-04-01,-5.16008798800771e-05
2026-04-02,0.0019598945916165216
2026-04-06,0.0003937411448285435
2026-04-07,-0.00044072667960863636
2026-04-08,-0.009898764115083976
2026-04-09,0.00014552258671828976
2026-04-10,-0.0005889391370914812
2026-04-13,-0.0008618359153360727
2026-04-14,-0.006003403556006221
2026-04-15,-0.0005102023814823374
2026-04-16,0.0052417956296097745
2026-04-17,-0.006295002005009296
2026-04-20,0.0027585409987487754
2026-04-21,0.00397521259669276
2026-04-22,-0.00030927544060897245
2026-04-23,0.002935556587704821
2026-04-24,-0.0036855311059111506
2026-04-27,0.0006771723602307504
2026-04-28,0.0013517262415866191
2026-04-29,0.005052890579579156
2026-04-30,-0.004912106586325846
2026-05-01,-0.0013586665730198969
2026-05-04,0.00048811756261298267
2026-05-05,0.0010559986832866354
2026-05-06,-0.0025410776915415012
2026-05-07,0.0004368062348197993
2026-05-08,-0.0009180761465050925
2026-05-11,0.002053076361175917
2026-05-12,0.0024202400599205513
2026-05-13,0.0009755868246426658
2026-05-14,0.0009444515032877672
2026-05-15,0.01571287753991858
2026-05-18,0.00029157148041788084
2026-05-19,0.0006626877556201918
2026-05-20,-0.00471283366710064
2026-05-21,-0.001729673467265122
2026-05-22,0.0013279826007998087
2026-05-26,-0.0014949579747444064
2026-05-27,0.0010592097008279718
2026-05-28,-0.0015134175153715052
2026-05-29,-0.002675470280757234
2026-06-01,0.0028665117094462855
2026-06-02,0.0009010070406916394
2026-06-03,0.0021486213181953076
2026-06-04,-0.0022400229327065413
2026-06-05,0.0005185969232372254
2026-06-08,0.00013993205806511768
2026-06-09,-0.001688910473567252
2026-06-10,0.00028757908960141287
2026-06-11,-0.0006010513461543351
2026-06-12,-0.001945804226346523
2026-06-15,0.0032216261524254286
2026-06-16,-0.0041451622016613525
2026-06-17,0.0010742652977700148
2026-06-18,0.004971681834343101
2026-06-22,0.0034664336461380026
2026-06-23,-0.0010303096552866453
2026-06-24,-0.0005309440069622109
2026-06-25,-0.0017671682981802526
2026-06-26,-0.002443876118574708
2026-06-29,0.0022510407270926146
2026-06-30,-6.361631974104208e-05
2026-07-01,-0.0009430360879003646
2026-07-02,-0.0020872355135658125
2026-07-06,3.270880390052023e-05
2026-07-07,-0.0014219508292196736
2026-07-08,-0.000925708901150788
2026-07-09,0.0011751376633728943
2026-07-10,0.0011537385085847853
2026-07-13,-0.0027505712730568703
2026-07-14,-0.000634197555552442
2026-07-15,0.0006461748888981705
2026-07-16,0.004505056604891591
2026-07-17,-0.010222481952250497
