timestamp,ret
1996-01-02 14:30:00+00:00,0.011970683902974056
1996-01-03 14:30:00+00:00,0.0031778440135206035
1996-01-04 14:30:00+00:00,-0.003444188416808835
1996-01-05 14:30:00+00:00,0.0015102681115284234
1996-01-08 14:30:00+00:00,0.003103971616714929
1996-01-09 14:30:00+00:00,-0.013100040394968825
1996-01-10 14:30:00+00:00,-0.018484352144553805
1996-01-11 14:30:00+00:00,0.006137936532849097
1996-01-12 14:30:00+00:00,-0.0010237805836049829
1996-01-15 14:30:00+00:00,-0.0033843485709108665
1996-01-16 14:30:00+00:00,0.008646875821913359
1996-01-17 14:30:00+00:00,-0.003933752826043924
1996-01-18 14:30:00+00:00,0.01145395878030996
1996-01-19 14:30:00+00:00,0.011604095494915468
1996-01-22 14:30:00+00:00,0.006720961281105431
1996-01-23 14:30:00+00:00,-0.005355124768637765
1996-01-24 14:30:00+00:00,0.009359496810952484
1996-01-25 14:30:00+00:00,-0.005338016052771633
1996-01-26 14:30:00+00:00,0.010917815903269224
1996-01-29 14:30:00+00:00,0.00627023916741164
1996-01-30 14:30:00+00:00,0.014055380015244524
1996-01-31 14:30:00+00:00,0.0029861748698070015
1996-02-01 14:30:00+00:00,0.0017832891126647766
1996-02-02 14:30:00+00:00,-0.005450768752204527
1996-02-05 14:30:00+00:00,0.006281560737144465
1996-02-06 14:30:00+00:00,0.009517901598814927
1996-02-07 14:30:00+00:00,0.006114488413988528
1996-02-08 14:30:00+00:00,0.009183081955452355
1996-02-09 14:30:00+00:00,0.00028272717528653467
1996-02-12 14:30:00+00:00,0.010520269563192953
1996-02-13 14:30:00+00:00,0.0012640379503885302
1996-02-14 14:30:00+00:00,-0.0035916848471656657
1996-02-15 14:30:00+00:00,-0.004891950664345568
1996-02-16 14:30:00+00:00,-0.008885913902757624
1996-02-20 14:30:00+00:00,-0.008036899532200669
1996-02-21 14:30:00+00:00,0.011095496451504195
1996-02-22 14:30:00+00:00,0.016601299869244846
1996-02-23 14:30:00+00:00,0.0038208762369618013
1996-02-26 14:30:00+00:00,-0.011469490485103827
1996-02-27 14:30:00+00:00,-0.002758166617990676
1996-02-28 14:30:00+00:00,-0.00759663744442608
1996-02-29 14:30:00+00:00,-0.0038376189377422707
1996-03-01 14:30:00+00:00,0.008711607004160394
1996-03-04 14:30:00+00:00,0.011648577046109877
1996-03-05 14:30:00+00:00,0.007313097940542679
1996-03-06 14:30:00+00:00,-0.002532883931735574
1996-03-07 14:30:00+00:00,0.001976366146758435
1996-03-08 14:30:00+00:00,-0.029576971838544363
1996-03-11 14:30:00+00:00,0.020043342700655654
1996-03-12 14:30:00+00:00,0.0004895493324958867
1996-03-13 14:30:00+00:00,-0.002425452821642204
1996-03-14 14:30:00+00:00,0.002945368307285079
1996-03-15 14:30:00+00:00,-0.0003559228707204042
1996-03-18 14:30:00+00:00,0.017426880949662705
1996-03-19 14:30:00+00:00,-0.002579120942562529
1996-03-20 14:30:00+00:00,-0.0024602673005732598
1996-03-21 14:30:00+00:00,-0.004579726765693637
1996-03-22 14:30:00+00:00,0.0013818563901488612
1996-03-25 14:30:00+00:00,0.0008683529072193053
1996-03-26 14:30:00+00:00,0.004826684257991143
1996-03-27 14:30:00+00:00,-0.007809980265020011
1996-03-28 14:30:00+00:00,0.00099337424755096
1996-03-29 14:30:00+00:00,-0.008311695677019847
1996-04-01 14:30:00+00:00,0.008689341933429729
1996-04-02 14:30:00+00:00,0.005980866007615926
1996-04-03 14:30:00+00:00,0.0030807109757686637
1996-04-04 14:30:00+00:00,-0.00129871210536171
1996-04-08 13:30:00+00:00,-0.01517399021028799
1996-04-09 13:30:00+00:00,-0.006300057336021803
1996-04-10 13:30:00+00:00,-0.01328867965295345
1996-04-11 13:30:00+00:00,-0.0003605768026328059
1996-04-12 13:30:00+00:00,0.008135219267862748
1996-04-15 13:30:00+00:00,0.010218313378878453
1996-04-16 13:30:00+00:00,0.004623241099425346
1996-04-17 13:30:00+00:00,-0.012321891695699316
1996-04-18 13:30:00+00:00,0.0006102689041105225
1996-04-19 13:30:00+00:00,-0.0029677310507352337
1996-04-22 13:30:00+00:00,0.005055167453421372
1996-04-23 13:30:00+00:00,0.0041209027118205175
1996-04-24 13:30:00+00:00,-0.006629049913709617
1996-04-25 13:30:00+00:00,0.00217037646614936
1996-04-26 13:30:00+00:00,9.585982330871942e-05
1996-04-29 13:30:00+00:00,0.0009435481162154314
1996-04-30 13:30:00+00:00,-0.0010005973059867945
1996-05-01 13:30:00+00:00,0.0012686538281920679
1996-05-02 13:30:00+00:00,-0.013774765533904342
1996-05-03 13:30:00+00:00,-0.0032608467984453046
1996-05-06 13:30:00+00:00,-0.0028721400504151504
1996-05-07 13:30:00+00:00,-0.008105928676110718
1996-05-08 13:30:00+00:00,0.010377591411340415
1996-05-09 13:30:00+00:00,0.0006933633447034793
1996-05-10 13:30:00+00:00,0.0074850049888208646
1996-05-13 13:30:00+00:00,0.011882252815417427
1996-05-14 13:30:00+00:00,0.008378837836295217
1996-05-15 13:30:00+00:00,0.00035173115414010035
1996-05-16 13:30:00+00:00,0.002203357607711165
1996-05-17 13:30:00+00:00,0.009073532968559162
1996-05-20 13:30:00+00:00,0.010557084284094732
1996-05-21 13:30:00+00:00,-0.0024722389868370273
1996-05-22 13:30:00+00:00,0.008224205877235258
1996-05-23 13:30:00+00:00,-0.0028483355507961214
1996-05-24 13:30:00+00:00,0.00010127183460427744
1996-05-28 13:30:00+00:00,-0.009199143522788843
1996-05-29 13:30:00+00:00,-0.006382311848343381
1996-05-30 13:30:00+00:00,0.0037454859683711986
1996-05-31 13:30:00+00:00,-0.008851066962717324
1996-06-03 13:30:00+00:00,-0.003500120792057426
1996-06-04 13:30:00+00:00,0.0069922946079206015
1996-06-05 13:30:00+00:00,0.005509154042874209
1996-06-06 13:30:00+00:00,-0.005157945680082554
1996-06-07 13:30:00+00:00,0.005568113553618736
1996-06-10 13:30:00+00:00,-0.0017201190624238749
1996-06-11 13:30:00+00:00,-0.003482574662719073
1996-06-12 13:30:00+00:00,2.1734313353494267e-05
1996-06-13 13:30:00+00:00,-0.0019258754356008656
1996-06-14 13:30:00+00:00,-0.0016640050333969314
1996-06-17 13:30:00+00:00,0.0003565483973275608
1996-06-18 13:30:00+00:00,-0.004481902842324204
1996-06-19 13:30:00+00:00,0.0033197295599727175
1996-06-20 13:30:00+00:00,0.0024562756034100966
1996-06-21 13:30:00+00:00,0.007855511042443631
1996-06-24 13:30:00+00:00,0.0022297465268647956
1996-06-25 13:30:00+00:00,0.0001571294718196615
1996-06-26 13:30:00+00:00,-0.006238656576647694
1996-06-27 13:30:00+00:00,-0.0010098509473568495
1996-06-28 13:30:00+00:00,-0.004128202058564468
1996-07-01 13:30:00+00:00,0.013230718620357285
1996-07-02 13:30:00+00:00,-0.0017092248475634286
1996-07-03 13:30:00+00:00,-0.0030685280539772927
1996-07-05 13:30:00+00:00,-0.019793314074130774
1996-07-08 13:30:00+00:00,-0.0064494133509871545
1996-07-09 13:30:00+00:00,0.005223930557351142
1996-07-10 13:30:00+00:00,0.0036706094506639866
1996-07-11 13:30:00+00:00,-0.014931380391285509
1996-07-12 13:30:00+00:00,-0.0019728547760140655
1996-07-15 13:30:00+00:00,-0.029191808186230694
1996-07-16 13:30:00+00:00,0.0016309590849612366
1996-07-17 13:30:00+00:00,0.003554840841251339
1996-07-18 13:30:00+00:00,0.01613245271861129
1996-07-19 13:30:00+00:00,-0.006940959290952964
1996-07-22 13:30:00+00:00,-0.006653037610568469
1996-07-23 13:30:00+00:00,-0.008676250125175932
1996-07-24 13:30:00+00:00,0.0014130818842326032
1996-07-25 13:30:00+00:00,0.012262291973563311
1996-07-26 13:30:00+00:00,0.009168321847840433
1996-07-29 13:30:00+00:00,-0.007136278017780284
1996-07-30 13:30:00+00:00,0.00840488047678133
1996-07-31 13:30:00+00:00,0.00893570733814707
1996-08-01 13:30:00+00:00,0.011810162748349996
1996-08-02 13:30:00+00:00,0.014898512705006962
1996-08-05 13:30:00+00:00,-0.0011422889955772341
1996-08-06 13:30:00+00:00,0.00374365637073536
1996-08-07 13:30:00+00:00,0.003932818753593181
1996-08-08 13:30:00+00:00,-0.0006177970307389535
1996-08-09 13:30:00+00:00,-0.005089622590683696
1996-08-12 13:30:00+00:00,0.0040680912106965
1996-08-13 13:30:00+00:00,-0.008740430938953724
1996-08-14 13:30:00+00:00,0.003708410453097322
1996-08-15 13:30:00+00:00,-0.00022710047538166957
1996-08-16 13:30:00+00:00,0.003946606330201818
1996-08-19 13:30:00+00:00,0.0015942839905911277
1996-08-20 13:30:00+00:00,0.003735467532689041
1996-08-21 13:30:00+00:00,-0.0050109076067404
1996-08-22 13:30:00+00:00,0.007575210315883696
1996-08-23 13:30:00+00:00,-0.002028837889222934
1996-08-26 13:30:00+00:00,-0.005273383992530756
1996-08-27 13:30:00+00:00,0.002563211954656797
1996-08-28 13:30:00+00:00,0.0002817182279859388
1996-08-29 13:30:00+00:00,-0.011175312311820128
1996-08-30 13:30:00+00:00,-0.005464391935269608
1996-09-03 13:30:00+00:00,0.006420248994036803
1996-09-04 13:30:00+00:00,0.0016708831700469218
1996-09-05 13:30:00+00:00,-0.008735355818203071
1996-09-06 13:30:00+00:00,0.009327476954030568
1996-09-09 13:30:00+00:00,0.01290474778149452
1996-09-10 13:30:00+00:00,-0.001010565670822372
1996-09-11 13:30:00+00:00,0.0048804449597690145
1996-09-12 13:30:00+00:00,0.0032444722374766924
1996-09-13 13:30:00+00:00,0.011231853037081175
1996-09-16 13:30:00+00:00,0.008704753904669394
1996-09-17 13:30:00+00:00,-0.00023074224369769015
1996-09-18 13:30:00+00:00,-0.0021105161377726997
1996-09-19 13:30:00+00:00,-0.0013527213424305961
1996-09-20 13:30:00+00:00,0.0033695835010349898
1996-09-23 13:30:00+00:00,0.0010957196917236068
1996-09-24 13:30:00+00:00,-0.0035558424139835562
1996-09-25 13:30:00+00:00,0.0004038746062075994
1996-09-26 13:30:00+00:00,-0.0015546916714124337
1996-09-27 13:30:00+00:00,0.00039743132453161643
1996-09-30 13:30:00+00:00,0.0014102442379020253
1996-10-01 13:30:00+00:00,0.004408029470644548
1996-10-02 13:30:00+00:00,0.0045678709460663545
1996-10-03 13:30:00+00:00,-0.00015900654701096463
1996-10-04 13:30:00+00:00,0.009699933620014523
1996-10-07 13:30:00+00:00,-0.002284225327187761
1996-10-08 13:30:00+00:00,-0.0022122325013834818
1996-10-09 13:30:00+00:00,-0.005730273469256042
1996-10-10 13:30:00+00:00,-0.0016714597616399706
1996-10-11 13:30:00+00:00,0.007645400998143026
1996-10-14 13:30:00+00:00,0.0065799129715480185
1996-10-15 13:30:00+00:00,-0.0010350654330518849
1996-10-16 13:30:00+00:00,0.002699809892363392
1996-10-17 13:30:00+00:00,0.006211034140599192
1996-10-18 13:30:00+00:00,0.005681255615774139
1996-10-21 13:30:00+00:00,-0.0005971832824304246
1996-10-22 13:30:00+00:00,-0.004746933960845923
1996-10-23 13:30:00+00:00,-0.0039680410211370256
1996-10-24 13:30:00+00:00,-0.007326539732904214
1996-10-25 13:30:00+00:00,0.0026912150291151684
1996-10-28 14:30:00+00:00,-0.005805014072124204
1996-10-29 14:30:00+00:00,0.005393592974085581
1996-10-30 14:30:00+00:00,-0.002774159176783819
1996-10-31 14:30:00+00:00,0.005987200030570061
1996-11-01 14:30:00+00:00,-0.0009577793285713398
1996-11-04 14:30:00+00:00,0.002934876271520215
1996-11-05 14:30:00+00:00,0.006251421912732746
1996-11-06 14:30:00+00:00,0.016020822158396387
1996-11-07 14:30:00+00:00,0.005024406779473345
1996-11-08 14:30:00+00:00,0.0021268488911940667
1996-11-11 14:30:00+00:00,0.005526466811969877
1996-11-12 14:30:00+00:00,0.002225848046468737
1996-11-13 14:30:00+00:00,0.0018067163917259044
1996-11-14 14:30:00+00:00,0.006308652685274463
1996-11-15 14:30:00+00:00,0.00550934561424653
1996-11-18 14:30:00+00:00,-0.00039763868693810646
1996-11-19 14:30:00+00:00,0.007824675770254686
1996-11-20 14:30:00+00:00,0.005785131994590509
1996-11-21 14:30:00+00:00,-0.0018931236634914916
1996-11-22 14:30:00+00:00,0.008197852399314465
1996-11-25 14:30:00+00:00,0.011641746757982342
1996-11-26 14:30:00+00:00,-0.002893779845852051
1996-11-27 14:30:00+00:00,-0.0042767924337878795
1996-11-29 14:30:00+00:00,0.0031613176390277056
1996-12-02 14:30:00+00:00,6.871110630534147e-05
1996-12-03 14:30:00+00:00,-0.012108903326752084
1996-12-04 14:30:00+00:00,-0.0030587175712123546
1996-12-05 14:30:00+00:00,0.002282555270187936
1996-12-06 14:30:00+00:00,-0.007975533296164083
1996-12-09 14:30:00+00:00,0.01251075544516932
1996-12-10 14:30:00+00:00,0.001222536920381756
1996-12-11 14:30:00+00:00,-0.010789644713665513
1996-12-12 14:30:00+00:00,-0.015006804904284531
1996-12-13 14:30:00+00:00,-4.129317352675735e-05
1996-12-16 14:30:00+00:00,-0.005960103115760018
1996-12-17 14:30:00+00:00,0.0063342817685068
1996-12-18 14:30:00+00:00,0.0059344957027815835
1996-12-19 14:30:00+00:00,0.020383304287025606
1996-12-20 14:30:00+00:00,0.0006716764014198407
1996-12-23 14:30:00+00:00,0.0010293062002533105
1996-12-24 14:30:00+00:00,0.004930646414779571
1996-12-26 14:30:00+00:00,0.003437935768517242
1996-12-27 14:30:00+00:00,0.002545341759186959
1996-12-30 14:30:00+00:00,-0.0019181896659373864
1996-12-31 14:30:00+00:00,-0.015766531979183773
1997-01-02 14:30:00+00:00,-0.000877009015122121
1997-01-03 14:30:00+00:00,0.015479503296961006
1997-01-06 14:30:00+00:00,0.0031355905562557742
1997-01-07 14:30:00+00:00,0.004933811148999145
1997-01-08 14:30:00+00:00,-0.007799623611439277
1997-01-09 14:30:00+00:00,0.011777093524812921
1997-01-10 14:30:00+00:00,0.01197618538205102
1997-01-13 14:30:00+00:00,0.0003592949822024295
1997-01-14 14:30:00+00:00,0.00781299144525337
1997-01-15 14:30:00+00:00,-0.005058289452614895
1997-01-16 14:30:00+00:00,0.005843172959844478
1997-01-17 14:30:00+00:00,0.010026245308090587
1997-01-20 14:30:00+00:00,0.0010219568847997685
1997-01-21 14:30:00+00:00,0.005744620840568026
1997-01-22 14:30:00+00:00,-0.004803318267872847
1997-01-23 14:30:00+00:00,-0.01397426393958624
1997-01-24 14:30:00+00:00,-0.008983300456042353
1997-01-27 14:30:00+00:00,-0.005447578375830664
1997-01-28 14:30:00+00:00,-0.001198511919744638
1997-01-29 14:30:00+00:00,0.012444294571654513
1997-01-30 14:30:00+00:00,0.012230934884921652
1997-01-31 14:30:00+00:00,-0.0017865829120453757
1997-02-03 14:30:00+00:00,-0.0007812193238020515
1997-02-04 14:30:00+00:00,0.004203192780309661
1997-02-05 14:30:00+00:00,-0.012715093307657865
1997-02-06 14:30:00+00:00,0.0043430544562008564
1997-02-07 14:30:00+00:00,0.011826170433579353
1997-02-10 14:30:00+00:00,-0.007343101839988886
1997-02-11 14:30:00+00:00,0.00746762038109704
1997-02-12 14:30:00+00:00,0.015395810890978402
1997-02-13 14:30:00+00:00,0.008581404970733997
1997-02-14 14:30:00+00:00,-0.0050886160396497295
1997-02-18 14:30:00+00:00,0.010403282947883941
1997-02-19 14:30:00+00:00,-0.006141502386444631
1997-02-20 14:30:00+00:00,-0.012604485128167597
1997-02-21 14:30:00+00:00,0.00045144672301521426
1997-02-24 14:30:00+00:00,0.01095085356585267
1997-02-25 14:30:00+00:00,0.0040132940683406
1997-02-26 14:30:00+00:00,-0.007762236024318925
1997-02-27 14:30:00+00:00,-0.00831065520835551
1997-02-28 14:30:00+00:00,-0.006709340019498755
1997-03-03 14:30:00+00:00,0.006390859935592841
1997-03-04 14:30:00+00:00,-0.009607810241562442
1997-03-05 14:30:00+00:00,0.01359674513371999
1997-03-06 14:30:00+00:00,-0.0005461281934042827
1997-03-07 14:30:00+00:00,0.007991053584167174
1997-03-10 14:30:00+00:00,0.010995868037632073
1997-03-11 14:30:00+00:00,0.0007136641503107
1997-03-12 14:30:00+00:00,-0.006456189060043427
1997-03-13 14:30:00+00:00,-0.022202900171382278
1997-03-14 14:30:00+00:00,0.008179438025530662
1997-03-17 14:30:00+00:00,0.002954407276554816
1997-03-18 14:30:00+00:00,-0.008417014345192719
1997-03-19 14:30:00+00:00,-0.002785539718501606
1997-03-20 14:30:00+00:00,-0.0076839761841747236
1997-03-21 14:30:00+00:00,-0.0023155549931249794
1997-03-24 14:30:00+00:00,0.01460196347146624
1997-03-25 14:30:00+00:00,-0.004851784357360012
1997-03-26 14:30:00+00:00,0.0008310607344525934
1997-03-27 14:30:00+00:00,-0.020363104106104656
1997-03-31 14:30:00+00:00,-0.023293541165722808
1997-04-01 14:30:00+00:00,0.004084674517733633
1997-04-02 14:30:00+00:00,-0.014154660995820755
1997-04-03 14:30:00+00:00,-0.006069630543359528
1997-04-04 14:30:00+00:00,0.007418479026573432
1997-04-07 13:30:00+00:00,0.004066174922656029
1997-04-08 13:30:00+00:00,0.007907076492155819
1997-04-09 13:30:00+00:00,-0.007134476706642812
1997-04-10 13:30:00+00:00,-0.0037183309526044425
1997-04-11 13:30:00+00:00,-0.02243201212020719
1997-04-14 13:30:00+00:00,0.009255267247680655
1997-04-15 13:30:00+00:00,0.02073778214818932
1997-04-16 13:30:00+00:00,0.014599764259349824
1997-04-17 13:30:00+00:00,-0.0029901009254012065
1997-04-18 13:30:00+00:00,0.006741643531648289
1997-04-21 13:30:00+00:00,-0.006811209015274222
1997-04-22 13:30:00+00:00,0.02599692454214918
1997-04-23 13:30:00+00:00,-0.003391783613804111
1997-04-24 13:30:00+00:00,-0.003211498541498503
1997-04-25 13:30:00+00:00,-0.007786559550273087
1997-04-28 13:30:00+00:00,0.006802694277443721
1997-04-29 13:30:00+00:00,0.026163912837310555
1997-04-30 13:30:00+00:00,0.0072875907816352
1997-05-01 13:30:00+00:00,-0.004735508580915771
1997-05-02 13:30:00+00:00,0.013241754396374972
1997-05-05 13:30:00+00:00,0.020222514254773605
1997-05-06 13:30:00+00:00,0.0012303780804578835
1997-05-07 13:30:00+00:00,-0.019427904186501765
1997-05-08 13:30:00+00:00,0.007083468244595259
1997-05-09 13:30:00+00:00,0.004622693494058294
1997-05-12 13:30:00+00:00,0.017151724825126936
1997-05-13 13:30:00+00:00,-0.0020756746358440267
1997-05-14 13:30:00+00:00,0.0017700461284311131
1997-05-15 13:30:00+00:00,0.006516089468478359
1997-05-16 13:30:00+00:00,-0.01837087036534747
1997-05-19 13:30:00+00:00,0.004709376672585408
1997-05-20 13:30:00+00:00,0.010331496703843247
1997-05-21 13:30:00+00:00,-0.0013465560177632451
1997-05-22 13:30:00+00:00,-0.004571463204207771
1997-05-23 13:30:00+00:00,0.01164831329920445
1997-05-27 13:30:00+00:00,0.005511357077617285
1997-05-28 13:30:00+00:00,-0.00329743252757132
1997-05-29 13:30:00+00:00,-0.0030244935768338863
1997-05-30 13:30:00+00:00,0.0003639857932253744
1997-06-02 13:30:00+00:00,-0.005774546126892666
1997-06-03 13:30:00+00:00,0.003303221170178439
1997-06-04 13:30:00+00:00,-0.005905366082230257
1997-06-05 13:30:00+00:00,0.004796984527361203
1997-06-06 13:30:00+00:00,0.017707958976810313
1997-06-09 13:30:00+00:00,0.004750599017782064
1997-06-10 13:30:00+00:00,0.007850776276990813
1997-06-11 13:30:00+00:00,0.004861252099682678
1997-06-12 13:30:00+00:00,0.018040756072958065
1997-06-13 13:30:00+00:00,0.00875435043599503
1997-06-16 13:30:00+00:00,-0.0012566487883520882
1997-06-17 13:30:00+00:00,-0.0014383248872257392
1997-06-18 13:30:00+00:00,-0.005405491104008575
1997-06-19 13:30:00+00:00,0.007761158346415653
1997-06-20 13:30:00+00:00,0.002162543274396345
1997-06-23 13:30:00+00:00,-0.024923485078745544
1997-06-24 13:30:00+00:00,0.01966416780644108
1997-06-25 13:30:00+00:00,-0.008877934906617601
1997-06-26 13:30:00+00:00,-0.004600006255212519
1997-06-27 13:30:00+00:00,0.004329223586987163
1997-06-30 13:30:00+00:00,-0.0021550285836256064
1997-07-01 13:30:00+00:00,0.005669706263024199
1997-07-02 13:30:00+00:00,0.009441899534603494
1997-07-03 13:30:00+00:00,0.01257151528632815
1997-07-07 13:30:00+00:00,-0.004912258595580321
1997-07-08 13:30:00+00:00,0.013173072625031857
1997-07-09 13:30:00+00:00,-0.015047120036636785
1997-07-10 13:30:00+00:00,0.0042296659593567985
1997-07-11 13:30:00+00:00,0.0042855614242946925
1997-07-14 13:30:00+00:00,0.0002282785829388235
1997-07-15 13:30:00+00:00,0.006170526786840813
1997-07-16 13:30:00+00:00,0.008140067403534557
1997-07-17 13:30:00+00:00,-0.002115701793268598
1997-07-18 13:30:00+00:00,-0.01630846580637114
1997-07-21 13:30:00+00:00,0.0019023436064695587
1997-07-22 13:30:00+00:00,0.019578685070446456
1997-07-23 13:30:00+00:00,0.003007916014629897
1997-07-24 13:30:00+00:00,0.0033119266589991428
1997-07-25 13:30:00+00:00,-0.0004450251227621326
1997-07-28 13:30:00+00:00,0.0008490713394115779
1997-07-29 13:30:00+00:00,0.006475451810914234
1997-07-30 13:30:00+00:00,0.009673748088685031
1997-07-31 13:30:00+00:00,-0.004266209352670425
1997-08-01 13:30:00+00:00,-0.003602432914769815
1997-08-04 13:30:00+00:00,0.0008156391161031507
1997-08-05 13:30:00+00:00,-0.0014051883410480914
1997-08-06 13:30:00+00:00,0.008755719173502808
1997-08-07 13:30:00+00:00,-0.008672650549940163
1997-08-08 13:30:00+00:00,-0.018554693895965323
1997-08-11 13:30:00+00:00,0.0037975312210471904
1997-08-12 13:30:00+00:00,-0.013203600732969677
1997-08-13 13:30:00+00:00,-0.004507677384871689
1997-08-14 13:30:00+00:00,0.0015648415444537878
1997-08-15 13:30:00+00:00,-0.030674281574389017
1997-08-18 13:30:00+00:00,0.013112808291093615
1997-08-19 13:30:00+00:00,0.014663766901315423
1997-08-20 13:30:00+00:00,0.013304770166793867
1997-08-21 13:30:00+00:00,-0.01601934280803986
1997-08-22 13:30:00+00:00,-0.0008348002616307526
1997-08-25 13:30:00+00:00,-0.003801413111522944
1997-08-26 13:30:00+00:00,-0.009909984514016822
1997-08-27 13:30:00+00:00,0.0015721763151148483
1997-08-28 13:30:00+00:00,-0.011648874606501446
1997-08-29 13:30:00+00:00,-0.009405965382928271
1997-09-02 13:30:00+00:00,0.032409087493686636
1997-09-03 13:30:00+00:00,0.0022870963502095057
1997-09-04 13:30:00+00:00,-0.003570714412992848
1997-09-05 13:30:00+00:00,-0.00579456628235332
1997-09-08 13:30:00+00:00,0.0016247167745124691
1997-09-09 13:30:00+00:00,0.0020569754108168306
1997-09-10 13:30:00+00:00,-0.016461531076543256
1997-09-11 13:30:00+00:00,-0.007351555174675462
1997-09-12 13:30:00+00:00,0.010603563503459135
1997-09-15 13:30:00+00:00,-0.002979846704126776
1997-09-16 13:30:00+00:00,0.02231416352022796
1997-09-17 13:30:00+00:00,-0.001518177063159165
1997-09-18 13:30:00+00:00,0.0050126932746416995
1997-09-19 13:30:00+00:00,-0.0008194491117632485
1997-09-22 13:30:00+00:00,0.009762680420863912
1997-09-23 13:30:00+00:00,-0.0035011113370174815
1997-09-24 13:30:00+00:00,-0.008328442354416887
1997-09-25 13:30:00+00:00,-0.007524107891089715
1997-09-26 13:30:00+00:00,0.009251798039384685
1997-09-29 13:30:00+00:00,0.00863491016702599
1997-09-30 13:30:00+00:00,-0.005806503424335874
1997-10-01 13:30:00+00:00,0.008329263383028297
1997-10-02 13:30:00+00:00,0.001422113409328174
1997-10-03 13:30:00+00:00,0.0007840313336548888
1997-10-06 13:30:00+00:00,0.0074377004975554216
1997-10-07 13:30:00+00:00,0.009354757338381859
1997-10-08 13:30:00+00:00,-0.01033373954981499
1997-10-09 13:30:00+00:00,-0.004137540457447531
1997-10-10 13:30:00+00:00,-0.0018681106843104866
1997-10-13 13:30:00+00:00,0.0035554920349831656
1997-10-14 13:30:00+00:00,0.002761270477153788
1997-10-15 13:30:00+00:00,-0.004437039852801872
1997-10-16 13:30:00+00:00,-0.014941483856331771
1997-10-17 13:30:00+00:00,-0.010728750238098172
1997-10-20 13:30:00+00:00,0.0093169993429436
1997-10-21 13:30:00+00:00,0.017344611802794663
1997-10-22 13:30:00+00:00,-0.0030905688351911095
1997-10-23 13:30:00+00:00,-0.021985995936081203
1997-10-24 13:30:00+00:00,-0.01758446897930833
1997-10-27 14:30:00+00:00,-0.07181001167092461
1997-10-28 14:30:00+00:00,0.0470169695073268
1997-10-29 14:30:00+00:00,0.0009802146468353868
1997-10-30 14:30:00+00:00,-0.015584490437103537
1997-10-31 14:30:00+00:00,0.006950080873646891
1997-11-03 14:30:00+00:00,0.030601886117369793
1997-11-04 14:30:00+00:00,0.0018415576821739666
1997-11-05 14:30:00+00:00,0.0004722928945623984
1997-11-06 14:30:00+00:00,-0.001218023036657756
1997-11-07 14:30:00+00:00,-0.012767726120618616
1997-11-10 14:30:00+00:00,-0.003925050072077119
1997-11-11 14:30:00+00:00,0.00070768180194557
1997-11-12 14:30:00+00:00,-0.020353366156458674
1997-11-13 14:30:00+00:00,0.011751151453887266
1997-11-14 14:30:00+00:00,0.011346839443849389
1997-11-17 14:30:00+00:00,0.015118704647017357
1997-11-18 14:30:00+00:00,-0.005624287507176706
1997-11-19 14:30:00+00:00,0.010140151439731671
1997-11-20 14:30:00+00:00,0.01293410561686813
1997-11-21 14:30:00+00:00,0.006692360982935008
1997-11-24 14:30:00+00:00,-0.013900395343778415
1997-11-25 14:30:00+00:00,0.0052815794155436245
1997-11-26 14:30:00+00:00,-0.0019440288716946585
1997-11-28 14:30:00+00:00,0.003466289131308631
1997-12-01 14:30:00+00:00,0.023922631940928463
1997-12-02 14:30:00+00:00,0.000673744721524805
1997-12-03 14:30:00+00:00,0.001733559386653416
1997-12-04 14:30:00+00:00,0.0020661675938751125
1997-12-05 14:30:00+00:00,0.012688633124452443
1997-12-08 14:30:00+00:00,-0.004775489711843395
1997-12-09 14:30:00+00:00,-0.007633117675976753
1997-12-10 14:30:00+00:00,-0.008809276858547831
1997-12-11 14:30:00+00:00,-0.015751233758607108
1997-12-12 14:30:00+00:00,-0.0015268673562010115
1997-12-15 14:30:00+00:00,0.010654920718691663
1997-12-16 14:30:00+00:00,0.006458248590118998
1997-12-17 14:30:00+00:00,-0.002719593504304074
1997-12-18 14:30:00+00:00,-0.013540780503473526
1997-12-19 14:30:00+00:00,-0.011591843808400403
1997-12-22 14:30:00+00:00,0.007736541172584921
1997-12-23 14:30:00+00:00,-0.016342902129795066
1997-12-24 14:30:00+00:00,-0.004372730688613003
1997-12-26 14:30:00+00:00,0.0024064564152528225
1997-12-29 14:30:00+00:00,0.01462791797856532
1997-12-30 14:30:00+00:00,0.015240426242155259
1997-12-31 14:30:00+00:00,-0.001098002883969229
1998-01-02 14:30:00+00:00,0.006827739290337298
1998-01-05 14:30:00+00:00,0.001406213129157885
1998-01-06 14:30:00+00:00,-0.009124535455770421
1998-01-07 14:30:00+00:00,-0.0004162635438935801
1998-01-08 14:30:00+00:00,-0.012679081541856495
1998-01-09 14:30:00+00:00,-0.028241386780366706
1998-01-12 14:30:00+00:00,0.009404699300825426
1998-01-13 14:30:00+00:00,0.011107914365848338
1998-01-14 14:30:00+00:00,0.006702821612745813
1998-01-15 14:30:00+00:00,-0.011906774197231306
1998-01-16 14:30:00+00:00,0.007370135320226001
1998-01-20 14:30:00+00:00,0.015286042453227722
1998-01-21 14:30:00+00:00,-0.009945145512702102
1998-01-22 14:30:00+00:00,-0.008119606434055082
1998-01-23 14:30:00+00:00,-0.003967733677339613
1998-01-26 14:30:00+00:00,0.0013555120688375389
1998-01-27 14:30:00+00:00,0.013109857075057841
1998-01-28 14:30:00+00:00,0.012745695209157127
1998-01-29 14:30:00+00:00,0.007011506174228399
1998-01-30 14:30:00+00:00,-0.008225432882407745
1998-02-02 14:30:00+00:00,0.02490503096978579
1998-02-03 14:30:00+00:00,0.00638393443002071
1998-02-04 14:30:00+00:00,-0.003641065424575662
1998-02-05 14:30:00+00:00,-0.0015098129952441197
1998-02-06 14:30:00+00:00,0.009233585284450053
1998-02-09 14:30:00+00:00,-0.0014392208902006653
1998-02-10 14:30:00+00:00,0.014060597161362088
1998-02-11 14:30:00+00:00,0.0024538095129875595
1998-02-12 14:30:00+00:00,0.0069133399038232455
1998-02-13 14:30:00+00:00,0.00028715332590610886
1998-02-17 14:30:00+00:00,0.00347292641788054
1998-02-18 14:30:00+00:00,0.006756464851353383
1998-02-19 14:30:00+00:00,-0.00911931019071478
1998-02-20 14:30:00+00:00,0.004450038767146436
1998-02-23 14:30:00+00:00,-0.0005445282690382913
1998-02-24 14:30:00+00:00,-0.004632516640230355
1998-02-25 14:30:00+00:00,0.010526390509261619
1998-02-26 14:30:00+00:00,0.0040843488099224666
1998-02-27 14:30:00+00:00,0.006502118245266464
1998-03-02 14:30:00+00:00,0.0005999227501980342
1998-03-03 14:30:00+00:00,0.004125212617172236
1998-03-04 14:30:00+00:00,-0.0051508774349234955
1998-03-05 14:30:00+00:00,-0.010931895871767471
1998-03-06 14:30:00+00:00,0.014410707154041792
1998-03-09 14:30:00+00:00,-0.0005072319564282223
1998-03-10 14:30:00+00:00,0.00870994904632404
1998-03-11 14:30:00+00:00,0.003762352845328321
1998-03-12 14:30:00+00:00,-0.001737144179249317
1998-03-13 14:30:00+00:00,-0.006686944589889954
1998-03-16 14:30:00+00:00,0.013306138528584633
1998-03-17 14:30:00+00:00,0.00347164378274355
1998-03-18 14:30:00+00:00,0.0032042234751043955
1998-03-19 14:30:00+00:00,0.0035632283841022685
1998-03-20 14:30:00+00:00,0.011557453041794109
1998-03-23 14:30:00+00:00,-0.009477829311721597
1998-03-24 14:30:00+00:00,0.009759986355259532
1998-03-25 14:30:00+00:00,-0.003737274829297099
1998-03-26 14:30:00+00:00,-0.0025446628146975733
1998-03-27 14:30:00+00:00,-0.005760124493594876
1998-03-30 14:30:00+00:00,-0.001573546667270731
1998-03-31 14:30:00+00:00,0.0018001736173847039
1998-04-01 14:30:00+00:00,0.007485103714196517
1998-04-02 14:30:00+00:00,0.013241797743900541
1998-04-03 14:30:00+00:00,-0.0004593659380858316
1998-04-06 13:30:00+00:00,0.005445812963392071
1998-04-07 13:30:00+00:00,-0.008594244557962438
1998-04-08 13:30:00+00:00,-0.007359479847038453
1998-04-09 13:30:00+00:00,0.011526846977377925
1998-04-13 13:30:00+00:00,0.0015882590666860153
1998-04-14 13:30:00+00:00,0.010538695484160854
1998-04-15 13:30:00+00:00,0.005587900688394309
1998-04-16 13:30:00+00:00,-0.009453492435220655
1998-04-17 13:30:00+00:00,0.00980680153434509
1998-04-20 13:30:00+00:00,-0.002817446886846497
1998-04-21 13:30:00+00:00,0.005053380973154542
1998-04-22 13:30:00+00:00,-0.0009938512560061618
1998-04-23 13:30:00+00:00,-0.003764599492168241
1998-04-24 13:30:00+00:00,-0.008762667641538557
1998-04-27 13:30:00+00:00,-0.015610911230457335
1998-04-28 13:30:00+00:00,-0.002557147967795392
1998-04-29 13:30:00+00:00,0.005778001591389514
1998-04-30 13:30:00+00:00,0.012170087869260316
1998-05-01 13:30:00+00:00,0.008774315517886312
1998-05-04 13:30:00+00:00,0.005075327486343084
1998-05-05 13:30:00+00:00,-0.005004983213084857
1998-05-06 13:30:00+00:00,-0.010108542875443726
1998-05-07 13:30:00+00:00,-0.008547930604342679
1998-05-08 13:30:00+00:00,0.008474182647450135
1998-05-11 13:30:00+00:00,0.0038765586429705292
1998-05-12 13:30:00+00:00,0.007847523759682663
1998-05-13 13:30:00+00:00,0.005710889182162437
1998-05-14 13:30:00+00:00,-0.004345785701472715
1998-05-15 13:30:00+00:00,-0.008206552757765728
1998-05-18 13:30:00+00:00,-0.004725504271683068
1998-05-19 13:30:00+00:00,0.00017509835575334486
1998-05-20 13:30:00+00:00,0.012902410730176273
1998-05-21 13:30:00+00:00,-0.0043914858539082615
1998-05-22 13:30:00+00:00,-0.0020633115248204323
1998-05-26 13:30:00+00:00,-0.016635294964088897
1998-05-27 13:30:00+00:00,-0.003138803713848903
1998-05-28 13:30:00+00:00,0.00401155686136011
1998-05-29 13:30:00+00:00,-0.007931486306928758
1998-06-01 13:30:00+00:00,0.002306475871113312
1998-06-02 13:30:00+00:00,-0.003644810402605014
1998-06-03 13:30:00+00:00,-0.009733972540497803
1998-06-04 13:30:00+00:00,0.007425841588188919
1998-06-05 13:30:00+00:00,0.018743274688601364
1998-06-08 13:30:00+00:00,0.003179820510280418
1998-06-09 13:30:00+00:00,-0.0023787847572275364
1998-06-10 13:30:00+00:00,-0.008770525221060487
1998-06-11 13:30:00+00:00,-0.01792612666282135
1998-06-12 13:30:00+00:00,0.0025295397712488013
1998-06-15 13:30:00+00:00,-0.02320027834178485
1998-06-16 13:30:00+00:00,0.0033903443569693772
1998-06-17 13:30:00+00:00,0.018735120157039143
1998-06-18 13:30:00+00:00,-0.0014496050225314527
1998-06-19 13:30:00+00:00,-0.01143575701806988
1998-06-22 13:30:00+00:00,-0.00017006080829774496
1998-06-23 13:30:00+00:00,0.013108419039032915
1998-06-24 13:30:00+00:00,0.010621248749185897
1998-06-25 13:30:00+00:00,0.0012122065632651391
1998-06-26 13:30:00+00:00,0.0010506575482675973
1998-06-29 13:30:00+00:00,0.005692865749157272
1998-06-30 13:30:00+00:00,-0.004847251344185966
1998-07-01 13:30:00+00:00,0.009910021794186753
1998-07-02 13:30:00+00:00,-0.0025779747569948494
1998-07-06 13:30:00+00:00,0.007514929326585473
1998-07-07 13:30:00+00:00,-0.0007852169728426283
1998-07-08 13:30:00+00:00,0.00965972449908169
1998-07-09 13:30:00+00:00,-0.00938498465541172
1998-07-10 13:30:00+00:00,0.001542391026565937
1998-07-13 13:30:00+00:00,-0.0012881274328866543
1998-07-14 13:30:00+00:00,0.015885560722830972
1998-07-15 13:30:00+00:00,-0.001408656672533104
1998-07-16 13:30:00+00:00,0.010184586879846014
1998-07-17 13:30:00+00:00,0.0009483594807280116
1998-07-20 13:30:00+00:00,-0.0048962706290605175
1998-07-21 13:30:00+00:00,-0.011509893721958441
1998-07-22 13:30:00+00:00,-0.00628349642314453
1998-07-23 13:30:00+00:00,-0.021728646643473525
1998-07-24 13:30:00+00:00,0.00021796005398643246
1998-07-27 13:30:00+00:00,0.01006853737990009
1998-07-28 13:30:00+00:00,-0.01048043158470403
1998-07-29 13:30:00+00:00,-0.0024332647379000758
1998-07-30 13:30:00+00:00,0.012638114489535324
1998-07-31 13:30:00+00:00,-0.01601458390061795
1998-08-03 13:30:00+00:00,-0.010968698901301376
1998-08-04 13:30:00+00:00,-0.03440391419476875
1998-08-05 13:30:00+00:00,0.007060099262527808
1998-08-06 13:30:00+00:00,0.0035917066695827396
1998-08-07 13:30:00+00:00,0.0020913187080746523
1998-08-10 13:30:00+00:00,-0.00264525362340241
1998-08-11 13:30:00+00:00,-0.01269972608795723
1998-08-12 13:30:00+00:00,0.010573996071653758
1998-08-13 13:30:00+00:00,-0.010765816041883435
1998-08-14 13:30:00+00:00,-0.004118237807731806
1998-08-17 13:30:00+00:00,0.018295532657646375
1998-08-18 13:30:00+00:00,0.016483297544037868
1998-08-19 13:30:00+00:00,-0.0023289211656161266
1998-08-20 13:30:00+00:00,-0.009605311137387728
1998-08-21 13:30:00+00:00,-0.008714212196491943
1998-08-24 13:30:00+00:00,0.0037623519160931876
1998-08-25 13:30:00+00:00,0.003896101231221294
1998-08-26 13:30:00+00:00,-0.009119964229884269
1998-08-27 13:30:00+00:00,-0.04143551251908274
1998-08-28 13:30:00+00:00,-0.013879705687256504
1998-08-31 13:30:00+00:00,-0.06385455403531705
1998-09-01 13:30:00+00:00,0.037228303432003104
1998-09-02 13:30:00+00:00,-0.005442394797770878
1998-09-03 13:30:00+00:00,-0.012838118485579707
1998-09-04 13:30:00+00:00,-0.005929474866925977
1998-09-08 13:30:00+00:00,0.04903443595799438
1998-09-09 13:30:00+00:00,-0.019519528998073087
1998-09-10 13:30:00+00:00,-0.03096378596545014
1998-09-11 13:30:00+00:00,0.023982433676753557
1998-09-14 13:30:00+00:00,0.018988019490842934
1998-09-15 13:30:00+00:00,0.009881044208220214
1998-09-16 13:30:00+00:00,0.007830335450968996
1998-09-17 13:30:00+00:00,-0.02540033303209711
1998-09-18 13:30:00+00:00,0.002351650619174073
1998-09-21 13:30:00+00:00,0.005467002703661616
1998-09-22 13:30:00+00:00,-0.0047733403469234605
1998-09-23 13:30:00+00:00,0.03246976581272064
1998-09-24 13:30:00+00:00,-0.018543744623342084
1998-09-25 13:30:00+00:00,0.0032466405696434
1998-09-28 13:30:00+00:00,0.010200046308474809
1998-09-29 13:30:00+00:00,-0.003719058903797656
1998-09-30 13:30:00+00:00,-0.02941745819553222
1998-10-01 13:30:00+00:00,-0.02672817288501107
1998-10-02 13:30:00+00:00,0.020008095449548947
1998-10-05 13:30:00+00:00,-0.00790396237824965
1998-10-06 13:30:00+00:00,0.0010649599590786152
1998-10-07 13:30:00+00:00,-0.0005506330770605028
1998-10-08 13:30:00+00:00,-0.00043225559122773695
1998-10-09 13:30:00+00:00,0.021203855095731628
1998-10-12 13:30:00+00:00,0.012673846460201189
1998-10-13 13:30:00+00:00,-0.008142469638394278
1998-10-14 13:30:00+00:00,0.0037598019069697733
1998-10-15 13:30:00+00:00,0.041621021637491915
1998-10-16 13:30:00+00:00,0.013919837877057518
1998-10-19 13:30:00+00:00,0.005956662688692649
1998-10-20 13:30:00+00:00,0.0039120181875082925
1998-10-21 13:30:00+00:00,0.0016120649018427247
1998-10-22 13:30:00+00:00,0.0015562184365036536
1998-10-23 13:30:00+00:00,-0.009365813592622462
1998-10-26 14:30:00+00:00,-0.002081338981532632
1998-10-27 14:30:00+00:00,-0.008068490573597497
1998-10-28 14:30:00+00:00,0.0007009539068012383
1998-10-29 14:30:00+00:00,0.01469002474181157
1998-10-30 14:30:00+00:00,0.010958856652005345
1998-11-02 14:30:00+00:00,0.012749470409953546
1998-11-03 14:30:00+00:00,-0.00015967048879329528
1998-11-04 14:30:00+00:00,0.008474402187705
1998-11-05 14:30:00+00:00,0.015085344941181845
1998-11-06 14:30:00+00:00,0.006643446491234595
1998-11-09 14:30:00+00:00,-0.008348998590118516
1998-11-10 14:30:00+00:00,-0.0036063358428150114
1998-11-11 14:30:00+00:00,-0.004630713531193387
1998-11-12 14:30:00+00:00,0.0007410397278919568
1998-11-13 14:30:00+00:00,0.009976256186726252
1998-11-16 14:30:00+00:00,0.01000076684297645
1998-11-17 14:30:00+00:00,-0.0028422026097905226
1998-11-18 14:30:00+00:00,0.006859892896613029
1998-11-19 14:30:00+00:00,0.0016942512660442666
1998-11-20 14:30:00+00:00,0.011041839065367032
1998-11-23 14:30:00+00:00,0.023342170318525247
1998-11-24 14:30:00+00:00,-0.007608829319551547
1998-11-25 14:30:00+00:00,0.0013514911225840254
1998-11-27 14:30:00+00:00,0.0021799411116589676
1998-11-30 14:30:00+00:00,-0.023300301682293145
1998-12-01 14:30:00+00:00,0.0017636693419109562
1998-12-02 14:30:00+00:00,-0.007245871250024749
1998-12-03 14:30:00+00:00,-0.020521864925441845
1998-12-04 14:30:00+00:00,0.015267667048800771
1998-12-07 14:30:00+00:00,0.005810923842989746
1998-12-08 14:30:00+00:00,-0.0047843503251073895
1998-12-09 14:30:00+00:00,-0.0020895493218050618
1998-12-10 14:30:00+00:00,-0.018620433682811088
1998-12-11 14:30:00+00:00,-0.002108029910100406
1998-12-14 14:30:00+00:00,-0.014285997386306325
1998-12-15 14:30:00+00:00,0.014135348436117735
1998-12-16 14:30:00+00:00,-0.0038061185765361325
1998-12-17 14:30:00+00:00,0.009944951069911879
1998-12-18 14:30:00+00:00,0.0028287096154275717
1998-12-21 14:30:00+00:00,0.009546206316558992
1998-12-22 14:30:00+00:00,0.006057406818949384
1998-12-23 14:30:00+00:00,0.01729252863889318
1998-12-24 14:30:00+00:00,0.0016061182864106516
1998-12-28 14:30:00+00:00,0.0005702066456369948
1998-12-29 14:30:00+00:00,0.010730595598563476
1998-12-30 14:30:00+00:00,-0.005071667998647234
1998-12-31 14:30:00+00:00,-0.010094525466164638
1999-01-04 14:30:00+00:00,-7.17154454721424e-05
1999-01-05 14:30:00+00:00,0.013663002759639154
1999-01-06 14:30:00+00:00,0.024541917016371862
1999-01-07 14:30:00+00:00,-0.0005590042667440564
1999-01-08 14:30:00+00:00,0.010912471436283811
1999-01-11 14:30:00+00:00,-0.0025297299377402657
1999-01-12 14:30:00+00:00,-0.015089370756284925
1999-01-13 14:30:00+00:00,-0.01295776621328405
1999-01-14 14:30:00+00:00,-0.024553545762568862
1999-01-15 14:30:00+00:00,0.023279632304510123
1999-01-19 14:30:00+00:00,0.001195028772320128
1999-01-20 14:30:00+00:00,-0.002039229405044429
1999-01-21 14:30:00+00:00,-0.0077939555889912195
1999-01-22 14:30:00+00:00,-0.015580237113734585
1999-01-25 14:30:00+00:00,0.008961877179303624
1999-01-26 14:30:00+00:00,0.013075654166931894
1999-01-27 14:30:00+00:00,-0.013518235660087263
1999-01-28 14:30:00+00:00,0.008348869621758615
1999-01-29 14:30:00+00:00,0.008221875419544878
1999-02-01 14:30:00+00:00,-0.0015850436602626971
1999-02-02 14:30:00+00:00,-0.0074309526778611025
1999-02-03 14:30:00+00:00,0.0100621653729147
1999-02-04 14:30:00+00:00,-0.006576179035599272
1999-02-05 14:30:00+00:00,-0.0001837501600489121
1999-02-08 14:30:00+00:00,-0.0012266345177046722
1999-02-09 14:30:00+00:00,-0.017114121256068714
1999-02-10 14:30:00+00:00,0.004651460581512656
1999-02-11 14:30:00+00:00,0.020435055423213323
1999-02-12 14:30:00+00:00,-0.00996735384068782
1999-02-16 14:30:00+00:00,0.0020256920420233973
1999-02-17 14:30:00+00:00,-0.010252075086712675
1999-02-18 14:30:00+00:00,0.010415228360403529
1999-02-19 14:30:00+00:00,0.004285367057501588
1999-02-22 14:30:00+00:00,0.022676298346244284
1999-02-23 14:30:00+00:00,-0.0010484027213576552
1999-02-24 14:30:00+00:00,-0.015246380564501682
1999-02-25 14:30:00+00:00,-0.003220622927224148
1999-02-26 14:30:00+00:00,-0.006365676443421575
1999-03-01 14:30:00+00:00,0.0017684750136059857
1999-03-02 14:30:00+00:00,-0.0029559842028014202
1999-03-03 14:30:00+00:00,-0.002311658002921335
1999-03-04 14:30:00+00:00,0.020564775318037343
1999-03-05 14:30:00+00:00,0.028250181033438782
1999-03-08 14:30:00+00:00,-0.0010838647189019945
1999-03-09 14:30:00+00:00,-0.003352299800407643
1999-03-10 14:30:00+00:00,0.00782693170615566
1999-03-11 14:30:00+00:00,0.012948207900512976
1999-03-12 14:30:00+00:00,-0.0022590950014627184
1999-03-15 14:30:00+00:00,0.00827269974229482
1999-03-16 14:30:00+00:00,-0.0028306043047105042
1999-03-17 14:30:00+00:00,-0.005307839105196843
1999-03-18 14:30:00+00:00,0.012429975153483309
1999-03-19 14:30:00+00:00,-0.009866864624079496
1999-03-22 14:30:00+00:00,-0.0012886663967767275
1999-03-23 14:30:00+00:00,-0.02218243693765033
1999-03-24 14:30:00+00:00,-0.0005880005678699062
1999-03-25 14:30:00+00:00,0.017643510111997152
1999-03-26 14:30:00+00:00,-0.0015384763686895452
1999-03-29 14:30:00+00:00,0.018753315825702933
1999-03-30 14:30:00+00:00,-0.009154531014067612
1999-03-31 14:30:00+00:00,-0.013031730349186376
1999-04-01 14:30:00+00:00,0.004607466036143914
1999-04-05 13:30:00+00:00,0.017306249506686012
1999-04-06 13:30:00+00:00,-0.004232960649123385
1999-04-07 13:30:00+00:00,0.012126572523472923
1999-04-08 13:30:00+00:00,0.010932682983598497
1999-04-09 13:30:00+00:00,-0.002439777705317125
1999-04-12 13:30:00+00:00,0.016156892086598863
1999-04-13 13:30:00+00:00,0.005159805294181241
1999-04-14 13:30:00+00:00,0.001528679796065624
1999-04-15 13:30:00+00:00,0.004804075771417604
1999-04-16 13:30:00+00:00,0.002798638644066587
1999-04-19 13:30:00+00:00,-0.005184804280169331
1999-04-20 13:30:00+00:00,0.000668115319813134
1999-04-21 13:30:00+00:00,0.012576856015592986
1999-04-22 13:30:00+00:00,0.013751699492964942
1999-04-23 13:30:00+00:00,-0.0034908242981609547
1999-04-26 13:30:00+00:00,0.0026054083134803177
1999-04-27 13:30:00+00:00,0.010399871542816398
1999-04-28 13:30:00+00:00,0.0011426119896955523
1999-04-29 13:30:00+00:00,0.0029982286895473445
1999-04-30 13:30:00+00:00,-0.008182243153773482
1999-05-03 13:30:00+00:00,0.020814779239674442
1999-05-04 13:30:00+00:00,-0.011773508115892405
1999-05-05 13:30:00+00:00,0.00650356069160839
1999-05-06 13:30:00+00:00,-0.000365774236023919
1999-05-07 13:30:00+00:00,0.0076170586094843505
1999-05-10 13:30:00+00:00,-0.0020847104248608137
1999-05-11 13:30:00+00:00,0.0021651940567728348
1999-05-12 13:30:00+00:00,-0.002208223497912953
1999-05-13 13:30:00+00:00,0.009788751874379765
1999-05-14 13:30:00+00:00,-0.017440339040638807
1999-05-17 13:30:00+00:00,-0.0053335106508668574
1999-05-18 13:30:00+00:00,-0.0012834186379434675
1999-05-19 13:30:00+00:00,0.0045803793903620325
1999-05-20 13:30:00+00:00,-0.002023224573647242
1999-05-21 13:30:00+00:00,-0.003574705668633726
1999-05-24 13:30:00+00:00,-0.016277497367622972
1999-05-25 13:30:00+00:00,-0.011425917920466998
1999-05-26 13:30:00+00:00,0.01616363142433185
1999-05-27 13:30:00+00:00,-0.021999303629977828
1999-05-28 13:30:00+00:00,0.008616634200065077
1999-06-01 13:30:00+00:00,0.0032377490204331563
1999-06-02 13:30:00+00:00,-0.0017045471509471554
1999-06-03 13:30:00+00:00,0.00807136630636517
1999-06-04 13:30:00+00:00,0.012848088846405304
1999-06-07 13:30:00+00:00,0.01010257847871231
1999-06-08 13:30:00+00:00,-0.013161872001711716
1999-06-09 13:30:00+00:00,-0.007099083364817582
1999-06-10 13:30:00+00:00,-0.006556373733574883
1999-06-11 13:30:00+00:00,-0.012128435764404265
1999-06-14 13:30:00+00:00,0.006810797282969394
1999-06-15 13:30:00+00:00,0.002897175702723176
1999-06-16 13:30:00+00:00,0.01748828626989728
1999-06-17 13:30:00+00:00,0.005829840251132967
1999-06-18 13:30:00+00:00,0.0006301055466144568
1999-06-21 13:30:00+00:00,-0.003671665054469264
1999-06-22 13:30:00+00:00,-0.008823257795268945
1999-06-23 13:30:00+00:00,-0.005208321388504478
1999-06-24 13:30:00+00:00,-0.012477613382569485
1999-06-25 13:30:00+00:00,0.0008608679510104689
1999-06-28 13:30:00+00:00,0.009304285470710594
1999-06-29 13:30:00+00:00,0.014905419665002684
1999-06-30 13:30:00+00:00,0.014410057097972374
1999-07-01 13:30:00+00:00,0.009052805155471456
1999-07-02 13:30:00+00:00,0.006595782807685457
1999-07-06 13:30:00+00:00,-0.00031096437814738244
1999-07-07 13:30:00+00:00,0.004591483686320108
1999-07-08 13:30:00+00:00,-0.005083668242860451
1999-07-09 13:30:00+00:00,0.006018333363323458
1999-07-12 13:30:00+00:00,0.0005790251038626404
1999-07-13 13:30:00+00:00,-0.0023330959450008734
1999-07-14 13:30:00+00:00,-0.002734763058729561
1999-07-15 13:30:00+00:00,0.00322216427234755
1999-07-16 13:30:00+00:00,0.0019999016833260777
1999-07-19 13:30:00+00:00,-0.002076848604340664
1999-07-20 13:30:00+00:00,-0.017249635072175595
1999-07-21 13:30:00+00:00,0.0002491103324495537
1999-07-22 13:30:00+00:00,-0.0031501878653362844
1999-07-23 13:30:00+00:00,-0.0054112041765305265
1999-07-26 13:30:00+00:00,-0.004192452120208257
1999-07-27 13:30:00+00:00,0.010597036593000809
1999-07-28 13:30:00+00:00,1.5808130229266832e-05
1999-07-29 13:30:00+00:00,-0.01651276074523934
1999-07-30 13:30:00+00:00,-0.012715697284078075
1999-08-02 13:30:00+00:00,-0.0009324972920695784
1999-08-03 13:30:00+00:00,0.0028447423708175437
1999-08-04 13:30:00+00:00,-0.00018342575418895936
1999-08-05 13:30:00+00:00,0.010991860126861253
1999-08-06 13:30:00+00:00,-0.007378130356123902
1999-08-09 13:30:00+00:00,-0.000690821377525308
1999-08-10 13:30:00+00:00,-0.004684111424369875
1999-08-11 13:30:00+00:00,0.012782850898442655
1999-08-12 13:30:00+00:00,0.00024668820859895534
1999-08-13 13:30:00+00:00,0.017231546434723456
1999-08-16 13:30:00+00:00,0.005972770251394743
1999-08-17 13:30:00+00:00,0.006003405344719759
1999-08-18 13:30:00+00:00,-0.010746614907563911
1999-08-19 13:30:00+00:00,-0.002375922095035576
1999-08-20 13:30:00+00:00,0.012374690415189338
1999-08-23 13:30:00+00:00,0.017927543776854005
1999-08-24 13:30:00+00:00,-0.001360472131611179
1999-08-25 13:30:00+00:00,0.003769764775117357
1999-08-26 13:30:00+00:00,-0.011365176823492928
1999-08-27 13:30:00+00:00,-0.009769219539220175
1999-08-30 13:30:00+00:00,-0.01575344450908268
1999-08-31 13:30:00+00:00,-0.007471414469258597
1999-09-01 13:30:00+00:00,0.010006668068742276
1999-09-02 13:30:00+00:00,-0.008410723585178147
1999-09-03 13:30:00+00:00,0.020373090175095355
1999-09-07 13:30:00+00:00,-0.0041572136852093934
1999-09-08 13:30:00+00:00,0.0001002841149206791
1999-09-09 13:30:00+00:00,0.004262151626531529
1999-09-10 13:30:00+00:00,-0.005382791783169483
1999-09-13 13:30:00+00:00,0.00016567344942796113
1999-09-14 13:30:00+00:00,-0.010836507863421507
1999-09-15 13:30:00+00:00,-0.010088677303139459
1999-09-16 13:30:00+00:00,-0.005501149973025432
1999-09-17 13:30:00+00:00,0.005320934451388914
1999-09-20 13:30:00+00:00,0.0019394869775786084
1999-09-21 13:30:00+00:00,-0.020841153262187617
1999-09-22 13:30:00+00:00,-0.0072088427414309765
1999-09-23 13:30:00+00:00,-0.019624809569728906
1999-09-24 13:30:00+00:00,-0.0032623875045492243
1999-09-27 13:30:00+00:00,0.0022405776572638095
1999-09-28 13:30:00+00:00,-0.0025250733949946477
1999-09-29 13:30:00+00:00,-0.006016631086531732
1999-09-30 13:30:00+00:00,0.011926484884335443
1999-10-01 13:30:00+00:00,-0.006165432214129807
1999-10-04 13:30:00+00:00,0.012226575846602684
1999-10-05 13:30:00+00:00,-0.0001615912705640431
1999-10-06 13:30:00+00:00,0.018032162634313165
1999-10-07 13:30:00+00:00,-0.004944011414383842
1999-10-08 13:30:00+00:00,0.010839296664944865
1999-10-11 13:30:00+00:00,-0.00024836748995039616
1999-10-12 13:30:00+00:00,-0.02186299599216136
1999-10-13 13:30:00+00:00,-0.017401580676792438
1999-10-14 13:30:00+00:00,0.005346320411979899
1999-10-15 13:30:00+00:00,-0.02604638870368593
1999-10-18 13:30:00+00:00,0.009664991212989572
1999-10-19 13:30:00+00:00,0.00853744033629721
1999-10-20 13:30:00+00:00,0.018428378458697593
1999-10-21 13:30:00+00:00,-0.009052182439861622
1999-10-22 13:30:00+00:00,0.016531780268316244
1999-10-25 13:30:00+00:00,-0.01147176457682465
1999-10-26 13:30:00+00:00,-0.0048097445388144535
1999-10-27 13:30:00+00:00,0.008842252843737065
1999-10-28 13:30:00+00:00,0.021526032875830204
1999-10-29 13:30:00+00:00,0.009372101048484616
1999-11-01 14:30:00+00:00,-0.007766777784663848
1999-11-02 14:30:00+00:00,-0.006846017814546868
1999-11-03 14:30:00+00:00,0.002405970320179296
1999-11-04 14:30:00+00:00,0.0024648934703754735
1999-11-05 14:30:00+00:00,0.0059649037122306734
1999-11-08 14:30:00+00:00,0.0046270062360966755
1999-11-09 14:30:00+00:00,-0.009225374512566342
1999-11-10 14:30:00+00:00,-0.0014381337189544152
1999-11-11 14:30:00+00:00,-0.0008497885377124592
1999-11-12 14:30:00+00:00,0.016496062189463413
1999-11-15 14:30:00+00:00,-0.00046976947649136615
1999-11-16 14:30:00+00:00,0.015643023966811487
1999-11-17 14:30:00+00:00,-0.004300764594198936
1999-11-18 14:30:00+00:00,0.013496138981039952
1999-11-19 14:30:00+00:00,-0.002761079152788126
1999-11-22 14:30:00+00:00,0.007234078418052447
1999-11-23 14:30:00+00:00,-0.008635408534545596
1999-11-24 14:30:00+00:00,0.0006227305917627546
1999-11-26 14:30:00+00:00,-0.001767046091916924
1999-11-29 14:30:00+00:00,-0.0035417872332255238
1999-11-30 14:30:00+00:00,-0.006283429212694769
1999-12-01 14:30:00+00:00,0.011109512363855368
1999-12-02 14:30:00+00:00,0.003905453463482134
1999-12-03 14:30:00+00:00,0.021634375627143532
1999-12-06 14:30:00+00:00,-0.005573679693135503
1999-12-07 14:30:00+00:00,-0.010348046944687838
1999-12-08 14:30:00+00:00,-0.003623789779242392
1999-12-09 14:30:00+00:00,0.0054239317610378255
1999-12-10 14:30:00+00:00,0.007697787632578101
1999-12-13 14:30:00+00:00,-0.002317089900396818
1999-12-14 14:30:00+00:00,-0.0032414787193471126
1999-12-15 14:30:00+00:00,0.005863020816969866
1999-12-16 14:30:00+00:00,0.0017254211449559854
1999-12-17 14:30:00+00:00,-0.0001
1999-12-20 14:30:00+00:00,-0.009894346150428734
1999-12-21 14:30:00+00:00,0.005115231613953097
1999-12-22 14:30:00+00:00,0.0002705015862507377
1999-12-23 14:30:00+00:00,0.018083197162912724
1999-12-27 14:30:00+00:00,-0.0018150917634002339
1999-12-28 14:30:00+00:00,0.00758003174597176
1999-12-29 14:30:00+00:00,0.0009267930596177254
1999-12-30 14:30:00+00:00,-0.0028428606414038324
1999-12-31 14:30:00+00:00,0.003710164827762863
2000-01-03 14:30:00+00:00,-0.01264927239114223
2000-01-04 14:30:00+00:00,-0.03109806713804265
2000-01-05 14:30:00+00:00,0.012028108528171922
2000-01-06 14:30:00+00:00,0.012487509185998603
2000-01-07 14:30:00+00:00,0.024395291260589137
2000-01-10 14:30:00+00:00,0.003344161615545838
2000-01-11 14:30:00+00:00,-0.0050608677546804095
2000-01-12 14:30:00+00:00,0.003755929427172944
2000-01-13 14:30:00+00:00,0.0019928318355124544
2000-01-14 14:30:00+00:00,0.008818817563711601
2000-01-18 14:30:00+00:00,-0.013622325119280975
2000-01-19 14:30:00+00:00,-0.004077366910467795
2000-01-20 14:30:00+00:00,-0.012196320798037907
2000-01-21 14:30:00+00:00,-0.009306359034157451
2000-01-24 14:30:00+00:00,-0.021764752789601337
2000-01-25 14:30:00+00:00,0.0016191677716705822
2000-01-26 14:30:00+00:00,0.000547625829571341
2000-01-27 14:30:00+00:00,-0.0007823650448573027
2000-01-28 14:30:00+00:00,-0.02604574896820223
2000-01-31 14:30:00+00:00,0.018972758742768814
2000-02-01 14:30:00+00:00,0.009345238970644088
2000-02-02 14:30:00+00:00,-0.003220182776566338
2000-02-03 14:30:00+00:00,0.00016883122366005986
2000-02-04 14:30:00+00:00,-0.004691303175938033
2000-02-07 14:30:00+00:00,-0.005587858256094658
2000-02-08 14:30:00+00:00,0.00479165196872432
2000-02-09 14:30:00+00:00,-0.02290247087121967
2000-02-10 14:30:00+00:00,-0.005174821970903698
2000-02-11 14:30:00+00:00,-0.02016174610222333
2000-02-14 14:30:00+00:00,0.008354026910665658
2000-02-15 14:30:00+00:00,0.018715268392112783
2000-02-16 14:30:00+00:00,-0.01414151226047745
2000-02-17 14:30:00+00:00,-0.00494484355697179
2000-02-18 14:30:00+00:00,-0.028161135403625203
2000-02-22 14:30:00+00:00,0.008218119281352621
2000-02-23 14:30:00+00:00,-0.0068111267271087185
2000-02-24 14:30:00+00:00,-0.014730302336889666
2000-02-25 14:30:00+00:00,-0.02275926432611487
2000-02-28 14:30:00+00:00,0.018570378425816204
2000-02-29 14:30:00+00:00,0.008737968470497116
2000-03-01 14:30:00+00:00,0.0008695131269955581
2000-03-02 14:30:00+00:00,0.0028085556165031614
2000-03-03 14:30:00+00:00,0.01917812039046284
2000-03-06 14:30:00+00:00,-0.018292942307737602
2000-03-07 14:30:00+00:00,-0.03947982177005506
2000-03-08 14:30:00+00:00,0.005597541836527486
2000-03-09 14:30:00+00:00,0.01567228362345462
2000-03-10 14:30:00+00:00,-0.008066138326069849
2000-03-13 14:30:00+00:00,0.0035231823368579887
2000-03-14 14:30:00+00:00,-0.014805216044400448
2000-03-15 14:30:00+00:00,0.03285827987445876
2000-03-16 14:30:00+00:00,0.04832602232703097
2000-03-17 14:30:00+00:00,-0.0033690558653571953
2000-03-20 14:30:00+00:00,0.007969112945090718
2000-03-21 14:30:00+00:00,0.021163530069676407
2000-03-22 14:30:00+00:00,-0.004703824306843363
2000-03-23 14:30:00+00:00,0.021534716105586094
2000-03-24 14:30:00+00:00,0.0003744141236143751
2000-03-27 14:30:00+00:00,-0.00617580200797786
2000-03-28 14:30:00+00:00,-0.008043748223816493
2000-03-29 14:30:00+00:00,0.007183075157118457
2000-03-30 14:30:00+00:00,-0.002636290961453913
2000-03-31 14:30:00+00:00,-0.00659127010205719
2000-04-03 13:30:00+00:00,0.03291483576185138
2000-04-04 13:30:00+00:00,-0.005489591837941965
2000-04-05 13:30:00+00:00,-0.011688887929526947
2000-04-06 13:30:00+00:00,0.007580266868090424
2000-04-07 13:30:00+00:00,-0.0010485502581930705
2000-04-10 13:30:00+00:00,0.0063481001739027374
2000-04-11 13:30:00+00:00,0.009389293865733828
2000-04-12 13:30:00+00:00,-0.014096208880456495
2000-04-13 13:30:00+00:00,-0.018876444631037003
2000-04-14 13:30:00+00:00,-0.05659442226096058
2000-04-17 13:30:00+00:00,0.027000054982816647
2000-04-18 13:30:00+00:00,0.017228047258746926
2000-04-19 13:30:00+00:00,-0.006985289242382853
2000-04-20 13:30:00+00:00,0.016384461555037245
2000-04-24 13:30:00+00:00,0.0076404339587943125
2000-04-25 13:30:00+00:00,0.018969028907783948
2000-04-26 13:30:00+00:00,-0.01649299376304848
2000-04-27 13:30:00+00:00,-0.005017838485839155
2000-04-28 13:30:00+00:00,-0.014683045324867316
2000-05-01 13:30:00+00:00,0.005701275977282971
2000-05-02 13:30:00+00:00,-0.006990880489446194
2000-05-03 13:30:00+00:00,-0.023588179884898596
2000-05-04 13:30:00+00:00,-0.0064364933013109195
2000-05-05 13:30:00+00:00,0.016054178611764714
2000-05-08 13:30:00+00:00,0.0029573612744031477
2000-05-09 13:30:00+00:00,-0.006773558506667399
2000-05-10 13:30:00+00:00,-0.015794309339874257
2000-05-11 13:30:00+00:00,0.01694075632135682
2000-05-12 13:30:00+00:00,0.005617149142348887
2000-05-15 13:30:00+00:00,0.018831943057414414
2000-05-16 13:30:00+00:00,0.010861579126139932
2000-05-17 13:30:00+00:00,-0.014820036451434936
2000-05-18 13:30:00+00:00,0.0004087792986659956
2000-05-19 13:30:00+00:00,-0.012861734772889887
2000-05-22 13:30:00+00:00,-0.007840410311417034
2000-05-23 13:30:00+00:00,-0.01118731892588799
2000-05-24 13:30:00+00:00,0.010882661234624436
2000-05-25 13:30:00+00:00,-0.019658664353925503
2000-05-26 13:30:00+00:00,-0.0023909684078701307
2000-05-30 13:30:00+00:00,0.02172232158387576
2000-05-31 13:30:00+00:00,-0.000665163080575637
2000-06-01 13:30:00+00:00,0.011286972551989505
2000-06-02 13:30:00+00:00,0.012533094453135208
2000-06-05 13:30:00+00:00,0.0019558905081320413
2000-06-06 13:30:00+00:00,-0.00814242564733315
2000-06-07 13:30:00+00:00,0.0072955398757756805
2000-06-08 13:30:00+00:00,-0.01397037568767635
2000-06-09 13:30:00+00:00,-0.006131777763978785
2000-06-12 13:30:00+00:00,-0.004896003784033332
2000-06-13 13:30:00+00:00,0.005536103831383687
2000-06-14 13:30:00+00:00,0.005118945999219793
2000-06-15 13:30:00+00:00,0.0022565296426215633
2000-06-16 13:30:00+00:00,-0.025148141291478587
2000-06-19 13:30:00+00:00,0.010374278265905302
2000-06-20 13:30:00+00:00,-0.011819045525314886
2000-06-21 13:30:00+00:00,0.004773263551649298
2000-06-22 13:30:00+00:00,-0.011518631388740774
2000-06-23 13:30:00+00:00,0.002625423403405314
2000-06-26 13:30:00+00:00,0.013289460752311511
2000-06-27 13:30:00+00:00,-0.003621304862496688
2000-06-28 13:30:00+00:00,0.001936892913845234
2000-06-29 13:30:00+00:00,-0.012059477654750472
2000-06-30 13:30:00+00:00,0.005172715382178106
2000-07-03 13:30:00+00:00,0.01045557575064925
2000-07-05 13:30:00+00:00,-0.005284063827129437
2000-07-06 13:30:00+00:00,-9.813658896097302e-05
2000-07-07 13:30:00+00:00,0.014461250050070252
2000-07-10 13:30:00+00:00,0.0017293191141378617
2000-07-11 13:30:00+00:00,0.007236878797524315
2000-07-12 13:30:00+00:00,0.00563756322421981
2000-07-13 13:30:00+00:00,0.0011798275219201293
2000-07-14 13:30:00+00:00,0.0017011555733536965
2000-07-17 13:30:00+00:00,-0.0008519939219092775
2000-07-18 13:30:00+00:00,-0.0055856334675910115
2000-07-19 13:30:00+00:00,-0.002717485905880179
2000-07-20 13:30:00+00:00,0.013281433130343013
2000-07-21 13:30:00+00:00,-0.010239723916794296
2000-07-24 13:30:00+00:00,-0.004416318280243148
2000-07-25 13:30:00+00:00,0.0009000161705518984
2000-07-26 13:30:00+00:00,-0.016273080252386617
2000-07-27 13:30:00+00:00,0.006489419451745515
2000-07-28 13:30:00+00:00,-0.008009395387643902
2000-07-31 13:30:00+00:00,0.000631426435729654
2000-08-01 13:30:00+00:00,0.007800240349705489
2000-08-02 13:30:00+00:00,0.00728795095993372
2000-08-03 13:30:00+00:00,0.0024478994209320318
2000-08-04 13:30:00+00:00,0.004976805656926142
2000-08-07 13:30:00+00:00,0.00853462646371338
2000-08-08 13:30:00+00:00,0.010184188786647164
2000-08-09 13:30:00+00:00,-0.0060348013034790095
2000-08-10 13:30:00+00:00,0.0006063712717862991
2000-08-11 13:30:00+00:00,0.011069957280462884
2000-08-14 13:30:00+00:00,0.013418489654366306
2000-08-15 13:30:00+00:00,-0.009768843233448298
2000-08-16 13:30:00+00:00,-0.005560417158896225
2000-08-17 13:30:00+00:00,0.003958637295809797
2000-08-18 13:30:00+00:00,-0.0005270781887113496
2000-08-21 13:30:00+00:00,0.0017953111469868222
2000-08-22 13:30:00+00:00,0.005038888876649927
2000-08-23 13:30:00+00:00,0.0011668364263157538
2000-08-24 13:30:00+00:00,0.003384421318958875
2000-08-25 13:30:00+00:00,0.0007843671792624352
2000-08-28 13:30:00+00:00,0.005113227640435303
2000-08-29 13:30:00+00:00,-0.0031375236169848384
2000-08-30 13:30:00+00:00,-0.009556678352183556
2000-08-31 13:30:00+00:00,0.009793458846637283
2000-09-01 13:30:00+00:00,0.0016148861992570818
2000-09-05 13:30:00+00:00,0.0033620760690768916
2000-09-06 13:30:00+00:00,0.004970348272850022
2000-09-07 13:30:00+00:00,-0.005061081653361399
2000-09-08 13:30:00+00:00,-0.003746808563405379
2000-09-11 13:30:00+00:00,-0.0022435642284591825
2000-09-12 13:30:00+00:00,0.0030721225086567275
2000-09-13 13:30:00+00:00,-0.003917413841537665
2000-09-14 13:30:00+00:00,-0.009225485572253011
2000-09-15 13:30:00+00:00,-0.014605967439695899
2000-09-18 13:30:00+00:00,-0.01089039534156656
2000-09-19 13:30:00+00:00,-0.002220719711574903
2000-09-20 13:30:00+00:00,-0.009970777109625583
2000-09-21 13:30:00+00:00,0.007858414359086064
2000-09-22 13:30:00+00:00,0.015733074140302995
2000-09-25 13:30:00+00:00,-0.003715597710670659
2000-09-26 13:30:00+00:00,-0.016292359581917003
2000-09-27 13:30:00+00:00,-0.00037841894049784876
2000-09-28 13:30:00+00:00,0.018171180884883665
2000-09-29 13:30:00+00:00,-0.01585401173564317
2000-10-02 13:30:00+00:00,0.0037530896866726396
2000-10-03 13:30:00+00:00,0.0008244200445048811
2000-10-04 13:30:00+00:00,0.005602556032453287
2000-10-05 13:30:00+00:00,-0.005552645856759753
2000-10-06 13:30:00+00:00,-0.012239707554540635
2000-10-09 13:30:00+00:00,-0.0027876201015257893
2000-10-10 13:30:00+00:00,-0.0043358606759969056
2000-10-11 13:30:00+00:00,-0.010296707202882349
2000-10-12 13:30:00+00:00,-0.0374709086265831
2000-10-13 13:30:00+00:00,0.015905347933521597
2000-10-16 13:30:00+00:00,0.00520394665370304
2000-10-17 13:30:00+00:00,-0.015052855449470003
2000-10-18 13:30:00+00:00,-0.011102459901933159
2000-10-19 13:30:00+00:00,0.012718283755540395
2000-10-20 13:30:00+00:00,0.0083270650238234
2000-10-23 13:30:00+00:00,0.003949708008454056
2000-10-24 13:30:00+00:00,0.011531788790563258
2000-10-25 13:30:00+00:00,-0.006754669973836014
2000-10-26 13:30:00+00:00,0.005094378530015475
2000-10-27 13:30:00+00:00,0.02003374775345267
2000-10-30 14:30:00+00:00,0.023295217914342404
2000-10-31 14:30:00+00:00,0.012428391170462117
2000-11-01 14:30:00+00:00,-0.00618598910769842
2000-11-02 14:30:00+00:00,-0.0021783090066803787
2000-11-03 14:30:00+00:00,-0.00609271416606384
2000-11-06 14:30:00+00:00,0.014373352421876085
2000-11-07 14:30:00+00:00,-0.0025174074685855416
2000-11-08 14:30:00+00:00,-0.004416122569857584
2000-11-09 14:30:00+00:00,-0.006324515196984193
2000-11-10 14:30:00+00:00,-0.019596427039753516
2000-11-13 14:30:00+00:00,-0.0074711215065424
2000-11-14 14:30:00+00:00,0.0144142421876856
2000-11-15 14:30:00+00:00,0.0023706609582632046
2000-11-16 14:30:00+00:00,-0.004705164373982063
2000-11-17 14:30:00+00:00,-0.002657889968945903
2000-11-20 14:30:00+00:00,-0.015303931185863606
2000-11-21 14:30:00+00:00,0.002664272431999837
2000-11-22 14:30:00+00:00,-0.008201616616128959
2000-11-24 14:30:00+00:00,0.006278429451254996
2000-11-27 14:30:00+00:00,0.00626875008969473
2000-11-28 14:30:00+00:00,-0.0029734745410637917
2000-11-29 14:30:00+00:00,0.011932109179840101
2000-11-30 14:30:00+00:00,-0.018575988853570157
2000-12-01 14:30:00+00:00,-0.004249056667806073
2000-12-04 14:30:00+00:00,0.017594350647529556
2000-12-05 14:30:00+00:00,0.03033832289241344
2000-12-06 14:30:00+00:00,-0.021369896780208186
2000-12-07 14:30:00+00:00,-0.0026646478409618865
2000-12-08 14:30:00+00:00,0.007496825331801504
2000-12-11 14:30:00+00:00,0.0005007310990399084
2000-12-12 14:30:00+00:00,0.0038595859829435477
2000-12-13 14:30:00+00:00,0.001429997269997807
2000-12-14 14:30:00+00:00,-0.011200701508318877
2000-12-15 14:30:00+00:00,-0.02010571924767125
2000-12-18 14:30:00+00:00,0.020227151353364937
2000-12-19 14:30:00+00:00,-0.005621822807110111
2000-12-20 14:30:00+00:00,-0.024865219619206857
2000-12-21 14:30:00+00:00,0.01666398951895597
2000-12-22 14:30:00+00:00,0.013267921120639892
2000-12-26 14:30:00+00:00,0.004997706188271322
2000-12-27 14:30:00+00:00,0.010476192084856607
2000-12-28 14:30:00+00:00,0.0067140996907533055
2000-12-29 14:30:00+00:00,-0.007531347549464951
2001-01-02 14:30:00+00:00,-0.013515865588672137
2001-01-03 14:30:00+00:00,0.028885419433423366
2001-01-04 14:30:00+00:00,-0.0030721745537566456
2001-01-05 14:30:00+00:00,-0.023082148004284996
2001-01-08 14:30:00+00:00,-0.0036070648877552067
2001-01-09 14:30:00+00:00,-0.0050561520613333745
2001-01-10 14:30:00+00:00,0.0032863962379288017
2001-01-11 14:30:00+00:00,0.0007820219621072933
2001-01-12 14:30:00+00:00,-0.007957705035739459
2001-01-16 14:30:00+00:00,0.011954202112948387
2001-01-17 14:30:00+00:00,-0.007286071612658385
2001-01-18 14:30:00+00:00,0.008753449707526773
2001-01-19 14:30:00+00:00,-0.009309260364027693
2001-01-22 14:30:00+00:00,-0.00044588836739024575
2001-01-23 14:30:00+00:00,0.006898030124605536
2001-01-24 14:30:00+00:00,-0.000558125395255804
2001-01-25 14:30:00+00:00,0.0059939634607601875
2001-01-26 14:30:00+00:00,-0.006355160666865156
2001-01-29 14:30:00+00:00,0.004128206596944339
2001-01-30 14:30:00+00:00,0.01662646051302107
2001-01-31 14:30:00+00:00,0.00036960431551390514
2001-02-01 14:30:00+00:00,0.008977740144137093
2001-02-02 14:30:00+00:00,-0.010899734490336554
2001-02-05 14:30:00+00:00,0.009605792354365306
2001-02-06 14:30:00+00:00,-0.0007940565938003962
2001-02-07 14:30:00+00:00,-0.000303715306966612
2001-02-08 14:30:00+00:00,-0.005590576572129702
2001-02-09 14:30:00+00:00,-0.009022138454956263
2001-02-12 14:30:00+00:00,0.015424917907260739
2001-02-13 14:30:00+00:00,-0.004379324754231318
2001-02-14 14:30:00+00:00,-0.00964268817703352
2001-02-15 14:30:00+00:00,0.008267009148212202
2001-02-16 14:30:00+00:00,-0.007844320513104585
2001-02-20 14:30:00+00:00,-0.006521213523004288
2001-02-21 14:30:00+00:00,-0.018261057132871527
2001-02-22 14:30:00+00:00,-0.00019405900505055075
2001-02-23 14:30:00+00:00,-0.008395900408386125
2001-02-26 14:30:00+00:00,0.01855889000266585
2001-02-27 14:30:00+00:00,-0.00024668944055418186
2001-02-28 14:30:00+00:00,-0.013638462498705827
2001-03-01 14:30:00+00:00,-0.004208388874991098
2001-03-02 14:30:00+00:00,0.0026083179547315874
2001-03-05 14:30:00+00:00,0.008818783483567117
2001-03-06 14:30:00+00:00,0.0018914348438181406
2001-03-07 14:30:00+00:00,0.012904255460390413
2001-03-08 14:30:00+00:00,0.012120367911037756
2001-03-09 14:30:00+00:00,-0.019038999486342367
2001-03-12 14:30:00+00:00,-0.040544493238566695
2001-03-13 14:30:00+00:00,0.008120933030548273
2001-03-14 14:30:00+00:00,-0.029864321650719405
2001-03-15 14:30:00+00:00,0.004744309274336655
2001-03-16 14:30:00+00:00,-0.020066943082769472
2001-03-19 14:30:00+00:00,0.014060879999673748
2001-03-20 14:30:00+00:00,-0.024231765169079444
2001-03-21 14:30:00+00:00,-0.02381607002899001
2001-03-22 14:30:00+00:00,-0.01076097466711724
2001-03-23 14:30:00+00:00,0.011522507009092731
2001-03-26 14:30:00+00:00,0.018648089853300787
2001-03-27 14:30:00+00:00,0.026697299313336965
2001-03-28 14:30:00+00:00,-0.015777240461467345
2001-03-29 14:30:00+00:00,0.0013429459971123659
2001-03-30 14:30:00+00:00,0.007993350873876304
2001-04-02 13:30:00+00:00,-0.010146457400734731
2001-04-03 13:30:00+00:00,-0.029673075241960622
2001-04-04 13:30:00+00:00,0.0035356826955532552
2001-04-05 13:30:00+00:00,0.04092353630837174
2001-04-06 13:30:00+00:00,-0.012491701040448177
2001-04-09 13:30:00+00:00,0.005165726331802556
2001-04-10 13:30:00+00:00,0.025522504277390324
2001-04-11 13:30:00+00:00,-0.009554902287718502
2001-04-12 13:30:00+00:00,0.011271161588055623
2001-04-16 13:30:00+00:00,0.0038927628579337073
2001-04-17 13:30:00+00:00,0.006302849267924226
2001-04-18 13:30:00+00:00,0.0379321466341047
2001-04-19 13:30:00+00:00,0.007211554285045707
2001-04-20 13:30:00+00:00,-0.010434617167347292
2001-04-23 13:30:00+00:00,-0.0037675367751395347
2001-04-24 13:30:00+00:00,-0.007261628362496786
2001-04-25 13:30:00+00:00,0.016331976198003185
2001-04-26 13:30:00+00:00,0.005480719387829225
2001-04-27 13:30:00+00:00,0.010662051928530526
2001-04-30 13:30:00+00:00,-0.007445794041442866
2001-05-01 13:30:00+00:00,0.015205503705670854
2001-05-02 13:30:00+00:00,-0.002492955631614568
2001-05-03 13:30:00+00:00,-0.007059868703279582
2001-05-04 13:30:00+00:00,0.014542556072585134
2001-05-07 13:30:00+00:00,-0.001668584651944871
2001-05-08 13:30:00+00:00,-0.004959837451804294
2001-05-09 13:30:00+00:00,-0.0009256275510163392
2001-05-10 13:30:00+00:00,0.0037247133374298416
2001-05-11 13:30:00+00:00,-0.008074683125010817
2001-05-14 13:30:00+00:00,0.005240358377246668
2001-05-15 13:30:00+00:00,-0.0005128017378253191
2001-05-16 13:30:00+00:00,0.03222287932562805
2001-05-17 13:30:00+00:00,0.0025678509854456413
2001-05-18 13:30:00+00:00,0.004876085213907133
2001-05-21 13:30:00+00:00,0.003332143919281705
2001-05-22 13:30:00+00:00,-0.0073805139186296055
2001-05-23 13:30:00+00:00,-0.013624005056928633
2001-05-24 13:30:00+00:00,0.00128196742643526
2001-05-25 13:30:00+00:00,-0.010589106159746519
2001-05-29 13:30:00+00:00,0.003033171919708744
2001-05-30 13:30:00+00:00,-0.014631033654397229
2001-05-31 13:30:00+00:00,0.0034601159240350457
2001-06-01 13:30:00+00:00,0.006940761322808508
2001-06-04 13:30:00+00:00,0.0062456570665623155
2001-06-05 13:30:00+00:00,0.010246818885334841
2001-06-06 13:30:00+00:00,-0.009716463259291774
2001-06-07 13:30:00+00:00,0.001811559074568192
2001-06-08 13:30:00+00:00,-0.010790715429573227
2001-06-11 13:30:00+00:00,-0.004901931984568686
2001-06-12 13:30:00+00:00,0.0029885002642122574
2001-06-13 13:30:00+00:00,-0.0065320857989855765
2001-06-14 13:30:00+00:00,-0.01649080149100902
2001-06-15 13:30:00+00:00,-0.005452583200612937
2001-06-18 13:30:00+00:00,0.0020539075370675677
2001-06-19 13:30:00+00:00,-0.00550907275644198
2001-06-20 13:30:00+00:00,0.0049539078899130005
2001-06-21 13:30:00+00:00,0.00638483113452758
2001-06-22 13:30:00+00:00,-0.010542789740120361
2001-06-25 13:30:00+00:00,-0.009871995666915111
2001-06-26 13:30:00+00:00,-0.0024643543005618104
2001-06-27 13:30:00+00:00,-0.003491459402005581
2001-06-28 13:30:00+00:00,0.01211216435936623
2001-06-29 13:30:00+00:00,-0.006050547729903666
2001-07-02 13:30:00+00:00,0.00835025722155346
2001-07-03 13:30:00+00:00,-0.0017790520503369156
2001-07-05 13:30:00+00:00,-0.008274165559131307
2001-07-06 13:30:00+00:00,-0.021485563169568855
2001-07-09 13:30:00+00:00,0.004364791255603506
2001-07-10 13:30:00+00:00,-0.012252494681476388
2001-07-11 13:30:00+00:00,0.006418062907450828
2001-07-12 13:30:00+00:00,0.020318185139599255
2001-07-13 13:30:00+00:00,0.005690004371907242
2001-07-16 13:30:00+00:00,-0.006349807708204269
2001-07-17 13:30:00+00:00,0.01306023790220533
2001-07-18 13:30:00+00:00,-0.002432329751588369
2001-07-19 13:30:00+00:00,0.00327325595205229
2001-07-20 13:30:00+00:00,-0.0028851695911300654
2001-07-23 13:30:00+00:00,-0.014518186119061204
2001-07-24 13:30:00+00:00,-0.01762524903805719
2001-07-25 13:30:00+00:00,0.015905069629213776
2001-07-26 13:30:00+00:00,0.00491467031842151
2001-07-27 13:30:00+00:00,-0.0034696994272959245
2001-07-30 13:30:00+00:00,-0.0017278416695973963
2001-07-31 13:30:00+00:00,0.01139935754317899
2001-08-01 13:30:00+00:00,-0.0017499943367541681
2001-08-02 13:30:00+00:00,0.0034868235623701674
2001-08-03 13:30:00+00:00,-0.003628858552226621
2001-08-06 13:30:00+00:00,-0.009888560656341593
2001-08-07 13:30:00+00:00,0.005641877787395211
2001-08-08 13:30:00+00:00,-0.015658233729904058
2001-08-09 13:30:00+00:00,0.0006199564097566391
2001-08-10 13:30:00+00:00,0.011491884116249896
2001-08-13 13:30:00+00:00,0.0002851137135935101
2001-08-14 13:30:00+00:00,-0.0005588937594854903
2001-08-15 13:30:00+00:00,-0.005970982701310812
2001-08-16 13:30:00+00:00,0.00477521139607816
2001-08-17 13:30:00+00:00,-0.01403098505450685
2001-08-20 13:30:00+00:00,0.0077853043860254155
2001-08-21 13:30:00+00:00,-0.014240471880869309
2001-08-22 13:30:00+00:00,0.010381557867976222
2001-08-23 13:30:00+00:00,-0.004698859417484169
2001-08-24 13:30:00+00:00,0.018535701647060632
2001-08-27 13:30:00+00:00,-0.003977107134645397
2001-08-28 13:30:00+00:00,-0.01556143759521601
2001-08-29 13:30:00+00:00,-0.013161807934545699
2001-08-30 13:30:00+00:00,-0.015728573532889156
2001-08-31 13:30:00+00:00,0.003004160031269121
2001-09-04 13:30:00+00:00,0.004977899346810355
2001-09-05 13:30:00+00:00,0.0034156022982836268
2001-09-06 13:30:00+00:00,-0.018797968552044308
2001-09-07 13:30:00+00:00,-0.024019765337228504
2001-09-10 13:30:00+00:00,0.0001238189533469992
2001-09-17 13:30:00+00:00,-0.06895157235576511
2001-09-18 13:30:00+00:00,-0.002263000466791298
2001-09-19 13:30:00+00:00,-0.01631940886618456
2001-09-20 13:30:00+00:00,-0.04266680497360244
2001-09-21 13:30:00+00:00,-0.014549726467453904
2001-09-24 13:30:00+00:00,0.043763866648594205
2001-09-25 13:30:00+00:00,0.006219134864647857
2001-09-26 13:30:00+00:00,-0.010800841157338158
2001-09-27 13:30:00+00:00,0.013201487425338321
2001-09-28 13:30:00+00:00,0.019313284112911767
2001-10-01 13:30:00+00:00,-0.001133199153966713
2001-10-02 13:30:00+00:00,0.012789374700719048
2001-10-03 13:30:00+00:00,0.01977037269106673
2001-10-04 13:30:00+00:00,-0.007370582329209852
2001-10-05 13:30:00+00:00,0.006627077624753663
2001-10-08 13:30:00+00:00,-0.005344721532786656
2001-10-09 13:30:00+00:00,-0.001657276551872211
2001-10-10 13:30:00+00:00,0.020730126149529394
2001-10-11 13:30:00+00:00,0.018057203591163685
2001-10-12 13:30:00+00:00,-0.006998679050550416
2001-10-15 13:30:00+00:00,0.0006258740703104393
2001-10-16 13:30:00+00:00,0.003957312477424357
2001-10-17 13:30:00+00:00,-0.01679798194800398
2001-10-18 13:30:00+00:00,-0.007415794863635095
2001-10-19 13:30:00+00:00,0.004407436385430718
2001-10-22 13:30:00+00:00,0.018709409723533844
2001-10-23 13:30:00+00:00,-0.004267729561955214
2001-10-24 13:30:00+00:00,0.0003517231235194874
2001-10-25 13:30:00+00:00,0.012810148481603213
2001-10-26 13:30:00+00:00,0.008660007740437282
2001-10-29 14:30:00+00:00,-0.02879742175190948
2001-10-30 14:30:00+00:00,-0.015485478115643613
2001-10-31 14:30:00+00:00,-0.005415860979702936
2001-11-01 14:30:00+00:00,0.01931690920116579
2001-11-02 14:30:00+00:00,0.006270595648637733
2001-11-05 14:30:00+00:00,0.012170340135541514
2001-11-06 14:30:00+00:00,0.01622179792582056
2001-11-07 14:30:00+00:00,-0.0032622935038746467
2001-11-08 14:30:00+00:00,0.002947572225438833
2001-11-09 14:30:00+00:00,0.0020946518133202366
2001-11-12 14:30:00+00:00,-0.005488201727066999
2001-11-13 14:30:00+00:00,0.02078907256194461
2001-11-14 14:30:00+00:00,0.007333032850660215
2001-11-15 14:30:00+00:00,0.004759130443771731
2001-11-16 14:30:00+00:00,-0.0005578358688088758
2001-11-19 14:30:00+00:00,0.010640114536553103
2001-11-20 14:30:00+00:00,-0.006847135817628092
2001-11-21 14:30:00+00:00,-0.006114715666775361
2001-11-23 14:30:00+00:00,0.012776940941201732
2001-11-26 14:30:00+00:00,0.0020251570241840325
2001-11-27 14:30:00+00:00,-0.010894279137733564
2001-11-28 14:30:00+00:00,-0.015829024198552043
2001-11-29 14:30:00+00:00,0.012163224566918308
2001-11-30 14:30:00+00:00,0.002215620022512288
2001-12-03 14:30:00+00:00,-0.008727305632036508
2001-12-04 14:30:00+00:00,0.01303700115490879
2001-12-05 14:30:00+00:00,0.0224389293161975
2001-12-06 14:30:00+00:00,-0.0015229081844739922
2001-12-07 14:30:00+00:00,-0.005019199974394495
2001-12-10 14:30:00+00:00,-0.012600183463160396
2001-12-11 14:30:00+00:00,-0.0038508557319132494
2001-12-12 14:30:00+00:00,0.000662600740140451
2001-12-13 14:30:00+00:00,-0.012505508771122453
2001-12-14 14:30:00+00:00,0.00465494078301053
2001-12-17 14:30:00+00:00,0.008315360474416379
2001-12-18 14:30:00+00:00,0.010530505010681857
2001-12-19 14:30:00+00:00,0.007494147615018309
2001-12-20 14:30:00+00:00,-0.007944711488405042
2001-12-21 14:30:00+00:00,0.004756391086551115
2001-12-24 14:30:00+00:00,-0.00022454429437291913
2001-12-26 14:30:00+00:00,0.005140355015271314
2001-12-27 14:30:00+00:00,0.004122503128739063
2001-12-28 14:30:00+00:00,0.00020094953771042655
2001-12-31 14:30:00+00:00,-0.011424581514587261
2002-01-02 14:30:00+00:00,0.005057845306736908
2002-01-03 14:30:00+00:00,0.009653914754596638
2002-01-04 14:30:00+00:00,0.008045985580770621
2002-01-07 14:30:00+00:00,-0.006364321773892801
2002-01-08 14:30:00+00:00,-0.0045341924463466856
2002-01-09 14:30:00+00:00,-0.0059198363043596715
2002-01-10 14:30:00+00:00,-0.002541382059697794
2002-01-11 14:30:00+00:00,-0.008242320749073728
2002-01-14 14:30:00+00:00,-0.00950975326329152
2002-01-15 14:30:00+00:00,0.003076061651962714
2002-01-16 14:30:00+00:00,-0.020698969701917435
2002-01-17 14:30:00+00:00,0.014091422825428291
2002-01-18 14:30:00+00:00,-0.0061106986442576285
2002-01-22 14:30:00+00:00,-0.006090381014014723
2002-01-23 14:30:00+00:00,0.0019595286233751066
2002-01-24 14:30:00+00:00,0.006254943216834163
2002-01-25 14:30:00+00:00,0.004683876936675479
2002-01-28 14:30:00+00:00,0.002206215630615727
2002-01-29 14:30:00+00:00,-0.02516703167878488
2002-01-30 14:30:00+00:00,0.014841118268133825
2002-01-31 14:30:00+00:00,0.01596028776945312
2002-02-01 14:30:00+00:00,-0.001690266024865339
2002-02-04 14:30:00+00:00,-0.022145429293404805
2002-02-05 14:30:00+00:00,-2.8810364726805564e-05
2002-02-06 14:30:00+00:00,-0.003059127467910605
2002-02-07 14:30:00+00:00,-0.0027452571708659443
2002-02-08 14:30:00+00:00,0.012009895874857558
2002-02-11 14:30:00+00:00,0.014784346770688284
2002-02-12 14:30:00+00:00,-0.0017810513450090659
2002-02-13 14:30:00+00:00,0.01336046656689337
2002-02-14 14:30:00+00:00,0.0011333052639728059
2002-02-15 14:30:00+00:00,-0.00987819223990195
2002-02-19 14:30:00+00:00,-0.01566691041827507
2002-02-20 14:30:00+00:00,0.02030569207453702
2002-02-21 14:30:00+00:00,-0.010054123908212375
2002-02-22 14:30:00+00:00,0.013449795366404772
2002-02-25 14:30:00+00:00,0.01754938548484163
2002-02-26 14:30:00+00:00,-0.0031160661468977555
2002-02-27 14:30:00+00:00,0.0008814222785560211
2002-02-28 14:30:00+00:00,-0.0024839804993672773
2002-03-01 14:30:00+00:00,0.02539889145962725
2002-03-04 14:30:00+00:00,0.020995544156156665
2002-03-05 14:30:00+00:00,-0.015014933494062476
2002-03-06 14:30:00+00:00,0.013543656480465394
2002-03-07 14:30:00+00:00,-0.005084779320925226
2002-03-08 14:30:00+00:00,0.0037759582101233205
2002-03-11 14:30:00+00:00,0.00379495250815064
2002-03-12 14:30:00+00:00,0.0025431959851269672
2002-03-13 14:30:00+00:00,-0.011241094103992443
2002-03-14 14:30:00+00:00,0.0014093011730979988
2002-03-15 14:30:00+00:00,0.008532216361178947
2002-03-18 14:30:00+00:00,-0.0030023823211418163
2002-03-19 14:30:00+00:00,0.005276070609820038
2002-03-20 14:30:00+00:00,-0.011888940417908899
2002-03-21 14:30:00+00:00,-0.0022091612285543125
2002-03-22 14:30:00+00:00,-0.004874928897076314
2002-03-25 14:30:00+00:00,-0.014173045513354087
2002-03-26 14:30:00+00:00,0.006986281478092759
2002-03-27 14:30:00+00:00,0.007206331276390354
2002-03-28 14:30:00+00:00,-0.0025678857437346878
2002-04-01 14:30:00+00:00,-0.0038848347496930444
2002-04-02 14:30:00+00:00,-0.003843071709160328
2002-04-03 14:30:00+00:00,-0.011108691585696173
2002-04-04 14:30:00+00:00,0.003393283292780314
2002-04-05 14:30:00+00:00,0.0034014209376766916
2002-04-08 13:30:00+00:00,-0.0010581990655227469
2002-04-09 13:30:00+00:00,-0.004116640503910263
2002-04-10 13:30:00+00:00,0.016679956864601653
2002-04-11 13:30:00+00:00,-0.019640584511661296
2002-04-12 13:30:00+00:00,0.0011035089038935353
2002-04-15 13:30:00+00:00,-0.00951162263803752
2002-04-16 13:30:00+00:00,0.019794343779032875
2002-04-17 13:30:00+00:00,-0.007758493738226358
2002-04-18 13:30:00+00:00,-0.0014884725435526768
2002-04-19 13:30:00+00:00,0.004249482849874242
2002-04-22 13:30:00+00:00,-0.011758571811622442
2002-04-23 13:30:00+00:00,-0.004831085508173805
2002-04-24 13:30:00+00:00,-0.006010823527772169
2002-04-25 13:30:00+00:00,0.0005341175701884971
2002-04-26 13:30:00+00:00,-0.012722785167767713
2002-04-29 13:30:00+00:00,-0.00924678728765561
2002-04-30 13:30:00+00:00,0.012866761131324223
2002-05-01 13:30:00+00:00,0.01143651496556507
2002-05-02 13:30:00+00:00,0.0033053781710714494
2002-05-03 13:30:00+00:00,-0.008532704995542827
2002-05-06 13:30:00+00:00,-0.019864513530677873
2002-05-07 13:30:00+00:00,0.0025522043686516563
2002-05-08 13:30:00+00:00,0.029740709990003323
2002-05-09 13:30:00+00:00,-0.010017186440851044
2002-05-10 13:30:00+00:00,-0.01009278684544702
2002-05-13 13:30:00+00:00,0.017089147039426312
2002-05-14 13:30:00+00:00,0.017569117496625253
2002-05-15 13:30:00+00:00,-0.004462115270440836
2002-05-16 13:30:00+00:00,0.0044986235022175134
2002-05-17 13:30:00+00:00,0.005927594328544161
2002-05-20 13:30:00+00:00,-0.011640293644496712
2002-05-21 13:30:00+00:00,-0.012160724546611778
2002-05-22 13:30:00+00:00,0.0057720933268581185
2002-05-23 13:30:00+00:00,0.005587986626545349
2002-05-24 13:30:00+00:00,-0.010642596991911401
2002-05-28 13:30:00+00:00,-0.012464267143307294
2002-05-29 13:30:00+00:00,-0.005502496988416772
2002-05-30 13:30:00+00:00,-0.0004347788873599988
2002-05-31 13:30:00+00:00,0.0009186037505339751
2002-06-03 13:30:00+00:00,-0.02167916929694259
2002-06-04 13:30:00+00:00,-0.002417117666533752
2002-06-05 13:30:00+00:00,0.011075021204901992
2002-06-06 13:30:00+00:00,-0.017562819754003544
2002-06-07 13:30:00+00:00,-0.00038251184488170543
2002-06-10 13:30:00+00:00,0.00595175851188644
2002-06-11 13:30:00+00:00,-0.013612177094355037
2002-06-12 13:30:00+00:00,0.010681770748714781
2002-06-13 13:30:00+00:00,-0.01155030684469539
2002-06-14 13:30:00+00:00,-0.002701344272899486
2002-06-17 13:30:00+00:00,0.022157154210415298
2002-06-18 13:30:00+00:00,0.0021304241183881414
2002-06-19 13:30:00+00:00,-0.014574302978767283
2002-06-20 13:30:00+00:00,-0.013682410754072182
2002-06-21 13:30:00+00:00,-0.018854797040404724
2002-06-24 13:30:00+00:00,0.003072189351048571
2002-06-25 13:30:00+00:00,-0.017195281830942776
2002-06-26 13:30:00+00:00,0.0012054828887497649
2002-06-27 13:30:00+00:00,0.016102352390539244
2002-06-28 13:30:00+00:00,-0.0030201023342068087
2002-07-01 13:30:00+00:00,-0.014111955617339033
2002-07-02 13:30:00+00:00,-0.010775532894462325
2002-07-03 13:30:00+00:00,0.005296137260920808
2002-07-05 13:30:00+00:00,0.03498895392690836
2002-07-08 13:30:00+00:00,-0.010851176188195099
2002-07-09 13:30:00+00:00,-0.019218168489041797
2002-07-10 13:30:00+00:00,-0.03138766161084251
2002-07-11 13:30:00+00:00,-0.0013017362007293864
2002-07-12 13:30:00+00:00,-0.013818941097688341
2002-07-15 13:30:00+00:00,-0.0049483452237780836
2002-07-16 13:30:00+00:00,-0.018883254662650183
2002-07-17 13:30:00+00:00,0.0077184127243079435
2002-07-18 13:30:00+00:00,-0.01543633352509034
2002-07-19 13:30:00+00:00,-0.04611894597092005
2002-07-22 13:30:00+00:00,-0.02885343851238654
2002-07-23 13:30:00+00:00,-0.010787743707888275
2002-07-24 13:30:00+00:00,0.06391670991674346
2002-07-25 13:30:00+00:00,-4.870174556615972e-05
2002-07-26 13:30:00+00:00,0.00866146842029546
2002-07-29 13:30:00+00:00,0.053587732551011444
2002-07-30 13:30:00+00:00,-0.003200942474309365
2002-07-31 13:30:00+00:00,0.006576090234904341
2002-08-01 13:30:00+00:00,-0.025975509748090053
2002-08-02 13:30:00+00:00,-0.02265508303461251
2002-08-05 13:30:00+00:00,-0.03249415771994603
2002-08-06 13:30:00+00:00,0.027746163019295434
2002-08-07 13:30:00+00:00,0.020896756995381727
2002-08-08 13:30:00+00:00,0.030141334084592398
2002-08-09 13:30:00+00:00,0.004288297544226649
2002-08-12 13:30:00+00:00,-0.006166204439233336
2002-08-13 13:30:00+00:00,-0.023220726136939495
2002-08-14 13:30:00+00:00,0.03105527433537202
2002-08-15 13:30:00+00:00,0.008258979381281051
2002-08-16 13:30:00+00:00,-0.004072593085731169
2002-08-19 13:30:00+00:00,0.024247500038941928
2002-08-20 13:30:00+00:00,-0.012833509987203017
2002-08-21 13:30:00+00:00,0.010174011455318367
2002-08-22 13:30:00+00:00,0.010217833606938276
2002-08-23 13:30:00+00:00,-0.019823854173701926
2002-08-26 13:30:00+00:00,0.004980058070383586
2002-08-27 13:30:00+00:00,-0.010537923191235598
2002-08-28 13:30:00+00:00,-0.014814514773835007
2002-08-29 13:30:00+00:00,-0.0023668159074225034
2002-08-30 13:30:00+00:00,-0.0007643895535162204
2002-09-03 13:30:00+00:00,-0.04065997163444336
2002-09-04 13:30:00+00:00,0.013932547263231222
2002-09-05 13:30:00+00:00,-0.016311015989381016
2002-09-06 13:30:00+00:00,0.015658556660379064
2002-09-09 13:30:00+00:00,0.010996763934497212
2002-09-10 13:30:00+00:00,0.009579501337765518
2002-09-11 13:30:00+00:00,-0.002784668267434409
2002-09-12 13:30:00+00:00,-0.022902522657831003
2002-09-13 13:30:00+00:00,-0.00785742929267964
2002-09-16 13:30:00+00:00,0.00812802887417673
2002-09-17 13:30:00+00:00,-0.021420337574243452
2002-09-18 13:30:00+00:00,-0.003832762980324655
2002-09-19 13:30:00+00:00,-0.028036549522152853
2002-09-20 13:30:00+00:00,0.004945330485308197
2002-09-23 13:30:00+00:00,-0.014204365800395535
2002-09-24 13:30:00+00:00,-0.023997167040347166
2002-09-25 13:30:00+00:00,0.020019220209430023
2002-09-26 13:30:00+00:00,0.019340074563441768
2002-09-27 13:30:00+00:00,-0.03693832048064995
2002-09-30 13:30:00+00:00,-0.013982649656123957
2002-10-01 13:30:00+00:00,0.04543512140345428
2002-10-02 13:30:00+00:00,-0.022900777281048234
2002-10-03 13:30:00+00:00,-0.0047779140814527945
2002-10-04 13:30:00+00:00,-0.02483526820571914
2002-10-07 13:30:00+00:00,-0.014158285059275643
2002-10-08 13:30:00+00:00,0.010090175892694998
2002-10-09 13:30:00+00:00,-0.028592144293999488
2002-10-10 13:30:00+00:00,0.03388281673272385
2002-10-11 13:30:00+00:00,0.040950320666981
2002-10-14 13:30:00+00:00,0.0036193119898086826
2002-10-15 13:30:00+00:00,0.04714582537285093
2002-10-16 13:30:00+00:00,-0.023917717656800296
2002-10-17 13:30:00+00:00,0.029350217613298247
2002-10-18 13:30:00+00:00,0.004084584566891969
2002-10-21 13:30:00+00:00,0.02603950127915965
2002-10-22 13:30:00+00:00,-0.009933505322982327
2002-10-23 13:30:00+00:00,0.005310385114418936
2002-10-24 13:30:00+00:00,-0.021057278134519086
2002-10-25 13:30:00+00:00,0.015110106726467832
2002-10-28 14:30:00+00:00,-0.00967990493490568
2002-10-29 14:30:00+00:00,9.841049848312586e-05
2002-10-30 14:30:00+00:00,0.00748731932347767
2002-10-31 14:30:00+00:00,-0.0036965762476019013
2002-11-01 14:30:00+00:00,0.014431352595952063
2002-11-04 14:30:00+00:00,0.005767443002719019
2002-11-05 14:30:00+00:00,0.012680118549281295
2002-11-06 14:30:00+00:00,0.010714567951865418
2002-11-07 14:30:00+00:00,-0.02061542333029499
2002-11-08 14:30:00+00:00,-0.00576288526774017
2002-11-11 14:30:00+00:00,-0.020819695483263356
2002-11-12 14:30:00+00:00,0.003402509906171181
2002-11-13 14:30:00+00:00,0.002068165559005786
2002-11-14 14:30:00+00:00,0.016373649795087476
2002-11-15 14:30:00+00:00,0.004990443962269875
2002-11-18 14:30:00+00:00,-0.01095929402637531
2002-11-19 14:30:00+00:00,-0.0012961694953644964
2002-11-20 14:30:00+00:00,0.018016556975569687
2002-11-21 14:30:00+00:00,0.025367557740216363
2002-11-22 14:30:00+00:00,-0.004348876927909096
2002-11-25 14:30:00+00:00,0.004946089361155026
2002-11-26 14:30:00+00:00,-0.019061772690829325
2002-11-27 14:30:00+00:00,0.029018664874587364
2002-11-29 14:30:00+00:00,-0.004306566668976786
2002-12-02 14:30:00+00:00,-0.0046355620245702835
2002-12-03 14:30:00+00:00,-0.013439178736310741
2002-12-04 14:30:00+00:00,0.0003155932557388109
2002-12-05 14:30:00+00:00,-0.01352917819869338
2002-12-06 14:30:00+00:00,0.002787135510045047
2002-12-09 14:30:00+00:00,-0.01983395081436413
2002-12-10 14:30:00+00:00,0.011777984694439015
2002-12-11 14:30:00+00:00,0.001955658523936188
2002-12-12 14:30:00+00:00,-0.0062215112944225106
2002-12-13 14:30:00+00:00,-0.012091507545645041
2002-12-16 14:30:00+00:00,0.022517023039985363
2002-12-17 14:30:00+00:00,-0.010717907688420635
2002-12-18 14:30:00+00:00,-0.009941391904200302
2002-12-19 14:30:00+00:00,-0.009237783622438555
2002-12-20 14:30:00+00:00,0.017098888731719154
2002-12-23 14:30:00+00:00,-0.002226516364847952
2002-12-24 14:30:00+00:00,-0.005267208345915997
2002-12-26 14:30:00+00:00,-0.002023336322749658
2002-12-27 14:30:00+00:00,-0.014988578375484517
2002-12-30 14:30:00+00:00,0.003366983686560399
2002-12-31 14:30:00+00:00,0.001026905630824515
2003-01-02 14:30:00+00:00,0.03168225544292923
2003-01-03 14:30:00+00:00,-0.0007609970981251712
2003-01-06 14:30:00+00:00,0.019752888674820824
2003-01-07 14:30:00+00:00,-0.004116709583083866
2003-01-08 14:30:00+00:00,-0.016196754692143333
2003-01-09 14:30:00+00:00,0.020780154492786574
2003-01-10 14:30:00+00:00,0.0009083829763321006
2003-01-13 14:30:00+00:00,-0.00031047395757045616
2003-01-14 14:30:00+00:00,0.006204655209375509
2003-01-15 14:30:00+00:00,-0.013721084273688466
2003-01-16 14:30:00+00:00,-0.0027659419532795157
2003-01-17 14:30:00+00:00,-0.012643966435023978
2003-01-21 14:30:00+00:00,-0.01679637058663631
2003-01-22 14:30:00+00:00,-0.014414710251190465
2003-01-23 14:30:00+00:00,0.00575886817511394
2003-01-24 14:30:00+00:00,-0.02840819869341028
2003-01-27 14:30:00+00:00,-0.017197778912433025
2003-01-28 14:30:00+00:00,0.012134909928447336
2003-01-29 14:30:00+00:00,0.0027140338497868457
2003-01-30 14:30:00+00:00,-0.020325356960302143
2003-01-31 14:30:00+00:00,0.014269504297733649
2003-02-03 14:30:00+00:00,0.006863173409094025
2003-02-04 14:30:00+00:00,-0.011367639745681456
2003-02-05 14:30:00+00:00,-0.0037521556461065472
2003-02-06 14:30:00+00:00,-0.006696181301146143
2003-02-07 14:30:00+00:00,-0.008700144112352991
2003-02-10 14:30:00+00:00,0.00681220753370958
2003-02-11 14:30:00+00:00,-0.009924643163493629
2003-02-12 14:30:00+00:00,-0.010077839554385914
2003-02-13 14:30:00+00:00,-0.0009611673576779389
2003-02-14 14:30:00+00:00,0.020271815445068942
2003-02-18 14:30:00+00:00,0.016570261706113188
2003-02-19 14:30:00+00:00,-0.004232503651868347
2003-02-20 14:30:00+00:00,-0.011063828737004632
2003-02-21 14:30:00+00:00,0.012860594313053742
2003-02-24 14:30:00+00:00,-0.01994443873849595
2003-02-25 14:30:00+00:00,0.006656267950648542
2003-02-26 14:30:00+00:00,-0.012798267634947635
2003-02-27 14:30:00+00:00,0.009765608151537142
2003-02-28 14:30:00+00:00,0.0005302492521557123
2003-03-03 14:30:00+00:00,-0.006738628170730132
2003-03-04 14:30:00+00:00,-0.017102760502702662
2003-03-05 14:30:00+00:00,0.009410084463998814
2003-03-06 14:30:00+00:00,-0.013061111891268695
2003-03-07 14:30:00+00:00,0.00880015774187769
2003-03-10 14:30:00+00:00,-0.022223126950792215
2003-03-11 14:30:00+00:00,-0.005975609639499069
2003-03-12 14:30:00+00:00,0.004463867383822639
2003-03-13 14:30:00+00:00,0.035167998919941365
2003-03-14 14:30:00+00:00,0.004699184809002765
2003-03-17 14:30:00+00:00,0.036036600637962865
2003-03-18 14:30:00+00:00,0.006229668416042988
2003-03-19 14:30:00+00:00,0.00873800834669013
2003-03-20 14:30:00+00:00,0.002552240946270812
2003-03-21 14:30:00+00:00,0.02783476861417754
2003-03-24 14:30:00+00:00,-0.035349202447570685
2003-03-25 14:30:00+00:00,0.0076135231126399526
2003-03-26 14:30:00+00:00,-0.006138734946359648
2003-03-27 14:30:00+00:00,-0.003131640147234782
2003-03-28 14:30:00+00:00,-0.006574028964143508
2003-03-31 14:30:00+00:00,-0.01860710304238612
2003-04-01 14:30:00+00:00,0.009537360534795692
2003-04-02 14:30:00+00:00,0.02656709344116769
2003-04-03 14:30:00+00:00,-0.005576852346210537
2003-04-04 14:30:00+00:00,0.004336641984157052
2003-04-07 13:30:00+00:00,0.0018627559687231954
2003-04-08 13:30:00+00:00,-0.00012412247439165237
2003-04-09 13:30:00+00:00,-0.012310678566230148
2003-04-10 13:30:00+00:00,0.0026247067152658124
2003-04-11 13:30:00+00:00,-0.0025089798121910143
2003-04-14 13:30:00+00:00,0.017833986559717453
2003-04-15 13:30:00+00:00,0.0064527578134030315
2003-04-16 13:30:00+00:00,-0.017720070596925385
2003-04-17 13:30:00+00:00,0.009815507925368106
2003-04-21 13:30:00+00:00,-0.0010319705977098858
2003-04-22 13:30:00+00:00,0.018949137055337396
2003-04-23 13:30:00+00:00,0.0035229256914668275
2003-04-24 13:30:00+00:00,-0.008605244908675102
2003-04-25 13:30:00+00:00,-0.01581645530714749
2003-04-28 13:30:00+00:00,0.019735522402237294
2003-04-29 13:30:00+00:00,0.003453732848683433
2003-04-30 13:30:00+00:00,-0.0026043039313585867
2003-05-01 13:30:00+00:00,-0.0029578787011787064
2003-05-02 13:30:00+00:00,0.015183553233205183
2003-05-05 13:30:00+00:00,-0.006111719428214213
2003-05-06 13:30:00+00:00,0.006590681386089414
2003-05-07 13:30:00+00:00,-0.002987457956405437
2003-05-08 13:30:00+00:00,-0.007980920274785374
2003-05-09 13:30:00+00:00,0.013077117500515979
2003-05-12 13:30:00+00:00,0.01417609253343265
2003-05-13 13:30:00+00:00,-0.005101775032861367
2003-05-14 13:30:00+00:00,-0.003036570372694791
2003-05-15 13:30:00+00:00,0.007290252981861023
2003-05-16 13:30:00+00:00,-0.0037038262176338874
2003-05-19 13:30:00+00:00,-0.021206375909479058
2003-05-20 13:30:00+00:00,-0.000421340159771033
2003-05-21 13:30:00+00:00,0.003530797736289937
2003-05-22 13:30:00+00:00,0.008944192226980164
2003-05-23 13:30:00+00:00,0.0007564504113279802
2003-05-27 13:30:00+00:00,0.020923048493616248
2003-05-28 13:30:00+00:00,0.0011845000180148336
2003-05-29 13:30:00+00:00,-0.008754692911544636
2003-05-30 13:30:00+00:00,0.015833012986328655
2003-06-02 13:30:00+00:00,0.0051374892223367994
2003-06-03 13:30:00+00:00,0.0026780497087948055
2003-06-04 13:30:00+00:00,0.013245384983324494
2003-06-05 13:30:00+00:00,0.00041234391125576374
2003-06-06 13:30:00+00:00,0.0018036639999032711
2003-06-09 13:30:00+00:00,-0.009059063863614557
2003-06-10 13:30:00+00:00,0.008150900984512422
2003-06-11 13:30:00+00:00,0.014749414344148882
2003-06-12 13:30:00+00:00,0.0012348626374882766
2003-06-13 13:30:00+00:00,-0.008880258782886574
2003-06-16 13:30:00+00:00,0.021989287058872254
2003-06-17 13:30:00+00:00,0.00026046110519882824
2003-06-18 13:30:00+00:00,-0.003196764921362127
2003-06-19 13:30:00+00:00,-0.012395243458156468
2003-06-20 13:30:00+00:00,0.0020588568015051825
2003-06-23 13:30:00+00:00,-0.013855114233359177
2003-06-24 13:30:00+00:00,0.004129644847627334
2003-06-25 13:30:00+00:00,-0.010862312128813733
2003-06-26 13:30:00+00:00,0.007444114897871212
2003-06-27 13:30:00+00:00,-0.010088218533406367
2003-06-30 13:30:00+00:00,-0.0006894736750636787
2003-07-01 13:30:00+00:00,0.0062771378331405335
2003-07-02 13:30:00+00:00,0.010880191856130084
2003-07-03 13:30:00+00:00,-0.007861618230043842
2003-07-07 13:30:00+00:00,0.01564513753896767
2003-07-08 13:30:00+00:00,0.0009429690530731061
2003-07-09 13:30:00+00:00,-0.007223307225729847
2003-07-10 13:30:00+00:00,-0.013043343987709243
2003-07-11 13:30:00+00:00,0.00910723857086947
2003-07-14 13:30:00+00:00,0.005455302908302861
2003-07-15 13:30:00+00:00,-0.005569983445892779
2003-07-16 13:30:00+00:00,-0.004381983284558866
2003-07-17 13:30:00+00:00,-0.004337879968421066
2003-07-18 13:30:00+00:00,0.014908395773471018
2003-07-21 13:30:00+00:00,-0.010016343078515632
2003-07-22 13:30:00+00:00,0.006472381850072695
2003-07-23 13:30:00+00:00,0.003738830532115756
2003-07-24 13:30:00+00:00,-0.009239266053233896
2003-07-25 13:30:00+00:00,0.018632007926637984
2003-07-28 13:30:00+00:00,-0.002082801834039094
2003-07-29 13:30:00+00:00,-0.006976258017515569
2003-07-30 13:30:00+00:00,-0.0005714971786029532
2003-07-31 13:30:00+00:00,0.003644851187891918
2003-08-01 13:30:00+00:00,-0.008625148017867967
2003-08-04 13:30:00+00:00,0.0033804157936734194
2003-08-05 13:30:00+00:00,-0.016316096679933733
2003-08-06 13:30:00+00:00,0.003086139821493628
2003-08-07 13:30:00+00:00,0.007181040645695569
2003-08-08 13:30:00+00:00,0.006882247849630418
2003-08-11 13:30:00+00:00,0.0029174797036099934
2003-08-12 13:30:00+00:00,0.009873774691173221
2003-08-13 13:30:00+00:00,-0.0035320428333053375
2003-08-14 13:30:00+00:00,0.0040316369071693335
2003-08-15 13:30:00+00:00,0.0013149294518084332
2003-08-18 13:30:00+00:00,0.00974801908059585
2003-08-19 13:30:00+00:00,0.0016775357743081698
2003-08-20 13:30:00+00:00,-0.002501253217195198
2003-08-21 13:30:00+00:00,0.0024233859145219474
2003-08-22 13:30:00+00:00,-0.009337977108420669
2003-08-25 13:30:00+00:00,-0.0035013566361706936
2003-08-26 13:30:00+00:00,0.002521279789593256
2003-08-27 13:30:00+00:00,-0.0007456519757055413
2003-08-28 13:30:00+00:00,0.0041702869755881776
2003-08-29 13:30:00+00:00,0.00443309912494837
2003-09-02 13:30:00+00:00,0.0112203085867295
2003-09-03 13:30:00+00:00,0.004793960597453395
2003-09-04 13:30:00+00:00,0.001865761340122274
2003-09-05 13:30:00+00:00,-0.009086861877611329
2003-09-08 13:30:00+00:00,0.008621067643070458
2003-09-09 13:30:00+00:00,-0.008208542084438896
2003-09-10 13:30:00+00:00,-0.008981745263046969
2003-09-11 13:30:00+00:00,0.004648775828593121
2003-09-12 13:30:00+00:00,0.0014512433336137831
2003-09-15 13:30:00+00:00,-0.002463046075480324
2003-09-16 13:30:00+00:00,0.01240689855455911
2003-09-17 13:30:00+00:00,-0.002235638352716351
2003-09-18 13:30:00+00:00,0.011958818202663968
2003-09-19 13:30:00+00:00,-0.0018573839792521806
2003-09-22 13:30:00+00:00,-0.011134210478605532
2003-09-23 13:30:00+00:00,0.004124128378601088
2003-09-24 13:30:00+00:00,-0.015812242752829896
2003-09-25 13:30:00+00:00,-0.008759426423730187
2003-09-26 13:30:00+00:00,-0.0032415392308778987
2003-09-29 13:30:00+00:00,0.006966496148130596
2003-09-30 13:30:00+00:00,-0.011087304822343113
2003-10-01 13:30:00+00:00,0.020639952858288558
2003-10-02 13:30:00+00:00,0.002334297291536103
2003-10-03 13:30:00+00:00,0.00830339160243131
2003-10-06 13:30:00+00:00,0.0022599979881916424
2003-10-07 13:30:00+00:00,0.006293024739912434
2003-10-08 13:30:00+00:00,-0.00242351813503473
2003-10-09 13:30:00+00:00,0.004743606652102705
2003-10-10 13:30:00+00:00,-0.0009489918096192817
2003-10-13 13:30:00+00:00,0.009063158788756843
2003-10-14 13:30:00+00:00,0.004991628100697853
2003-10-15 13:30:00+00:00,-0.0022416782009465727
2003-10-16 13:30:00+00:00,-0.0008102957908072805
2003-10-17 13:30:00+00:00,-0.007255975471894727
2003-10-20 13:30:00+00:00,0.005705732622280457
2003-10-21 13:30:00+00:00,-0.003236525966422221
2003-10-22 13:30:00+00:00,-0.014854724138083097
2003-10-23 13:30:00+00:00,0.0015598265302187886
2003-10-24 13:30:00+00:00,-0.0020290225485596444
2003-10-27 14:30:00+00:00,0.002364397570591137
2003-10-28 14:30:00+00:00,0.014321840354710947
2003-10-29 14:30:00+00:00,0.0027193627098103137
2003-10-30 14:30:00+00:00,0.0013941231422895828
2003-10-31 14:30:00+00:00,0.0013683237221242428
2003-11-03 14:30:00+00:00,0.005612851694692711
2003-11-04 14:30:00+00:00,-0.001992992618438338
2003-11-05 14:30:00+00:00,-0.0018086995370042546
2003-11-06 14:30:00+00:00,0.0035952675596060304
2003-11-07 14:30:00+00:00,-0.004901613205714373
2003-11-10 14:30:00+00:00,-0.005296024642358244
2003-11-11 14:30:00+00:00,-0.0020207888306379537
2003-11-12 14:30:00+00:00,0.012164769836579426
2003-11-13 14:30:00+00:00,-0.0010169619817803732
2003-11-14 14:30:00+00:00,-0.006990718175712518
2003-11-17 14:30:00+00:00,-0.005712491581262647
2003-11-18 14:30:00+00:00,-0.009087366402484209
2003-11-19 14:30:00+00:00,0.0071531542161375914
2003-11-20 14:30:00+00:00,-0.007226007574047799
2003-11-21 14:30:00+00:00,0.000576650277663171
2003-11-24 14:30:00+00:00,0.012145224539896516
2003-11-25 14:30:00+00:00,0.001465416310381762
2003-11-26 14:30:00+00:00,0.0015469600254616079
2003-11-28 14:30:00+00:00,0.00018019559369951708
2003-12-01 14:30:00+00:00,0.01151943107311858
2003-12-02 14:30:00+00:00,-0.004746633779973986
2003-12-03 14:30:00+00:00,0.002080229604593853
2003-12-04 14:30:00+00:00,0.005569994717076854
2003-12-05 14:30:00+00:00,-0.006205834731102711
2003-12-08 14:30:00+00:00,0.010370458667047878
2003-12-09 14:30:00+00:00,-0.004417512513907773
2003-12-10 14:30:00+00:00,-0.00015235954036586498
2003-12-11 14:30:00+00:00,0.008537983486980972
2003-12-12 14:30:00+00:00,0.003238094792056934
2003-12-15 14:30:00+00:00,-0.002460014879981831
2003-12-16 14:30:00+00:00,0.010497238866317805
2003-12-17 14:30:00+00:00,0.0015299904356411598
2003-12-18 14:30:00+00:00,0.010418253401797573
2003-12-19 14:30:00+00:00,0.0027039721525519036
2003-12-22 14:30:00+00:00,0.005886439757957651
2003-12-23 14:30:00+00:00,0.0002579370244333191
2003-12-24 14:30:00+00:00,-0.003602397256781253
2003-12-26 14:30:00+00:00,0.0017261776770815973
2003-12-29 14:30:00+00:00,0.012364493064758165
2003-12-30 14:30:00+00:00,-0.002459891268561176
2003-12-31 14:30:00+00:00,0.002549081429164646
2004-01-02 14:30:00+00:00,-0.004203290050100905
2004-01-05 14:30:00+00:00,0.01259906002156862
2004-01-06 14:30:00+00:00,-0.0005921782192707225
2004-01-07 14:30:00+00:00,-0.0007102901557064611
2004-01-08 14:30:00+00:00,0.005823048501723871
2004-01-09 14:30:00+00:00,-0.012410631212078315
2004-01-12 14:30:00+00:00,0.0021587363491699543
2004-01-13 14:30:00+00:00,-0.005631617170962289
2004-01-14 14:30:00+00:00,0.010419097462505345
2004-01-15 14:30:00+00:00,0.0017349273612012773
2004-01-16 14:30:00+00:00,0.0040813282357003875
2004-01-20 14:30:00+00:00,-0.006961379788968725
2004-01-21 14:30:00+00:00,0.009484034472863712
2004-01-22 14:30:00+00:00,-0.00019789321844499987
2004-01-23 14:30:00+00:00,-0.005460811363262053
2004-01-26 14:30:00+00:00,0.01262802475633994
2004-01-27 14:30:00+00:00,-0.008620590484002221
2004-01-28 14:30:00+00:00,-0.013455255067966864
2004-01-29 14:30:00+00:00,0.0039965130985046724
2004-01-30 14:30:00+00:00,-0.0022074168417737347
2004-02-02 14:30:00+00:00,0.0009869234256720705
2004-02-03 14:30:00+00:00,0.0004428095958617263
2004-02-04 14:30:00+00:00,-0.0031819553545569088
2004-02-05 14:30:00+00:00,0.0024044321238170132
2004-02-06 14:30:00+00:00,0.009251277458606866
2004-02-09 14:30:00+00:00,-0.0013244832479701984
2004-02-10 14:30:00+00:00,0.0032188616245547477
2004-02-11 14:30:00+00:00,0.012367113296007471
2004-02-12 14:30:00+00:00,-0.0039294072569523554
2004-02-13 14:30:00+00:00,-0.0064919888460886034
2004-02-17 14:30:00+00:00,0.007991163033939975
2004-02-18 14:30:00+00:00,-0.003339982341631031
2004-02-19 14:30:00+00:00,-0.0010236303356210396
2004-02-20 14:30:00+00:00,-0.004530759472311641
2004-02-23 14:30:00+00:00,-0.0010350384604455142
2004-02-24 14:30:00+00:00,-0.004169888760117047
2004-02-25 14:30:00+00:00,0.0032151919356668726
2004-02-26 14:30:00+00:00,-0.001798411286989776
2004-02-27 14:30:00+00:00,0.00012398582733607065
2004-03-01 14:30:00+00:00,0.008961366763920776
2004-03-02 14:30:00+00:00,-0.008236069579239069
2004-03-03 14:30:00+00:00,0.0003269225533528598
2004-03-04 14:30:00+00:00,-0.0006173435459825404
2004-03-05 14:30:00+00:00,0.0011246492710055179
2004-03-08 14:30:00+00:00,-0.006318720791132726
2004-03-09 14:30:00+00:00,-0.006991061847328795
2004-03-10 14:30:00+00:00,-0.015466848166123325
2004-03-11 14:30:00+00:00,-0.015696469251167088
2004-03-12 14:30:00+00:00,0.01069989350099675
2004-03-15 14:30:00+00:00,-0.013340338556031128
2004-03-16 14:30:00+00:00,0.00794280578223704
2004-03-17 14:30:00+00:00,0.011253326489663252
2004-03-18 14:30:00+00:00,-0.00040873869905889694
2004-03-19 14:30:00+00:00,-0.010711071853703135
2004-03-22 14:30:00+00:00,-0.011996772431946977
2004-03-23 14:30:00+00:00,-0.00040102044280955197
2004-03-24 14:30:00+00:00,-0.0018068045149986056
2004-03-25 14:30:00+00:00,0.016742603001977708
2004-03-26 14:30:00+00:00,-0.0006284982402347094
2004-03-29 14:30:00+00:00,0.011328645192876009
2004-03-30 14:30:00+00:00,0.0051355006050308625
2004-03-31 14:30:00+00:00,-0.0023338599012552416
2004-04-01 14:30:00+00:00,0.0014264800445027315
2004-04-02 14:30:00+00:00,0.009081372053487014
2004-04-05 13:30:00+00:00,0.008283507973038996
2004-04-06 13:30:00+00:00,0.0015155194988456411
2004-04-07 13:30:00+00:00,-0.008530994882897557
2004-04-08 13:30:00+00:00,-0.003986306733259071
2004-04-12 13:30:00+00:00,0.006715118589963864
2004-04-13 13:30:00+00:00,-0.01291560412446192
2004-04-14 13:30:00+00:00,-0.00011439705419337134
2004-04-15 13:30:00+00:00,0.0017799247691332343
2004-04-16 13:30:00+00:00,0.005059430797492037
2004-04-19 13:30:00+00:00,-0.0014175476775945106
2004-04-20 13:30:00+00:00,-0.011917530812497145
2004-04-21 13:30:00+00:00,0.0004236115274085407
2004-04-22 13:30:00+00:00,0.014074512783371452
2004-04-23 13:30:00+00:00,0.0008298852693497838
2004-04-26 13:30:00+00:00,-0.0027907217840671514
2004-04-27 13:30:00+00:00,0.0030382557461063778
2004-04-28 13:30:00+00:00,-0.012897035078872198
2004-04-29 13:30:00+00:00,-0.006593661048876609
2004-04-30 13:30:00+00:00,-0.004722698572656625
2004-05-03 13:30:00+00:00,0.008380315150098506
2004-05-04 13:30:00+00:00,0.00017921207847403374
2004-05-05 13:30:00+00:00,-0.000684499840410202
2004-05-06 13:30:00+00:00,-0.006593900818684173
2004-05-07 13:30:00+00:00,-0.012138360180023688
2004-05-10 13:30:00+00:00,-0.01258094544385303
2004-05-11 13:30:00+00:00,0.002926205344774269
2004-05-12 13:30:00+00:00,0.003260191716651473
2004-05-13 13:30:00+00:00,-0.0034421247824458876
2004-05-14 13:30:00+00:00,0.00034366896967318326
2004-05-17 13:30:00+00:00,-0.010390768200841404
2004-05-18 13:30:00+00:00,0.006138176441137222
2004-05-19 13:30:00+00:00,-0.002593321914266655
2004-05-20 13:30:00+00:00,-0.00024895370340073376
2004-05-21 13:30:00+00:00,0.0026567616215709025
2004-05-24 13:30:00+00:00,-0.0010620610914671258
2004-05-25 13:30:00+00:00,0.015921164502679986
2004-05-26 13:30:00+00:00,-0.0007869927190548131
2004-05-27 13:30:00+00:00,0.009327456697287618
2004-05-28 13:30:00+00:00,-0.0018029367214090874
2004-06-01 13:30:00+00:00,0.001418644374554734
2004-06-02 13:30:00+00:00,0.006095177879425362
2004-06-03 13:30:00+00:00,-0.0065256888996657715
2004-06-04 13:30:00+00:00,0.0044102481871950315
2004-06-07 13:30:00+00:00,0.014326051150574715
2004-06-08 13:30:00+00:00,0.004049357312076773
2004-06-09 13:30:00+00:00,-0.006106958233932047
2004-06-10 13:30:00+00:00,0.00397992105213828
2004-06-14 13:30:00+00:00,-0.006493474329772442
2004-06-15 13:30:00+00:00,0.004149008888963734
2004-06-16 13:30:00+00:00,-0.00016265666518268097
2004-06-17 13:30:00+00:00,-0.00020312696773973062
2004-06-18 13:30:00+00:00,0.003811964791940337
2004-06-21 13:30:00+00:00,-0.004549163505141796
2004-06-22 13:30:00+00:00,0.002297285267718097
2004-06-23 13:30:00+00:00,0.008022128890802439
2004-06-24 13:30:00+00:00,-0.003308813439006919
2004-06-25 13:30:00+00:00,-0.007032087830257783
2004-06-28 13:30:00+00:00,-0.0020686484268692793
2004-06-29 13:30:00+00:00,0.005411602087411971
2004-06-30 13:30:00+00:00,0.0020175330233869085
2004-07-01 13:30:00+00:00,-0.009668702678742546
2004-07-02 13:30:00+00:00,-0.0050516084647764916
2004-07-06 13:30:00+00:00,-0.0060259126971386025
2004-07-07 13:30:00+00:00,0.002678137451580287
2004-07-08 13:30:00+00:00,-0.006640004219665274
2004-07-09 13:30:00+00:00,0.003841721803446763
2004-07-12 13:30:00+00:00,0.0024920852510588068
2004-07-13 13:30:00+00:00,0.0008005072542769276
2004-07-14 13:30:00+00:00,-0.002449302777095996
2004-07-15 13:30:00+00:00,-0.00451214300275794
2004-07-16 13:30:00+00:00,-0.0023199189024735276
2004-07-19 13:30:00+00:00,-0.004723888698484513
2004-07-20 13:30:00+00:00,0.005312948199308598
2004-07-21 13:30:00+00:00,-0.01094744680578975
2004-07-22 13:30:00+00:00,0.00017175333971829475
2004-07-23 13:30:00+00:00,-0.008386353705921456
2004-07-26 13:30:00+00:00,-0.0003799919991085531
2004-07-27 13:30:00+00:00,0.012104458344952097
2004-07-28 13:30:00+00:00,0.0031764716255890837
2004-07-29 13:30:00+00:00,0.0012564012290829818
2004-07-30 13:30:00+00:00,0.0009454850596579579
2004-08-02 13:30:00+00:00,0.003915402764055764
2004-08-03 13:30:00+00:00,-0.005801293004359398
2004-08-04 13:30:00+00:00,0.0007450127022154863
2004-08-05 13:30:00+00:00,-0.01630101927165951
2004-08-06 13:30:00+00:00,-0.01469137235647312
2004-08-09 13:30:00+00:00,-0.0002507203687485248
2004-08-10 13:30:00+00:00,0.013054649485435544
2004-08-11 13:30:00+00:00,0.0006129097633238323
2004-08-12 13:30:00+00:00,-0.012366981793336517
2004-08-13 13:30:00+00:00,0.0010452141263839088
2004-08-16 13:30:00+00:00,0.01304967919199761
2004-08-17 13:30:00+00:00,0.0016407541685501293
2004-08-18 13:30:00+00:00,0.01183577292815573
2004-08-19 13:30:00+00:00,-0.004261546696404894
2004-08-20 13:30:00+00:00,0.006804829500002485
2004-08-23 13:30:00+00:00,-0.003863171777303009
2004-08-24 13:30:00+00:00,0.0022563766158651857
2004-08-25 13:30:00+00:00,0.008143806556015532
2004-08-26 13:30:00+00:00,-0.000852392038840477
2004-08-27 13:30:00+00:00,0.001958119560985672
2004-08-30 13:30:00+00:00,-0.007095461600642683
2004-08-31 13:30:00+00:00,0.005032419550334166
2004-09-01 13:30:00+00:00,-0.000263238607889582
2004-09-02 13:30:00+00:00,0.011887210287395911
2004-09-03 13:30:00+00:00,-0.0018143826854094657
2004-09-07 13:30:00+00:00,0.007819929164974305
2004-09-08 13:30:00+00:00,-0.0029097457395862556
2004-09-09 13:30:00+00:00,-0.0025810071118416264
2004-09-10 13:30:00+00:00,0.0021936639656536697
2004-09-13 13:30:00+00:00,0.0006868099423820051
2004-09-14 13:30:00+00:00,0.0001937697801119743
2004-09-15 13:30:00+00:00,-0.00839125375100359
2004-09-16 13:30:00+00:00,0.0011608393047421895
2004-09-17 13:30:00+00:00,0.003671259621873302
2004-09-20 13:30:00+00:00,-0.00778003366923109
2004-09-21 13:30:00+00:00,0.0038600253717237967
2004-09-22 13:30:00+00:00,-0.013265702994316297
2004-09-23 13:30:00+00:00,-0.006964627762890652
2004-09-24 13:30:00+00:00,0.0006789605934263033
2004-09-27 13:30:00+00:00,-0.005884052326208711
2004-09-28 13:30:00+00:00,0.008676004732985455
2004-09-29 13:30:00+00:00,0.007804167288139696
2004-09-30 13:30:00+00:00,-0.005635541506059949
2004-10-01 13:30:00+00:00,0.010871028793175242
2004-10-04 13:30:00+00:00,0.0023667511307499003
2004-10-05 13:30:00+00:00,-0.0039250951398982605
2004-10-06 13:30:00+00:00,0.0067057975589923545
2004-10-07 13:30:00+00:00,-0.011275902638247747
2004-10-08 13:30:00+00:00,-0.006906539424905056
2004-10-11 13:30:00+00:00,0.0024735532612196634
2004-10-12 13:30:00+00:00,-0.00042143843213994216
2004-10-13 13:30:00+00:00,-0.008317963050200616
2004-10-14 13:30:00+00:00,-0.010906239547942908
2004-10-15 13:30:00+00:00,0.003714815271695471
2004-10-18 13:30:00+00:00,0.002249732169858676
2004-10-19 13:30:00+00:00,-0.006201370538180384
2004-10-20 13:30:00+00:00,-0.0009348239729389917
2004-10-21 13:30:00+00:00,-0.0020111070451127697
2004-10-22 13:30:00+00:00,-0.010850370622207738
2004-10-25 13:30:00+00:00,-0.0008409377250999772
2004-10-26 13:30:00+00:00,0.014041772673207598
2004-10-27 13:30:00+00:00,0.011406613752433337
2004-10-28 13:30:00+00:00,0.00046002027558577084
2004-10-29 13:30:00+00:00,0.0021768617415094285
2004-11-01 14:30:00+00:00,0.0024585670855803324
2004-11-02 14:30:00+00:00,-0.0019042453528904768
2004-11-03 14:30:00+00:00,0.009817788760896552
2004-11-04 14:30:00+00:00,0.0178896025891364
2004-11-05 14:30:00+00:00,0.006732402257375358
2004-11-08 14:30:00+00:00,0.0004930756374081802
2004-11-09 14:30:00+00:00,-0.00022033555192603184
2004-11-10 14:30:00+00:00,0.0005639269017987281
2004-11-11 14:30:00+00:00,0.007880171934867553
2004-11-12 14:30:00+00:00,0.006567151098118662
2004-11-15 14:30:00+00:00,0.0006921336891187902
2004-11-16 14:30:00+00:00,-0.00599013129241589
2004-11-17 14:30:00+00:00,0.006362634279520429
2004-11-18 14:30:00+00:00,0.0021134009159646697
2004-11-19 14:30:00+00:00,-0.010951659378371958
2004-11-22 14:30:00+00:00,0.0031221042064626284
2004-11-23 14:30:00+00:00,0.0004634932896245726
2004-11-24 14:30:00+00:00,0.0024204469912791795
2004-11-26 14:30:00+00:00,0.0002365475090424397
2004-11-29 14:30:00+00:00,-0.004352522594398012
2004-11-30 14:30:00+00:00,-0.0046106237943608465
2004-12-01 14:30:00+00:00,0.015670485234243293
2004-12-02 14:30:00+00:00,-0.0006023693334873514
2004-12-03 14:30:00+00:00,-0.0006369393443755977
2004-12-06 14:30:00+00:00,-0.0042789636118608755
2004-12-07 14:30:00+00:00,-0.010171275508167998
2004-12-08 14:30:00+00:00,0.0052129765279298355
2004-12-09 14:30:00+00:00,0.00565367202738497
2004-12-10 14:30:00+00:00,-0.0009472606134777295
2004-12-13 14:30:00+00:00,0.008898949009598745
2004-12-14 14:30:00+00:00,0.003275764266623893
2004-12-15 14:30:00+00:00,0.001374396965877922
2004-12-16 14:30:00+00:00,0.001202849361878744
2004-12-17 14:30:00+00:00,-0.005229474811768176
2004-12-20 14:30:00+00:00,0.0007880808222306857
2004-12-21 14:30:00+00:00,0.009048475765437648
2004-12-22 14:30:00+00:00,0.0058103232980903806
2004-12-23 14:30:00+00:00,0.001020676577669899
2004-12-27 14:30:00+00:00,-0.0048912667180259885
2004-12-28 14:30:00+00:00,0.0071828540189411315
2004-12-29 14:30:00+00:00,-0.002359989892218206
2004-12-30 14:30:00+00:00,-0.0027613715784957746
2004-12-31 14:30:00+00:00,-0.001700885102744587
2005-01-03 14:30:00+00:00,-0.0051372377419728445
2005-01-04 14:30:00+00:00,-0.009144651309202289
2005-01-05 14:30:00+00:00,-0.00308227621513214
2005-01-06 14:30:00+00:00,0.002702692288226494
2005-01-07 14:30:00+00:00,-0.0020614340159901376
2005-01-10 14:30:00+00:00,0.0015588808006834376
2005-01-11 14:30:00+00:00,-0.006084103939402519
2005-01-12 14:30:00+00:00,0.005245918811938244
2005-01-13 14:30:00+00:00,-0.010609161507650466
2005-01-14 14:30:00+00:00,0.004781646038882747
2005-01-18 14:30:00+00:00,0.006964425069479352
2005-01-19 14:30:00+00:00,-0.00820085400569338
2005-01-20 14:30:00+00:00,-0.006498263724219589
2005-01-21 14:30:00+00:00,-0.007643008183668709
2005-01-24 14:30:00+00:00,-0.0025024182596190656
2005-01-25 14:30:00+00:00,0.008785709049464286
2005-01-26 14:30:00+00:00,0.0032832332786432053
2005-01-27 14:30:00+00:00,-0.0030280671473135287
2005-01-28 14:30:00+00:00,-0.004243025743447493
2005-01-31 14:30:00+00:00,0.005766533071761992
2005-02-01 14:30:00+00:00,0.0058315887122743935
2005-02-02 14:30:00+00:00,0.004235135860573658
2005-02-03 14:30:00+00:00,-1.6009176481601633e-05
2005-02-04 14:30:00+00:00,0.01150747555682895
2005-02-07 14:30:00+00:00,-0.0001
2005-02-08 14:30:00+00:00,0.0010313984726895043
2005-02-09 14:30:00+00:00,-0.005105655588079972
2005-02-10 14:30:00+00:00,0.007833460062119036
2005-02-11 14:30:00+00:00,0.004841844874213119
2005-02-14 14:30:00+00:00,-0.0005251540301390966
2005-02-15 14:30:00+00:00,0.004186950867620875
2005-02-16 14:30:00+00:00,0.0001630725083909713
2005-02-17 14:30:00+00:00,-0.007554571493954343
2005-02-18 14:30:00+00:00,0.0026958080403702736
2005-02-22 14:30:00+00:00,-0.01606713547803641
2005-02-23 14:30:00+00:00,0.005980503480194954
2005-02-24 14:30:00+00:00,0.007072796245809243
2005-02-25 14:30:00+00:00,0.00856915213373476
2005-02-28 14:30:00+00:00,-0.0070930813179551746
2005-03-01 14:30:00+00:00,0.00556066805549803
2005-03-02 14:30:00+00:00,-0.00136642957608758
2005-03-03 14:30:00+00:00,0.0018201095688095026
2005-03-04 14:30:00+00:00,0.00968724846406398
2005-03-07 14:30:00+00:00,-0.00043722739632513487
2005-03-08 14:30:00+00:00,-0.0022013472519422203
2005-03-09 14:30:00+00:00,-0.00987795668170367
2005-03-10 14:30:00+00:00,0.004085482057010636
2005-03-11 14:30:00+00:00,-0.006641032004881875
2005-03-14 14:30:00+00:00,0.002739249221436191
2005-03-15 14:30:00+00:00,-0.0055784191717826006
2005-03-16 14:30:00+00:00,-0.010206433706695172
2005-03-17 14:30:00+00:00,-0.0007536254446090073
2005-03-18 14:30:00+00:00,7.31156535695888e-05
2005-03-21 14:30:00+00:00,-0.006168800253706486
2005-03-22 14:30:00+00:00,-0.009080254015196864
2005-03-23 14:30:00+00:00,-0.001490615110754001
2005-03-24 14:30:00+00:00,-0.001456925723678959
2005-03-28 14:30:00+00:00,0.0038754875014363924
2005-03-29 14:30:00+00:00,-0.007724724488619395
2005-03-30 14:30:00+00:00,0.012888963079000993
2005-03-31 14:30:00+00:00,-0.0036886501643230815
2005-04-01 14:30:00+00:00,-0.009645417359259511
2005-04-04 13:30:00+00:00,0.0017679320585717196
2005-04-05 13:30:00+00:00,0.0034812122050966623
2005-04-06 13:30:00+00:00,0.003015654193493356
2005-04-07 13:30:00+00:00,0.005663982647423615
2005-04-08 13:30:00+00:00,-0.008157831189640318
2005-04-11 13:30:00+00:00,-0.0013923345751071347
2005-04-12 13:30:00+00:00,0.005579198556703735
2005-04-13 13:30:00+00:00,-0.009952105495459006
2005-04-14 13:30:00+00:00,-0.012111096176910318
2005-04-15 13:30:00+00:00,-0.01850106605859082
2005-04-18 13:30:00+00:00,-0.0018138296518180996
2005-04-19 13:30:00+00:00,0.005446351122297066
2005-04-20 13:30:00+00:00,-0.01182808494198374
2005-04-21 13:30:00+00:00,0.020687137580601245
2005-04-22 13:30:00+00:00,-0.006058707725629786
2005-04-25 13:30:00+00:00,0.00816401869428417
2005-04-26 13:30:00+00:00,-0.008874576433133729
2005-04-27 13:30:00+00:00,0.004676153923713888
2005-04-28 13:30:00+00:00,-0.01228392125871115
2005-04-29 13:30:00+00:00,0.012028615633405505
2005-05-02 13:30:00+00:00,0.005757554485135363
2005-05-03 13:30:00+00:00,0.00047654210962776454
2005-05-04 13:30:00+00:00,0.012516918011506329
2005-05-05 13:30:00+00:00,-0.004347714675149395
2005-05-06 13:30:00+00:00,0.000450347128594364
2005-05-09 13:30:00+00:00,0.0036639387220127498
2005-05-10 13:30:00+00:00,-0.009907441236380553
2005-05-11 13:30:00+00:00,0.0025613533394299617
2005-05-12 13:30:00+00:00,-0.010805101596350185
2005-05-13 13:30:00+00:00,-0.004822149907196105
2005-05-16 13:30:00+00:00,0.01101282224791177
2005-05-17 13:30:00+00:00,0.008135152852785089
2005-05-18 13:30:00+00:00,0.013583731457550641
2005-05-19 13:30:00+00:00,0.0026464638694418843
2005-05-20 13:30:00+00:00,-0.002086118391270164
2005-05-23 13:30:00+00:00,0.0047468190523685
2005-05-24 13:30:00+00:00,-0.0019056237160359867
2005-05-25 13:30:00+00:00,-0.0044196594480497954
2005-05-26 13:30:00+00:00,0.00744587808720486
2005-05-27 13:30:00+00:00,0.0004190931948837463
2005-05-31 13:30:00+00:00,-0.007158429007415046
2005-06-01 13:30:00+00:00,0.008216059156042056
2005-06-02 13:30:00+00:00,0.0003417699607905945
2005-06-03 13:30:00+00:00,-0.008803889881333526
2005-06-06 13:30:00+00:00,0.0004152753469963578
2005-06-07 13:30:00+00:00,0.0015310254634053222
2005-06-08 13:30:00+00:00,-0.0008610504601323065
2005-06-09 13:30:00+00:00,0.0023117326000334673
2005-06-10 13:30:00+00:00,0.0008150084443723116
2005-06-13 13:30:00+00:00,0.0017078860089985049
2005-06-14 13:30:00+00:00,0.0023349209711060917
2005-06-15 13:30:00+00:00,0.0015798098246053605
2005-06-16 13:30:00+00:00,0.001025285826851341
2005-06-17 13:30:00+00:00,0.003931994565428132
2005-06-20 13:30:00+00:00,-0.0012702340201409367
2005-06-21 13:30:00+00:00,-0.000968136979514822
2005-06-22 13:30:00+00:00,-0.0011784296111618908
2005-06-23 13:30:00+00:00,-0.01574635952912874
2005-06-24 13:30:00+00:00,-0.012039846791939823
2005-06-27 13:30:00+00:00,-0.0008079034072675628
2005-06-28 13:30:00+00:00,0.011037888292591658
2005-06-29 13:30:00+00:00,-0.0031232693671536913
2005-06-30 13:30:00+00:00,-0.00966316199699525
2005-07-01 13:30:00+00:00,0.0028055652786897925
2005-07-05 13:30:00+00:00,0.0065649574115875685
2005-07-06 13:30:00+00:00,-0.009345132222158947
2005-07-07 13:30:00+00:00,0.003067578811958727
2005-07-08 13:30:00+00:00,0.014093989291167775
2005-07-11 13:30:00+00:00,0.006610316166046226
2005-07-12 13:30:00+00:00,-0.0006324008875637887
2005-07-13 13:30:00+00:00,0.004087937576823897
2005-07-14 13:30:00+00:00,0.006436951680879532
2005-07-15 13:30:00+00:00,0.0009715190995087553
2005-07-18 13:30:00+00:00,-0.006227728234128549
2005-07-19 13:30:00+00:00,0.006485972932981798
2005-07-20 13:30:00+00:00,0.0055099298937914985
2005-07-21 13:30:00+00:00,-0.005924187639786649
2005-07-22 13:30:00+00:00,0.002440359003457171
2005-07-25 13:30:00+00:00,-0.00528038377967045
2005-07-26 13:30:00+00:00,-0.0017824638391911285
2005-07-27 13:30:00+00:00,0.005348265020713272
2005-07-28 13:30:00+00:00,0.006675737498236678
2005-07-29 13:30:00+00:00,-0.006101778493943344
2005-08-01 13:30:00+00:00,-0.0018506359212284828
2005-08-02 13:30:00+00:00,0.0055430139424885614
2005-08-03 13:30:00+00:00,0.001405412481739965
2005-08-04 13:30:00+00:00,-0.008205246138616739
2005-08-05 13:30:00+00:00,-0.005030056066329791
2005-08-08 13:30:00+00:00,-0.002023850023689666
2005-08-09 13:30:00+00:00,0.0073038830629086225
2005-08-10 13:30:00+00:00,-0.001241691670328071
2005-08-11 13:30:00+00:00,0.008780388905290194
2005-08-12 13:30:00+00:00,-0.007812528058790968
2005-08-15 13:30:00+00:00,0.0032200132933206563
2005-08-16 13:30:00+00:00,-0.011212133761156273
2005-08-17 13:30:00+00:00,0.004193934019933942
2005-08-18 13:30:00+00:00,0.0003909772743428853
2005-08-19 13:30:00+00:00,0.0005188248805174545
2005-08-22 13:30:00+00:00,0.0009094655779173678
2005-08-23 13:30:00+00:00,-0.004965163181216659
2005-08-24 13:30:00+00:00,-0.008129945587572861
2005-08-25 13:30:00+00:00,0.0014564144068007657
2005-08-26 13:30:00+00:00,-0.005234476315279746
2005-08-29 13:30:00+00:00,0.006262416833592732
2005-08-30 13:30:00+00:00,-0.004757031983874682
2005-08-31 13:30:00+00:00,0.0068669491161281624
2005-09-01 13:30:00+00:00,-0.002180873046153453
2005-09-02 13:30:00+00:00,-0.0013714104150909345
2005-09-06 13:30:00+00:00,0.013448430214325836
2005-09-07 13:30:00+00:00,0.004132851859038655
2005-09-08 13:30:00+00:00,-0.0035966875009471153
2005-09-09 13:30:00+00:00,0.007872358581824102
2005-09-12 13:30:00+00:00,0.00032424606015423195
2005-09-13 13:30:00+00:00,-0.007245550284682889
2005-09-14 13:30:00+00:00,-0.0050652317667201465
2005-09-15 13:30:00+00:00,0.0011232670768916875
2005-09-16 13:30:00+00:00,0.007611796760333289
2005-09-19 13:30:00+00:00,-0.0080159239351122
2005-09-20 13:30:00+00:00,-0.007361746124782587
2005-09-21 13:30:00+00:00,-0.010229517433735135
2005-09-22 13:30:00+00:00,0.00431872829282075
2005-09-23 13:30:00+00:00,-0.00033603427191387637
2005-09-26 13:30:00+00:00,0.0021466086958150557
2005-09-27 13:30:00+00:00,0.001013484958275901
2005-09-28 13:30:00+00:00,0.0014759879763557194
2005-09-29 13:30:00+00:00,0.007555199533231904
2005-09-30 13:30:00+00:00,0.0014161996175261371
2005-10-03 13:30:00+00:00,-0.0033186509532143857
2005-10-04 13:30:00+00:00,-0.008951985017407248
2005-10-05 13:30:00+00:00,-0.0113555210479498
2005-10-06 13:30:00+00:00,-0.003032992660561351
2005-10-07 13:30:00+00:00,0.0003753036693974089
2005-10-10 13:30:00+00:00,-0.00536481024965797
2005-10-11 13:30:00+00:00,0.0012682533929746387
2005-10-12 13:30:00+00:00,-0.00369860535827905
2005-10-13 13:30:00+00:00,-0.00013135121040520604
2005-10-14 13:30:00+00:00,0.006825011288701377
2005-10-17 13:30:00+00:00,0.005798435950006497
2005-10-18 13:30:00+00:00,-0.006272482446127226
2005-10-19 13:30:00+00:00,0.01322565932257368
2005-10-20 13:30:00+00:00,-0.01264650797646739
2005-10-21 13:30:00+00:00,-0.006616102727012974
2005-10-24 13:30:00+00:00,0.016431697742641294
2005-10-25 13:30:00+00:00,-0.0006787591625503464
2005-10-26 13:30:00+00:00,-0.00322305702931559
2005-10-27 13:30:00+00:00,-0.011196464141367112
2005-10-28 13:30:00+00:00,0.01667417827639971
2005-10-31 14:30:00+00:00,0.003447033346769535
2005-11-01 14:30:00+00:00,-0.003289708522377321
2005-11-02 14:30:00+00:00,0.006284641350385189
2005-11-03 14:30:00+00:00,0.004875851961922073
2005-11-04 14:30:00+00:00,0.000615492918012206
2005-11-07 14:30:00+00:00,0.005121629471095612
2005-11-08 14:30:00+00:00,-0.0033588779419207013
2005-11-09 14:30:00+00:00,0.000561312049778262
2005-11-10 14:30:00+00:00,0.009286011753776292
2005-11-11 14:30:00+00:00,0.004217669136012725
2005-11-14 14:30:00+00:00,0.0008891184180539358
2005-11-15 14:30:00+00:00,-0.0011030215716737568
2005-11-16 14:30:00+00:00,-0.0008741724586388666
2005-11-17 14:30:00+00:00,0.003947927935047379
2005-11-18 14:30:00+00:00,0.004283687340820508
2005-11-21 14:30:00+00:00,0.004911010708478647
2005-11-22 14:30:00+00:00,0.005028507017669426
2005-11-23 14:30:00+00:00,0.004008029719527062
2005-11-25 14:30:00+00:00,0.0013226956410030577
2005-11-28 14:30:00+00:00,-0.003943547629566624
2005-11-29 14:30:00+00:00,-0.00012941755747454255
2005-11-30 14:30:00+00:00,-0.007270220806874794
2005-12-01 14:30:00+00:00,0.009759313398777659
2005-12-02 14:30:00+00:00,-0.003261654061993424
2005-12-05 14:30:00+00:00,-0.00395589976366485
2005-12-06 14:30:00+00:00,0.0018796385188175502
2005-12-07 14:30:00+00:00,-0.004332364958612234
2005-12-08 14:30:00+00:00,-0.005032221594979081
2005-12-09 14:30:00+00:00,0.002394504442495771
2005-12-12 14:30:00+00:00,-0.0011103876402193235
2005-12-13 14:30:00+00:00,0.005290206717720502
2005-12-14 14:30:00+00:00,0.0056469376498506805
2005-12-15 14:30:00+00:00,-0.0002616921940535976
2005-12-16 14:30:00+00:00,-0.000658744950789003
2005-12-19 14:30:00+00:00,-0.003684153113512456
2005-12-20 14:30:00+00:00,-0.0029956432972612188
2005-12-21 14:30:00+00:00,0.0025005504762103284
2005-12-22 14:30:00+00:00,0.005243723496073593
2005-12-23 14:30:00+00:00,-0.0001
2005-12-27 14:30:00+00:00,-0.009837495693120434
2005-12-28 14:30:00+00:00,0.0015709359705888715
2005-12-29 14:30:00+00:00,-0.0011077977913117709
2005-12-30 14:30:00+00:00,-0.006253673118818204
2006-01-03 14:30:00+00:00,0.011945786544059523
2006-01-04 14:30:00+00:00,0.0032364777821054405
2006-01-05 14:30:00+00:00,6.182712608570071e-05
2006-01-06 14:30:00+00:00,0.007610887686851242
2006-01-09 14:30:00+00:00,0.004684051178628123
2006-01-10 14:30:00+00:00,1.7320976119950823e-06
2006-01-11 14:30:00+00:00,0.0027860565061537004
2006-01-12 14:30:00+00:00,-0.007441921989005962
2006-01-13 14:30:00+00:00,-0.00024691004258882145
2006-01-17 14:30:00+00:00,-0.005716949647081371
2006-01-18 14:30:00+00:00,-0.0033341108889774038
2006-01-19 14:30:00+00:00,0.0022518978195173902
2006-01-20 14:30:00+00:00,-0.01970536704551763
2006-01-23 14:30:00+00:00,0.0017764645577036276
2006-01-24 14:30:00+00:00,0.0019588712200624306
2006-01-25 14:30:00+00:00,-0.00042852104093406
2006-01-26 14:30:00+00:00,0.00909148686315685
2006-01-27 14:30:00+00:00,0.008396248449645805
2006-01-30 14:30:00+00:00,-0.0008856552387968119
2006-01-31 14:30:00+00:00,-0.003360434276622259
2006-02-01 14:30:00+00:00,0.008352344551490577
2006-02-02 14:30:00+00:00,-0.009061542821209755
2006-02-03 14:30:00+00:00,-0.0052569042552808145
2006-02-06 14:30:00+00:00,0.0003604455219840986
2006-02-07 14:30:00+00:00,-0.004421817471684364
2006-02-08 14:30:00+00:00,0.01074139123263217
2006-02-09 14:30:00+00:00,0.0021035880067403648
2006-02-10 14:30:00+00:00,0.0031654942962198065
2006-02-13 14:30:00+00:00,-0.002197041515409792
2006-02-14 14:30:00+00:00,0.012541030651006747
2006-02-15 14:30:00+00:00,0.002920206928327607
2006-02-16 14:30:00+00:00,0.0054728009097471
2006-02-17 14:30:00+00:00,-0.00048124332044753294
2006-02-21 14:30:00+00:00,-0.004276238586177883
2006-02-22 14:30:00+00:00,0.006395978194764884
2006-02-23 14:30:00+00:00,-0.005875334969954527
2006-02-24 14:30:00+00:00,-0.00045423852484273154
2006-02-27 14:30:00+00:00,0.003040272292874613
2006-02-28 14:30:00+00:00,-0.009412622502083978
2006-03-01 14:30:00+00:00,0.005383389665249083
2006-03-02 14:30:00+00:00,-0.0025483487650285294
2006-03-03 14:30:00+00:00,-0.00033952919049408105
2006-03-06 14:30:00+00:00,-0.005895423747779416
2006-03-07 14:30:00+00:00,0.0020338138915365514
2006-03-08 14:30:00+00:00,0.0025109089162165146
2006-03-09 14:30:00+00:00,-0.003132974154989154
2006-03-10 14:30:00+00:00,0.009325013816862782
2006-03-13 14:30:00+00:00,0.0006598008441191961
2006-03-14 14:30:00+00:00,0.006700305135566953
2006-03-15 14:30:00+00:00,0.005282157722358505
2006-03-16 14:30:00+00:00,0.0036704595448462276
2006-03-17 14:30:00+00:00,0.002168526830321527
2006-03-20 14:30:00+00:00,-0.0004900559879698174
2006-03-21 14:30:00+00:00,-0.0036846326219236556
2006-03-22 14:30:00+00:00,0.0072808224484095406
2006-03-23 14:30:00+00:00,-0.0042581794268790165
2006-03-24 14:30:00+00:00,0.0007304230834048631
2006-03-27 14:30:00+00:00,-0.002761275318801115
2006-03-28 14:30:00+00:00,-0.008595055560652886
2006-03-29 14:30:00+00:00,0.005346892881946219
2006-03-30 14:30:00+00:00,-0.005952145116133967
2006-03-31 14:30:00+00:00,-0.003868115028217944
2006-04-03 13:30:00+00:00,0.0027741500663638233
2006-04-04 13:30:00+00:00,0.005402297510044052
2006-04-05 13:30:00+00:00,0.0031436992501887476
2006-04-06 13:30:00+00:00,-0.0015697544086111903
2006-04-07 13:30:00+00:00,-0.00875636092785249
2006-04-10 13:30:00+00:00,0.0018289952354299977
2006-04-11 13:30:00+00:00,-0.00474039705761965
2006-04-12 13:30:00+00:00,0.0035521133109719274
2006-04-13 13:30:00+00:00,0.0005756891331620718
2006-04-17 13:30:00+00:00,-0.0058060178913364015
2006-04-18 13:30:00+00:00,0.017434701248724583
2006-04-19 13:30:00+00:00,0.0010867434943657606
2006-04-20 13:30:00+00:00,0.005606361860957631
2006-04-21 13:30:00+00:00,0.0002526263994753087
2006-04-24 13:30:00+00:00,-0.0010244235348713215
2006-04-25 13:30:00+00:00,-0.004802446979778952
2006-04-26 13:30:00+00:00,0.00621380447787655
2006-04-27 13:30:00+00:00,0.0028058023894332765
2006-04-28 13:30:00+00:00,0.0006756043583788674
2006-05-01 13:30:00+00:00,-0.002254355009150288
2006-05-02 13:30:00+00:00,0.006179322693919731
2006-05-03 13:30:00+00:00,-0.0013624219937250603
2006-05-04 13:30:00+00:00,0.003150411997214986
2006-05-05 13:30:00+00:00,0.011885374549890127
2006-05-08 13:30:00+00:00,0.0006057412463749024
2006-05-09 13:30:00+00:00,0.004660571646253542
2006-05-10 13:30:00+00:00,0.0009463816957260174
2006-05-11 13:30:00+00:00,-0.01200446924575994
2006-05-12 13:30:00+00:00,-0.010449515667870567
2006-05-15 13:30:00+00:00,0.004147629050693424
2006-05-16 13:30:00+00:00,-0.0008280503708314568
2006-05-17 13:30:00+00:00,-0.018024382399719718
2006-05-18 13:30:00+00:00,-0.0070497324559102405
2006-05-19 13:30:00+00:00,0.0016699386947382933
2006-05-22 13:30:00+00:00,-0.0017233655266358893
2006-05-23 13:30:00+00:00,-0.002611208101658835
2006-05-24 13:30:00+00:00,0.0014504315175638439
2006-05-25 13:30:00+00:00,0.008545091308263631
2006-05-26 13:30:00+00:00,0.005868762899286162
2006-05-30 13:30:00+00:00,-0.016311426766277292
2006-05-31 13:30:00+00:00,0.006856823861366201
2006-06-01 13:30:00+00:00,0.008069912496075238
2006-06-02 13:30:00+00:00,-0.001223341958370161
2006-06-05 13:30:00+00:00,-0.017777634825154164
2006-06-06 13:30:00+00:00,-0.004272663244058073
2006-06-07 13:30:00+00:00,-0.006567805344329669
2006-06-08 13:30:00+00:00,0.0007344343417041599
2006-06-09 13:30:00+00:00,-0.004416585040510468
2006-06-12 13:30:00+00:00,-0.009227793047649657
2006-06-13 13:30:00+00:00,-0.007240777409032073
2006-06-14 13:30:00+00:00,0.01018690657925857
2006-06-15 13:30:00+00:00,0.01817689557736223
2006-06-16 13:30:00+00:00,-8.457272431062748e-05
2006-06-19 13:30:00+00:00,-0.006705594514588642
2006-06-20 13:30:00+00:00,0.0028984901789339437
2006-06-21 13:30:00+00:00,0.009395894790173099
2006-06-22 13:30:00+00:00,-0.005396180320138677
2006-06-23 13:30:00+00:00,-0.0028316513068331714
2006-06-26 13:30:00+00:00,0.004903528949604652
2006-06-27 13:30:00+00:00,-0.01127825077841339
2006-06-28 13:30:00+00:00,0.004317248632782922
2006-06-29 13:30:00+00:00,0.01962228414152477
2006-06-30 13:30:00+00:00,-0.0037261999886730843
2006-07-03 13:30:00+00:00,0.006956892031513939
2006-07-05 13:30:00+00:00,-0.0066246208586901
2006-07-06 13:30:00+00:00,0.006913442636135014
2006-07-07 13:30:00+00:00,-0.011994835020655025
2006-07-10 13:30:00+00:00,0.0009674498153753209
2006-07-11 13:30:00+00:00,0.0027983946946499197
2006-07-12 13:30:00+00:00,-0.010948784578094239
2006-07-13 13:30:00+00:00,-0.015203588097568842
2006-07-14 13:30:00+00:00,-0.009981562247143538
2006-07-17 13:30:00+00:00,0.0006459243323735265
2006-07-18 13:30:00+00:00,0.004868492530721402
2006-07-19 13:30:00+00:00,0.019722408971641892
2006-07-20 13:30:00+00:00,-0.007291631517338482
2006-07-21 13:30:00+00:00,-0.006459565342502705
2006-07-24 13:30:00+00:00,0.01667749924996963
2006-07-25 13:30:00+00:00,0.00466517228504969
2006-07-26 13:30:00+00:00,-0.00013606177293746792
2006-07-27 13:30:00+00:00,-0.00043867774614582124
2006-07-28 13:30:00+00:00,0.010491665910927529
2006-07-31 13:30:00+00:00,-0.0030611371853127675
2006-08-01 13:30:00+00:00,-0.0053812153072908655
2006-08-02 13:30:00+00:00,0.006583646133309073
2006-08-03 13:30:00+00:00,0.004125849568478379
2006-08-04 13:30:00+00:00,-0.00047709106636352185
2006-08-07 13:30:00+00:00,-0.001887436973340606
2006-08-08 13:30:00+00:00,-0.004074784233460316
2006-08-09 13:30:00+00:00,-0.008363445335129682
2006-08-10 13:30:00+00:00,0.004526553116507281
2006-08-11 13:30:00+00:00,-0.003078995207966739
2006-08-14 13:30:00+00:00,0.0006935565777394959
2006-08-15 13:30:00+00:00,0.011814681157789265
2006-08-16 13:30:00+00:00,0.009005637329363426
2006-08-17 13:30:00+00:00,0.0005709073552120248
2006-08-18 13:30:00+00:00,0.004109544045763458
2006-08-21 13:30:00+00:00,-0.0032298787709354013
2006-08-22 13:30:00+00:00,-0.0005028691167765608
2006-08-23 13:30:00+00:00,-0.003559408223349558
2006-08-24 13:30:00+00:00,0.00048769286940729693
2006-08-25 13:30:00+00:00,-0.0016192981191793909
2006-08-28 13:30:00+00:00,0.005808527888718984
2006-08-29 13:30:00+00:00,0.0014229958175033697
2006-08-30 13:30:00+00:00,0.0013895052429966249
2006-08-31 13:30:00+00:00,-0.0003037459573585032
2006-09-01 13:30:00+00:00,0.007051206046429825
2006-09-05 13:30:00+00:00,0.0005500005026874866
2006-09-06 13:30:00+00:00,-0.005335397422117649
2006-09-07 13:30:00+00:00,-0.006563716909937634
2006-09-08 13:30:00+00:00,0.005183166959864749
2006-09-11 13:30:00+00:00,0.0005119232696062404
2006-09-12 13:30:00+00:00,0.008784041663139276
2006-09-13 13:30:00+00:00,0.004742564582758557
2006-09-14 13:30:00+00:00,-0.0014870039715943028
2006-09-15 13:30:00+00:00,0.002677363656077281
2006-09-18 13:30:00+00:00,-0.000529908267932655
2006-09-19 13:30:00+00:00,-0.0012847622235124922
2006-09-20 13:30:00+00:00,0.006043513635965547
2006-09-21 13:30:00+00:00,-0.0068552258764460585
2006-09-22 13:30:00+00:00,-0.0022512824203832047
2006-09-25 13:30:00+00:00,0.005678784700517736
2006-09-26 13:30:00+00:00,0.007990995202449048
2006-09-27 13:30:00+00:00,0.0015323473727593018
2006-09-28 13:30:00+00:00,0.002385140701553812
2006-09-29 13:30:00+00:00,-0.0034264487553131826
2006-10-02 13:30:00+00:00,-0.0008398434990182335
2006-10-03 13:30:00+00:00,0.004803937534732616
2006-10-04 13:30:00+00:00,0.010790605700911494
2006-10-05 13:30:00+00:00,0.001783639928450309
2006-10-06 13:30:00+00:00,-0.0013877911603881298
2006-10-09 13:30:00+00:00,0.0005962284084102154
2006-10-10 13:30:00+00:00,0.0006960590055471339
2006-10-11 13:30:00+00:00,-0.0012259839499757618
2006-10-12 13:30:00+00:00,0.007793477920776659
2006-10-13 13:30:00+00:00,0.001012395968825508
2006-10-16 13:30:00+00:00,0.001512702936004462
2006-10-17 13:30:00+00:00,-0.0023860435889270335
2006-10-18 13:30:00+00:00,0.00367142643225481
2006-10-19 13:30:00+00:00,0.0018026356855866843
2006-10-20 13:30:00+00:00,-0.0009856771654298657
2006-10-23 13:30:00+00:00,-6.695495379905872e-05
2006-10-24 13:30:00+00:00,0.000838398714434907
2006-10-25 13:30:00+00:00,0.0005134498023642187
2006-10-26 13:30:00+00:00,0.0022750055930769067
2006-10-27 13:30:00+00:00,-0.0062259230448428295
2006-10-30 14:30:00+00:00,-0.0003183487422813268
2006-10-31 14:30:00+00:00,-0.0005508636219959783
2006-11-01 14:30:00+00:00,-0.0041752855901160514
2006-11-02 14:30:00+00:00,-0.0005524649471645548
2006-11-03 14:30:00+00:00,-0.0027842204096471088
2006-11-06 14:30:00+00:00,0.009944892756374103
2006-11-07 14:30:00+00:00,0.004197447799417542
2006-11-08 14:30:00+00:00,0.0023005305285017544
2006-11-09 14:30:00+00:00,-0.00596465288504523
2006-11-10 14:30:00+00:00,0.0003700962769439432
2006-11-13 14:30:00+00:00,0.002725304557740882
2006-11-14 14:30:00+00:00,0.006952936829437639
2006-11-15 14:30:00+00:00,0.002957042106285657
2006-11-16 14:30:00+00:00,0.004452676005542322
2006-11-17 14:30:00+00:00,0.0029833502183464924
2006-11-20 14:30:00+00:00,-0.0020585519756566415
2006-11-21 14:30:00+00:00,0.0006683447971666979
2006-11-22 14:30:00+00:00,0.000309030661528087
2006-11-24 14:30:00+00:00,-0.0034712884976347944
2006-11-27 14:30:00+00:00,-0.01292012026726309
2006-11-28 14:30:00+00:00,0.0013448264455617643
2006-11-29 14:30:00+00:00,0.00750895265960837
2006-11-30 14:30:00+00:00,-0.000492646363005289
2006-12-01 14:30:00+00:00,-0.0022962122769736412
2006-12-04 14:30:00+00:00,0.007138636210765481
2006-12-05 14:30:00+00:00,0.003800226887166847
2006-12-06 14:30:00+00:00,-0.001679217225658236
2006-12-07 14:30:00+00:00,-0.0026767174566360128
2006-12-08 14:30:00+00:00,0.0022683911642418122
2006-12-11 14:30:00+00:00,0.0017096967208580672
2006-12-12 14:30:00+00:00,-0.001126923227428589
2006-12-13 14:30:00+00:00,0.0002890320715502771
2006-12-14 14:30:00+00:00,0.007958434392125058
2006-12-15 14:30:00+00:00,0.0021193315487561984
2006-12-18 14:30:00+00:00,-0.0004993738696502769
2006-12-19 14:30:00+00:00,0.002457218690635521
2006-12-20 14:30:00+00:00,-0.0006973862530844754
2006-12-21 14:30:00+00:00,-0.0033395560776098396
2006-12-22 14:30:00+00:00,-0.005727962691194699
2006-12-26 14:30:00+00:00,0.005222457477350051
2006-12-27 14:30:00+00:00,0.008131551257682047
2006-12-28 14:30:00+00:00,-0.000823450731974773
2006-12-29 14:30:00+00:00,-0.003086291464421864
2007-01-03 14:30:00+00:00,0.0011022508166864565
2007-01-04 14:30:00+00:00,0.0005037181711104899
2007-01-05 14:30:00+00:00,-0.006673694844686062
2007-01-08 14:30:00+00:00,0.0024403844368592223
2007-01-09 14:30:00+00:00,-0.0007575511806840018
2007-01-10 14:30:00+00:00,0.0019262669122976806
2007-01-11 14:30:00+00:00,0.0056880526851004086
2007-01-12 14:30:00+00:00,0.0032097120783032176
2007-01-16 14:30:00+00:00,0.0020304827341610546
2007-01-17 14:30:00+00:00,0.0003526466858409961
2007-01-18 14:30:00+00:00,-0.0006669860069158484
2007-01-19 14:30:00+00:00,-0.0002909156179387139
2007-01-22 14:30:00+00:00,-0.007132740780889113
2007-01-23 14:30:00+00:00,0.0043871845542677755
2007-01-24 14:30:00+00:00,0.0068727807018125085
2007-01-25 14:30:00+00:00,-0.009544789864238134
2007-01-26 14:30:00+00:00,-0.0014005180906041636
2007-01-29 14:30:00+00:00,0.000194757323769268
2007-01-30 14:30:00+00:00,0.0023878744944905053
2007-01-31 14:30:00+00:00,0.008019801153011697
2007-02-01 14:30:00+00:00,0.004376388684748311
2007-02-02 14:30:00+00:00,-0.0017056388297375213
2007-02-05 14:30:00+00:00,0.0005583267294852923
2007-02-06 14:30:00+00:00,0.00026720414267366054
2007-02-07 14:30:00+00:00,0.000690856922409322
2007-02-08 14:30:00+00:00,-0.002313861504007153
2007-02-09 14:30:00+00:00,-0.004626037212675638
2007-02-12 14:30:00+00:00,-0.0022908032683971566
2007-02-13 14:30:00+00:00,0.008319601270655886
2007-02-14 14:30:00+00:00,0.007058978429895546
2007-02-15 14:30:00+00:00,0.001729392463736923
2007-02-16 14:30:00+00:00,0.00016953891249048568
2007-02-20 14:30:00+00:00,0.0014501113953726442
2007-02-21 14:30:00+00:00,-0.0035780890777980076
2007-02-22 14:30:00+00:00,-0.00400632068819452
2007-02-23 14:30:00+00:00,-0.0026559512413811934
2007-02-26 14:30:00+00:00,-0.0013349988561107806
2007-02-27 14:30:00+00:00,-0.03277585803086515
2007-02-28 14:30:00+00:00,0.004297078432034185
2007-03-01 14:30:00+00:00,-0.00289493630421912
2007-03-02 14:30:00+00:00,-0.009882803139137263
2007-03-05 14:30:00+00:00,-0.005153018841925106
2007-03-06 14:30:00+00:00,0.012879646199417605
2007-03-07 14:30:00+00:00,-0.0010840472797190137
2007-03-08 14:30:00+00:00,0.00542516144120152
2007-03-09 14:30:00+00:00,0.001062997301205948
2007-03-12 13:30:00+00:00,0.0033980083205677916
2007-03-13 13:30:00+00:00,-0.01891214358316796
2007-03-14 13:30:00+00:00,0.004776455681951608
2007-03-15 13:30:00+00:00,0.0020857068487090016
2007-03-16 13:30:00+00:00,-0.004151877394488313
2007-03-19 13:30:00+00:00,0.009458699014439177
2007-03-20 13:30:00+00:00,0.004912758128769334
2007-03-21 13:30:00+00:00,0.01280091256171766
2007-03-22 13:30:00+00:00,0.0010585319017208828
2007-03-23 13:30:00+00:00,0.0015459825548733597
2007-03-26 13:30:00+00:00,-0.0010054062164340904
2007-03-27 13:30:00+00:00,-0.005824739146977576
2007-03-28 13:30:00+00:00,-0.007854604811121112
2007-03-29 13:30:00+00:00,0.0037425888144180133
2007-03-30 13:30:00+00:00,0.0003404804194195755
2007-04-02 13:30:00+00:00,0.002148591972130676
2007-04-03 13:30:00+00:00,0.010502590834580817
2007-04-04 13:30:00+00:00,0.0013937986437795203
2007-04-05 13:30:00+00:00,0.002852952160662159
2007-04-09 13:30:00+00:00,0.00041740718367332406
2007-04-10 13:30:00+00:00,0.00032641358668049635
2007-04-11 13:30:00+00:00,-0.007138825619666178
2007-04-12 13:30:00+00:00,0.005452892782248575
2007-04-13 13:30:00+00:00,0.004697654365978232
2007-04-16 13:30:00+00:00,0.008528561831250937
2007-04-17 13:30:00+00:00,0.004104584950789014
2007-04-18 13:30:00+00:00,0.002465152314808028
2007-04-19 13:30:00+00:00,0.0005922274296321528
2007-04-20 13:30:00+00:00,0.01167334380801387
2007-04-23 13:30:00+00:00,-0.00338499786183567
2007-04-24 13:30:00+00:00,0.002554933278587901
2007-04-25 13:30:00+00:00,0.010591470695705308
2007-04-26 13:30:00+00:00,0.0011728520211786609
2007-04-27 13:30:00+00:00,0.0011897084085992105
2007-04-30 13:30:00+00:00,-0.004467293271837714
2007-05-01 13:30:00+00:00,0.005518238765765282
2007-05-02 13:30:00+00:00,0.005834201814165929
2007-05-03 13:30:00+00:00,0.0025296972479982196
2007-05-04 13:30:00+00:00,0.001526512785200207
2007-05-07 13:30:00+00:00,0.0035820993296580175
2007-05-08 13:30:00+00:00,-0.00012480037532215372
2007-05-09 13:30:00+00:00,0.004580232910310611
2007-05-10 13:30:00+00:00,-0.010873215459119023
2007-05-11 13:30:00+00:00,0.008529867059572139
2007-05-14 13:30:00+00:00,0.0014736907400898392
2007-05-15 13:30:00+00:00,0.0027315523780846343
2007-05-16 13:30:00+00:00,-5.7713784155100006e-05
2007-05-17 13:30:00+00:00,-0.000901521602238009
2007-05-18 13:30:00+00:00,0.005845941088856488
2007-05-21 13:30:00+00:00,-0.0011069236264493853
2007-05-22 13:30:00+00:00,-0.00047209617543387806
2007-05-23 13:30:00+00:00,-0.0012217511838462757
2007-05-24 13:30:00+00:00,-0.006124708925495226
2007-05-25 13:30:00+00:00,0.004760893714845771
2007-05-29 13:30:00+00:00,0.0009408883230288434
2007-05-30 13:30:00+00:00,0.008421332299884055
2007-05-31 13:30:00+00:00,-0.000493189434643837
2007-06-01 13:30:00+00:00,0.002792421841876436
2007-06-04 13:30:00+00:00,0.0005665845910422962
2007-06-05 13:30:00+00:00,-0.005784881604605563
2007-06-06 13:30:00+00:00,-0.0092967743242789
2007-06-07 13:30:00+00:00,-0.014713606077319651
2007-06-08 13:30:00+00:00,0.011752592508025728
2007-06-11 13:30:00+00:00,-5.751669052101996e-05
2007-06-12 13:30:00+00:00,-0.009737673384097489
2007-06-13 13:30:00+00:00,0.01455495630294389
2007-06-14 13:30:00+00:00,0.005188422257903935
2007-06-15 13:30:00+00:00,0.006009922122228717
2007-06-18 13:30:00+00:00,-0.002007730130508156
2007-06-19 13:30:00+00:00,0.001644107628157021
2007-06-20 13:30:00+00:00,-0.01089008584818053
2007-06-21 13:30:00+00:00,0.004288016515161741
2007-06-22 13:30:00+00:00,-0.013741203015606673
2007-06-25 13:30:00+00:00,-0.0007017952840534635
2007-06-26 13:30:00+00:00,-0.0012016741453687696
2007-06-27 13:30:00+00:00,0.006708222235369809
2007-06-28 13:30:00+00:00,-0.0004872800503864626
2007-06-29 13:30:00+00:00,-0.0011422886464384052
2007-07-02 13:30:00+00:00,0.009283582044987238
2007-07-03 13:30:00+00:00,0.003282435713117138
2007-07-05 13:30:00+00:00,-0.0008660729661121968
2007-07-06 13:30:00+00:00,0.0037844961973940608
2007-07-09 13:30:00+00:00,0.0026407993650212516
2007-07-10 13:30:00+00:00,-0.010862258234667698
2007-07-11 13:30:00+00:00,0.0056383280733138695
2007-07-12 13:30:00+00:00,0.02069634186666679
2007-07-13 13:30:00+00:00,0.003319201004587036
2007-07-16 13:30:00+00:00,0.0030559891748109694
2007-07-17 13:30:00+00:00,0.0013040926009568632
2007-07-18 13:30:00+00:00,-0.0027391935994831693
2007-07-19 13:30:00+00:00,0.0057640238812739384
2007-07-20 13:30:00+00:00,-0.010788755915916225
2007-07-23 13:30:00+00:00,0.006519350075563135
2007-07-24 13:30:00+00:00,-0.01616425618413443
2007-07-25 13:30:00+00:00,0.004770906456727386
2007-07-26 13:30:00+00:00,-0.022558616195435543
2007-07-27 13:30:00+00:00,-0.015480010936484333
2007-07-30 13:30:00+00:00,0.006842420604391763
2007-07-31 13:30:00+00:00,-0.011227438325377436
2007-08-01 13:30:00+00:00,0.01135100633079621
2007-08-02 13:30:00+00:00,0.007798726226034602
2007-08-03 13:30:00+00:00,-0.020924144830916102
2007-08-06 13:30:00+00:00,0.02156787349925281
2007-08-07 13:30:00+00:00,0.0026161300403997226
2007-08-08 13:30:00+00:00,0.011800951323636778
2007-08-09 13:30:00+00:00,-0.02805496361727401
2007-08-10 13:30:00+00:00,-0.00243974563701278
2007-08-13 13:30:00+00:00,-0.00032733158524534946
2007-08-14 13:30:00+00:00,-0.01572437169717923
2007-08-15 13:30:00+00:00,-0.012422287463395586
2007-08-16 13:30:00+00:00,-0.0013198802670737586
2007-08-17 13:30:00+00:00,0.01788173862567154
2007-08-20 13:30:00+00:00,0.0031318428358502073
2007-08-21 13:30:00+00:00,-0.0023247974329008267
2007-08-22 13:30:00+00:00,0.010997019397404263
2007-08-23 13:30:00+00:00,-0.00011888769619318165
2007-08-24 13:30:00+00:00,0.010703228469962179
2007-08-27 13:30:00+00:00,-0.004213748568061238
2007-08-28 13:30:00+00:00,-0.02086671834552568
2007-08-29 13:30:00+00:00,0.018777436114603575
2007-08-30 13:30:00+00:00,-0.003801085191102682
2007-08-31 13:30:00+00:00,0.008728774609805468
2007-09-04 13:30:00+00:00,0.006672575550345827
2007-09-05 13:30:00+00:00,-0.010319550675973576
2007-09-06 13:30:00+00:00,0.004176814673932705
2007-09-07 13:30:00+00:00,-0.018613970575229188
2007-09-10 13:30:00+00:00,0.0007737130601228493
2007-09-11 13:30:00+00:00,0.013532706177526988
2007-09-12 13:30:00+00:00,-0.0006007538478699614
2007-09-13 13:30:00+00:00,0.009868117159465662
2007-09-14 13:30:00+00:00,0.001474343891801
2007-09-17 13:30:00+00:00,-0.002966419892772476
2007-09-18 13:30:00+00:00,0.024984343325715076
2007-09-19 13:30:00+00:00,0.005354577113561676
2007-09-20 13:30:00+00:00,-0.003489385002973477
2007-09-21 13:30:00+00:00,0.0036666406360270523
2007-09-24 13:30:00+00:00,-0.00462269465582833
2007-09-25 13:30:00+00:00,0.001412631860186575
2007-09-26 13:30:00+00:00,0.0070738468092459315
2007-09-27 13:30:00+00:00,0.002307153238747517
2007-09-28 13:30:00+00:00,-0.0013442047719878336
2007-10-01 13:30:00+00:00,0.013705688539073158
2007-10-02 13:30:00+00:00,-0.0029274070619735968
2007-10-03 13:30:00+00:00,-0.005143895665442611
2007-10-04 13:30:00+00:00,0.0003596200311275389
2007-10-05 13:30:00+00:00,0.006839578007439495
2007-10-08 13:30:00+00:00,-0.0016378122047258192
2007-10-09 13:30:00+00:00,0.008501689199055907
2007-10-10 13:30:00+00:00,-0.006194527534681205
2007-10-11 13:30:00+00:00,-0.004644288623748116
2007-10-12 13:30:00+00:00,0.005375055202033951
2007-10-15 13:30:00+00:00,-0.007737425568138068
2007-10-16 13:30:00+00:00,-0.005347935834713724
2007-10-17 13:30:00+00:00,-0.002120027561327575
2007-10-18 13:30:00+00:00,-2.3705507477889048e-05
2007-10-19 13:30:00+00:00,-0.026485210359903266
2007-10-22 13:30:00+00:00,0.0032538591516377727
2007-10-23 13:30:00+00:00,0.0078078294103658295
2007-10-24 13:30:00+00:00,-0.00012413631620112876
2007-10-25 13:30:00+00:00,-0.0005335248353611876
2007-10-26 13:30:00+00:00,0.009481990014764453
2007-10-29 13:30:00+00:00,0.004456280389053535
2007-10-30 13:30:00+00:00,-0.005620952588235262
2007-10-31 13:30:00+00:00,0.009902146134101553
2007-11-01 13:30:00+00:00,-0.025687901536925028
2007-11-02 13:30:00+00:00,0.0017569936421499733
2007-11-05 14:30:00+00:00,-0.003718127479649513
2007-11-06 14:30:00+00:00,0.008657761753574345
2007-11-07 14:30:00+00:00,-0.02550538695446859
2007-11-08 14:30:00+00:00,-0.0026120984502925435
2007-11-09 14:30:00+00:00,-0.016571373852143256
2007-11-12 14:30:00+00:00,-0.00405810396866414
2007-11-13 14:30:00+00:00,0.025485870423639357
2007-11-14 14:30:00+00:00,-0.0056961918269484825
2007-11-15 14:30:00+00:00,-0.009242156424958747
2007-11-16 14:30:00+00:00,0.005034419359558162
2007-11-19 14:30:00+00:00,-0.016634184727831968
2007-11-20 14:30:00+00:00,0.004084938382565617
2007-11-21 14:30:00+00:00,-0.016061861457592707
2007-11-23 14:30:00+00:00,0.014342681682669934
2007-11-26 14:30:00+00:00,-0.018324189727126582
2007-11-27 14:30:00+00:00,0.0166645225469526
2007-11-28 14:30:00+00:00,0.02547563915923633
2007-11-29 14:30:00+00:00,0.0016926304603133047
2007-11-30 14:30:00+00:00,0.0042164073502075515
2007-12-03 14:30:00+00:00,-0.0041132055845775175
2007-12-04 14:30:00+00:00,-0.00479601363391925
2007-12-05 14:30:00+00:00,0.015072912046174104
2007-12-06 14:30:00+00:00,0.012843774035755418
2007-12-07 14:30:00+00:00,0.0004368190766252834
2007-12-10 14:30:00+00:00,0.007495705248157447
2007-12-11 14:30:00+00:00,-0.021525174378918
2007-12-12 14:30:00+00:00,0.0028103958753340377
2007-12-13 14:30:00+00:00,0.0031640311665510515
2007-12-14 14:30:00+00:00,-0.01306776257304022
2007-12-17 14:30:00+00:00,-0.012994326307542946
2007-12-18 14:30:00+00:00,0.004745562840515294
2007-12-19 14:30:00+00:00,-0.001967516171019101
2007-12-20 14:30:00+00:00,0.0028667062646527855
2007-12-21 14:30:00+00:00,0.01568278191019411
2007-12-24 14:30:00+00:00,0.007283210193916634
2007-12-26 14:30:00+00:00,0.00017607382084227084
2007-12-27 14:30:00+00:00,-0.014090493248332347
2007-12-28 14:30:00+00:00,0.00024724709287448086
2007-12-31 14:30:00+00:00,-0.007533302398994535
2008-01-02 14:30:00+00:00,-0.016527635605736123
2008-01-03 14:30:00+00:00,0.0008659225200171484
2008-01-04 14:30:00+00:00,-0.018984663154655645
2008-01-07 14:30:00+00:00,0.001957615366294785
2008-01-08 14:30:00+00:00,-0.01818219946038425
2008-01-09 14:30:00+00:00,0.011424796633669122
2008-01-10 14:30:00+00:00,0.00932263821445466
2008-01-11 14:30:00+00:00,-0.019121505783272773
2008-01-14 14:30:00+00:00,0.012930995754194086
2008-01-15 14:30:00+00:00,-0.021730964463901336
2008-01-16 14:30:00+00:00,-0.0009535366355064689
2008-01-17 14:30:00+00:00,-0.024792276727269923
2008-01-18 14:30:00+00:00,-0.005086917933573976
2008-01-22 14:30:00+00:00,-0.010149790255872048
2008-01-23 14:30:00+00:00,0.02505563784223307
2008-01-24 14:30:00+00:00,0.00853053806187275
2008-01-25 14:30:00+00:00,-0.014991441087906853
2008-01-28 14:30:00+00:00,0.014498060094024535
2008-01-29 14:30:00+00:00,0.0075792824090956555
2008-01-30 14:30:00+00:00,-0.003089515451229052
2008-01-31 14:30:00+00:00,0.016950594894368665
2008-02-01 14:30:00+00:00,0.008209787608625552
2008-02-04 14:30:00+00:00,-0.00857125955393324
2008-02-05 14:30:00+00:00,-0.029131356286123854
2008-02-06 14:30:00+00:00,-0.004762578524954664
2008-02-07 14:30:00+00:00,0.004065215712597536
2008-02-08 14:30:00+00:00,-0.005516174038960331
2008-02-11 14:30:00+00:00,0.004671026405985701
2008-02-12 14:30:00+00:00,0.010670734331698729
2008-02-13 14:30:00+00:00,0.014786669553898946
2008-02-14 14:30:00+00:00,-0.014005044104971841
2008-02-15 14:30:00+00:00,-0.002398697302287378
2008-02-19 14:30:00+00:00,-0.001101662188300112
2008-02-20 14:30:00+00:00,0.007517598080781773
2008-02-21 14:30:00+00:00,-0.01157111369079079
2008-02-22 14:30:00+00:00,0.008036874558478669
2008-02-25 14:30:00+00:00,0.015201972533638742
2008-02-26 14:30:00+00:00,0.009084106965439254
2008-02-27 14:30:00+00:00,0.0007467852304578915
2008-02-28 14:30:00+00:00,-0.00854024118229103
2008-02-29 14:30:00+00:00,-0.024996731666911198
2008-03-03 14:30:00+00:00,-0.0005451892133783276
2008-03-04 14:30:00+00:00,-0.0037984523425164227
2008-03-05 14:30:00+00:00,0.004001666142843241
2008-03-06 14:30:00+00:00,-0.017579181110393926
2008-03-07 14:30:00+00:00,-0.012177276268353753
2008-03-10 13:30:00+00:00,-0.012955388356159291
2008-03-11 13:30:00+00:00,0.035286066946671676
2008-03-12 13:30:00+00:00,-0.003258395575882933
2008-03-13 13:30:00+00:00,0.003971428905885854
2008-03-14 13:30:00+00:00,-0.0161788357973205
2008-03-17 13:30:00+00:00,0.0020596209975096594
2008-03-18 13:30:00+00:00,0.03469818144189406
2008-03-19 13:30:00+00:00,-0.023653154579949886
2008-03-20 13:30:00+00:00,0.021291623970135055
2008-03-24 13:30:00+00:00,0.015000338053239071
2008-03-25 13:30:00+00:00,-0.0012747696769640604
2008-03-26 13:30:00+00:00,-0.008792268794837643
2008-03-27 13:30:00+00:00,-0.009713675466322524
2008-03-28 13:30:00+00:00,-0.007213142137279316
2008-03-31 13:30:00+00:00,0.003744960253741592
2008-04-01 13:30:00+00:00,0.03150773563397101
2008-04-02 13:30:00+00:00,-0.0034790005796850984
2008-04-03 13:30:00+00:00,0.0015024486437868912
2008-04-04 13:30:00+00:00,-0.0014155640532119817
2008-04-07 13:30:00+00:00,-0.00011269812560178441
2008-04-08 13:30:00+00:00,-0.0021804914389044303
2008-04-09 13:30:00+00:00,-0.003868742949333381
2008-04-10 13:30:00+00:00,0.004306574882577674
2008-04-11 13:30:00+00:00,-0.020319776978107284
2008-04-14 13:30:00+00:00,-0.0019426276353418203
2008-04-15 13:30:00+00:00,0.004810572567522253
2008-04-16 13:30:00+00:00,0.019926639457814355
2008-04-17 13:30:00+00:00,0.00014488750886408895
2008-04-18 13:30:00+00:00,0.017529272281199704
2008-04-21 13:30:00+00:00,-0.0021146919311709864
2008-04-22 13:30:00+00:00,-0.008270674691345802
2008-04-23 13:30:00+00:00,0.0031833938433678435
2008-04-24 13:30:00+00:00,0.006501850565433498
2008-04-25 13:30:00+00:00,0.0032841207332423464
2008-04-28 13:30:00+00:00,-0.0015746815525716884
2008-04-29 13:30:00+00:00,-0.0030859038357163968
2008-04-30 13:30:00+00:00,-0.000982231729671168
2008-05-01 13:30:00+00:00,0.01485202643916871
2008-05-02 13:30:00+00:00,0.0034096880403211463
2008-05-05 13:30:00+00:00,-0.006765630510500842
2008-05-06 13:30:00+00:00,0.0039050020545712163
2008-05-07 13:30:00+00:00,-0.01520056233243362
2008-05-08 13:30:00+00:00,0.003991558733823053
2008-05-09 13:30:00+00:00,-0.0090264181580605
2008-05-12 13:30:00+00:00,0.010159248728282434
2008-05-13 13:30:00+00:00,-0.003199762461298505
2008-05-14 13:30:00+00:00,0.005612208927136863
2008-05-15 13:30:00+00:00,0.007763457953419139
2008-05-16 13:30:00+00:00,-0.0005572114565781771
2008-05-19 13:30:00+00:00,0.0031921563112446874
2008-05-20 13:30:00+00:00,-0.015251216407339074
2008-05-21 13:30:00+00:00,-0.01754647479859307
2008-05-22 13:30:00+00:00,0.0021170482483188094
2008-05-23 13:30:00+00:00,-0.011293377923926717
2008-05-27 13:30:00+00:00,0.005406551653198022
2008-05-28 13:30:00+00:00,0.003976400291811
2008-05-29 13:30:00+00:00,0.004056753157518844
2008-05-30 13:30:00+00:00,-0.0008147767448076881
2008-06-02 13:30:00+00:00,-0.010691320251474134
2008-06-03 13:30:00+00:00,-0.008125992095617384
2008-06-04 13:30:00+00:00,-0.00021135396731021262
2008-06-05 13:30:00+00:00,0.017306081171571498
2008-06-06 13:30:00+00:00,-0.031278192738651414
2008-06-09 13:30:00+00:00,0.005648540790405654
2008-06-10 13:30:00+00:00,0.0008814374770080736
2008-06-11 13:30:00+00:00,-0.01658744175044503
2008-06-12 13:30:00+00:00,0.004197087323273274
2008-06-13 13:30:00+00:00,0.013301833056450264
2008-06-16 13:30:00+00:00,-0.003169854728034116
2008-06-17 13:30:00+00:00,-0.009012282131612547
2008-06-18 13:30:00+00:00,-0.01076070663254326
2008-06-19 13:30:00+00:00,0.0027290053132238315
2008-06-20 13:30:00+00:00,-0.01829735820616508
2008-06-23 13:30:00+00:00,-0.00022409216890185703
2008-06-24 13:30:00+00:00,-0.003049636983297088
2008-06-25 13:30:00+00:00,0.0004523368763575842
2008-06-26 13:30:00+00:00,-0.030175646858710225
2008-06-27 13:30:00+00:00,-0.00938501179854424
2008-06-30 13:30:00+00:00,0.0002798417231473117
2008-07-01 13:30:00+00:00,0.003216113896370654
2008-07-02 13:30:00+00:00,-0.014756922953904416
2008-07-03 13:30:00+00:00,0.006367549845087461
2008-07-07 13:30:00+00:00,-0.0051694927246066615
2008-07-08 13:30:00+00:00,0.014080780240448555
2008-07-09 13:30:00+00:00,-0.02070188950824604
2008-07-10 13:30:00+00:00,0.007166746919687428
2008-07-11 13:30:00+00:00,-0.011290805384808988
2008-07-14 13:30:00+00:00,-0.004463363751345939
2008-07-15 13:30:00+00:00,-0.008086731022632587
2008-07-16 13:30:00+00:00,0.02520500067928876
2008-07-17 13:30:00+00:00,0.018432059692507375
2008-07-18 13:30:00+00:00,0.00514727229535693
2008-07-21 13:30:00+00:00,-0.0025079722026353332
2008-07-22 13:30:00+00:00,0.01252007911094365
2008-07-23 13:30:00+00:00,0.002398428067431391
2008-07-24 13:30:00+00:00,-0.02426606686377598
2008-07-25 13:30:00+00:00,0.0025056271385452858
2008-07-28 13:30:00+00:00,-0.021067525678049048
2008-07-29 13:30:00+00:00,0.02362304790177182
2008-07-30 13:30:00+00:00,0.01623076433834302
2008-07-31 13:30:00+00:00,-0.017371624787805417
2008-08-01 13:30:00+00:00,-0.004807368664585876
2008-08-04 13:30:00+00:00,-0.0038231793478823548
2008-08-05 13:30:00+00:00,0.029117564180794798
2008-08-06 13:30:00+00:00,0.004418467106099821
2008-08-07 13:30:00+00:00,-0.01931768892724429
2008-08-08 13:30:00+00:00,0.02633702707735729
2008-08-11 13:30:00+00:00,0.004391148331613015
2008-08-12 13:30:00+00:00,-0.011917519241017038
2008-08-13 13:30:00+00:00,-0.008683447426993129
2008-08-14 13:30:00+00:00,0.007171840417856445
2008-08-15 13:30:00+00:00,0.004093398435762052
2008-08-18 13:30:00+00:00,-0.01556021845838874
2008-08-19 13:30:00+00:00,-0.011385853380302301
2008-08-20 13:30:00+00:00,0.006200866662885207
2008-08-21 13:30:00+00:00,0.0012122373857021862
2008-08-22 13:30:00+00:00,0.01751382947984158
2008-08-25 13:30:00+00:00,-0.02073792358628602
2008-08-26 13:30:00+00:00,0.002474813852728397
2008-08-27 13:30:00+00:00,0.0077904815434814865
2008-08-28 13:30:00+00:00,0.018622782789581505
2008-08-29 13:30:00+00:00,-0.014551223192790463
2008-09-02 13:30:00+00:00,-0.0025866517659846153
2008-09-03 13:30:00+00:00,0.0022353115228335055
2008-09-04 13:30:00+00:00,-0.029950473272669097
2008-09-05 13:30:00+00:00,0.003058523793039825
2008-09-08 13:30:00+00:00,0.025367565700361795
2008-09-09 13:30:00+00:00,-0.024764059725127862
2008-09-10 13:30:00+00:00,0.003016436319861693
2008-09-11 13:30:00+00:00,0.014926892130734604
2008-09-12 13:30:00+00:00,-0.0007413398106432933
2008-09-15 13:30:00+00:00,-0.04379693225094895
2008-09-16 13:30:00+00:00,0.013966088165013203
2008-09-17 13:30:00+00:00,-0.04052117171106219
2008-09-18 13:30:00+00:00,0.03861055575735016
2008-09-19 13:30:00+00:00,0.032630024432859214
2008-09-22 13:30:00+00:00,-0.033338154709430703
2008-09-23 13:30:00+00:00,-0.014762767517249708
2008-09-24 13:30:00+00:00,-0.002390282455568726
2008-09-25 13:30:00+00:00,0.017900054478109596
2008-09-26 13:30:00+00:00,0.011161402382612307
2008-09-29 13:30:00+00:00,-0.06959697689246337
2008-09-30 13:30:00+00:00,0.046091619263051595
2008-10-01 13:30:00+00:00,-0.0016054370205707102
2008-10-02 13:30:00+00:00,-0.03175573527518695
2008-10-03 13:30:00+00:00,-0.015225971361571233
2008-10-06 13:30:00+00:00,-0.03565522759137431
2008-10-07 13:30:00+00:00,-0.05115857656446955
2008-10-08 13:30:00+00:00,-0.019081295409512988
2008-10-09 13:30:00+00:00,-0.07379065131051123
2008-10-10 13:30:00+00:00,-0.013810353328885482
2008-10-13 13:30:00+00:00,0.10922929802926949
2008-10-14 13:30:00+00:00,-0.008405436534414067
2008-10-15 13:30:00+00:00,-0.0779334759031768
2008-10-16 13:30:00+00:00,0.04679493400178457
2008-10-17 13:30:00+00:00,-0.013818672605676274
2008-10-20 13:30:00+00:00,0.046569214998088734
2008-10-21 13:30:00+00:00,-0.024837622886067622
2008-10-22 13:30:00+00:00,-0.05644015352682909
2008-10-23 13:30:00+00:00,0.020027360032571318
2008-10-24 13:30:00+00:00,-0.03514001020288006
2008-10-27 13:30:00+00:00,-0.023995871045880867
2008-10-28 13:30:00+00:00,0.1082788024359853
2008-10-29 13:30:00+00:00,-0.007975470940942208
2008-10-30 13:30:00+00:00,0.01944879699877621
2008-10-31 13:30:00+00:00,0.01579699244248677
2008-11-03 14:30:00+00:00,-0.0007658732872140139
2008-11-04 14:30:00+00:00,0.03222455942359924
2008-11-05 14:30:00+00:00,-0.04973605614396816
2008-11-06 14:30:00+00:00,-0.04807670878475513
2008-11-07 14:30:00+00:00,0.02839338020727177
2008-11-10 14:30:00+00:00,-0.008601506006013514
2008-11-11 14:30:00+00:00,-0.019318659249290337
2008-11-12 14:30:00+00:00,-0.04637306940285714
2008-11-13 14:30:00+00:00,0.06681233031760912
2008-11-14 14:30:00+00:00,-0.03692541903445491
2008-11-17 14:30:00+00:00,-0.026146372821000196
2008-11-18 14:30:00+00:00,0.018200971446783
2008-11-19 14:30:00+00:00,-0.05038217674865443
2008-11-20 14:30:00+00:00,-0.05553594458451362
2008-11-21 14:30:00+00:00,0.06531652448456592
2008-11-24 14:30:00+00:00,0.04901722065261026
2008-11-25 14:30:00+00:00,0.003965069324383774
2008-11-26 14:30:00+00:00,0.030867029310638106
2008-11-28 14:30:00+00:00,0.011859132281251118
2008-12-01 14:30:00+00:00,-0.07688806824185025
2008-12-02 14:30:00+00:00,0.03244206270121118
2008-12-03 14:30:00+00:00,0.021608615730257286
2008-12-04 14:30:00+00:00,-0.024652038175127077
2008-12-05 14:30:00+00:00,0.030861958497423226
2008-12-08 14:30:00+00:00,0.034229856322599325
2008-12-09 14:30:00+00:00,-0.02727336294250061
2008-12-10 14:30:00+00:00,0.007770691576555844
2008-12-11 14:30:00+00:00,-0.021247119133164693
2008-12-12 14:30:00+00:00,0.007675231068444688
2008-12-15 14:30:00+00:00,-0.0075493817891350125
2008-12-16 14:30:00+00:00,0.04175196003386537
2008-12-17 14:30:00+00:00,-0.011036033964839886
2008-12-18 14:30:00+00:00,-0.024913199619509895
2008-12-19 14:30:00+00:00,-0.003282437510892977
2008-12-22 14:30:00+00:00,-0.006361211958222268
2008-12-23 14:30:00+00:00,-0.011740359881317396
2008-12-24 14:30:00+00:00,0.006032942098524552
2008-12-26 14:30:00+00:00,0.005430930208503148
2008-12-29 14:30:00+00:00,-0.0038506947907807174
2008-12-30 14:30:00+00:00,0.02121130187856467
2008-12-31 14:30:00+00:00,0.012582100892492221
2009-01-02 14:30:00+00:00,0.0298171170096042
2009-01-05 14:30:00+00:00,-0.00832412387312077
2009-01-06 14:30:00+00:00,0.006659598145151146
2009-01-07 14:30:00+00:00,-0.02535750127511883
2009-01-08 14:30:00+00:00,-0.003233484083537752
2009-01-09 14:30:00+00:00,-0.016077035783862225
2009-01-12 14:30:00+00:00,-0.014669863276294947
2009-01-13 14:30:00+00:00,-0.003173979825538142
2009-01-14 14:30:00+00:00,-0.029210801906503058
2009-01-15 14:30:00+00:00,0.0018826163625422665
2009-01-16 14:30:00+00:00,0.007878631725815478
2009-01-20 14:30:00+00:00,-0.04002207909542678
2009-01-21 14:30:00+00:00,0.0349891590243183
2009-01-22 14:30:00+00:00,-0.012457073581279909
2009-01-23 14:30:00+00:00,-0.003951373672065228
2009-01-26 14:30:00+00:00,0.004602842014900232
2009-01-27 14:30:00+00:00,0.006963827509118381
2009-01-28 14:30:00+00:00,0.024303341912369703
2009-01-29 14:30:00+00:00,-0.026858415225169307
2009-01-30 14:30:00+00:00,-0.018280111032470635
2009-02-02 14:30:00+00:00,-0.008083145837694438
2009-02-03 14:30:00+00:00,0.0177114908462379
2009-02-04 14:30:00+00:00,-0.014183663404226065
2009-02-05 14:30:00+00:00,0.013506795497919988
2009-02-06 14:30:00+00:00,0.027730112804862806
2009-02-09 14:30:00+00:00,-0.0013690838693213414
2009-02-10 14:30:00+00:00,-0.04611087056003162
2009-02-11 14:30:00+00:00,0.006553943079902857
2009-02-12 14:30:00+00:00,-4.596890981311267e-07
2009-02-13 14:30:00+00:00,-0.010510921939997486
2009-02-17 14:30:00+00:00,-0.03744942758365312
2009-02-18 14:30:00+00:00,0.0011297050940073273
2009-02-19 14:30:00+00:00,-0.011916951355160587
2009-02-20 14:30:00+00:00,-0.012941980554843757
2009-02-23 14:30:00+00:00,-0.034204097511074796
2009-02-24 14:30:00+00:00,0.03301157342164028
2009-02-25 14:30:00+00:00,-0.01080672617616064
2009-02-26 14:30:00+00:00,-0.012065780963099747
2009-02-27 14:30:00+00:00,-0.01653789565071585
2009-03-02 14:30:00+00:00,-0.04164903609416516
2009-03-03 14:30:00+00:00,-0.005834091382687434
2009-03-04 14:30:00+00:00,0.022101716159964358
2009-03-05 14:30:00+00:00,-0.04077055965163169
2009-03-06 14:30:00+00:00,0.004718652527510458
2009-03-09 13:30:00+00:00,-0.011976473707684187
2009-03-10 13:30:00+00:00,0.057862410678300544
2009-03-11 13:30:00+00:00,0.0009501058992549161
2009-03-12 13:30:00+00:00,0.034183979578145104
2009-03-13 13:30:00+00:00,0.007801090645902497
2009-03-16 13:30:00+00:00,-0.001257021643420797
2009-03-17 13:30:00+00:00,0.02451903509455521
2009-03-18 13:30:00+00:00,0.012188205364260341
2009-03-19 13:30:00+00:00,-0.011967044921511471
2009-03-20 13:30:00+00:00,-0.01684209467048371
2009-03-23 13:30:00+00:00,0.06812266899491702
2009-03-24 13:30:00+00:00,-0.014700943576430935
2009-03-25 13:30:00+00:00,0.011649638608731017
2009-03-26 13:30:00+00:00,0.022112616332237146
2009-03-27 13:30:00+00:00,-0.0185775460091241
2009-03-30 13:30:00+00:00,-0.03242728878281233
2009-03-31 13:30:00+00:00,0.011217451506718924
2009-04-01 13:30:00+00:00,0.020340120960209197
2009-04-02 13:30:00+00:00,0.0274747183197268
2009-04-03 13:30:00+00:00,0.004531208498604655
2009-04-06 13:30:00+00:00,-0.005128599455104588
2009-04-07 13:30:00+00:00,-0.022607424474036974
2009-04-08 13:30:00+00:00,0.006117958165825266
2009-04-09 13:30:00+00:00,0.030957800791537416
2009-04-13 13:30:00+00:00,-0.0030955334036532165
2009-04-14 13:30:00+00:00,-0.017131524746484838
2009-04-15 13:30:00+00:00,0.014391643180810421
2009-04-16 13:30:00+00:00,0.011892571735315539
2009-04-17 13:30:00+00:00,0.0006261033835888053
2009-04-20 13:30:00+00:00,-0.03543178532597381
2009-04-21 13:30:00+00:00,0.016201259855080908
2009-04-22 13:30:00+00:00,-0.009919475622321438
2009-04-23 13:30:00+00:00,0.008807276766917161
2009-04-24 13:30:00+00:00,0.014834412510681617
2009-04-27 13:30:00+00:00,-0.00614668239837447
2009-04-28 13:30:00+00:00,-0.000923806793116777
2009-04-29 13:30:00+00:00,0.02077970166426345
2009-04-30 13:30:00+00:00,-0.0025900316444751434
2009-05-01 13:30:00+00:00,0.00540970248084881
2009-05-04 13:30:00+00:00,0.02584972181949573
2009-05-05 13:30:00+00:00,-0.0018683610456151744
2009-05-06 13:30:00+00:00,0.01284699322406867
2009-05-07 13:30:00+00:00,-0.012133281420741559
2009-05-08 13:30:00+00:00,0.019389379963374632
2009-05-11 13:30:00+00:00,-0.017658278779955305
2009-05-12 13:30:00+00:00,0.0058317521977722
2009-05-13 13:30:00+00:00,-0.021006918189201206
2009-05-14 13:30:00+00:00,0.005379221505042764
2009-05-15 13:30:00+00:00,-0.007015512683541958
2009-05-18 13:30:00+00:00,0.028186025821874006
2009-05-19 13:30:00+00:00,-0.003349740999294759
2009-05-20 13:30:00+00:00,-0.005975983153709075
2009-05-21 13:30:00+00:00,-0.014826639047135447
2009-05-22 13:30:00+00:00,-0.001895618840772395
2009-05-26 13:30:00+00:00,0.023599689569673055
2009-05-27 13:30:00+00:00,-0.02059068009309185
2009-05-28 13:30:00+00:00,0.012345009901511873
2009-05-29 13:30:00+00:00,0.0113575892802673
2009-06-01 13:30:00+00:00,0.025767126173401367
2009-06-02 13:30:00+00:00,0.0021095153040258
2009-06-03 13:30:00+00:00,-0.00751756940242011
2009-06-04 13:30:00+00:00,0.008540638524038958
2009-06-05 13:30:00+00:00,0.0012002979761189692
2009-06-08 13:30:00+00:00,0.00048687291057513137
2009-06-09 13:30:00+00:00,-0.0003020013847067181
2009-06-10 13:30:00+00:00,-0.002911681941183752
2009-06-11 13:30:00+00:00,0.003870757553739768
2009-06-12 13:30:00+00:00,0.0032352300375590895
2009-06-15 13:30:00+00:00,-0.02128203298147414
2009-06-16 13:30:00+00:00,-0.012613353060882748
2009-06-17 13:30:00+00:00,-0.0009443508701017067
2009-06-18 13:30:00+00:00,0.006828446281956768
2009-06-19 13:30:00+00:00,-0.0021135062295666415
2009-06-22 13:30:00+00:00,-0.02346584988706969
2009-06-23 13:30:00+00:00,-0.002201840254754572
2009-06-24 13:30:00+00:00,-0.0029412790671753506
2009-06-25 13:30:00+00:00,0.020763378091393826
2009-06-26 13:30:00+00:00,-0.003660281994998693
2009-06-29 13:30:00+00:00,0.010474481819497717
2009-06-30 13:30:00+00:00,-0.009706092499516827
2009-07-01 13:30:00+00:00,0.006591813470352636
2009-07-02 13:30:00+00:00,-0.026238982197459692
2009-07-06 13:30:00+00:00,0.005229219558090736
2009-07-07 13:30:00+00:00,-0.019481509062612822
2009-07-08 13:30:00+00:00,0.001714157775563041
2009-07-09 13:30:00+00:00,0.00040863813214707677
2009-07-10 13:30:00+00:00,-0.004495998505765109
2009-07-13 13:30:00+00:00,0.02262868261844696
2009-07-14 13:30:00+00:00,0.003275209214327102
2009-07-15 13:30:00+00:00,0.030060361998135433
2009-07-16 13:30:00+00:00,0.01141330186621169
2009-07-17 13:30:00+00:00,0.003578970067733545
2009-07-20 13:30:00+00:00,0.011573908589312943
2009-07-21 13:30:00+00:00,0.00756149263628324
2009-07-22 13:30:00+00:00,-0.00359287722378222
2009-07-23 13:30:00+00:00,0.020950884037519647
2009-07-24 13:30:00+00:00,0.002892450098274535
2009-07-27 13:30:00+00:00,0.0015957846166667511
2009-07-28 13:30:00+00:00,-0.0012200488639412365
2009-07-29 13:30:00+00:00,-0.002477838659689102
2009-07-30 13:30:00+00:00,0.008896093681045814
2009-07-31 13:30:00+00:00,0.00175698782877175
2009-08-03 13:30:00+00:00,0.01220798808322664
2009-08-04 13:30:00+00:00,0.003684645827344946
2009-08-05 13:30:00+00:00,-0.0037918190710927277
2009-08-06 13:30:00+00:00,-0.0023561425488821783
2009-08-07 13:30:00+00:00,0.011956026098624218
2009-08-10 13:30:00+00:00,-0.003351347926646719
2009-08-11 13:30:00+00:00,-0.010050353376742437
2009-08-12 13:30:00+00:00,0.013493543901942563
2009-08-13 13:30:00+00:00,0.003734573643330064
2009-08-14 13:30:00+00:00,-0.008254854429109792
2009-08-17 13:30:00+00:00,-0.019266056261561092
2009-08-18 13:30:00+00:00,0.009050074543610832
2009-08-19 13:30:00+00:00,0.007553699677020009
2009-08-20 13:30:00+00:00,0.007605945595493535
2009-08-21 13:30:00+00:00,0.01681291947344653
2009-08-24 13:30:00+00:00,0.00022616529872431244
2009-08-25 13:30:00+00:00,0.0030632573314255287
2009-08-26 13:30:00+00:00,0.0004146640345463638
2009-08-27 13:30:00+00:00,0.003987352001595823
2009-08-28 13:30:00+00:00,-0.004121818198123528
2009-08-31 13:30:00+00:00,-0.004986337820330433
2009-09-01 13:30:00+00:00,-0.019243970825099554
2009-09-02 13:30:00+00:00,-0.0028444082144829627
2009-09-03 13:30:00+00:00,0.00664206787539644
2009-09-04 13:30:00+00:00,0.01016275885353778
2009-09-08 13:30:00+00:00,0.00596029383575124
2009-09-09 13:30:00+00:00,0.005231375119440595
2009-09-10 13:30:00+00:00,0.008378509423970105
2009-09-11 13:30:00+00:00,-0.0021809721470740337
2009-09-14 13:30:00+00:00,0.002892236606564225
2009-09-15 13:30:00+00:00,0.0058201899395118216
2009-09-16 13:30:00+00:00,0.01105275038550867
2009-09-17 13:30:00+00:00,-0.0007027067337963655
2009-09-18 13:30:00+00:00,0.0035230047075807016
2009-09-21 13:30:00+00:00,-0.004148434409424817
2009-09-22 13:30:00+00:00,0.0050392400942609215
2009-09-23 13:30:00+00:00,-0.008449422071977863
2009-09-24 13:30:00+00:00,-0.004464086903131948
2009-09-25 13:30:00+00:00,-0.004374299672825222
2009-09-28 13:30:00+00:00,0.012952558688359195
2009-09-29 13:30:00+00:00,-0.004956108326099507
2009-09-30 13:30:00+00:00,-0.0031332909166475018
2009-10-01 13:30:00+00:00,-0.020932750944776656
2009-10-02 13:30:00+00:00,-0.002198337445817222
2009-10-05 13:30:00+00:00,0.01160014593792379
2009-10-06 13:30:00+00:00,0.013438872767550725
2009-10-07 13:30:00+00:00,-0.00011134639882871547
2009-10-08 13:30:00+00:00,0.005928892466815705
2009-10-09 13:30:00+00:00,0.007962545249156728
2009-10-12 13:30:00+00:00,0.001984041526009717
2009-10-13 13:30:00+00:00,-0.0014072565732350494
2009-10-14 13:30:00+00:00,0.014313311290275566
2009-10-15 13:30:00+00:00,0.004698913959765061
2009-10-16 13:30:00+00:00,-0.006605103984505989
2009-10-19 13:30:00+00:00,0.009455232748405418
2009-10-20 13:30:00+00:00,-0.005147298221766417
2009-10-21 13:30:00+00:00,-0.009013329984361561
2009-10-22 13:30:00+00:00,0.013486109145235615
2009-10-23 13:30:00+00:00,-0.012745738887044233
2009-10-26 13:30:00+00:00,-0.010565970978682625
2009-10-27 13:30:00+00:00,0.0013014594495099785
2009-10-28 13:30:00+00:00,-0.012084475191725185
2009-10-29 13:30:00+00:00,0.020351885624203526
2009-10-30 13:30:00+00:00,-0.025075011264047663
2009-11-02 14:30:00+00:00,0.007860205208109584
2009-11-03 14:30:00+00:00,-0.0016897439018659477
2009-11-04 14:30:00+00:00,0.003466988261513249
2009-11-05 14:30:00+00:00,0.02010434350171918
2009-11-06 14:30:00+00:00,0.0021067334271878016
2009-11-09 14:30:00+00:00,0.020489575304438058
2009-11-10 14:30:00+00:00,0.002243728655925359
2009-11-11 14:30:00+00:00,0.004178134797268906
2009-11-12 14:30:00+00:00,-0.009074946416247297
2009-11-13 14:30:00+00:00,0.007021120625346311
2009-11-16 14:30:00+00:00,0.013479671428942453
2009-11-17 14:30:00+00:00,0.0030380215128202773
2009-11-18 14:30:00+00:00,-9.615979019340629e-05
2009-11-19 14:30:00+00:00,-0.009009995917770085
2009-11-20 14:30:00+00:00,-0.0010440438435746046
2009-11-23 14:30:00+00:00,0.01257622733294016
2009-11-24 14:30:00+00:00,-0.0017782718873340486
2009-11-25 14:30:00+00:00,0.0029135675594671342
2009-11-27 14:30:00+00:00,-0.01371532806805965
2009-11-30 14:30:00+00:00,0.003301658242087491
2009-12-01 14:30:00+00:00,0.012251313321888214
2009-12-02 14:30:00+00:00,-0.0017962746034199228
2009-12-03 14:30:00+00:00,-0.008658020242720232
2009-12-04 14:30:00+00:00,0.001860740730136301
2009-12-07 14:30:00+00:00,0.00021289532062594994
2009-12-08 14:30:00+00:00,-0.009675943588282509
2009-12-09 14:30:00+00:00,0.005170931441327731
2009-12-10 14:30:00+00:00,0.006656006010545601
2009-12-11 14:30:00+00:00,0.006444954272430958
2009-12-14 14:30:00+00:00,0.0027429695770360032
2009-12-15 14:30:00+00:00,-0.004605969654068576
2009-12-16 14:30:00+00:00,-0.0009315417679654047
2009-12-17 14:30:00+00:00,-0.012717872794196793
2009-12-18 14:30:00+00:00,0.0017914795797786432
2009-12-21 14:30:00+00:00,0.00803545292305129
2009-12-22 14:30:00+00:00,0.004725862557529037
2009-12-23 14:30:00+00:00,0.00010260438558694637
2009-12-24 14:30:00+00:00,0.004960582659744295
2009-12-28 14:30:00+00:00,0.002673357201351079
2009-12-29 14:30:00+00:00,-0.0003294236688566986
2009-12-30 14:30:00+00:00,0.0002935197512370259
2009-12-31 14:30:00+00:00,-0.011519618847967494
2010-01-04 14:30:00+00:00,0.014594092618621868
2010-01-05 14:30:00+00:00,-0.001284748309950634
2010-01-06 14:30:00+00:00,0.0007481020954083096
2010-01-07 14:30:00+00:00,0.00328185855705464
2010-01-08 14:30:00+00:00,0.0010115966424313228
2010-01-11 14:30:00+00:00,0.0040129369886356845
2010-01-12 14:30:00+00:00,-0.0034387463366978397
2010-01-13 14:30:00+00:00,0.004856646798669917
2010-01-14 14:30:00+00:00,0.002745430030346208
2010-01-15 14:30:00+00:00,-0.009191242414463795
2010-01-19 14:30:00+00:00,0.010934642364413872
2010-01-20 14:30:00+00:00,-0.010971586248400455
2010-01-21 14:30:00+00:00,-0.020284089669163185
2010-01-22 14:30:00+00:00,-0.020947773225314947
2010-01-25 14:30:00+00:00,0.0020386269444920726
2010-01-26 14:30:00+00:00,-0.00020392682478743697
2010-01-27 14:30:00+00:00,0.00400721266778391
2010-01-28 14:30:00+00:00,-0.011476464974453881
2010-01-29 14:30:00+00:00,-0.005505033049302843
2010-02-01 14:30:00+00:00,0.011474153549641864
2010-02-02 14:30:00+00:00,0.010769655878757545
2010-02-03 14:30:00+00:00,-0.002158027474272972
2010-02-04 14:30:00+00:00,-0.02647372352282752
2010-02-05 14:30:00+00:00,0.0007536888583792201
2010-02-08 14:30:00+00:00,-0.009798737794712974
2010-02-09 14:30:00+00:00,0.01487025017522935
2010-02-10 14:30:00+00:00,-0.0017985874531201262
2010-02-11 14:30:00+00:00,0.010493984214824382
2010-02-12 14:30:00+00:00,-0.003857517443242708
2010-02-16 14:30:00+00:00,0.016532330193984802
2010-02-17 14:30:00+00:00,0.004554276326934159
2010-02-18 14:30:00+00:00,0.008000454540503011
2010-02-19 14:30:00+00:00,0.0013035812097235034
2010-02-22 14:30:00+00:00,-0.0019312841576224593
2010-02-23 14:30:00+00:00,-0.009803211592990257
2010-02-24 14:30:00+00:00,0.008667031918514246
2010-02-25 14:30:00+00:00,-0.004495784312561824
2010-02-26 14:30:00+00:00,0.00027297320004947566
2010-03-01 14:30:00+00:00,0.007423695550734954
2010-03-02 14:30:00+00:00,7.496006142381226e-05
2010-03-03 14:30:00+00:00,-0.0010148809720992413
2010-03-04 14:30:00+00:00,0.004479352317343632
2010-03-05 14:30:00+00:00,0.01149107774229029
2010-03-08 14:30:00+00:00,-0.0011659765629369434
2010-03-09 14:30:00+00:00,0.0010504332888436774
2010-03-10 14:30:00+00:00,0.0005818282911671413
2010-03-11 14:30:00+00:00,0.0047157815602909435
2010-03-12 14:30:00+00:00,0.001117600740333724
2010-03-15 13:30:00+00:00,0.0016640507237663971
2010-03-16 13:30:00+00:00,0.003982694077079285
2010-03-17 13:30:00+00:00,0.004327098540204399
2010-03-18 13:30:00+00:00,0.004160469183861914
2010-03-19 13:30:00+00:00,-0.0036268581864563718
2010-03-22 13:30:00+00:00,0.004079280182245559
2010-03-23 13:30:00+00:00,0.009323259236405413
2010-03-24 13:30:00+00:00,-0.004827362454651441
2010-03-25 13:30:00+00:00,0.00024142486535393425
2010-03-26 13:30:00+00:00,0.0007366451286994092
2010-03-29 13:30:00+00:00,0.004197989884795239
2010-03-30 13:30:00+00:00,0.00103817057320853
2010-03-31 13:30:00+00:00,-0.004749159342601461
2010-04-01 13:30:00+00:00,0.006325232856788865
2010-04-05 13:30:00+00:00,0.004118697733783694
2010-04-06 13:30:00+00:00,-0.00032784253588747915
2010-04-07 13:30:00+00:00,-0.005977664367609614
2010-04-08 13:30:00+00:00,0.0026604024118614847
2010-04-09 13:30:00+00:00,0.006345520604484667
2010-04-12 13:30:00+00:00,0.0007384046706981784
2010-04-13 13:30:00+00:00,0.001053858336362612
2010-04-14 13:30:00+00:00,0.009192527192923617
2010-04-15 13:30:00+00:00,0.0018428597817841009
2010-04-16 13:30:00+00:00,-0.011317140351313825
2010-04-19 13:30:00+00:00,0.006587878302559902
2010-04-20 13:30:00+00:00,0.0020589272973046027
2010-04-21 13:30:00+00:00,0.0006205028656722678
2010-04-22 13:30:00+00:00,0.0012048608217249846
2010-04-23 13:30:00+00:00,0.006376771662108582
2010-04-26 13:30:00+00:00,-0.00010714657174161193
2010-04-27 13:30:00+00:00,-0.018993781142793053
2010-04-28 13:30:00+00:00,0.005032412473807246
2010-04-29 13:30:00+00:00,0.010916171804926867
2010-04-30 13:30:00+00:00,-0.014392337325428228
2010-05-03 13:30:00+00:00,0.012818768510790102
2010-05-04 13:30:00+00:00,-0.02007500584213041
2010-05-05 13:30:00+00:00,-0.004823247971770706
2010-05-06 13:30:00+00:00,-0.03210183665043122
2010-05-07 13:30:00+00:00,-0.013312728021815278
2010-05-10 13:30:00+00:00,0.03831258026930316
2010-05-11 13:30:00+00:00,-0.00304436311456403
2010-05-12 13:30:00+00:00,0.014306777041593433
2010-05-13 13:30:00+00:00,-0.010530781002800704
2010-05-14 13:30:00+00:00,-0.014989555751862237
2010-05-17 13:30:00+00:00,0.0007335335457241299
2010-05-18 13:30:00+00:00,-0.01087601399425998
2010-05-19 13:30:00+00:00,-0.005937790626498585
2010-05-20 13:30:00+00:00,-0.03575064272702401
2010-05-21 13:30:00+00:00,0.01276375848773047
2010-05-24 13:30:00+00:00,-0.012548143115660004
2010-05-25 13:30:00+00:00,-0.0018571744820683577
2010-05-26 13:30:00+00:00,-0.007134283723822754
2010-05-27 13:30:00+00:00,0.028707413770882696
2010-05-28 13:30:00+00:00,-0.011931752504143144
2010-06-01 13:30:00+00:00,-0.01094680724148379
2010-06-02 13:30:00+00:00,0.022235766067858476
2010-06-03 13:30:00+00:00,0.0003497610007576647
2010-06-04 13:30:00+00:00,-0.031090507356367657
2010-06-07 13:30:00+00:00,-0.011705181929166596
2010-06-08 13:30:00+00:00,0.01284617448997859
2010-06-09 13:30:00+00:00,-0.004356904208260637
2010-06-10 13:30:00+00:00,0.027255017254625747
2010-06-11 13:30:00+00:00,0.004256348605095261
2010-06-14 13:30:00+00:00,-0.0021506049872840436
2010-06-15 13:30:00+00:00,0.02073602806855378
2010-06-16 13:30:00+00:00,0.0004016922374836419
2010-06-17 13:30:00+00:00,0.002223679011465574
2010-06-18 13:30:00+00:00,0.0013987684175851168
2010-06-21 13:30:00+00:00,-0.001061477463205518
2010-06-22 13:30:00+00:00,-0.014314841220860474
2010-06-23 13:30:00+00:00,0.00039941467726988265
2010-06-24 13:30:00+00:00,-0.014111765698900169
2010-06-25 13:30:00+00:00,-0.0010524712700501592
2010-06-28 13:30:00+00:00,-0.0005466381931208519
2010-06-29 13:30:00+00:00,-0.026286588524090614
2010-06-30 13:30:00+00:00,-0.009657870319974459
2010-07-01 13:30:00+00:00,-0.004268436947557419
2010-07-02 13:30:00+00:00,-0.004831534697937856
2010-07-06 13:30:00+00:00,0.005798907102723338
2010-07-07 13:30:00+00:00,0.028088717637452455
2010-07-08 13:30:00+00:00,0.011850031394612815
2010-07-09 13:30:00+00:00,0.0057230689346492334
2010-07-12 13:30:00+00:00,0.0015696632772317254
2010-07-13 13:30:00+00:00,0.014137241740261642
2010-07-14 13:30:00+00:00,-0.0005088564984312538
2010-07-15 13:30:00+00:00,-0.0008514193319272389
2010-07-16 13:30:00+00:00,-0.025041561558882718
2010-07-19 13:30:00+00:00,0.005476242870854564
2010-07-20 13:30:00+00:00,0.007630842060829301
2010-07-21 13:30:00+00:00,-0.010415769248252726
2010-07-22 13:30:00+00:00,0.01970774613296843
2010-07-23 13:30:00+00:00,0.00992406312577664
2010-07-26 13:30:00+00:00,0.009613940427285906
2010-07-27 13:30:00+00:00,0.001079080834675661
2010-07-28 13:30:00+00:00,-0.0038135661523398643
2010-07-29 13:30:00+00:00,-0.0031269981671326994
2010-07-30 13:30:00+00:00,-2.8333841124228348e-05
2010-08-02 13:30:00+00:00,0.019535409165162266
2010-08-03 13:30:00+00:00,-0.0036169871366156345
2010-08-04 13:30:00+00:00,0.004625168977499416
2010-08-05 13:30:00+00:00,-0.0005391009421924608
2010-08-06 13:30:00+00:00,-0.0015050864128143381
2010-08-09 13:30:00+00:00,0.004041854174726678
2010-08-10 13:30:00+00:00,-0.00499685848592969
2010-08-11 13:30:00+00:00,-0.023895570931306575
2010-08-12 13:30:00+00:00,-0.0041177156860841115
2010-08-13 13:30:00+00:00,-0.0017646451586286304
2010-08-16 13:30:00+00:00,-0.00020293503226055377
2010-08-17 13:30:00+00:00,0.010409187822250966
2010-08-18 13:30:00+00:00,0.00153004749366924
2010-08-19 13:30:00+00:00,-0.013541399311022616
2010-08-20 13:30:00+00:00,-0.005684700675560828
2010-08-23 13:30:00+00:00,-0.004123255845077789
2010-08-24 13:30:00+00:00,-0.01313440088476726
2010-08-25 13:30:00+00:00,0.001882956321659346
2010-08-26 13:30:00+00:00,-0.007464965599614304
2010-08-27 13:30:00+00:00,0.016777145913929415
2010-08-30 13:30:00+00:00,-0.013490028793711539
2010-08-31 13:30:00+00:00,0.0007294479696335788
2010-09-01 13:30:00+00:00,0.025205482609189856
2010-09-02 13:30:00+00:00,0.004770412973365212
2010-09-03 13:30:00+00:00,0.012107977447872943
2010-09-07 13:30:00+00:00,-0.010257117680420046
2010-09-08 13:30:00+00:00,0.004593096395126828
2010-09-09 13:30:00+00:00,0.0025088006952791344
2010-09-10 13:30:00+00:00,0.004485666907642505
2010-09-13 13:30:00+00:00,0.008077985259214982
2010-09-14 13:30:00+00:00,-0.0018297961696656206
2010-09-15 13:30:00+00:00,0.004299458431138869
2010-09-16 13:30:00+00:00,0.0020831842528436953
2010-09-17 13:30:00+00:00,0.00106084629058677
2010-09-20 13:30:00+00:00,0.01361973420172612
2010-09-21 13:30:00+00:00,0.0006105317718223425
2010-09-22 13:30:00+00:00,-0.002125885855434506
2010-09-23 13:30:00+00:00,-0.007182989729910394
2010-09-24 13:30:00+00:00,0.018266744243651923
2010-09-27 13:30:00+00:00,-0.004518977955556791
2010-09-28 13:30:00+00:00,0.004430387339308772
2010-09-29 13:30:00+00:00,-0.002190646172907773
2010-09-30 13:30:00+00:00,-0.004528761263524428
2010-10-01 13:30:00+00:00,0.003603521680838984
2010-10-04 13:30:00+00:00,-0.0072642031169991685
2010-10-05 13:30:00+00:00,0.017750216245852924
2010-10-06 13:30:00+00:00,0.002721701015771394
2010-10-07 13:30:00+00:00,-0.001907926385183567
2010-10-08 13:30:00+00:00,0.005195745421747266
2010-10-11 13:30:00+00:00,0.0002098190273598256
2010-10-12 13:30:00+00:00,0.0007728121713705849
2010-10-13 13:30:00+00:00,0.006546190679705066
2010-10-14 13:30:00+00:00,-0.0003180701094521842
2010-10-15 13:30:00+00:00,-0.0030947244900994095
2010-10-18 13:30:00+00:00,0.007227421032221393
2010-10-19 13:30:00+00:00,-0.014551102178934749
2010-10-20 13:30:00+00:00,0.012060003445481183
2010-10-21 13:30:00+00:00,0.003621673485015398
2010-10-22 13:30:00+00:00,-0.0013426050848068915
2010-10-25 13:30:00+00:00,0.0026529248016902043
2010-10-26 13:30:00+00:00,0.00046617696266880736
2010-10-27 13:30:00+00:00,-0.0038713652550329655
2010-10-28 13:30:00+00:00,-0.0013033108205121712
2010-10-29 13:30:00+00:00,-0.00027624834454332826
2010-11-01 13:30:00+00:00,0.0002885068366753508
2010-11-02 13:30:00+00:00,0.00560775243642041
2010-11-03 13:30:00+00:00,0.0026045440198678607
2010-11-04 13:30:00+00:00,0.019352282591188253
2010-11-05 13:30:00+00:00,0.0006748300228913596
2010-11-08 14:30:00+00:00,-0.002958523612036756
2010-11-09 14:30:00+00:00,-0.005084381631469526
2010-11-10 14:30:00+00:00,0.0011545805923820374
2010-11-11 14:30:00+00:00,-0.003948504608040426
2010-11-12 14:30:00+00:00,-0.007962600091706806
2010-11-15 14:30:00+00:00,0.0006102181026490406
2010-11-16 14:30:00+00:00,-0.015392968308716847
2010-11-17 14:30:00+00:00,-0.0010030993618476258
2010-11-18 14:30:00+00:00,0.015407051070436929
2010-11-19 14:30:00+00:00,0.001937451301883042
2010-11-22 14:30:00+00:00,-0.0021604158493526812
2010-11-23 14:30:00+00:00,-0.012735046622089252
2010-11-24 14:30:00+00:00,0.013483937210356334
2010-11-26 14:30:00+00:00,-0.008293310038225987
2010-11-29 14:30:00+00:00,-0.0029203239539866807
2010-11-30 14:30:00+00:00,-0.0040548691183043386
2010-12-01 14:30:00+00:00,0.022480594218785777
2010-12-02 14:30:00+00:00,0.009359944376540408
2010-12-03 14:30:00+00:00,0.0016787515046758795
2010-12-06 14:30:00+00:00,-0.0017816706225124545
2010-12-07 14:30:00+00:00,-0.0005126641310996382
2010-12-08 14:30:00+00:00,0.0014879477321538715
2010-12-09 14:30:00+00:00,-0.00013349556926623975
2010-12-10 14:30:00+00:00,0.0034409438216684743
2010-12-13 14:30:00+00:00,0.0018637997148607144
2010-12-14 14:30:00+00:00,0.004038490723577526
2010-12-15 14:30:00+00:00,-0.0016833471973367708
2010-12-16 14:30:00+00:00,0.00350626340246073
2010-12-17 14:30:00+00:00,-0.0007182592333788817
2010-12-20 14:30:00+00:00,-0.0012460776499476744
2010-12-21 14:30:00+00:00,0.004674184030565065
2010-12-22 14:30:00+00:00,0.0022690521979022884
2010-12-23 14:30:00+00:00,0.00114403023893227
2010-12-27 14:30:00+00:00,-0.001636299095477145
2010-12-28 14:30:00+00:00,0.0016949453669103832
2010-12-29 14:30:00+00:00,0.0009921914932433551
2010-12-30 14:30:00+00:00,-0.0014525600397659155
2010-12-31 14:30:00+00:00,0.0006070147921066638
2011-01-03 14:30:00+00:00,0.007960538048506372
2011-01-04 14:30:00+00:00,0.0016375948895330672
2011-01-05 14:30:00+00:00,0.0028327093507243164
2011-01-06 14:30:00+00:00,-0.0017745101072366265
2011-01-07 14:30:00+00:00,-0.001989445994330274
2011-01-10 14:30:00+00:00,-0.0030890877839872097
2011-01-11 14:30:00+00:00,0.00276721563666692
2011-01-12 14:30:00+00:00,0.006908992213095366
2011-01-13 14:30:00+00:00,-0.0019547184567625495
2011-01-14 14:30:00+00:00,0.004609289834997632
2011-01-18 14:30:00+00:00,0.004491836396436122
2011-01-19 14:30:00+00:00,-0.0008537403767926554
2011-01-20 14:30:00+00:00,-0.00017615134096150554
2011-01-21 14:30:00+00:00,0.004035147964751118
2011-01-24 14:30:00+00:00,0.008919284787001425
2011-01-25 14:30:00+00:00,-0.0003778762268044188
2011-01-26 14:30:00+00:00,0.0004502047798764398
2011-01-27 14:30:00+00:00,0.00027293217987532935
2011-01-28 14:30:00+00:00,-0.01399951188817129
2011-01-31 14:30:00+00:00,0.005611926033444392
2011-02-01 14:30:00+00:00,0.012316241854109834
2011-02-02 14:30:00+00:00,0.00020736936923481118
2011-02-03 14:30:00+00:00,0.001692264115073383
2011-02-04 14:30:00+00:00,0.0024220197013864356
2011-02-07 14:30:00+00:00,0.005626746982074981
2011-02-08 14:30:00+00:00,0.00651994404696431
2011-02-09 14:30:00+00:00,0.0007667395524304399
2011-02-10 14:30:00+00:00,-0.0009472553204187383
2011-02-11 14:30:00+00:00,0.0036193579840730797
2011-02-14 14:30:00+00:00,1.089674788311576e-05
2011-02-15 14:30:00+00:00,-0.0033698434028980426
2011-02-16 14:30:00+00:00,0.005495831237190873
2011-02-17 14:30:00+00:00,0.0023756360457376394
2011-02-18 14:30:00+00:00,0.005791876199727974
2011-02-22 14:30:00+00:00,-0.014381993969619821
2011-02-23 14:30:00+00:00,-0.008782521313856938
2011-02-24 14:30:00+00:00,-0.0030790072164987967
2011-02-25 14:30:00+00:00,0.005664108540036616
2011-02-28 14:30:00+00:00,0.007804871368628496
2011-03-01 14:30:00+00:00,-0.013879154924717595
2011-03-02 14:30:00+00:00,0.0006845810983260204
2011-03-03 14:30:00+00:00,0.01565988364123182
2011-03-04 14:30:00+00:00,-0.007360043401255745
2011-03-07 14:30:00+00:00,-0.006760009198282691
2011-03-08 14:30:00+00:00,0.01053305863615427
2011-03-09 14:30:00+00:00,5.8026549100132025e-05
2011-03-10 14:30:00+00:00,-0.018674347291184012
2011-03-11 14:30:00+00:00,0.005530847051961041
2011-03-14 13:30:00+00:00,-0.004166533664646266
2011-03-15 13:30:00+00:00,-0.011216352415146524
2011-03-16 13:30:00+00:00,-0.020421943838966016
2011-03-17 13:30:00+00:00,0.013649609350269144
2011-03-18 13:30:00+00:00,0.0068022222767649574
2011-03-21 13:30:00+00:00,0.014775065800020738
2011-03-22 13:30:00+00:00,-0.0015738857481348955
2011-03-23 13:30:00+00:00,0.005526301207084738
2011-03-24 13:30:00+00:00,0.006768190796614604
2011-03-25 13:30:00+00:00,0.0039983544076387266
2011-03-28 13:30:00+00:00,-0.0020073875829946905
2011-03-29 13:30:00+00:00,0.0068317669655233336
2011-03-30 13:30:00+00:00,0.005644269964863102
2011-03-31 13:30:00+00:00,-0.0026123391162834572
2011-04-01 13:30:00+00:00,0.004420745638883827
2011-04-04 13:30:00+00:00,0.001955069647928898
2011-04-05 13:30:00+00:00,-0.0007595415808052785
2011-04-06 13:30:00+00:00,0.0031365337584379096
2011-04-07 13:30:00+00:00,-0.001464827498676835
2011-04-08 13:30:00+00:00,-0.002502951216926907
2011-04-11 13:30:00+00:00,-4.5020966179543014e-05
2011-04-12 13:30:00+00:00,-0.009599114986592504
2011-04-13 13:30:00+00:00,0.0004985039948310788
2011-04-14 13:30:00+00:00,0.0011151478671320603
2011-04-15 13:30:00+00:00,0.004489158876246335
2011-04-18 13:30:00+00:00,-0.011293141299490227
2011-04-19 13:30:00+00:00,0.00525261149606514
2011-04-20 13:30:00+00:00,0.015127345389976943
2011-04-21 13:30:00+00:00,0.004105212355500087
2011-04-25 13:30:00+00:00,-0.0021878275988678306
2011-04-26 13:30:00+00:00,0.009074829490874448
2011-04-27 13:30:00+00:00,0.007740508671796975
2011-04-28 13:30:00+00:00,0.00568485074175461
2011-04-29 13:30:00+00:00,0.0035886610894764084
2011-05-02 13:30:00+00:00,-0.00031856125554631233
2011-05-03 13:30:00+00:00,-1.177188066893145e-05
2011-05-04 13:30:00+00:00,-0.006558541910671523
2011-05-05 13:30:00+00:00,-0.01106229969135054
2011-05-06 13:30:00+00:00,0.004508661943328984
2011-05-09 13:30:00+00:00,0.003607092838357795
2011-05-10 13:30:00+00:00,0.005830602953615249
2011-05-11 13:30:00+00:00,-0.0091884217934869
2011-05-12 13:30:00+00:00,0.005122499607402175
2011-05-13 13:30:00+00:00,-0.00796886749014215
2011-05-16 13:30:00+00:00,-0.0037840224783291074
2011-05-17 13:30:00+00:00,-0.005023720180820879
2011-05-18 13:30:00+00:00,0.006987954736564317
2011-05-19 13:30:00+00:00,0.003391660340350089
2011-05-20 13:30:00+00:00,-0.007452776540099693
2011-05-23 13:30:00+00:00,-0.010498596338187293
2011-05-24 13:30:00+00:00,-0.0021482338606838678
2011-05-25 13:30:00+00:00,0.0030734951230166787
2011-05-26 13:30:00+00:00,0.0007981774728389346
2011-05-27 13:30:00+00:00,0.0034102676806546553
2011-05-31 13:30:00+00:00,0.010057163192524355
2011-06-01 13:30:00+00:00,-0.022318266755630988
2011-06-02 13:30:00+00:00,-0.0034410780082038237
2011-06-03 13:30:00+00:00,-0.007982235226081335
2011-06-06 13:30:00+00:00,-0.005139051038193243
2011-06-07 13:30:00+00:00,-0.0017021364188264498
2011-06-08 13:30:00+00:00,-0.0015361606557535823
2011-06-09 13:30:00+00:00,0.006115263136012394
2011-06-10 13:30:00+00:00,-0.01430796365730581
2011-06-13 13:30:00+00:00,0.0005395510536365556
2011-06-14 13:30:00+00:00,0.010336491013843253
2011-06-15 13:30:00+00:00,-0.014828680477832378
2011-06-16 13:30:00+00:00,0.0053967160817549485
2011-06-17 13:30:00+00:00,0.0033858630745866483
2011-06-20 13:30:00+00:00,0.006239372927120834
2011-06-21 13:30:00+00:00,0.008895672396765242
2011-06-22 13:30:00+00:00,-0.006666197171137933
2011-06-23 13:30:00+00:00,-0.0049189564438924084
2011-06-24 13:30:00+00:00,-0.00961596565589996
2011-06-27 13:30:00+00:00,0.009024634688945977
2011-06-28 13:30:00+00:00,0.011950495414391405
2011-06-29 13:30:00+00:00,0.0059545027845455565
2011-06-30 13:30:00+00:00,0.012303094354624945
2011-07-01 13:30:00+00:00,0.013467349502261017
2011-07-05 13:30:00+00:00,-0.0001
2011-07-06 13:30:00+00:00,0.004958703110991658
2011-07-07 13:30:00+00:00,0.0072064133780820215
2011-07-08 13:30:00+00:00,-0.004872815751666437
2011-07-11 13:30:00+00:00,-0.01194140723052962
2011-07-12 13:30:00+00:00,-0.0047907335522311524
2011-07-13 13:30:00+00:00,0.0034574113612779625
2011-07-14 13:30:00+00:00,-0.004455763870316221
2011-07-15 13:30:00+00:00,0.003326062557972287
2011-07-18 13:30:00+00:00,-0.007310372716361047
2011-07-19 13:30:00+00:00,0.016159418392460257
2011-07-20 13:30:00+00:00,-0.001035301242743103
2011-07-21 13:30:00+00:00,0.012420009822297285
2011-07-22 13:30:00+00:00,-0.0035224595154773716
2011-07-25 13:30:00+00:00,-0.006955034949464489
2011-07-26 13:30:00+00:00,-0.007312471899472717
2011-07-27 13:30:00+00:00,-0.01577159036196919
2011-07-28 13:30:00+00:00,-0.0051081920552107475
2011-07-29 13:30:00+00:00,-0.007953361158308369
2011-08-01 13:30:00+00:00,-0.0010658497994601279
2011-08-02 13:30:00+00:00,-0.02179451063225447
2011-08-03 13:30:00+00:00,0.0026563141696032025
2011-08-04 13:30:00+00:00,-0.042994455541129475
2011-08-05 13:30:00+00:00,0.005225894837832301
2011-08-08 13:30:00+00:00,-0.0546814164667523
2011-08-09 13:30:00+00:00,0.03956912764991104
2011-08-10 13:30:00+00:00,-0.04534933828932132
2011-08-11 13:30:00+00:00,0.03843362125189963
2011-08-12 13:30:00+00:00,0.011167557002281104
2011-08-15 13:30:00+00:00,0.018804491952826952
2011-08-16 13:30:00+00:00,-0.006593698713475271
2011-08-17 13:30:00+00:00,0.0014976281347140908
2011-08-18 13:30:00+00:00,-0.03654394444530064
2011-08-19 13:30:00+00:00,-0.01576001131736394
2011-08-22 13:30:00+00:00,0.0030681239242498107
2011-08-23 13:30:00+00:00,0.02958145107237108
2011-08-24 13:30:00+00:00,0.012868194072718876
2011-08-25 13:30:00+00:00,-0.015222243917822908
2011-08-26 13:30:00+00:00,0.011982681405319651
2011-08-29 13:30:00+00:00,0.022280387504942645
2011-08-30 13:30:00+00:00,0.0023124175484239176
2011-08-31 13:30:00+00:00,0.0044888927221409134
2011-09-01 13:30:00+00:00,-0.01040968753077166
2011-09-02 13:30:00+00:00,-0.022010763962447288
2011-09-06 13:30:00+00:00,-0.008821817710168666
2011-09-07 13:30:00+00:00,0.024791334302446167
2011-09-08 13:30:00+00:00,-0.010529455778116825
2011-09-09 13:30:00+00:00,-0.026880030901798146
2011-09-12 13:30:00+00:00,0.006370453901225914
2011-09-13 13:30:00+00:00,0.004500580726146219
2011-09-14 13:30:00+00:00,0.012495888263433164
2011-09-15 13:30:00+00:00,0.01638867196606263
2011-09-16 13:30:00+00:00,0.0064927754919470336
2011-09-19 13:30:00+00:00,-0.009295463559994676
2011-09-20 13:30:00+00:00,0.0005306581396913202
2011-09-21 13:30:00+00:00,-0.02497077554191408
2011-09-22 13:30:00+00:00,-0.03499151417421388
2011-09-23 13:30:00+00:00,0.0035067985422856276
2011-09-26 13:30:00+00:00,0.025158598970490765
2011-09-27 13:30:00+00:00,0.013069481736849731
2011-09-28 13:30:00+00:00,-0.01602614463818809
2011-09-29 13:30:00+00:00,0.012720586716599137
2011-09-30 13:30:00+00:00,-0.021525176375151733
2011-10-03 13:30:00+00:00,-0.023633491617586887
2011-10-04 13:30:00+00:00,0.014665095133204787
2011-10-05 13:30:00+00:00,0.01281429653350762
2011-10-06 13:30:00+00:00,0.016669848176649616
2011-10-07 13:30:00+00:00,-0.0019240844109393973
2011-10-10 13:30:00+00:00,0.029493259877325418
2011-10-11 13:30:00+00:00,-0.0015432160347315204
2011-10-12 13:30:00+00:00,0.008789029923506931
2011-10-13 13:30:00+00:00,-0.003569321864960406
2011-10-14 13:30:00+00:00,0.014319456776637585
2011-10-17 13:30:00+00:00,-0.021257967220759576
2011-10-18 13:30:00+00:00,0.015771988927200987
2011-10-19 13:30:00+00:00,-0.006398395136528967
2011-10-20 13:30:00+00:00,0.003347221604083062
2011-10-21 13:30:00+00:00,0.022906606370741257
2011-10-24 13:30:00+00:00,0.008848214306242486
2011-10-25 13:30:00+00:00,-0.017393390934795205
2011-10-26 13:30:00+00:00,0.0136755024587225
2011-10-27 13:30:00+00:00,0.028242107427819397
2011-10-28 13:30:00+00:00,0.001847230774006048
2011-10-31 13:30:00+00:00,-0.0225225230283418
2011-11-01 13:30:00+00:00,-0.024663407846814877
2011-11-02 13:30:00+00:00,0.015129227894705933
2011-11-03 13:30:00+00:00,0.017548455680711495
2011-11-04 13:30:00+00:00,-0.005096086747388162
2011-11-07 14:30:00+00:00,0.007024257534995015
2011-11-08 14:30:00+00:00,0.009411009123479131
2011-11-09 14:30:00+00:00,-0.03178233401512266
2011-11-10 14:30:00+00:00,0.009562969914574272
2011-11-11 14:30:00+00:00,0.021536966189946927
2011-11-14 14:30:00+00:00,-0.006190638628322265
2011-11-15 14:30:00+00:00,0.0014102132232194254
2011-11-16 14:30:00+00:00,-0.014924513158785745
2011-11-17 14:30:00+00:00,-0.011434049575578042
2011-11-18 14:30:00+00:00,0.0022094343279921327
2011-11-21 14:30:00+00:00,-0.02114524490044124
2011-11-22 14:30:00+00:00,-0.004316624404253078
2011-11-23 14:30:00+00:00,-0.020564260471496742
2011-11-25 14:30:00+00:00,-0.0018978766568954585
2011-11-28 14:30:00+00:00,0.025766086990239846
2011-11-29 14:30:00+00:00,0.0027308677898383207
2011-11-30 14:30:00+00:00,0.041979662121815794
2011-12-01 14:30:00+00:00,-0.002273271724873915
2011-12-02 14:30:00+00:00,-0.0003453921551027749
2011-12-05 14:30:00+00:00,0.006246111963575707
2011-12-06 14:30:00+00:00,0.004229721048335511
2011-12-07 14:30:00+00:00,0.004178508405841208
2011-12-08 14:30:00+00:00,-0.01635216637365301
2011-12-09 14:30:00+00:00,0.015590981757881418
2011-12-12 14:30:00+00:00,-0.01320971019509799
2011-12-13 14:30:00+00:00,-0.005401732949771765
2011-12-14 14:30:00+00:00,-0.010664202399817701
2011-12-15 14:30:00+00:00,0.00358020835905436
2011-12-16 14:30:00+00:00,-0.00042521232177085134
2011-12-19 14:30:00+00:00,-0.008550675016255404
2011-12-20 14:30:00+00:00,0.028310583063543716
2011-12-21 14:30:00+00:00,0.0002437128703365211
2011-12-22 14:30:00+00:00,0.005025755635588813
2011-12-23 14:30:00+00:00,0.010098959922586904
2011-12-27 14:30:00+00:00,-0.00027245881225214087
2011-12-28 14:30:00+00:00,-0.011284078045852974
2011-12-29 14:30:00+00:00,0.010985926234508881
2011-12-30 14:30:00+00:00,-0.00569328792731284
2012-01-03 14:30:00+00:00,0.014316717760735054
2012-01-04 14:30:00+00:00,0.001994819028613193
2012-01-05 14:30:00+00:00,-0.0003190074566337241
2012-01-06 14:30:00+00:00,-0.00393078494689082
2012-01-09 14:30:00+00:00,0.0026008676483986084
2012-01-10 14:30:00+00:00,0.005383069699616649
2012-01-11 14:30:00+00:00,-0.000908164063810346
2012-01-12 14:30:00+00:00,0.0015955443641819556
2012-01-13 14:30:00+00:00,-0.003941262584246441
2012-01-17 14:30:00+00:00,0.004645200461431675
2012-01-18 14:30:00+00:00,0.008257703641036274
2012-01-19 14:30:00+00:00,0.003540431373532538
2012-01-20 14:30:00+00:00,0.007556185961539385
2012-01-23 14:30:00+00:00,-0.0009985426780133699
2012-01-24 14:30:00+00:00,-0.002666821463862001
2012-01-25 14:30:00+00:00,0.006624176684224536
2012-01-26 14:30:00+00:00,-0.0018504231567220252
2012-01-27 14:30:00+00:00,-0.005871204790957385
2012-01-30 14:30:00+00:00,-0.0005305333877446805
2012-01-31 14:30:00+00:00,-0.0018282099503067583
2012-02-01 14:30:00+00:00,0.006525646087267123
2012-02-02 14:30:00+00:00,-0.0009752288577169587
2012-02-03 14:30:00+00:00,0.012272289202096765
2012-02-06 14:30:00+00:00,-0.0013122061658649264
2012-02-07 14:30:00+00:00,0.002533844853141554
2012-02-08 14:30:00+00:00,0.0013115072758738023
2012-02-09 14:30:00+00:00,0.0003695445592102221
2012-02-10 14:30:00+00:00,-0.00695201091394061
2012-02-13 14:30:00+00:00,0.005754288731157897
2012-02-14 14:30:00+00:00,0.00040581562788964974
2012-02-15 14:30:00+00:00,-0.006606216086019423
2012-02-16 14:30:00+00:00,0.00962397179541562
2012-02-17 14:30:00+00:00,0.0035068238804027876
2012-02-21 14:30:00+00:00,0.0011626578755976503
2012-02-22 14:30:00+00:00,-0.0022247368368331186
2012-02-23 14:30:00+00:00,0.0035801466231164428
2012-02-24 14:30:00+00:00,3.4810339080360104e-05
2012-02-27 14:30:00+00:00,-7.0735766768426e-05
2012-02-28 14:30:00+00:00,0.0020869808827121863
2012-02-29 14:30:00+00:00,-0.0042021058678210045
2012-03-01 14:30:00+00:00,0.002062533848495185
2012-03-02 14:30:00+00:00,-0.00034495406659863494
2012-03-05 14:30:00+00:00,-0.0012196650170565148
2012-03-06 14:30:00+00:00,-0.015495121713008719
2012-03-07 14:30:00+00:00,0.0062663527931254735
2012-03-08 14:30:00+00:00,0.005541384088341805
2012-03-09 14:30:00+00:00,0.000938020635889536
2012-03-12 13:30:00+00:00,0.0029284927283372733
2012-03-13 13:30:00+00:00,0.017230041132903596
2012-03-14 13:30:00+00:00,0.0011862582764523455
2012-03-15 13:30:00+00:00,0.00443196212086504
2012-03-16 13:30:00+00:00,-0.0016761597348108447
2012-03-19 13:30:00+00:00,0.00044334080199369695
2012-03-20 13:30:00+00:00,-0.005256174976521766
2012-03-21 13:30:00+00:00,-0.0036054785429019518
2012-03-22 13:30:00+00:00,-0.0060629956309016355
2012-03-23 13:30:00+00:00,0.002562905134135585
2012-03-26 13:30:00+00:00,0.012054275229324885
2012-03-27 13:30:00+00:00,-0.0034498772114838314
2012-03-28 13:30:00+00:00,-0.005342716535331038
2012-03-29 13:30:00+00:00,0.0014107491146129081
2012-03-30 13:30:00+00:00,0.004775258578922903
2012-04-02 13:30:00+00:00,0.003921530061907308
2012-04-03 13:30:00+00:00,-0.004580755385417035
2012-04-04 13:30:00+00:00,-0.009452829870513001
2012-04-05 13:30:00+00:00,-0.0006387573470987395
2012-04-09 13:30:00+00:00,-0.009901246762384585
2012-04-10 13:30:00+00:00,-0.016613533075820818
2012-04-11 13:30:00+00:00,0.0068568517460205645
2012-04-12 13:30:00+00:00,0.013965559156934305
2012-04-13 13:30:00+00:00,-0.010619655442537412
2012-04-16 13:30:00+00:00,0.005388361425884269
2012-04-17 13:30:00+00:00,0.014894052636228883
2012-04-18 13:30:00+00:00,-0.006338072264179828
2012-04-19 13:30:00+00:00,-0.00506064137100849
2012-04-20 13:30:00+00:00,0.004896675110209514
2012-04-23 13:30:00+00:00,-0.007854737563355096
2012-04-24 13:30:00+00:00,0.005607870865436559
2012-04-25 13:30:00+00:00,0.007057371332872753
2012-04-26 13:30:00+00:00,0.008647807508844297
2012-04-27 13:30:00+00:00,0.0016879523692920784
2012-04-30 13:30:00+00:00,-0.0012097175661011205
2012-05-01 13:30:00+00:00,0.004831085704995119
2012-05-02 13:30:00+00:00,-0.0008184786697738144
2012-05-03 13:30:00+00:00,-0.004697670015306865
2012-05-04 13:30:00+00:00,-0.012697907736927149
2012-05-07 13:30:00+00:00,-0.0021957081246052443
2012-05-08 13:30:00+00:00,-0.005379751408199141
2012-05-09 13:30:00+00:00,-0.006813456000721929
2012-05-10 13:30:00+00:00,0.001728298681429974
2012-05-11 13:30:00+00:00,-0.0025269327146411166
2012-05-14 13:30:00+00:00,-0.00970648428547206
2012-05-15 13:30:00+00:00,-0.00506648738346972
2012-05-16 13:30:00+00:00,-0.0015876778386853085
2012-05-17 13:30:00+00:00,-0.012469115426473675
2012-05-18 13:30:00+00:00,-0.006018149389105954
2012-05-21 13:30:00+00:00,0.010840935622188786
2012-05-22 13:30:00+00:00,-0.00030553653900057255
2012-05-23 13:30:00+00:00,-0.0005294790414540728
2012-05-24 13:30:00+00:00,0.0029291479266737477
2012-05-25 13:30:00+00:00,-0.006157914762430339
2012-05-29 13:30:00+00:00,0.010005344735578115
2012-05-30 13:30:00+00:00,-0.01275274922994608
2012-05-31 13:30:00+00:00,-0.0017883573745102299
2012-06-01 13:30:00+00:00,-0.022130258278911363
2012-06-04 13:30:00+00:00,-0.0016173165534393407
2012-06-05 13:30:00+00:00,0.0021204726366592544
2012-06-06 13:30:00+00:00,0.02380020940721649
2012-06-07 13:30:00+00:00,0.0034782691719479233
2012-06-08 13:30:00+00:00,0.007394747790905975
2012-06-11 13:30:00+00:00,-0.01145743702052594
2012-06-12 13:30:00+00:00,0.012930017403673933
2012-06-13 13:30:00+00:00,-0.005670418899697671
2012-06-14 13:30:00+00:00,0.012223721215745876
2012-06-15 13:30:00+00:00,0.008986156591807227
2012-06-18 13:30:00+00:00,-0.002073774590719457
2012-06-19 13:30:00+00:00,0.007174438946396788
2012-06-20 13:30:00+00:00,-0.0010900959970909895
2012-06-21 13:30:00+00:00,-0.01955935885053629
2012-06-22 13:30:00+00:00,0.005145399878353041
2012-06-25 13:30:00+00:00,-0.010949827572952608
2012-06-26 13:30:00+00:00,0.0023872583268404915
2012-06-27 13:30:00+00:00,0.007406630969041028
2012-06-28 13:30:00+00:00,-0.002000028462528458
2012-06-29 13:30:00+00:00,0.021756325699556312
2012-07-02 13:30:00+00:00,-0.0007460015423666033
2012-07-03 13:30:00+00:00,0.005775057192920918
2012-07-05 13:30:00+00:00,-0.003590976086391262
2012-07-06 13:30:00+00:00,-0.009171846673918915
2012-07-09 13:30:00+00:00,-0.002897481799967416
2012-07-10 13:30:00+00:00,-0.006441355711725672
2012-07-11 13:30:00+00:00,-0.0039338427346503725
2012-07-12 13:30:00+00:00,-0.0024360396120161163
2012-07-13 13:30:00+00:00,0.01607335249116536
2012-07-16 13:30:00+00:00,-0.003944618672743994
2012-07-17 13:30:00+00:00,0.005934346512487909
2012-07-18 13:30:00+00:00,0.008630163090841404
2012-07-19 13:30:00+00:00,0.0025143314229398753
2012-07-20 13:30:00+00:00,-0.009380101022356434
2012-07-23 13:30:00+00:00,-0.007821275997873533
2012-07-24 13:30:00+00:00,-0.00824479582430283
2012-07-25 13:30:00+00:00,0.00451890457684766
2012-07-26 13:30:00+00:00,0.016250962084953347
2012-07-27 13:30:00+00:00,0.014389200229969912
2012-07-30 13:30:00+00:00,-0.000278950760010399
2012-07-31 13:30:00+00:00,-0.00492262780882603
2012-08-01 13:30:00+00:00,-0.002509372799538456
2012-08-02 13:30:00+00:00,-0.007102498988590622
2012-08-03 13:30:00+00:00,0.016302992377779758
2012-08-06 13:30:00+00:00,0.0012458049211299005
2012-08-07 13:30:00+00:00,0.003707496751776718
2012-08-08 13:30:00+00:00,0.0012330222131775482
2012-08-09 13:30:00+00:00,-0.000824116450437351
2012-08-10 13:30:00+00:00,0.0033034257269754955
2012-08-13 13:30:00+00:00,-0.002788389930133761
2012-08-14 13:30:00+00:00,0.000205988996706974
2012-08-15 13:30:00+00:00,0.00045561950944427175
2012-08-16 13:30:00+00:00,0.006499447829011229
2012-08-17 13:30:00+00:00,0.0017111566987335514
2012-08-20 13:30:00+00:00,-0.00032150830159561873
2012-08-21 13:30:00+00:00,-0.005262674577999682
2012-08-22 13:30:00+00:00,-0.0020358391732960943
2012-08-23 13:30:00+00:00,-0.008748314885735142
2012-08-24 13:30:00+00:00,0.007955685403238311
2012-08-27 13:30:00+00:00,-0.002613373262500118
2012-08-28 13:30:00+00:00,-0.0016050210281740695
2012-08-29 13:30:00+00:00,0.0002068279541804664
2012-08-30 13:30:00+00:00,-0.007777112545796061
2012-08-31 13:30:00+00:00,0.00667705272747553
2012-09-04 13:30:00+00:00,-0.004393409352962408
2012-09-05 13:30:00+00:00,0.0007737761964305867
2012-09-06 13:30:00+00:00,0.01881645623595073
2012-09-07 13:30:00+00:00,0.0011874326366671962
2012-09-10 13:30:00+00:00,-0.004177791511792106
2012-09-11 13:30:00+00:00,0.0050876891203008754
2012-09-12 13:30:00+00:00,0.000780485412758869
2012-09-13 13:30:00+00:00,0.01566556363498094
2012-09-14 13:30:00+00:00,0.0038119763843302737
2012-09-17 13:30:00+00:00,-0.0027103337076138764
2012-09-18 13:30:00+00:00,0.0008082991811399931
2012-09-19 13:30:00+00:00,0.0008251327120187724
2012-09-20 13:30:00+00:00,0.0015029092637681596
2012-09-21 13:30:00+00:00,-0.0014069201916117157
2012-09-24 13:30:00+00:00,-0.0014941594615195508
2012-09-25 13:30:00+00:00,-0.00764946325474648
2012-09-26 13:30:00+00:00,-0.00345250449565605
2012-09-27 13:30:00+00:00,0.005305014621714832
2012-09-28 13:30:00+00:00,-0.0037156135706367774
2012-10-01 13:30:00+00:00,0.005663666770250752
2012-10-02 13:30:00+00:00,-0.002537197368982957
2012-10-03 13:30:00+00:00,0.001042529174160023
2012-10-04 13:30:00+00:00,0.005841429897133421
2012-10-05 13:30:00+00:00,0.002919394249951679
2012-10-08 13:30:00+00:00,-0.0005127800260459447
2012-10-09 13:30:00+00:00,-0.008150546741075747
2012-10-10 13:30:00+00:00,-0.00964171210261434
2012-10-11 13:30:00+00:00,-0.0015903497148630596
2012-10-12 13:30:00+00:00,0.00014235211262957358
2012-10-15 13:30:00+00:00,0.007003803237771711
2012-10-16 13:30:00+00:00,0.009430837016583416
2012-10-17 13:30:00+00:00,0.0011829093068156272
2012-10-18 13:30:00+00:00,-0.00041725289400497124
2012-10-19 13:30:00+00:00,-0.014999623068317047
2012-10-22 13:30:00+00:00,2.060410655512221e-05
2012-10-23 13:30:00+00:00,-0.018262002719613323
2012-10-24 13:30:00+00:00,-0.002098730810779392
2012-10-25 13:30:00+00:00,0.001737974111570606
2012-10-26 13:30:00+00:00,0.00012818866269003203
2012-10-31 13:30:00+00:00,-0.0009377279155989959
2012-11-01 13:30:00+00:00,0.010086101821804128
2012-11-02 13:30:00+00:00,-0.010639104100506846
2012-11-05 14:30:00+00:00,0.001439850647018559
2012-11-06 14:30:00+00:00,0.01002585262753385
2012-11-07 14:30:00+00:00,-0.02243931047435067
2012-11-08 14:30:00+00:00,-0.009493879740669852
2012-11-09 14:30:00+00:00,0.00022937870531979386
2012-11-12 14:30:00+00:00,-0.0001662932300439234
2012-11-13 14:30:00+00:00,-0.004201136929300475
2012-11-14 14:30:00+00:00,-0.013875490698801018
2012-11-15 14:30:00+00:00,-0.0023845834855275136
2012-11-16 14:30:00+00:00,0.003567586080707386
2012-11-19 14:30:00+00:00,0.01624040716713936
2012-11-20 14:30:00+00:00,-0.00028606077277749654
2012-11-21 14:30:00+00:00,0.0036948021123028754
2012-11-23 14:30:00+00:00,0.01364570289834387
2012-11-26 14:30:00+00:00,-0.003257953292529991
2012-11-27 14:30:00+00:00,-0.006676217064581225
2012-11-28 14:30:00+00:00,0.008408428752300069
2012-11-29 14:30:00+00:00,0.0033267939497347745
2012-11-30 14:30:00+00:00,0.00017109967251304213
2012-12-03 14:30:00+00:00,-0.0048691237951257295
2012-12-04 14:30:00+00:00,-0.0012313753304896812
2012-12-05 14:30:00+00:00,0.006505184794417074
2012-12-06 14:30:00+00:00,0.0035733386966267824
2012-12-07 14:30:00+00:00,0.00619240288380517
2012-12-10 14:30:00+00:00,0.0010395180632913781
2012-12-11 14:30:00+00:00,0.00583003573666806
2012-12-12 14:30:00+00:00,-0.0004471390253471096
2012-12-13 14:30:00+00:00,-0.005436313652757441
2012-12-14 14:30:00+00:00,-0.0028173778049349727
2012-12-17 14:30:00+00:00,0.007529876671454205
2012-12-18 14:30:00+00:00,0.008538889136862949
2012-12-19 14:30:00+00:00,-0.007520419099196774
2012-12-20 14:30:00+00:00,0.004810653399770925
2012-12-21 14:30:00+00:00,-0.009048970493101393
2012-12-24 14:30:00+00:00,-0.003983253913572138
2012-12-26 14:30:00+00:00,-0.0019464147430145017
2012-12-27 14:30:00+00:00,-0.0015228135206599824
2012-12-28 14:30:00+00:00,-0.012086923762666745
2012-12-31 14:30:00+00:00,0.012726308257854802
2013-01-02 14:30:00+00:00,0.023422813473005
2013-01-03 14:30:00+00:00,-0.0017140608588821604
2013-01-04 14:30:00+00:00,0.0031977366893625073
2013-01-07 14:30:00+00:00,-0.003958242232111287
2013-01-08 14:30:00+00:00,-0.0037307683233129938
2013-01-09 14:30:00+00:00,0.00444540193077757
2013-01-10 14:30:00+00:00,0.0058289485827693775
2013-01-11 14:30:00+00:00,0.0011604056683822584
2013-01-14 14:30:00+00:00,0.00130050587337881
2013-01-15 14:30:00+00:00,0.0019410662736698448
2013-01-16 14:30:00+00:00,-0.0018480142285630774
2013-01-17 14:30:00+00:00,0.006175450833002072
2013-01-18 14:30:00+00:00,0.0038482632353622373
2013-01-22 14:30:00+00:00,0.004479570593533422
2013-01-23 14:30:00+00:00,0.004794916091476631
2013-01-24 14:30:00+00:00,0.003238333557523665
2013-01-25 14:30:00+00:00,0.005010213660416418
2013-01-28 14:30:00+00:00,-0.0011111399682518619
2013-01-29 14:30:00+00:00,0.005121913379972909
2013-01-30 14:30:00+00:00,-0.0032531228274868093
2013-01-31 14:30:00+00:00,-0.0036829143929453354
2013-02-01 14:30:00+00:00,0.010665058900600089
2013-02-04 14:30:00+00:00,-0.00935852283123718
2013-02-05 14:30:00+00:00,0.007048354044359539
2013-02-06 14:30:00+00:00,0.00041645838227742936
2013-02-07 14:30:00+00:00,-0.003136475691297613
2013-02-08 14:30:00+00:00,0.0034083008566532127
2013-02-11 14:30:00+00:00,-0.0016528863859578524
2013-02-12 14:30:00+00:00,0.003296975511216871
2013-02-13 14:30:00+00:00,-0.00265302121907619
2013-02-14 14:30:00+00:00,-0.0007808674092956269
2013-02-15 14:30:00+00:00,0.0004990040640164728
2013-02-19 14:30:00+00:00,0.00375574900110508
2013-02-20 14:30:00+00:00,-0.007803934576288152
2013-02-21 14:30:00+00:00,-0.003468859234538446
2013-02-22 14:30:00+00:00,0.008541558828050622
2013-02-25 14:30:00+00:00,-0.015556541111885546
2013-02-26 14:30:00+00:00,0.008312545811226302
2013-02-27 14:30:00+00:00,0.012507093304335627
2013-02-28 14:30:00+00:00,-0.0015834340154937787
2013-03-01 14:30:00+00:00,0.0024023975461579974
2013-03-04 14:30:00+00:00,0.0026083801757328276
2013-03-05 14:30:00+00:00,0.008814978812305741
2013-03-06 14:30:00+00:00,0.0028796120269720562
2013-03-07 14:30:00+00:00,0.0022257863224801502
2013-03-08 14:30:00+00:00,0.004616153681648904
2013-03-11 13:30:00+00:00,0.0033881906854964397
2013-03-12 13:30:00+00:00,9.169901362214858e-05
2013-03-13 13:30:00+00:00,0.0002612928444756136
2013-03-14 13:30:00+00:00,0.005701297063336541
2013-03-15 13:30:00+00:00,-0.0018215115529679581
2013-03-18 13:30:00+00:00,-0.004375203904820835
2013-03-19 13:30:00+00:00,0.00016022188527541346
2013-03-20 13:30:00+00:00,0.0037676571125926264
2013-03-21 13:30:00+00:00,-0.006318433740161178
2013-03-22 13:30:00+00:00,0.006178133368400995
2013-03-25 13:30:00+00:00,-0.004529447308634482
2013-03-26 13:30:00+00:00,0.007645177666072633
2013-03-27 13:30:00+00:00,-0.00240020869158809
2013-03-28 13:30:00+00:00,0.0035059001311481433
2013-04-01 13:30:00+00:00,-0.00049032918743942
2013-04-02 13:30:00+00:00,0.006018237588387698
2013-04-03 13:30:00+00:00,-0.007715610549638774
2013-04-04 13:30:00+00:00,0.003732261332852971
2013-04-05 13:30:00+00:00,-0.002897483421596136
2013-04-08 13:30:00+00:00,0.0032113382022278428
2013-04-09 13:30:00+00:00,0.004004394727577842
2013-04-10 13:30:00+00:00,0.008676408139616
2013-04-11 13:30:00+00:00,0.00414931720243471
2013-04-12 13:30:00+00:00,-0.00010538697428309476
2013-04-15 13:30:00+00:00,-0.017984850964940412
2013-04-16 13:30:00+00:00,0.010693747329774562
2013-04-17 13:30:00+00:00,-0.00946453800401471
2013-04-18 13:30:00+00:00,-0.005671686201136794
2013-04-19 13:30:00+00:00,0.0006133533444878548
2013-04-22 13:30:00+00:00,0.0012514447879221513
2013-04-23 13:30:00+00:00,0.010354332576557147
2013-04-24 13:30:00+00:00,-0.0030321834064930384
2013-04-25 13:30:00+00:00,0.0015693581029310067
2013-04-26 13:30:00+00:00,0.000699276240484037
2013-04-29 13:30:00+00:00,0.00711834058149895
2013-04-30 13:30:00+00:00,0.0013204845002108168
2013-05-01 13:30:00+00:00,-0.009456568902711304
2013-05-02 13:30:00+00:00,0.008785812214652012
2013-05-03 13:30:00+00:00,0.009499778449937091
2013-05-06 13:30:00+00:00,-0.00043860865884693946
2013-05-07 13:30:00+00:00,0.005732800489922407
2013-05-08 13:30:00+00:00,0.003149154583520486
2013-05-09 13:30:00+00:00,-0.001589561143866558
2013-05-10 13:30:00+00:00,0.002278241771575418
2013-05-13 13:30:00+00:00,-0.0015384721980452709
2013-05-14 13:30:00+00:00,0.008087976094029548
2013-05-15 13:30:00+00:00,0.0040954284389984495
2013-05-16 13:30:00+00:00,-0.0027646856550694984
2013-05-17 13:30:00+00:00,0.007753781035133567
2013-05-20 13:30:00+00:00,-0.0009502426401487684
2013-05-21 13:30:00+00:00,0.0033307437510860963
2013-05-22 13:30:00+00:00,-0.005295916760485586
2013-05-23 13:30:00+00:00,-0.000496737662454405
2013-05-24 13:30:00+00:00,0.0007082914764462323
2013-05-28 13:30:00+00:00,0.006567365882333076
2013-05-29 13:30:00+00:00,-0.006407857192274336
2013-05-30 13:30:00+00:00,0.0011093766213814305
2013-05-31 13:30:00+00:00,-0.013586911018790181
2013-06-03 13:30:00+00:00,0.008527635074773155
2013-06-04 13:30:00+00:00,-0.005192007122306064
2013-06-05 13:30:00+00:00,-0.013780670022548135
2013-06-06 13:30:00+00:00,0.00559490859604449
2013-06-07 13:30:00+00:00,0.013437219466753792
2013-06-10 13:30:00+00:00,-0.0007046590836529254
2013-06-11 13:30:00+00:00,-0.007279937235096135
2013-06-12 13:30:00+00:00,-0.009032960936763323
2013-06-13 13:30:00+00:00,0.012142090972196307
2013-06-14 13:30:00+00:00,-0.007208961744147657
2013-06-17 13:30:00+00:00,0.0066074470362191716
2013-06-18 13:30:00+00:00,0.00858747922530666
2013-06-19 13:30:00+00:00,-0.013372808506972544
2013-06-20 13:30:00+00:00,-0.02308429238813804
2013-06-21 13:30:00+00:00,0.002527279418453643
2013-06-24 13:30:00+00:00,-0.009307380504206663
2013-06-25 13:30:00+00:00,0.006077304221881341
2013-06-26 13:30:00+00:00,0.009388795309852139
2013-06-27 13:30:00+00:00,0.0068169641643440635
2013-06-28 13:30:00+00:00,-0.0072241566450833685
2013-07-01 13:30:00+00:00,0.004149064702801286
2013-07-02 13:30:00+00:00,-0.0029413968917774255
2013-07-03 13:30:00+00:00,0.004231333145747518
2013-07-05 13:30:00+00:00,0.009261492290212104
2013-07-08 13:30:00+00:00,0.0056785184270997545
2013-07-09 13:30:00+00:00,0.0046201019011036125
2013-07-10 13:30:00+00:00,-0.0005164011362012277
2013-07-11 13:30:00+00:00,0.010549753031442
2013-07-12 13:30:00+00:00,0.00013345496867777094
2013-07-15 13:30:00+00:00,0.0014892514827022807
2013-07-16 13:30:00+00:00,-0.00224275745520609
2013-07-17 13:30:00+00:00,0.0007798395439542083
2013-07-18 13:30:00+00:00,0.005242710644100634
2013-07-19 13:30:00+00:00,0.00115421058206987
2013-07-22 13:30:00+00:00,1.652161757614929e-06
2013-07-23 13:30:00+00:00,0.0012340345002250675
2013-07-24 13:30:00+00:00,-0.002311650508688434
2013-07-25 13:30:00+00:00,0.0009579992219761358
2013-07-26 13:30:00+00:00,0.0006062371341293172
2013-07-29 13:30:00+00:00,-0.002360693332436059
2013-07-30 13:30:00+00:00,-0.000994808288864235
2013-07-31 13:30:00+00:00,-0.001969474964744877
2013-08-01 13:30:00+00:00,0.007908973577756873
2013-08-02 13:30:00+00:00,0.0018709271374983572
2013-08-05 13:30:00+00:00,-0.0026460411234899947
2013-08-06 13:30:00+00:00,-0.005846903139783877
2013-08-07 13:30:00+00:00,-0.0030349976042569724
2013-08-08 13:30:00+00:00,0.001260109495250228
2013-08-09 13:30:00+00:00,-0.004689392514715796
2013-08-12 13:30:00+00:00,0.00018932191798825003
2013-08-13 13:30:00+00:00,0.001866844441337212
2013-08-14 13:30:00+00:00,-0.007224020645505547
2013-08-15 13:30:00+00:00,-0.014482293267909518
2013-08-16 13:30:00+00:00,-0.0021579282871409086
2013-08-19 13:30:00+00:00,-0.0044808930492744705
2013-08-20 13:30:00+00:00,-0.000688208354562303
2013-08-21 13:30:00+00:00,-0.006519967198702637
2013-08-22 13:30:00+00:00,0.0035985784342431495
2013-08-23 13:30:00+00:00,0.0013497171745193604
2013-08-26 13:30:00+00:00,-0.004636931225052721
2013-08-27 13:30:00+00:00,-0.011018896007999112
2013-08-28 13:30:00+00:00,0.0035232866179444214
2013-08-29 13:30:00+00:00,0.001454877767482088
2013-08-30 13:30:00+00:00,-0.002376327965433422
2013-09-03 13:30:00+00:00,0.0020896461301462724
2013-09-04 13:30:00+00:00,0.006537500544823815
2013-09-05 13:30:00+00:00,0.0004351980710368576
2013-09-06 13:30:00+00:00,-0.0013749550706930846
2013-09-09 13:30:00+00:00,0.00900618030501298
2013-09-10 13:30:00+00:00,0.008118438140926266
2013-09-11 13:30:00+00:00,0.008618480596401124
2013-09-12 13:30:00+00:00,-0.0018289592584028846
2013-09-13 13:30:00+00:00,0.004027198792324371
2013-09-16 13:30:00+00:00,0.007273855061101775
2013-09-17 13:30:00+00:00,0.0016144952771066535
2013-09-18 13:30:00+00:00,0.009164783092330476
2013-09-19 13:30:00+00:00,-0.002734960763053584
2013-09-20 13:30:00+00:00,-0.01186840055534134
2013-09-23 13:30:00+00:00,-0.003395927205461124
2013-09-24 13:30:00+00:00,-0.004511622702500395
2013-09-25 13:30:00+00:00,-0.004387090546500006
2013-09-26 13:30:00+00:00,0.003427458527923244
2013-09-27 13:30:00+00:00,-0.003965523320299103
2013-09-30 13:30:00+00:00,-0.007978806973647733
2013-10-01 13:30:00+00:00,0.0038127704707186963
2013-10-02 13:30:00+00:00,-0.0033610078552604003
2013-10-03 13:30:00+00:00,-0.008743353472408854
2013-10-04 13:30:00+00:00,0.0050952020482264325
2013-10-07 13:30:00+00:00,-0.008929844255345609
2013-10-08 13:30:00+00:00,-0.010911978358784446
2013-10-09 13:30:00+00:00,0.0015774745988317185
2013-10-10 13:30:00+00:00,0.021490723441229587
2013-10-11 13:30:00+00:00,0.007211055268466093
2013-10-14 13:30:00+00:00,0.004491174056455704
2013-10-15 13:30:00+00:00,-0.008746238358151037
2013-10-16 13:30:00+00:00,0.013289618158512252
2013-10-17 13:30:00+00:00,4.251832485112636e-05
2013-10-18 13:30:00+00:00,0.0017176526722466501
2013-10-21 13:30:00+00:00,-0.0006921646328008734
2013-10-22 13:30:00+00:00,0.004670649697871887
2013-10-23 13:30:00+00:00,-0.0034629888609282286
2013-10-24 13:30:00+00:00,0.006020054404143982
2013-10-25 13:30:00+00:00,0.0028993163813264447
2013-10-28 13:30:00+00:00,-0.00011674731828082976
2013-10-29 13:30:00+00:00,0.0068443995880331674
2013-10-30 13:30:00+00:00,-0.004052649417285015
2013-10-31 13:30:00+00:00,-0.00484841882967203
2013-11-01 13:30:00+00:00,0.0035984190091995385
2013-11-04 14:30:00+00:00,0.0010471539735068425
2013-11-05 14:30:00+00:00,-0.000931668943781061
2013-11-06 14:30:00+00:00,0.00746045014033857
2013-11-07 14:30:00+00:00,-0.010088318803601514
2013-11-08 14:30:00+00:00,0.010818756835340605
2013-11-11 14:30:00+00:00,0.0014114482085611946
2013-11-12 14:30:00+00:00,-0.0015252364425156872
2013-11-13 14:30:00+00:00,0.005118074450427323
2013-11-14 14:30:00+00:00,0.004328636398263075
2013-11-15 14:30:00+00:00,0.005287955161741287
2013-11-18 14:30:00+00:00,0.0007331791145446132
2013-11-19 14:30:00+00:00,-0.0005400444886323296
2013-11-20 14:30:00+00:00,-0.004506674636334263
2013-11-21 14:30:00+00:00,0.00630680609733768
2013-11-22 14:30:00+00:00,0.003401816851531947
2013-11-25 14:30:00+00:00,-7.198899975825448e-05
2013-11-26 14:30:00+00:00,1.636645943102763e-05
2013-11-27 14:30:00+00:00,0.0013906619310581792
2013-11-29 14:30:00+00:00,-0.001264223132094966
2013-12-02 14:30:00+00:00,-0.0049703922993519336
2013-12-03 14:30:00+00:00,-0.005729564960482503
2013-12-04 14:30:00+00:00,-0.0014035556170430951
2013-12-05 14:30:00+00:00,-0.004190909537972532
2013-12-06 14:30:00+00:00,0.012199755334082896
2013-12-09 14:30:00+00:00,0.0002770431501959326
2013-12-10 14:30:00+00:00,-0.0032820926205057274
2013-12-11 14:30:00+00:00,-0.008065795379834994
2013-12-12 14:30:00+00:00,-0.00675142443533151
2013-12-13 14:30:00+00:00,0.0005160551679790238
2013-12-16 14:30:00+00:00,0.007829814603326424
2013-12-17 14:30:00+00:00,-0.0006540022466263839
2013-12-18 14:30:00+00:00,0.01825405306856952
2013-12-19 14:30:00+00:00,0.0009252313991012673
2013-12-20 14:30:00+00:00,0.002531217413853193
2013-12-23 14:30:00+00:00,0.004174840237438626
2013-12-24 14:30:00+00:00,0.003695455772608758
2013-12-26 14:30:00+00:00,0.0065526989318040905
2013-12-27 14:30:00+00:00,-0.0005827615047989787
2013-12-30 14:30:00+00:00,0.0010998717072099207
2013-12-31 14:30:00+00:00,0.0037927939842487992
2014-01-02 14:30:00+00:00,-0.007993976052425033
2014-01-03 14:30:00+00:00,0.0006959954084582054
2014-01-06 14:30:00+00:00,-0.003070701534658948
2014-01-07 14:30:00+00:00,0.006103652121852698
2014-01-08 14:30:00+00:00,-0.004027955999896926
2014-01-09 14:30:00+00:00,-0.0017179786898747884
2014-01-10 14:30:00+00:00,-0.0011069735559936622
2014-01-13 14:30:00+00:00,-0.010814893104211808
2014-01-14 14:30:00+00:00,0.006779238984600189
2014-01-15 14:30:00+00:00,0.006244424692877881
2014-01-16 14:30:00+00:00,-0.003783126650105506
2014-01-17 14:30:00+00:00,0.0029802630097277463
2014-01-21 14:30:00+00:00,-0.002823697916234058
2014-01-22 14:30:00+00:00,-0.0029708432186081987
2014-01-23 14:30:00+00:00,-0.010767036963735831
2014-01-24 14:30:00+00:00,-0.020107028616933708
2014-01-27 14:30:00+00:00,-0.0026927194877143343
2014-01-28 14:30:00+00:00,0.005437567921129582
2014-01-29 14:30:00+00:00,-0.011922006176832489
2014-01-30 14:30:00+00:00,0.006606464784174359
2014-01-31 14:30:00+00:00,-0.0094607015685635
2014-02-03 14:30:00+00:00,-0.02079671500118042
2014-02-04 14:30:00+00:00,0.004603758382099243
2014-02-05 14:30:00+00:00,-0.00027933893997279514
2014-02-06 14:30:00+00:00,0.011859481189456556
2014-02-07 14:30:00+00:00,0.01035641338829273
2014-02-10 14:30:00+00:00,0.0004166738938766624
2014-02-11 14:30:00+00:00,0.011960083529675581
2014-02-12 14:30:00+00:00,-0.0019195170714213616
2014-02-13 14:30:00+00:00,0.0049542207771131495
2014-02-14 14:30:00+00:00,0.008409732105700386
2014-02-18 14:30:00+00:00,-0.0015590429681655693
2014-02-19 14:30:00+00:00,-0.005412518545702028
2014-02-20 14:30:00+00:00,0.005452184189014486
2014-02-21 14:30:00+00:00,-0.0021215839781949628
2014-02-24 14:30:00+00:00,0.006412753806783289
2014-02-25 14:30:00+00:00,-0.001807848898514608
2014-02-26 14:30:00+00:00,0.0010155378678422422
2014-02-27 14:30:00+00:00,0.00452721216029105
2014-02-28 14:30:00+00:00,0.002879094549210526
2014-03-03 14:30:00+00:00,-0.009515660973500883
2014-03-04 14:30:00+00:00,0.013911754513877373
2014-03-05 14:30:00+00:00,-0.0022774476273158648
2014-03-06 14:30:00+00:00,0.003648713754191613
2014-03-07 14:30:00+00:00,0.0016164209543201192
2014-03-10 13:30:00+00:00,-0.0021920022787309643
2014-03-11 13:30:00+00:00,-0.004250009373444674
2014-03-12 13:30:00+00:00,-0.0007476703279192364
2014-03-13 13:30:00+00:00,-0.014337337280168071
2014-03-14 13:30:00+00:00,-0.002623878194167772
2014-03-17 13:30:00+00:00,0.011156407518057233
2014-03-18 13:30:00+00:00,0.005455898857358077
2014-03-19 13:30:00+00:00,-0.007050419622654969
2014-03-20 13:30:00+00:00,0.006623552413813616
2014-03-21 13:30:00+00:00,-0.0019319638498206503
2014-03-24 13:30:00+00:00,-0.0017309505390349477
2014-03-25 13:30:00+00:00,0.005347422873117169
2014-03-26 13:30:00+00:00,-0.006313519560557601
2014-03-27 13:30:00+00:00,-0.00037288359443755627
2014-03-28 13:30:00+00:00,0.0032987473793681834
2014-03-31 13:30:00+00:00,0.008074383334865754
2014-04-01 13:30:00+00:00,0.004430220178621702
2014-04-02 13:30:00+00:00,0.002331482679909225
2014-04-03 13:30:00+00:00,-8.845027158367316e-05
2014-04-04 13:30:00+00:00,-0.009952099500855526
2014-04-07 13:30:00+00:00,-0.01035214643662664
2014-04-08 13:30:00+00:00,0.0005758623541962549
2014-04-09 13:30:00+00:00,0.011022382734220171
2014-04-10 13:30:00+00:00,-0.016344850352316597
2014-04-11 13:30:00+00:00,-0.008889737078562231
2014-04-14 13:30:00+00:00,0.008943397328051928
2014-04-15 13:30:00+00:00,0.005407119035333074
2014-04-16 13:30:00+00:00,0.00965143816692703
2014-04-17 13:30:00+00:00,-0.0010499165196048543
2014-04-21 13:30:00+00:00,0.0023578143056956938
2014-04-22 13:30:00+00:00,0.0038508040944264968
2014-04-23 13:30:00+00:00,-0.0008315172151961536
2014-04-24 13:30:00+00:00,-0.00020544708142357083
2014-04-25 13:30:00+00:00,-0.008692230062503092
2014-04-28 13:30:00+00:00,0.005127586171499876
2014-04-29 13:30:00+00:00,0.0050175328896910785
2014-04-30 13:30:00+00:00,0.0026808200666961104
2014-05-01 13:30:00+00:00,-0.0013901260476236854
2014-05-02 13:30:00+00:00,-0.0030856420781427804
2014-05-05 13:30:00+00:00,0.0011599089174578637
2014-05-06 13:30:00+00:00,-0.007893784043378937
2014-05-07 13:30:00+00:00,0.007026041213911138
2014-05-08 13:30:00+00:00,0.0018863318047914635
2014-05-09 13:30:00+00:00,0.001839999268370185
2014-05-12 13:30:00+00:00,0.00657178712461558
2014-05-13 13:30:00+00:00,0.0010691198413348313
2014-05-14 13:30:00+00:00,-0.0062084521324842325
2014-05-15 13:30:00+00:00,-0.010134537477830673
2014-05-16 13:30:00+00:00,0.0025746140732460956
2014-05-19 13:30:00+00:00,0.0012043850575957804
2014-05-20 13:30:00+00:00,-0.008392005495789123
2014-05-21 13:30:00+00:00,0.009480422391100685
2014-05-22 13:30:00+00:00,0.0005254162107077743
2014-05-23 13:30:00+00:00,0.003634131182031808
2014-05-27 13:30:00+00:00,0.003999377172689378
2014-05-28 13:30:00+00:00,-0.002606796414444845
2014-05-29 13:30:00+00:00,0.0035663632885654
2014-05-30 13:30:00+00:00,0.0010882045606794733
2014-06-02 13:30:00+00:00,0.0015020512612004989
2014-06-03 13:30:00+00:00,-0.000957957403208487
2014-06-04 13:30:00+00:00,0.0009484029231458968
2014-06-05 13:30:00+00:00,0.005692934785145309
2014-06-06 13:30:00+00:00,0.004926156659741598
2014-06-09 13:30:00+00:00,0.0009055211349258019
2014-06-10 13:30:00+00:00,0.00022582058999341968
2014-06-11 13:30:00+00:00,-0.0059595501641632855
2014-06-12 13:30:00+00:00,-0.0064116379501309
2014-06-13 13:30:00+00:00,0.002355960082799802
2014-06-16 13:30:00+00:00,0.000821485369177244
2014-06-17 13:30:00+00:00,0.0016449745988689091
2014-06-18 13:30:00+00:00,0.005879964747308219
2014-06-19 13:30:00+00:00,0.0005836555277054401
2014-06-20 13:30:00+00:00,0.0014638279710741276
2014-06-23 13:30:00+00:00,-0.0006452591611837532
2014-06-24 13:30:00+00:00,-0.006978706883377883
2014-06-25 13:30:00+00:00,0.002862957973449587
2014-06-26 13:30:00+00:00,-0.0013260579700310581
2014-06-27 13:30:00+00:00,0.00019319655310300342
2014-06-30 13:30:00+00:00,-0.0016363085597397408
2014-07-01 13:30:00+00:00,0.007478856914649323
2014-07-02 13:30:00+00:00,0.001465176950381275
2014-07-03 13:30:00+00:00,0.005157068474291859
2014-07-07 13:30:00+00:00,-0.002421819922233681
2014-07-08 13:30:00+00:00,-0.006883579700549991
2014-07-09 13:30:00+00:00,0.003965731969722819
2014-07-10 13:30:00+00:00,-0.003944402404939773
2014-07-11 13:30:00+00:00,0.0014072426959741314
2014-07-14 13:30:00+00:00,0.00606427749399806
2014-07-15 13:30:00+00:00,0.00023130348395449261
2014-07-16 13:30:00+00:00,0.00437130841748411
2014-07-17 13:30:00+00:00,-0.009242273098377784
2014-07-18 13:30:00+00:00,0.007086852410806299
2014-07-21 13:30:00+00:00,-0.0026375038730923725
2014-07-22 13:30:00+00:00,0.0033340932268073223
2014-07-23 13:30:00+00:00,-0.001874778811601041
2014-07-24 13:30:00+00:00,-0.0005808530662496758
2014-07-25 13:30:00+00:00,-0.007063300301531028
2014-07-28 13:30:00+00:00,0.0014144084189497863
2014-07-29 13:30:00+00:00,-0.004352196159212463
2014-07-30 13:30:00+00:00,-0.00244927559385234
2014-07-31 13:30:00+00:00,-0.018258671086437094
2014-08-01 13:30:00+00:00,-0.004225789100652311
2014-08-04 13:30:00+00:00,0.004481052093096449
2014-08-05 13:30:00+00:00,-0.007980448724186028
2014-08-06 13:30:00+00:00,0.001010509817827232
2014-08-07 13:30:00+00:00,-0.004964915186372443
2014-08-08 13:30:00+00:00,0.011155565381691258
2014-08-11 13:30:00+00:00,0.00066769526980347
2014-08-12 13:30:00+00:00,-0.0004025386125810048
2014-08-13 13:30:00+00:00,0.004985952622904788
2014-08-14 13:30:00+00:00,0.0032774799649366473
2014-08-15 13:30:00+00:00,-0.003336201338246758
2014-08-18 13:30:00+00:00,0.010358852455135226
2014-08-19 13:30:00+00:00,0.004682291544758621
2014-08-20 13:30:00+00:00,0.003986424765258778
2014-08-21 13:30:00+00:00,0.003174244294366069
2014-08-22 13:30:00+00:00,-0.0022744478250592668
2014-08-25 13:30:00+00:00,0.0037243192028699637
2014-08-26 13:30:00+00:00,0.0014883834167740307
2014-08-27 13:30:00+00:00,0.0005417187744518493
2014-08-28 13:30:00+00:00,-0.0024067991533103347
2014-08-29 13:30:00+00:00,0.0007797592603666526
2014-09-02 13:30:00+00:00,-0.0018464257845007936
2014-09-03 13:30:00+00:00,0.0005467983310955993
2014-09-04 13:30:00+00:00,-0.0009212138645320444
2014-09-05 13:30:00+00:00,0.0040878124951360005
2014-09-08 13:30:00+00:00,-0.0012844126776960895
2014-09-09 13:30:00+00:00,-0.005741103496139444
2014-09-10 13:30:00+00:00,0.002994734314499581
2014-09-11 13:30:00+00:00,-0.000593050010110574
2014-09-12 13:30:00+00:00,-0.0034173461139414105
2014-09-15 13:30:00+00:00,0.0023946411603719023
2014-09-16 13:30:00+00:00,0.006055491926616241
2014-09-17 13:30:00+00:00,0.0014083666464221767
2014-09-18 13:30:00+00:00,0.005857898593850874
2014-09-19 13:30:00+00:00,0.000625612081786231
2014-09-22 13:30:00+00:00,-0.0058337255329456
2014-09-23 13:30:00+00:00,-0.006510438748855718
2014-09-24 13:30:00+00:00,0.008894732623382574
2014-09-25 13:30:00+00:00,-0.015157292134943667
2014-09-26 13:30:00+00:00,0.009607649256547768
2014-09-29 13:30:00+00:00,-0.0022317168574940258
2014-09-30 13:30:00+00:00,-0.0017138314681690691
2014-10-01 13:30:00+00:00,-0.013934719663081251
2014-10-02 13:30:00+00:00,-0.0005294760972615164
2014-10-03 13:30:00+00:00,0.012248992633265388
2014-10-06 13:30:00+00:00,-0.0011834402880417482
2014-10-07 13:30:00+00:00,-0.01592619604726798
2014-10-08 13:30:00+00:00,0.016382808484022505
2014-10-09 13:30:00+00:00,-0.019530924002682314
2014-10-10 13:30:00+00:00,-0.006751578653451673
2014-10-13 13:30:00+00:00,-0.01306364104538783
2014-10-14 13:30:00+00:00,-0.0005111016963045389
2014-10-15 13:30:00+00:00,-0.010616546153538142
2014-10-16 13:30:00+00:00,-0.0013331438220172242
2014-10-17 13:30:00+00:00,0.016155997871220452
2014-10-20 13:30:00+00:00,0.0015196963087313776
2014-10-21 13:30:00+00:00,0.012625885479173638
2014-10-22 13:30:00+00:00,-0.009364944111405548
2014-10-23 13:30:00+00:00,0.01264163117737781
2014-10-24 13:30:00+00:00,0.00759747514944985
2014-10-27 13:30:00+00:00,0.0012002925832739098
2014-10-28 13:30:00+00:00,0.010631560995377976
2014-10-29 13:30:00+00:00,-0.0019088584792494978
2014-10-30 13:30:00+00:00,0.013294472729683749
2014-10-31 13:30:00+00:00,0.01046090215579686
2014-11-03 14:30:00+00:00,-0.0015179919208376913
2014-11-04 14:30:00+00:00,0.0007653037486037185
2014-11-05 14:30:00+00:00,0.005581059245123521
2014-11-06 14:30:00+00:00,0.003490885388460752
2014-11-07 14:30:00+00:00,0.0007741942290722004
2014-11-10 14:30:00+00:00,0.0024476586819943582
2014-11-11 14:30:00+00:00,-0.00014202142804554664
2014-11-12 14:30:00+00:00,0.00032313686647066363
2014-11-13 14:30:00+00:00,0.0018354225787180379
2014-11-14 14:30:00+00:00,-0.0011405611971686657
2014-11-17 14:30:00+00:00,0.000801799356123556
2014-11-18 14:30:00+00:00,0.0024352967731921973
2014-11-19 14:30:00+00:00,-8.752068060658971e-05
2014-11-20 14:30:00+00:00,0.002257805751278308
2014-11-21 14:30:00+00:00,0.004924598921522516
2014-11-24 14:30:00+00:00,0.00019583116001230537
2014-11-25 14:30:00+00:00,-0.00033072655078382186
2014-11-26 14:30:00+00:00,0.0007701876517565043
2014-11-28 14:30:00+00:00,-0.00022958359522075024
2014-12-01 14:30:00+00:00,-0.0029309859741297847
2014-12-02 14:30:00+00:00,0.005564099426427427
2014-12-03 14:30:00+00:00,0.0016738899779695671
2014-12-04 14:30:00+00:00,-0.0006538755475777979
2014-12-05 14:30:00+00:00,0.0030133398397313885
2014-12-08 14:30:00+00:00,-0.005806451121291201
2014-12-09 14:30:00+00:00,-0.002686931525381253
2014-12-10 14:30:00+00:00,-0.014980323017510632
2014-12-11 14:30:00+00:00,0.0034381543452441823
2014-12-12 14:30:00+00:00,-0.017679295646753423
2014-12-15 14:30:00+00:00,-0.0061686085294970884
2014-12-16 14:30:00+00:00,-0.0061677077528270565
2014-12-17 14:30:00+00:00,0.01675548566779671
2014-12-18 14:30:00+00:00,0.023524155579313744
2014-12-19 14:30:00+00:00,0.0014064248271818847
2014-12-22 14:30:00+00:00,0.008163383521172286
2014-12-23 14:30:00+00:00,0.00283020213308548
2014-12-24 14:30:00+00:00,-0.000406033141244999
2014-12-26 14:30:00+00:00,0.0007543019897981896
2014-12-29 14:30:00+00:00,-0.0005626698986097689
2014-12-30 14:30:00+00:00,-0.0029804636812278515
2014-12-31 14:30:00+00:00,-0.00925015306717426
2015-01-02 14:30:00+00:00,0.00045657760986571604
2015-01-05 14:30:00+00:00,-0.018036423078685037
2015-01-06 14:30:00+00:00,-0.007671852258500767
2015-01-07 14:30:00+00:00,0.011971533732386675
2015-01-08 14:30:00+00:00,0.017856967006765413
2015-01-09 14:30:00+00:00,-0.009795170636268124
2015-01-12 14:30:00+00:00,-0.005804579405609645
2015-01-13 14:30:00+00:00,-0.001876129728533138
2015-01-14 14:30:00+00:00,-0.010433924552113238
2015-01-15 14:30:00+00:00,-0.006729264154143222
2015-01-16 14:30:00+00:00,0.010960641599307087
2015-01-20 14:30:00+00:00,-0.00019878818341690908
2015-01-21 14:30:00+00:00,0.0024310370213382784
2015-01-22 14:30:00+00:00,0.014520218721480117
2015-01-23 14:30:00+00:00,-0.007954057017543825
2015-01-26 14:30:00+00:00,0.0004993761712266287
2015-01-27 14:30:00+00:00,-0.014348260449896243
2015-01-28 14:30:00+00:00,-0.012255496622444417
2015-01-29 14:30:00+00:00,0.012784956226655531
2015-01-30 14:30:00+00:00,-0.014563028404942401
2015-02-02 14:30:00+00:00,0.01102690371497771
2015-02-03 14:30:00+00:00,0.01696564118998033
2015-02-04 14:30:00+00:00,0.000354531633953259
2015-02-05 14:30:00+00:00,0.01164509491305531
2015-02-06 14:30:00+00:00,-0.003301625978608402
2015-02-09 14:30:00+00:00,-0.0052779787021967174
2015-02-10 14:30:00+00:00,0.007376784537759462
2015-02-11 14:30:00+00:00,-0.00042005792523759346
2015-02-12 14:30:00+00:00,0.0060717258132381045
2015-02-13 14:30:00+00:00,0.0027215373802615852
2015-02-17 14:30:00+00:00,0.0014415984456335074
2015-02-18 14:30:00+00:00,-0.000979493482754179
2015-02-19 14:30:00+00:00,-0.002479564926913824
2015-02-20 14:30:00+00:00,0.008499572100947084
2015-02-23 14:30:00+00:00,-0.0014185733223989305
2015-02-24 14:30:00+00:00,0.005234369388662718
2015-02-25 14:30:00+00:00,0.0007732318556612384
2015-02-26 14:30:00+00:00,-0.0006481787497837454
2015-02-27 14:30:00+00:00,-0.004523181128017873
2015-03-02 14:30:00+00:00,0.008424299396185154
2015-03-03 14:30:00+00:00,-0.004398233037667965
2015-03-04 14:30:00+00:00,-0.005948848593768885
2015-03-05 14:30:00+00:00,0.0020451359990969367
2015-03-06 14:30:00+00:00,-0.015480773161219662
2015-03-09 13:30:00+00:00,0.0076932228821273594
2015-03-10 13:30:00+00:00,-0.018256146332698352
2015-03-11 13:30:00+00:00,-0.0016596966857136519
2015-03-12 13:30:00+00:00,0.015125693417198594
2015-03-13 13:30:00+00:00,-0.007911495203617235
2015-03-16 13:30:00+00:00,0.012641627318073601
2015-03-17 13:30:00+00:00,-0.006951720053637434
2015-03-18 13:30:00+00:00,0.012753209641696451
2015-03-19 13:30:00+00:00,-0.006383042086914992
2015-03-20 13:30:00+00:00,0.009171105063135999
2015-03-23 13:30:00+00:00,-0.0012408564672475974
2015-03-24 13:30:00+00:00,-0.005606556027247589
2015-03-25 13:30:00+00:00,-0.016425803018198192
2015-03-26 13:30:00+00:00,-0.002247125975527908
2015-03-27 13:30:00+00:00,0.0021083349587613823
2015-03-30 13:30:00+00:00,0.013936404020505878
2015-03-31 13:30:00+00:00,-0.010634155937383382
2015-04-01 13:30:00+00:00,-0.004618927664858952
2015-04-02 13:30:00+00:00,0.00350013745076504
2015-04-06 13:30:00+00:00,0.006959762291965921
2015-04-07 13:30:00+00:00,-0.000597664460794689
2015-04-08 13:30:00+00:00,0.0012922785133866355
2015-04-09 13:30:00+00:00,0.003040381089636435
2015-04-10 13:30:00+00:00,0.005520172450136795
2015-04-13 13:30:00+00:00,-0.0042701702992646974
2015-04-14 13:30:00+00:00,0.003103153312481666
2015-04-15 13:30:00+00:00,0.003607165527127021
2015-04-16 13:30:00+00:00,-0.00012761474411594466
2015-04-17 13:30:00+00:00,-0.015360811580198763
2015-04-20 13:30:00+00:00,0.010759707900130911
2015-04-21 13:30:00+00:00,-0.004793331669830103
2015-04-22 13:30:00+00:00,0.004771600140139875
2015-04-23 13:30:00+00:00,0.0013856483187943858
2015-04-24 13:30:00+00:00,0.001213699129043
2015-04-27 13:30:00+00:00,-0.0034108787712656794
2015-04-28 13:30:00+00:00,0.004016247748495505
2015-04-29 13:30:00+00:00,-0.0033143889946091296
2015-04-30 13:30:00+00:00,-0.01079189916891089
2015-05-01 13:30:00+00:00,0.009127197973391333
2015-05-04 13:30:00+00:00,0.0023620443408518435
2015-05-05 13:30:00+00:00,-0.007536947280037965
2015-05-06 13:30:00+00:00,-0.005275972050687428
2015-05-07 13:30:00+00:00,0.004597834776698828
2015-05-08 13:30:00+00:00,0.01425674748835325
2015-05-11 13:30:00+00:00,-0.004642026470169103
2015-05-12 13:30:00+00:00,-0.001643404084559552
2015-05-13 13:30:00+00:00,-0.0006466908934245174
2015-05-14 13:30:00+00:00,0.01040519599113109
2015-05-15 13:30:00+00:00,0.0010280888011986345
2015-05-18 13:30:00+00:00,0.001631561092939593
2015-05-19 13:30:00+00:00,0.0005508111232563784
2015-05-20 13:30:00+00:00,-0.0017194407970472336
2015-05-21 13:30:00+00:00,-0.00010704950084728929
2015-05-22 13:30:00+00:00,-0.0030993985822946987
2015-05-26 13:30:00+00:00,-0.010424383905429335
2015-05-27 13:30:00+00:00,0.006434199667694196
2015-05-28 13:30:00+00:00,-0.0016435313052720723
2015-05-29 13:30:00+00:00,-0.006578303248891315
2015-06-01 13:30:00+00:00,0.0011514736929281067
2015-06-02 13:30:00+00:00,-0.0012861716558910774
2015-06-03 13:30:00+00:00,0.0031105817061556243
2015-06-04 13:30:00+00:00,-0.009334521817271024
2015-06-05 13:30:00+00:00,-0.003223079163419251
2015-06-08 13:30:00+00:00,-0.004744966956722674
2015-06-09 13:30:00+00:00,-0.00026379605829730525
2015-06-10 13:30:00+00:00,0.01312907361853587
2015-06-11 13:30:00+00:00,0.0020164956898656053
2015-06-12 13:30:00+00:00,-0.007695449379463326
2015-06-15 13:30:00+00:00,-0.0056665519550125444
2015-06-16 13:30:00+00:00,0.006480533742447159
2015-06-17 13:30:00+00:00,0.0013606794875080542
2015-06-18 13:30:00+00:00,0.009442167520712575
2015-06-19 13:30:00+00:00,-0.005635972935195477
2015-06-22 13:30:00+00:00,0.005011511225119214
2015-06-23 13:30:00+00:00,0.0011300677135408388
2015-06-24 13:30:00+00:00,-0.009639023468704721
2015-06-25 13:30:00+00:00,-0.004925581142685831
2015-06-26 13:30:00+00:00,0.0029544545684678683
2015-06-29 13:30:00+00:00,-0.01907728464326287
2015-06-30 13:30:00+00:00,0.0010107313359626225
2015-07-01 13:30:00+00:00,0.0066915980536208395
2015-07-02 13:30:00+00:00,-0.0019696356827292425
2015-07-06 13:30:00+00:00,-0.0026101420911850523
2015-07-07 13:30:00+00:00,0.005101620068475021
2015-07-08 13:30:00+00:00,-0.01381640913343608
2015-07-09 13:30:00+00:00,0.0009403813468915501
2015-07-10 13:30:00+00:00,0.011248423413629183
2015-07-13 13:30:00+00:00,0.01060485584735037
2015-07-14 13:30:00+00:00,0.004293458654786464
2015-07-15 13:30:00+00:00,-0.0002778579605122843
2015-07-16 13:30:00+00:00,0.002228215005632073
2015-07-17 13:30:00+00:00,-0.001818268071164042
2015-07-20 13:30:00+00:00,0.0007017290738884241
2015-07-21 13:30:00+00:00,-0.009901850845529536
2015-07-22 13:30:00+00:00,-0.00385651487678208
2015-07-23 13:30:00+00:00,-0.006925410630080353
2015-07-24 13:30:00+00:00,-0.009265925154693055
2015-07-27 13:30:00+00:00,-0.0070007502643291255
2015-07-28 13:30:00+00:00,0.010241601353793362
2015-07-29 13:30:00+00:00,0.006705485197806549
2015-07-30 13:30:00+00:00,5.4438216402708046e-05
2015-07-31 13:30:00+00:00,-0.003817630778995229
2015-08-03 13:30:00+00:00,-0.005668314521201434
2015-08-04 13:30:00+00:00,-0.002727744452934122
2015-08-05 13:30:00+00:00,-0.0009413175241589466
2015-08-06 13:30:00+00:00,-0.007103483482627582
2015-08-07 13:30:00+00:00,-0.0024863760113471686
2015-08-10 13:30:00+00:00,0.013712244747468894
2015-08-11 13:30:00+00:00,-0.010942016989941471
2015-08-12 13:30:00+00:00,0.001026396900695159
2015-08-13 13:30:00+00:00,0.0002798133257908454
2015-08-14 13:30:00+00:00,0.0037644910730682993
2015-08-17 13:30:00+00:00,0.004050457377496641
2015-08-18 13:30:00+00:00,-0.001580326865794357
2015-08-19 13:30:00+00:00,-0.009238850852950075
2015-08-20 13:30:00+00:00,-0.02054533355313327
2015-08-21 13:30:00+00:00,-0.03134884688109864
2015-08-24 13:30:00+00:00,-0.035847832781482084
2015-08-25 13:30:00+00:00,-0.013689311095485112
2015-08-26 13:30:00+00:00,0.038764500149198064
2015-08-27 13:30:00+00:00,0.02257413000509344
2015-08-28 13:30:00+00:00,-0.0004850077828584375
2015-08-31 13:30:00+00:00,-0.0063524117518989455
2015-09-01 13:30:00+00:00,-0.028517162086517122
2015-09-02 13:30:00+00:00,0.018147844925883606
2015-09-03 13:30:00+00:00,0.0005367456294902318
2015-09-04 13:30:00+00:00,-0.01655393572034348
2015-09-08 13:30:00+00:00,0.02365863876656048
2015-09-09 13:30:00+00:00,-0.015335877300729616
2015-09-10 13:30:00+00:00,0.004688785812244178
2015-09-11 13:30:00+00:00,0.006188238540921087
2015-09-14 13:30:00+00:00,-0.004956853507842929
2015-09-15 13:30:00+00:00,0.013162229161334017
2015-09-16 13:30:00+00:00,0.008360457875438588
2015-09-17 13:30:00+00:00,-0.0038841761692117835
2015-09-18 13:30:00+00:00,-0.017501179998704496
2015-09-21 13:30:00+00:00,0.0062445819681917645
2015-09-22 13:30:00+00:00,-0.009020039153890946
2015-09-23 13:30:00+00:00,-0.003340099117496009
2015-09-24 13:30:00+00:00,-0.0035317315842748995
2015-09-25 13:30:00+00:00,0.006663291195994281
2015-09-28 13:30:00+00:00,-0.0191869342890998
2015-09-29 13:30:00+00:00,0.0028603067338419555
2015-09-30 13:30:00+00:00,0.014075685496990998
2015-10-01 13:30:00+00:00,-0.0005060756694924673
2015-10-02 13:30:00+00:00,0.013069876255131996
2015-10-05 13:30:00+00:00,0.01652394995901928
2015-10-06 13:30:00+00:00,0.000863986112265891
2015-10-07 13:30:00+00:00,0.006259206798866923
2015-10-08 13:30:00+00:00,0.008571237854472658
2015-10-09 13:30:00+00:00,0.0016473658099673716
2015-10-12 13:30:00+00:00,0.0028018542139542804
2015-10-13 13:30:00+00:00,-0.0019500051014946895
2015-10-14 13:30:00+00:00,-0.009136205546144593
2015-10-15 13:30:00+00:00,0.01151949005552021
2015-10-16 13:30:00+00:00,0.004229820649875193
2015-10-19 13:30:00+00:00,0.0011266167666981076
2015-10-20 13:30:00+00:00,-0.0007594507615199641
2015-10-21 13:30:00+00:00,-0.0034275598786168812
2015-10-22 13:30:00+00:00,0.017843160155655447
2015-10-23 13:30:00+00:00,0.006838036228375965
2015-10-26 13:30:00+00:00,-0.001602559596661568
2015-10-27 13:30:00+00:00,-0.0016594927633324485
2015-10-28 13:30:00+00:00,0.010864546718071234
2015-10-29 13:30:00+00:00,-0.0009833930028416815
2015-10-30 13:30:00+00:00,-0.005340899097925578
2015-11-02 14:30:00+00:00,0.008735171728511338
2015-11-03 14:30:00+00:00,0.005422535960438057
2015-11-04 14:30:00+00:00,-0.0035579727874186615
2015-11-05 14:30:00+00:00,-0.0005375918024760451
2015-11-06 14:30:00+00:00,0.0029864572281850135
2015-11-09 14:30:00+00:00,-0.009613486832091744
2015-11-10 14:30:00+00:00,0.0018228067314214225
2015-11-11 14:30:00+00:00,-0.0038862234094937495
2015-11-12 14:30:00+00:00,-0.013883650472695252
2015-11-13 14:30:00+00:00,-0.011224891587940943
2015-11-16 14:30:00+00:00,0.01458782366812671
2015-11-17 14:30:00+00:00,4.3521874911733955e-05
2015-11-18 14:30:00+00:00,0.01429307211302765
2015-11-19 14:30:00+00:00,-0.0004991063101405068
2015-11-20 14:30:00+00:00,0.00503516216463894
2015-11-23 14:30:00+00:00,-0.0018353212163291332
2015-11-24 14:30:00+00:00,0.002223408583269293
2015-11-25 14:30:00+00:00,-0.0005163627605761056
2015-11-27 14:30:00+00:00,0.0003128690538189872
2015-11-30 14:30:00+00:00,-0.004757679482754529
2015-12-01 14:30:00+00:00,0.009416453959698135
2015-12-02 14:30:00+00:00,-0.008681319171950485
2015-12-03 14:30:00+00:00,-0.014974691810062956
2015-12-04 14:30:00+00:00,0.02077501335026687
2015-12-07 14:30:00+00:00,-0.006543110681740638
2015-12-08 14:30:00+00:00,-0.007781332432671218
2015-12-09 14:30:00+00:00,-0.003852035086923122
2015-12-10 14:30:00+00:00,0.004563538883423523
2015-12-11 14:30:00+00:00,-0.017712714974608478
2015-12-14 14:30:00+00:00,0.005189694185315552
2015-12-15 14:30:00+00:00,0.008540734757534574
2015-12-16 14:30:00+00:00,0.012348925136993472
2015-12-17 14:30:00+00:00,-0.01478187115926045
2015-12-18 14:30:00+00:00,-0.021048125919624582
2015-12-21 14:30:00+00:00,0.0055356764046980865
2015-12-22 14:30:00+00:00,0.009388988792841325
2015-12-23 14:30:00+00:00,0.00994029274184859
2015-12-24 14:30:00+00:00,-0.002435544651610566
2015-12-28 14:30:00+00:00,-0.0005214626044384274
2015-12-29 14:30:00+00:00,0.009793866524017137
2015-12-30 14:30:00+00:00,-0.006201551599473898
2015-12-31 14:30:00+00:00,-0.009515841014707493
2016-01-04 14:30:00+00:00,-0.01483909416551855
2016-01-05 14:30:00+00:00,0.0005508328473537883
2016-01-06 14:30:00+00:00,-0.014575241746442324
2016-01-07 14:30:00+00:00,-0.022260812504915083
2016-01-08 14:30:00+00:00,-0.010555714626058876
2016-01-11 14:30:00+00:00,0.002336643944276895
2016-01-12 14:30:00+00:00,0.0058145308010959405
2016-01-13 14:30:00+00:00,-0.0228040046043111
2016-01-14 14:30:00+00:00,0.013517173468796873
2016-01-15 14:30:00+00:00,-0.022494680690093426
2016-01-19 14:30:00+00:00,0.00031034113335292056
2016-01-20 14:30:00+00:00,-0.014028556530529711
2016-01-21 14:30:00+00:00,0.007117357329137419
2016-01-22 14:30:00+00:00,0.010729035712362379
2016-01-25 14:30:00+00:00,-0.012609914229959173
2016-01-26 14:30:00+00:00,0.017144544810820495
2016-01-27 14:30:00+00:00,-0.013971227454113954
2016-01-28 14:30:00+00:00,0.006751970838006149
2016-01-29 14:30:00+00:00,0.02327072372370086
2016-02-01 14:30:00+00:00,-0.0003705282446799906
2016-02-02 14:30:00+00:00,-0.01634040637800117
2016-02-03 14:30:00+00:00,0.00919557024638017
2016-02-04 14:30:00+00:00,0.005222223698690731
2016-02-05 14:30:00+00:00,-0.01307235661712659
2016-02-08 14:30:00+00:00,-0.007559971394099152
2016-02-09 14:30:00+00:00,0.00046041841320753073
2016-02-10 14:30:00+00:00,-0.007637606273634756
2016-02-11 14:30:00+00:00,-0.015048000438346209
2016-02-12 14:30:00+00:00,0.01788537846664905
2016-02-16 14:30:00+00:00,0.011392382577041216
2016-02-17 14:30:00+00:00,0.014442477087665207
2016-02-18 14:30:00+00:00,-0.004366628434592024
2016-02-19 14:30:00+00:00,-0.001255977593100599
2016-02-22 14:30:00+00:00,0.012297373123134604
2016-02-23 14:30:00+00:00,-0.01085298782294587
2016-02-24 14:30:00+00:00,0.003928932083784298
2016-02-25 14:30:00+00:00,0.01158830292809342
2016-02-26 14:30:00+00:00,-0.00445169176882011
2016-02-29 14:30:00+00:00,-0.007172822348131891
2016-03-01 14:30:00+00:00,0.01920475814869892
2016-03-02 14:30:00+00:00,0.002757391554902833
2016-03-03 14:30:00+00:00,0.002724928310421582
2016-03-04 14:30:00+00:00,0.003545295441133012
2016-03-07 14:30:00+00:00,0.004764854923363859
2016-03-08 14:30:00+00:00,-0.005177238190444034
2016-03-09 14:30:00+00:00,0.0017380070014381022
2016-03-10 14:30:00+00:00,-0.0007421197969748161
2016-03-11 14:30:00+00:00,0.011555623057563514
2016-03-14 13:30:00+00:00,0.0011576282017449091
2016-03-15 13:30:00+00:00,0.0018967825958422391
2016-03-16 13:30:00+00:00,0.004330309946191313
2016-03-17 13:30:00+00:00,0.00914345329623888
2016-03-18 13:30:00+00:00,0.006810769348338563
2016-03-21 13:30:00+00:00,0.001842609788265992
2016-03-22 13:30:00+00:00,-0.0012441774549107997
2016-03-23 13:30:00+00:00,-0.005002020116438144
2016-03-24 13:30:00+00:00,0.0016386226333258036
2016-03-28 13:30:00+00:00,0.0004312395489178723
2016-03-29 13:30:00+00:00,0.006782440870352058
2016-03-30 13:30:00+00:00,0.003542616824415246
2016-03-31 13:30:00+00:00,-0.0018476207244092601
2016-04-01 13:30:00+00:00,0.007317715575389172
2016-04-04 13:30:00+00:00,-0.0036052112914679688
2016-04-05 13:30:00+00:00,-0.006574138994410184
2016-04-06 13:30:00+00:00,0.006182234615303528
2016-04-07 13:30:00+00:00,-0.008315981493585377
2016-04-08 13:30:00+00:00,0.0011287002300752636
2016-04-11 13:30:00+00:00,-0.0018098539161052307
2016-04-12 13:30:00+00:00,0.008431515387161682
2016-04-13 13:30:00+00:00,0.009291406393629121
2016-04-14 13:30:00+00:00,0.0006916195620316646
2016-04-15 13:30:00+00:00,-0.0016892202361146302
2016-04-18 13:30:00+00:00,0.00627002059656
2016-04-19 13:30:00+00:00,0.00220400680098386
2016-04-20 13:30:00+00:00,0.0019365634022709855
2016-04-21 13:30:00+00:00,-0.006197456974843541
2016-04-22 13:30:00+00:00,0.0009397089770519674
2016-04-25 13:30:00+00:00,-0.0008614509951352489
2016-04-26 13:30:00+00:00,6.34175174241026e-05
2016-04-27 13:30:00+00:00,0.002423327484278415
2016-04-28 13:30:00+00:00,-0.010814734260438118
2016-04-29 13:30:00+00:00,-0.0023146196474633893
2016-05-02 13:30:00+00:00,0.005938134953343155
2016-05-03 13:30:00+00:00,-0.006805921337940457
2016-05-04 13:30:00+00:00,-0.004822845975862145
2016-05-05 13:30:00+00:00,-0.00031339610053450197
2016-05-06 13:30:00+00:00,0.00501776423781729
2016-05-09 13:30:00+00:00,-0.0022381748583438885
2016-05-10 13:30:00+00:00,0.011277746927352828
2016-05-11 13:30:00+00:00,-0.011702757761340232
2016-05-12 13:30:00+00:00,0.0004296593230792457
2016-05-13 13:30:00+00:00,-0.010025901730385877
2016-05-16 13:30:00+00:00,0.01010725667402056
2016-05-17 13:30:00+00:00,-0.009787362492590834
2016-05-18 13:30:00+00:00,0.0013478852271402331
2016-05-19 13:30:00+00:00,-0.004596919345395756
2016-05-20 13:30:00+00:00,0.003548447094212859
2016-05-23 13:30:00+00:00,-0.0009059258307261397
2016-05-24 13:30:00+00:00,0.010220078342590967
2016-05-25 13:30:00+00:00,0.006464382977514382
2016-05-26 13:30:00+00:00,-0.0018486735124846442
2016-05-27 13:30:00+00:00,0.002501193972355809
2016-05-31 13:30:00+00:00,-0.005929627546600325
2016-06-01 13:30:00+00:00,0.0018780360008931907
2016-06-02 13:30:00+00:00,0.002683159497030896
2016-06-03 13:30:00+00:00,0.00030785656616160183
2016-06-06 13:30:00+00:00,0.005209226621998064
2016-06-07 13:30:00+00:00,1.4772993936362861e-05
2016-06-08 13:30:00+00:00,0.0039787972035709605
2016-06-09 13:30:00+00:00,0.0007463550865538405
2016-06-10 13:30:00+00:00,-0.004196170621587514
2016-06-13 13:30:00+00:00,-0.005597295715207074
2016-06-14 13:30:00+00:00,-0.002129794283448183
2016-06-15 13:30:00+00:00,-0.003685727652169246
2016-06-16 13:30:00+00:00,0.007334804404892858
2016-06-17 13:30:00+00:00,-0.0033864068489956154
2016-06-20 13:30:00+00:00,0.0037338220494760213
2016-06-21 13:30:00+00:00,3.464666971896299e-05
2016-06-22 13:30:00+00:00,-0.003007015269004054
2016-06-23 13:30:00+00:00,0.009256641678845313
2016-06-24 13:30:00+00:00,-0.03051689906324907
2016-06-27 13:30:00+00:00,-0.012486522059521953
2016-06-28 13:30:00+00:00,0.012651857884886198
2016-06-29 13:30:00+00:00,0.013572083479440823
2016-06-30 13:30:00+00:00,0.012164066787129214
2016-07-01 13:30:00+00:00,0.0013019509848908207
2016-07-05 13:30:00+00:00,-0.003665040026931143
2016-07-06 13:30:00+00:00,0.006141674595623303
2016-07-07 13:30:00+00:00,-0.0016821800326918379
2016-07-08 13:30:00+00:00,0.009666700556934183
2016-07-11 13:30:00+00:00,0.0035010398439438875
2016-07-12 13:30:00+00:00,0.004749674322622732
2016-07-13 13:30:00+00:00,0.0007356500615884776
2016-07-14 13:30:00+00:00,0.004902056613183425
2016-07-15 13:30:00+00:00,0.00031439144447874555
2016-07-18 13:30:00+00:00,0.0005208983327486983
2016-07-19 13:30:00+00:00,0.0029206055841301984
2016-07-20 13:30:00+00:00,0.0005635246031727604
2016-07-21 13:30:00+00:00,-0.0040123518868340315
2016-07-22 13:30:00+00:00,0.0024209911259214126
2016-07-25 13:30:00+00:00,-0.0034107720408396267
2016-07-26 13:30:00+00:00,-0.0013768918890809778
2016-07-27 13:30:00+00:00,-0.00015952435074585426
2016-07-28 13:30:00+00:00,-0.00035243235928928963
2016-07-29 13:30:00+00:00,-0.0006573694449709788
2016-08-01 13:30:00+00:00,-0.0017268536914481047
2016-08-02 13:30:00+00:00,-0.004848662856400521
2016-08-03 13:30:00+00:00,0.002189069981465053
2016-08-04 13:30:00+00:00,-6.615556604706577e-05
2016-08-05 13:30:00+00:00,0.0075471248750562546
2016-08-08 13:30:00+00:00,-0.0007796266224874393
2016-08-09 13:30:00+00:00,-0.0003697155196628165
2016-08-10 13:30:00+00:00,-0.0025712326816203055
2016-08-11 13:30:00+00:00,0.004999575828096947
2016-08-12 13:30:00+00:00,-0.0011314071891601718
2016-08-15 13:30:00+00:00,0.0024532295832519926
2016-08-16 13:30:00+00:00,-0.0034555025940615877
2016-08-17 13:30:00+00:00,0.0018878853523183082
2016-08-18 13:30:00+00:00,0.0015782964312900272
2016-08-19 13:30:00+00:00,-0.0018540657154083706
2016-08-22 13:30:00+00:00,-0.00044740515639031243
2016-08-23 13:30:00+00:00,-0.0012653154413919787
2016-08-24 13:30:00+00:00,-0.00312195718138909
2016-08-25 13:30:00+00:00,-0.001334395586036552
2016-08-26 13:30:00+00:00,-0.004026783934345646
2016-08-29 13:30:00+00:00,0.004335149548861927
2016-08-30 13:30:00+00:00,-0.002099781358083208
2016-08-31 13:30:00+00:00,-0.002042775056967494
2016-09-01 13:30:00+00:00,0.001135581870092206
2016-09-02 13:30:00+00:00,0.0013053481073810214
2016-09-06 13:30:00+00:00,0.0023180923494561137
2016-09-07 13:30:00+00:00,-0.000184754803510112
2016-09-08 13:30:00+00:00,-0.0004667123252213411
2016-09-09 13:30:00+00:00,-0.017417852664801347
2016-09-12 13:30:00+00:00,0.016324756105144268
2016-09-13 13:30:00+00:00,-0.010845241160214358
2016-09-14 13:30:00+00:00,-0.002236903614343266
2016-09-15 13:30:00+00:00,0.010306171840749102
2016-09-16 13:30:00+00:00,-0.005227577243875248
2016-09-19 13:30:00+00:00,-0.0020086055399371025
2016-09-20 13:30:00+00:00,-0.002597801367407626
2016-09-21 13:30:00+00:00,0.0069871763332136514
2016-09-22 13:30:00+00:00,0.0025549176666750275
2016-09-23 13:30:00+00:00,-0.006407225857904331
2016-09-26 13:30:00+00:00,-0.006847793860579665
2016-09-27 13:30:00+00:00,0.007032346498185615
2016-09-28 13:30:00+00:00,0.005328636684918775
2016-09-29 13:30:00+00:00,-0.00989276359444281
2016-09-30 13:30:00+00:00,0.006849235166260115
2016-10-03 13:30:00+00:00,-0.0015086741805215964
2016-10-04 13:30:00+00:00,-0.0055320236859582985
2016-10-05 13:30:00+00:00,0.0040487076364286055
2016-10-06 13:30:00+00:00,-0.0007520595219333681
2016-10-07 13:30:00+00:00,-0.003098542043268104
2016-10-10 13:30:00+00:00,0.0024209195299154
2016-10-11 13:30:00+00:00,-0.009918948665637705
2016-10-12 13:30:00+00:00,0.0005379857101110886
2016-10-13 13:30:00+00:00,0.00048707168170069047
2016-10-14 13:30:00+00:00,-0.002243808136908065
2016-10-17 13:30:00+00:00,-0.002826600617841357
2016-10-18 13:30:00+00:00,0.000830220442439289
2016-10-19 13:30:00+00:00,0.0012427175649418643
2016-10-20 13:30:00+00:00,-7.354519260772677e-05
2016-10-21 13:30:00+00:00,-0.00048120765681881607
2016-10-24 13:30:00+00:00,0.0013226780134585226
2016-10-25 13:30:00+00:00,-0.0021459703973657593
2016-10-26 13:30:00+00:00,0.0051767536513071975
2016-10-27 13:30:00+00:00,-0.0036717870063729505
2016-10-28 13:30:00+00:00,-0.0018917987980959893
2016-10-31 13:30:00+00:00,-0.001980422534166981
2016-11-01 13:30:00+00:00,-0.006771385742031966
2016-11-02 13:30:00+00:00,-0.0033234975267946274
2016-11-03 13:30:00+00:00,-0.0027742725787387565
2016-11-04 13:30:00+00:00,-0.002335025162553028
2016-11-07 14:30:00+00:00,0.01462432764269227
2016-11-08 14:30:00+00:00,0.004357710659092839
2016-11-09 14:30:00+00:00,0.014772840751609218
2016-11-10 14:30:00+00:00,0.010905681164386827
2016-11-11 14:30:00+00:00,0.0034145881353402244
2016-11-14 14:30:00+00:00,-0.000528043480195206
2016-11-15 14:30:00+00:00,0.00333879966079097
2016-11-16 14:30:00+00:00,-0.0023056750971896076
2016-11-17 14:30:00+00:00,0.0018929592665461903
2016-11-18 14:30:00+00:00,-0.0020782987374695747
2016-11-21 14:30:00+00:00,0.0029695141980403575
2016-11-22 14:30:00+00:00,0.002719051894193736
2016-11-23 14:30:00+00:00,0.0034581544926399646
2016-11-25 14:30:00+00:00,0.002959640537500741
2016-11-28 14:30:00+00:00,-0.0013676527618099565
2016-11-29 14:30:00+00:00,0.002917681740151712
2016-11-30 14:30:00+00:00,-0.0007302661672713539
2016-12-01 14:30:00+00:00,0.0021314493813484495
2016-12-02 14:30:00+00:00,0.0003785659534216613
2016-12-05 14:30:00+00:00,-0.0015606560143921588
2016-12-06 14:30:00+00:00,0.0015581316127868284
2016-12-07 14:30:00+00:00,0.015887374616812434
2016-12-08 14:30:00+00:00,0.0027052793251991394
2016-12-09 14:30:00+00:00,0.006292836075827857
2016-12-12 14:30:00+00:00,0.0012267680542703441
2016-12-13 14:30:00+00:00,0.0028719611677383463
2016-12-14 14:30:00+00:00,-0.004306128601762949
2016-12-15 14:30:00+00:00,0.001956393224894704
2016-12-16 14:30:00+00:00,-0.0033949709778266055
2016-12-19 14:30:00+00:00,0.0022391231315912366
2016-12-20 14:30:00+00:00,0.002612233789199381
2016-12-21 14:30:00+00:00,-0.0014525867720749485
2016-12-22 14:30:00+00:00,-0.0002906785725910298
2016-12-23 14:30:00+00:00,0.0011658429024503536
2016-12-27 14:30:00+00:00,-2.087005334995276e-05
2016-12-28 14:30:00+00:00,-0.00664321916443279
2016-12-29 14:30:00+00:00,-0.0008905861464178044
2016-12-30 14:30:00+00:00,-0.0036581963336160925
2017-01-03 14:30:00+00:00,0.00034786663343465706
2017-01-04 14:30:00+00:00,0.0024750771222097237
2017-01-05 14:30:00+00:00,-0.0013683584320740682
2017-01-06 14:30:00+00:00,0.002755274791991436
2017-01-09 14:30:00+00:00,-0.0023090407316811554
2017-01-10 14:30:00+00:00,-0.0011474917632853354
2017-01-11 14:30:00+00:00,0.003263863646653309
2017-01-12 14:30:00+00:00,-0.0018670663835910317
2017-01-13 14:30:00+00:00,-0.0014463171957054377
2017-01-17 14:30:00+00:00,-0.0012109366150144906
2017-01-18 14:30:00+00:00,-0.0010085411141210864
2017-01-19 14:30:00+00:00,-0.00419570154895178
2017-01-20 14:30:00+00:00,0.0015261356235196533
2017-01-23 14:30:00+00:00,0.00015565045725017833
2017-01-24 14:30:00+00:00,0.005862776456268415
2017-01-25 14:30:00+00:00,0.003602486643286429
2017-01-26 14:30:00+00:00,0.0011283248241080624
2017-01-27 14:30:00+00:00,-0.0005765411564453537
2017-01-30 14:30:00+00:00,-0.0029703067768358624
2017-01-31 14:30:00+00:00,-0.0025642152282694505
2017-02-01 14:30:00+00:00,-0.0017498397067500337
2017-02-02 14:30:00+00:00,0.0012379926373031647
2017-02-03 14:30:00+00:00,0.0052721131446544665
2017-02-06 14:30:00+00:00,0.0012388130354958782
2017-02-07 14:30:00+00:00,-0.0009618662410402323
2017-02-08 14:30:00+00:00,0.00015191822185099967
2017-02-09 14:30:00+00:00,0.005416469381711131
2017-02-10 14:30:00+00:00,0.0027765528137879583
2017-02-13 14:30:00+00:00,0.003519782793826243
2017-02-14 14:30:00+00:00,0.006289910810430832
2017-02-15 14:30:00+00:00,0.005147192229209885
2017-02-16 14:30:00+00:00,-0.0004655840448935077
2017-02-17 14:30:00+00:00,0.0028138076529835468
2017-02-21 14:30:00+00:00,0.0037507795512829903
2017-02-22 14:30:00+00:00,0.002805540014463082
2017-02-23 14:30:00+00:00,-0.0004310061573900125
2017-02-24 14:30:00+00:00,0.003265936381233059
2017-02-27 14:30:00+00:00,0.0012806004471534905
2017-02-28 14:30:00+00:00,-0.0011387227010689726
2017-03-01 14:30:00+00:00,0.0074516312380872194
2017-03-02 14:30:00+00:00,-0.006060527646417524
2017-03-03 14:30:00+00:00,-0.00024465698815968596
2017-03-06 14:30:00+00:00,-0.0001654281667699097
2017-03-07 14:30:00+00:00,-0.0005839222500117036
2017-03-08 14:30:00+00:00,-0.004145234321114477
2017-03-09 14:30:00+00:00,-0.0003938441934926539
2017-03-10 14:30:00+00:00,-0.0008662550500521226
2017-03-13 13:30:00+00:00,-0.0009516479382932874
2017-03-14 13:30:00+00:00,-0.0006386677743549618
2017-03-15 13:30:00+00:00,0.0035081968306738156
2017-03-16 13:30:00+00:00,-0.0017556966826268838
2017-03-17 13:30:00+00:00,-0.0025206585469397355
2017-03-20 13:30:00+00:00,-0.0005977061628722579
2017-03-21 13:30:00+00:00,-0.013858149037791711
2017-03-22 13:30:00+00:00,0.000911648961311673
2017-03-23 13:30:00+00:00,0.00045750672924714807
2017-03-24 13:30:00+00:00,-0.0038596414203144855
2017-03-27 13:30:00+00:00,0.0029569011447529883
2017-03-28 13:30:00+00:00,0.007657681047420028
2017-03-29 13:30:00+00:00,-0.0008946356238588415
2017-03-30 13:30:00+00:00,0.0030796855534007575
2017-03-31 13:30:00+00:00,-0.00189316575984656
2017-04-03 13:30:00+00:00,-0.0008238742498393292
2017-04-04 13:30:00+00:00,0.0025314969992207173
2017-04-05 13:30:00+00:00,-0.004771481002960887
2017-04-06 13:30:00+00:00,0.00034445579225182997
2017-04-07 13:30:00+00:00,0.0003014499494355839
2017-04-10 13:30:00+00:00,-0.0005935679767275048
2017-04-11 13:30:00+00:00,0.00023813022876683086
2017-04-12 13:30:00+00:00,-0.0023332569608285445
2017-04-13 13:30:00+00:00,-0.00537385910443845
2017-04-17 13:30:00+00:00,0.007328449059666331
2017-04-18 13:30:00+00:00,-0.001953538450782732
2017-04-19 13:30:00+00:00,-0.004929868195265985
2017-04-20 13:30:00+00:00,0.008330144081958524
2017-04-21 13:30:00+00:00,-0.0015743753954897799
2017-04-24 13:30:00+00:00,0.001844681474293608
2017-04-25 13:30:00+00:00,0.0037540478287782955
2017-04-26 13:30:00+00:00,-0.0017591841625628323
2017-04-27 13:30:00+00:00,-0.0005663430489065812
2017-04-28 13:30:00+00:00,-0.002333763130093713
2017-05-01 13:30:00+00:00,-0.0024503393951207483
2017-05-02 13:30:00+00:00,0.00031550514093180447
2017-05-03 13:30:00+00:00,0.0019511781317236188
2017-05-04 13:30:00+00:00,-0.0018324027717328106
2017-05-05 13:30:00+00:00,0.0036221197969179444
2017-05-08 13:30:00+00:00,0.0009013468217100474
2017-05-09 13:30:00+00:00,-0.0023119390263696246
2017-05-10 13:30:00+00:00,-0.0008338724880943115
2017-05-11 13:30:00+00:00,-0.0004011022339153291
2017-05-12 13:30:00+00:00,6.368596487725817e-05
2017-05-15 13:30:00+00:00,0.0026867340110272478
2017-05-16 13:30:00+00:00,-0.0003254270129320446
2017-05-17 13:30:00+00:00,-0.011576459957469375
2017-05-18 13:30:00+00:00,0.003951047468861757
2017-05-19 13:30:00+00:00,0.005048280460738119
2017-05-22 13:30:00+00:00,0.0011967627821687255
2017-05-23 13:30:00+00:00,0.001298474148965656
2017-05-24 13:30:00+00:00,0.002917248934271466
2017-05-25 13:30:00+00:00,0.0008489777486324513
2017-05-26 13:30:00+00:00,0.0003807230163152987
2017-05-30 13:30:00+00:00,-0.0008611859392010479
2017-05-31 13:30:00+00:00,-0.0019913756684258985
2017-06-01 13:30:00+00:00,0.005303039959909428
2017-06-02 13:30:00+00:00,0.002936559735790645
2017-06-05 13:30:00+00:00,-0.0006185288598124061
2017-06-06 13:30:00+00:00,-0.0005374457233861096
2017-06-07 13:30:00+00:00,9.369138530565611e-08
2017-06-08 13:30:00+00:00,0.000503196795399441
2017-06-09 13:30:00+00:00,0.002870902997590619
2017-06-12 13:30:00+00:00,-0.0012420204547613056
2017-06-13 13:30:00+00:00,0.003270240282144499
2017-06-14 13:30:00+00:00,0.0013922944638227075
2017-06-15 13:30:00+00:00,0.0031036413855354164
2017-06-16 13:30:00+00:00,0.002166112144310606
2017-06-19 13:30:00+00:00,0.0038282451124400543
2017-06-20 13:30:00+00:00,-0.002614230121391625
2017-06-21 13:30:00+00:00,-0.0027255614700014805
2017-06-22 13:30:00+00:00,-0.0005994121825553366
2017-06-23 13:30:00+00:00,0.0005472987972721
2017-06-26 13:30:00+00:00,-0.0012723481113951051
2017-06-27 13:30:00+00:00,-0.0047951757208578695
2017-06-28 13:30:00+00:00,0.003748428643597135
2017-06-29 13:30:00+00:00,-0.00942415001210285
2017-06-30 13:30:00+00:00,-5.169472382872123e-05
2017-07-03 13:30:00+00:00,0.003965422924317996
2017-07-05 13:30:00+00:00,-0.0007820952008977921
2017-07-06 13:30:00+00:00,-0.004949279591344846
2017-07-07 13:30:00+00:00,0.0026946915129217766
2017-07-10 13:30:00+00:00,0.0011763092629251016
2017-07-11 13:30:00+00:00,-0.00015135920821797145
2017-07-12 13:30:00+00:00,0.002891016760101717
2017-07-13 13:30:00+00:00,0.000638276025272766
2017-07-14 13:30:00+00:00,0.004774928093790087
2017-07-17 13:30:00+00:00,-0.00029645029839043814
2017-07-18 13:30:00+00:00,-0.0008044477548453499
2017-07-19 13:30:00+00:00,0.0032149043198070773
2017-07-20 13:30:00+00:00,-0.0014751224226269399
2017-07-21 13:30:00+00:00,-0.0006395767565349319
2017-07-24 13:30:00+00:00,-0.00309425506726525
2017-07-25 13:30:00+00:00,-0.0012613923819266959
2017-07-26 13:30:00+00:00,0.0008510624264157385
2017-07-27 13:30:00+00:00,0.003543658393108318
2017-07-28 13:30:00+00:00,0.0018644641223537373
2017-07-31 13:30:00+00:00,0.001168262370672346
2017-08-01 13:30:00+00:00,1.3835990973809582e-05
2017-08-02 13:30:00+00:00,0.00043993207311897607
2017-08-03 13:30:00+00:00,0.0007415069346223713
2017-08-04 13:30:00+00:00,0.0014604004145248762
2017-08-07 13:30:00+00:00,0.0007244587727308516
2017-08-08 13:30:00+00:00,-0.0005435717978147347
2017-08-09 13:30:00+00:00,0.001096937981478019
2017-08-10 13:30:00+00:00,-0.006657583533354783
2017-08-11 13:30:00+00:00,-0.0012424226142556782
2017-08-14 13:30:00+00:00,0.002090426487037156
2017-08-15 13:30:00+00:00,-0.0015035428041102583
2017-08-16 13:30:00+00:00,-0.0004204688365997521
2017-08-17 13:30:00+00:00,-0.010744190612682624
2017-08-18 13:30:00+00:00,-0.0024185901030275955
2017-08-21 13:30:00+00:00,0.0013946282067274108
2017-08-22 13:30:00+00:00,0.007264901268708701
2017-08-23 13:30:00+00:00,-0.0018473325647262561
2017-08-24 13:30:00+00:00,-0.002687008136001101
2017-08-25 13:30:00+00:00,-0.00034795528641119446
2017-08-28 13:30:00+00:00,-0.0012038410340089567
2017-08-29 13:30:00+00:00,0.00668557604866925
2017-08-30 13:30:00+00:00,0.0013945233719527717
2017-08-31 13:30:00+00:00,0.0004511414281436089
2017-09-01 13:30:00+00:00,0.00016344628974328544
2017-09-05 13:30:00+00:00,-0.007358849681165192
2017-09-06 13:30:00+00:00,-0.00047216859335764684
2017-09-07 13:30:00+00:00,-0.001731573835921607
2017-09-08 13:30:00+00:00,0.0014327474911579486
2017-09-11 13:30:00+00:00,0.005809400065627235
2017-09-12 13:30:00+00:00,0.0011810371228448858
2017-09-13 13:30:00+00:00,0.0023751309470718576
2017-09-14 13:30:00+00:00,0.0025425664698692676
2017-09-15 13:30:00+00:00,0.0006145459561184175
2017-09-18 13:30:00+00:00,0.0013992289692099536
2017-09-19 13:30:00+00:00,0.0008441542050954154
2017-09-20 13:30:00+00:00,0.002638487825879821
2017-09-21 13:30:00+00:00,-0.0025444104023203515
2017-09-22 13:30:00+00:00,0.0005948814538885184
2017-09-25 13:30:00+00:00,-0.0011923093737259526
2017-09-26 13:30:00+00:00,-0.0017893170362553
2017-09-27 13:30:00+00:00,0.00033801355952832744
2017-09-28 13:30:00+00:00,0.003233917923996177
2017-09-29 13:30:00+00:00,0.0019850773402174562
2017-10-02 13:30:00+00:00,0.005881630052983133
2017-10-03 13:30:00+00:00,0.0033222285851690517
2017-10-04 13:30:00+00:00,0.0006052431294856109
2017-10-05 13:30:00+00:00,0.004589671857376565
2017-10-06 13:30:00+00:00,0.0004114054132948631
2017-10-09 13:30:00+00:00,-0.0009191561474178988
2017-10-10 13:30:00+00:00,0.0019153788035228714
2017-10-11 13:30:00+00:00,0.0018818173837802266
2017-10-12 13:30:00+00:00,-0.000705553919038826
2017-10-13 13:30:00+00:00,-0.00030584437516368847
2017-10-16 13:30:00+00:00,0.0026974157880930052
2017-10-17 13:30:00+00:00,0.0018618548365274435
2017-10-18 13:30:00+00:00,0.0029522956892837795
2017-10-19 13:30:00+00:00,0.0023047789604029203
2017-10-20 13:30:00+00:00,0.005219983449276977
2017-10-23 13:30:00+00:00,-0.003311634088860049
2017-10-24 13:30:00+00:00,0.00396824716772447
2017-10-25 13:30:00+00:00,-0.004437352932693772
2017-10-26 13:30:00+00:00,0.0007540628464617228
2017-10-27 13:30:00+00:00,0.0005417521710737617
2017-10-30 13:30:00+00:00,-0.002535716250280384
2017-10-31 13:30:00+00:00,0.00024316639617038015
2017-11-01 13:30:00+00:00,-0.0004365891109257113
2017-11-02 13:30:00+00:00,0.0021596849676510546
2017-11-03 13:30:00+00:00,-0.0005416378669015453
2017-11-06 14:30:00+00:00,0.0005143880502478271
2017-11-07 14:30:00+00:00,-0.0008125989330651894
2017-11-08 14:30:00+00:00,0.0007817958071518639
2017-11-09 14:30:00+00:00,-0.0013834273504628291
2017-11-10 14:30:00+00:00,-0.0005480915600421076
2017-11-13 14:30:00+00:00,0.002990985607412833
2017-11-14 14:30:00+00:00,0.0008008872837856785
2017-11-15 14:30:00+00:00,-0.0028131630467444044
2017-11-16 14:30:00+00:00,0.0038810904473054355
2017-11-17 14:30:00+00:00,-0.0033230963428345747
2017-11-20 14:30:00+00:00,0.0024510195553930528
2017-11-21 14:30:00+00:00,0.003758685412335694
2017-11-22 14:30:00+00:00,-0.003111392271689561
2017-11-24 14:30:00+00:00,0.00012248927938361974
2017-11-27 14:30:00+00:00,0.0010854153854726767
2017-11-28 14:30:00+00:00,0.008853218546445153
2017-11-29 14:30:00+00:00,0.0023041911547452168
2017-11-30 14:30:00+00:00,0.01066667664899067
2017-12-01 14:30:00+00:00,-0.0031367961724041546
2017-12-04 14:30:00+00:00,-0.005588781256737241
2017-12-05 14:30:00+00:00,-0.00644350025382191
2017-12-06 14:30:00+00:00,-0.0013820768691823581
2017-12-07 14:30:00+00:00,0.003834255281085264
2017-12-08 14:30:00+00:00,0.002616056756659091
2017-12-11 14:30:00+00:00,0.0018689254056940441
2017-12-12 14:30:00+00:00,0.0020199822746413856
2017-12-13 14:30:00+00:00,0.002356259695369001
2017-12-14 14:30:00+00:00,-0.005067299779392365
2017-12-15 14:30:00+00:00,0.0025856777517174637
2017-12-18 14:30:00+00:00,0.0020277124860510367
2017-12-19 14:30:00+00:00,-0.003306476530496549
2017-12-20 14:30:00+00:00,-0.004586635398536554
2017-12-21 14:30:00+00:00,6.261419942775745e-05
2017-12-22 14:30:00+00:00,-0.0005029437847281603
2017-12-26 14:30:00+00:00,0.0011288109140534686
2017-12-27 14:30:00+00:00,0.00021418423530138463
2017-12-28 14:30:00+00:00,0.001121371810048888
2017-12-29 14:30:00+00:00,-0.005347971568994148
2018-01-02 14:30:00+00:00,0.000490912558403378
2018-01-03 14:30:00+00:00,0.002806606158873837
2018-01-04 14:30:00+00:00,0.004317068116371103
2018-01-05 14:30:00+00:00,0.007104849520240586
2018-01-08 14:30:00+00:00,-0.0011036347707857996
2018-01-09 14:30:00+00:00,0.002813631954888141
2018-01-10 14:30:00+00:00,0.0007284634522561784
2018-01-11 14:30:00+00:00,0.006834668134615851
2018-01-12 14:30:00+00:00,0.006327814855286096
2018-01-16 14:30:00+00:00,-0.007594328917593829
2018-01-17 14:30:00+00:00,0.007806790120153051
2018-01-18 14:30:00+00:00,-0.005137954016000268
2018-01-19 14:30:00+00:00,0.003146621722423182
2018-01-22 14:30:00+00:00,0.00717289019317423
2018-01-23 14:30:00+00:00,-0.00025482029409452646
2018-01-24 14:30:00+00:00,-0.0012396047388533282
2018-01-25 14:30:00+00:00,0.002929997802154849
2018-01-26 14:30:00+00:00,0.005566383611919734
2018-01-29 14:30:00+00:00,-0.005546784037588026
2018-01-30 14:30:00+00:00,-0.004739915620005542
2018-01-31 14:30:00+00:00,-0.004621795664801376
2018-02-01 14:30:00+00:00,0.003874685417277524
2018-02-02 14:30:00+00:00,-0.020851765111098663
2018-02-05 14:30:00+00:00,-0.03925558704320188
2018-02-06 14:30:00+00:00,0.03426137723169419
2018-02-07 14:30:00+00:00,-8.069853871451862e-05
2018-02-08 14:30:00+00:00,-0.04193709179733486
2018-02-09 14:30:00+00:00,0.008162126282547078
2018-02-12 14:30:00+00:00,0.010727198894336477
2018-02-13 14:30:00+00:00,0.003979779705744357
2018-02-14 14:30:00+00:00,0.01447745929500387
2018-02-15 14:30:00+00:00,0.005990303516305129
2018-02-16 14:30:00+00:00,0.00202356094830235
2018-02-20 14:30:00+00:00,-0.006474556376678609
2018-02-21 14:30:00+00:00,-0.007714886703313895
2018-02-22 14:30:00+00:00,0.004207726640876863
2018-02-23 14:30:00+00:00,0.010258290956061334
2018-02-26 14:30:00+00:00,0.011942503314684928
2018-02-27 14:30:00+00:00,-0.012757475658394146
2018-02-28 14:30:00+00:00,-0.017990856631661344
2018-03-01 14:30:00+00:00,-0.016686394894659073
2018-03-02 14:30:00+00:00,0.005768043362657227
2018-03-05 14:30:00+00:00,0.016386620852495416
2018-03-06 14:30:00+00:00,-0.0033753281508458574
2018-03-07 14:30:00+00:00,0.001645242826837412
2018-03-08 14:30:00+00:00,0.0015818931883875176
2018-03-09 14:30:00+00:00,0.0131313959831607
2018-03-12 13:30:00+00:00,-0.007739394646427156
2018-03-13 13:30:00+00:00,-0.010026486053785432
2018-03-14 13:30:00+00:00,-0.013208460419218204
2018-03-15 13:30:00+00:00,0.0013643745401712315
2018-03-16 13:30:00+00:00,0.002680438837489907
2018-03-19 13:30:00+00:00,-0.011459477164181508
2018-03-20 13:30:00+00:00,0.0030085969494961676
2018-03-21 13:30:00+00:00,-0.0017656097949611093
2018-03-22 13:30:00+00:00,-0.02326394497327734
2018-03-23 13:30:00+00:00,-0.019353053103439054
2018-03-26 13:30:00+00:00,0.01571732073349307
2018-03-27 13:30:00+00:00,-0.017355623639289674
2018-03-28 13:30:00+00:00,-0.0015512431452150532
2018-03-29 13:30:00+00:00,0.006327346970065084
2018-04-02 13:30:00+00:00,-0.018059768541469078
2018-04-03 13:30:00+00:00,0.014037253374838066
2018-04-04 13:30:00+00:00,0.025694644092007824
2018-04-05 13:30:00+00:00,0.007768357892480748
2018-04-06 13:30:00+00:00,-0.018186776299567897
2018-04-09 13:30:00+00:00,-0.0025303639898888283
2018-04-10 13:30:00+00:00,0.008538837139590461
2018-04-11 13:30:00+00:00,-0.0035909604103832146
2018-04-12 13:30:00+00:00,0.0073160309969169
2018-04-13 13:30:00+00:00,-0.009158345815055712
2018-04-16 13:30:00+00:00,0.0035714503828485514
2018-04-17 13:30:00+00:00,0.004147738954802571
2018-04-18 13:30:00+00:00,-0.003032183951008249
2018-04-19 13:30:00+00:00,-0.0019780944257379415
2018-04-20 13:30:00+00:00,-0.007986121237737464
2018-04-23 13:30:00+00:00,-0.0017081650727250985
2018-04-24 13:30:00+00:00,-0.022712284900455192
2018-04-25 13:30:00+00:00,0.0004662960763690439
2018-04-26 13:30:00+00:00,0.007924426284644504
2018-04-27 13:30:00+00:00,-0.0013715057542315167
2018-04-30 13:30:00+00:00,-0.010229275339590848
2018-05-01 13:30:00+00:00,-0.0008562326430111677
2018-05-02 13:30:00+00:00,-0.007264620938569622
2018-05-03 13:30:00+00:00,0.003840217057312401
2018-05-04 13:30:00+00:00,0.016547198341139813
2018-05-07 13:30:00+00:00,0.0015309199156157028
2018-05-08 13:30:00+00:00,0.0006748678042789336
2018-05-09 13:30:00+00:00,0.0057755817546376485
2018-05-10 13:30:00+00:00,0.005912979184222278
2018-05-11 13:30:00+00:00,0.002829453921705294
2018-05-14 13:30:00+00:00,0.0007055274839053883
2018-05-15 13:30:00+00:00,-0.004257295144495255
2018-05-16 13:30:00+00:00,0.0017853155533475884
2018-05-17 13:30:00+00:00,-0.001652169537850201
2018-05-18 13:30:00+00:00,0.00019825254678672587
2018-05-21 13:30:00+00:00,0.005133621297495716
2018-05-22 13:30:00+00:00,-0.008609439779619154
2018-05-23 13:30:00+00:00,0.005114521233441571
2018-05-24 13:30:00+00:00,-0.002736920116245278
2018-05-25 13:30:00+00:00,-0.0012379238052903196
2018-05-29 13:30:00+00:00,-0.010062397331634509
2018-05-30 13:30:00+00:00,0.008071922810954913
2018-05-31 13:30:00+00:00,-0.008424234378911832
2018-06-01 13:30:00+00:00,0.0036943424680972894
2018-06-04 13:30:00+00:00,0.003383510058760686
2018-06-05 13:30:00+00:00,-0.0009113849801001383
2018-06-06 13:30:00+00:00,0.011658604105829962
2018-06-07 13:30:00+00:00,0.0018557500882281253
2018-06-08 13:30:00+00:00,0.0041539967751222815
2018-06-11 13:30:00+00:00,-0.0006667427899671563
2018-06-12 13:30:00+00:00,-0.0011293142661816912
2018-06-13 13:30:00+00:00,-0.005131897472207003
2018-06-14 13:30:00+00:00,-0.0032415934302322366
2018-06-15 13:30:00+00:00,-0.0011443432985820512
2018-06-18 13:30:00+00:00,0.0016315155004462567
2018-06-19 13:30:00+00:00,-0.0026593585845146148
2018-06-20 13:30:00+00:00,-0.004676656693347614
2018-06-21 13:30:00+00:00,-0.007304440077252406
2018-06-22 13:30:00+00:00,0.002098393047704528
2018-06-25 13:30:00+00:00,-0.008722139120173954
2018-06-26 13:30:00+00:00,-4.980827404167379e-05
2018-06-27 13:30:00+00:00,-0.007733571835908293
2018-06-28 13:30:00+00:00,0.006210677050677782
2018-06-29 13:30:00+00:00,-0.00225917131502763
2018-07-02 13:30:00+00:00,0.005928194193975933
2018-07-03 13:30:00+00:00,-0.007676967558070802
2018-07-05 13:30:00+00:00,0.0028202193280866153
2018-07-06 13:30:00+00:00,0.004171014916431115
2018-07-09 13:30:00+00:00,0.010397513507829793
2018-07-10 13:30:00+00:00,0.004442652727477225
2018-07-11 13:30:00+00:00,-0.0036914931784163382
2018-07-12 13:30:00+00:00,0.00481838585220905
2018-07-13 13:30:00+00:00,0.0036446674337267007
2018-07-16 13:30:00+00:00,0.0014495863334211712
2018-07-17 13:30:00+00:00,0.0033341686556997876
2018-07-18 13:30:00+00:00,0.0025060535415937116
2018-07-19 13:30:00+00:00,-0.0030694874116683588
2018-07-20 13:30:00+00:00,0.0005780248503557295
2018-07-23 13:30:00+00:00,0.00019511128613046723
2018-07-24 13:30:00+00:00,0.005858361445542959
2018-07-25 13:30:00+00:00,0.009048790597588664
2018-07-26 13:30:00+00:00,0.002197717359445617
2018-07-27 13:30:00+00:00,-0.0028216916289634073
2018-07-30 13:30:00+00:00,-0.0053080886103665905
2018-07-31 13:30:00+00:00,0.002661015317551019
2018-08-01 13:30:00+00:00,-0.00511973135895728
2018-08-02 13:30:00+00:00,0.002660124231883321
2018-08-03 13:30:00+00:00,0.003930341077972288
2018-08-06 13:30:00+00:00,0.0024454615814355376
2018-08-07 13:30:00+00:00,0.0029236702695864983
2018-08-08 13:30:00+00:00,-0.0013480891517957505
2018-08-09 13:30:00+00:00,-0.0032480757247840383
2018-08-10 13:30:00+00:00,-0.0035663269721082466
2018-08-13 13:30:00+00:00,-0.005607529156883573
2018-08-14 13:30:00+00:00,0.003240399194976751
2018-08-15 13:30:00+00:00,-0.0029911399697952865
2018-08-16 13:30:00+00:00,0.010327359996602493
2018-08-17 13:30:00+00:00,0.00453858382618576
2018-08-20 13:30:00+00:00,0.0011045474455957272
2018-08-21 13:30:00+00:00,0.001268861887493411
2018-08-22 13:30:00+00:00,-0.0036415575244824858
2018-08-23 13:30:00+00:00,-0.0023507961410930253
2018-08-24 13:30:00+00:00,0.0038616643247892826
2018-08-27 13:30:00+00:00,0.006349466901017109
2018-08-28 13:30:00+00:00,-0.0011991460584266477
2018-08-29 13:30:00+00:00,0.0015118458124394496
2018-08-30 13:30:00+00:00,-0.004394792973242756
2018-08-31 13:30:00+00:00,-0.00010112832831467014
2018-09-04 13:30:00+00:00,0.0013049258167214695
2018-09-05 13:30:00+00:00,0.0020277288346477354
2018-09-06 13:30:00+00:00,0.0007797440493011343
2018-09-07 13:30:00+00:00,-0.0014286749180886348
2018-09-10 13:30:00+00:00,-0.005287761997460405
2018-09-11 13:30:00+00:00,0.004927638824476321
2018-09-12 13:30:00+00:00,0.0002789904470057337
2018-09-13 13:30:00+00:00,0.002278888409916291
2018-09-14 13:30:00+00:00,-0.0006690055426543772
2018-09-17 13:30:00+00:00,-0.003523913246425436
2018-09-18 13:30:00+00:00,0.006448113926875931
2018-09-19 13:30:00+00:00,0.004385721252712071
2018-09-20 13:30:00+00:00,0.00508827320339299
2018-09-21 13:30:00+00:00,0.0005454328609513115
2018-09-24 13:30:00+00:00,-0.005462212252272514
2018-09-25 13:30:00+00:00,-0.004211377606284994
2018-09-26 13:30:00+00:00,-0.005812057933569992
2018-09-27 13:30:00+00:00,0.0007198930752969513
2018-09-28 13:30:00+00:00,0.0018180188750276272
2018-10-01 13:30:00+00:00,0.0018870234007619558
2018-10-02 13:30:00+00:00,0.004591722706178902
2018-10-03 13:30:00+00:00,-0.00028931871248428766
2018-10-04 13:30:00+00:00,-0.005946742128840066
2018-10-05 13:30:00+00:00,-0.007073317205410612
2018-10-08 13:30:00+00:00,0.00320802651984774
2018-10-09 13:30:00+00:00,-0.001559022411449018
2018-10-10 13:30:00+00:00,-0.031981053903460746
2018-10-11 13:30:00+00:00,-0.018344118671766784
2018-10-12 13:30:00+00:00,-0.0027622169290153595
2018-10-15 13:30:00+00:00,-0.0033334069892414606
2018-10-16 13:30:00+00:00,0.017527758064090005
2018-10-17 13:30:00+00:00,-6.846841199715783e-05
2018-10-18 13:30:00+00:00,-0.010476506594137468
2018-10-19 13:30:00+00:00,0.0008145949344777637
2018-10-22 13:30:00+00:00,-0.006954287810519999
2018-10-23 13:30:00+00:00,0.0060093511450978075
2018-10-24 13:30:00+00:00,-0.023516506866772435
2018-10-25 13:30:00+00:00,0.009926128478335839
2018-10-26 13:30:00+00:00,-0.0034079784469272065
2018-10-29 13:30:00+00:00,-0.015252135171245473
2018-10-30 13:30:00+00:00,0.015936309781948033
2018-10-31 13:30:00+00:00,0.0041760694742385305
2018-11-01 13:30:00+00:00,0.009392458679170702
2018-11-02 13:30:00+00:00,-0.0068902943727482515
2018-11-05 14:30:00+00:00,0.007826241428224846
2018-11-06 14:30:00+00:00,0.007057541496989328
2018-11-07 14:30:00+00:00,0.015094386539764793
2018-11-08 14:30:00+00:00,0.0018751977626132344
2018-11-09 14:30:00+00:00,-0.006211435439663082
2018-11-12 14:30:00+00:00,-0.022140260241813047
2018-11-13 14:30:00+00:00,-0.0014712102162373175
2018-11-14 14:30:00+00:00,-0.012215137386462637
2018-11-15 14:30:00+00:00,0.008989210143991223
2018-11-16 14:30:00+00:00,0.006669223007930147
2018-11-19 14:30:00+00:00,-0.014874768371948798
2018-11-20 14:30:00+00:00,-0.006316379775139003
2018-11-21 14:30:00+00:00,-0.0032359316213468434
2018-11-23 14:30:00+00:00,-0.002173074533012531
2018-11-26 14:30:00+00:00,0.011232617469248075
2018-11-27 14:30:00+00:00,0.007706767317835028
2018-11-28 14:30:00+00:00,0.021387266341964296
2018-11-29 14:30:00+00:00,-0.00028981270656970305
2018-11-30 14:30:00+00:00,0.009040515553601736
2018-12-03 14:30:00+00:00,0.0017176941831058446
2018-12-04 14:30:00+00:00,-0.02827157668863479
2018-12-06 14:30:00+00:00,0.008399269554545608
2018-12-07 14:30:00+00:00,-0.02136389159298203
2018-12-10 14:30:00+00:00,0.0024578045549654595
2018-12-11 14:30:00+00:00,-0.014245274787197847
2018-12-12 14:30:00+00:00,0.0006417528605060397
2018-12-13 14:30:00+00:00,0.0007757164519297422
2018-12-14 14:30:00+00:00,-0.012699508550749649
2018-12-17 14:30:00+00:00,-0.016519410488682006
2018-12-18 14:30:00+00:00,-0.004033262639181701
2018-12-19 14:30:00+00:00,-0.015702277968359556
2018-12-20 14:30:00+00:00,-0.01579573119405687
2018-12-21 14:30:00+00:00,-0.018741830021713268
2018-12-24 14:30:00+00:00,-0.023627961053860346
2018-12-26 14:30:00+00:00,0.046598295207698856
2018-12-27 14:30:00+00:00,0.022426775451815918
2018-12-28 14:30:00+00:00,-0.006613807565739605
2018-12-31 14:30:00+00:00,0.007394253179952004
2019-01-02 14:30:00+00:00,0.012373903117802499
2019-01-03 14:30:00+00:00,-0.02124953660412777
2019-01-04 14:30:00+00:00,0.023409155577379204
2019-01-07 14:30:00+00:00,0.002332018914334533
2019-01-08 14:30:00+00:00,0.004423963562834465
2019-01-09 14:30:00+00:00,0.0013615507230919533
2019-01-10 14:30:00+00:00,0.007913509319113821
2019-01-11 14:30:00+00:00,0.002236651224149611
2019-01-14 14:30:00+00:00,0.0011273826308712987
2019-01-15 14:30:00+00:00,0.006234355437395356
2019-01-16 14:30:00+00:00,0.0026858430112088774
2019-01-17 14:30:00+00:00,0.009135471730467016
2019-01-18 14:30:00+00:00,0.006917152801356285
2019-01-22 14:30:00+00:00,-0.00836078029089683
2019-01-23 14:30:00+00:00,-0.0001663564627857438
2019-01-24 14:30:00+00:00,-0.0011870929857432766
2019-01-25 14:30:00+00:00,0.0019248654810197663
2019-01-28 14:30:00+00:00,-0.0028954555524551948
2019-01-29 14:30:00+00:00,0.0023609597942335528
2019-01-30 14:30:00+00:00,0.007486236303197102
2019-01-31 14:30:00+00:00,0.0017108753328520688
2019-02-01 14:30:00+00:00,0.0014416423325791406
2019-02-04 14:30:00+00:00,0.0069724266773067865
2019-02-05 14:30:00+00:00,0.004787305733497493
2019-02-06 14:30:00+00:00,0.0006382463331713218
2019-02-07 14:30:00+00:00,-0.003910732682467122
2019-02-08 14:30:00+00:00,0.002454499844326319
2019-02-11 14:30:00+00:00,-0.00366766685680443
2019-02-12 14:30:00+00:00,0.01078303713068628
2019-02-13 14:30:00+00:00,0.002349295580322142
2019-02-14 14:30:00+00:00,-0.0009350048132638177
2019-02-15 14:30:00+00:00,0.01236327953560722
2019-02-19 14:30:00+00:00,0.0015042918528222927
2019-02-20 14:30:00+00:00,0.003076362955708445
2019-02-21 14:30:00+00:00,-0.002869005522339274
2019-02-22 14:30:00+00:00,0.004745970411662792
2019-02-25 14:30:00+00:00,-0.0014090781214852854
2019-02-26 14:30:00+00:00,0.00014455662827937986
2019-02-27 14:30:00+00:00,-0.0005015853945232851
2019-02-28 14:30:00+00:00,-0.002727715631243643
2019-03-01 14:30:00+00:00,0.00015559089123605717
2019-03-04 14:30:00+00:00,-0.011681688550375557
2019-03-05 14:30:00+00:00,-0.0009687673560646703
2019-03-06 14:30:00+00:00,-0.0057276455354160595
2019-03-07 14:30:00+00:00,-0.006815372717046697
2019-03-08 14:30:00+00:00,0.003957988301460202
2019-03-11 13:30:00+00:00,0.01746905979748491
2019-03-12 13:30:00+00:00,-0.0018828159672806932
2019-03-13 13:30:00+00:00,0.002461125170288392
2019-03-14 13:30:00+00:00,0.0005861549574468384
2019-03-15 13:30:00+00:00,0.004872916969774532
2019-03-18 13:30:00+00:00,0.004249246886752755
2019-03-19 13:30:00+00:00,-0.0039667380040371404
2019-03-20 13:30:00+00:00,-0.004820895950169668
2019-03-21 13:30:00+00:00,0.010569013701673392
2019-03-22 13:30:00+00:00,-0.013345684230620446
2019-03-25 13:30:00+00:00,0.0009242697844473625
2019-03-26 13:30:00+00:00,0.00021852092982531667
2019-03-27 13:30:00+00:00,-0.0020765278193399903
2019-03-28 13:30:00+00:00,0.0008395681331327843
2019-03-29 13:30:00+00:00,0.003824881781284251
2019-04-01 13:30:00+00:00,0.0069304741015865255
2019-04-02 13:30:00+00:00,-0.0014130583552847242
2019-04-03 13:30:00+00:00,-0.0008583815565893604
2019-04-04 13:30:00+00:00,0.006431423141668213
2019-04-05 13:30:00+00:00,-0.00019725878767508077
2019-04-08 13:30:00+00:00,0.0009774128759709622
2019-04-09 13:30:00+00:00,-0.0036421664796663198
2019-04-10 13:30:00+00:00,-0.0007323437012627498
2019-04-11 13:30:00+00:00,-0.0018244460248841964
2019-04-12 13:30:00+00:00,0.0019681445860553095
2019-04-15 13:30:00+00:00,-0.000970586319288158
2019-04-16 13:30:00+00:00,-0.0012150625188022234
2019-04-17 13:30:00+00:00,-0.0008174646600875967
2019-04-18 13:30:00+00:00,0.0035340770279081893
2019-04-22 13:30:00+00:00,-8.939110388063157e-05
2019-04-23 13:30:00+00:00,0.005276837162150316
2019-04-24 13:30:00+00:00,-0.002182717926008337
2019-04-25 13:30:00+00:00,0.0012513372688456204
2019-04-26 13:30:00+00:00,0.0032533250669171013
2019-04-29 13:30:00+00:00,-0.0003062704298727569
2019-04-30 13:30:00+00:00,-0.00016205745051102162
2019-05-01 13:30:00+00:00,-0.007942615977668443
2019-05-02 13:30:00+00:00,-0.003862667559930044
2019-05-03 13:30:00+00:00,0.004669245349515616
2019-05-06 13:30:00+00:00,0.010521359021794286
2019-05-07 13:30:00+00:00,-0.011966336677450961
2019-05-08 13:30:00+00:00,0.0011933326304214176
2019-05-09 13:30:00+00:00,-0.00205102313808837
2019-05-10 13:30:00+00:00,0.0068341086079359735
2019-05-13 13:30:00+00:00,-0.009606795091257291
2019-05-14 13:30:00+00:00,0.00573128401893318
2019-05-15 13:30:00+00:00,0.009659346250907353
2019-05-16 13:30:00+00:00,0.00653779110464846
2019-05-17 13:30:00+00:00,0.0016127087178649969
2019-05-20 13:30:00+00:00,0.000858469931793271
2019-05-21 13:30:00+00:00,0.003584313950970797
2019-05-22 13:30:00+00:00,-0.0017209936990942975
2019-05-23 13:30:00+00:00,-0.006628942045724518
2019-05-24 13:30:00+00:00,0.0012548998222616681
2019-05-28 13:30:00+00:00,-0.01059248403093883
2019-05-29 13:30:00+00:00,-0.004263483894579767
2019-05-30 13:30:00+00:00,0.001090989592708691
2019-05-31 13:30:00+00:00,-0.009333754566053464
2019-06-03 13:30:00+00:00,-0.0005180746040168826
2019-06-04 13:30:00+00:00,0.014696379991368403
2019-06-05 13:30:00+00:00,0.0033800327099131502
2019-06-06 13:30:00+00:00,0.005892421699527295
2019-06-07 13:30:00+00:00,0.008251937703057866
2019-06-10 13:30:00+00:00,-0.0011556068474231184
2019-06-11 13:30:00+00:00,-0.00514496189403203
2019-06-12 13:30:00+00:00,-0.0014621464445809917
2019-06-13 13:30:00+00:00,0.002581961843123526
2019-06-14 13:30:00+00:00,0.0004081230784349522
2019-06-17 13:30:00+00:00,5.32066381264574e-05
2019-06-18 13:30:00+00:00,0.008922058429852598
2019-06-19 13:30:00+00:00,0.00042245224899993837
2019-06-20 13:30:00+00:00,0.0031922485886466292
2019-06-21 13:30:00+00:00,-0.0012210941598617242
2019-06-24 13:30:00+00:00,-0.00010263070666040033
2019-06-25 13:30:00+00:00,-0.00696036778790089
2019-06-26 13:30:00+00:00,-0.0024534200955833693
2019-06-27 13:30:00+00:00,7.804445387049692e-06
2019-06-28 13:30:00+00:00,-0.0003243390879441698
2019-07-01 13:30:00+00:00,-0.003398893956836579
2019-07-02 13:30:00+00:00,0.0024131576937194035
2019-07-03 13:30:00+00:00,0.004882039791680881
2019-07-05 13:30:00+00:00,0.0019235836876925095
2019-07-08 13:30:00+00:00,-0.0011992843588953916
2019-07-09 13:30:00+00:00,0.0020841284763917114
2019-07-10 13:30:00+00:00,0.00020680371050650913
2019-07-11 13:30:00+00:00,0.005017591920618558
2019-07-12 13:30:00+00:00,0.006994424428655266
2019-07-15 13:30:00+00:00,-0.0003020595513964052
2019-07-16 13:30:00+00:00,-0.0006005408898129949
2019-07-17 13:30:00+00:00,-0.003799018308578661
2019-07-18 13:30:00+00:00,0.0010396828712280093
2019-07-19 13:30:00+00:00,-0.0034832618394630252
2019-07-22 13:30:00+00:00,-0.0001838773019540273
2019-07-23 13:30:00+00:00,0.004208559195657091
2019-07-24 13:30:00+00:00,0.00018355955649805865
2019-07-25 13:30:00+00:00,-0.004005333824970603
2019-07-26 13:30:00+00:00,0.0008736147666199457
2019-07-29 13:30:00+00:00,0.0009705030092814649
2019-07-30 13:30:00+00:00,0.0018387787406357492
2019-07-31 13:30:00+00:00,-0.014062378392390561
2019-08-01 13:30:00+00:00,-0.011128311160017012
2019-08-02 13:30:00+00:00,-0.0017454050211320848
2019-08-05 13:30:00+00:00,-0.02072094831832195
2019-08-06 13:30:00+00:00,0.008381020522303596
2019-08-07 13:30:00+00:00,0.007370673300304264
2019-08-08 13:30:00+00:00,0.011080867632633041
2019-08-09 13:30:00+00:00,-0.0019851889453072033
2019-08-12 13:30:00+00:00,-0.010549814366660703
2019-08-13 13:30:00+00:00,0.015004140615386897
2019-08-14 13:30:00+00:00,-0.021442748114566822
2019-08-15 13:30:00+00:00,0.002453107577138336
2019-08-16 13:30:00+00:00,0.007994028678147459
2019-08-19 13:30:00+00:00,0.004347665116555477
2019-08-20 13:30:00+00:00,-0.004869448099767648
2019-08-21 13:30:00+00:00,0.00209431268574799
2019-08-22 13:30:00+00:00,-0.0008384537152407278
2019-08-23 13:30:00+00:00,-0.019435213451955768
2019-08-26 13:30:00+00:00,0.002718057530028506
2019-08-27 13:30:00+00:00,-0.009193424900994073
2019-08-28 13:30:00+00:00,0.012465997655459072
2019-08-29 13:30:00+00:00,0.004211012569334638
2019-08-30 13:30:00+00:00,-0.0028613782090057935
2019-09-03 13:30:00+00:00,-0.0031628078007030045
2019-09-04 13:30:00+00:00,0.0019333240288450404
2019-09-05 13:30:00+00:00,0.004598691627291307
2019-09-06 13:30:00+00:00,0.0001691627551067999
2019-09-09 13:30:00+00:00,-0.0012434690534920522
2019-09-10 13:30:00+00:00,0.0037648163132073423
2019-09-11 13:30:00+00:00,0.007660988084422271
2019-09-12 13:30:00+00:00,-0.0006467852560152587
2019-09-13 13:30:00+00:00,4.700883068353785e-06
2019-09-16 13:30:00+00:00,-0.002650654974611821
2019-09-17 13:30:00+00:00,0.0036275526294724417
2019-09-18 13:30:00+00:00,0.0025477717022781457
2019-09-19 13:30:00+00:00,-0.003456931813463082
2019-09-20 13:30:00+00:00,-0.006265901670155072
2019-09-23 13:30:00+00:00,0.003569858368619883
2019-09-24 13:30:00+00:00,-0.00847094742427158
2019-09-25 13:30:00+00:00,0.0037709613633740593
2019-09-26 13:30:00+00:00,-0.00428418666603404
2019-09-27 13:30:00+00:00,-0.006288466968318429
2019-09-30 13:30:00+00:00,0.0023020261858967997
2019-10-01 13:30:00+00:00,-0.014545968871741876
2019-10-02 13:30:00+00:00,-0.013240168100020388
2019-10-03 13:30:00+00:00,0.006122182484849625
2019-10-04 13:30:00+00:00,0.011396077275406914
2019-10-07 13:30:00+00:00,-0.0010172984716188104
2019-10-08 13:30:00+00:00,-0.004383310045910316
2019-10-09 13:30:00+00:00,0.0013360257684329358
2019-10-10 13:30:00+00:00,0.0067137679197042275
2019-10-11 13:30:00+00:00,0.004484914647450144
2019-10-14 13:30:00+00:00,0.0006819379627524991
2019-10-15 13:30:00+00:00,0.007866878346516549
2019-10-16 13:30:00+00:00,0.001000014098660118
2019-10-17 13:30:00+00:00,-0.0003404523683582349
2019-10-18 13:30:00+00:00,-0.008776002160809659
2019-10-21 13:30:00+00:00,-0.001032097141469357
2019-10-22 13:30:00+00:00,-0.0024213810300405367
2019-10-23 13:30:00+00:00,-0.00014810896469431557
2019-10-24 13:30:00+00:00,-0.0033870016264706646
2019-10-25 13:30:00+00:00,0.006187929380269341
2019-10-28 13:30:00+00:00,0.0017635358686234226
2019-10-29 13:30:00+00:00,0.0002839694764475876
2019-10-30 13:30:00+00:00,0.002702527598783966
2019-10-31 13:30:00+00:00,-0.005327921952207671
2019-11-01 13:30:00+00:00,0.007430874946661825
2019-11-04 14:30:00+00:00,0.0020913982717569615
2019-11-05 14:30:00+00:00,-0.00037634711584090254
2019-11-06 14:30:00+00:00,-0.0004701335726277177
2019-11-07 14:30:00+00:00,0.0029677830255663176
2019-11-08 14:30:00+00:00,-0.00027911394539271707
2019-11-11 14:30:00+00:00,0.0039183983087107575
2019-11-12 14:30:00+00:00,-0.0004645859112045846
2019-11-13 14:30:00+00:00,0.005748618955481832
2019-11-14 14:30:00+00:00,0.0007920827549947496
2019-11-15 14:30:00+00:00,0.005694937279266721
2019-11-18 14:30:00+00:00,0.0014360861994417884
2019-11-19 14:30:00+00:00,-0.005290223691066365
2019-11-20 14:30:00+00:00,-0.0021969110283984847
2019-11-21 14:30:00+00:00,-0.002040679092357844
2019-11-22 14:30:00+00:00,0.0014949230819973792
2019-11-25 14:30:00+00:00,0.0052263987192297965
2019-11-26 14:30:00+00:00,0.0013575710228537097
2019-11-27 14:30:00+00:00,0.00016740911367717502
2019-11-29 14:30:00+00:00,-0.0019414299214848385
2019-12-02 14:30:00+00:00,-0.011722347597345705
2019-12-03 14:30:00+00:00,-6.98175145625978e-05
2019-12-04 14:30:00+00:00,0.0004481686213608672
2019-12-05 14:30:00+00:00,-0.002200577303146056
2019-12-06 14:30:00+00:00,0.006199672314611593
2019-12-09 14:30:00+00:00,-0.002867393123354389
2019-12-10 14:30:00+00:00,-0.0007784676068469775
2019-12-11 14:30:00+00:00,0.001478560453510791
2019-12-12 14:30:00+00:00,0.008277234588471617
2019-12-13 14:30:00+00:00,0.00031745073234089603
2019-12-16 14:30:00+00:00,0.001468573385242633
2019-12-17 14:30:00+00:00,0.0015090482074995193
2019-12-18 14:30:00+00:00,-0.0019436727596141678
2019-12-19 14:30:00+00:00,0.0033885531956188045
2019-12-20 14:30:00+00:00,-0.005467286871918564
2019-12-23 14:30:00+00:00,0.001997096126479903
2019-12-24 14:30:00+00:00,-0.0020991583930063504
2019-12-26 14:30:00+00:00,0.0027707510516552405
2019-12-27 14:30:00+00:00,-0.0011489876768298157
2019-12-30 14:30:00+00:00,-0.006822064403976269
2019-12-31 14:30:00+00:00,0.0042568676359073685
2020-01-02 14:30:00+00:00,0.007925081645127719
2020-01-03 14:30:00+00:00,0.0027560865239490864
2020-01-06 14:30:00+00:00,0.00825681296218227
2020-01-07 14:30:00+00:00,-0.0020379046678569266
2020-01-08 14:30:00+00:00,0.006516763141465309
2020-01-09 14:30:00+00:00,0.0035368291296176027
2020-01-10 14:30:00+00:00,-0.005405837162293825
2020-01-13 14:30:00+00:00,0.0012177111350142212
2020-01-14 14:30:00+00:00,0.0014286090178401323
2020-01-15 14:30:00+00:00,0.00434331904599915
2020-01-16 14:30:00+00:00,0.005587618257392612
2020-01-17 14:30:00+00:00,0.001086800871377791
2020-01-21 14:30:00+00:00,-0.0025945024454559038
2020-01-22 14:30:00+00:00,-0.0027435997807912058
2020-01-23 14:30:00+00:00,0.0015856267245235478
2020-01-24 14:30:00+00:00,-0.008333217247674007
2020-01-27 14:30:00+00:00,-0.0003343682373215916
2020-01-28 14:30:00+00:00,0.004396364855541168
2020-01-29 14:30:00+00:00,-0.003086762569080703
2020-01-30 14:30:00+00:00,0.007556357215835907
2020-01-31 14:30:00+00:00,-0.019431864452644453
2020-02-03 14:30:00+00:00,0.0027305489349027548
2020-02-04 14:30:00+00:00,0.0037642237443808904
2020-02-05 14:30:00+00:00,0.008234930192060109
2020-02-06 14:30:00+00:00,-0.0003997949152895307
2020-02-07 14:30:00+00:00,-0.006396672942799342
2020-02-10 14:30:00+00:00,0.009596628900149218
2020-02-11 14:30:00+00:00,-0.00399140276304345
2020-02-12 14:30:00+00:00,0.004819616138301608
2020-02-13 14:30:00+00:00,-0.0005320810348340532
2020-02-14 14:30:00+00:00,-0.0015398759254722338
2020-02-18 14:30:00+00:00,-0.0018276312209680845
2020-02-19 14:30:00+00:00,0.0011052823201760265
2020-02-20 14:30:00+00:00,-0.002703388872295942
2020-02-21 14:30:00+00:00,-0.00538773560156004
2020-02-24 14:30:00+00:00,-0.015666313444228207
2020-02-25 14:30:00+00:00,-0.03420738782679013
2020-02-26 14:30:00+00:00,-0.007532809296714305
2020-02-27 14:30:00+00:00,-0.02872698390258611
2020-02-28 14:30:00+00:00,0.005381786567625102
2020-03-02 14:30:00+00:00,0.043385282515544285
2020-03-03 14:30:00+00:00,-0.03167632777067643
2020-03-04 14:30:00+00:00,0.0267036792394446
2020-03-05 14:30:00+00:00,-0.020744956441564277
2020-03-06 14:30:00+00:00,0.015909937631251914
2020-03-09 13:30:00+00:00,-0.04576755089524233
2020-03-10 13:30:00+00:00,0.02301209897558575
2020-03-11 13:30:00+00:00,-0.04283220607369466
2020-03-12 13:30:00+00:00,-0.04445900921348213
2020-03-13 13:30:00+00:00,0.055047389524963894
2020-03-16 13:30:00+00:00,-0.03495161919834923
2020-03-17 13:30:00+00:00,0.03652460185883431
2020-03-18 13:30:00+00:00,-0.014453062982260467
2020-03-19 13:30:00+00:00,0.012869216381618632
2020-03-20 13:30:00+00:00,-0.053384052162795306
2020-03-23 13:30:00+00:00,-0.023035749682833628
2020-03-24 13:30:00+00:00,0.04972817478052803
2020-03-25 13:30:00+00:00,0.007035796315639986
2020-03-26 13:30:00+00:00,0.05038303687172195
2020-03-27 13:30:00+00:00,-0.012050213775095086
2020-03-30 13:30:00+00:00,0.029849864175495167
2020-03-31 13:30:00+00:00,-0.013214835123326895
2020-04-01 13:30:00+00:00,-0.013472874196329709
2020-04-02 13:30:00+00:00,0.028429966141204178
2020-04-03 13:30:00+00:00,-0.011065008061736836
2020-04-06 13:30:00+00:00,0.04536769424601593
2020-04-07 13:30:00+00:00,-0.037639345768032975
2020-04-08 13:30:00+00:00,0.02349186234271049
2020-04-09 13:30:00+00:00,0.0011118271160723725
2020-04-13 13:30:00+00:00,-0.0131031254707903
2020-04-14 13:30:00+00:00,0.010840616865953823
2020-04-15 13:30:00+00:00,-0.004183396221762015
2020-04-16 13:30:00+00:00,-0.00035401610073838564
2020-04-17 13:30:00+00:00,0.017758553049966198
2020-04-20 13:30:00+00:00,-0.0185543813247815
2020-04-21 13:30:00+00:00,-0.014924114470206817
2020-04-22 13:30:00+00:00,0.001541844552604521
2020-04-23 13:30:00+00:00,-0.0012820911490251218
2020-04-24 13:30:00+00:00,0.006122608853498013
2020-04-27 13:30:00+00:00,0.011113744230620826
2020-04-28 13:30:00+00:00,-0.01059461581312161
2020-04-29 13:30:00+00:00,0.005759047430076369
2020-04-30 13:30:00+00:00,-0.009855706551702547
2020-05-01 13:30:00+00:00,-0.016562562791304424
2020-05-04 13:30:00+00:00,0.00703307559521259
2020-05-05 13:30:00+00:00,-0.003263378793435756
2020-05-06 13:30:00+00:00,-0.01320487491963752
2020-05-07 13:30:00+00:00,0.0015226599496651505
2020-05-08 13:30:00+00:00,0.009170850583041446
2020-05-11 13:30:00+00:00,-0.001520611238860281
2020-05-12 13:30:00+00:00,-0.02183729173993044
2020-05-13 13:30:00+00:00,-0.01926236537644167
2020-05-14 13:30:00+00:00,0.024902290037071884
2020-05-15 13:30:00+00:00,0.009731230624222532
2020-05-18 13:30:00+00:00,0.022235374402027375
2020-05-19 13:30:00+00:00,-0.015179702503323799
2020-05-20 13:30:00+00:00,0.00480518623215963
2020-05-21 13:30:00+00:00,-0.003769980518261062
2020-05-22 13:30:00+00:00,2.9984876084066054e-05
2020-05-26 13:30:00+00:00,0.008505879651981896
2020-05-27 13:30:00+00:00,0.00976767518221221
2020-05-28 13:30:00+00:00,-0.011646663050860605
2020-05-29 13:30:00+00:00,0.0022281722571362186
2020-06-01 13:30:00+00:00,0.005109696868995195
2020-06-02 13:30:00+00:00,0.006159385795812422
2020-06-03 13:30:00+00:00,0.013912098468953128
2020-06-04 13:30:00+00:00,0.0020097019704328092
2020-06-05 13:30:00+00:00,0.010116556352408369
2020-06-08 13:30:00+00:00,0.012366883641271798
2020-06-09 13:30:00+00:00,-0.006478329321037879
2020-06-10 13:30:00+00:00,-0.009710356735570535
2020-06-11 13:30:00+00:00,-0.04402045714217774
2020-06-12 13:30:00+00:00,-0.002199847133686161
2020-06-15 13:30:00+00:00,0.01939987788326868
2020-06-16 13:30:00+00:00,-0.0014939934388089715
2020-06-17 13:30:00+00:00,-0.008110102345291092
2020-06-18 13:30:00+00:00,0.002346544110989768
2020-06-19 13:30:00+00:00,-0.013133127595212579
2020-06-22 13:30:00+00:00,0.006081340204324925
2020-06-23 13:30:00+00:00,-0.00022580628013003635
2020-06-24 13:30:00+00:00,-0.02114498543626143
2020-06-25 13:30:00+00:00,0.014896081078968882
2020-06-26 13:30:00+00:00,-0.024518776033444666
2020-06-29 13:30:00+00:00,0.017526576189228694
2020-06-30 13:30:00+00:00,0.011676658497650195
2020-07-01 13:30:00+00:00,-0.005680124077724458
2020-07-02 13:30:00+00:00,-0.00430604388942869
2020-07-06 13:30:00+00:00,0.01109204194923329
2020-07-07 13:30:00+00:00,-0.010868377386713434
2020-07-08 13:30:00+00:00,0.004417089653346406
2020-07-09 13:30:00+00:00,-0.015000604381585025
2020-07-10 13:30:00+00:00,0.014884271437650021
2020-07-13 13:30:00+00:00,-0.005410549393784392
2020-07-14 13:30:00+00:00,0.022877116324693237
2020-07-15 13:30:00+00:00,-0.0052725996840124025
2020-07-16 13:30:00+00:00,-0.0005433979707094693
2020-07-17 13:30:00+00:00,-0.003934598779379861
2020-07-20 13:30:00+00:00,0.0006719375463917099
2020-07-21 13:30:00+00:00,0.0001705522147576911
2020-07-22 13:30:00+00:00,0.006657959615339093
2020-07-23 13:30:00+00:00,-0.011364317962951353
2020-07-24 13:30:00+00:00,-0.00249394525151293
2020-07-27 13:30:00+00:00,0.005083806731556606
2020-07-28 13:30:00+00:00,-0.005760499041527989
2020-07-29 13:30:00+00:00,0.005627161685459281
2020-07-30 13:30:00+00:00,-0.0021392412837250127
2020-07-31 13:30:00+00:00,0.0006190729306203458
2020-08-03 13:30:00+00:00,0.004499450111658409
2020-08-04 13:30:00+00:00,0.006045273902967041
2020-08-05 13:30:00+00:00,0.010178273085310597
2020-08-06 13:30:00+00:00,0.007855599196633579
2020-08-07 13:30:00+00:00,0.00399201712811047
2020-08-10 13:30:00+00:00,0.010931220486282357
2020-08-11 13:30:00+00:00,-0.00992526284614249
2020-08-12 13:30:00+00:00,0.004085161663865955
2020-08-13 13:30:00+00:00,-0.0010235940005560828
2020-08-14 13:30:00+00:00,0.0035684789855880863
2020-08-17 13:30:00+00:00,-0.004574093593133222
2020-08-18 13:30:00+00:00,-0.0028073871911486023
2020-08-19 13:30:00+00:00,-0.004356510033979755
2020-08-20 13:30:00+00:00,0.004137488273194811
2020-08-21 13:30:00+00:00,0.006103559584842866
2020-08-24 13:30:00+00:00,0.008122961477897251
2020-08-25 13:30:00+00:00,-0.003591692331181739
2020-08-26 13:30:00+00:00,0.0025201208388008103
2020-08-27 13:30:00+00:00,0.003711969797099524
2020-08-28 13:30:00+00:00,0.0017383814103657414
2020-08-31 13:30:00+00:00,-0.007557474842068712
2020-09-01 13:30:00+00:00,0.0071452043392385865
2020-09-02 13:30:00+00:00,0.012556631076943148
2020-09-03 13:30:00+00:00,-0.027530373673716368
2020-09-04 13:30:00+00:00,-0.00743001171969383
2020-09-08 13:30:00+00:00,-0.015295571768865545
2020-09-09 13:30:00+00:00,0.008154985271062277
2020-09-10 13:30:00+00:00,-0.017512062359187352
2020-09-11 13:30:00+00:00,0.0017751906170304533
2020-09-14 13:30:00+00:00,0.009806288721212243
2020-09-15 13:30:00+00:00,-0.005223005933622249
2020-09-16 13:30:00+00:00,-7.533483484257744e-05
2020-09-17 13:30:00+00:00,0.0023358821424310674
2020-09-18 13:30:00+00:00,-0.007544830180363349
2020-09-21 13:30:00+00:00,-0.012361788727426003
2020-09-22 13:30:00+00:00,0.004237076548459384
2020-09-23 13:30:00+00:00,-0.02382795835894348
2020-09-24 13:30:00+00:00,0.003618718194019033
2020-09-25 13:30:00+00:00,0.017860665922863273
2020-09-28 13:30:00+00:00,0.008010473698546672
2020-09-29 13:30:00+00:00,-0.004003452118346196
2020-09-30 13:30:00+00:00,0.009606054219997596
2020-10-01 13:30:00+00:00,-0.004528334827969116
2020-10-02 13:30:00+00:00,0.005217324404240153
2020-10-05 13:30:00+00:00,0.011516022472706656
2020-10-06 13:30:00+00:00,-0.015747434241809587
2020-10-07 13:30:00+00:00,0.011772914649862177
2020-10-08 13:30:00+00:00,0.002603826267260512
2020-10-09 13:30:00+00:00,0.00176765771286157
2020-10-12 13:30:00+00:00,0.005703763355341829
2020-10-13 13:30:00+00:00,-0.003059806089958383
2020-10-14 13:30:00+00:00,-0.007663207210994461
2020-10-15 13:30:00+00:00,0.005930308005727125
2020-10-16 13:30:00+00:00,0.0011456753933445252
2020-10-19 13:30:00+00:00,-0.01540131078475605
2020-10-20 13:30:00+00:00,0.0021282726133366905
2020-10-21 13:30:00+00:00,-0.0022166765621768445
2020-10-22 13:30:00+00:00,0.005795583171637408
2020-10-23 13:30:00+00:00,-0.0027075673972195677
2020-10-26 13:30:00+00:00,-0.01785500757389925
2020-10-27 13:30:00+00:00,-0.006898633421777001
2020-10-28 13:30:00+00:00,-0.021581380910294833
2020-10-29 13:30:00+00:00,0.006626673374507719
2020-10-30 13:30:00+00:00,-0.002759536543985763
2020-11-02 14:30:00+00:00,0.008658346940769047
2020-11-03 14:30:00+00:00,0.012477609701440285
2020-11-04 14:30:00+00:00,0.01206996132983117
2020-11-05 14:30:00+00:00,0.010824990706730143
2020-11-06 14:30:00+00:00,-0.0027666474099154012
2020-11-09 14:30:00+00:00,-0.010617535467121419
2020-11-10 14:30:00+00:00,0.005600042094693325
2020-11-11 14:30:00+00:00,-0.0043920081788951905
2020-11-12 14:30:00+00:00,-0.005290910671383442
2020-11-13 14:30:00+00:00,0.00934771597490357
2020-11-16 14:30:00+00:00,0.009271687455339118
2020-11-17 14:30:00+00:00,-0.0006637817604868812
2020-11-18 14:30:00+00:00,-0.01472676526628659
2020-11-19 14:30:00+00:00,0.003723868887107951
2020-11-20 14:30:00+00:00,-0.006013865916986949
2020-11-23 14:30:00+00:00,0.00871092291830754
2020-11-24 14:30:00+00:00,0.00998975175850213
2020-11-25 14:30:00+00:00,-0.006301112777329376
2020-11-27 14:30:00+00:00,-0.00013212620426740197
2020-11-30 14:30:00+00:00,-0.00733070458432229
2020-12-01 14:30:00+00:00,0.0007866489428642765
2020-12-02 14:30:00+00:00,0.006254559617192556
2020-12-03 14:30:00+00:00,0.00152727614835112
2020-12-04 14:30:00+00:00,0.007525960987075242
2020-12-07 14:30:00+00:00,-0.005499400528873666
2020-12-08 14:30:00+00:00,0.005764788934139442
2020-12-09 14:30:00+00:00,-0.005425868640504661
2020-12-10 14:30:00+00:00,-0.0012084977718837097
2020-12-11 14:30:00+00:00,0.0018393688821986998
2020-12-14 14:30:00+00:00,-0.008809339977418739
2020-12-15 14:30:00+00:00,0.009265950120422407
2020-12-16 14:30:00+00:00,-0.0013202753178663928
2020-12-17 14:30:00+00:00,0.0027914859883837353
2020-12-18 14:30:00+00:00,-0.004560243641783435
2020-12-21 14:30:00+00:00,0.0018048781043802254
2020-12-22 14:30:00+00:00,-0.006215504463637289
2020-12-23 14:30:00+00:00,0.002665678930072957
2020-12-24 14:30:00+00:00,0.0013573993717936772
2020-12-28 14:30:00+00:00,0.003887032839828375
2020-12-29 14:30:00+00:00,-0.0052292152032355045
2020-12-30 14:30:00+00:00,-0.00028179452710498366
2020-12-31 14:30:00+00:00,0.006108234428110026
2021-01-04 14:30:00+00:00,-0.01327706192708301
2021-01-05 14:30:00+00:00,0.006102756545022669
2021-01-06 14:30:00+00:00,0.015268194366779387
2021-01-07 14:30:00+00:00,0.004428991232383594
2021-01-08 14:30:00+00:00,0.0008137756264685492
2021-01-11 14:30:00+00:00,-0.0003153670159369403
2021-01-12 14:30:00+00:00,0.0016307648105109318
2021-01-13 14:30:00+00:00,-0.0008852742418550385
2021-01-14 14:30:00+00:00,-0.003128739314984041
2021-01-15 14:30:00+00:00,-0.003737941088910468
2021-01-19 14:30:00+00:00,0.0012953774541224373
2021-01-20 14:30:00+00:00,0.005407909461506699
2021-01-21 14:30:00+00:00,-0.0008051731878179313
2021-01-22 14:30:00+00:00,-0.004742672865008635
2021-01-25 14:30:00+00:00,-0.001063206009427342
2021-01-26 14:30:00+00:00,-0.001117539340881224
2021-01-27 14:30:00+00:00,-0.01921742067309141
2021-01-28 14:30:00+00:00,0.007345386684769017
2021-01-29 14:30:00+00:00,-0.018797803741107743
2021-02-01 14:30:00+00:00,0.0051297819693785105
2021-02-02 14:30:00+00:00,0.013461489747972556
2021-02-03 14:30:00+00:00,0.0010062106709553987
2021-02-04 14:30:00+00:00,0.010248180167893296
2021-02-05 14:30:00+00:00,0.0016504991039276607
2021-02-08 14:30:00+00:00,0.006137674464213638
2021-02-09 14:30:00+00:00,0.000408586713754422
2021-02-10 14:30:00+00:00,0.00021122705617114833
2021-02-11 14:30:00+00:00,-0.0012374327215527558
2021-02-12 14:30:00+00:00,0.0010966470758262293
2021-02-16 14:30:00+00:00,0.0015099959630637705
2021-02-17 14:30:00+00:00,0.0039466155421201575
2021-02-18 14:30:00+00:00,-0.00216789168191146
2021-02-19 14:30:00+00:00,-0.0004114050953759717
2021-02-22 14:30:00+00:00,0.004379455046522584
2021-02-23 14:30:00+00:00,0.0010256144844480342
2021-02-24 14:30:00+00:00,0.014570255319486625
2021-02-25 14:30:00+00:00,-0.017434170015953942
2021-02-26 14:30:00+00:00,-0.01503314242423871
2021-03-01 14:30:00+00:00,0.01501655445665805
2021-03-02 14:30:00+00:00,-0.004661532441035743
2021-03-03 14:30:00+00:00,-0.002743166427413246
2021-03-04 14:30:00+00:00,-0.011761255608857778
2021-03-05 14:30:00+00:00,0.014954252108964939
2021-03-08 14:30:00+00:00,0.009111972490025922
2021-03-09 14:30:00+00:00,-0.0019690806958442384
2021-03-10 14:30:00+00:00,0.012124874519201512
2021-03-11 14:30:00+00:00,0.00395167268077089
2021-03-12 14:30:00+00:00,0.009641739075657785
2021-03-15 13:30:00+00:00,0.004614224481310758
2021-03-16 13:30:00+00:00,-0.004370993690612457
2021-03-17 13:30:00+00:00,0.005683657508276807
2021-03-18 13:30:00+00:00,-0.0021000927682410906
2021-03-19 13:30:00+00:00,-0.00711156954447002
2021-03-22 13:30:00+00:00,0.003868456515920149
2021-03-23 13:30:00+00:00,-0.008308543791964228
2021-03-24 13:30:00+00:00,-0.0016651042150686135
2021-03-25 13:30:00+00:00,0.00832957674234568
2021-03-26 13:30:00+00:00,0.01188885440420039
2021-03-29 13:30:00+00:00,0.0024332885185174183
2021-03-30 13:30:00+00:00,-0.001938873201704061
2021-03-31 13:30:00+00:00,-0.004161122195084366
2021-04-01 13:30:00+00:00,0.0028839380229572667
2021-04-05 13:30:00+00:00,0.009074914922864153
2021-04-06 13:30:00+00:00,-0.0021830211736116986
2021-04-07 13:30:00+00:00,-6.169081332864082e-05
2021-04-08 13:30:00+00:00,0.0009062682270866041
2021-04-09 13:30:00+00:00,0.008084948684593075
2021-04-12 13:30:00+00:00,-0.0009781674254589867
2021-04-13 13:30:00+00:00,-0.001401575177029113
2021-04-14 13:30:00+00:00,0.0017397190196688395
2021-04-15 13:30:00+00:00,0.007223698962203417
2021-04-16 13:30:00+00:00,0.004084363397675916
2021-04-19 13:30:00+00:00,-0.0031644444111772582
2021-04-20 13:30:00+00:00,-0.006354856388625885
2021-04-21 13:30:00+00:00,0.009631569019951092
2021-04-22 13:30:00+00:00,-0.008718631263922038
2021-04-23 13:30:00+00:00,0.006969136118887487
2021-04-26 13:30:00+00:00,-0.0019405514058400519
2021-04-27 13:30:00+00:00,0.0014560703955794785
2021-04-28 13:30:00+00:00,-0.0012837414536082225
2021-04-29 13:30:00+00:00,0.005946813654113192
2021-04-30 13:30:00+00:00,-0.003451062851678854
2021-05-03 13:30:00+00:00,0.0060448316130645606
2021-05-04 13:30:00+00:00,0.00145022659670756
2021-05-05 13:30:00+00:00,0.0018421491997295703
2021-05-06 13:30:00+00:00,0.008760298026132308
2021-05-07 13:30:00+00:00,0.005669293553562926
2021-05-10 13:30:00+00:00,-0.0013203216856452315
2021-05-11 13:30:00+00:00,-0.008880852778578984
2021-05-12 13:30:00+00:00,-0.018188378476340483
2021-05-13 13:30:00+00:00,0.011698186626220231
2021-05-14 13:30:00+00:00,0.009628668742299496
2021-05-17 13:30:00+00:00,-0.0014818065620812004
2021-05-18 13:30:00+00:00,-0.0085573378234144
2021-05-19 13:30:00+00:00,-0.0015661465822075615
2021-05-20 13:30:00+00:00,0.005145268641878686
2021-05-21 13:30:00+00:00,0.0024183141010134415
2021-05-24 13:30:00+00:00,0.0039903223643404815
2021-05-25 13:30:00+00:00,-0.003475072344454999
2021-05-26 13:30:00+00:00,-0.0004870261816044662
2021-05-27 13:30:00+00:00,0.0008343470325520186
2021-05-28 13:30:00+00:00,-0.0009406262207560911
2021-06-01 13:30:00+00:00,-0.0003568460368396197
2021-06-02 13:30:00+00:00,-0.0005114500476959382
2021-06-03 13:30:00+00:00,0.0006736680173917598
2021-06-04 13:30:00+00:00,0.003877597452604398
2021-06-07 13:30:00+00:00,-0.004010721924031191
2021-06-08 13:30:00+00:00,-0.0014282844767955604
2021-06-09 13:30:00+00:00,-0.0052700659398031814
2021-06-10 13:30:00+00:00,-0.001151327445250494
2021-06-11 13:30:00+00:00,-0.0006857143002717669
2021-06-14 13:30:00+00:00,-0.002384994897996717
2021-06-15 13:30:00+00:00,-0.0029424905895731987
2021-06-16 13:30:00+00:00,-0.008109931946718284
2021-06-17 13:30:00+00:00,-0.005713205169091473
2021-06-18 13:30:00+00:00,-0.00999275404648393
2021-06-21 13:30:00+00:00,0.016857770327713063
2021-06-22 13:30:00+00:00,0.002055713482579147
2021-06-23 13:30:00+00:00,-0.002288629711376122
2021-06-24 13:30:00+00:00,0.00764771180330891
2021-06-25 13:30:00+00:00,0.002980225134427739
2021-06-28 13:30:00+00:00,-0.004306796909410615
2021-06-29 13:30:00+00:00,-0.0014571073978164705
2021-06-30 13:30:00+00:00,0.006075820297686485
2021-07-01 13:30:00+00:00,0.003557511981719486
2021-07-02 13:30:00+00:00,0.004054723593498666
2021-07-06 13:30:00+00:00,-0.00621635765815155
2021-07-07 13:30:00+00:00,0.0021430008664959812
2021-07-08 13:30:00+00:00,-0.004354736364656453
2021-07-09 13:30:00+00:00,0.011875572724697293
2021-07-12 13:30:00+00:00,0.0044764799385705765
2021-07-13 13:30:00+00:00,-0.0021358110561747854
2021-07-14 13:30:00+00:00,0.000255156060606765
2021-07-15 13:30:00+00:00,0.0016812821316687266
2021-07-16 13:30:00+00:00,-0.009243349505631115
2021-07-19 13:30:00+00:00,-0.01650504877597082
2021-07-20 13:30:00+00:00,0.015502451588845102
2021-07-21 13:30:00+00:00,0.0068751232735988375
2021-07-22 13:30:00+00:00,0.0005802325542238918
2021-07-23 13:30:00+00:00,0.005822844884201472
2021-07-26 13:30:00+00:00,0.0024230937231872643
2021-07-27 13:30:00+00:00,-0.000680944874489453
2021-07-28 13:30:00+00:00,-0.005198826265302559
2021-07-29 13:30:00+00:00,0.002716640992325814
2021-07-30 13:30:00+00:00,-0.0023218143906410635
2021-08-02 13:30:00+00:00,-0.003829019517644816
2021-08-03 13:30:00+00:00,0.007136580427799399
2021-08-04 13:30:00+00:00,-0.007369276187578333
2021-08-05 13:30:00+00:00,0.007041642196231146
2021-08-06 13:30:00+00:00,0.0036365984303703305
2021-08-09 13:30:00+00:00,-0.0037282004826364565
2021-08-10 13:30:00+00:00,0.0035857653766635414
2021-08-11 13:30:00+00:00,0.005114546198152758
2021-08-12 13:30:00+00:00,0.00040476821560963004
2021-08-13 13:30:00+00:00,-0.001117668111641168
2021-08-16 13:30:00+00:00,0.0036916926600314317
2021-08-17 13:30:00+00:00,-0.004514941324293098
2021-08-18 13:30:00+00:00,-0.00999821128832402
2021-08-19 13:30:00+00:00,0.0004576889388296813
2021-08-20 13:30:00+00:00,0.00568834451020116
2021-08-23 13:30:00+00:00,0.004869777389879137
2021-08-24 13:30:00+00:00,-0.0005651149440006997
2021-08-25 13:30:00+00:00,0.00037276209293523054
2021-08-26 13:30:00+00:00,-0.006773081275637372
2021-08-27 13:30:00+00:00,0.006277642096318414
2021-08-30 13:30:00+00:00,-0.00212868013224855
2021-08-31 13:30:00+00:00,-0.000965985967407057
2021-09-01 13:30:00+00:00,-0.002219941323821428
2021-09-02 13:30:00+00:00,0.002467294665872133
2021-09-03 13:30:00+00:00,-0.001022006482954596
2021-09-07 13:30:00+00:00,-0.007824435039775045
2021-09-08 13:30:00+00:00,-0.00170681119617756
2021-09-09 13:30:00+00:00,-0.003918550836138468
2021-09-10 13:30:00+00:00,-0.009881834215463191
2021-09-13 13:30:00+00:00,0.005788532005884794
2021-09-14 13:30:00+00:00,-0.00953447111434592
2021-09-15 13:30:00+00:00,0.006650578324883793
2021-09-16 13:30:00+00:00,-0.001793443329908173
2021-09-17 13:30:00+00:00,-0.004503854224250159
2021-09-20 13:30:00+00:00,-0.014297736306248875
2021-09-21 13:30:00+00:00,-0.003208527170940678
2021-09-22 13:30:00+00:00,0.007294070982208456
2021-09-23 13:30:00+00:00,0.013560934869866193
2021-09-24 13:30:00+00:00,0.0009267271563320079
2021-09-27 13:30:00+00:00,0.0036450863030659145
2021-09-28 13:30:00+00:00,-0.012984621070347379
2021-09-29 13:30:00+00:00,0.0007917507372518951
2021-09-30 13:30:00+00:00,-0.01820545861008006
2021-10-01 13:30:00+00:00,0.011563824438115312
2021-10-04 13:30:00+00:00,-0.009135625432172067
2021-10-05 13:30:00+00:00,0.008109778832240167
2021-10-06 13:30:00+00:00,0.006275262223564437
2021-10-07 13:30:00+00:00,0.007005901326709629
2021-10-08 13:30:00+00:00,-0.00042569343593991106
2021-10-11 13:30:00+00:00,-0.006658341554837366
2021-10-12 13:30:00+00:00,-0.0038328089854570255
2021-10-13 13:30:00+00:00,4.830533033216575e-05
2021-10-14 13:30:00+00:00,0.0135264803576176
2021-10-15 13:30:00+00:00,0.007641425459530715
2021-10-18 13:30:00+00:00,0.0009672559809532522
2021-10-19 13:30:00+00:00,0.0036349218398825547
2021-10-20 13:30:00+00:00,0.003682356074194082
2021-10-21 13:30:00+00:00,0.002229872359593477
2021-10-22 13:30:00+00:00,0.0018462291795933062
2021-10-25 13:30:00+00:00,0.0012595903652616758
2021-10-26 13:30:00+00:00,-0.0010547603172885833
2021-10-27 13:30:00+00:00,-0.009720040397345985
2021-10-28 13:30:00+00:00,0.005106588183578997
2021-10-29 13:30:00+00:00,0.0029039342208081356
2021-11-01 13:30:00+00:00,0.0021378800302700343
2021-11-02 13:30:00+00:00,0.0031703262434414794
2021-11-03 13:30:00+00:00,0.002631302472601671
2021-11-04 13:30:00+00:00,0.00036443396501971713
2021-11-05 13:30:00+00:00,0.0015322376357056356
2021-11-08 14:30:00+00:00,0.0003327112545901013
2021-11-09 14:30:00+00:00,-0.002422534540257215
2021-11-10 14:30:00+00:00,-0.006141683884653315
2021-11-11 14:30:00+00:00,-0.003361785697872388
2021-11-12 14:30:00+00:00,0.0036962455282702924
2021-11-15 14:30:00+00:00,-0.0012453154834371038
2021-11-16 14:30:00+00:00,0.0017305447825142096
2021-11-17 14:30:00+00:00,-0.006423294785080425
2021-11-18 14:30:00+00:00,-0.0009562879991400596
2021-11-19 14:30:00+00:00,-0.007823422645523725
2021-11-22 14:30:00+00:00,-0.0004412763120145268
2021-11-23 14:30:00+00:00,0.005342990777194012
2021-11-24 14:30:00+00:00,0.0013564181880301063
2021-11-26 14:30:00+00:00,-0.013314455294435878
2021-11-29 14:30:00+00:00,0.0032763048921449103
2021-11-30 14:30:00+00:00,-0.016452503719111788
2021-12-01 14:30:00+00:00,-0.019042398963528006
2021-12-02 14:30:00+00:00,0.016437590330508723
2021-12-03 14:30:00+00:00,-0.0033486044917485744
2021-12-06 14:30:00+00:00,0.01703955469776196
2021-12-07 14:30:00+00:00,0.008240150857784057
2021-12-08 14:30:00+00:00,0.0009610800180324009
2021-12-09 14:30:00+00:00,0.0008078285063619517
2021-12-10 14:30:00+00:00,0.0038194904051960135
2021-12-13 14:30:00+00:00,-0.008664784086358967
2021-12-14 14:30:00+00:00,-0.0018286762675469137
2021-12-15 14:30:00+00:00,0.01053530299097848
2021-12-16 14:30:00+00:00,-0.0039472511644080945
2021-12-17 14:30:00+00:00,-0.012241526278507397
2021-12-20 14:30:00+00:00,-0.008332353092200716
2021-12-21 14:30:00+00:00,0.011967443754544494
2021-12-22 14:30:00+00:00,0.007287068151256226
2021-12-23 14:30:00+00:00,0.00459886357433702
2021-12-27 14:30:00+00:00,0.009576080226006301
2021-12-28 14:30:00+00:00,0.002522997740910016
2021-12-29 14:30:00+00:00,0.0017529974649854619
2021-12-30 14:30:00+00:00,-0.0035061855096737535
2021-12-31 14:30:00+00:00,-0.0014068481073837957
2022-01-03 14:30:00+00:00,0.007153778018346812
2022-01-04 14:30:00+00:00,0.00436687513647781
2022-01-05 14:30:00+00:00,-0.008691226494752746
2022-01-06 14:30:00+00:00,-0.004840085982655629
2022-01-07 14:30:00+00:00,-0.0005946176653938262
2022-01-10 14:30:00+00:00,-0.003039577710651786
2022-01-11 14:30:00+00:00,0.005257019438491761
2022-01-12 14:30:00+00:00,-0.0013615489240712652
2022-01-13 14:30:00+00:00,-0.005576550820745718
2022-01-14 14:30:00+00:00,-0.002450819080798594
2022-01-18 14:30:00+00:00,-0.008324298369303384
2022-01-19 14:30:00+00:00,-0.010933872278446676
2022-01-20 14:30:00+00:00,-0.011132483849548024
2022-01-21 14:30:00+00:00,-0.012673459529451547
2022-01-24 14:30:00+00:00,0.008525928047405252
2022-01-25 14:30:00+00:00,0.003149510385315846
2022-01-26 14:30:00+00:00,-0.010317905181768682
2022-01-27 14:30:00+00:00,-0.0030469816924121426
2022-01-28 14:30:00+00:00,0.01719094327354397
2022-01-31 14:30:00+00:00,0.012603159800651732
2022-02-01 14:30:00+00:00,0.007119315160195139
2022-02-02 14:30:00+00:00,0.006998630788278104
2022-02-03 14:30:00+00:00,-0.01161230488038235
2022-02-04 14:30:00+00:00,-0.000270960928415842
2022-02-07 14:30:00+00:00,-0.0005913357021143483
2022-02-08 14:30:00+00:00,0.008492028515518103
2022-02-09 14:30:00+00:00,0.004200451860582477
2022-02-10 14:30:00+00:00,-0.011023657513298046
2022-02-11 14:30:00+00:00,-0.015123071180628622
2022-02-14 14:30:00+00:00,-0.003798803124414507
2022-02-15 14:30:00+00:00,0.008625329165008012
2022-02-16 14:30:00+00:00,-0.000602365532561111
2022-02-17 14:30:00+00:00,-0.015775889377670948
2022-02-18 14:30:00+00:00,-0.006840498492908587
2022-02-22 14:30:00+00:00,-0.011210833888003157
2022-02-23 14:30:00+00:00,-0.01640615304822547
2022-02-24 14:30:00+00:00,0.011885868630425057
2022-02-25 14:30:00+00:00,0.023385473827346227
2022-02-28 14:30:00+00:00,0.0005489538142557815
2022-03-01 14:30:00+00:00,-0.015435045159850402
2022-03-02 14:30:00+00:00,0.015233952397586615
2022-03-03 14:30:00+00:00,-0.005345683740070617
2022-03-04 14:30:00+00:00,-0.001307202125400042
2022-03-07 14:30:00+00:00,-0.022803298677030025
2022-03-08 14:30:00+00:00,-0.007779182914411942
2022-03-09 14:30:00+00:00,0.012858693184762949
2022-03-10 14:30:00+00:00,0.0019328404795422194
2022-03-11 14:30:00+00:00,-0.010182036638305424
2022-03-14 13:30:00+00:00,-0.0017706725007235024
2022-03-15 13:30:00+00:00,0.016725783668055872
2022-03-16 13:30:00+00:00,0.012058219821561512
2022-03-17 13:30:00+00:00,0.014177556010580562
2022-03-18 13:30:00+00:00,0.008262006827238311
2022-03-21 13:30:00+00:00,-0.0034707465126964207
2022-03-22 13:30:00+00:00,0.006383564506784889
2022-03-23 13:30:00+00:00,-0.011333176287472779
2022-03-24 13:30:00+00:00,0.008652128570119755
2022-03-25 13:30:00+00:00,0.004477426897372394
2022-03-28 13:30:00+00:00,0.003427093984965868
2022-03-29 13:30:00+00:00,0.005021548191767244
2022-03-30 13:30:00+00:00,-0.0013706464826491848
2022-03-31 13:30:00+00:00,-0.01496208481101392
2022-04-01 13:30:00+00:00,0.002127314984098783
2022-04-04 13:30:00+00:00,0.003402830629731557
2022-04-05 13:30:00+00:00,-0.006842350761731797
2022-04-06 13:30:00+00:00,-0.0007902633377264822
2022-04-07 13:30:00+00:00,0.004090918221573358
2022-04-08 13:30:00+00:00,0.004293582851444533
2022-04-11 13:30:00+00:00,-0.009403751042401109
2022-04-12 13:30:00+00:00,-0.005683793049471098
2022-04-13 13:30:00+00:00,0.011547303084834749
2022-04-14 13:30:00+00:00,-0.005218057919752173
2022-04-18 13:30:00+00:00,-9.409717480580718e-05
2022-04-19 13:30:00+00:00,0.01491915440766033
2022-04-20 13:30:00+00:00,0.005566534531694633
2022-04-21 13:30:00+00:00,-0.01331766628965526
2022-04-22 13:30:00+00:00,-0.026476320286733423
2022-04-25 13:30:00+00:00,0.009321789764851197
2022-04-26 13:30:00+00:00,-0.019780272045364266
2022-04-27 13:30:00+00:00,-0.004554053256192969
2022-04-28 13:30:00+00:00,0.014572119327160394
2022-04-29 13:30:00+00:00,-0.02406781307536011
2022-05-02 13:30:00+00:00,0.0024171474823846298
2022-05-03 13:30:00+00:00,0.0011905489573307171
2022-05-04 13:30:00+00:00,0.02670764358752108
2022-05-05 13:30:00+00:00,-0.02539091918601245
2022-05-06 13:30:00+00:00,0.0037290306697894573
2022-05-09 13:30:00+00:00,-0.013545568867331392
2022-05-10 13:30:00+00:00,-0.010663274068756012
2022-05-11 13:30:00+00:00,-0.009100675438264216
2022-05-12 13:30:00+00:00,0.0008862039883405948
2022-05-13 13:30:00+00:00,0.007183250076869141
2022-05-16 13:30:00+00:00,0.0021166334252649024
2022-05-17 13:30:00+00:00,0.006918529119252381
2022-05-18 13:30:00+00:00,-0.03023981206281846
2022-05-19 13:30:00+00:00,-0.00040350244192012265
2022-05-20 13:30:00+00:00,-0.00535151559050685
2022-05-23 13:30:00+00:00,0.015327165776572105
2022-05-24 13:30:00+00:00,0.006552763867863287
2022-05-25 13:30:00+00:00,0.009453865447477384
2022-05-26 13:30:00+00:00,0.011963305675715786
2022-05-27 13:30:00+00:00,0.014498129897640755
2022-05-31 13:30:00+00:00,-0.005240703190239848
2022-06-01 13:30:00+00:00,-0.010447295569105407
2022-06-02 13:30:00+00:00,0.01328868524951531
2022-06-03 13:30:00+00:00,-0.0027259701879258744
2022-06-06 13:30:00+00:00,-0.0036195469550041157
2022-06-07 13:30:00+00:00,0.012013259813337108
2022-06-08 13:30:00+00:00,-0.005424493022080712
2022-06-09 13:30:00+00:00,-0.017031324336245778
2022-06-10 13:30:00+00:00,-0.02071335161980682
2022-06-13 13:30:00+00:00,-0.02026926421439502
2022-06-14 13:30:00+00:00,-0.007536821334589117
2022-06-15 13:30:00+00:00,0.0031066631842788686
2022-06-16 13:30:00+00:00,-0.012594990023226182
2022-06-17 13:30:00+00:00,-0.0008996577540554384
2022-06-21 13:30:00+00:00,0.015047639266069435
2022-06-22 13:30:00+00:00,0.004201465923010505
2022-06-23 13:30:00+00:00,0.003401084110033359
2022-06-24 13:30:00+00:00,0.021093033927026095
2022-06-27 13:30:00+00:00,-0.003123436744647889
2022-06-28 13:30:00+00:00,-0.01918331730959123
2022-06-29 13:30:00+00:00,-0.0013263529268574658
2022-06-30 13:30:00+00:00,-0.0005732157356284184
2022-07-01 13:30:00+00:00,0.011595391040313475
2022-07-05 13:30:00+00:00,0.0019936777152034127
2022-07-06 13:30:00+00:00,0.0024964442707060444
2022-07-07 13:30:00+00:00,0.00611661902514492
2022-07-08 13:30:00+00:00,-0.00042790468222720913
2022-07-11 13:30:00+00:00,-0.0034295188320757728
2022-07-12 13:30:00+00:00,-0.004341929464598782
2022-07-13 13:30:00+00:00,0.000848430693120672
2022-07-14 13:30:00+00:00,0.005757425047087083
2022-07-15 13:30:00+00:00,0.0165656205700213
2022-07-18 13:30:00+00:00,-0.012915203458093282
2022-07-19 13:30:00+00:00,0.021113583100425427
2022-07-20 13:30:00+00:00,0.0013090362279333135
2022-07-21 13:30:00+00:00,0.006511164306856043
2022-07-22 13:30:00+00:00,-0.008450893064500652
2022-07-25 13:30:00+00:00,0.0011240449771732109
2022-07-26 13:30:00+00:00,-0.0059998362922580985
2022-07-27 13:30:00+00:00,0.01033585540731895
2022-07-28 13:30:00+00:00,0.01021168538580185
2022-07-29 13:30:00+00:00,0.010033891782897476
2022-08-01 13:30:00+00:00,0.0012032078614154674
2022-08-02 13:30:00+00:00,-0.009127454991474503
2022-08-03 13:30:00+00:00,0.009074113530646011
2022-08-04 13:30:00+00:00,-0.0025041893454797013
2022-08-05 13:30:00+00:00,0.006329680304087748
2022-08-08 13:30:00+00:00,-0.0014632576749482706
2022-08-09 13:30:00+00:00,-0.0011043240107616703
2022-08-10 13:30:00+00:00,0.005299318346964943
2022-08-11 13:30:00+00:00,-0.003533024035372045
2022-08-12 13:30:00+00:00,0.009781092707586526
2022-08-15 13:30:00+00:00,0.005884515070152962
2022-08-16 13:30:00+00:00,0.006610818210646563
2022-08-17 13:30:00+00:00,-0.0015466975795968118
2022-08-18 13:30:00+00:00,0.0004055546640464481
2022-08-19 13:30:00+00:00,-0.0059385172313796255
2022-08-22 13:30:00+00:00,-0.015671109516714476
2022-08-23 13:30:00+00:00,-0.0038516343780068516
2022-08-24 13:30:00+00:00,0.002034372624937653
2022-08-25 13:30:00+00:00,0.007847851177926513
2022-08-26 13:30:00+00:00,-0.030437195847810582
2022-08-29 13:30:00+00:00,-0.0028653089854914324
2022-08-30 13:30:00+00:00,-0.01169596319770495
2022-08-31 13:30:00+00:00,-0.010051274281165045
2022-09-01 13:30:00+00:00,0.006316866581867575
2022-09-02 13:30:00+00:00,-0.016743187179145035
2022-09-06 13:30:00+00:00,-0.006432619226546377
2022-09-07 13:30:00+00:00,0.013887465512160791
2022-09-08 13:30:00+00:00,0.009193271851342322
2022-09-09 13:30:00+00:00,0.008542499904262247
2022-09-12 13:30:00+00:00,0.006798418095504066
2022-09-13 13:30:00+00:00,-0.028267069091434515
2022-09-14 13:30:00+00:00,-0.00029041404518083115
2022-09-15 13:30:00+00:00,-0.005332483567225499
2022-09-16 13:30:00+00:00,-0.0015316264085938446
2022-09-19 13:30:00+00:00,0.009561220294538531
2022-09-20 13:30:00+00:00,-0.006001829328709529
2022-09-21 13:30:00+00:00,-0.020723747427679694
2022-09-22 13:30:00+00:00,-0.004332474005015585
2022-09-23 13:30:00+00:00,-0.012292699194049416
2022-09-26 13:30:00+00:00,-0.009445254886277465
2022-09-27 13:30:00+00:00,-0.009783609065643694
2022-09-28 13:30:00+00:00,0.01650404952639305
2022-09-29 13:30:00+00:00,-0.00986227298867116
2022-09-30 13:30:00+00:00,-0.013749662856077049
2022-10-03 13:30:00+00:00,0.02192859531627688
2022-10-04 13:30:00+00:00,0.016316528962419852
2022-10-05 13:30:00+00:00,0.006400014285602873
2022-10-06 13:30:00+00:00,-0.00934287216889108
2022-10-07 13:30:00+00:00,-0.013186641114746888
2022-10-10 13:30:00+00:00,-0.007449275097337294
2022-10-11 13:30:00+00:00,0.005194453485322092
2022-10-12 13:30:00+00:00,-0.0008597883042176346
2022-10-13 13:30:00+00:00,0.044513235699146655
2022-10-14 13:30:00+00:00,-0.018561081254659283
2022-10-17 13:30:00+00:00,0.004099667262380302
2022-10-18 13:30:00+00:00,-0.005759048439505155
2022-10-19 13:30:00+00:00,-0.0006002955446041791
2022-10-20 13:30:00+00:00,-0.002675637392384977
2022-10-21 13:30:00+00:00,0.026025785378427358
2022-10-24 13:30:00+00:00,0.00991364737321886
2022-10-25 13:30:00+00:00,0.011757805407765599
2022-10-26 13:30:00+00:00,0.0030718611125692854
2022-10-27 13:30:00+00:00,-0.0010001684716739567
2022-10-28 13:30:00+00:00,0.02031621830152174
2022-10-31 13:30:00+00:00,-0.0007509170500553774
2022-11-01 13:30:00+00:00,-0.006477725376607302
2022-11-02 13:30:00+00:00,-0.013254342377310945
2022-11-03 13:30:00+00:00,0.0004064621863752894
2022-11-04 13:30:00+00:00,0.0041836167880924145
2022-11-07 14:30:00+00:00,0.011390085847807086
2022-11-08 14:30:00+00:00,0.00677027672181828
2022-11-09 14:30:00+00:00,-0.01496251151595952
2022-11-10 14:30:00+00:00,0.013472094662935408
2022-11-11 14:30:00+00:00,-0.0015761522586562715
2022-11-14 14:30:00+00:00,-0.0038238242944431786
2022-11-15 14:30:00+00:00,-0.004929358165073017
2022-11-16 14:30:00+00:00,-0.00013282863383291533
2022-11-17 14:30:00+00:00,0.006412317380568122
2022-11-18 14:30:00+00:00,0.004039115665907633
2022-11-21 14:30:00+00:00,-0.001877813877870793
2022-11-22 14:30:00+00:00,0.008419679047916285
2022-11-23 14:30:00+00:00,0.0029062646076594037
2022-11-25 14:30:00+00:00,0.003816407053323301
2022-11-28 14:30:00+00:00,-0.012541659953185468
2022-11-29 14:30:00+00:00,3.975704893121054e-05
2022-11-30 14:30:00+00:00,0.023404356982441355
2022-12-01 14:30:00+00:00,-0.004112850260485701
2022-12-02 14:30:00+00:00,0.004698702227724716
2022-12-05 14:30:00+00:00,-0.011418498279909938
2022-12-06 14:30:00+00:00,-0.010134255929466495
2022-12-07 14:30:00+00:00,0.0011374223526203653
2022-12-08 14:30:00+00:00,0.0024377432945892233
2022-12-09 14:30:00+00:00,-0.008108187834971924
2022-12-12 14:30:00+00:00,0.014385271632930009
2022-12-13 14:30:00+00:00,-0.004763205406851501
2022-12-14 14:30:00+00:00,-0.0036122485197742746
2022-12-15 14:30:00+00:00,-0.017000519645870914
2022-12-16 14:30:00+00:00,-0.007517131434781954
2022-12-19 14:30:00+00:00,-0.0050788256635022734
2022-12-20 14:30:00+00:00,0.0033976999116311804
2022-12-21 14:30:00+00:00,0.01044831286484248
2022-12-22 14:30:00+00:00,-0.006294478485350597
2022-12-23 14:30:00+00:00,0.00726842516933156
2022-12-27 14:30:00+00:00,0.000421550830689721
2022-12-28 14:30:00+00:00,-0.01179558298776896
2022-12-29 14:30:00+00:00,0.005937627553887148
2022-12-30 14:30:00+00:00,0.0006741358431498923
2023-01-03 14:30:00+00:00,-0.00047791131351228024
2023-01-04 14:30:00+00:00,0.003054785545252059
2023-01-05 14:30:00+00:00,-0.007982707942022393
2023-01-06 14:30:00+00:00,0.01730442773633255
2023-01-09 14:30:00+00:00,-0.004458973525902088
2023-01-10 14:30:00+00:00,0.0054993993617402535
2023-01-11 14:30:00+00:00,0.006387535285137236
2023-01-12 14:30:00+00:00,0.004073812322085135
2023-01-13 14:30:00+00:00,0.006570542120686518
2023-01-17 14:30:00+00:00,-0.009201333491003282
2023-01-18 14:30:00+00:00,-0.019291645246537936
2023-01-19 14:30:00+00:00,-0.003922363659530148
2023-01-20 14:30:00+00:00,0.009032015071563027
2023-01-23 14:30:00+00:00,0.0055818931825108884
2023-01-24 14:30:00+00:00,0.008548366567591382
2023-01-25 14:30:00+00:00,0.0060267298871860995
2023-01-26 14:30:00+00:00,0.005163288780522179
2023-01-27 14:30:00+00:00,0.000640685346786396
2023-01-30 14:30:00+00:00,-0.005765749465657233
2023-01-31 14:30:00+00:00,0.0082565305104365
2023-02-01 14:30:00+00:00,0.0014675675551614087
2023-02-02 14:30:00+00:00,-0.002308055051669877
2023-02-03 14:30:00+00:00,-0.000108520307058002
2023-02-06 14:30:00+00:00,0.00038939921403223786
2023-02-07 14:30:00+00:00,0.011357289385017778
2023-02-08 14:30:00+00:00,-0.005487374854400662
2023-02-09 14:30:00+00:00,-0.011996297300801439
2023-02-10 14:30:00+00:00,0.0057723323689773285
2023-02-13 14:30:00+00:00,0.010480308955257634
2023-02-14 14:30:00+00:00,-0.0031654511636067914
2023-02-15 14:30:00+00:00,0.003411516895585709
2023-02-16 14:30:00+00:00,-0.00878549955613529
2023-02-17 14:30:00+00:00,0.004344565591211979
2023-02-21 14:30:00+00:00,-0.017017115223027523
2023-02-22 14:30:00+00:00,-0.0038455772628798288
2023-02-23 14:30:00+00:00,-0.0007474820143884675
2023-02-24 14:30:00+00:00,-0.005623454469113953
2023-02-27 14:30:00+00:00,-0.0006187573517828615
2023-02-28 14:30:00+00:00,-0.006694057137642384
2023-03-01 14:30:00+00:00,6.752331226532746e-05
2023-03-02 14:30:00+00:00,0.006690573036374869
2023-03-03 14:30:00+00:00,0.009412562090052024
2023-03-06 14:30:00+00:00,8.312745226589655e-05
2023-03-07 14:30:00+00:00,-0.01720668832215212
2023-03-08 14:30:00+00:00,-0.0023414064367888285
2023-03-09 14:30:00+00:00,-0.019018149513548865
2023-03-10 14:30:00+00:00,-0.008659850746341135
2023-03-13 13:30:00+00:00,-0.00012479774492747388
2023-03-14 13:30:00+00:00,0.003023082993568005
2023-03-15 13:30:00+00:00,0.0035115127353684164
2023-03-16 13:30:00+00:00,0.013061524193076702
2023-03-17 13:30:00+00:00,-0.011129466147503663
2023-03-20 13:30:00+00:00,0.011579409666238483
2023-03-21 13:30:00+00:00,0.004214793470898026
2023-03-22 13:30:00+00:00,-0.01668203673952474
2023-03-23 13:30:00+00:00,1.7121217661608763e-05
2023-03-24 13:30:00+00:00,0.00612096325500876
2023-03-27 13:30:00+00:00,0.004713356859544759
2023-03-28 13:30:00+00:00,-0.001351727998247465
2023-03-29 13:30:00+00:00,0.004538520125982426
2023-03-30 13:30:00+00:00,0.0014728620922614844
2023-03-31 13:30:00+00:00,0.011212015739943338
2023-04-03 13:30:00+00:00,0.010589091191081524
2023-04-04 13:30:00+00:00,-0.005827380990308895
2023-04-05 13:30:00+00:00,0.0025386656338774907
2023-04-06 13:30:00+00:00,0.0018247838241485126
2023-04-10 13:30:00+00:00,0.004724781602231764
2023-04-11 13:30:00+00:00,0.002818980327063503
2023-04-12 13:30:00+00:00,-0.0035862635385701777
2023-04-13 13:30:00+00:00,0.010613801748085894
2023-04-14 13:30:00+00:00,-0.002902748445337899
2023-04-17 13:30:00+00:00,0.0015716174326212307
2023-04-18 13:30:00+00:00,0.0002376621793402812
2023-04-19 13:30:00+00:00,0.00011196902278486362
2023-04-20 13:30:00+00:00,0.0012639214809124666
2023-04-21 13:30:00+00:00,0.0003545054178848318
2023-04-24 13:30:00+00:00,0.001981328019468254
2023-04-25 13:30:00+00:00,-0.008894747839361294
2023-04-26 13:30:00+00:00,-0.008864905682271284
2023-04-27 13:30:00+00:00,0.013215694843198945
2023-04-28 13:30:00+00:00,0.008798027794735697
2023-05-01 13:30:00+00:00,-0.0020084251336429768
2023-05-02 13:30:00+00:00,-0.009891685398341964
2023-05-03 13:30:00+00:00,-0.00936277678300491
2023-05-04 13:30:00+00:00,-0.00669842905590613
2023-05-05 13:30:00+00:00,0.012707419120358655
2023-05-08 13:30:00+00:00,-0.0029609404294573924
2023-05-09 13:30:00+00:00,-0.0009348643249530552
2023-05-10 13:30:00+00:00,-0.005317612196393051
2023-05-11 13:30:00+00:00,-0.0023279879563917858
2023-05-12 13:30:00+00:00,-0.0021963685731770763
2023-05-15 13:30:00+00:00,0.0007220176947162372
2023-05-16 13:30:00+00:00,-0.008010669666414071
2023-05-17 13:30:00+00:00,0.009820352232586805
2023-05-18 13:30:00+00:00,0.004734567685644719
2023-05-19 13:30:00+00:00,-0.004754752370965798
2023-05-22 13:30:00+00:00,-0.0037505917625382354
2023-05-23 13:30:00+00:00,-0.0041701233900692915
2023-05-24 13:30:00+00:00,-0.006817989356214038
2023-05-25 13:30:00+00:00,-0.002827540460112032
2023-05-26 13:30:00+00:00,0.008981729010077533
2023-05-30 13:30:00+00:00,-0.0019386851713616537
2023-05-31 13:30:00+00:00,-0.001327404808847088
2023-06-01 13:30:00+00:00,0.003899980071273557
2023-06-02 13:30:00+00:00,0.017231291593004617
2023-06-05 13:30:00+00:00,-0.00626708821988643
2023-06-06 13:30:00+00:00,0.000663372644618121
2023-06-07 13:30:00+00:00,0.002955519604766799
2023-06-08 13:30:00+00:00,0.0051479130269573735
2023-06-09 13:30:00+00:00,0.0006189981797148803
2023-06-12 13:30:00+00:00,0.004604877489893233
2023-06-13 13:30:00+00:00,0.002862174586793376
2023-06-14 13:30:00+00:00,-0.002020154833208176
2023-06-15 13:30:00+00:00,0.01351216022101286
2023-06-16 13:30:00+00:00,-0.004884654829668944
2023-06-20 13:30:00+00:00,-0.00456664660630669
2023-06-21 13:30:00+00:00,-0.001248526653138915
2023-06-22 13:30:00+00:00,0.0012640574660196414
2023-06-23 13:30:00+00:00,-0.0032987101256544246
2023-06-26 13:30:00+00:00,-0.000576660210059432
2023-06-27 13:30:00+00:00,0.00546349795164901
2023-06-28 13:30:00+00:00,-0.0009476263637163806
2023-06-29 13:30:00+00:00,0.007811828743580429
2023-06-30 13:30:00+00:00,0.003917508064424246
2023-07-03 13:30:00+00:00,0.0013165786987661022
2023-07-05 13:30:00+00:00,-0.0017328019864771948
2023-07-06 13:30:00+00:00,-0.007390569733727326
2023-07-07 13:30:00+00:00,-0.003120102074624553
2023-07-10 13:30:00+00:00,0.006982448780539874
2023-07-11 13:30:00+00:00,0.0059040761238904225
2023-07-12 13:30:00+00:00,-0.0014912246320125777
2023-07-13 13:30:00+00:00,-0.0005988903520735111
2023-07-14 13:30:00+00:00,0.0023314401505796114
2023-07-17 13:30:00+00:00,0.0023815632093222463
2023-07-18 13:30:00+00:00,0.010156691655229134
2023-07-19 13:30:00+00:00,0.001900502358293188
2023-07-20 13:30:00+00:00,0.0036957167697793006
2023-07-21 13:30:00+00:00,-0.0014218938263560576
2023-07-24 13:30:00+00:00,0.0050219181730468574
2023-07-25 13:30:00+00:00,0.0003681347976780437
2023-07-26 13:30:00+00:00,0.0048265226682704275
2023-07-27 13:30:00+00:00,-0.00786377148318419
2023-07-28 13:30:00+00:00,0.00034580209274602823
2023-07-31 13:30:00+00:00,0.0025380923261823954
2023-08-01 13:30:00+00:00,0.0011558708752665737
2023-08-02 13:30:00+00:00,-0.007677715339756153
2023-08-03 13:30:00+00:00,0.0005061173119469298
2023-08-04 13:30:00+00:00,-0.0047695205952203
2023-08-07 13:30:00+00:00,0.009793847458573247
2023-08-08 13:30:00+00:00,-0.0009745171257485973
2023-08-09 13:30:00+00:00,-0.005787925355876811
2023-08-10 13:30:00+00:00,-0.0016721886262686225
2023-08-11 13:30:00+00:00,0.004742850448595115
2023-08-14 13:30:00+00:00,0.00085646611848621
2023-08-15 13:30:00+00:00,-0.007850861536492403
2023-08-16 13:30:00+00:00,-0.0043738886781834576
2023-08-17 13:30:00+00:00,-0.010286196640340594
2023-08-18 13:30:00+00:00,0.0037494936521829006
2023-08-21 13:30:00+00:00,-0.002057351169817989
2023-08-22 13:30:00+00:00,-0.0060529984005449735
2023-08-23 13:30:00+00:00,0.003813690853687202
2023-08-24 13:30:00+00:00,-0.009984086783606749
2023-08-25 13:30:00+00:00,0.0036945939565278143
2023-08-28 13:30:00+00:00,0.0033359525737603926
2023-08-29 13:30:00+00:00,0.009211912589718974
2023-08-30 13:30:00+00:00,0.0011177956441610238
2023-08-31 13:30:00+00:00,-0.005461918295143209
2023-09-01 13:30:00+00:00,-0.00120468747917436
2023-09-05 13:30:00+00:00,-0.005875872815998118
2023-09-06 13:30:00+00:00,-0.004967960259982707
2023-09-07 13:30:00+00:00,0.004253585018345596
2023-09-08 13:30:00+00:00,0.0024858621188417088
2023-09-11 13:30:00+00:00,0.00029558518367210916
2023-09-12 13:30:00+00:00,0.0006501078957092843
2023-09-13 13:30:00+00:00,-0.002746587695710911
2023-09-14 13:30:00+00:00,0.006231081081081047
2023-09-15 13:30:00+00:00,-0.008231352461722696
2023-09-18 13:30:00+00:00,0.00024703624277243606
2023-09-19 13:30:00+00:00,-0.0016651285914938252
2023-09-20 13:30:00+00:00,-0.003993540042804844
2023-09-21 13:30:00+00:00,-0.007725737977854486
2023-09-22 13:30:00+00:00,-0.003423004420585085
2023-09-25 13:30:00+00:00,0.002828225301696008
2023-09-26 13:30:00+00:00,-0.007299689554988065
2023-09-27 13:30:00+00:00,-0.004034917188722631
2023-09-28 13:30:00+00:00,0.004282484651805907
2023-09-29 13:30:00+00:00,-0.011170852626739235
2023-10-02 13:30:00+00:00,-0.0007620267967897276
2023-10-03 13:30:00+00:00,-0.009597957881608565
2023-10-04 13:30:00+00:00,0.002787042894728964
2023-10-05 13:30:00+00:00,0.0005145110766004879
2023-10-06 13:30:00+00:00,0.01100384813048393
2023-10-09 13:30:00+00:00,0.010267115276858297
2023-10-10 13:30:00+00:00,0.0015592923561105088
2023-10-11 13:30:00+00:00,-0.0006123299312361774
2023-10-12 13:30:00+00:00,-0.006437825463622382
2023-10-13 13:30:00+00:00,-0.001969093945101374
2023-10-16 13:30:00+00:00,0.004396195633349131
2023-10-17 13:30:00+00:00,0.00367352223510985
2023-10-18 13:30:00+00:00,-0.00879168734034642
2023-10-19 13:30:00+00:00,-0.007683941196814603
2023-10-20 13:30:00+00:00,-0.007232814588148295
2023-10-23 13:30:00+00:00,-0.0018157985478225557
2023-10-24 13:30:00+00:00,0.001463579424640471
2023-10-25 13:30:00+00:00,-0.005147702945752186
2023-10-26 13:30:00+00:00,-0.0071530296971415
2023-10-27 13:30:00+00:00,-0.01122818497540724
2023-10-30 13:30:00+00:00,0.011929854939186847
2023-10-31 13:30:00+00:00,0.0006194174835361
2023-11-01 13:30:00+00:00,0.005725155134178805
2023-11-02 13:30:00+00:00,0.011295177837020044
2023-11-03 13:30:00+00:00,0.002032823974789533
2023-11-06 14:30:00+00:00,-4.671421179447326e-06
2023-11-07 14:30:00+00:00,0.0021583025864097996
2023-11-08 14:30:00+00:00,-0.0022544641685927733
2023-11-09 14:30:00+00:00,-0.008054918356123052
2023-11-10 14:30:00+00:00,0.007609433446660085
2023-11-13 14:30:00+00:00,0.002194886599969459
2023-11-14 14:30:00+00:00,0.007028150716830816
2023-11-15 14:30:00+00:00,0.002320513600981167
2023-11-16 14:30:00+00:00,0.002120873884297703
2023-11-17 14:30:00+00:00,-0.0006016202669781978
2023-11-20 14:30:00+00:00,0.006156375998480168
2023-11-21 14:30:00+00:00,-0.0005714672200091253
2023-11-22 14:30:00+00:00,0.00227865084274036
2023-11-24 14:30:00+00:00,0.002456664579638657
2023-11-27 14:30:00+00:00,-0.0013147252392211705
2023-11-28 14:30:00+00:00,0.002301541178714162
2023-11-29 14:30:00+00:00,-0.00028000796091544035
2023-11-30 14:30:00+00:00,0.009853776709088703
2023-12-01 14:30:00+00:00,0.00911776021772236
2023-12-04 14:30:00+00:00,0.0030882648991798936
2023-12-05 14:30:00+00:00,-0.00040689483182189114
2023-12-06 14:30:00+00:00,-0.003673450818225354
2023-12-07 14:30:00+00:00,-0.0002880449681588292
2023-12-08 14:30:00+00:00,0.004418542141486614
2023-12-11 14:30:00+00:00,0.004054029885224952
2023-12-12 14:30:00+00:00,0.0036275524167295073
2023-12-13 14:30:00+00:00,0.013244630307102535
2023-12-14 14:30:00+00:00,0.0034759236785464223
2023-12-15 14:30:00+00:00,0.0028751752611273387
2023-12-18 14:30:00+00:00,-0.0007461559840427178
2023-12-19 14:30:00+00:00,0.006495806916918301
2023-12-20 14:30:00+00:00,-0.011777169535977194
2023-12-21 14:30:00+00:00,0.004709394479270201
2023-12-22 14:30:00+00:00,0.0008825953548916466
2023-12-26 14:30:00+00:00,0.0036274786417165197
2023-12-27 14:30:00+00:00,0.0035754665677991573
2023-12-28 14:30:00+00:00,0.0011899647134441139
2023-12-29 14:30:00+00:00,-0.00042067165532989605
2024-01-02 14:30:00+00:00,0.0038615462362712074
2024-01-03 14:30:00+00:00,-0.005389480013823234
2024-01-04 14:30:00+00:00,0.00030236421068984286
2024-01-05 14:30:00+00:00,0.00018429599405455087
2024-01-08 14:30:00+00:00,0.009427609756036393
2024-01-09 14:30:00+00:00,-5.711026897793339e-05
2024-01-10 14:30:00+00:00,0.003703175623560362
2024-01-11 14:30:00+00:00,-0.001056922647700531
2024-01-12 14:30:00+00:00,-0.006051399076643771
2024-01-16 14:30:00+00:00,-0.003631754325172276
2024-01-17 14:30:00+00:00,-0.0005073697035128499
2024-01-18 14:30:00+00:00,0.004398582941660833
2024-01-19 14:30:00+00:00,0.007653031638831675
2024-01-22 14:30:00+00:00,0.0020692718084802555
2024-01-23 14:30:00+00:00,-0.0015315106878104445
2024-01-24 14:30:00+00:00,-0.0045497384458163094
2024-01-25 14:30:00+00:00,0.00482725644905323
2024-01-26 14:30:00+00:00,0.0026034721487073645
2024-01-29 14:30:00+00:00,0.005609467810493862
2024-01-30 14:30:00+00:00,0.004314776425191835
2024-01-31 14:30:00+00:00,-0.007294994213833628
2024-02-01 14:30:00+00:00,0.008924150182029179
2024-02-02 14:30:00+00:00,0.005266202858276603
2024-02-05 14:30:00+00:00,-0.004423278955060017
2024-02-06 14:30:00+00:00,0.0032459557034778433
2024-02-07 14:30:00+00:00,0.0015436766400045321
2024-02-08 14:30:00+00:00,0.0005257733852523816
2024-02-09 14:30:00+00:00,-0.001656268521723414
2024-02-12 14:30:00+00:00,0.0035375832130759457
2024-02-13 14:30:00+00:00,-0.011118888889337552
2024-02-14 14:30:00+00:00,0.0012446459088926054
2024-02-15 14:30:00+00:00,0.009670828168380153
2024-02-16 14:30:00+00:00,-0.0032927017738531125
2024-02-20 14:30:00+00:00,-0.0004230208668442147
2024-02-21 14:30:00+00:00,0.003241109563850031
2024-02-22 14:30:00+00:00,0.005664367754253596
2024-02-23 14:30:00+00:00,-8.952595450095662e-06
2024-02-26 14:30:00+00:00,-0.0020302337695410452
2024-02-27 14:30:00+00:00,-0.0030545789327779513
2024-02-28 14:30:00+00:00,0.00018099502535483546
2024-02-29 14:30:00+00:00,-0.0005449553042196186
2024-03-01 14:30:00+00:00,0.0024100901033581204
2024-03-04 14:30:00+00:00,0.00044039668183802903
2024-03-05 14:30:00+00:00,-0.008370728250383219
2024-03-06 14:30:00+00:00,-0.0016520628564775763
2024-03-07 14:30:00+00:00,8.17947238438311e-05
2024-03-08 14:30:00+00:00,-0.0014954058589115137
2024-03-11 13:30:00+00:00,0.0025495114663322996
2024-03-12 13:30:00+00:00,0.0030419119501152616
2024-03-13 13:30:00+00:00,-0.0003882584588154158
2024-03-14 13:30:00+00:00,-0.005639806368875189
2024-03-15 13:30:00+00:00,-0.0025447247030024986
2024-03-18 13:30:00+00:00,-0.0010400691812041507
2024-03-19 13:30:00+00:00,0.007400135844682232
2024-03-20 13:30:00+00:00,0.011163246136319572
2024-03-21 13:30:00+00:00,0.0029342086415113824
2024-03-22 13:30:00+00:00,-0.007596347287446637
2024-03-25 13:30:00+00:00,-0.0025586935323653856
2024-03-26 13:30:00+00:00,-0.0015233497275736307
2024-03-27 13:30:00+00:00,0.007454047027266364
2024-03-28 13:30:00+00:00,0.000997301571381104
2024-04-01 13:30:00+00:00,-0.006156032727461802
2024-04-02 13:30:00+00:00,-0.0022915289207884435
2024-04-03 13:30:00+00:00,-0.00041807228434688194
2024-04-04 13:30:00+00:00,-0.01907693815763002
2024-04-05 13:30:00+00:00,0.006082819462257738
2024-04-08 13:30:00+00:00,-0.0007069698243551525
2024-04-09 13:30:00+00:00,-0.002664876690624662
2024-04-10 13:30:00+00:00,-0.0052929044215413
2024-04-11 13:30:00+00:00,-0.001766099672935073
2024-04-12 13:30:00+00:00,-0.008865915369481236
2024-04-15 13:30:00+00:00,-0.00903673394788319
2024-04-16 13:30:00+00:00,-0.005186567890957961
2024-04-17 13:30:00+00:00,-0.005274307748872953
2024-04-18 13:30:00+00:00,-0.0019979478136083026
2024-04-19 13:30:00+00:00,0.004778526639694236
2024-04-22 13:30:00+00:00,0.0031292729478113904
2024-04-23 13:30:00+00:00,0.003748702240539348
2024-04-24 13:30:00+00:00,-0.002482893423120924
2024-04-25 13:30:00+00:00,0.0007859155341645053
2024-04-26 13:30:00+00:00,0.003178549747508519
2024-04-29 13:30:00+00:00,0.0026148334126341213
2024-04-30 13:30:00+00:00,-0.013702293941518794
2024-05-01 13:30:00+00:00,0.0014254225567047363
2024-05-02 13:30:00+00:00,0.003839833591967368
2024-05-03 13:30:00+00:00,-0.0009700657423370562
2024-05-06 13:30:00+00:00,0.0022177041396600375
2024-05-07 13:30:00+00:00,0.0005515955294634778
2024-05-08 13:30:00+00:00,0.0060179527771086925
2024-05-09 13:30:00+00:00,0.008181024869573495
2024-05-10 13:30:00+00:00,0.001073660942240584
2024-05-13 13:30:00+00:00,-0.004135472614314584
2024-05-14 13:30:00+00:00,0.002214546526542172
2024-05-15 13:30:00+00:00,0.0072936056187537955
2024-05-16 13:30:00+00:00,-0.0011763823335886436
2024-05-17 13:30:00+00:00,0.0022018576154403282
2024-05-20 13:30:00+00:00,-0.004675975940716903
2024-05-21 13:30:00+00:00,0.0016231724744615206
2024-05-22 13:30:00+00:00,-0.004923708193581689
2024-05-23 13:30:00+00:00,-0.0159631642663134
2024-05-24 13:30:00+00:00,-0.0006024561692433816
2024-05-28 13:30:00+00:00,-0.004612771506675617
2024-05-29 13:30:00+00:00,-0.00719629588972982
2024-05-30 13:30:00+00:00,-0.006794869164018402
2024-05-31 13:30:00+00:00,0.014217117113057388
2024-06-03 13:30:00+00:00,-0.003689694479894878
2024-06-04 13:30:00+00:00,0.004895726525196531
2024-06-05 13:30:00+00:00,0.0007383742913058434
2024-06-06 13:30:00+00:00,0.0014653010644007814
2024-06-07 13:30:00+00:00,-0.0017018532283885723
2024-06-10 13:30:00+00:00,0.0020436339490221725
2024-06-11 13:30:00+00:00,-0.0013447010592947505
2024-06-12 13:30:00+00:00,-0.006221528384375852
2024-06-13 13:30:00+00:00,-0.0008761573354241325
2024-06-14 13:30:00+00:00,0.0014772662772621792
2024-06-17 13:30:00+00:00,0.005421091220768159
2024-06-18 13:30:00+00:00,0.001337327089369944
2024-06-20 13:30:00+00:00,0.008404923137290677
2024-06-21 13:30:00+00:00,-0.001583953131589444
2024-06-24 13:30:00+00:00,0.0056860308044008765
2024-06-25 13:30:00+00:00,-0.007375068931568152
2024-06-26 13:30:00+00:00,0.0015550725257959975
2024-06-27 13:30:00+00:00,0.001356437040187497
2024-06-28 13:30:00+00:00,0.0005770818969323855
2024-07-01 13:30:00+00:00,-0.0005256520875344228
2024-07-02 13:30:00+00:00,0.005617503659713685
2024-07-03 13:30:00+00:00,-0.0013944760914940235
2024-07-05 13:30:00+00:00,0.00148909325402945
2024-07-08 13:30:00+00:00,-0.001297995269301977
2024-07-09 13:30:00+00:00,-0.00176175590321338
2024-07-10 13:30:00+00:00,0.011330663612282955
2024-07-11 13:30:00+00:00,0.001375501886150754
2024-07-12 13:30:00+00:00,0.005370066335968804
2024-07-15 13:30:00+00:00,0.0017266875449495234
2024-07-16 13:30:00+00:00,0.01705435553510014
2024-07-17 13:30:00+00:00,0.008110638976798857
2024-07-18 13:30:00+00:00,-0.012043152666186396
2024-07-19 13:30:00+00:00,-0.00760930411190065
2024-07-22 13:30:00+00:00,-7.641625465183424e-05
2024-07-23 13:30:00+00:00,-0.0022175253619636346
2024-07-24 13:30:00+00:00,-0.008972226627734902
2024-07-25 13:30:00+00:00,0.0025724848224262134
2024-07-26 13:30:00+00:00,0.011072667345266563
2024-07-29 13:30:00+00:00,-0.003193054248905602
2024-07-30 13:30:00+00:00,0.0028835762431287273
2024-07-31 13:30:00+00:00,0.0017129062714713484
2024-08-01 13:30:00+00:00,-0.014006022697265485
2024-08-02 13:30:00+00:00,-0.008535773880516417
2024-08-05 13:30:00+00:00,-0.009136259355885922
2024-08-06 13:30:00+00:00,0.006649275347119443
2024-08-07 13:30:00+00:00,-0.011994967022981317
2024-08-08 13:30:00+00:00,0.012897032623089489
2024-08-09 13:30:00+00:00,0.002170613472042271
2024-08-12 13:30:00+00:00,-0.0051308408596631
2024-08-13 13:30:00+00:00,0.008021914175188705
2024-08-14 13:30:00+00:00,0.005121047780090471
2024-08-15 13:30:00+00:00,0.006533959914921883
2024-08-16 13:30:00+00:00,0.003129855114815994
2024-08-19 13:30:00+00:00,0.005449508957779503
2024-08-20 13:30:00+00:00,-0.0010676145849191187
2024-08-21 13:30:00+00:00,0.00013133054526347508
2024-08-22 13:30:00+00:00,-0.005461281714602373
2024-08-23 13:30:00+00:00,0.00713980905977073
2024-08-26 13:30:00+00:00,0.0008630795792143764
2024-08-27 13:30:00+00:00,0.0014592267145994043
2024-08-28 13:30:00+00:00,-0.003948468813198114
2024-08-29 13:30:00+00:00,-0.0003527292873468756
2024-08-30 13:30:00+00:00,0.004660363737078554
2024-09-03 13:30:00+00:00,-0.013422404408627308
2024-09-04 13:30:00+00:00,0.002417860851416476
2024-09-05 13:30:00+00:00,-0.007421115616692797
2024-09-06 13:30:00+00:00,-0.010193980654880985
2024-09-09 13:30:00+00:00,0.006668086018754671
2024-09-10 13:30:00+00:00,-0.004487937934574038
2024-09-11 13:30:00+00:00,0.005386122345286226
2024-09-12 13:30:00+00:00,0.005642732321928789
2024-09-13 13:30:00+00:00,0.005733789812523582
2024-09-16 13:30:00+00:00,0.004410811504869538
2024-09-17 13:30:00+00:00,-0.0029185739397720287
2024-09-18 13:30:00+00:00,-0.0031221447853856496
2024-09-19 13:30:00+00:00,0.0011539815122882824
2024-09-20 13:30:00+00:00,0.002376908963587876
2024-09-23 13:30:00+00:00,0.0014275651773833942
2024-09-24 13:30:00+00:00,-0.0007338235747038735
2024-09-25 13:30:00+00:00,-0.007708181650782031
2024-09-26 13:30:00+00:00,0.001364794292496574
2024-09-27 13:30:00+00:00,0.0019140874189606972
2024-09-30 13:30:00+00:00,0.0008552772835024203
2024-10-01 13:30:00+00:00,-0.0026081058698698254
2024-10-02 13:30:00+00:00,0.001594449091230732
2024-10-03 13:30:00+00:00,-0.0021888927652846777
2024-10-04 13:30:00+00:00,0.0023731971683376043
2024-10-07 13:30:00+00:00,-0.008028051752637
2024-10-08 13:30:00+00:00,0.0012736082421327289
2024-10-09 13:30:00+00:00,0.01039860529273805
2024-10-10 13:30:00+00:00,-0.001446698507412203
2024-10-11 13:30:00+00:00,0.008282705711708516
2024-10-14 13:30:00+00:00,0.006075762259620132
2024-10-15 13:30:00+00:00,-0.011657539628766821
2024-10-16 13:30:00+00:00,0.00859214380389538
2024-10-17 13:30:00+00:00,0.0026653691282221173
2024-10-18 13:30:00+00:00,0.0019559152879688904
2024-10-21 13:30:00+00:00,-0.006823611973950772
2024-10-22 13:30:00+00:00,0.0010206698400605397
2024-10-23 13:30:00+00:00,-0.007557772967586096
2024-10-24 13:30:00+00:00,-0.0035850074496317605
2024-10-25 13:30:00+00:00,-0.008648365159763315
2024-10-28 13:30:00+00:00,0.002810980522420115
2024-10-29 13:30:00+00:00,-0.00223663164036737
2024-10-30 13:30:00+00:00,-0.00266260406505171
2024-10-31 13:30:00+00:00,-0.004697133757813565
2024-11-01 13:30:00+00:00,0.004255669367311687
2024-11-04 14:30:00+00:00,-0.0051008402155526935
2024-11-05 14:30:00+00:00,0.009135953513973217
2024-11-06 14:30:00+00:00,0.02042562594681251
2024-11-07 14:30:00+00:00,0.00013829427403976312
2024-11-08 14:30:00+00:00,0.004936884376831807
2024-11-11 14:30:00+00:00,0.005244826088120591
2024-11-12 14:30:00+00:00,-0.010204563613215211
2024-11-13 14:30:00+00:00,0.0016714141348859069
2024-11-14 14:30:00+00:00,-0.00649346631371851
2024-11-15 14:30:00+00:00,-0.003379380490764483
2024-11-18 14:30:00+00:00,-0.001073686889781833
2024-11-19 14:30:00+00:00,0.0004936617484820772
2024-11-20 14:30:00+00:00,0.002496494754636636
2024-11-21 14:30:00+00:00,0.007517415074430367
2024-11-22 14:30:00+00:00,0.009584682859803174
2024-11-25 14:30:00+00:00,0.00780983821165514
2024-11-26 14:30:00+00:00,0.0054008084814731626
2024-11-27 14:30:00+00:00,-0.002680223277260818
2024-11-29 14:30:00+00:00,0.003264555080287879
2024-12-02 14:30:00+00:00,-0.003302150765758138
2024-12-03 14:30:00+00:00,-0.0015305892010234578
2024-12-04 14:30:00+00:00,0.0015240893343875129
2024-12-05 14:30:00+00:00,-0.006155504147888913
2024-12-06 14:30:00+00:00,-0.004155157037662127
2024-12-09 14:30:00+00:00,-0.005387854020015193
2024-12-10 14:30:00+00:00,-0.0010875962218403034
2024-12-11 14:30:00+00:00,-0.0035277687715398296
2024-12-12 14:30:00+00:00,-0.005862888473400563
2024-12-13 14:30:00+00:00,-0.0024012019887848066
2024-12-16 14:30:00+00:00,-0.0025707214604708925
2024-12-17 14:30:00+00:00,-0.004831722890436441
2024-12-18 14:30:00+00:00,-0.026166612689480406
2024-12-19 14:30:00+00:00,-0.0029704374289438837
2024-12-20 14:30:00+00:00,0.012761656749179052
2024-12-23 14:30:00+00:00,0.0023873767046866837
2024-12-24 14:30:00+00:00,0.008767241141246485
2024-12-26 14:30:00+00:00,0.0027690719093529273
2024-12-27 14:30:00+00:00,-0.00358057263528001
2024-12-30 14:30:00+00:00,-0.00686861371048676
2024-12-31 14:30:00+00:00,-0.0022690344338224364
2025-01-02 14:30:00+00:00,-0.00637800629302322
2025-01-03 14:30:00+00:00,0.005462135562232173
2025-01-06 14:30:00+00:00,-0.003110607526445885
2025-01-07 14:30:00+00:00,-0.00667214347723023
2025-01-08 14:30:00+00:00,0.00208836523892052
2025-01-10 14:30:00+00:00,-0.014247525957470041
2025-01-13 14:30:00+00:00,0.008783583822848929
2025-01-14 14:30:00+00:00,0.0034844276735961246
2025-01-15 14:30:00+00:00,0.006743801091350077
2025-01-16 14:30:00+00:00,-0.0032674821408977925
2025-01-17 14:30:00+00:00,0.003946802614679379
2025-01-21 14:30:00+00:00,0.011321447118070694
2025-01-22 14:30:00+00:00,-0.0005827764206690733
2025-01-23 14:30:00+00:00,0.01013539305391652
2025-01-24 14:30:00+00:00,-0.0025588093300025314
2025-01-27 14:30:00+00:00,0.01269169018367643
2025-01-28 14:30:00+00:00,0.0020000856372714873
2025-01-29 14:30:00+00:00,-0.0024657365625440184
2025-01-30 14:30:00+00:00,0.0073847877563744
2025-01-31 14:30:00+00:00,-0.011412983378758745
2025-02-03 14:30:00+00:00,0.0033734165348497827
2025-02-04 14:30:00+00:00,0.001846911952040109
2025-02-05 14:30:00+00:00,0.0068485441681920165
2025-02-06 14:30:00+00:00,-0.0045842297201362904
2025-02-07 14:30:00+00:00,-0.010357942557685861
2025-02-10 14:30:00+00:00,0.0015552562237739376
2025-02-11 14:30:00+00:00,0.004230260365471128
2025-02-12 14:30:00+00:00,0.0001448137570536524
2025-02-13 14:30:00+00:00,0.006326161657203222
2025-02-14 14:30:00+00:00,-0.004011142462907802
2025-02-18 14:30:00+00:00,-0.0007183915319086797
2025-02-19 14:30:00+00:00,0.0032605005410402013
2025-02-20 14:30:00+00:00,-0.008727723656173036
2025-02-21 14:30:00+00:00,-0.009048156584360766
2025-02-24 14:30:00+00:00,-0.0008336828318487143
2025-02-25 14:30:00+00:00,0.002460849120253561
2025-02-26 14:30:00+00:00,-0.004736159628054526
2025-02-27 14:30:00+00:00,-0.006464063726272962
2025-02-28 14:30:00+00:00,0.013332095786733545
2025-03-03 14:30:00+00:00,-0.01625585675166442
2025-03-04 14:30:00+00:00,-0.012165726553338373
2025-03-05 14:30:00+00:00,0.011382536546931988
2025-03-06 14:30:00+00:00,-0.006387506678920307
2025-03-07 14:30:00+00:00,0.006926514444820497
2025-03-10 13:30:00+00:00,-0.01411953582250548
2025-03-11 13:30:00+00:00,-0.009767508985328865
2025-03-12 13:30:00+00:00,-0.005549349107089163
2025-03-13 13:30:00+00:00,-0.01140038505092834
2025-03-14 13:30:00+00:00,0.010388226421398795
2025-03-17 13:30:00+00:00,0.009099424599032114
2025-03-18 13:30:00+00:00,-0.004686742024515922
2025-03-19 13:30:00+00:00,0.008345338800600056
2025-03-20 13:30:00+00:00,0.0036817347529396363
2025-03-21 13:30:00+00:00,0.00521453697026496
2025-03-24 13:30:00+00:00,0.009458519282437895
2025-03-25 13:30:00+00:00,-0.0012267375423488213
2025-03-26 13:30:00+00:00,-0.00481359714165831
2025-03-27 13:30:00+00:00,-0.0032405236826692605
2025-03-28 13:30:00+00:00,-0.015768339970762667
2025-03-31 13:30:00+00:00,0.014863859004099023
2025-04-01 13:30:00+00:00,0.0025316044747163316
2025-04-02 13:30:00+00:00,0.011622284639076986
2025-04-03 13:30:00+00:00,-0.010849628140883538
2025-04-04 13:30:00+00:00,-0.044567144962202834
2025-04-07 13:30:00+00:00,0.002169110948635689
2025-04-08 13:30:00+00:00,-0.030530077734443283
2025-04-09 13:30:00+00:00,0.08603851507187364
2025-04-10 13:30:00+00:00,-0.010182512192830406
2025-04-11 13:30:00+00:00,0.01811288276251698
2025-04-14 13:30:00+00:00,-0.0006267917132233402
2025-04-15 13:30:00+00:00,-0.004019761136302769
2025-04-16 13:30:00+00:00,-0.012795474185220989
2025-04-17 13:30:00+00:00,-0.015280246072971192
2025-04-21 13:30:00+00:00,-0.01900783343604474
2025-04-22 13:30:00+00:00,0.01731473638091895
2025-04-23 13:30:00+00:00,-0.005335246638187974
2025-04-24 13:30:00+00:00,0.014125466946523158
2025-04-25 13:30:00+00:00,0.001592303535401507
2025-04-28 13:30:00+00:00,0.0012903197842466408
2025-04-29 13:30:00+00:00,0.007198323993274014
2025-04-30 13:30:00+00:00,0.009305444553192588
2025-05-01 13:30:00+00:00,-0.00413436060921325
2025-05-02 13:30:00+00:00,0.008615921276140515
2025-05-05 13:30:00+00:00,0.001003849622191122
2025-05-06 13:30:00+00:00,-0.004275380659903527
2025-05-07 13:30:00+00:00,0.0037551207104866593
2025-05-08 13:30:00+00:00,0.0012525884694975953
2025-05-09 13:30:00+00:00,-0.0038700700663965135
2025-05-12 13:30:00+00:00,0.012097192340182906
2025-05-13 13:30:00+00:00,-0.008731416127145685
2025-05-14 13:30:00+00:00,-0.0024494908401644475
2025-05-15 13:30:00+00:00,0.012939632963050663
2025-05-16 13:30:00+00:00,0.006948296778428664
2025-05-19 13:30:00+00:00,0.005759079994700256
2025-05-20 13:30:00+00:00,-0.0014541814820732246
2025-05-21 13:30:00+00:00,-0.011763931503673174
2025-05-22 13:30:00+00:00,0.0021845246626712614
2025-05-23 13:30:00+00:00,0.0017632098966575583
2025-05-27 13:30:00+00:00,0.01171889443772688
2025-05-28 13:30:00+00:00,-0.006306788886279236
2025-05-29 13:30:00+00:00,0.0005094080492415887
2025-05-30 13:30:00+00:00,0.0017420103910272711
2025-06-02 13:30:00+00:00,0.0024009291241424593
2025-06-03 13:30:00+00:00,0.004985525771490129
2025-06-04 13:30:00+00:00,-0.0035384878507405235
2025-06-05 13:30:00+00:00,-0.004057653375502246
2025-06-06 13:30:00+00:00,0.0029740132673052757
2025-06-09 13:30:00+00:00,-0.0006709713039901976
2025-06-10 13:30:00+00:00,0.0029090493581160784
2025-06-11 13:30:00+00:00,-0.000498523885745461
2025-06-12 13:30:00+00:00,0.005287832147736748
2025-06-13 13:30:00+00:00,-0.009064210038451048
2025-06-16 13:30:00+00:00,0.0049818033669925986
2025-06-17 13:30:00+00:00,-0.0034716940923054215
2025-06-18 13:30:00+00:00,-0.0016240800767709617
2025-06-20 13:30:00+00:00,-0.002092607226754983
2025-06-23 13:30:00+00:00,0.009460083532534459
2025-06-24 13:30:00+00:00,0.006485132715098751
2025-06-25 13:30:00+00:00,-0.003529105317060421
2025-06-26 13:30:00+00:00,0.006927412430021806
2025-06-27 13:30:00+00:00,0.007109829481368945
2025-06-30 13:30:00+00:00,0.0015835134851898025
2025-07-01 13:30:00+00:00,0.009737459920400749
2025-07-02 13:30:00+00:00,0.0005469754053568532
2025-07-03 13:30:00+00:00,0.005796484407869273
2025-07-07 13:30:00+00:00,-0.008960942695772977
2025-07-08 13:30:00+00:00,-0.0032054714250153824
2025-07-09 13:30:00+00:00,0.0028591782332083484
2025-07-10 13:30:00+00:00,0.004916923544406415
2025-07-11 13:30:00+00:00,-0.002556293217302341
2025-07-14 13:30:00+00:00,0.002459410546328911
2025-07-15 13:30:00+00:00,-0.009918991314053726
2025-07-16 13:30:00+00:00,0.0022111356786071903
2025-07-17 13:30:00+00:00,0.005656501742626874
2025-07-18 13:30:00+00:00,-0.0052487465327532125
2025-07-21 13:30:00+00:00,-0.001121630858816125
2025-07-22 13:30:00+00:00,0.0035947543351339986
2025-07-23 13:30:00+00:00,0.00771816399138413
2025-07-24 13:30:00+00:00,-0.0019424880358230978
2025-07-25 13:30:00+00:00,0.0031316669145313616
2025-07-28 13:30:00+00:00,-0.0025344655382596557
2025-07-29 13:30:00+00:00,-0.004577654723785474
2025-07-30 13:30:00+00:00,-0.0049484193544382495
2025-07-31 13:30:00+00:00,-0.012074253243487886
2025-08-01 13:30:00+00:00,-0.004512599315158028
2025-08-04 13:30:00+00:00,0.010183160115886592
2025-08-05 13:30:00+00:00,-0.00209845906636531
2025-08-06 13:30:00+00:00,-0.0001789264447959015
2025-08-07 13:30:00+00:00,-0.01048596186442131
2025-08-08 13:30:00+00:00,0.0028665184900333765
2025-08-11 13:30:00+00:00,-0.004836280761114875
2025-08-12 13:30:00+00:00,0.009163863872243317
2025-08-13 13:30:00+00:00,0.007769109977010291
2025-08-14 13:30:00+00:00,0.0003549229880992378
2025-08-15 13:30:00+00:00,-0.004834045345978433
2025-08-18 13:30:00+00:00,-0.001242080515199373
2025-08-19 13:30:00+00:00,-0.0007693718454016118
2025-08-20 13:30:00+00:00,0.00024747188551587095
2025-08-21 13:30:00+00:00,-0.0006068476742282613
2025-08-22 13:30:00+00:00,0.015001577285311807
2025-08-25 13:30:00+00:00,-0.00717772131498019
2025-08-26 13:30:00+00:00,0.0039065184720552424
2025-08-27 13:30:00+00:00,0.0031535841546348367
2025-08-28 13:30:00+00:00,0.0011256674754369534
2025-08-29 13:30:00+00:00,-0.0011107712209262987
2025-09-02 13:30:00+00:00,7.837336771764356e-05
2025-09-03 13:30:00+00:00,-0.0009430743669355368
2025-09-04 13:30:00+00:00,0.009111794186657408
2025-09-05 13:30:00+00:00,-0.005698961196386587
2025-09-08 13:30:00+00:00,0.0017564541596577388
2025-09-09 13:30:00+00:00,0.003494452269263915
2025-09-10 13:30:00+00:00,-0.005360665515017027
2025-09-11 13:30:00+00:00,0.011548619033599817
2025-09-12 13:30:00+00:00,-0.005372069223588028
2025-09-15 13:30:00+00:00,0.0006646635633680176
2025-09-16 13:30:00+00:00,-0.0036200837878619494
2025-09-17 13:30:00+00:00,0.005140940775321334
2025-09-18 13:30:00+00:00,0.0017644707928270332
2025-09-19 13:30:00+00:00,0.002152905459373622
2025-09-22 13:30:00+00:00,0.003684033241262419
2025-09-23 13:30:00+00:00,-0.0016384340594809532
2025-09-24 13:30:00+00:00,-0.005441078505118002
2025-09-25 13:30:00+00:00,-0.003356350213398207
2025-09-26 13:30:00+00:00,0.0030634546466856596
2025-09-29 13:30:00+00:00,0.00011013253871582371
2025-09-30 13:30:00+00:00,0.0023903883265463557
2025-10-01 13:30:00+00:00,0.0015028784076962399
2025-10-02 13:30:00+00:00,0.0011614717080245974
2025-10-03 13:30:00+00:00,0.0036423197082619987
2025-10-06 13:30:00+00:00,-0.001833158987482386
2025-10-07 13:30:00+00:00,-0.002196704175424846
2025-10-08 13:30:00+00:00,-0.0011190729935942722
2025-10-09 13:30:00+00:00,-0.00576009549311286
2025-10-10 13:30:00+00:00,-0.019827982168021185
2025-10-13 13:30:00+00:00,0.00797723454855136
2025-10-14 13:30:00+00:00,0.00858877011759306
2025-10-15 13:30:00+00:00,-0.0027277699105562434
2025-10-16 13:30:00+00:00,-0.007377126502963194
2025-10-17 13:30:00+00:00,0.007056427676744403
2025-10-20 13:30:00+00:00,0.0084008582504007
2025-10-21 13:30:00+00:00,0.004560110736695699
2025-10-22 13:30:00+00:00,-0.007580544916264265
2025-10-23 13:30:00+00:00,0.004532083055214897
2025-10-24 13:30:00+00:00,0.008351112994958932
2025-10-27 13:30:00+00:00,0.002679609310743725
2025-10-28 13:30:00+00:00,-0.0010628943339013985
2025-10-29 13:30:00+00:00,-0.0025041210886399654
2025-10-30 13:30:00+00:00,0.0014858195361737603
2025-10-31 13:30:00+00:00,-0.002137136452489374
2025-11-03 14:30:00+00:00,-0.007661187422382432
2025-11-04 14:30:00+00:00,-0.001431991372255148
2025-11-05 14:30:00+00:00,0.0044372318000853615
2025-11-06 14:30:00+00:00,-0.007354670066761171
2025-11-07 14:30:00+00:00,0.0039615891098860765
2025-11-10 14:30:00+00:00,0.005708896318823198
2025-11-11 14:30:00+00:00,0.01136892094141716
2025-11-12 14:30:00+00:00,0.004878180191704595
2025-11-13 14:30:00+00:00,-0.014977408712117623
2025-11-14 14:30:00+00:00,-0.0016860792961891468
2025-11-17 14:30:00+00:00,-0.01025168942114486
2025-11-18 14:30:00+00:00,-0.006377819119173356
2025-11-19 14:30:00+00:00,-9.805274553565937e-05
2025-11-20 14:30:00+00:00,-0.017606840496949838
2025-11-21 14:30:00+00:00,0.00943448166771187
2025-11-24 14:30:00+00:00,0.001978442999018826
2025-11-25 14:30:00+00:00,0.01345546173262634
2025-11-26 14:30:00+00:00,0.004793887825526022
2025-11-28 14:30:00+00:00,0.004831777137772597
2025-12-01 14:30:00+00:00,-0.006226906684657985
2025-12-02 14:30:00+00:00,0.0011137185038070263
2025-12-03 14:30:00+00:00,0.010692903682526723
2025-12-04 14:30:00+00:00,-0.0008772015019695822
2025-12-05 14:30:00+00:00,0.0014745059751925971
2025-12-08 14:30:00+00:00,-0.004940193646831526
2025-12-09 14:30:00+00:00,-0.0035412178553722137
2025-12-10 14:30:00+00:00,0.010069198716406536
2025-12-11 14:30:00+00:00,0.012817550759909969
2025-12-12 14:30:00+00:00,-0.005369435206995854
2025-12-15 14:30:00+00:00,-0.0037588769465591973
2025-12-16 14:30:00+00:00,-0.005596263157911741
2025-12-17 14:30:00+00:00,-0.0051299571106734445
2025-12-18 14:30:00+00:00,-0.0032044586841766362
2025-12-19 14:30:00+00:00,0.0032365484530702984
2025-12-22 14:30:00+00:00,0.003027876047793965
2025-12-23 14:30:00+00:00,0.0024210849638614976
2025-12-24 14:30:00+00:00,0.0062283644407401416
2025-12-26 14:30:00+00:00,-0.00013079293738317278
2025-12-29 14:30:00+00:00,-0.0036919269628399418
2025-12-30 14:30:00+00:00,-0.0015002370612151705
2025-12-31 14:30:00+00:00,-0.0064721477376965654
2026-01-02 14:30:00+00:00,0.005645858489040856
2026-01-05 14:30:00+00:00,0.01024270718311725
2026-01-06 14:30:00+00:00,0.009590637667689073
2026-01-07 14:30:00+00:00,-0.010534503255792204
2026-01-08 14:30:00+00:00,0.008414555507897149
2026-01-09 14:30:00+00:00,0.0053689299388113175
2026-01-12 14:30:00+00:00,0.0017288473503138558
2026-01-13 14:30:00+00:00,-0.008664834077694705
2026-01-14 14:30:00+00:00,0.0011503787820914436
2026-01-15 14:30:00+00:00,0.004805171552783693
2026-01-16 14:30:00+00:00,-0.0022705732431264167
2026-01-20 14:30:00+00:00,-0.010638144097666068
2026-01-21 14:30:00+00:00,0.010842176014645977
2026-01-22 14:30:00+00:00,0.0036031794197732728
2026-01-23 14:30:00+00:00,-0.0034660748310183617
2026-01-26 14:30:00+00:00,0.005491435665657895
2026-01-27 14:30:00+00:00,-0.0021399321714399397
2026-01-28 14:30:00+00:00,-0.0002851745907952562
2026-01-29 14:30:00+00:00,0.002623616175575705
2026-01-30 14:30:00+00:00,-0.0021238632961392387
2026-02-02 14:30:00+00:00,0.012813477410984476
2026-02-03 14:30:00+00:00,-0.0024825956712353323
2026-02-04 14:30:00+00:00,0.0035029603291845015
2026-02-05 14:30:00+00:00,-0.008299054858240573
2026-02-06 14:30:00+00:00,0.021997329074545425
2026-02-09 14:30:00+00:00,0.0016599584896748066
2026-02-10 14:30:00+00:00,-0.0002065408369316234
2026-02-11 14:30:00+00:00,-0.0025232159764321358
2026-02-12 14:30:00+00:00,-0.014417026183257697
2026-02-13 14:30:00+00:00,0.0011409402512474354
2026-02-17 14:30:00+00:00,5.7905177231132394e-05
2026-02-18 14:30:00+00:00,0.0017304370260004976
2026-02-19 14:30:00+00:00,-0.0037521259247913605
2026-02-20 14:30:00+00:00,0.006042545060114024
2026-02-23 14:30:00+00:00,-0.014886670256188738
2026-02-24 14:30:00+00:00,0.007000447146969113
2026-02-25 14:30:00+00:00,0.002422802128248847
2026-02-26 14:30:00+00:00,-0.001015920731739961
2026-02-27 14:30:00+00:00,-0.005696516876869795
2026-03-02 14:30:00+00:00,0.002161721130393024
2026-03-03 14:30:00+00:00,6.827455189338813e-05
2026-03-04 14:30:00+00:00,0.0029796734877238665
2026-03-05 14:30:00+00:00,-0.011887156933400821
2026-03-06 14:30:00+00:00,-0.002892090988970819
2026-03-09 13:30:00+00:00,0.007700496872775619
2026-03-10 13:30:00+00:00,-0.0014589287399323747
2026-03-11 13:30:00+00:00,-0.005834699502450425
2026-03-12 13:30:00+00:00,-0.012052537128687268
2026-03-13 13:30:00+00:00,-0.00290084953329629
2026-03-16 13:30:00+00:00,0.005017213262687325
2026-03-17 13:30:00+00:00,-0.0020596153807863724
2026-03-18 13:30:00+00:00,-0.01478180675948627
2026-03-19 13:30:00+00:00,-0.0025589080571933984
2026-03-20 13:30:00+00:00,-0.008760664961393504
2026-03-23 13:30:00+00:00,0.008734381820975957
2026-03-24 13:30:00+00:00,0.0004249304244758779
2026-03-25 13:30:00+00:00,0.00238843561455403
2026-03-26 13:30:00+00:00,-0.008397210741398441
2026-03-27 13:30:00+00:00,-0.01616843320607565
2026-03-30 13:30:00+00:00,-0.001577770513479304
2026-03-31 13:30:00+00:00,0.017460805068081776
2026-04-01 13:30:00+00:00,0.003555848452444266
2026-04-02 13:30:00+00:00,0.0006599093354189179
2026-04-06 13:30:00+00:00,0.004153719230490782
2026-04-07 13:30:00+00:00,-0.00352927796304715
2026-04-08 13:30:00+00:00,0.019733679404962946
2026-04-09 13:30:00+00:00,0.007115036317277823
2026-04-10 13:30:00+00:00,-0.0059677155215590695
2026-04-13 13:30:00+00:00,0.010378998534855677
2026-04-14 13:30:00+00:00,0.005368115271200613
2026-04-15 13:30:00+00:00,-0.0018594930394301267
2026-04-16 13:30:00+00:00,0.0003303825288183294
2026-04-17 13:30:00+00:00,0.013399429740827296
2026-04-20 13:30:00+00:00,0.00030846886851508835
2026-04-21 13:30:00+00:00,-0.010947451337920754
2026-04-22 13:30:00+00:00,0.004335246542118687
2026-04-23 13:30:00+00:00,0.00041676629212726866
2026-04-24 13:30:00+00:00,-0.0019162530411467426
2026-04-27 13:30:00+00:00,0.0010318948170575549
2026-04-28 13:30:00+00:00,-0.002837009944065227
2026-04-29 13:30:00+00:00,-0.006242177199806032
2026-04-30 13:30:00+00:00,0.018135387889910638
2026-05-01 13:30:00+00:00,-0.006788412400963295
2026-05-04 13:30:00+00:00,-0.009707321038064053
2026-05-05 13:30:00+00:00,0.0052251271776491024
2026-05-06 13:30:00+00:00,0.00937365851265225
2026-05-07 13:30:00+00:00,-0.00820804983386737
2026-05-08 13:30:00+00:00,0.0004661495660636007
2026-05-11 13:30:00+00:00,0.003036253344814044
2026-05-12 13:30:00+00:00,0.00032094208881349183
2026-05-13 13:30:00+00:00,0.0002748616385457204
2026-05-14 13:30:00+00:00,0.004311457218191028
2026-05-15 13:30:00+00:00,-0.008193084831523267
2026-05-18 13:30:00+00:00,0.004044658946853452
2026-05-19 13:30:00+00:00,-0.006793673288314273
2026-05-20 13:30:00+00:00,0.013284784656423899
2026-05-21 13:30:00+00:00,0.005939144088322956
2026-05-22 13:30:00+00:00,0.002776014520647452
2026-05-26 13:30:00+00:00,-0.004528601440821356
2026-05-27 13:30:00+00:00,0.0030121000520475396
2026-05-28 13:30:00+00:00,5.768114189840254e-05
2026-05-29 13:30:00+00:00,0.004992197556862299
2026-06-01 13:30:00+00:00,-0.001707132249675125
2026-06-02 13:30:00+00:00,0.007657359832256227
2026-06-03 13:30:00+00:00,-0.010522529368034782
2026-06-04 13:30:00+00:00,0.011193825324027563
2026-06-05 13:30:00+00:00,-0.014501046308458953
2026-06-08 13:30:00+00:00,-0.00424176903448571
2026-06-09 13:30:00+00:00,0.001035258414272755
2026-06-10 13:30:00+00:00,-0.016674819476811497
2026-06-11 13:30:00+00:00,0.017443393379895856
2026-06-12 13:30:00+00:00,0.0009465802280803515
2026-06-15 13:30:00+00:00,0.0058667701574035445
2026-06-16 13:30:00+00:00,0.0054507324771746355
2026-06-17 13:30:00+00:00,-0.008668131128010913
2026-06-18 13:30:00+00:00,-0.00023868696843921668
2026-06-22 13:30:00+00:00,0.002955357316177121
2026-06-23 13:30:00+00:00,-0.0014298526976537329
2026-06-24 13:30:00+00:00,0.0035419997290011443
2026-06-25 13:30:00+00:00,-0.0017996751389801724
2026-06-26 13:30:00+00:00,0.0012964204613789998
2026-06-29 13:30:00+00:00,0.003507984399984554
2026-06-30 13:30:00+00:00,0.0027948591297346395
2026-07-01 13:30:00+00:00,0.0013179000779437345
2026-07-02 13:30:00+00:00,0.009535450992367512
2026-07-06 13:30:00+00:00,0.004205652368445267
2026-07-07 13:30:00+00:00,-0.003469048637481331
2026-07-08 13:30:00+00:00,-0.007872745015462545
2026-07-09 13:30:00+00:00,0.004454474528248864
2026-07-10 13:30:00+00:00,0.00016775107211785
2026-07-13 13:30:00+00:00,-0.0034770375683194185
2026-07-14 13:30:00+00:00,0.008774975344997483
2026-07-15 13:30:00+00:00,0.000934925102150197
2026-07-16 13:30:00+00:00,-0.0071267664268121035
2026-07-17 13:30:00+00:00,-0.005441559538681207
