timestamp,ret
1971-02-08 14:30:00+00:00,0.00829996337890625
1971-02-09 14:30:00+00:00,-0.0008932785062002568
1971-02-10 14:30:00+00:00,-0.0007947170835662764
1971-02-11 14:30:00+00:00,0.007447864618219657
1971-02-12 14:30:00+00:00,0.005814303810395704
1971-02-16 14:30:00+00:00,0.0012718705091800842
1971-02-17 14:30:00+00:00,-0.004503606682510275
1971-02-18 14:30:00+00:00,-0.0032452693291059706
1971-02-19 14:30:00+00:00,-0.007199203645258845
1971-02-22 14:30:00+00:00,-0.0102290632967016
1971-02-23 14:30:00+00:00,0.00030129329258498104
1971-02-24 14:30:00+00:00,0.00912581385562915
1971-02-25 14:30:00+00:00,0.005762519583300418
1971-02-26 14:30:00+00:00,0.0009865650233082835
1971-03-01 14:30:00+00:00,0.004241843865270922
1971-03-02 14:30:00+00:00,0.0004894827993055962
1971-03-03 14:30:00+00:00,0.0021584776630438787
1971-03-04 14:30:00+00:00,0.0068560016321688065
1971-03-05 14:30:00+00:00,0.002040506161860678
1971-03-08 14:30:00+00:00,0.011841780164403726
1971-03-09 14:30:00+00:00,0.0016269528866785677
1971-03-10 14:30:00+00:00,-0.002686000028644064
1971-03-11 14:30:00+00:00,0.001052321368209641
1971-03-12 14:30:00+00:00,0.002201916927413217
1971-03-15 14:30:00+00:00,0.005928681850889672
1971-03-16 14:30:00+00:00,0.003990177079899115
1971-03-17 14:30:00+00:00,-0.0006683740051286579
1971-03-18 14:30:00+00:00,0.003501869700644356
1971-03-19 14:30:00+00:00,-0.0011389177673312267
1971-03-22 14:30:00+00:00,-0.003881733092364625
1971-03-23 14:30:00+00:00,-0.0025675157013688274
1971-03-24 14:30:00+00:00,-0.004000710300909216
1971-03-25 14:30:00+00:00,-0.0010550952916506095
1971-03-26 14:30:00+00:00,0.004393319575137544
1971-03-29 14:30:00+00:00,0.0011372442542643025
1971-03-30 14:30:00+00:00,0.0021814211038630907
1971-03-31 14:30:00+00:00,0.004926543693332996
1971-04-01 14:30:00+00:00,0.003391508095927243
1971-04-02 14:30:00+00:00,0.004790015895887778
1971-04-05 14:30:00+00:00,0.002800969088743599
1971-04-06 14:30:00+00:00,0.003539072467218174
1971-04-07 14:30:00+00:00,0.004548568346495407
1971-04-08 14:30:00+00:00,0.002861315029187395
1971-04-12 14:30:00+00:00,0.004421180158533422
1971-04-13 14:30:00+00:00,-0.0002837445756982525
1971-04-14 14:30:00+00:00,0.0020130304102694454
1971-04-15 14:30:00+00:00,0.005492231390831426
1971-04-16 14:30:00+00:00,0.002361451700765727
1971-04-19 14:30:00+00:00,0.0017188848608762242
1971-04-20 14:30:00+00:00,-0.005818998382978402
1971-04-21 14:30:00+00:00,-0.0001913186920655784
1971-04-22 14:30:00+00:00,0.004191464893255048
1971-04-23 14:30:00+00:00,0.006264256670899459
1971-04-26 13:30:00+00:00,0.0038750185410343255
1971-04-27 13:30:00+00:00,0.004939190154133344
1971-04-28 13:30:00+00:00,0.005988282660146937
1971-04-29 13:30:00+00:00,0.0007008929046090518
1971-04-30 13:30:00+00:00,-0.0015226928153775465
1971-05-03 13:30:00+00:00,-0.008559524058951894
1971-05-04 13:30:00+00:00,0.0036718740431138544
1971-05-05 13:30:00+00:00,-0.0009051922751507457
1971-05-06 13:30:00+00:00,-0.005651600509382304
1971-05-07 13:30:00+00:00,-0.0037016018843629814
1971-05-10 13:30:00+00:00,-0.0047087305200867015
1971-05-11 13:30:00+00:00,0.0015341380179962783
1971-05-12 13:30:00+00:00,0.0002625570095484587
1971-05-13 13:30:00+00:00,0.001530880680406177
1971-05-14 13:30:00+00:00,0.0016186323542910386
1971-05-17 13:30:00+00:00,-0.014457922779144494
1971-05-18 13:30:00+00:00,-0.006971277961660649
1971-05-19 13:30:00+00:00,-0.0007457536331999636
1971-05-20 13:30:00+00:00,0.0035001050776004464
1971-05-21 13:30:00+00:00,0.0010957068796759617
1971-05-24 13:30:00+00:00,-0.004050393304580691
1971-05-25 13:30:00+00:00,-0.00858550253166147
1971-05-26 13:30:00+00:00,0.00017905841206399274
1971-05-27 13:30:00+00:00,0.000550978290885007
1971-05-28 13:30:00+00:00,0.005940906460005546
1971-06-01 13:30:00+00:00,0.005627508051566188
1971-06-02 13:30:00+00:00,0.006237786301134018
1971-06-03 13:30:00+00:00,0.0059241299453880346
1971-06-04 13:30:00+00:00,0.0038920380741531593
1971-06-07 13:30:00+00:00,0.0008036550769185858
1971-06-08 13:30:00+00:00,-0.006781161781252776
1971-06-09 13:30:00+00:00,-0.0021904902250199474
1971-06-10 13:30:00+00:00,0.002359209771517701
1971-06-11 13:30:00+00:00,0.0011720279188984662
1971-06-14 13:30:00+00:00,-0.0058168536376082105
1971-06-15 13:30:00+00:00,-0.0020165746559965944
1971-06-16 13:30:00+00:00,0.000631545634676145
1971-06-17 13:30:00+00:00,-0.0001
1971-06-18 13:30:00+00:00,-0.011795895017748925
1971-06-21 13:30:00+00:00,-0.015447666474709198
1971-06-22 13:30:00+00:00,-0.00958358813361938
1971-06-23 13:30:00+00:00,0.004639785857666767
1971-06-24 13:30:00+00:00,0.0034852900318096294
1971-06-25 13:30:00+00:00,0.0016861690994251944
1971-06-28 13:30:00+00:00,-0.0011322880337068075
1971-06-29 13:30:00+00:00,0.007133483274173613
1971-06-30 13:30:00+00:00,0.005309455553547326
1971-07-01 13:30:00+00:00,0.006115196196456718
1971-07-02 13:30:00+00:00,0.0026656994467335496
1971-07-06 13:30:00+00:00,0.004129169146494627
1971-07-07 13:30:00+00:00,0.007040883963429489
1971-07-08 13:30:00+00:00,0.0036268977797775273
1971-07-09 13:30:00+00:00,0.004337651705213152
1971-07-12 13:30:00+00:00,0.0028753330697337434
1971-07-13 13:30:00+00:00,-0.004414956281524674
1971-07-14 13:30:00+00:00,-0.0038920349425711873
1971-07-15 13:30:00+00:00,0.00334394503738088
1971-07-16 13:30:00+00:00,-0.006783506643885062
1971-07-19 13:30:00+00:00,-0.005646468373635594
1971-07-20 13:30:00+00:00,0.003740158712608677
1971-07-21 13:30:00+00:00,-0.0005554426754790342
1971-07-22 13:30:00+00:00,-0.0019224617471787053
1971-07-23 13:30:00+00:00,0.0007215842353336277
1971-07-26 13:30:00+00:00,-0.0026540343547545417
1971-07-27 13:30:00+00:00,-0.00723304792118008
1971-07-28 13:30:00+00:00,-0.010415950536337936
1971-07-29 13:30:00+00:00,-0.01536290773594352
1971-07-30 13:30:00+00:00,-0.005203496153360254
1971-08-02 13:30:00+00:00,0.002939799610797145
1971-08-03 13:30:00+00:00,-0.011275231714235955
1971-08-04 13:30:00+00:00,-0.011114284891709524
1971-08-05 13:30:00+00:00,-0.0015526585587419927
1971-08-06 13:30:00+00:00,0.00639789705149173
1971-08-09 13:30:00+00:00,-0.00588144614741305
1971-08-10 13:30:00+00:00,-0.0014568461837019097
1971-08-11 13:30:00+00:00,0.0099931764973482
1971-08-12 13:30:00+00:00,0.010757006471350906
1971-08-13 13:30:00+00:00,0.0020861359085169065
1971-08-16 13:30:00+00:00,0.022851423680875883
1971-08-17 13:30:00+00:00,0.009820264127288859
1971-08-18 13:30:00+00:00,-0.005057320426094647
1971-08-19 13:30:00+00:00,-0.003605833153960358
1971-08-20 13:30:00+00:00,-0.001211033646964188
1971-08-23 13:30:00+00:00,0.0033294443291797984
1971-08-24 13:30:00+00:00,0.0030405535856428026
1971-08-25 13:30:00+00:00,0.0022020258150332486
1971-08-26 13:30:00+00:00,0.0010024597911277744
1971-08-27 13:30:00+00:00,0.0029283731977420738
1971-08-30 13:30:00+00:00,-0.00549802333770989
1971-08-31 13:30:00+00:00,-0.00276765631468735
1971-09-01 13:30:00+00:00,0.0020214108173586156
1971-09-02 13:30:00+00:00,0.0027531758328591563
1971-09-03 13:30:00+00:00,0.009261272770112228
1971-09-07 13:30:00+00:00,0.004900867481139259
1971-09-08 13:30:00+00:00,0.00035239348873660213
1971-09-09 13:30:00+00:00,-0.0003712857551107062
1971-09-10 13:30:00+00:00,-0.001275982625270744
1971-09-13 13:30:00+00:00,-0.0019112384672945848
1971-09-14 13:30:00+00:00,-0.004182785090299912
1971-09-15 13:30:00+00:00,8.223807117334622e-05
1971-09-16 13:30:00+00:00,-0.00019110243325494149
1971-09-17 13:30:00+00:00,0.0028149180031196044
1971-09-20 13:30:00+00:00,-0.0010990972922440112
1971-09-21 13:30:00+00:00,-0.0016455784366490422
1971-09-22 13:30:00+00:00,-0.00765783858460346
1971-09-23 13:30:00+00:00,-0.0018432316335045384
1971-09-24 13:30:00+00:00,0.0006352408034593249
1971-09-27 13:30:00+00:00,-0.006529068386298198
1971-09-28 13:30:00+00:00,0.0017487423523572132
1971-09-29 13:30:00+00:00,0.0019299061291606523
1971-09-30 13:30:00+00:00,0.003859487211947277
1971-10-01 13:30:00+00:00,0.0049445112163226555
1971-10-04 13:30:00+00:00,0.003367760969778411
1971-10-05 13:30:00+00:00,0.00017281538329071432
1971-10-06 13:30:00+00:00,0.006173319890967466
1971-10-07 13:30:00+00:00,0.002610544370533308
1971-10-08 13:30:00+00:00,-0.0022626012426054773
1971-10-11 13:30:00+00:00,-0.00037089380418610086
1971-10-12 13:30:00+00:00,0.0017065629057055776
1971-10-13 13:30:00+00:00,-0.0020836012391936107
1971-10-14 13:30:00+00:00,-0.007508073689927686
1971-10-15 13:30:00+00:00,-0.0025574885383747967
1971-10-18 13:30:00+00:00,-0.005027015721216899
1971-10-19 13:30:00+00:00,-0.009911110570118519
1971-10-20 13:30:00+00:00,-0.013156728035994335
1971-10-21 13:30:00+00:00,0.00018146724321165274
1971-10-22 13:30:00+00:00,0.0016822196821917213
1971-10-25 13:30:00+00:00,-0.0048753007645824355
1971-10-26 13:30:00+00:00,-0.005744919267598248
1971-10-27 13:30:00+00:00,-0.013440936981159345
1971-10-28 13:30:00+00:00,0.0020097163720604774
1971-10-29 13:30:00+00:00,0.00564161219254643
1971-11-01 14:30:00+00:00,-0.013515756928502941
1971-11-02 14:30:00+00:00,-0.001546634413608705
1971-11-03 14:30:00+00:00,0.014097423292495515
1971-11-04 14:30:00+00:00,0.00513755272045201
1971-11-05 14:30:00+00:00,-0.0010473141003587538
1971-11-08 14:30:00+00:00,-0.00038445647219133007
1971-11-09 14:30:00+00:00,0.0026506489110111778
1971-11-10 14:30:00+00:00,-0.00823470110122505
1971-11-11 14:30:00+00:00,-0.010780934007847642
1971-11-12 14:30:00+00:00,0.00153876809177399
1971-11-15 14:30:00+00:00,-0.004623156617638691
1971-11-16 14:30:00+00:00,0.0025101763021453285
1971-11-17 14:30:00+00:00,-0.0007749560837157054
1971-11-18 14:30:00+00:00,-0.0020297274162485277
1971-11-19 14:30:00+00:00,-0.004837098623345704
1971-11-22 14:30:00+00:00,-0.011367567431770042
1971-11-23 14:30:00+00:00,-0.014639771525906575
1971-11-24 14:30:00+00:00,0.0007972581943547108
1971-11-26 14:30:00+00:00,0.01225057614466184
1971-11-29 14:30:00+00:00,0.014067674636496486
1971-11-30 14:30:00+00:00,0.008534064550242516
1971-12-01 14:30:00+00:00,0.00980669199965133
1971-12-02 14:30:00+00:00,0.010852395484560951
1971-12-03 14:30:00+00:00,0.010356906211922635
1971-12-06 14:30:00+00:00,-0.003269904535833545
1971-12-07 14:30:00+00:00,0.00307998478402437
1971-12-08 14:30:00+00:00,0.004095384479581232
1971-12-09 14:30:00+00:00,0.0023139090004684506
1971-12-10 14:30:00+00:00,0.0076799048661078005
1971-12-13 14:30:00+00:00,0.003116672285349054
1971-12-14 14:30:00+00:00,-0.0009245141468091744
1971-12-15 14:30:00+00:00,0.003383975928130434
1971-12-16 14:30:00+00:00,0.005016539091847505
1971-12-17 14:30:00+00:00,0.004535892163735944
1971-12-20 14:30:00+00:00,0.008767204005611696
1971-12-21 14:30:00+00:00,0.001962810376086022
1971-12-22 14:30:00+00:00,0.0020480162584692765
1971-12-23 14:30:00+00:00,-0.0003679180045532803
1971-12-27 14:30:00+00:00,-0.002244054742983292
1971-12-28 14:30:00+00:00,0.0019591169491273044
1971-12-29 14:30:00+00:00,0.005617853907830639
1971-12-30 14:30:00+00:00,0.003453358150158115
1971-12-31 14:30:00+00:00,0.010079707120939297
1972-01-03 14:30:00+00:00,-0.004218482381627931
1972-01-04 14:30:00+00:00,0.002363693581501003
1972-01-05 14:30:00+00:00,0.007799600837954379
1972-01-06 14:30:00+00:00,0.007650582386629734
1972-01-07 14:30:00+00:00,0.0027517268196817104
1972-01-10 14:30:00+00:00,0.00033080931536887413
1972-01-11 14:30:00+00:00,0.004551170737506094
1972-01-12 14:30:00+00:00,0.0021290992591820215
1972-01-13 14:30:00+00:00,-0.004206102229838982
1972-01-14 14:30:00+00:00,0.0026486660355366956
1972-01-17 14:30:00+00:00,0.0015275693411265113
1972-01-18 14:30:00+00:00,0.006143080090895025
1972-01-19 14:30:00+00:00,-0.001884860677637501
1972-01-20 14:30:00+00:00,-0.0012068306240591408
1972-01-21 14:30:00+00:00,-0.0010376117510884186
1972-01-24 14:30:00+00:00,-0.006242831041097696
1972-01-25 14:30:00+00:00,-0.0017309967850965946
1972-01-26 14:30:00+00:00,0.0006738291962948729
1972-01-27 14:30:00+00:00,0.008319996237415184
1972-01-28 14:30:00+00:00,0.009016466471714269
1972-01-31 14:30:00+00:00,0.0035305327280663493
1972-02-01 14:30:00+00:00,0.005872903744154045
1972-02-02 14:30:00+00:00,0.007342710955180009
1972-02-03 14:30:00+00:00,0.0014771763881546885
1972-02-04 14:30:00+00:00,0.00470684720750002
1972-02-07 14:30:00+00:00,-0.0009247977225589454
1972-02-08 14:30:00+00:00,0.0016335239023503756
1972-02-09 14:30:00+00:00,0.006574950129158974
1972-02-10 14:30:00+00:00,0.004402254468529143
1972-02-11 14:30:00+00:00,0.001122406706854029
1972-02-14 14:30:00+00:00,-0.004983594914051659
1972-02-15 14:30:00+00:00,0.0027627389825424123
1972-02-16 14:30:00+00:00,0.005935379333543922
1972-02-17 14:30:00+00:00,0.0006296633027851218
1972-02-18 14:30:00+00:00,-0.0004240514803645178
1972-02-22 14:30:00+00:00,-0.0009103603961473472
1972-02-23 14:30:00+00:00,0.0024141731623772314
1972-02-24 14:30:00+00:00,0.0030550795867869576
1972-02-25 14:30:00+00:00,0.00659356315366687
1972-02-28 14:30:00+00:00,0.0007812033064009572
1972-02-29 14:30:00+00:00,0.003421648818744616
1972-03-01 14:30:00+00:00,0.00715796524201594
1972-03-02 14:30:00+00:00,0.0021963093944494696
1972-03-03 14:30:00+00:00,0.004719091495714467
1972-03-06 14:30:00+00:00,0.00532491389863442
1972-03-07 14:30:00+00:00,-0.0004909557666333941
1972-03-08 14:30:00+00:00,0.004358985036885243
1972-03-09 14:30:00+00:00,0.0034047681341329186
1972-03-10 14:30:00+00:00,-0.002428312282087075
1972-03-13 14:30:00+00:00,-0.00951273189530778
1972-03-14 14:30:00+00:00,0.002962722084647307
1972-03-15 14:30:00+00:00,0.0031098647298171025
1972-03-16 14:30:00+00:00,-0.0029874882811332768
1972-03-17 14:30:00+00:00,0.001778358535454705
1972-03-20 14:30:00+00:00,-0.0038496738390487836
1972-03-21 14:30:00+00:00,-0.01421429028144473
1972-03-22 14:30:00+00:00,0.004910715315337144
1972-03-23 14:30:00+00:00,0.007972148133424718
1972-03-24 14:30:00+00:00,0.0012346349662861634
1972-03-27 14:30:00+00:00,-2.1642441420566177e-05
1972-03-28 14:30:00+00:00,0.0011543404293801074
1972-03-29 14:30:00+00:00,-0.0015876482899331967
1972-03-30 14:30:00+00:00,0.004683193101155936
1972-04-03 14:30:00+00:00,-0.0007243314455731675
1972-04-04 14:30:00+00:00,0.005522374156095677
1972-04-05 14:30:00+00:00,0.009373530301813194
1972-04-06 14:30:00+00:00,0.006976908991886954
1972-04-07 14:30:00+00:00,0.006621699473879461
1972-04-10 14:30:00+00:00,-0.0004035549620296063
1972-04-11 14:30:00+00:00,0.00528863648655008
1972-04-12 14:30:00+00:00,0.005184192207984928
1972-04-13 14:30:00+00:00,-0.0009260164591428199
1972-04-14 14:30:00+00:00,0.006062688556022644
1972-04-17 14:30:00+00:00,-0.0011457079813448456
1972-04-18 14:30:00+00:00,0.002591794493532962
1972-04-19 14:30:00+00:00,-0.010689212252818391
1972-04-20 14:30:00+00:00,0.001256707450310024
1972-04-21 14:30:00+00:00,0.0010289620336845107
1972-04-24 14:30:00+00:00,-0.008445242133624086
1972-04-25 14:30:00+00:00,-0.008136373067808022
1972-04-26 14:30:00+00:00,0.0005114478240131227
1972-04-27 14:30:00+00:00,0.0005874147506059635
1972-04-28 14:30:00+00:00,0.0023426176447327476
1972-05-01 13:30:00+00:00,-0.009008841488104335
1972-05-02 13:30:00+00:00,-0.00639999463081965
1972-05-03 13:30:00+00:00,-0.004506928108615538
1972-05-04 13:30:00+00:00,0.0010648201561522686
1972-05-05 13:30:00+00:00,0.0038558991163466397
1972-05-08 13:30:00+00:00,-0.006358190561926225
1972-05-09 13:30:00+00:00,-0.02218051971470737
1972-05-10 13:30:00+00:00,0.007770868765920802
1972-05-11 13:30:00+00:00,0.009208198599217388
1972-05-12 13:30:00+00:00,0.011545217105919815
1972-05-15 13:30:00+00:00,0.006852981145776693
1972-05-16 13:30:00+00:00,5.347762024697786e-05
1972-05-17 13:30:00+00:00,-0.004702685645185401
1972-05-18 13:30:00+00:00,0.00806902637374084
1972-05-19 13:30:00+00:00,0.010143053530563096
1972-05-22 13:30:00+00:00,0.001564658100839711
1972-05-23 13:30:00+00:00,0.002468336042830577
1972-05-24 13:30:00+00:00,0.00555099452306983
1972-05-25 13:30:00+00:00,0.0023724794188695222
1972-05-26 13:30:00+00:00,0.0010210305909061801
1972-05-30 13:30:00+00:00,-0.0038327361806003266
1972-05-31 13:30:00+00:00,-0.006993954214941878
1972-06-01 13:30:00+00:00,0.004427322938520761
1972-06-02 13:30:00+00:00,0.0028294627457705504
1972-06-05 13:30:00+00:00,-0.005941812120565893
1972-06-06 13:30:00+00:00,-0.005674849047314312
1972-06-07 13:30:00+00:00,-0.007675757575757569
1972-06-08 13:30:00+00:00,0.00043440705510499066
1972-06-09 13:30:00+00:00,-0.003914755261004832
1972-06-12 13:30:00+00:00,-0.0015551767691523
1972-06-13 13:30:00+00:00,0.0029679082796776226
1972-06-14 13:30:00+00:00,0.005023093555582603
1972-06-15 13:30:00+00:00,-0.00131722073658459
1972-06-16 13:30:00+00:00,-0.00017612542727575277
1972-06-19 13:30:00+00:00,-0.004061031972091522
1972-06-20 13:30:00+00:00,0.0022708537045450397
1972-06-21 13:30:00+00:00,0.0022651296350883923
1972-06-22 13:30:00+00:00,-0.004590878175913871
1972-06-23 13:30:00+00:00,-0.004458070912831247
1972-06-26 13:30:00+00:00,-0.007088201916593884
1972-06-27 13:30:00+00:00,0.0036119769283233685
1972-06-28 13:30:00+00:00,-0.0017179325521281652
1972-06-29 13:30:00+00:00,-0.0018749322757297792
1972-06-30 13:30:00+00:00,0.00554356933199428
1972-07-03 13:30:00+00:00,0.00382062192233289
1972-07-05 13:30:00+00:00,0.005183731225636412
1972-07-06 13:30:00+00:00,0.004318051770626263
1972-07-07 13:30:00+00:00,-0.0028301729765296654
1972-07-10 13:30:00+00:00,-0.0050429193649002115
1972-07-11 13:30:00+00:00,-0.0030041258317701322
1972-07-12 13:30:00+00:00,-0.0028592596534323775
1972-07-13 13:30:00+00:00,-0.008400682699164951
1972-07-14 13:30:00+00:00,0.002612594798317536
1972-07-17 13:30:00+00:00,-0.007674671118738774
1972-07-18 13:30:00+00:00,-0.006797764967577458
1972-07-19 13:30:00+00:00,0.001703322298008947
1972-07-20 13:30:00+00:00,-0.005422065610406268
1972-07-21 13:30:00+00:00,0.0041489647579473375
1972-07-24 13:30:00+00:00,0.00883212445017455
1972-07-25 13:30:00+00:00,-0.002429758808759852
1972-07-26 13:30:00+00:00,0.0013010482919823985
1972-07-27 13:30:00+00:00,-0.0023541259221989794
1972-07-28 13:30:00+00:00,-0.0017360759805905678
1972-07-31 13:30:00+00:00,-0.003221294697895016
1972-08-01 13:30:00+00:00,0.005379428166279332
1972-08-02 13:30:00+00:00,0.007218041757408577
1972-08-03 13:30:00+00:00,0.007010272612142143
1972-08-04 13:30:00+00:00,0.004734662686024726
1972-08-07 13:30:00+00:00,0.00012910324375691183
1972-08-08 13:30:00+00:00,-0.002848725715783662
1972-08-09 13:30:00+00:00,0.0009718887450746894
1972-08-10 13:30:00+00:00,0.0005883085115918508
1972-08-11 13:30:00+00:00,0.0063200272195158445
1972-08-14 13:30:00+00:00,5.1915807818925325e-05
1972-08-15 13:30:00+00:00,-0.0017704724814047279
1972-08-16 13:30:00+00:00,-0.000252030836031547
1972-08-17 13:30:00+00:00,-0.004435975164366235
1972-08-18 13:30:00+00:00,0.004025550375512654
1972-08-21 13:30:00+00:00,-0.0011652012284121382
1972-08-22 13:30:00+00:00,-0.0001
1972-08-23 13:30:00+00:00,-0.0015470804503975421
1972-08-24 13:30:00+00:00,-0.00543952840916363
1972-08-25 13:30:00+00:00,-0.0007901559977223748
1972-08-28 13:30:00+00:00,-0.004243912947968565
1972-08-29 13:30:00+00:00,-0.002642974648916729
1972-08-30 13:30:00+00:00,0.002526671287684346
1972-08-31 13:30:00+00:00,0.0012098949803074244
1972-09-01 13:30:00+00:00,0.005671450693444091
1972-09-05 13:30:00+00:00,-0.002930873189186178
1972-09-06 13:30:00+00:00,-0.005470957863942816
1972-09-07 13:30:00+00:00,-0.0033399764956037023
1972-09-08 13:30:00+00:00,-0.0007191612638164479
1972-09-11 13:30:00+00:00,-0.006837476520395913
1972-09-12 13:30:00+00:00,-0.008520351223409672
1972-09-13 13:30:00+00:00,0.0024947619929456158
1972-09-14 13:30:00+00:00,0.00044897414831378556
1972-09-15 13:30:00+00:00,0.0006054110095545684
1972-09-18 13:30:00+00:00,-0.0005699425037537619
1972-09-19 13:30:00+00:00,-0.0015889306519667578
1972-09-20 13:30:00+00:00,0.0006063566832408163
1972-09-21 13:30:00+00:00,-0.0017469224449411346
1972-09-22 13:30:00+00:00,0.001156842332123087
1972-09-25 13:30:00+00:00,-0.005121178363764811
1972-09-26 13:30:00+00:00,0.0018712979072827874
1972-09-27 13:30:00+00:00,0.01154715007860262
1972-09-28 13:30:00+00:00,0.004411877225091609
1972-09-29 13:30:00+00:00,0.0036171510058771064
1972-10-02 13:30:00+00:00,-0.0024917719090651433
1972-10-03 13:30:00+00:00,0.0012920546908974262
1972-10-04 13:30:00+00:00,-0.0015674269978048882
1972-10-05 13:30:00+00:00,-0.010000215374472942
1972-10-06 13:30:00+00:00,0.0008375078597488872
1972-10-09 13:30:00+00:00,0.0028656568293350284
1972-10-10 13:30:00+00:00,0.0038686389185695782
1972-10-11 13:30:00+00:00,-0.0035878075751098024
1972-10-12 13:30:00+00:00,-0.005544540233022544
1972-10-13 13:30:00+00:00,-0.005417903265580126
1972-10-16 13:30:00+00:00,-0.010478171786200818
1972-10-17 13:30:00+00:00,0.004349015225027164
1972-10-18 13:30:00+00:00,0.004803921103262432
1972-10-19 13:30:00+00:00,-0.0012019235441608322
1972-10-20 13:30:00+00:00,0.00848873458701237
1972-10-23 13:30:00+00:00,0.005056278610229492
1972-10-24 13:30:00+00:00,0.0018431058050998206
1972-10-25 13:30:00+00:00,-0.0002551801403509856
1972-10-26 13:30:00+00:00,0.0036240726961909056
1972-10-27 13:30:00+00:00,0.0011367911273740706
1972-10-30 14:30:00+00:00,-0.0006403540962657383
1972-10-31 14:30:00+00:00,0.0059250172937255095
1972-11-01 14:30:00+00:00,0.010265408382890574
1972-11-02 14:30:00+00:00,0.003927652511942925
1972-11-03 14:30:00+00:00,0.009134039250614723
1972-11-06 14:30:00+00:00,0.0016999512506050585
1972-11-08 14:30:00+00:00,-0.003992830254027202
1972-11-09 14:30:00+00:00,-0.0019036242204898523
1972-11-10 14:30:00+00:00,0.0021586039483980526
1972-11-13 14:30:00+00:00,-0.0027291380526153317
1972-11-14 14:30:00+00:00,0.0008790586716913463
1972-11-15 14:30:00+00:00,-0.0034859817073632613
1972-11-16 14:30:00+00:00,0.001183489413833161
1972-11-17 14:30:00+00:00,-0.0022866482944488118
1972-11-20 14:30:00+00:00,-0.0016869924503991717
1972-11-21 14:30:00+00:00,0.00042987683020000454
1972-11-22 14:30:00+00:00,0.002169483669090633
1972-11-24 14:30:00+00:00,0.0039002925301729777
1972-11-27 14:30:00+00:00,-0.003482926881587478
1972-11-28 14:30:00+00:00,0.0009560412002245112
1972-11-29 14:30:00+00:00,5.062175164359814e-05
1972-11-30 14:30:00+00:00,0.001632923933790209
1972-12-01 14:30:00+00:00,0.007270605280188069
1972-12-04 14:30:00+00:00,0.0013931831013642593
1972-12-05 14:30:00+00:00,0.000943681156146281
1972-12-06 14:30:00+00:00,0.002878804737269858
1972-12-07 14:30:00+00:00,0.0027215392298638344
1972-12-08 14:30:00+00:00,0.000566343399359004
1972-12-11 14:30:00+00:00,-0.002467680946214312
1972-12-12 14:30:00+00:00,-0.004253360164568132
1972-12-13 14:30:00+00:00,-0.004643089230218178
1972-12-14 14:30:00+00:00,-0.0025689647015792014
1972-12-15 14:30:00+00:00,0.0014000145915815554
1972-12-18 14:30:00+00:00,-0.007514105461053589
1972-12-19 14:30:00+00:00,-0.0012316878231656391
1972-12-20 14:30:00+00:00,-0.003574633401223115
1972-12-21 14:30:00+00:00,-0.006542741544111397
1972-12-22 14:30:00+00:00,0.0014257624767197608
1972-12-26 14:30:00+00:00,-0.0008617771514741856
1972-12-27 14:30:00+00:00,0.0056173352788155715
1972-12-29 14:30:00+00:00,0.013543622767275821
1973-01-02 14:30:00+00:00,0.006630046990408356
1973-01-03 14:30:00+00:00,0.005470823537092151
1973-01-04 14:30:00+00:00,0.0003431788774545975
1973-01-05 14:30:00+00:00,0.0033701802438792397
1973-01-08 14:30:00+00:00,0.0007093636037640461
1973-01-09 14:30:00+00:00,-0.0003205468192515436
1973-01-10 14:30:00+00:00,0.0004146853636475157
1973-01-11 14:30:00+00:00,0.005632756087702961
1973-01-12 14:30:00+00:00,-0.006165491473744356
1973-01-15 14:30:00+00:00,-0.010466799943142712
1973-01-16 14:30:00+00:00,-0.004334823910634789
1973-01-17 14:30:00+00:00,0.00019850440413525804
1973-01-18 14:30:00+00:00,0.001913791295013334
1973-01-19 14:30:00+00:00,-0.0035985948601709003
1973-01-22 14:30:00+00:00,-0.005478361447409108
1973-01-23 14:30:00+00:00,-0.005432268025713183
1973-01-24 14:30:00+00:00,-0.014823625130593775
1973-01-26 14:30:00+00:00,-0.0056943823710419285
1973-01-29 14:30:00+00:00,-0.010118402034536633
1973-01-30 14:30:00+00:00,-0.001968328511757333
1973-01-31 14:30:00+00:00,0.0013037800192454597
1973-02-01 14:30:00+00:00,-0.011470650502173451
1973-02-02 14:30:00+00:00,-0.00372375197436271
1973-02-05 14:30:00+00:00,-0.0038950928541565785
1973-02-06 14:30:00+00:00,0.0020428305005271044
1973-02-07 14:30:00+00:00,-0.010236998600824509
1973-02-08 14:30:00+00:00,-0.008260626134085857
1973-02-09 14:30:00+00:00,0.01514561886777498
1973-02-12 14:30:00+00:00,0.008004216098204332
1973-02-13 14:30:00+00:00,0.0023432944096703936
1973-02-14 14:30:00+00:00,-0.014016221703638598
1973-02-15 14:30:00+00:00,-0.007993460996833745
1973-02-16 14:30:00+00:00,0.0008644197242442142
1973-02-20 14:30:00+00:00,0.003593288423939345
1973-02-21 14:30:00+00:00,-0.008579363009954443
1973-02-22 14:30:00+00:00,-0.0022782706713510123
1973-02-23 14:30:00+00:00,-0.010934443434498241
1973-02-26 14:30:00+00:00,-0.008846115145115695
1973-02-27 14:30:00+00:00,-0.01222165937165166
1973-02-28 14:30:00+00:00,0.0049918246645454965
1973-03-01 14:30:00+00:00,-0.0074084034220440855
1973-03-02 14:30:00+00:00,0.004752353693449052
1973-03-05 14:30:00+00:00,0.00356332894155641
1973-03-06 14:30:00+00:00,0.011181630658836584
1973-03-07 14:30:00+00:00,0.0029349856949638545
1973-03-08 14:30:00+00:00,-0.0014902369205297527
1973-03-09 14:30:00+00:00,-0.001082742985686791
1973-03-12 14:30:00+00:00,-0.0011656386236119753
1973-03-13 14:30:00+00:00,0.0017873767141565078
1973-03-14 14:30:00+00:00,-1.8075710291676122e-05
1973-03-15 14:30:00+00:00,-0.004195004146179249
1973-03-16 14:30:00+00:00,-0.0032249774521899807
1973-03-19 14:30:00+00:00,-0.010659303468133163
1973-03-20 14:30:00+00:00,-0.0057695038463749905
1973-03-21 14:30:00+00:00,-0.011587529113215044
1973-03-22 14:30:00+00:00,-0.01876143828681166
1973-03-23 14:30:00+00:00,-0.002001644187573992
1973-03-26 14:30:00+00:00,0.0005062154159887089
1973-03-27 14:30:00+00:00,0.01158425189046074
1973-03-28 14:30:00+00:00,0.002038762950683493
1973-03-29 14:30:00+00:00,0.00886365935827892
1973-03-30 14:30:00+00:00,-0.006276523748660512
1973-04-02 14:30:00+00:00,-0.014317590515596012
1973-04-03 14:30:00+00:00,-0.011499945456319726
1973-04-04 14:30:00+00:00,-0.013902758925531732
1973-04-05 14:30:00+00:00,-0.007806641432241979
1973-04-06 14:30:00+00:00,0.01105872199124346
1973-04-09 14:30:00+00:00,0.006433111283616888
1973-04-10 14:30:00+00:00,0.006916888056956327
1973-04-11 14:30:00+00:00,0.004080849813959941
1973-04-12 14:30:00+00:00,0.0025020940236013425
1973-04-13 14:30:00+00:00,-0.0033009268008447165
1973-04-16 14:30:00+00:00,-0.0059149467266706
1973-04-17 14:30:00+00:00,-0.008044160959107104
1973-04-18 14:30:00+00:00,0.0005159776064782462
1973-04-19 14:30:00+00:00,0.003769514070432567
1973-04-23 14:30:00+00:00,-0.009999298008824941
1973-04-24 14:30:00+00:00,-0.015937845861789156
1973-04-25 14:30:00+00:00,-0.01682211232775822
1973-04-26 14:30:00+00:00,0.0031001322605070827
1973-04-27 14:30:00+00:00,-0.012130620489777654
1973-04-30 13:30:00+00:00,-0.005173828819333604
1973-05-01 13:30:00+00:00,0.0009199407687332406
1973-05-02 13:30:00+00:00,0.00999636880815723
1973-05-03 13:30:00+00:00,0.006869229578794422
1973-05-04 13:30:00+00:00,0.009735186732231716
1973-05-07 13:30:00+00:00,-0.0037973219854947724
1973-05-08 13:30:00+00:00,0.0016197212729791466
1973-05-09 13:30:00+00:00,-0.001274638615422441
1973-05-10 13:30:00+00:00,-0.00209024080768051
1973-05-11 13:30:00+00:00,-0.011158749311801951
1973-05-14 13:30:00+00:00,-0.024297978245386053
1973-05-15 13:30:00+00:00,-0.0031058209428529546
1973-05-16 13:30:00+00:00,-0.000476869377778144
1973-05-17 13:30:00+00:00,-0.008676777057511475
1973-05-18 13:30:00+00:00,-0.021965224815818207
1973-05-21 13:30:00+00:00,-0.020801693712248836
1973-05-22 13:30:00+00:00,0.008137338071291234
1973-05-23 13:30:00+00:00,0.004821744443586728
1973-05-24 13:30:00+00:00,0.02125371126824759
1973-05-25 13:30:00+00:00,0.008531452525694084
1973-05-29 13:30:00+00:00,-0.0031426899343496404
1973-05-30 13:30:00+00:00,-0.015932103546711606
1973-05-31 13:30:00+00:00,-0.005430003282731921
1973-06-01 13:30:00+00:00,-0.003412513054485766
1973-06-04 13:30:00+00:00,-0.015056073930098678
1973-06-05 13:30:00+00:00,0.00922819760564052
1973-06-06 13:30:00+00:00,-0.0001983397534215502
1973-06-07 13:30:00+00:00,0.008454599534794428
1973-06-08 13:30:00+00:00,0.01111187022814163
1973-06-11 13:30:00+00:00,-0.006656115476019198
1973-06-12 13:30:00+00:00,0.01688369550127099
1973-06-13 13:30:00+00:00,-0.004489723069508023
1973-06-14 13:30:00+00:00,-0.007480468311577682
1973-06-15 13:30:00+00:00,-0.012653065401800011
1973-06-18 13:30:00+00:00,-0.014670755545057378
1973-06-19 13:30:00+00:00,0.0017855060805376133
1973-06-20 13:30:00+00:00,0.0021781632232500295
1973-06-21 13:30:00+00:00,-0.007907104422047905
1973-06-22 13:30:00+00:00,0.0057764574594010186
1973-06-25 13:30:00+00:00,-0.015547050119736682
1973-06-26 13:30:00+00:00,0.005230370890779257
1973-06-27 13:30:00+00:00,0.00250106181084252
1973-06-28 13:30:00+00:00,0.009279389642354852
1973-06-29 13:30:00+00:00,-0.0018793623829533978
1973-07-02 13:30:00+00:00,-0.008319467255520695
1973-07-03 13:30:00+00:00,-0.007089561327723326
1973-07-05 13:30:00+00:00,-0.0007032937198074962
1973-07-06 13:30:00+00:00,0.000805563616439009
1973-07-09 13:30:00+00:00,0.005227691610496288
1973-07-10 13:30:00+00:00,0.011598811558383815
1973-07-11 13:30:00+00:00,0.01482391907171431
1973-07-12 13:30:00+00:00,0.0045742206264231975
1973-07-13 13:30:00+00:00,-0.0014569777273736428
1973-07-16 13:30:00+00:00,0.009023580049921643
1973-07-17 13:30:00+00:00,0.006344148899479751
1973-07-18 13:30:00+00:00,0.010698903478680178
1973-07-19 13:30:00+00:00,0.0069908577460861985
1973-07-20 13:30:00+00:00,0.010790008436597932
1973-07-23 13:30:00+00:00,0.000550071458263568
1973-07-24 13:30:00+00:00,0.004911609424847796
1973-07-25 13:30:00+00:00,0.008211030734785563
1973-07-26 13:30:00+00:00,-0.00028320608126798365
1973-07-27 13:30:00+00:00,0.00164042726566892
1973-07-30 13:30:00+00:00,-0.004489204044025541
1973-07-31 13:30:00+00:00,-0.002304242007932233
1973-08-01 13:30:00+00:00,-0.013999136089044805
1973-08-02 13:30:00+00:00,-0.0015001110830756947
1973-08-03 13:30:00+00:00,-0.0015956408402374555
1973-08-06 13:30:00+00:00,0.003550995981675953
1973-08-07 13:30:00+00:00,0.0007395109416448054
1973-08-08 13:30:00+00:00,-0.011004061184187185
1973-08-09 13:30:00+00:00,8.848839139384843e-05
1973-08-10 13:30:00+00:00,-0.007919141018592823
1973-08-13 13:30:00+00:00,-0.00931003820275168
1973-08-14 13:30:00+00:00,-0.007383202178665627
1973-08-15 13:30:00+00:00,-0.0024168054083784194
1973-08-16 13:30:00+00:00,-0.00048704321352611703
1973-08-17 13:30:00+00:00,0.0037718568902496033
1973-08-20 13:30:00+00:00,-0.010127971504273702
1973-08-21 13:30:00+00:00,-0.005456924439194555
1973-08-22 13:30:00+00:00,-0.007738135406508484
1973-08-23 13:30:00+00:00,0.011642673025549655
1973-08-24 13:30:00+00:00,-0.00136789481094014
1973-08-27 13:30:00+00:00,0.004880489537410593
1973-08-28 13:30:00+00:00,0.0006773219202558134
1973-08-29 13:30:00+00:00,0.007667774233921498
1973-08-30 13:30:00+00:00,0.0018269384957898427
1973-08-31 13:30:00+00:00,0.008362399277720412
1973-09-04 13:30:00+00:00,0.005907411432422227
1973-09-05 13:30:00+00:00,0.00492368511181861
1973-09-06 13:30:00+00:00,0.0030123440050357944
1973-09-07 13:30:00+00:00,0.006105303017369656
1973-09-10 13:30:00+00:00,-0.007294885696310549
1973-09-11 13:30:00+00:00,-0.004617678653492619
1973-09-12 13:30:00+00:00,-0.004259920827988106
1973-09-13 13:30:00+00:00,0.002463340343423537
1973-09-14 13:30:00+00:00,0.004350769199758175
1973-09-17 13:30:00+00:00,0.0017855185143547004
1973-09-18 13:30:00+00:00,0.00018236011705340403
1973-09-19 13:30:00+00:00,0.015045819041676223
1973-09-20 13:30:00+00:00,0.007776920074830318
1973-09-21 13:30:00+00:00,0.006336161589675082
1973-09-24 13:30:00+00:00,0.002001254877191261
1973-09-25 13:30:00+00:00,0.0009028316884240773
1973-09-26 13:30:00+00:00,0.007368120874620343
1973-09-27 13:30:00+00:00,0.005775916473925935
1973-09-28 13:30:00+00:00,-0.0007290976627667533
1973-10-01 13:30:00+00:00,-0.002168306959091992
1973-10-02 13:30:00+00:00,0.007019049354213702
1973-10-03 13:30:00+00:00,0.0032106219587979437
1973-10-04 13:30:00+00:00,-0.005629252941889329
1973-10-05 13:30:00+00:00,0.00931615462512968
1973-10-08 13:30:00+00:00,0.005319337451868955
1973-10-09 13:30:00+00:00,-0.0009836129339846455
1973-10-10 13:30:00+00:00,-0.008059684516741893
1973-10-11 13:30:00+00:00,0.01229189990495393
1973-10-12 13:30:00+00:00,0.004655203655659734
1973-10-15 13:30:00+00:00,-0.00860132544851112
1973-10-16 13:30:00+00:00,-1.1587231739673603e-05
1973-10-17 13:30:00+00:00,-0.004342493637338529
1973-10-18 13:30:00+00:00,0.001320167118001414
1973-10-19 13:30:00+00:00,0.0037113836761117794
1973-10-22 13:30:00+00:00,-0.008576813107926361
1973-10-23 13:30:00+00:00,-0.004374675866239308
1973-10-24 13:30:00+00:00,0.0027619953654549503
1973-10-25 13:30:00+00:00,0.001505282347140191
1973-10-26 13:30:00+00:00,0.004173914765986708
1973-10-29 14:30:00+00:00,-0.006306264491131375
1973-10-30 14:30:00+00:00,-0.01312523982667958
1973-10-31 14:30:00+00:00,-0.004257995985654251
1973-11-01 14:30:00+00:00,-0.005092243183301715
1973-11-02 14:30:00+00:00,-0.006394493925541933
1973-11-05 14:30:00+00:00,-0.015889968015096022
1973-11-06 14:30:00+00:00,-0.008681272052995969
1973-11-07 14:30:00+00:00,0.003945538634603218
1973-11-08 14:30:00+00:00,0.005428451378767229
1973-11-09 14:30:00+00:00,-0.01445095471590586
1973-11-12 14:30:00+00:00,-0.006623540076683432
1973-11-13 14:30:00+00:00,-0.0033356676947132844
1973-11-14 14:30:00+00:00,-0.02645091238426157
1973-11-15 14:30:00+00:00,-0.003532105236264693
1973-11-16 14:30:00+00:00,-0.0025599036382596527
1973-11-19 14:30:00+00:00,-0.023576004319360255
1973-11-20 14:30:00+00:00,-0.024544425948942582
1973-11-21 14:30:00+00:00,0.0075620195665764165
1973-11-23 14:30:00+00:00,-0.00030547311065666206
1973-11-26 14:30:00+00:00,-0.032679709135811544
1973-11-27 14:30:00+00:00,-0.011360996382906673
1973-11-28 14:30:00+00:00,0.019992433144017985
1973-11-29 14:30:00+00:00,-0.0034705465198582417
1973-11-30 14:30:00+00:00,-0.011831141176611892
1973-12-03 14:30:00+00:00,-0.016568836277896636
1973-12-04 14:30:00+00:00,-0.004558015186120101
1973-12-05 14:30:00+00:00,-0.020086831044737085
1973-12-06 14:30:00+00:00,0.0170625234427657
1973-12-07 14:30:00+00:00,0.01140436167828639
1973-12-10 14:30:00+00:00,0.013114917945580496
1973-12-11 14:30:00+00:00,-0.01442546455174044
1973-12-12 14:30:00+00:00,-0.015175915788031246
1973-12-13 14:30:00+00:00,-0.018710228581068643
1973-12-14 14:30:00+00:00,0.00562255937071886
1973-12-17 14:30:00+00:00,-0.005678489516030128
1973-12-18 14:30:00+00:00,0.01594398462068768
1973-12-19 14:30:00+00:00,-0.0036335656299810834
1973-12-20 14:30:00+00:00,0.00023243328908505455
1973-12-21 14:30:00+00:00,-0.008408408417976864
1973-12-24 14:30:00+00:00,-0.009595068208170365
1973-12-26 14:30:00+00:00,0.017042261236600343
1973-12-27 14:30:00+00:00,0.011652938573013073
1973-12-28 14:30:00+00:00,0.004612332111515449
1973-12-31 14:30:00+00:00,0.005462850507556893
1974-01-02 14:30:00+00:00,0.003587995757530427
1974-01-03 14:30:00+00:00,0.017732071194710642
1974-01-04 14:30:00+00:00,-0.0009494566871464216
1974-01-07 13:30:00+00:00,0.003832016499275326
1974-01-08 13:30:00+00:00,-0.004863465352195851
1974-01-09 13:30:00+00:00,-0.01945758093816564
1974-01-10 13:30:00+00:00,-0.00855985688844153
1974-01-11 13:30:00+00:00,0.00876026257068373
1974-01-14 13:30:00+00:00,0.0017431981216286974
1974-01-15 13:30:00+00:00,0.007151062314730161
1974-01-16 13:30:00+00:00,0.0151573135661489
1974-01-17 13:30:00+00:00,0.01535136117557755
1974-01-18 13:30:00+00:00,-0.006665891333564111
1974-01-21 13:30:00+00:00,-0.008912382926772443
1974-01-22 13:30:00+00:00,0.008473216869327106
1974-01-23 13:30:00+00:00,0.004832324653032394
1974-01-24 13:30:00+00:00,-0.0016664319395639615
1974-01-25 13:30:00+00:00,-0.0022964133786431804
1974-01-28 13:30:00+00:00,-0.0040832796303406195
1974-01-29 13:30:00+00:00,-0.004941076623066987
1974-01-30 13:30:00+00:00,0.006350937247260091
1974-01-31 13:30:00+00:00,-0.0026217806912583017
1974-02-01 13:30:00+00:00,-0.008316567752969305
1974-02-04 13:30:00+00:00,-0.013482922101006333
1974-02-05 13:30:00+00:00,-0.004729134546250247
1974-02-06 13:30:00+00:00,0.0029283234054659937
1974-02-07 13:30:00+00:00,0.0006547950877360154
1974-02-08 13:30:00+00:00,-0.00667257436049874
1974-02-11 13:30:00+00:00,-0.011705203147944553
1974-02-12 13:30:00+00:00,-0.007013170990953122
1974-02-13 13:30:00+00:00,-0.004740863745252078
1974-02-14 13:30:00+00:00,0.0013431311142930614
1974-02-15 13:30:00+00:00,0.00843568651231118
1974-02-19 13:30:00+00:00,-0.0018586684568656752
1974-02-20 13:30:00+00:00,0.00804796153111752
1974-02-21 13:30:00+00:00,0.006562304790486573
1974-02-22 13:30:00+00:00,0.008145656410206249
1974-02-25 13:30:00+00:00,-0.002359755555612086
1974-02-26 13:30:00+00:00,0.004106205613825675
1974-02-27 13:30:00+00:00,0.01010295287310491
1974-02-28 13:30:00+00:00,0.002983148235749178
1974-03-01 13:30:00+00:00,-0.003279601772283713
1974-03-04 13:30:00+00:00,-0.0027581604666446877
1974-03-05 13:30:00+00:00,0.009601449926528439
1974-03-06 13:30:00+00:00,0.00422904303740611
1974-03-07 13:30:00+00:00,-0.006302732866367078
1974-03-08 13:30:00+00:00,0.006670331089738679
1974-03-11 13:30:00+00:00,0.007255307251283971
1974-03-12 13:30:00+00:00,-0.0008301522146531126
1974-03-13 13:30:00+00:00,0.00543234616298015
1974-03-14 13:30:00+00:00,0.0017685798998683278
1974-03-15 13:30:00+00:00,0.00010719762329068913
1974-03-18 13:30:00+00:00,-0.012116948589909537
1974-03-19 13:30:00+00:00,-0.00660102473237324
1974-03-20 13:30:00+00:00,0.0020107857334268234
1974-03-21 13:30:00+00:00,0.004218100845573269
1974-03-22 13:30:00+00:00,0.0008437535372756045
1974-03-25 13:30:00+00:00,-0.0011476529839525961
1974-03-26 13:30:00+00:00,-0.0009390333753010016
1974-03-27 13:30:00+00:00,-0.01122624746450952
1974-03-28 13:30:00+00:00,-0.01432350441473974
1974-03-29 13:30:00+00:00,-0.00656070944083943
1974-04-01 13:30:00+00:00,-0.004109917965194898
1974-04-02 13:30:00+00:00,0.0013145511562517754
1974-04-03 13:30:00+00:00,0.0009865856291153441
1974-04-04 13:30:00+00:00,-0.0028135570113210326
1974-04-05 13:30:00+00:00,-0.012942842190353698
1974-04-08 13:30:00+00:00,-0.008699766323498125
1974-04-09 13:30:00+00:00,0.002791482890624353
1974-04-10 13:30:00+00:00,-0.003537542221608969
1974-04-11 13:30:00+00:00,-0.0009901950440602935
1974-04-15 13:30:00+00:00,-0.004220756685703997
1974-04-16 13:30:00+00:00,0.01007673541426456
1974-04-17 13:30:00+00:00,0.004217495646439351
1974-04-18 13:30:00+00:00,0.0018841303213596894
1974-04-19 13:30:00+00:00,-0.0065906926004526524
1974-04-22 13:30:00+00:00,-0.0005429289847051044
1974-04-23 13:30:00+00:00,-0.02004012949264401
1974-04-24 13:30:00+00:00,-0.017281013354674146
1974-04-25 13:30:00+00:00,-0.010565739673993668
1974-04-26 13:30:00+00:00,0.0022244647386573282
1974-04-29 13:30:00+00:00,0.0024510346260750884
1974-04-30 13:30:00+00:00,0.004526434537526425
1974-05-01 13:30:00+00:00,0.008764801262442602
1974-05-02 13:30:00+00:00,0.003779995183634355
1974-05-03 13:30:00+00:00,-0.00578375574697988
1974-05-06 13:30:00+00:00,-0.0019292404238757776
1974-05-07 13:30:00+00:00,-0.007544667445422382
1974-05-08 13:30:00+00:00,-0.010716267706691773
1974-05-09 13:30:00+00:00,0.0007164182011696219
1974-05-10 13:30:00+00:00,-0.017696953149950467
1974-05-13 13:30:00+00:00,-0.013385915848595841
1974-05-14 13:30:00+00:00,-0.0003404020556989739
1974-05-15 13:30:00+00:00,0.004108735674702257
1974-05-16 13:30:00+00:00,-0.0002197717156581346
1974-05-17 13:30:00+00:00,-0.018902391554781028
1974-05-20 13:30:00+00:00,-0.006202770635146859
1974-05-21 13:30:00+00:00,-0.001819260581158788
1974-05-22 13:30:00+00:00,-0.007111928753900887
1974-05-23 13:30:00+00:00,-0.0022060228738166707
1974-05-24 13:30:00+00:00,0.011073108161226076
1974-05-28 13:30:00+00:00,-0.0048882063138230404
1974-05-29 13:30:00+00:00,-0.01589075768379634
1974-05-30 13:30:00+00:00,0.0037856550932186986
1974-05-31 13:30:00+00:00,0.001273462546901294
1974-06-03 13:30:00+00:00,0.01087262987903136
1974-06-04 13:30:00+00:00,0.008410049289952582
1974-06-05 13:30:00+00:00,0.005280976635316559
1974-06-06 13:30:00+00:00,0.011942304765777834
1974-06-07 13:30:00+00:00,0.00602983359299557
1974-06-10 13:30:00+00:00,0.002408649943488095
1974-06-11 13:30:00+00:00,-0.007011366107123174
1974-06-12 13:30:00+00:00,-0.0029797441122566657
1974-06-13 13:30:00+00:00,0.001584709894333336
1974-06-14 13:30:00+00:00,-0.005866407254414241
1974-06-17 13:30:00+00:00,-0.014841435345722808
1974-06-18 13:30:00+00:00,-0.003656547857140435
1974-06-19 13:30:00+00:00,-0.007361493389423057
1974-06-20 13:30:00+00:00,-0.010142216107272294
1974-06-21 13:30:00+00:00,-0.009367349754669806
1974-06-24 13:30:00+00:00,-0.00300738661558676
1974-06-25 13:30:00+00:00,0.00585843353281511
1974-06-26 13:30:00+00:00,-0.013710609348743918
1974-06-27 13:30:00+00:00,-0.018497788089585698
1974-06-28 13:30:00+00:00,-0.011423737157980628
1974-07-01 13:30:00+00:00,-0.007603945519935274
1974-07-02 13:30:00+00:00,-0.021057711153286373
1974-07-03 13:30:00+00:00,-0.002132162328217124
1974-07-05 13:30:00+00:00,-0.0013218838285430467
1974-07-08 13:30:00+00:00,-0.035576425461167696
1974-07-09 13:30:00+00:00,-0.00531424395935477
1974-07-10 13:30:00+00:00,-0.011008013642339508
1974-07-11 13:30:00+00:00,0.0017618913489856225
1974-07-12 13:30:00+00:00,0.024632000463326243
1974-07-15 13:30:00+00:00,0.004085310414070331
1974-07-16 13:30:00+00:00,-0.004962546362772724
1974-07-17 13:30:00+00:00,0.014977507642974997
1974-07-18 13:30:00+00:00,0.0012753056715750666
1974-07-19 13:30:00+00:00,0.008003337276043066
1974-07-22 13:30:00+00:00,0.00017243382357911018
1974-07-23 13:30:00+00:00,0.013792730834912604
1974-07-24 13:30:00+00:00,0.0024523214102696203
1974-07-25 13:30:00+00:00,-0.015107304815842115
1974-07-26 13:30:00+00:00,-0.009350445999383738
1974-07-29 13:30:00+00:00,-0.018499065407050163
1974-07-30 13:30:00+00:00,-0.002757641875633665
1974-07-31 13:30:00+00:00,-0.01847314350515984
1974-08-01 13:30:00+00:00,-0.00524360081925247
1974-08-02 13:30:00+00:00,-0.0034031126900952
1974-08-05 13:30:00+00:00,0.003790441457205629
1974-08-06 13:30:00+00:00,0.012243916075124862
1974-08-07 13:30:00+00:00,0.016205140306006605
1974-08-08 13:30:00+00:00,-0.014329863821481503
1974-08-09 13:30:00+00:00,0.000324551057771394
1974-08-12 13:30:00+00:00,-0.004768295652249022
1974-08-13 13:30:00+00:00,-0.021987448865382408
1974-08-14 13:30:00+00:00,-0.0229131313831188
1974-08-15 13:30:00+00:00,-0.005601899577427971
1974-08-16 13:30:00+00:00,-0.015351146605187337
1974-08-19 13:30:00+00:00,-0.011184168693719309
1974-08-20 13:30:00+00:00,0.008958866761340046
1974-08-21 13:30:00+00:00,-0.012272900744040093
1974-08-22 13:30:00+00:00,-0.02058672294931808
1974-08-23 13:30:00+00:00,-0.016140265062370217
1974-08-26 13:30:00+00:00,0.0058133599758571795
1974-08-27 13:30:00+00:00,-0.009632864429813936
1974-08-28 13:30:00+00:00,0.0013436983055436947
1974-08-29 13:30:00+00:00,-0.01707903841277304
1974-08-30 13:30:00+00:00,0.016194606768853193
1974-09-03 13:30:00+00:00,-0.023989656714549234
1974-09-04 13:30:00+00:00,-0.031801712735129786
1974-09-05 13:30:00+00:00,0.021443688572131404
1974-09-06 13:30:00+00:00,0.007870766066197177
1974-09-09 13:30:00+00:00,-0.022011067781513526
1974-09-10 13:30:00+00:00,-0.00683737103550498
1974-09-11 13:30:00+00:00,-0.00026961397360382157
1974-09-12 13:30:00+00:00,-0.02130081444046684
1974-09-13 13:30:00+00:00,-0.018294407446162297
1974-09-16 13:30:00+00:00,0.010136530755677099
1974-09-17 13:30:00+00:00,0.008285735991634392
1974-09-18 13:30:00+00:00,0.006829967129629455
1974-09-19 13:30:00+00:00,0.023988120296073657
1974-09-20 13:30:00+00:00,0.00628442649853288
1974-09-23 13:30:00+00:00,-0.004106705715409842
1974-09-24 13:30:00+00:00,-0.013844547383866434
1974-09-25 13:30:00+00:00,-0.0014596504222844752
1974-09-26 13:30:00+00:00,-0.015246348112169527
1974-09-27 13:30:00+00:00,-0.01306008318373698
1974-09-30 13:30:00+00:00,-0.025485167893097637
1974-10-01 13:30:00+00:00,-0.0035129447271110667
1974-10-02 13:30:00+00:00,0.003324632809600814
1974-10-03 13:30:00+00:00,-0.014470383750197723
1974-10-04 13:30:00+00:00,0.0051852363982611725
1974-10-07 13:30:00+00:00,0.025461998754759952
1974-10-08 13:30:00+00:00,-0.007877949957267549
1974-10-09 13:30:00+00:00,0.025554705136411993
1974-10-10 13:30:00+00:00,0.026997470584688255
1974-10-11 13:30:00+00:00,0.02171628746030384
1974-10-14 13:30:00+00:00,0.021581585782707514
1974-10-15 13:30:00+00:00,-0.005445828913081885
1974-10-16 13:30:00+00:00,-0.0035202425724926265
1974-10-17 13:30:00+00:00,0.013791196402925577
1974-10-18 13:30:00+00:00,0.011344214603403725
1974-10-21 13:30:00+00:00,0.01695178796532625
1974-10-22 13:30:00+00:00,0.0049140974044876605
1974-10-23 13:30:00+00:00,-0.011637229042895225
1974-10-24 13:30:00+00:00,-0.01271834436125786
1974-10-25 13:30:00+00:00,0.00437288499711207
1974-10-28 14:30:00+00:00,-0.006143273881366385
1974-10-29 14:30:00+00:00,0.018619970703124922
1974-10-30 14:30:00+00:00,0.018904226782950218
1974-10-31 14:30:00+00:00,0.005294668901549382
1974-11-01 14:30:00+00:00,-0.0027062515650902006
1974-11-04 14:30:00+00:00,-0.006862908523251232
1974-11-05 14:30:00+00:00,0.021100790141717497
1974-11-06 14:30:00+00:00,0.001718499022075537
1974-11-07 14:30:00+00:00,0.007916922922458481
1974-11-08 14:30:00+00:00,-0.0020507391147749463
1974-11-11 14:30:00+00:00,0.0030574060701806685
1974-11-12 14:30:00+00:00,-0.020483701820580246
1974-11-13 14:30:00+00:00,-0.00591391141171117
1974-11-14 14:30:00+00:00,0.0008233234148078306
1974-11-15 14:30:00+00:00,-0.009786304497999564
1974-11-18 14:30:00+00:00,-0.036119304108288355
1974-11-19 14:30:00+00:00,-0.018782555074269302
1974-11-20 14:30:00+00:00,-0.0030542147427248365
1974-11-21 14:30:00+00:00,0.012081097587930845
1974-11-22 14:30:00+00:00,0.009332395520010629
1974-11-25 14:30:00+00:00,-0.006383218810470781
1974-11-26 14:30:00+00:00,0.01562634915537985
1974-11-27 14:30:00+00:00,0.0022942171991757634
1974-11-29 14:30:00+00:00,0.0022885593582999578
1974-12-02 14:30:00+00:00,-0.020592468624191073
1974-12-03 14:30:00+00:00,-0.018912842203741797
1974-12-04 14:30:00+00:00,-0.0015876058278989746
1974-12-05 14:30:00+00:00,-0.02476481844446866
1974-12-06 14:30:00+00:00,-0.0121502224463217
1974-12-09 14:30:00+00:00,-0.005253740624960324
1974-12-10 14:30:00+00:00,0.014577922230370789
1974-12-11 14:30:00+00:00,0.008579410326728477
1974-12-12 14:30:00+00:00,0.0014184773391729855
1974-12-13 14:30:00+00:00,-0.0024584802595845165
1974-12-16 14:30:00+00:00,-0.00634793547712188
1974-12-17 14:30:00+00:00,0.005507507894835439
1974-12-18 14:30:00+00:00,0.00750393309596008
1974-12-19 14:30:00+00:00,-0.002950947184260266
1974-12-20 14:30:00+00:00,-0.013386258454276444
1974-12-23 14:30:00+00:00,-0.013905992566444102
1974-12-24 14:30:00+00:00,0.0076774068128673155
1974-12-26 14:30:00+00:00,0.009675333243008833
1974-12-27 14:30:00+00:00,-0.0024777069821462325
1974-12-30 14:30:00+00:00,0.0005809175976707493
1974-12-31 14:30:00+00:00,0.01759310883166675
1975-01-02 14:30:00+00:00,0.014610816994393473
1975-01-03 14:30:00+00:00,0.008631446007171462
1975-01-06 14:30:00+00:00,0.008229285318362079
1975-01-07 14:30:00+00:00,0.0023295061079331328
1975-01-08 14:30:00+00:00,-0.006401492866288006
1975-01-09 14:30:00+00:00,0.014046324095687169
1975-01-10 14:30:00+00:00,0.02106401663347478
1975-01-13 14:30:00+00:00,-0.005595344350255893
1975-01-14 14:30:00+00:00,-0.0037311894803008336
1975-01-15 14:30:00+00:00,0.011942438824007019
1975-01-16 14:30:00+00:00,0.01446089142673811
1975-01-17 14:30:00+00:00,-0.006272862762975684
1975-01-20 14:30:00+00:00,0.0005211322139684227
1975-01-21 14:30:00+00:00,-0.00413479401582707
1975-01-22 14:30:00+00:00,-0.0010348326317928369
1975-01-23 14:30:00+00:00,0.005670354044584369
1975-01-24 14:30:00+00:00,0.013700580231503546
1975-01-27 14:30:00+00:00,0.02529008461066583
1975-01-28 14:30:00+00:00,0.013026450498215148
1975-01-29 14:30:00+00:00,0.01697897075061693
1975-01-30 14:30:00+00:00,-0.0014028946858639757
1975-01-31 14:30:00+00:00,0.011350948543110684
1975-02-03 14:30:00+00:00,0.01351428194691472
1975-02-04 14:30:00+00:00,-0.008583049272424603
1975-02-05 14:30:00+00:00,0.013303714219601515
1975-02-06 14:30:00+00:00,0.005387538923921509
1975-02-07 14:30:00+00:00,-0.004857855335104533
1975-02-10 14:30:00+00:00,-0.004318265469235094
1975-02-11 14:30:00+00:00,4.123321482029105e-05
1975-02-12 14:30:00+00:00,0.010629838870380038
1975-02-13 14:30:00+00:00,0.017919290145494527
1975-02-14 14:30:00+00:00,0.005114117688439934
1975-02-18 14:30:00+00:00,-0.01088352296602858
1975-02-19 14:30:00+00:00,0.005419546283167864
1975-02-20 14:30:00+00:00,0.00964336568837253
1975-02-21 14:30:00+00:00,0.002754023909306669
1975-02-24 13:30:00+00:00,-0.008908802247109448
1975-02-25 13:30:00+00:00,-0.014729473663567704
1975-02-26 13:30:00+00:00,0.002258792419386191
1975-02-27 13:30:00+00:00,0.003914409248381145
1975-02-28 13:30:00+00:00,0.006380094148812787
1975-03-03 13:30:00+00:00,0.011269888096639525
1975-03-04 13:30:00+00:00,0.005046921901580281
1975-03-05 13:30:00+00:00,-0.004277301743945372
1975-03-06 13:30:00+00:00,0.001659096762297796
1975-03-07 13:30:00+00:00,0.004898010977753875
1975-03-10 13:30:00+00:00,0.006351555345359905
1975-03-11 13:30:00+00:00,0.002036801121504828
1975-03-12 13:30:00+00:00,-0.012226914325784276
1975-03-13 13:30:00+00:00,0.007319439796788163
1975-03-14 13:30:00+00:00,0.018512739474668905
1975-03-17 13:30:00+00:00,0.0025291172478576376
1975-03-18 13:30:00+00:00,-0.001279970392706231
1975-03-19 13:30:00+00:00,-0.006794698532257904
1975-03-20 13:30:00+00:00,0.0013536885557465684
1975-03-21 13:30:00+00:00,0.0017474451293695182
1975-03-24 13:30:00+00:00,-0.01985764009717229
1975-03-25 13:30:00+00:00,-0.0013093031457259818
1975-03-26 13:30:00+00:00,0.016447769369557264
1975-03-27 13:30:00+00:00,0.008105436297178848
1975-03-31 13:30:00+00:00,-0.006925894473395988
1975-04-01 13:30:00+00:00,-0.003272158096051758
1975-04-02 13:30:00+00:00,0.002551877253943891
1975-04-03 13:30:00+00:00,-0.008960166278824021
1975-04-04 13:30:00+00:00,-0.003035204806752911
1975-04-07 13:30:00+00:00,-0.005318881326422231
1975-04-08 13:30:00+00:00,0.0024558575567135035
1975-04-09 13:30:00+00:00,0.011573188794197432
1975-04-10 13:30:00+00:00,0.004674543807243958
1975-04-11 13:30:00+00:00,0.007159707059858344
1975-04-14 13:30:00+00:00,0.013266587669954245
1975-04-15 13:30:00+00:00,0.0022276904295053137
1975-04-16 13:30:00+00:00,0.006221737198617505
1975-04-17 13:30:00+00:00,0.0032333607209034
1975-04-18 13:30:00+00:00,-0.0024000293925682367
1975-04-21 13:30:00+00:00,0.012707376748834365
1975-04-22 13:30:00+00:00,-0.006928539491956387
1975-04-23 13:30:00+00:00,-0.00391974851363287
1975-04-24 13:30:00+00:00,-0.002272778292265698
1975-04-25 13:30:00+00:00,0.007201136122100038
1975-04-28 13:30:00+00:00,-0.004677830787711679
1975-04-29 13:30:00+00:00,-0.00597632973487362
1975-04-30 13:30:00+00:00,0.009152136000085454
1975-05-01 13:30:00+00:00,0.009194572434805471
1975-05-02 13:30:00+00:00,0.012262853518794959
1975-05-05 13:30:00+00:00,0.010990335073500768
1975-05-06 13:30:00+00:00,-0.004167067211449671
1975-05-07 13:30:00+00:00,0.006087353237295356
1975-05-08 13:30:00+00:00,0.009861938412365257
1975-05-09 13:30:00+00:00,0.008424073609718963
1975-05-12 13:30:00+00:00,-0.006378636138402516
1975-05-13 13:30:00+00:00,0.0005074777704667688
1975-05-14 13:30:00+00:00,0.006700305991071287
1975-05-15 13:30:00+00:00,-0.0015473856142992459
1975-05-16 13:30:00+00:00,-0.004327545237959429
1975-05-19 13:30:00+00:00,-0.005558570649079731
1975-05-20 13:30:00+00:00,-0.00217340130960576
1975-05-21 13:30:00+00:00,-0.010733130650537836
1975-05-22 13:30:00+00:00,0.0074355235744059
1975-05-23 13:30:00+00:00,0.012896630943088894
1975-05-27 13:30:00+00:00,-0.0016735279410635795
1975-05-28 13:30:00+00:00,-0.006282501152178222
1975-05-29 13:30:00+00:00,-0.0025396751579274232
1975-05-30 13:30:00+00:00,0.016040862246605714
1975-06-02 13:30:00+00:00,0.009286267071229693
1975-06-03 13:30:00+00:00,0.002999691758989387
1975-06-04 13:30:00+00:00,-0.0012884772384892495
1975-06-05 13:30:00+00:00,0.002279782794662333
1975-06-06 13:30:00+00:00,0.00619153362698287
1975-06-09 13:30:00+00:00,-0.009065371439566993
1975-06-10 13:30:00+00:00,-0.007361047432928103
1975-06-11 13:30:00+00:00,0.0022980448990774674
1975-06-12 13:30:00+00:00,-0.007396658151738966
1975-06-13 13:30:00+00:00,0.0052018731501659475
1975-06-16 13:30:00+00:00,0.006851957676292863
1975-06-17 13:30:00+00:00,-0.007003961627261479
1975-06-18 13:30:00+00:00,0.0003794548169846369
1975-06-19 13:30:00+00:00,0.012838802147600904
1975-06-20 13:30:00+00:00,0.008060789912560196
1975-06-23 13:30:00+00:00,0.0061177239861493924
1975-06-24 13:30:00+00:00,0.00526325908675872
1975-06-25 13:30:00+00:00,0.0007117788716124341
1975-06-26 13:30:00+00:00,0.0016380520414862488
1975-06-27 13:30:00+00:00,0.0004784043206820133
1975-06-30 13:30:00+00:00,0.005911521885160853
1975-07-01 13:30:00+00:00,-0.008029152363012614
1975-07-02 13:30:00+00:00,-0.008092614696760491
1975-07-03 13:30:00+00:00,0.006438972005894594
1975-07-07 13:30:00+00:00,-0.007060539389361698
1975-07-08 13:30:00+00:00,-0.002553260376355515
1975-07-09 13:30:00+00:00,0.012899187472603869
1975-07-10 13:30:00+00:00,0.0037150500699964953
1975-07-11 13:30:00+00:00,0.004161143722044336
1975-07-14 13:30:00+00:00,0.004257854313206566
1975-07-15 13:30:00+00:00,0.004695594429827687
1975-07-16 13:30:00+00:00,-0.007031825117631352
1975-07-17 13:30:00+00:00,-0.0030751932491861586
1975-07-18 13:30:00+00:00,-0.0013624883945723254
1975-07-21 13:30:00+00:00,-0.002972902891796647
1975-07-22 13:30:00+00:00,-0.012200904263976142
1975-07-23 13:30:00+00:00,-0.012932459851335409
1975-07-24 13:30:00+00:00,-0.005772457354688354
1975-07-25 13:30:00+00:00,-0.006517885897842979
1975-07-28 13:30:00+00:00,-0.0062005041332428125
1975-07-29 13:30:00+00:00,-0.005154738084683042
1975-07-30 13:30:00+00:00,0.004254670597861432
1975-07-31 13:30:00+00:00,0.0018270584663584333
1975-08-01 13:30:00+00:00,-0.018972456410011895
1975-08-04 13:30:00+00:00,-0.007941207646556158
1975-08-05 13:30:00+00:00,-0.010102533396029189
1975-08-06 13:30:00+00:00,0.000773140781127546
1975-08-07 13:30:00+00:00,-0.008200717138383672
1975-08-08 13:30:00+00:00,-0.0006024913679230192
1975-08-11 13:30:00+00:00,-0.0013571477018116229
1975-08-12 13:30:00+00:00,0.0017879991395925888
1975-08-13 13:30:00+00:00,-0.0065070621357646964
1975-08-14 13:30:00+00:00,-0.008192039692532248
1975-08-15 13:30:00+00:00,0.0015571687427633374
1975-08-18 13:30:00+00:00,-0.007099275120154747
1975-08-19 13:30:00+00:00,-0.017785470652398782
1975-08-20 13:30:00+00:00,-0.014842398699509218
1975-08-21 13:30:00+00:00,0.004931844540573038
1975-08-22 13:30:00+00:00,0.007146316354496462
1975-08-25 13:30:00+00:00,0.005001365666665414
1975-08-26 13:30:00+00:00,-0.00829881940972078
1975-08-27 13:30:00+00:00,0.004623797594493151
1975-08-28 13:30:00+00:00,0.019359290449367118
1975-08-29 13:30:00+00:00,0.012070184567628529
1975-09-02 13:30:00+00:00,-0.014275455211998366
1975-09-03 13:30:00+00:00,0.002339368890680749
1975-09-04 13:30:00+00:00,0.0005403102099237223
1975-09-05 13:30:00+00:00,-0.004579693925828032
1975-09-08 13:30:00+00:00,-0.004214164307616242
1975-09-09 13:30:00+00:00,-0.011202512529256647
1975-09-10 13:30:00+00:00,-0.017854577512309355
1975-09-11 13:30:00+00:00,-0.005283405113256101
1975-09-12 13:30:00+00:00,-0.0018367702881505576
1975-09-15 13:30:00+00:00,-0.003445824356474014
1975-09-16 13:30:00+00:00,-0.009365508662492427
1975-09-17 13:30:00+00:00,0.0011198965678271722
1975-09-18 13:30:00+00:00,0.012218884511709927
1975-09-19 13:30:00+00:00,0.02142982932111658
1975-09-22 13:30:00+00:00,-0.00703806497619498
1975-09-23 13:30:00+00:00,0.0009545983444636419
1975-09-24 13:30:00+00:00,0.0063524341324272425
1975-09-25 13:30:00+00:00,-0.004417700245152767
1975-09-26 13:30:00+00:00,0.00042563621983447995
1975-09-29 13:30:00+00:00,-0.010212905821366369
1975-09-30 13:30:00+00:00,-0.013898605249148776
1975-10-01 13:30:00+00:00,-0.0072303479919389015
1975-10-02 13:30:00+00:00,0.004778056849118017
1975-10-03 13:30:00+00:00,0.01796898964023751
1975-10-06 13:30:00+00:00,0.006919851381415476
1975-10-07 13:30:00+00:00,-0.0020729255331745186
1975-10-08 13:30:00+00:00,0.009520497935649564
1975-10-09 13:30:00+00:00,0.0032938406756170993
1975-10-10 13:30:00+00:00,0.0010707601752963814
1975-10-13 13:30:00+00:00,0.009515356972097811
1975-10-14 13:30:00+00:00,0.006206377251088735
1975-10-15 13:30:00+00:00,2.782333449123939e-05
1975-10-16 13:30:00+00:00,0.00015580912073652763
1975-10-17 13:30:00+00:00,-0.007642878523108421
1975-10-20 13:30:00+00:00,0.006340809193484664
1975-10-21 13:30:00+00:00,0.003739793450711948
1975-10-22 13:30:00+00:00,0.006020149879712766
1975-10-23 13:30:00+00:00,-0.01087184215014526
1975-10-24 13:30:00+00:00,0.007074035427914615
1975-10-27 14:30:00+00:00,-0.004297428383695079
1975-10-28 14:30:00+00:00,0.005520161403255164
1975-10-29 14:30:00+00:00,-0.014706903046418206
1975-10-30 14:30:00+00:00,-0.001775752510235995
1975-10-31 14:30:00+00:00,-0.0060393041006839955
1975-11-03 14:30:00+00:00,-0.004905755649483046
1975-11-04 14:30:00+00:00,0.00303231343208531
1975-11-05 14:30:00+00:00,0.005624725968151878
1975-11-06 14:30:00+00:00,0.0010642475334749935
1975-11-07 14:30:00+00:00,-0.0024258858585785134
1975-11-10 14:30:00+00:00,0.0031379225872867236
1975-11-11 14:30:00+00:00,0.006871351948228843
1975-11-12 14:30:00+00:00,0.016182008244441038
1975-11-13 14:30:00+00:00,-0.0007306979245678246
1975-11-14 14:30:00+00:00,-0.0031295109829765464
1975-11-17 14:30:00+00:00,0.0014193101049288948
1975-11-18 14:30:00+00:00,-0.006168214118816973
1975-11-19 14:30:00+00:00,-0.009639557031274736
1975-11-20 14:30:00+00:00,-0.0026684418978076938
1975-11-21 14:30:00+00:00,0.000801244965552328
1975-11-24 14:30:00+00:00,0.0022154143313872668
1975-11-25 14:30:00+00:00,0.0032367831409176764
1975-11-26 14:30:00+00:00,0.004760543002489725
1975-11-28 14:30:00+00:00,0.0029550598348104698
1975-12-01 14:30:00+00:00,-0.0018766419318090421
1975-12-02 14:30:00+00:00,-0.01700823505129524
1975-12-03 14:30:00+00:00,-0.021566489367684693
1975-12-04 14:30:00+00:00,-0.006311196406451292
1975-12-05 14:30:00+00:00,-0.0064829221677951245
1975-12-08 14:30:00+00:00,0.0025766186425968288
1975-12-09 14:30:00+00:00,-0.005439048794113621
1975-12-10 14:30:00+00:00,0.009696073400675898
1975-12-11 14:30:00+00:00,-0.002359111879671982
1975-12-12 14:30:00+00:00,-0.002364227021835263
1975-12-15 14:30:00+00:00,-0.0050392968694939035
1975-12-16 14:30:00+00:00,0.008620170618397472
1975-12-17 14:30:00+00:00,0.008012788808950056
1975-12-18 14:30:00+00:00,0.003461960846915069
1975-12-19 14:30:00+00:00,-0.002071888083090345
1975-12-22 14:30:00+00:00,-0.004446704939590884
1975-12-23 14:30:00+00:00,0.00373649860533164
1975-12-24 14:30:00+00:00,0.006357637202167854
1975-12-26 14:30:00+00:00,0.009851479370215788
1975-12-29 14:30:00+00:00,-0.002563306350024563
1975-12-30 14:30:00+00:00,-0.0036092833882681694
1975-12-31 14:30:00+00:00,0.012290825620516522
1976-01-02 14:30:00+00:00,0.005568575063675796
1976-01-05 14:30:00+00:00,0.008867519850500594
1976-01-06 14:30:00+00:00,0.019072098347891354
1976-01-07 14:30:00+00:00,0.008869742753381694
1976-01-08 14:30:00+00:00,0.008049199648326278
1976-01-09 14:30:00+00:00,0.007983233562532933
1976-01-12 14:30:00+00:00,0.004759695513830697
1976-01-13 14:30:00+00:00,-0.0036062376827155182
1976-01-14 14:30:00+00:00,0.01445962878301631
1976-01-15 14:30:00+00:00,0.0012154820227037067
1976-01-16 14:30:00+00:00,0.006707591926090817
1976-01-19 14:30:00+00:00,0.005000833803194149
1976-01-20 14:30:00+00:00,0.0019063514954575811
1976-01-21 14:30:00+00:00,0.0004888742221993315
1976-01-22 14:30:00+00:00,-0.003984569906002611
1976-01-23 14:30:00+00:00,0.007463216365817027
1976-01-26 14:30:00+00:00,-0.00256304338741532
1976-01-27 14:30:00+00:00,-0.0035097696075432447
1976-01-28 14:30:00+00:00,-0.0016337999001410197
1976-01-29 14:30:00+00:00,0.017860585156459486
1976-01-30 14:30:00+00:00,0.010346912477518167
1976-02-02 14:30:00+00:00,0.002542110505180817
1976-02-03 14:30:00+00:00,0.0010457203886306999
1976-02-04 14:30:00+00:00,0.012145361964489777
1976-02-05 14:30:00+00:00,-0.004961507292390322
1976-02-06 14:30:00+00:00,-0.008847974010824499
1976-02-09 14:30:00+00:00,0.006547585456214244
1976-02-10 14:30:00+00:00,0.001266220137605234
1976-02-11 14:30:00+00:00,0.008313934267667456
1976-02-12 14:30:00+00:00,0.0020422348267183812
1976-02-13 14:30:00+00:00,0.0008001106382415802
1976-02-17 14:30:00+00:00,-0.001673734162423901
1976-02-18 14:30:00+00:00,0.0045161187065763
1976-02-19 14:30:00+00:00,0.01009831893398826
1976-02-20 14:30:00+00:00,0.009662561120219227
1976-02-23 14:30:00+00:00,0.0030861231182481744
1976-02-24 14:30:00+00:00,0.004499778880404859
1976-02-25 14:30:00+00:00,0.0038244845501231753
1976-02-26 14:30:00+00:00,-0.0070497167455647715
1976-02-27 14:30:00+00:00,-0.013112518881604928
1976-03-01 14:30:00+00:00,-0.00021081471298191036
1976-03-02 14:30:00+00:00,0.0031133065432393694
1976-03-03 14:30:00+00:00,-0.004186621855982076
1976-03-04 14:30:00+00:00,-0.005866847661370922
1976-03-05 14:30:00+00:00,-0.00210781151268381
1976-03-08 14:30:00+00:00,0.005488465331151759
1976-03-09 14:30:00+00:00,1.1171902798190554e-05
1976-03-10 14:30:00+00:00,0.0023449164603375097
1976-03-11 14:30:00+00:00,0.011097363308227404
1976-03-12 14:30:00+00:00,-0.0025120296339371626
1976-03-15 14:30:00+00:00,-0.014057541190053102
1976-03-16 14:30:00+00:00,0.0014604033408789241
1976-03-17 14:30:00+00:00,0.0026821054785437395
1976-03-18 14:30:00+00:00,-0.006314599431812906
1976-03-19 14:30:00+00:00,-0.00021169330976668056
1976-03-22 14:30:00+00:00,0.001575245972137196
1976-03-23 14:30:00+00:00,0.007370154428672382
1976-03-24 14:30:00+00:00,0.006208097509673205
1976-03-25 14:30:00+00:00,-0.0029593658347944027
1976-03-26 14:30:00+00:00,0.002326394895180151
1976-03-29 14:30:00+00:00,-0.002300428535429899
1976-03-30 14:30:00+00:00,-0.002305365224969946
1976-03-31 14:30:00+00:00,0.0013366768248599282
1976-04-01 14:30:00+00:00,-0.002086319793866542
1976-04-02 14:30:00+00:00,0.0020007829155557102
1976-04-05 14:30:00+00:00,0.008727133134748478
1976-04-06 14:30:00+00:00,0.0012125095283985643
1976-04-07 14:30:00+00:00,-0.008292244401957981
1976-04-08 14:30:00+00:00,-0.008470067298315575
1976-04-09 14:30:00+00:00,-0.012872118105127572
1976-04-12 14:30:00+00:00,-0.003362469541215007
1976-04-13 14:30:00+00:00,0.0005772594697708189
1976-04-14 14:30:00+00:00,0.0009150725713209407
1976-04-15 14:30:00+00:00,0.004632373734595008
1976-04-19 14:30:00+00:00,0.004610083857460301
1976-04-20 14:30:00+00:00,0.011285247395411913
1976-04-21 14:30:00+00:00,0.0016657657172178709
1976-04-22 14:30:00+00:00,0.0019932295740121455
1976-04-23 14:30:00+00:00,-0.004057790391106331
1976-04-26 13:30:00+00:00,-0.00043111235984673026
1976-04-27 13:30:00+00:00,-0.006614257920709033
1976-04-28 13:30:00+00:00,0.003456342330360174
1976-04-29 13:30:00+00:00,0.0026685491866118463
1976-04-30 13:30:00+00:00,-0.005290515790866157
1976-05-03 13:30:00+00:00,-0.011534266855685048
1976-05-04 13:30:00+00:00,0.0020335744581758577
1976-05-05 13:30:00+00:00,-0.0001
1976-05-06 13:30:00+00:00,0.0019170361887565935
1976-05-07 13:30:00+00:00,0.006609891371139198
1976-05-10 13:30:00+00:00,0.0057876519490764776
1976-05-11 13:30:00+00:00,0.00034167073202583397
1976-05-12 13:30:00+00:00,0.00045197100981563275
1976-05-13 13:30:00+00:00,-0.004733695628568968
1976-05-14 13:30:00+00:00,-0.004976994407591262
1976-05-17 13:30:00+00:00,-0.0033301283077563745
1976-05-18 13:30:00+00:00,0.0003469875570702886
1976-05-19 13:30:00+00:00,-0.0032274297231602686
1976-05-20 13:30:00+00:00,0.0030372412246148952
1976-05-21 13:30:00+00:00,-0.0016637148615801344
1976-05-24 13:30:00+00:00,-0.013971773937086828
1976-05-25 13:30:00+00:00,-0.0039571067657365845
1976-05-26 13:30:00+00:00,0.003202595645032769
1976-05-27 13:30:00+00:00,-0.0037322326942856973
1976-05-28 13:30:00+00:00,0.002861974707748505
1976-06-01 13:30:00+00:00,-0.0027124869893433543
1976-06-02 13:30:00+00:00,0.0038859482205550913
1976-06-03 13:30:00+00:00,0.0010342839152361783
1976-06-04 13:30:00+00:00,-0.005878406117000423
1976-06-07 13:30:00+00:00,-0.0061398721287393545
1976-06-08 13:30:00+00:00,-0.0012465085154958033
1976-06-09 13:30:00+00:00,-0.0020513979910488198
1976-06-10 13:30:00+00:00,0.00404031768817491
1976-06-11 13:30:00+00:00,0.0044813943083719
1976-06-14 13:30:00+00:00,0.007766861801488767
1976-06-15 13:30:00+00:00,0.0004655590667454913
1976-06-16 13:30:00+00:00,0.0053268329394571155
1976-06-17 13:30:00+00:00,0.00878340169589963
1976-06-18 13:30:00+00:00,0.0035781300330448465
1976-06-21 13:30:00+00:00,0.0010104771874757002
1976-06-22 13:30:00+00:00,-0.006866506933185701
1976-06-23 13:30:00+00:00,-0.00400885046395395
1976-06-24 13:30:00+00:00,0.006739338419710294
1976-06-25 13:30:00+00:00,0.002683964270645978
1976-06-28 13:30:00+00:00,-0.0020988928270476823
1976-06-29 13:30:00+00:00,0.0025705002385087885
1976-06-30 13:30:00+00:00,0.002230474786929937
1976-07-01 13:30:00+00:00,-0.0005428799342615087
1976-07-02 13:30:00+00:00,0.00654597344078266
1976-07-06 13:30:00+00:00,-0.0029608551352719
1976-07-07 13:30:00+00:00,-0.0003207489721323119
1976-07-08 13:30:00+00:00,0.001997157225234625
1976-07-09 13:30:00+00:00,0.00749998275634155
1976-07-12 13:30:00+00:00,0.004928411320426418
1976-07-13 13:30:00+00:00,0.00022628647487786822
1976-07-14 13:30:00+00:00,0.005010375279600676
1976-07-15 13:30:00+00:00,0.0007653634741178084
1976-07-16 13:30:00+00:00,-0.0013969641325262238
1976-07-19 13:30:00+00:00,-0.0035632001032445235
1976-07-20 13:30:00+00:00,-0.004444065138191633
1976-07-21 13:30:00+00:00,-0.0017361422925348368
1976-07-22 13:30:00+00:00,0.001320352720925777
1976-07-23 13:30:00+00:00,-0.0007546496355104293
1976-07-26 13:30:00+00:00,-0.0014099903841308214
1976-07-27 13:30:00+00:00,-0.002067646464478778
1976-07-28 13:30:00+00:00,-0.003276351652068865
1976-07-29 13:30:00+00:00,-0.0018580887633632525
1976-07-30 13:30:00+00:00,0.004743175000510236
1976-08-02 13:30:00+00:00,-0.00031912884500296935
1976-08-03 13:30:00+00:00,0.008007872470490385
1976-08-04 13:30:00+00:00,-0.001621567073122676
1976-08-05 13:30:00+00:00,-0.004345122216053776
1976-08-06 13:30:00+00:00,0.0016489727464325977
1976-08-09 13:30:00+00:00,-0.0034827756510086402
1976-08-10 13:30:00+00:00,0.00603158378809242
1976-08-11 13:30:00+00:00,-0.0009706260919150167
1976-08-12 13:30:00+00:00,0.0007713847422077147
1976-08-13 13:30:00+00:00,-0.0009706260919150167
1976-08-16 13:30:00+00:00,-0.0005356923711038574
1976-08-17 13:30:00+00:00,0.002515293690132248
1976-08-18 13:30:00+00:00,-0.0018389811802468458
1976-08-19 13:30:00+00:00,-0.012184927912811127
1976-08-20 13:30:00+00:00,-0.00616122366444184
1976-08-23 13:30:00+00:00,-0.0066417890155670125
1976-08-24 13:30:00+00:00,-0.005345549427535745
1976-08-25 13:30:00+00:00,0.004612283308454079
1976-08-26 13:30:00+00:00,-0.00400849906854085
1976-08-27 13:30:00+00:00,-0.0007726183928971175
1976-08-30 13:30:00+00:00,0.001470556322717298
1976-08-31 13:30:00+00:00,0.004604280630464241
1976-09-01 13:30:00+00:00,0.009821955629073054
1976-09-02 13:30:00+00:00,0.0008935309738775544
1976-09-03 13:30:00+00:00,0.003649408212906813
1976-09-07 13:30:00+00:00,0.001987480206699466
1976-09-08 13:30:00+00:00,0.00044821897006607224
1976-09-09 13:30:00+00:00,-0.004483097923686186
1976-09-10 13:30:00+00:00,0.003531981387165917
1976-09-13 13:30:00+00:00,-0.0026222431272702293
1976-09-14 13:30:00+00:00,-0.004827356085134194
1976-09-15 13:30:00+00:00,0.0010045893678280904
1976-09-16 13:30:00+00:00,0.004423928881548178
1976-09-17 13:30:00+00:00,0.0061609807677078686
1976-09-20 13:30:00+00:00,0.0029564215416590825
1976-09-21 13:30:00+00:00,0.00566775256085793
1976-09-22 13:30:00+00:00,0.00011644960892963638
1976-09-23 13:30:00+00:00,-0.0019390933995009462
1976-09-24 13:30:00+00:00,0.00033352028809628963
1976-09-27 13:30:00+00:00,0.001308351058941104
1976-09-28 13:30:00+00:00,-0.008754295008969747
1976-09-29 13:30:00+00:00,-0.004137568191252339
1976-09-30 13:30:00+00:00,-0.00020950484500427126
1976-10-01 13:30:00+00:00,-0.00908531312326889
1976-10-04 13:30:00+00:00,0.00012110396424812606
1976-10-05 13:30:00+00:00,-0.007948762896953464
1976-10-06 13:30:00+00:00,-0.00767660507159641
1976-10-07 13:30:00+00:00,0.00618716246224803
1976-10-08 13:30:00+00:00,-0.002889244758015008
1976-10-11 13:30:00+00:00,-0.004127753651981603
1976-10-12 13:30:00+00:00,-0.003020630382389322
1976-10-13 13:30:00+00:00,0.005983831709451148
1976-10-14 13:30:00+00:00,-0.00648297508784913
1976-10-15 13:30:00+00:00,0.0036190824881714326
1976-10-18 13:30:00+00:00,0.00439137139955269
1976-10-19 13:30:00+00:00,-0.00021180568223601028
1976-10-20 13:30:00+00:00,0.0019123008531787167
1976-10-21 13:30:00+00:00,-0.0016619702548088644
1976-10-22 13:30:00+00:00,-0.00267007188545455
1976-10-25 13:30:00+00:00,0.0011323617266296604
1976-10-26 13:30:00+00:00,0.00045942062019465056
1976-10-27 13:30:00+00:00,0.002136687337644927
1976-10-28 13:30:00+00:00,0.0024663436787590756
1976-10-29 13:30:00+00:00,0.005464830367181583
1976-11-01 14:30:00+00:00,0.0003427328854776924
1976-11-03 14:30:00+00:00,-0.011273826120703944
1976-11-04 14:30:00+00:00,0.007507969636067357
1976-11-05 14:30:00+00:00,-0.006651147611421726
1976-11-08 14:30:00+00:00,-0.008259196903695486
1976-11-09 14:30:00+00:00,-0.007537413213915667
1976-11-10 14:30:00+00:00,-0.0030518861356199187
1976-11-11 14:30:00+00:00,0.003657707039415248
1976-11-12 14:30:00+00:00,-0.0006672495847107717
1976-11-15 14:30:00+00:00,0.00024050828395515432
1976-11-16 14:30:00+00:00,0.004325274047461958
1976-11-17 14:30:00+00:00,0.005435534475220149
1976-11-18 14:30:00+00:00,0.008887702540877108
1976-11-19 14:30:00+00:00,0.0016815796287599106
1976-11-22 14:30:00+00:00,0.0054574079494948856
1976-11-23 14:30:00+00:00,-0.0028633469285595067
1976-11-24 14:30:00+00:00,0.005109501378229619
1976-11-26 14:30:00+00:00,0.007949351724416454
1976-11-29 14:30:00+00:00,-0.003819058681912357
1976-11-30 14:30:00+00:00,0.00033918439529178067
1976-12-01 14:30:00+00:00,0.007691912456886818
1976-12-02 14:30:00+00:00,8.837053649724064e-06
1976-12-03 14:30:00+00:00,0.005017609314507554
1976-12-06 14:30:00+00:00,0.003366576787862108
1976-12-07 14:30:00+00:00,0.004002395488287502
1976-12-08 14:30:00+00:00,0.0037705580269127184
1976-12-09 14:30:00+00:00,0.007718311085631579
1976-12-10 14:30:00+00:00,0.0054260816247935105
1976-12-13 14:30:00+00:00,-0.0001
1976-12-14 14:30:00+00:00,0.00021704479418825927
1976-12-15 14:30:00+00:00,0.0027525793841913673
1976-12-16 14:30:00+00:00,5.37438288471534e-06
1976-12-17 14:30:00+00:00,-0.0031548921794486537
1976-12-20 14:30:00+00:00,-0.0018962613064419486
1976-12-21 14:30:00+00:00,0.0021229181937030164
1976-12-22 14:30:00+00:00,0.0051809463285634625
1976-12-23 14:30:00+00:00,0.0003202659739345194
1976-12-27 14:30:00+00:00,0.0047309081976007914
1976-12-28 14:30:00+00:00,0.00554382225966753
1976-12-29 14:30:00+00:00,0.0006274962994820999
1976-12-30 14:30:00+00:00,0.007792845871890763
1976-12-31 14:30:00+00:00,0.008452232617834222
1977-01-03 14:30:00+00:00,-0.0020410994824592407
1977-01-04 14:30:00+00:00,-0.004911149646403501
1977-01-05 14:30:00+00:00,-0.0034943820912482046
1977-01-06 14:30:00+00:00,0.004028408797591909
1977-01-07 14:30:00+00:00,0.0023668296999803553
1977-01-10 14:30:00+00:00,-0.0023557287343043518
1977-01-11 14:30:00+00:00,-0.009348730028406981
1977-01-12 14:30:00+00:00,-0.00414529617496785
1977-01-13 14:30:00+00:00,0.008439884643741447
1977-01-14 14:30:00+00:00,0.0036174785622198227
1977-01-17 14:30:00+00:00,-0.0007172588526489609
1977-01-18 14:30:00+00:00,-0.00020296619614280632
1977-01-19 14:30:00+00:00,0.004224161538314719
1977-01-20 14:30:00+00:00,-0.004918054392614957
1977-01-21 14:30:00+00:00,0.002372165834804807
1977-01-24 14:30:00+00:00,0.00041380036903636573
1977-01-25 14:30:00+00:00,-0.0032837853470653153
1977-01-26 14:30:00+00:00,-0.005766550960206407
1977-01-27 14:30:00+00:00,-0.004969974202670546
1977-01-28 14:30:00+00:00,-0.0034319418135541177
1977-01-31 14:30:00+00:00,-0.001980487911411044
1977-02-01 14:30:00+00:00,0.007854805620134176
1977-02-02 14:30:00+00:00,0.0015614333088738053
1977-02-03 14:30:00+00:00,-0.0014476804338773408
1977-02-04 14:30:00+00:00,0.004156161371551714
1977-02-07 14:30:00+00:00,-0.0014437797838390387
1977-02-08 14:30:00+00:00,-0.0003070621295369168
1977-02-09 14:30:00+00:00,-0.006311807608131448
1977-02-10 14:30:00+00:00,0.003025357416754904
1977-02-11 14:30:00+00:00,-0.0021771064049752706
1977-02-14 14:30:00+00:00,0.000316285951210682
1977-02-15 14:30:00+00:00,0.002812789105290914
1977-02-16 14:30:00+00:00,0.002078187703515189
1977-02-17 14:30:00+00:00,-0.0007210431202912093
1977-02-18 14:30:00+00:00,-0.001964129139673598
1977-02-22 14:30:00+00:00,-0.0025901210895295066
1977-02-23 14:30:00+00:00,-0.004052540626486423
1977-02-24 14:30:00+00:00,-0.009707412049041363
1977-02-25 14:30:00+00:00,0.0005326991807812376
1977-02-28 14:30:00+00:00,-0.003577363811893008
1977-03-01 14:30:00+00:00,0.005927278171339745
1977-03-02 14:30:00+00:00,0.00042557338741432425
1977-03-03 14:30:00+00:00,0.00347176519771496
1977-03-04 14:30:00+00:00,0.005552684208391045
1977-03-07 14:30:00+00:00,0.0009408917918054427
1977-03-08 14:30:00+00:00,0.0005239491435038324
1977-03-09 14:30:00+00:00,-0.005088084175297947
1977-03-10 14:30:00+00:00,0.0018843597013706748
1977-03-11 14:30:00+00:00,0.0012549848875329395
1977-03-14 14:30:00+00:00,0.0011491177991384994
1977-03-15 14:30:00+00:00,0.001979186434827518
1977-03-16 14:30:00+00:00,0.0018711841748040193
1977-03-17 14:30:00+00:00,-0.0017566955795803695
1977-03-18 14:30:00+00:00,0.00010747016014133201
1977-03-21 14:30:00+00:00,-0.001966448575477242
1977-03-22 14:30:00+00:00,-0.0022815819635601084
1977-03-23 14:30:00+00:00,-0.0031192702375144707
1977-03-24 14:30:00+00:00,-0.0023974228884220514
1977-03-25 14:30:00+00:00,-0.0028213955802696253
1977-03-28 14:30:00+00:00,-0.004613017534475639
1977-03-29 14:30:00+00:00,0.0006380041744895482
1977-03-30 14:30:00+00:00,-0.007369224876970793
1977-03-31 14:30:00+00:00,-0.0011612978876464175
1977-04-01 14:30:00+00:00,0.004255717349120436
1977-04-04 14:30:00+00:00,-0.0068696148027360794
1977-04-05 14:30:00+00:00,-0.002655887751539476
1977-04-06 14:30:00+00:00,0.0023556450837733836
1977-04-07 14:30:00+00:00,0.0013911001231072695
1977-04-11 14:30:00+00:00,0.0035159095150389843
1977-04-12 14:30:00+00:00,0.007211590462327322
1977-04-13 14:30:00+00:00,0.000320796513304067
1977-04-14 14:30:00+00:00,0.009363738594315708
1977-04-15 14:30:00+00:00,0.0026083555857341237
1977-04-18 14:30:00+00:00,-0.0010350089890688418
1977-04-19 14:30:00+00:00,-0.000827874557107211
1977-04-20 14:30:00+00:00,0.0026055373606534873
1977-04-21 14:30:00+00:00,-0.005703994521657718
1977-04-22 14:30:00+00:00,-0.0074053323989938915
1977-04-25 13:30:00+00:00,-0.009141217257349853
1977-04-26 13:30:00+00:00,-0.0015852470451475198
1977-04-27 13:30:00+00:00,0.00701855237349801
1977-04-28 13:30:00+00:00,0.0027483662882017315
1977-04-29 13:30:00+00:00,0.004318323260327872
1977-05-02 13:30:00+00:00,0.0035656730395441263
1977-05-03 13:30:00+00:00,0.0038653265799566297
1977-05-04 13:30:00+00:00,0.004265431586550006
1977-05-05 13:30:00+00:00,0.002590697957370203
1977-05-06 13:30:00+00:00,3.2318742231197414e-06
1977-05-09 13:30:00+00:00,-0.0015447821201638567
1977-05-10 13:30:00+00:00,0.004033955322941585
1977-05-11 13:30:00+00:00,-0.0025702087702540563
1977-05-12 13:30:00+00:00,0.00031272096866551423
1977-05-13 13:30:00+00:00,0.00454113636433372
1977-05-16 13:30:00+00:00,0.003801008511775439
1977-05-17 13:30:00+00:00,0.0010248656234963405
1977-05-18 13:30:00+00:00,0.005722264412054689
1977-05-19 13:30:00+00:00,-0.0012170976844512293
1977-05-20 13:30:00+00:00,-0.003760030582733453
1977-05-23 13:30:00+00:00,-0.008773453817562126
1977-05-24 13:30:00+00:00,-0.005143724715114939
1977-05-25 13:30:00+00:00,-0.0050658942556171095
1977-05-26 13:30:00+00:00,-0.00020399393011784052
1977-05-27 13:30:00+00:00,-0.002907493482448575
1977-05-31 13:30:00+00:00,-0.0033325879359306196
1977-06-01 13:30:00+00:00,0.0027246080427341004
1977-06-02 13:30:00+00:00,-0.0007258873170429391
1977-06-03 13:30:00+00:00,0.003970974710071118
1977-06-06 13:30:00+00:00,-0.0009317063002822867
1977-06-07 13:30:00+00:00,0.0005242592676384273
1977-06-08 13:30:00+00:00,0.004267247342643043
1977-06-09 13:30:00+00:00,0.0003141310388645625
1977-06-10 13:30:00+00:00,0.004453476704054038
1977-06-13 13:30:00+00:00,0.002063377821498669
1977-06-14 13:30:00+00:00,0.004217415442183447
1977-06-15 13:30:00+00:00,-0.0004070499512172198
1977-06-16 13:30:00+00:00,0.0055312384772081445
1977-06-17 13:30:00+00:00,0.0038706718061640613
1977-06-20 13:30:00+00:00,0.001015511709468775
1977-06-21 13:30:00+00:00,0.001014268729653256
1977-06-22 13:30:00+00:00,-0.0006059501247737242
1977-06-23 13:30:00+00:00,0.003848161515164639
1977-06-24 13:30:00+00:00,0.004841065868825589
1977-06-27 13:30:00+00:00,-0.0004010877743205853
1977-06-28 13:30:00+00:00,-0.0036129828743328815
1977-06-29 13:30:00+00:00,0.0005043267458848422
1977-06-30 13:30:00+00:00,0.0038259818141770266
1977-07-01 13:30:00+00:00,0.0016045840090559316
1977-07-05 13:30:00+00:00,0.002102214387815982
1977-07-06 13:30:00+00:00,-0.0016981188345985942
1977-07-07 13:30:00+00:00,0.0031012774885461505
1977-07-08 13:30:00+00:00,0.005185189327368655
1977-07-11 13:30:00+00:00,0.00029679512445278676
1977-07-12 13:30:00+00:00,-0.001091556525871018
1977-07-13 13:30:00+00:00,0.001686603525318009
1977-07-15 13:30:00+00:00,0.0046558045722999595
1977-07-18 13:30:00+00:00,0.0058165610142393185
1977-07-19 13:30:00+00:00,0.0035270474408321986
1977-07-20 13:30:00+00:00,0.0003884064573087432
1977-07-21 13:30:00+00:00,0.0025359137192422112
1977-07-22 13:30:00+00:00,0.0038922460982739773
1977-07-25 13:30:00+00:00,-0.0010698232327529644
1977-07-26 13:30:00+00:00,-0.006021760971763113
1977-07-27 13:30:00+00:00,-0.011330483483813946
1977-07-28 13:30:00+00:00,-0.005729626615547889
1977-07-29 13:30:00+00:00,-0.00039796165282025554
1977-08-01 13:30:00+00:00,0.0009929022223937767
1977-08-02 13:30:00+00:00,-0.0036728523493363527
1977-08-03 13:30:00+00:00,-0.0038849091338365557
1977-08-04 13:30:00+00:00,0.0035992877324564246
1977-08-05 13:30:00+00:00,0.004581753397356658
1977-08-08 13:30:00+00:00,-0.003173543096547726
1977-08-09 13:30:00+00:00,-0.0003984227526672267
1977-08-10 13:30:00+00:00,0.002785007214605162
1977-08-11 13:30:00+00:00,0.0011896030747042708
1977-08-12 13:30:00+00:00,-0.0018832405470791235
1977-08-15 13:30:00+00:00,0.0011901672356280258
1977-08-16 13:30:00+00:00,-0.002478807267533367
1977-08-17 13:30:00+00:00,0.0005954763414108722
1977-08-18 13:30:00+00:00,0.0012899859804575864
1977-08-19 13:30:00+00:00,-0.00019916851249203162
1977-08-22 13:30:00+00:00,0.0018831887026555694
1977-08-23 13:30:00+00:00,-0.001188576022063248
1977-08-24 13:30:00+00:00,-0.001982330461766557
1977-08-25 13:30:00+00:00,-0.006154596628799591
1977-08-26 13:30:00+00:00,-0.0025965049083657263
1977-08-29 13:30:00+00:00,0.004705319450060352
1977-08-30 13:30:00+00:00,-0.0026904366754569972
1977-08-31 13:30:00+00:00,-0.00019991145908982978
1977-09-01 13:30:00+00:00,0.002897033529779536
1977-09-02 13:30:00+00:00,0.00418287150040485
1977-09-06 13:30:00+00:00,-0.0005959144188214637
1977-09-07 13:30:00+00:00,0.0036706378985447044
1977-09-08 13:30:00+00:00,0.0010861913092481302
1977-09-09 13:30:00+00:00,-0.003753190379610538
1977-09-12 13:30:00+00:00,-0.0031720956965407662
1977-09-13 13:30:00+00:00,-0.0014916440533987551
1977-09-14 13:30:00+00:00,0.0013931467971921463
1977-09-15 13:30:00+00:00,0.0034781791886255744
1977-09-16 13:30:00+00:00,-0.0023779375473200856
1977-09-19 13:30:00+00:00,-0.003971346018647248
1977-09-20 13:30:00+00:00,-0.0012957660090891054
1977-09-21 13:30:00+00:00,-0.0047892268279128404
1977-09-22 13:30:00+00:00,-0.0030069858592356555
1977-09-23 13:30:00+00:00,0.0009053128872413719
1977-09-26 13:30:00+00:00,0.0016073231843562908
1977-09-27 13:30:00+00:00,-0.0001
1977-09-28 13:30:00+00:00,0.0021057471968628397
1977-09-29 13:30:00+00:00,0.003001216100770188
1977-09-30 13:30:00+00:00,0.005684400623043195
1977-10-03 13:30:00+00:00,0.002973923576387916
1977-10-04 13:30:00+00:00,-0.003559925769523475
1977-10-05 13:30:00+00:00,-7.822986538673907e-07
1977-10-06 13:30:00+00:00,0.004760125622423439
1977-10-07 13:30:00+00:00,0.002959966394816982
1977-10-10 13:30:00+00:00,0.0005888377576488302
1977-10-11 13:30:00+00:00,-0.0046235428599552654
1977-10-12 13:30:00+00:00,-0.013929906939176406
1977-10-13 13:30:00+00:00,-0.008113653581933066
1977-10-14 13:30:00+00:00,0.00010200214790988546
1977-10-17 13:30:00+00:00,0.0008085950037133194
1977-10-18 13:30:00+00:00,0.0010095482250229604
1977-10-19 13:30:00+00:00,-0.008160484148693314
1977-10-20 13:30:00+00:00,0.0014236315950093448
1977-10-21 13:30:00+00:00,-0.0007084945184811064
1977-10-24 13:30:00+00:00,-0.00669632149218381
1977-10-25 13:30:00+00:00,-0.010928456075216208
1977-10-26 13:30:00+00:00,0.00020980872384178682
1977-10-27 13:30:00+00:00,0.0020680681720976926
1977-10-28 13:30:00+00:00,0.004226755642997115
1977-10-31 14:30:00+00:00,0.000207711354541107
1977-11-01 14:30:00+00:00,-0.008098347068773559
1977-11-02 14:30:00+00:00,-0.002477462607172531
1977-11-03 14:30:00+00:00,-0.0003072766761801459
1977-11-04 14:30:00+00:00,0.007361925967908733
1977-11-07 14:30:00+00:00,0.006483678589404229
1977-11-08 14:30:00+00:00,0.0035791069592787553
1977-11-09 14:30:00+00:00,0.004889286919227842
1977-11-10 14:30:00+00:00,0.012868657023997965
1977-11-11 14:30:00+00:00,0.009501910904577738
1977-11-14 14:30:00+00:00,0.00029628407529090915
1977-11-15 14:30:00+00:00,0.005247526918018541
1977-11-16 14:30:00+00:00,0.00029402006353461695
1977-11-17 14:30:00+00:00,0.002853948985521926
1977-11-18 14:30:00+00:00,0.003434268684413977
1977-11-21 14:30:00+00:00,0.0011717398930301993
1977-11-22 14:30:00+00:00,0.005566847481207826
1977-11-23 14:30:00+00:00,0.007769402080950216
1977-11-25 14:30:00+00:00,0.0055873335206728545
1977-11-28 14:30:00+00:00,-0.0026879830127690793
1977-11-29 14:30:00+00:00,-0.008364468869195518
1977-11-30 14:30:00+00:00,-0.0005844517814118765
1977-12-01 14:30:00+00:00,0.005038136417418337
1977-12-02 14:30:00+00:00,0.003950908253366847
1977-12-05 14:30:00+00:00,0.0003803367194115005
1977-12-06 14:30:00+00:00,-0.011429815534208864
1977-12-07 14:30:00+00:00,-0.0012654146368788032
1977-12-08 14:30:00+00:00,0.0019417995876342853
1977-12-09 14:30:00+00:00,0.004848594491674729
1977-12-12 14:30:00+00:00,0.00298969485147359
1977-12-13 14:30:00+00:00,0.0019213599548213334
1977-12-14 14:30:00+00:00,-0.0014448548674401817
1977-12-15 14:30:00+00:00,-0.0007733329688406454
1977-12-16 14:30:00+00:00,0.0014401257392375633
1977-12-19 14:30:00+00:00,-0.00730807283039604
1977-12-20 14:30:00+00:00,-0.00784446300216447
1977-12-21 14:30:00+00:00,0.005070719798018197
1977-12-22 14:30:00+00:00,0.0035882935777424743
1977-12-23 14:30:00+00:00,0.0050252176823108894
1977-12-27 14:30:00+00:00,9.238640173857568e-05
1977-12-28 14:30:00+00:00,0.000669544360900598
1977-12-29 14:30:00+00:00,0.0035524149372749727
1977-12-30 14:30:00+00:00,0.00593337381593505
1978-01-03 14:30:00+00:00,-0.010095269121891192
1978-01-04 14:30:00+00:00,-0.003369195556640625
1978-01-05 14:30:00+00:00,-0.004441159190998645
1978-01-06 14:30:00+00:00,-0.015117880400276739
1978-01-09 14:30:00+00:00,-0.014461663006818847
1978-01-10 14:30:00+00:00,-0.006287576208288248
1978-01-11 14:30:00+00:00,-0.005020721873407863
1978-01-12 14:30:00+00:00,0.004441372431806634
1978-01-13 14:30:00+00:00,0.002210585949604871
1978-01-16 14:30:00+00:00,-0.004209412112958455
1978-01-17 14:30:00+00:00,0.006139963192164355
1978-01-18 14:30:00+00:00,0.004300828138011903
1978-01-19 14:30:00+00:00,0.001493344602936364
1978-01-20 14:30:00+00:00,0.00039707120156217145
1978-01-23 14:30:00+00:00,-0.0029818535570167557
1978-01-24 14:30:00+00:00,0.0018932687356616352
1978-01-25 14:30:00+00:00,0.0031822938934717884
1978-01-26 14:30:00+00:00,-0.003470714365294014
1978-01-27 14:30:00+00:00,0.0007952946222824387
1978-01-30 14:30:00+00:00,0.0033784184512755003
1978-01-31 14:30:00+00:00,-0.001387559485399381
1978-02-01 14:30:00+00:00,0.006841735452777875
1978-02-02 14:30:00+00:00,0.0038393492443600133
1978-02-03 14:30:00+00:00,0.0026467017126845407
1978-02-06 14:30:00+00:00,0.0003890962802410748
1978-02-07 14:30:00+00:00,0.004593491470512789
1978-02-08 14:30:00+00:00,0.004084917811929756
1978-02-09 14:30:00+00:00,9.380347942687947e-05
1978-02-10 14:30:00+00:00,0.0035822179655982003
1978-02-13 14:30:00+00:00,-0.0024171026155756056
1978-02-14 14:30:00+00:00,-0.005518981792516542
1978-02-15 14:30:00+00:00,-0.002240506161860789
1978-02-16 14:30:00+00:00,-0.003902646245439134
1978-02-17 14:30:00+00:00,0.0006830266466521962
1978-02-21 14:30:00+00:00,-0.00264280817829311
1978-02-22 14:30:00+00:00,0.0012726776407567697
1978-02-23 14:30:00+00:00,0.0001938060266166609
1978-02-24 14:30:00+00:00,0.0051857602464349005
1978-02-27 14:30:00+00:00,-0.0047737657429626325
1978-02-28 14:30:00+00:00,-0.007437115936642103
1978-03-01 14:30:00+00:00,-0.0001
1978-03-02 14:30:00+00:00,0.002265210021507025
1978-03-03 14:30:00+00:00,0.0022596290033411906
1978-03-06 14:30:00+00:00,-0.0021598243330921527
1978-03-07 14:30:00+00:00,0.0026521012893256815
1978-03-08 14:30:00+00:00,0.0037228487735347818
1978-03-09 14:30:00+00:00,0.0039034763993133106
1978-03-10 14:30:00+00:00,0.0057354257527906126
1978-03-13 14:30:00+00:00,0.0009636299777522229
1978-03-14 14:30:00+00:00,0.0011557218617343934
1978-03-15 14:30:00+00:00,0.0012505632327082128
1978-03-16 14:30:00+00:00,0.005487612568479061
1978-03-17 14:30:00+00:00,0.005265062298561707
1978-03-20 14:30:00+00:00,0.0039022694794563664
1978-03-21 14:30:00+00:00,-0.0033270687672314445
1978-03-22 14:30:00+00:00,0.0012331462913563907
1978-03-23 14:30:00+00:00,0.0020871026961739483
1978-03-27 14:30:00+00:00,-0.0009539362217651059
1978-03-28 14:30:00+00:00,0.003508710754084088
1978-03-29 14:30:00+00:00,0.003685025782776286
1978-03-30 14:30:00+00:00,0.000842670365714715
1978-03-31 14:30:00+00:00,8.83277736760558e-05
1978-04-03 14:30:00+00:00,-0.0030189978107516666
1978-04-04 14:30:00+00:00,0.0028275433032447397
1978-04-05 14:30:00+00:00,0.006962147095592941
1978-04-06 14:30:00+00:00,0.00476212517343576
1978-04-07 14:30:00+00:00,0.006971760748096567
1978-04-10 14:30:00+00:00,0.002671832329838464
1978-04-11 14:30:00+00:00,-0.0009292300645247331
1978-04-12 14:30:00+00:00,0.0038653291727665964
1978-04-13 14:30:00+00:00,0.010187453742373166
1978-04-14 14:30:00+00:00,0.011719284271356701
1978-04-17 14:30:00+00:00,0.005471055274342429
1978-04-18 14:30:00+00:00,-0.004389190789260156
1978-04-19 14:30:00+00:00,0.0017845830018623388
1978-04-20 14:30:00+00:00,0.010827993795889047
1978-04-21 14:30:00+00:00,0.0039758380470047315
1978-04-24 14:30:00+00:00,0.002370868161409401
1978-04-25 14:30:00+00:00,0.005885918259767242
1978-04-26 14:30:00+00:00,0.003575167775915256
1978-04-27 14:30:00+00:00,-0.0010590288864715913
1978-04-28 14:30:00+00:00,0.0050488261291623425
1978-05-01 13:30:00+00:00,0.0066719984131813235
1978-05-02 13:30:00+00:00,0.0012798177248416365
1978-05-03 13:30:00+00:00,0.0006750287268510902
1978-05-04 13:30:00+00:00,0.002223416871079065
1978-05-05 13:30:00+00:00,0.006682222384661196
1978-05-08 13:30:00+00:00,-0.001208529522804047
1978-05-09 13:30:00+00:00,-0.0008682801635611192
1978-05-10 13:30:00+00:00,0.004171678658384292
1978-05-11 13:30:00+00:00,0.0058548866871059755
1978-05-12 13:30:00+00:00,0.009625171466206329
1978-05-15 13:30:00+00:00,0.0032500964888364406
1978-05-16 13:30:00+00:00,0.008080264629172652
1978-05-17 13:30:00+00:00,0.008676267339849043
1978-05-18 13:30:00+00:00,-0.0015772872717599972
1978-05-19 13:30:00+00:00,-0.0008397991498925283
1978-05-22 13:30:00+00:00,0.002861261917045821
1978-05-23 13:30:00+00:00,-0.007973362438037378
1978-05-24 13:30:00+00:00,-0.009771804225336089
1978-05-25 13:30:00+00:00,6.691688277981064e-05
1978-05-26 13:30:00+00:00,0.0002338417261660176
1978-05-30 13:30:00+00:00,0.0010680242694438458
1978-05-31 13:30:00+00:00,0.0018999821980793974
1978-06-01 13:30:00+00:00,0.0007316573178452912
1978-06-02 13:30:00+00:00,0.005633774824696391
1978-06-05 13:30:00+00:00,0.008740780844552532
1978-06-06 13:30:00+00:00,0.006042506219268817
1978-06-07 13:30:00+00:00,0.0019350020602781793
1978-06-08 13:30:00+00:00,0.007129889526241928
1978-06-09 13:30:00+00:00,0.0032874167721279493
1978-06-12 13:30:00+00:00,-0.0010645747371566094
1978-06-13 13:30:00+00:00,-0.0005023095292420287
1978-06-14 13:30:00+00:00,0.0020732475620048765
1978-06-15 13:30:00+00:00,-0.002670072197686568
1978-06-16 13:30:00+00:00,-0.004126088977942544
1978-06-19 13:30:00+00:00,-0.006325274939465675
1978-06-20 13:30:00+00:00,-0.007340476756476988
1978-06-21 13:30:00+00:00,-0.011572601326588116
1978-06-22 13:30:00+00:00,0.00031451589899943465
1978-06-23 13:30:00+00:00,0.00039716240008312874
1978-06-26 13:30:00+00:00,-0.010038686180830824
1978-06-27 13:30:00+00:00,-0.0031115493357404375
1978-06-28 13:30:00+00:00,0.0027527969207923222
1978-06-29 13:30:00+00:00,0.0037487845280061885
1978-06-30 13:30:00+00:00,0.0025671085670186835
1978-07-03 13:30:00+00:00,-0.001346895445334073
1978-07-05 13:30:00+00:00,-0.007840327035913319
1978-07-06 13:30:00+00:00,-0.0034551545192355146
1978-07-07 13:30:00+00:00,0.0027615045291904286
1978-07-10 13:30:00+00:00,0.001746203294290083
1978-07-11 13:30:00+00:00,0.0036695140558720032
1978-07-12 13:30:00+00:00,0.003655294511942342
1978-07-13 13:30:00+00:00,0.0011471028217595492
1978-07-14 13:30:00+00:00,0.009449128314911171
1978-07-17 13:30:00+00:00,0.006315518732930669
1978-07-18 13:30:00+00:00,-0.0023066383713150726
1978-07-19 13:30:00+00:00,0.00571543726074174
1978-07-20 13:30:00+00:00,0.0076361313080894775
1978-07-21 13:30:00+00:00,-0.0013121335424558622
1978-07-24 13:30:00+00:00,-0.00018092343328436335
1978-07-25 13:30:00+00:00,0.0015182909908817322
1978-07-26 13:30:00+00:00,0.005473975573981204
1978-07-27 13:30:00+00:00,0.005121673192123743
1978-07-28 13:30:00+00:00,0.003815971421078801
1978-07-31 13:30:00+00:00,0.005472336673597355
1978-08-01 13:30:00+00:00,0.003779020463531724
1978-08-02 13:30:00+00:00,0.010545896455378834
1978-08-03 13:30:00+00:00,0.006610366618113861
1978-08-04 13:30:00+00:00,0.0052480268063634814
1978-08-07 13:30:00+00:00,0.0037547527108141468
1978-08-08 13:30:00+00:00,0.002050362989475685
1978-08-09 13:30:00+00:00,0.008712888712343759
1978-08-10 13:30:00+00:00,-0.0005557699701605023
1978-08-11 13:30:00+00:00,0.003091960503881042
1978-08-14 13:30:00+00:00,0.0007333379572087462
1978-08-15 13:30:00+00:00,-0.001311139666718264
1978-08-16 13:30:00+00:00,0.006114530831254228
1978-08-17 13:30:00+00:00,0.010218558959869329
1978-08-18 13:30:00+00:00,0.004149346405340359
1978-08-21 13:30:00+00:00,-0.007077970414646873
1978-08-22 13:30:00+00:00,0.0006474833036777983
1978-08-23 13:30:00+00:00,0.006324147618730558
1978-08-24 13:30:00+00:00,0.003982261331545433
1978-08-25 13:30:00+00:00,0.00403954437941233
1978-08-28 13:30:00+00:00,-0.004516893852338899
1978-08-29 13:30:00+00:00,-0.004610504182006936
1978-08-30 13:30:00+00:00,0.0007912954975524023
1978-08-31 13:30:00+00:00,0.0018294583067601678
1978-09-01 13:30:00+00:00,0.0024184179728448
1978-09-05 13:30:00+00:00,0.0007127122673895481
1978-09-06 13:30:00+00:00,0.007429816647849463
1978-09-07 13:30:00+00:00,0.004369523955505705
1978-09-08 13:30:00+00:00,0.009164018574562494
1978-09-11 13:30:00+00:00,0.0041642117323501425
1978-09-12 13:30:00+00:00,0.001987143226278121
1978-09-13 13:30:00+00:00,-2.822101090461651e-05
1978-09-14 13:30:00+00:00,-0.0066350352754712795
1978-09-15 13:30:00+00:00,-0.007183965255756275
1978-09-18 13:30:00+00:00,-0.012549087844123907
1978-09-19 13:30:00+00:00,-0.011821315218812033
1978-09-20 13:30:00+00:00,-0.01054303984768069
1978-09-21 13:30:00+00:00,-0.004321299134139045
1978-09-22 13:30:00+00:00,0.0014139813701861015
1978-09-25 13:30:00+00:00,-0.0015361484279930004
1978-09-26 13:30:00+00:00,0.006031235749387231
1978-09-27 13:30:00+00:00,-0.006946250937746268
1978-09-28 13:30:00+00:00,0.000657564636596042
1978-09-29 13:30:00+00:00,0.00580416149945705
1978-10-02 13:30:00+00:00,0.002985286056080161
1978-10-03 13:30:00+00:00,-0.0015253746215779906
1978-10-04 13:30:00+00:00,-0.00017508456757654435
1978-10-05 13:30:00+00:00,0.003205688673485019
1978-10-06 13:30:00+00:00,0.00334471122505996
1978-10-09 13:30:00+00:00,0.004676114848122681
1978-10-10 13:30:00+00:00,0.0020538420042142016
1978-10-11 13:30:00+00:00,0.0024199111771738726
1978-10-12 13:30:00+00:00,0.002117809139368088
1978-10-13 13:30:00+00:00,-2.6277891155956828e-05
1978-10-16 13:30:00+00:00,-0.012196174712344587
1978-10-17 13:30:00+00:00,-0.022348735801260743
1978-10-18 13:30:00+00:00,-0.01567733995370869
1978-10-19 13:30:00+00:00,-0.01328644874641095
1978-10-20 13:30:00+00:00,-0.02682536938575043
1978-10-23 13:30:00+00:00,-0.015283308496620417
1978-10-24 13:30:00+00:00,-0.006660628470892671
1978-10-25 13:30:00+00:00,6.513350306857077e-05
1978-10-26 13:30:00+00:00,-0.026181244359499877
1978-10-27 13:30:00+00:00,-0.02340508474576276
1978-10-30 14:30:00+00:00,-0.024828837085649435
1978-10-31 14:30:00+00:00,-0.01148788934092827
1978-11-01 14:30:00+00:00,0.03166744683265808
1978-11-02 14:30:00+00:00,-0.00027448122280594446
1978-11-03 14:30:00+00:00,0.007402404527240047
1978-11-06 14:30:00+00:00,-0.0036500566308648283
1978-11-07 14:30:00+00:00,-0.019651615955856083
1978-11-08 14:30:00+00:00,0.0013180273873825033
1978-11-09 14:30:00+00:00,0.0077767980040277405
1978-11-10 14:30:00+00:00,0.008329918402055759
1978-11-13 14:30:00+00:00,-0.016122260506495133
1978-11-14 14:30:00+00:00,-0.018861086252938374
1978-11-15 14:30:00+00:00,0.004950551964827177
1978-11-16 14:30:00+00:00,0.006809517464083414
1978-11-17 14:30:00+00:00,0.013089585322244125
1978-11-20 14:30:00+00:00,0.007112592815686092
1978-11-21 14:30:00+00:00,0.00033660310392623637
1978-11-22 14:30:00+00:00,0.006970576163149766
1978-11-24 14:30:00+00:00,0.006834171823853807
1978-11-27 14:30:00+00:00,-0.001821588632129678
1978-11-28 14:30:00+00:00,-0.003290503946601475
1978-11-29 14:30:00+00:00,-0.013162302388944346
1978-11-30 14:30:00+00:00,0.0051590597140405035
1978-12-01 14:30:00+00:00,0.012978733700143897
1978-12-04 14:30:00+00:00,0.0031704814995558886
1978-12-05 14:30:00+00:00,0.009336377086736281
1978-12-06 14:30:00+00:00,0.006528697131251693
1978-12-07 14:30:00+00:00,0.0007442896250924203
1978-12-08 14:30:00+00:00,0.0017557029577852546
1978-12-11 14:30:00+00:00,0.003099502345314631
1978-12-12 14:30:00+00:00,-0.005555321171252581
1978-12-13 14:30:00+00:00,-0.003222386047105796
1978-12-14 14:30:00+00:00,6.934117435063456e-05
1978-12-15 14:30:00+00:00,-0.006363206552794221
1978-12-18 14:30:00+00:00,-0.026332873988476512
1978-12-19 14:30:00+00:00,0.003398657565579322
1978-12-20 14:30:00+00:00,0.004868183370926082
1978-12-21 14:30:00+00:00,0.004670124959288857
1978-12-22 14:30:00+00:00,0.009222415582905253
1978-12-26 14:30:00+00:00,0.0063140938855945515
1978-12-27 14:30:00+00:00,-0.0030741542591218416
1978-12-28 14:30:00+00:00,-0.0003556786740707251
1978-12-29 14:30:00+00:00,0.0056971039001230015
1979-01-02 14:30:00+00:00,-0.001286701263428458
1979-01-03 14:30:00+00:00,0.010677361778078865
1979-01-04 14:30:00+00:00,0.012913206647764176
1979-01-05 14:30:00+00:00,0.011419968071117548
1979-01-08 14:30:00+00:00,-0.001165177218859792
1979-01-09 14:30:00+00:00,0.005969598952409993
1979-01-10 14:30:00+00:00,-0.0031980341714264
1979-01-11 14:30:00+00:00,0.0038254445675940277
1979-01-12 14:30:00+00:00,0.007883021427871329
1979-01-15 14:30:00+00:00,0.005799493854341964
1979-01-16 14:30:00+00:00,-0.0059648939485361764
1979-01-17 14:30:00+00:00,-0.0013122315214846414
1979-01-18 14:30:00+00:00,0.005725724104195906
1979-01-19 14:30:00+00:00,0.0026351297076883
1979-01-22 14:30:00+00:00,-1.975823419143588e-05
1979-01-23 14:30:00+00:00,0.006317418569404809
1979-01-24 14:30:00+00:00,-0.0010565020521100643
1979-01-25 14:30:00+00:00,0.008516577809235083
1979-01-26 14:30:00+00:00,0.004804309093197945
1979-01-29 14:30:00+00:00,-0.0022253484769767626
1979-01-30 14:30:00+00:00,-0.0021509151512244637
1979-01-31 14:30:00+00:00,-0.005554133505295778
1979-02-01 14:30:00+00:00,-0.0005768523187035357
1979-02-02 14:30:00+00:00,0.00037707981531974753
1979-02-05 14:30:00+00:00,-0.011862862506146332
1979-02-06 14:30:00+00:00,-0.0003412641159755813
1979-02-07 14:30:00+00:00,-0.012247007774850893
1979-02-08 14:30:00+00:00,0.004867431556939461
1979-02-09 14:30:00+00:00,0.0027360624239132106
1979-02-12 14:30:00+00:00,0.002243252347459801
1979-02-13 14:30:00+00:00,0.006671433431889129
1979-02-14 14:30:00+00:00,-0.002341963172914252
1979-02-15 14:30:00+00:00,0.002468009736432231
1979-02-16 14:30:00+00:00,0.005022863908469277
1979-02-20 14:30:00+00:00,0.0019705752716601024
1979-02-21 14:30:00+00:00,-0.0006563036939171262
1979-02-22 14:30:00+00:00,-0.002565053933860983
1979-02-23 14:30:00+00:00,-0.0033682028113878435
1979-02-26 14:30:00+00:00,-0.0012196368252029965
1979-02-27 14:30:00+00:00,-0.01819449246293404
1979-02-28 14:30:00+00:00,-0.0007523306543773089
1979-03-01 14:30:00+00:00,0.006182672061027172
1979-03-02 14:30:00+00:00,0.0026568015311989493
1979-03-05 14:30:00+00:00,0.008390361990006746
1979-03-06 14:30:00+00:00,-0.0024252157848696607
1979-03-07 14:30:00+00:00,0.00938324602010553
1979-03-08 14:30:00+00:00,0.01136407479029632
1979-03-09 14:30:00+00:00,0.0014741593344213988
1979-03-12 14:30:00+00:00,-0.0005714935842338175
1979-03-13 14:30:00+00:00,0.0038311265854431456
1979-03-14 14:30:00+00:00,-0.0008831944678794445
1979-03-15 14:30:00+00:00,0.0019377940566900232
1979-03-16 14:30:00+00:00,0.0053752020804944565
1979-03-19 14:30:00+00:00,0.0044896252344161945
1979-03-20 14:30:00+00:00,-0.002810284227736226
1979-03-21 14:30:00+00:00,0.004947047046809805
1979-03-22 14:30:00+00:00,0.004844370963977373
1979-03-23 14:30:00+00:00,0.0037437883837778576
1979-03-26 14:30:00+00:00,-0.003699335381471502
1979-03-27 14:30:00+00:00,0.005049474796728226
1979-03-28 14:30:00+00:00,0.0005881506249476476
1979-03-29 14:30:00+00:00,0.003109277791820897
1979-03-30 14:30:00+00:00,0.0034798708564087624
1979-04-02 14:30:00+00:00,-0.0031357765115390787
1979-04-03 14:30:00+00:00,0.0072842967128205925
1979-04-04 14:30:00+00:00,0.003073869592184575
1979-04-05 14:30:00+00:00,0.004570396362994378
1979-04-06 14:30:00+00:00,0.0027492531808117507
1979-04-09 14:30:00+00:00,-0.0001747252847547175
1979-04-10 14:30:00+00:00,0.003489021293733952
1979-04-11 14:30:00+00:00,-0.004942749892510878
1979-04-12 14:30:00+00:00,-0.0003247064194066395
1979-04-16 14:30:00+00:00,-0.00803767868718187
1979-04-17 14:30:00+00:00,-0.001760637287123623
1979-04-18 14:30:00+00:00,0.004814631651824486
1979-04-19 14:30:00+00:00,0.0019313671374072583
1979-04-20 14:30:00+00:00,0.0035792725642877945
1979-04-23 14:30:00+00:00,0.0013961992293096582
1979-04-24 14:30:00+00:00,0.0030373585139646833
1979-04-25 14:30:00+00:00,0.003548860806180876
1979-04-26 14:30:00+00:00,-0.001064571034203554
1979-04-27 14:30:00+00:00,-0.002179456308866412
1979-04-30 13:30:00+00:00,-0.004193084862354046
1979-05-01 13:30:00+00:00,-0.00032428662713502855
1979-05-02 13:30:00+00:00,0.001394971351134522
1979-05-03 13:30:00+00:00,0.0014672173032998948
1979-05-04 13:30:00+00:00,-0.003676719362550995
1979-05-07 13:30:00+00:00,-0.023432299496752084
1979-05-08 13:30:00+00:00,-0.007756967482891131
1979-05-09 13:30:00+00:00,0.005609800922261809
1979-05-10 13:30:00+00:00,-0.004933432881110933
1979-05-11 13:30:00+00:00,-0.000254223046993307
1979-05-14 13:30:00+00:00,-0.005497462680737042
1979-05-15 13:30:00+00:00,5.496560059413688e-05
1979-05-16 13:30:00+00:00,0.0025355446179147092
1979-05-17 13:30:00+00:00,0.00832672042101289
1979-05-18 13:30:00+00:00,0.0042697642959314995
1979-05-21 13:30:00+00:00,0.0010450206973759868
1979-05-22 13:30:00+00:00,0.005541889400074484
1979-05-23 13:30:00+00:00,0.0015679395821335152
1979-05-24 13:30:00+00:00,-0.0002512943870013439
1979-05-25 13:30:00+00:00,0.004290511320727208
1979-05-29 13:30:00+00:00,-0.0017580190990184152
1979-05-30 13:30:00+00:00,-0.008177965196922609
1979-05-31 13:30:00+00:00,0.00012831858920935312
1979-06-01 13:30:00+00:00,0.0024870974176513963
1979-06-04 13:30:00+00:00,0.0013420343755887632
1979-06-05 13:30:00+00:00,0.00800918794214488
1979-06-06 13:30:00+00:00,0.00441053093862197
1979-06-07 13:30:00+00:00,0.006860095558712353
1979-06-08 13:30:00+00:00,0.002947221499888453
1979-06-11 13:30:00+00:00,0.0004926687039605749
1979-06-12 13:30:00+00:00,0.006416624159984108
1979-06-13 13:30:00+00:00,0.0005621272741540451
1979-06-14 13:30:00+00:00,-2.640419065303981e-05
1979-06-15 13:30:00+00:00,0.0015908963410879884
1979-06-18 13:30:00+00:00,-0.00303573502006883
1979-06-19 13:30:00+00:00,0.0013721894682123704
1979-06-20 13:30:00+00:00,0.0028400506248589144
1979-06-21 13:30:00+00:00,0.0018055314872862272
1979-06-22 13:30:00+00:00,0.003776810425488042
1979-06-25 13:30:00+00:00,-0.0026503212584253586
1979-06-26 13:30:00+00:00,-0.0027298532541215723
1979-06-27 13:30:00+00:00,0.006272190177734271
1979-06-28 13:30:00+00:00,0.004849111825162333
1979-06-29 13:30:00+00:00,0.00026213101893634026
1979-07-02 13:30:00+00:00,-0.008063556538268856
1979-07-03 13:30:00+00:00,-0.0001
1979-07-05 13:30:00+00:00,0.005446190714487364
1979-07-06 13:30:00+00:00,0.0060688522021372536
1979-07-09 13:30:00+00:00,0.0035785524313411868
1979-07-10 13:30:00+00:00,-0.0013935155133039223
1979-07-11 13:30:00+00:00,-0.0009634605751850489
1979-07-12 13:30:00+00:00,-0.0013244394689304717
1979-07-13 13:30:00+00:00,-0.0012536516568352307
1979-07-16 13:30:00+00:00,0.002571059094538686
1979-07-17 13:30:00+00:00,-0.0075159319160717055
1979-07-18 13:30:00+00:00,-0.004452285658343225
1979-07-19 13:30:00+00:00,0.002158581012600569
1979-07-20 13:30:00+00:00,0.002880216482463938
1979-07-23 13:30:00+00:00,-0.0030713611828913187
1979-07-24 13:30:00+00:00,0.0031710396473385474
1979-07-25 13:30:00+00:00,0.006783038101975547
1979-07-26 13:30:00+00:00,0.003857710634860945
1979-07-27 13:30:00+00:00,0.0034837154865876466
1979-07-30 13:30:00+00:00,0.0036136766019520985
1979-07-31 13:30:00+00:00,0.005521236535236384
1979-08-01 13:30:00+00:00,0.003933057794133876
1979-08-02 13:30:00+00:00,0.00441021435642418
1979-08-03 13:30:00+00:00,0.0005314830989153641
1979-08-06 13:30:00+00:00,-0.0016424610051992805
1979-08-07 13:30:00+00:00,0.006149556679740697
1979-08-08 13:30:00+00:00,0.005203520520941296
1979-08-09 13:30:00+00:00,0.0013577725768860627
1979-08-10 13:30:00+00:00,0.005445179372470121
1979-08-13 13:30:00+00:00,0.006793223612824961
1979-08-14 13:30:00+00:00,0.001474558198169651
1979-08-15 13:30:00+00:00,0.005641601642984539
1979-08-16 13:30:00+00:00,0.0019388952902150592
1979-08-17 13:30:00+00:00,0.0026129265454490794
1979-08-20 13:30:00+00:00,0.0006440517659385026
1979-08-21 13:30:00+00:00,0.0001704193697000701
1979-08-22 13:30:00+00:00,0.004967909805805293
1979-08-23 13:30:00+00:00,0.0025220208097704758
1979-08-24 13:30:00+00:00,0.0017104271765031487
1979-08-27 13:30:00+00:00,0.0006362825625534252
1979-08-28 13:30:00+00:00,0.00010064731723001827
1979-08-29 13:30:00+00:00,0.0032435871502500715
1979-08-30 13:30:00+00:00,3.3326268702216306e-05
1979-08-31 13:30:00+00:00,0.0024323529854390793
1979-09-04 13:30:00+00:00,-0.01306195770138786
1979-09-05 13:30:00+00:00,-0.016666816774617465
1979-09-06 13:30:00+00:00,0.005652217660154546
1979-09-07 13:30:00+00:00,0.008070574296497702
1979-09-10 13:30:00+00:00,0.00557296749065016
1979-09-11 13:30:00+00:00,-0.0035920707788099746
1979-09-12 13:30:00+00:00,0.0017195584174911516
1979-09-13 13:30:00+00:00,0.00440691613373122
1979-09-14 13:30:00+00:00,0.008136762287933353
1979-09-17 13:30:00+00:00,-0.0007641262376990698
1979-09-18 13:30:00+00:00,-0.008540809622427658
1979-09-19 13:30:00+00:00,0.0015757155031095205
1979-09-20 13:30:00+00:00,0.004985616263516446
1979-09-21 13:30:00+00:00,0.0028959850691425595
1979-09-24 13:30:00+00:00,-0.003618080323727357
1979-09-25 13:30:00+00:00,-0.005762076154898888
1979-09-26 13:30:00+00:00,0.003986558537495177
1979-09-27 13:30:00+00:00,0.003169216829543842
1979-09-28 13:30:00+00:00,-0.0026935984725177217
1979-10-01 13:30:00+00:00,-0.002700342717417603
1979-10-02 13:30:00+00:00,0.0027076621380257462
1979-10-03 13:30:00+00:00,0.0032331112479790816
1979-10-04 13:30:00+00:00,0.005946134445032214
1979-10-05 13:30:00+00:00,0.005645576064641211
1979-10-08 13:30:00+00:00,-0.008701993672246344
1979-10-09 13:30:00+00:00,-0.038383209318190406
1979-10-10 13:30:00+00:00,-0.040664734941061834
1979-10-11 13:30:00+00:00,0.0054990150955878
1979-10-12 13:30:00+00:00,0.004325800500994503
1979-10-15 13:30:00+00:00,-0.0165878630766927
1979-10-16 13:30:00+00:00,-0.00046131983509168907
1979-10-17 13:30:00+00:00,0.004959975182682974
1979-10-18 13:30:00+00:00,0.0029208101842326142
1979-10-19 13:30:00+00:00,-0.020679451009672067
1979-10-22 13:30:00+00:00,-0.02521159504899818
1979-10-23 13:30:00+00:00,-0.004230392284709128
1979-10-24 13:30:00+00:00,0.002991800469212647
1979-10-25 13:30:00+00:00,-0.0023553228245529853
1979-10-26 13:30:00+00:00,0.007660689947433619
1979-10-29 14:30:00+00:00,0.0010962890624999111
1979-10-30 14:30:00+00:00,0.011624232861580753
1979-10-31 14:30:00+00:00,0.00026908070072838584
1979-11-01 14:30:00+00:00,0.006466807331694457
1979-11-02 14:30:00+00:00,0.0032719888582428583
1979-11-05 14:30:00+00:00,-0.0057253962959759154
1979-11-06 14:30:00+00:00,-0.003406127001868275
1979-11-07 14:30:00+00:00,-0.0113045129841426
1979-11-08 14:30:00+00:00,0.004596622079015222
1979-11-09 14:30:00+00:00,0.00798782595040225
1979-11-12 14:30:00+00:00,0.008659034565436253
1979-11-13 14:30:00+00:00,0.0005566679013981779
1979-11-14 14:30:00+00:00,0.0044208919348609375
1979-11-15 14:30:00+00:00,0.008320468266292059
1979-11-16 14:30:00+00:00,0.0009798240516172175
1979-11-19 14:30:00+00:00,0.006443383586647966
1979-11-20 14:30:00+00:00,-0.003529030877192929
1979-11-21 14:30:00+00:00,-0.004544409442204256
1979-11-23 14:30:00+00:00,0.006884455548670443
1979-11-26 14:30:00+00:00,0.014916022546128217
1979-11-27 14:30:00+00:00,0.004126883525290992
1979-11-28 14:30:00+00:00,0.006774750659831452
1979-11-29 14:30:00+00:00,0.004289360330039782
1979-11-30 14:30:00+00:00,0.0005936101705499186
1979-12-03 14:30:00+00:00,-0.0028727291814462205
1979-12-04 14:30:00+00:00,0.006434147347547092
1979-12-05 14:30:00+00:00,0.007634772745737972
1979-12-06 14:30:00+00:00,0.007575405230548104
1979-12-07 14:30:00+00:00,0.0029604748883220624
1979-12-10 14:30:00+00:00,0.003154428840341328
1979-12-11 14:30:00+00:00,-0.001046133597982679
1979-12-12 14:30:00+00:00,0.0044998286366686345
1979-12-13 14:30:00+00:00,0.0029974798389478144
1979-12-14 14:30:00+00:00,0.0070155101692141895
1979-12-17 14:30:00+00:00,0.0034326187003210665
1979-12-18 14:30:00+00:00,-0.005679146861793283
1979-12-19 14:30:00+00:00,-0.0005675883225218059
1979-12-20 14:30:00+00:00,0.004043069838047797
1979-12-21 14:30:00+00:00,-0.0007655094208575241
1979-12-24 14:30:00+00:00,-0.0014318036270946188
1979-12-26 14:30:00+00:00,0.00016667524042989222
1979-12-27 14:30:00+00:00,0.0013665770865893712
1979-12-28 14:30:00+00:00,0.003893916798106012
1979-12-31 14:30:00+00:00,0.0019552778282199037
1980-01-02 14:30:00+00:00,-0.019750663177828042
1980-01-03 14:30:00+00:00,-0.01494778953519139
1980-01-04 14:30:00+00:00,0.01394400242936399
1980-01-07 14:30:00+00:00,0.0039534443143385166
1980-01-08 14:30:00+00:00,0.013760837210830424
1980-01-09 14:30:00+00:00,0.0060057437779012955
1980-01-10 14:30:00+00:00,0.009926312351425704
1980-01-11 14:30:00+00:00,0.004798119278452073
1980-01-14 14:30:00+00:00,0.003344458283716978
1980-01-15 14:30:00+00:00,0.003527026162696945
1980-01-16 14:30:00+00:00,0.0065468684477973825
1980-01-17 14:30:00+00:00,-0.0012539709483386896
1980-01-18 14:30:00+00:00,0.0020179759721809967
1980-01-21 14:30:00+00:00,0.00764949864606822
1980-01-22 14:30:00+00:00,-0.002832811680270397
1980-01-23 14:30:00+00:00,0.009968836665124037
1980-01-24 14:30:00+00:00,0.0045688043732747706
1980-01-25 14:30:00+00:00,0.002788667666479439
1980-01-28 14:30:00+00:00,0.006161740883589883
1980-01-29 14:30:00+00:00,-0.0026513607336372644
1980-01-30 14:30:00+00:00,0.006201140482438239
1980-01-31 14:30:00+00:00,0.0026898136374975293
1980-02-01 14:30:00+00:00,0.0033003279861378745
1980-02-04 14:30:00+00:00,-0.0018251926927418504
1980-02-05 14:30:00+00:00,0.001010928718891735
1980-02-06 14:30:00+00:00,0.004770582982649196
1980-02-07 14:30:00+00:00,0.004685562016129896
1980-02-08 14:30:00+00:00,0.008937037851429953
1980-02-11 14:30:00+00:00,-0.004880594772361924
1980-02-12 14:30:00+00:00,0.0005688593327308645
1980-02-13 14:30:00+00:00,0.0023912704932471554
1980-02-14 14:30:00+00:00,-0.008828345730984132
1980-02-15 14:30:00+00:00,-0.0060923918782632815
1980-02-19 14:30:00+00:00,-0.009327362343305456
1980-02-20 14:30:00+00:00,0.006357274063620399
1980-02-21 14:30:00+00:00,-0.004973587385415546
1980-02-22 14:30:00+00:00,-0.0077250433708691115
1980-02-25 14:30:00+00:00,-0.01328091320725001
1980-02-26 14:30:00+00:00,0.0032550596645017807
1980-02-27 14:30:00+00:00,-0.004958071119627328
1980-02-28 14:30:00+00:00,-0.0018117163569715377
1980-02-29 14:30:00+00:00,0.003519916430369852
1980-03-03 14:30:00+00:00,-0.007440401639371219
1980-03-04 14:30:00+00:00,-0.009534536709416296
1980-03-05 14:30:00+00:00,-0.015866760781681265
1980-03-06 14:30:00+00:00,-0.028215620394377982
1980-03-07 14:30:00+00:00,-0.016582756716243662
1980-03-10 14:30:00+00:00,-0.01679062453422021
1980-03-11 14:30:00+00:00,0.005534765624999982
1980-03-12 14:30:00+00:00,0.0003842786759897688
1980-03-13 14:30:00+00:00,0.002319904811661544
1980-03-14 14:30:00+00:00,-0.0038246054769350943
1980-03-17 14:30:00+00:00,-0.03291643182668115
1980-03-18 14:30:00+00:00,-0.0056833843689049314
1980-03-19 14:30:00+00:00,0.007458329006604802
1980-03-20 14:30:00+00:00,-0.0024576611286467706
1980-03-21 14:30:00+00:00,-0.006115442148110562
1980-03-24 14:30:00+00:00,-0.030287336810387654
1980-03-25 14:30:00+00:00,-0.01562630806339883
1980-03-26 14:30:00+00:00,-0.0023638321920138703
1980-03-27 14:30:00+00:00,-0.06158846473871839
1980-03-28 14:30:00+00:00,0.04148275295664415
1980-03-31 14:30:00+00:00,0.013439651837524148
1980-04-01 14:30:00+00:00,0.016235873203423113
1980-04-02 14:30:00+00:00,0.01987899710307638
1980-04-03 14:30:00+00:00,0.0014463287949859516
1980-04-07 14:30:00+00:00,-0.019289770721006693
1980-04-08 14:30:00+00:00,0.007171373801229996
1980-04-09 14:30:00+00:00,0.012328356252367712
1980-04-10 14:30:00+00:00,0.009015007015296995
1980-04-11 14:30:00+00:00,0.003323668596171492
1980-04-14 14:30:00+00:00,-0.00794030367371824
1980-04-15 14:30:00+00:00,-0.0021487216144595697
1980-04-16 14:30:00+00:00,-0.004719142793693132
1980-04-17 14:30:00+00:00,-0.009012724690904427
1980-04-18 14:30:00+00:00,0.0007175444656752795
1980-04-21 14:30:00+00:00,-0.011833267400016233
1980-04-22 14:30:00+00:00,0.019662585261693167
1980-04-23 14:30:00+00:00,0.008816007628157364
1980-04-24 14:30:00+00:00,0.012827288169233942
1980-04-25 14:30:00+00:00,-0.0056519811010620315
1980-04-28 13:30:00+00:00,0.004395324285228363
1980-04-29 13:30:00+00:00,0.005746779678340574
1980-04-30 13:30:00+00:00,0.004492747481998893
1980-05-01 13:30:00+00:00,-0.0023145353612258443
1980-05-02 13:30:00+00:00,0.003980808663426971
1980-05-05 13:30:00+00:00,0.0055327507032643
1980-05-06 13:30:00+00:00,0.008337340456986853
1980-05-07 13:30:00+00:00,0.009391711622502841
1980-05-08 13:30:00+00:00,-0.0023287736463139083
1980-05-09 13:30:00+00:00,-0.0014960418533496278
1980-05-12 13:30:00+00:00,-0.0007989434253668048
1980-05-13 13:30:00+00:00,0.00787425388997164
1980-05-14 13:30:00+00:00,0.010725798004984844
1980-05-15 13:30:00+00:00,0.006490631820283521
1980-05-16 13:30:00+00:00,0.004128689105336691
1980-05-19 13:30:00+00:00,-0.0001
1980-05-20 13:30:00+00:00,-0.0022054931120415564
1980-05-21 13:30:00+00:00,-0.0013250233768025254
1980-05-22 13:30:00+00:00,0.008145360912212619
1980-05-23 13:30:00+00:00,0.010172972051233565
1980-05-27 13:30:00+00:00,0.004047781600868372
1980-05-28 13:30:00+00:00,0.0038972739528923997
1980-05-29 13:30:00+00:00,-0.004147781172557441
1980-05-30 13:30:00+00:00,0.0022985649885760464
1980-06-02 13:30:00+00:00,-0.001961075340488072
1980-06-03 13:30:00+00:00,-0.001764779936394134
1980-06-04 13:30:00+00:00,0.008504646215831569
1980-06-05 13:30:00+00:00,0.006513318931281364
1980-06-06 13:30:00+00:00,0.002987746804962599
1980-06-09 13:30:00+00:00,0.0019959348936981927
1980-06-10 13:30:00+00:00,0.007416299977021967
1980-06-11 13:30:00+00:00,0.006841338738795544
1980-06-12 13:30:00+00:00,0.00047979859027734727
1980-06-13 13:30:00+00:00,0.008141573623191779
1980-06-16 13:30:00+00:00,0.0011772013086368438
1980-06-17 13:30:00+00:00,0.0011118276008821204
1980-06-18 13:30:00+00:00,0.0012377928371949288
1980-06-19 13:30:00+00:00,-0.0030264374751737375
1980-06-20 13:30:00+00:00,-0.0015036956976989368
1980-06-23 13:30:00+00:00,0.002966966987256281
1980-06-24 13:30:00+00:00,0.004167775944338581
1980-06-25 13:30:00+00:00,0.006750195394954461
1980-06-26 13:30:00+00:00,0.0015378637888301295
1980-06-27 13:30:00+00:00,0.0010320294074292913
1980-06-30 13:30:00+00:00,-0.008895036819331247
1980-07-01 13:30:00+00:00,0.0023717923226376117
1980-07-02 13:30:00+00:00,0.006285499895859681
1980-07-03 13:30:00+00:00,0.01051692749822174
1980-07-07 13:30:00+00:00,0.017056771613093148
1980-07-08 13:30:00+00:00,-0.00040558607997122066
1980-07-09 13:30:00+00:00,0.0030177069392789304
1980-07-10 13:30:00+00:00,-0.0016235541811166043
1980-07-11 13:30:00+00:00,0.0058815125014226475
1980-07-14 13:30:00+00:00,0.010214263273257352
1980-07-15 13:30:00+00:00,0.0030827934524293335
1980-07-16 13:30:00+00:00,0.00019932984641911632
1980-07-17 13:30:00+00:00,0.009295523686917873
1980-07-18 13:30:00+00:00,0.007725975802149498
1980-07-21 13:30:00+00:00,0.0027824649599454856
1980-07-22 13:30:00+00:00,-0.004147410011137065
1980-07-23 13:30:00+00:00,7.677153703266057e-05
1980-07-24 13:30:00+00:00,0.0004888048546345281
1980-07-25 13:30:00+00:00,-0.0018066460055189526
1980-07-28 13:30:00+00:00,0.002199117953323604
1980-07-29 13:30:00+00:00,0.006016887777900537
1980-07-30 13:30:00+00:00,0.0073243206511559465
1980-07-31 13:30:00+00:00,-0.0031174912489743242
1980-08-01 13:30:00+00:00,0.003857906665695621
1980-08-04 13:30:00+00:00,-0.003578497793539703
1980-08-05 13:30:00+00:00,0.003565163098781399
1980-08-06 13:30:00+00:00,0.005290636753709543
1980-08-07 13:30:00+00:00,0.01022002638464169
1980-08-08 13:30:00+00:00,0.0035521306185042237
1980-08-11 13:30:00+00:00,0.006893380107980895
1980-08-12 13:30:00+00:00,-0.0028666732057783914
1980-08-13 13:30:00+00:00,0.0021648010776358253
1980-08-14 13:30:00+00:00,0.009729342404132469
1980-08-15 13:30:00+00:00,0.006221352190292728
1980-08-18 13:30:00+00:00,-0.01483119075810536
1980-08-19 13:30:00+00:00,-0.00551642227552408
1980-08-20 13:30:00+00:00,0.007841876027791395
1980-08-21 13:30:00+00:00,0.012450715208534014
1980-08-22 13:30:00+00:00,0.009849381633578503
1980-08-25 13:30:00+00:00,-0.0007604024171870116
1980-08-26 13:30:00+00:00,0.004360830214922939
1980-08-27 13:30:00+00:00,-0.001415891737305841
1980-08-28 13:30:00+00:00,-0.006468314258520025
1980-08-29 13:30:00+00:00,0.0028283317487764917
1980-09-02 13:30:00+00:00,0.004417364731872142
1980-09-03 13:30:00+00:00,0.011910543410059028
1980-09-04 13:30:00+00:00,0.002717993149628162
1980-09-05 13:30:00+00:00,0.0029261958895354548
1980-09-08 13:30:00+00:00,-0.006349682982031546
1980-09-09 13:30:00+00:00,0.0020143908707024208
1980-09-10 13:30:00+00:00,0.007852830825726399
1980-09-11 13:30:00+00:00,0.009829719970791285
1980-09-12 13:30:00+00:00,0.007446758829231725
1980-09-15 13:30:00+00:00,-4.728079576211677e-05
1980-09-16 13:30:00+00:00,0.008972215063698375
1980-09-17 13:30:00+00:00,0.013699589270497404
1980-09-18 13:30:00+00:00,-0.0018530102770837442
1980-09-19 13:30:00+00:00,0.008783844921651063
1980-09-22 13:30:00+00:00,0.0030229232817966414
1980-09-23 13:30:00+00:00,-0.0046422036264115564
1980-09-24 13:30:00+00:00,0.000566442563391989
1980-09-25 13:30:00+00:00,-0.005889474671722639
1980-09-26 13:30:00+00:00,-0.01700285353111809
1980-09-29 13:30:00+00:00,-0.026204790453406856
1980-09-30 13:30:00+00:00,0.010503376349064942
1980-10-01 13:30:00+00:00,0.009806266855391533
1980-10-02 13:30:00+00:00,0.006175722350223667
1980-10-03 13:30:00+00:00,0.013630911119491874
1980-10-06 13:30:00+00:00,0.013238168478242097
1980-10-07 13:30:00+00:00,0.0007163035895794035
1980-10-08 13:30:00+00:00,0.005048567651849234
1980-10-09 13:30:00+00:00,0.001675058913259686
1980-10-10 13:30:00+00:00,0.001216227957488314
1980-10-13 13:30:00+00:00,0.0053603461636824055
1980-10-14 13:30:00+00:00,0.000654307632908846
1980-10-15 13:30:00+00:00,0.0019600361497280508
1980-10-16 13:30:00+00:00,-0.007521129127478499
1980-10-17 13:30:00+00:00,-0.0036867212226518007
1980-10-20 13:30:00+00:00,-0.000556355679237741
1980-10-21 13:30:00+00:00,-0.003599808287995565
1980-10-22 13:30:00+00:00,0.0072296708409180675
1980-10-23 13:30:00+00:00,-0.010660871158913909
1980-10-24 13:30:00+00:00,0.00173852006966001
1980-10-27 14:30:00+00:00,-0.009377626968535068
1980-10-28 14:30:00+00:00,-0.003135819800105588
1980-10-29 14:30:00+00:00,0.0036676042889358554
1980-10-30 14:30:00+00:00,-0.010280528204045469
1980-10-31 14:30:00+00:00,0.0013025467776497269
1980-11-03 14:30:00+00:00,0.0018192609167462126
1980-11-05 14:30:00+00:00,0.014810716923739465
1980-11-06 14:30:00+00:00,-0.010659567812680636
1980-11-07 14:30:00+00:00,-0.0024201288484956393
1980-11-10 14:30:00+00:00,-0.0022186936848671676
1980-11-11 14:30:00+00:00,0.009843024900351594
1980-11-12 14:30:00+00:00,0.01405236614896176
1980-11-13 14:30:00+00:00,0.012388629972434274
1980-11-14 14:30:00+00:00,0.007440546850616447
1980-11-17 14:30:00+00:00,-0.0009425761973320789
1980-11-18 14:30:00+00:00,0.010664413950919095
1980-11-19 14:30:00+00:00,0.006083793676843407
1980-11-20 14:30:00+00:00,0.0071187869315045725
1980-11-21 14:30:00+00:00,-0.0021822889868341575
1980-11-24 14:30:00+00:00,-0.009077561206201745
1980-11-25 14:30:00+00:00,0.005727061180555981
1980-11-26 14:30:00+00:00,0.007932685200661139
1980-11-28 14:30:00+00:00,0.005164157011216852
1980-12-01 14:30:00+00:00,-0.015665651354216614
1980-12-02 14:30:00+00:00,-0.005956214566375973
1980-12-03 14:30:00+00:00,0.0057415745098308045
1980-12-04 14:30:00+00:00,0.006195795916780644
1980-12-05 14:30:00+00:00,-0.015474160392893632
1980-12-08 14:30:00+00:00,-0.03531824945722019
1980-12-09 14:30:00+00:00,-0.004184279434888094
1980-12-10 14:30:00+00:00,-0.007738311566203871
1980-12-11 14:30:00+00:00,-0.025050933905197647
1980-12-12 14:30:00+00:00,0.012986099182533007
1980-12-15 14:30:00+00:00,0.01454283565465574
1980-12-16 14:30:00+00:00,-0.011129787354520648
1980-12-17 14:30:00+00:00,0.0110528003710204
1980-12-18 14:30:00+00:00,0.010156624010689386
1980-12-19 14:30:00+00:00,0.00959342997051692
1980-12-22 14:30:00+00:00,0.009399214740216644
1980-12-23 14:30:00+00:00,0.00025040455764212553
1980-12-24 14:30:00+00:00,0.001300974574411018
1980-12-26 14:30:00+00:00,0.005596009758793918
1980-12-29 14:30:00+00:00,-0.007254225209357268
1980-12-30 14:30:00+00:00,0.0030025339638630635
1980-12-31 14:30:00+00:00,0.009278377536956251
1981-01-02 14:30:00+00:00,0.005880066896149383
1981-01-05 14:30:00+00:00,0.0029459106258518
1981-01-06 14:30:00+00:00,-0.000589743084798544
1981-01-07 14:30:00+00:00,-0.033029881802898356
1981-01-08 14:30:00+00:00,-0.007498057606855968
1981-01-09 14:30:00+00:00,0.008935705130307382
1981-01-12 14:30:00+00:00,0.0038461639423534757
1981-01-13 14:30:00+00:00,-0.0020653264707230054
1981-01-14 14:30:00+00:00,0.005100700648450462
1981-01-15 14:30:00+00:00,0.003767813267926179
1981-01-16 14:30:00+00:00,0.006304797298999787
1981-01-19 14:30:00+00:00,0.002137343694713179
1981-01-20 14:30:00+00:00,-0.014287918366766138
1981-01-21 14:30:00+00:00,-0.0032703144069167298
1981-01-22 14:30:00+00:00,-0.004996770350020896
1981-01-23 14:30:00+00:00,0.0019292672746651252
1981-01-26 14:30:00+00:00,-0.007137258807118363
1981-01-27 14:30:00+00:00,0.0052535296325317725
1981-01-28 14:30:00+00:00,0.0008635989880507622
1981-01-29 14:30:00+00:00,0.0024840288708633976
1981-01-30 14:30:00+00:00,-0.000453786752027907
1981-02-02 14:30:00+00:00,-0.023961287492837668
1981-02-03 14:30:00+00:00,0.0023341044570774796
1981-02-04 14:30:00+00:00,0.005118070770636629
1981-02-05 14:30:00+00:00,0.008739933685400814
1981-02-06 14:30:00+00:00,0.007949324392973568
1981-02-09 14:30:00+00:00,-0.004850606279893766
1981-02-10 14:30:00+00:00,-0.0012679060381509788
1981-02-11 14:30:00+00:00,-0.004624653805066503
1981-02-12 14:30:00+00:00,-0.0062283742566979884
1981-02-13 14:30:00+00:00,-0.003799713367478541
1981-02-17 14:30:00+00:00,0.0003641618349265908
1981-02-18 14:30:00+00:00,0.0037663780622689716
1981-02-19 14:30:00+00:00,-0.010319228049279771
1981-02-20 14:30:00+00:00,-0.002434814746320024
1981-02-23 14:30:00+00:00,0.003904390760548482
1981-02-24 14:30:00+00:00,0.004458193794369058
1981-02-25 14:30:00+00:00,0.00015782742666979886
1981-02-26 14:30:00+00:00,0.010931493010210003
1981-02-27 14:30:00+00:00,0.009485425876814436
1981-03-02 14:30:00+00:00,0.005202778045991774
1981-03-03 14:30:00+00:00,-0.0036667209071934545
1981-03-04 14:30:00+00:00,0.0019166064238769099
1981-03-05 14:30:00+00:00,0.0014094493170204614
1981-03-06 14:30:00+00:00,0.004120026752133288
1981-03-09 14:30:00+00:00,0.0011506878821518796
1981-03-10 14:30:00+00:00,-0.005646120784134301
1981-03-11 14:30:00+00:00,-0.004471175815321316
1981-03-12 14:30:00+00:00,0.012566504140340207
1981-03-13 14:30:00+00:00,0.007374958955932864
1981-03-16 14:30:00+00:00,0.006181863204052884
1981-03-17 14:30:00+00:00,-0.0013288635322446063
1981-03-18 14:30:00+00:00,0.003886404591078907
1981-03-19 14:30:00+00:00,0.002105867393344052
1981-03-20 14:30:00+00:00,0.008899737663759611
1981-03-23 14:30:00+00:00,0.0063472435616880206
1981-03-24 14:30:00+00:00,0.00028532816171943375
1981-03-25 14:30:00+00:00,0.007651567809376469
1981-03-26 14:30:00+00:00,0.0009510784160777664
1981-03-27 14:30:00+00:00,-0.0034884954861569392
1981-03-30 14:30:00+00:00,0.0005704309201133185
1981-03-31 14:30:00+00:00,0.005738370610241172
1981-04-01 14:30:00+00:00,0.0054190965007729795
1981-04-02 14:30:00+00:00,0.0028337105456617165
1981-04-03 14:30:00+00:00,0.0031552706206914197
1981-04-06 14:30:00+00:00,-0.006589488190134618
1981-04-07 14:30:00+00:00,0.002219260777517096
1981-04-08 14:30:00+00:00,0.004811260728656108
1981-04-09 14:30:00+00:00,0.005116168206922278
1981-04-10 14:30:00+00:00,0.005696784690507817
1981-04-13 14:30:00+00:00,-0.003911257674607327
1981-04-14 14:30:00+00:00,-0.004485771629616287
1981-04-15 14:30:00+00:00,0.007351128649132776
1981-04-16 14:30:00+00:00,0.007621665713554149
1981-04-20 14:30:00+00:00,0.004100533902664283
1981-04-21 14:30:00+00:00,-0.003869282062587087
1981-04-22 14:30:00+00:00,0.0020224875325771554
1981-04-23 14:30:00+00:00,0.003721547132578651
1981-04-24 14:30:00+00:00,0.006963541216191682
1981-04-27 13:30:00+00:00,0.0013574937501232732
1981-04-28 13:30:00+00:00,-0.010332854056916873
1981-04-29 13:30:00+00:00,-0.006578902864835323
1981-04-30 13:30:00+00:00,0.002304977659444807
1981-05-01 13:30:00+00:00,-0.0003768885109430963
1981-05-04 13:30:00+00:00,-0.015606670967033175
1981-05-05 13:30:00+00:00,-0.008397413330624725
1981-05-06 13:30:00+00:00,0.0019325817517290456
1981-05-07 13:30:00+00:00,0.007825313559915548
1981-05-08 13:30:00+00:00,0.005422758848433451
1981-05-11 13:30:00+00:00,-0.009641999100268316
1981-05-12 13:30:00+00:00,0.0014508334107183774
1981-05-13 13:30:00+00:00,0.0029968641011204225
1981-05-14 13:30:00+00:00,0.0064487599610742906
1981-05-15 13:30:00+00:00,0.006080880548028566
1981-05-18 13:30:00+00:00,0.00188608815057133
1981-05-19 13:30:00+00:00,-0.00387988068125068
1981-05-20 13:30:00+00:00,0.006886904496301793
1981-05-21 13:30:00+00:00,0.003208372947429028
1981-05-22 13:30:00+00:00,0.0039301790676673385
1981-05-26 13:30:00+00:00,0.004507078343787707
1981-05-27 13:30:00+00:00,0.008663133979494687
1981-05-28 13:30:00+00:00,0.005031203128432959
1981-05-29 13:30:00+00:00,0.0006165091749525842
1981-06-01 13:30:00+00:00,-0.0021136794459394423
1981-06-02 13:30:00+00:00,-0.015479821849433317
1981-06-03 13:30:00+00:00,-0.003287745161054911
1981-06-04 13:30:00+00:00,0.0035090880731673993
1981-06-05 13:30:00+00:00,0.007274410187492408
1981-06-08 13:30:00+00:00,-0.002178656608782814
1981-06-09 13:30:00+00:00,-0.0038583854592387887
1981-06-10 13:30:00+00:00,0.001672643967937082
1981-06-11 13:30:00+00:00,0.008702189179358156
1981-06-12 13:30:00+00:00,0.0017889906263515055
1981-06-15 13:30:00+00:00,0.0007978820792038266
1981-06-16 13:30:00+00:00,-0.01077458203778604
1981-06-17 13:30:00+00:00,3.599954233312061e-05
1981-06-18 13:30:00+00:00,-0.008712455877919145
1981-06-19 13:30:00+00:00,0.003786382966640234
1981-06-22 13:30:00+00:00,-0.0044723422561158245
1981-06-23 13:30:00+00:00,0.0027819286662100653
1981-06-24 13:30:00+00:00,-0.0021982140402439063
1981-06-25 13:30:00+00:00,0.0023683150138822276
1981-06-26 13:30:00+00:00,0.0019518761262671159
1981-06-29 13:30:00+00:00,-0.007107614327570022
1981-06-30 13:30:00+00:00,-0.011418858064733538
1981-07-01 13:30:00+00:00,-0.005291170879200513
1981-07-02 13:30:00+00:00,-0.008626309413513066
1981-07-06 13:30:00+00:00,-0.017487203454796273
1981-07-07 13:30:00+00:00,-0.005312872141859615
1981-07-08 13:30:00+00:00,0.0019672465070239456
1981-07-09 13:30:00+00:00,0.007528076757183688
1981-07-10 13:30:00+00:00,0.002328198399276438
1981-07-13 13:30:00+00:00,0.0014199360426683128
1981-07-14 13:30:00+00:00,-0.004747613225374103
1981-07-15 13:30:00+00:00,0.004474001490109225
1981-07-16 13:30:00+00:00,0.0054966987054925085
1981-07-17 13:30:00+00:00,0.0033901906398607798
1981-07-20 13:30:00+00:00,-0.01650341382065069
1981-07-21 13:30:00+00:00,-0.007554472818582692
1981-07-22 13:30:00+00:00,-0.007562341734421285
1981-07-23 13:30:00+00:00,0.0011126503471048266
1981-07-24 13:30:00+00:00,0.007603097280563176
1981-07-27 13:30:00+00:00,0.006726914273775575
1981-07-28 13:30:00+00:00,-0.002535271279223827
1981-07-29 13:30:00+00:00,9.143787004805012e-05
1981-07-30 13:30:00+00:00,0.005068709484701272
1981-07-31 13:30:00+00:00,0.007517988443626711
1981-08-03 13:30:00+00:00,-0.005912082209274761
1981-08-04 13:30:00+00:00,-0.0015733724695176198
1981-08-05 13:30:00+00:00,0.004374284629404357
1981-08-06 13:30:00+00:00,0.00293274128489095
1981-08-07 13:30:00+00:00,-0.0015645323440988234
1981-08-10 13:30:00+00:00,-0.0025602775878089787
1981-08-11 13:30:00+00:00,0.0038366431676679527
1981-08-12 13:30:00+00:00,0.0012228080583880252
1981-08-13 13:30:00+00:00,0.0018344358009567574
1981-08-14 13:30:00+00:00,-0.0012301822022709019
1981-08-17 13:30:00+00:00,-0.011744358276260313
1981-08-18 13:30:00+00:00,-0.01269241338662742
1981-08-19 13:30:00+00:00,0.0009144762061730094
1981-08-20 13:30:00+00:00,0.0035193417410570474
1981-08-21 13:30:00+00:00,-0.005918179096816478
1981-08-24 13:30:00+00:00,-0.02911915341171879
1981-08-25 13:30:00+00:00,-0.014943573466214565
1981-08-26 13:30:00+00:00,5.167751785827299e-05
1981-08-27 13:30:00+00:00,-0.005104753281399488
1981-08-28 13:30:00+00:00,0.0036089508199059653
1981-08-31 13:30:00+00:00,-0.009211632619343556
1981-09-01 13:30:00+00:00,-0.0030629723170099263
1981-09-02 13:30:00+00:00,0.0010272286866175207
1981-09-03 13:30:00+00:00,-0.017501064062158466
1981-09-04 13:30:00+00:00,-0.012392309718359706
1981-09-08 13:30:00+00:00,-0.02562344814667229
1981-09-09 13:30:00+00:00,-0.0002081715157644769
1981-09-10 13:30:00+00:00,0.014945725577824243
1981-09-11 13:30:00+00:00,0.011950090482868426
1981-09-14 13:30:00+00:00,-0.0011010138762454047
1981-09-15 13:30:00+00:00,-0.00041640945121147456
1981-09-16 13:30:00+00:00,-0.009279100320663158
1981-09-17 13:30:00+00:00,-0.011334163177883615
1981-09-18 13:30:00+00:00,-0.007854037958896509
1981-09-21 13:30:00+00:00,0.0006597513778825337
1981-09-22 13:30:00+00:00,-0.006336153855192051
1981-09-23 13:30:00+00:00,-0.017943441622224287
1981-09-24 13:30:00+00:00,0.002122311707744007
1981-09-25 13:30:00+00:00,-0.029314503521769796
1981-09-28 13:30:00+00:00,-0.000613912405207595
1981-09-29 13:30:00+00:00,0.0197822816192048
1981-09-30 13:30:00+00:00,0.008414953331661968
1981-10-01 13:30:00+00:00,0.0057878940497757434
1981-10-02 13:30:00+00:00,0.018012534351024224
1981-10-05 13:30:00+00:00,0.008252815456457608
1981-10-06 13:30:00+00:00,-0.0003152038305296422
1981-10-07 13:30:00+00:00,0.01555612384222992
1981-10-08 13:30:00+00:00,0.011712669466886528
1981-10-09 13:30:00+00:00,0.001261236443654823
1981-10-12 13:30:00+00:00,-4.774660630159069e-05
1981-10-13 13:30:00+00:00,0.003245877215248594
1981-10-14 13:30:00+00:00,-0.013074184644229391
1981-10-15 13:30:00+00:00,0.0021172488200074005
1981-10-16 13:30:00+00:00,0.0019542500769569207
1981-10-19 13:30:00+00:00,-0.0025705698440490307
1981-10-20 13:30:00+00:00,0.007593478538272957
1981-10-21 13:30:00+00:00,0.0059137487892431005
1981-10-22 13:30:00+00:00,0.00015983881744462423
1981-10-23 13:30:00+00:00,-0.002802224359317995
1981-10-26 14:30:00+00:00,-0.00478974591266258
1981-10-27 14:30:00+00:00,0.008276556984081685
1981-10-28 14:30:00+00:00,0.005818692622584265
1981-10-29 14:30:00+00:00,-0.0035580550655242124
1981-10-30 14:30:00+00:00,0.011087091576679187
1981-11-02 14:30:00+00:00,0.010194993086887195
1981-11-03 14:30:00+00:00,0.007656647803786487
1981-11-04 14:30:00+00:00,0.00467913750918657
1981-11-05 14:30:00+00:00,0.001352002959623
1981-11-06 14:30:00+00:00,-0.00034999025442329347
1981-11-09 14:30:00+00:00,-0.00035005276517764407
1981-11-10 14:30:00+00:00,-0.0002000613877758516
1981-11-11 14:30:00+00:00,0.0006504210097730723
1981-11-12 14:30:00+00:00,0.00459883742597621
1981-11-13 14:30:00+00:00,-0.004229567681826485
1981-11-16 14:30:00+00:00,-0.015088009318106842
1981-11-17 14:30:00+00:00,0.00253739604389035
1981-11-18 14:30:00+00:00,-0.0005046265440570407
1981-11-19 14:30:00+00:00,-0.001516997827167088
1981-11-20 14:30:00+00:00,0.00638691836501758
1981-11-23 14:30:00+00:00,-0.003070853869823986
1981-11-24 14:30:00+00:00,0.005101751466445969
1981-11-25 14:30:00+00:00,0.004773398580297783
1981-11-27 14:30:00+00:00,0.004949796476997992
1981-11-30 14:30:00+00:00,0.001641074705441603
1981-12-01 14:30:00+00:00,-0.0012917874568916354
1981-12-02 14:30:00+00:00,-0.003978082634917291
1981-12-03 14:30:00+00:00,-0.0023461302386921343
1981-12-04 14:30:00+00:00,0.004802506334420353
1981-12-07 14:30:00+00:00,-0.005924363503116437
1981-12-08 14:30:00+00:00,-0.008011480536468173
1981-12-09 14:30:00+00:00,0.0007074920475318325
1981-12-10 14:30:00+00:00,0.003077189490865651
1981-12-11 14:30:00+00:00,-0.0015075949219498618
1981-12-14 14:30:00+00:00,-0.01505167755652893
1981-12-15 14:30:00+00:00,-0.00270640114278321
1981-12-16 14:30:00+00:00,-0.00045871757996053243
1981-12-17 14:30:00+00:00,0.003026765194536363
1981-12-18 14:30:00+00:00,0.006593906893316059
1981-12-21 14:30:00+00:00,-0.003348563055140985
1981-12-22 14:30:00+00:00,-0.003817450454197024
1981-12-23 14:30:00+00:00,-0.001071184021667404
1981-12-24 14:30:00+00:00,0.0011790995339140298
1981-12-28 14:30:00+00:00,-0.0029615103082595404
1981-12-29 14:30:00+00:00,-0.006403145082434125
1981-12-30 14:30:00+00:00,0.0037677736364076678
1981-12-31 14:30:00+00:00,0.005961813693528428
1982-01-04 14:30:00+00:00,-0.0016829123998700734
1982-01-05 14:30:00+00:00,-0.016465759567431692
1982-01-06 14:30:00+00:00,-0.006235329503125786
1982-01-07 14:30:00+00:00,-0.0007800399067438124
1982-01-08 14:30:00+00:00,0.005292099027637709
1982-01-11 14:30:00+00:00,-0.01702267611744902
1982-01-12 14:30:00+00:00,-0.007938960294578645
1982-01-13 14:30:00+00:00,-0.00858821019917878
1982-01-14 14:30:00+00:00,0.0007614853054973448
1982-01-15 14:30:00+00:00,0.007592764211445491
1982-01-18 14:30:00+00:00,-0.0006872336432336534
1982-01-19 14:30:00+00:00,-0.005708690850391618
1982-01-20 14:30:00+00:00,-0.0024635712975429433
1982-01-21 14:30:00+00:00,0.003561386341329953
1982-01-22 14:30:00+00:00,-0.0031578974468541407
1982-01-25 14:30:00+00:00,-0.012530702985699037
1982-01-26 14:30:00+00:00,-0.0006993930241428025
1982-01-27 14:30:00+00:00,0.0007723824159784232
1982-01-28 14:30:00+00:00,0.01433587618212594
1982-01-29 14:30:00+00:00,0.011552873776826445
1982-02-01 14:30:00+00:00,-0.008433733587325253
1982-02-02 14:30:00+00:00,0.003325754012190696
1982-02-03 14:30:00+00:00,-0.000260109020649668
1982-02-04 14:30:00+00:00,-0.0016472085443360984
1982-02-05 14:30:00+00:00,0.005617683700483755
1982-02-08 14:30:00+00:00,-0.019121315038245112
1982-02-09 14:30:00+00:00,-0.011582480203161782
1982-02-10 14:30:00+00:00,0.002420446702714452
1982-02-11 14:30:00+00:00,-0.004035077968516998
1982-02-12 14:30:00+00:00,0.0013815049243397382
1982-02-16 14:30:00+00:00,-0.010016707846948313
1982-02-17 14:30:00+00:00,0.002888175895471068
1982-02-18 14:30:00+00:00,0.0006172683189655693
1982-02-19 14:30:00+00:00,-0.0041247599882896615
1982-02-22 14:30:00+00:00,-0.008846120263756984
1982-02-23 14:30:00+00:00,-0.00892337502892927
1982-02-24 14:30:00+00:00,0.006041170230188564
1982-02-25 14:30:00+00:00,0.004715772211522073
1982-02-26 14:30:00+00:00,-0.0001557833564913679
1982-03-01 14:30:00+00:00,0.0038013110160246446
1982-03-02 14:30:00+00:00,-4.451503600179088e-05
1982-03-03 14:30:00+00:00,-0.011924163928219166
1982-03-04 14:30:00+00:00,-0.009762385673727236
1982-03-05 14:30:00+00:00,-0.013260089362895144
1982-03-08 14:30:00+00:00,-0.016999479339983924
1982-03-09 14:30:00+00:00,-0.007817897882540736
1982-03-10 14:30:00+00:00,0.004083556814508771
1982-03-11 14:30:00+00:00,-0.0020364032073720948
1982-03-12 14:30:00+00:00,-0.011035390971827607
1982-03-15 14:30:00+00:00,-0.001942700864688962
1982-03-16 14:30:00+00:00,0.0020438816953140984
1982-03-17 14:30:00+00:00,-0.0005754090303958903
1982-03-18 14:30:00+00:00,0.011374482577810142
1982-03-19 14:30:00+00:00,0.009480847453370734
1982-03-22 14:30:00+00:00,0.01195174307417889
1982-03-23 14:30:00+00:00,0.006343048411608698
1982-03-24 14:30:00+00:00,-0.0007287545714225296
1982-03-25 14:30:00+00:00,0.005562351372112795
1982-03-26 14:30:00+00:00,-0.0036830340456791674
1982-03-29 14:30:00+00:00,0.0016123462156591884
1982-03-30 14:30:00+00:00,-0.0005558508892005265
1982-03-31 14:30:00+00:00,0.0012111146388085082
1982-04-01 14:30:00+00:00,0.009350633189817648
1982-04-02 14:30:00+00:00,0.006949799882755669
1982-04-05 14:30:00+00:00,-0.0020600742020156046
1982-04-06 14:30:00+00:00,0.002537259099982359
1982-04-07 14:30:00+00:00,0.006783876408927403
1982-04-08 14:30:00+00:00,0.006792280635510506
1982-04-12 14:30:00+00:00,-0.0015352443587963837
1982-04-13 14:30:00+00:00,-0.0008186957999401056
1982-04-14 14:30:00+00:00,-0.0020362184961414506
1982-04-15 14:30:00+00:00,0.003835432851095433
1982-04-16 14:30:00+00:00,0.006138984724361129
1982-04-19 14:30:00+00:00,0.0005584094221535608
1982-04-20 14:30:00+00:00,-0.002457803845445927
1982-04-21 14:30:00+00:00,0.001988627447033753
1982-04-22 14:30:00+00:00,0.00724969440576938
1982-04-23 14:30:00+00:00,0.006814891584170579
1982-04-26 13:30:00+00:00,0.0046045390711817345
1982-04-27 13:30:00+00:00,-0.005912711589427866
1982-04-28 13:30:00+00:00,0.0008203019046226668
1982-04-29 13:30:00+00:00,-0.004102409517047667
1982-04-30 13:30:00+00:00,0.0028867122996865005
1982-05-03 13:30:00+00:00,0.0013618531506342957
1982-05-04 13:30:00+00:00,0.0051981333247099635
1982-05-05 13:30:00+00:00,-0.00047640261671623153
1982-05-06 13:30:00+00:00,0.007377939278755396
1982-05-07 13:30:00+00:00,0.004492303042297851
1982-05-10 13:30:00+00:00,-0.0030766520175373843
1982-05-11 13:30:00+00:00,0.0032054064774642457
1982-05-12 13:30:00+00:00,-0.0007908171588603241
1982-05-13 13:30:00+00:00,-0.0022269483232857487
1982-05-14 13:30:00+00:00,0.002884107149449189
1982-05-17 13:30:00+00:00,-0.007113108679512437
1982-05-18 13:30:00+00:00,-0.005931976316137966
1982-05-19 13:30:00+00:00,-0.010325466452014941
1982-05-20 13:30:00+00:00,-0.006570569396500037
1982-05-21 13:30:00+00:00,-0.0018513535577980966
1982-05-24 13:30:00+00:00,-0.0038828245926848634
1982-05-25 13:30:00+00:00,-0.003346995624235249
1982-05-26 13:30:00+00:00,-0.013130039056839637
1982-05-27 13:30:00+00:00,-0.0022816927815665464
1982-05-28 13:30:00+00:00,0.0008530648292814802
1982-06-01 13:30:00+00:00,-0.006709122438411719
1982-06-02 13:30:00+00:00,0.0024936327936635363
1982-06-03 13:30:00+00:00,-0.0041490450514398815
1982-06-04 13:30:00+00:00,-0.012974075102878301
1982-06-07 13:30:00+00:00,-0.0057058285394681165
1982-06-08 13:30:00+00:00,-0.003321338992122957
1982-06-09 13:30:00+00:00,-0.013604134085729257
1982-06-10 13:30:00+00:00,0.0024154596328536007
1982-06-11 13:30:00+00:00,0.012621059676050973
1982-06-14 13:30:00+00:00,-0.008166892138606895
1982-06-15 13:30:00+00:00,-0.005676482655325399
1982-06-16 13:30:00+00:00,0.0013603656547382826
1982-06-17 13:30:00+00:00,-0.009374360214933219
1982-06-18 13:30:00+00:00,-0.008048225228163185
1982-06-21 13:30:00+00:00,-0.003067359050445095
1982-06-22 13:30:00+00:00,0.006150018165224968
1982-06-23 13:30:00+00:00,0.010606876817030198
1982-06-24 13:30:00+00:00,0.0014216815281937634
1982-06-25 13:30:00+00:00,-0.0038400619910615827
1982-06-28 13:30:00+00:00,0.003360884628497141
1982-06-29 13:30:00+00:00,-0.003256652375062019
1982-06-30 13:30:00+00:00,0.004415359631577231
1982-07-01 13:30:00+00:00,-0.004186380243850219
1982-07-02 13:30:00+00:00,-0.0033239333650673217
1982-07-06 13:30:00+00:00,-0.004980928057390599
1982-07-07 13:30:00+00:00,-0.0068367886858812345
1982-07-08 13:30:00+00:00,-0.007715413882393174
1982-07-09 13:30:00+00:00,0.007513934347872053
1982-07-12 13:30:00+00:00,0.004540915959456038
1982-07-13 13:30:00+00:00,0.002861208065894061
1982-07-14 13:30:00+00:00,-0.0009266866525110661
1982-07-15 13:30:00+00:00,0.002263890317437001
1982-07-16 13:30:00+00:00,0.0032606041116593934
1982-07-19 13:30:00+00:00,-0.0006288303076971257
1982-07-20 13:30:00+00:00,0.004250670286887403
1982-07-21 13:30:00+00:00,0.004056128592565755
1982-07-22 13:30:00+00:00,0.002931387972561861
1982-07-23 13:30:00+00:00,0.0001906140443295069
1982-07-26 13:30:00+00:00,-0.003934778105681336
1982-07-27 13:30:00+00:00,-0.004416070268571615
1982-07-28 13:30:00+00:00,-0.013807524483915323
1982-07-29 13:30:00+00:00,-0.004673196151344883
1982-07-30 13:30:00+00:00,-0.0015916467237213738
1982-08-02 13:30:00+00:00,0.005994944586024997
1982-08-03 13:30:00+00:00,-0.0024756839584510024
1982-08-04 13:30:00+00:00,-0.008494377876182246
1982-08-05 13:30:00+00:00,-0.008565439978247779
1982-08-06 13:30:00+00:00,-0.009545943785935328
1982-08-09 13:30:00+00:00,-0.013609331282784864
1982-08-10 13:30:00+00:00,-0.00047177814337852054
1982-08-11 13:30:00+00:00,-0.0035093914380528554
1982-08-12 13:30:00+00:00,-0.005884710517231839
1982-08-13 13:30:00+00:00,-0.004479360387136378
1982-08-16 13:30:00+00:00,0.0032931964823668006
1982-08-17 13:30:00+00:00,0.016182604100532173
1982-08-18 13:30:00+00:00,0.016599573171385263
1982-08-19 13:30:00+00:00,-0.0005243125152307848
1982-08-20 13:30:00+00:00,0.012269685711687062
1982-08-23 13:30:00+00:00,0.01738920730429493
1982-08-24 13:30:00+00:00,0.013733239799749598
1982-08-25 13:30:00+00:00,0.015576694044128415
1982-08-26 13:30:00+00:00,0.018421726569606268
1982-08-27 13:30:00+00:00,-0.0032991472823006404
1982-08-30 13:30:00+00:00,-0.007082012672011484
1982-08-31 13:30:00+00:00,0.007554831587908139
1982-09-01 13:30:00+00:00,-0.0024071501132152504
1982-09-02 13:30:00+00:00,0.012308330007755098
1982-09-03 13:30:00+00:00,0.014106145135140958
1982-09-07 13:30:00+00:00,-0.006526795656865103
1982-09-08 13:30:00+00:00,0.004930895503955079
1982-09-09 13:30:00+00:00,0.005290896212783325
1982-09-10 13:30:00+00:00,-0.0017414238920221536
1982-09-13 13:30:00+00:00,0.0022565116068648974
1982-09-14 13:30:00+00:00,0.009194763607227808
1982-09-15 13:30:00+00:00,0.009163225344203097
1982-09-16 13:30:00+00:00,0.0025300547452369207
1982-09-17 13:30:00+00:00,-0.001117143673994525
1982-09-20 13:30:00+00:00,-0.003368852732203009
1982-09-21 13:30:00+00:00,0.01016883689306124
1982-09-22 13:30:00+00:00,0.0036783590082558495
1982-09-23 13:30:00+00:00,-0.0025917889559434856
1982-09-24 13:30:00+00:00,0.0023448935891023817
1982-09-27 13:30:00+00:00,5.905190180687256e-05
1982-09-28 13:30:00+00:00,0.0020204087032367093
1982-09-29 13:30:00+00:00,-0.004226104565166045
1982-09-30 13:30:00+00:00,-0.0033402030603979613
1982-10-01 13:30:00+00:00,0.005495540026167134
1982-10-04 13:30:00+00:00,-0.0037035648477925617
1982-10-05 13:30:00+00:00,0.003888937256448333
1982-10-06 13:30:00+00:00,0.0169047750300677
1982-10-07 13:30:00+00:00,0.018704045685441695
1982-10-08 13:30:00+00:00,0.01677204414103527
1982-10-11 13:30:00+00:00,0.017095425508776508
1982-10-12 13:30:00+00:00,-0.0008414062492928642
1982-10-13 13:30:00+00:00,0.01478916923382555
1982-10-14 13:30:00+00:00,-0.0016596435555172983
1982-10-15 13:30:00+00:00,-0.0020038290360184893
1982-10-18 13:30:00+00:00,0.010415474057932517
1982-10-19 13:30:00+00:00,0.004110808356891915
1982-10-20 13:30:00+00:00,0.01541957435420226
1982-10-21 13:30:00+00:00,0.016890991375923415
1982-10-22 13:30:00+00:00,0.004613433416976054
1982-10-25 13:30:00+00:00,-0.020537521639180555
1982-10-26 13:30:00+00:00,-0.004699560071650966
1982-10-27 13:30:00+00:00,0.010761274767456575
1982-10-28 13:30:00+00:00,-0.001655145314800277
1982-10-29 13:30:00+00:00,0.003487151475623607
1982-11-01 14:30:00+00:00,0.008788676791829476
1982-11-02 14:30:00+00:00,0.014490665493592115
1982-11-03 14:30:00+00:00,0.023424054764787473
1982-11-04 14:30:00+00:00,0.009955169867642322
1982-11-05 14:30:00+00:00,0.008877397990201475
1982-11-08 14:30:00+00:00,-0.0013773346592611646
1982-11-09 14:30:00+00:00,0.015115651692070731
1982-11-10 14:30:00+00:00,0.0008557375140960555
1982-11-11 14:30:00+00:00,0.004717501812895974
1982-11-12 14:30:00+00:00,0.0046080006814783634
1982-11-15 14:30:00+00:00,-0.014157883426682793
1982-11-16 14:30:00+00:00,-0.019154657656613516
1982-11-17 14:30:00+00:00,0.012257197689524924
1982-11-18 14:30:00+00:00,0.0066178870660675735
1982-11-19 14:30:00+00:00,0.0004670136231012979
1982-11-22 14:30:00+00:00,-0.01587965353816202
1982-11-23 14:30:00+00:00,-0.0028458928013776028
1982-11-24 14:30:00+00:00,0.007494291991707358
1982-11-26 14:30:00+00:00,0.007657380416775872
1982-11-29 14:30:00+00:00,-0.0011934219763268916
1982-11-30 14:30:00+00:00,0.01706361565489355
1982-12-01 14:30:00+00:00,0.014019059936150925
1982-12-02 14:30:00+00:00,0.002404335273406211
1982-12-03 14:30:00+00:00,0.004049424238798493
1982-12-06 14:30:00+00:00,0.008881234572158715
1982-12-07 14:30:00+00:00,0.0055834830060166206
1982-12-08 14:30:00+00:00,0.00010778330781645593
1982-12-09 14:30:00+00:00,-0.01447470502262672
1982-12-10 14:30:00+00:00,-0.014389324359951227
1982-12-13 14:30:00+00:00,-0.0023236658494281246
1982-12-14 14:30:00+00:00,-0.008671550954892259
1982-12-15 14:30:00+00:00,-0.02448075193449163
1982-12-16 14:30:00+00:00,-0.0004987608530156006
1982-12-17 14:30:00+00:00,0.0146605783784317
1982-12-20 14:30:00+00:00,-0.004686501666716037
1982-12-21 14:30:00+00:00,0.0027084929609228927
1982-12-22 14:30:00+00:00,0.010927432901092205
1982-12-23 14:30:00+00:00,0.005483485900314544
1982-12-27 14:30:00+00:00,0.003644652478504085
1982-12-28 14:30:00+00:00,-0.0043881647216399535
1982-12-29 14:30:00+00:00,0.00020149580163163493
1982-12-30 14:30:00+00:00,-0.00436230453762233
1982-12-31 14:30:00+00:00,0.004785873784056915
1983-01-03 14:30:00+00:00,-0.00793101973039324
1983-01-04 14:30:00+00:00,0.004453549886956887
1983-01-05 14:30:00+00:00,0.004605561823358017
1983-01-06 14:30:00+00:00,0.01657170091540271
1983-01-07 14:30:00+00:00,0.00831048767182584
1983-01-10 14:30:00+00:00,0.009707193118324787
1983-01-11 14:30:00+00:00,-0.00047352177711758027
1983-01-12 14:30:00+00:00,0.008453030958647235
1983-01-13 14:30:00+00:00,0.002246515404209271
1983-01-14 14:30:00+00:00,0.00873033182602544
1983-01-17 14:30:00+00:00,0.006047435072341167
1983-01-18 14:30:00+00:00,-0.002082704112544309
1983-01-19 14:30:00+00:00,-0.0059787633655922325
1983-01-20 14:30:00+00:00,0.0031218945952460222
1983-01-21 14:30:00+00:00,-0.008311733108470009
1983-01-24 14:30:00+00:00,-0.02977580217624588
1983-01-25 14:30:00+00:00,0.010291613898808494
1983-01-26 14:30:00+00:00,0.009264899082367373
1983-01-27 14:30:00+00:00,0.016509410128302083
1983-01-28 14:30:00+00:00,0.005970690268717316
1983-01-31 14:30:00+00:00,0.0056506721332101216
1983-02-01 14:30:00+00:00,-0.0009053642122637373
1983-02-02 14:30:00+00:00,0.0004238963772320471
1983-02-03 14:30:00+00:00,0.004572159126037911
1983-02-04 14:30:00+00:00,0.008759811712025767
1983-02-07 14:30:00+00:00,0.0013703373135338537
1983-02-08 14:30:00+00:00,-0.0037504966008599203
1983-02-09 14:30:00+00:00,0.0010150886996851294
1983-02-10 14:30:00+00:00,0.013385557020451067
1983-02-11 14:30:00+00:00,0.007239994287462126
1983-02-14 14:30:00+00:00,0.007809907510244229
1983-02-15 14:30:00+00:00,0.0014076511022347194
1983-02-16 14:30:00+00:00,-6.136120698175809e-05
1983-02-17 14:30:00+00:00,-0.00037022550754451923
1983-02-18 14:30:00+00:00,0.008741731833675093
1983-02-22 14:30:00+00:00,-0.008175379081239786
1983-02-23 14:30:00+00:00,0.003025231813734253
1983-02-24 14:30:00+00:00,0.00882344863787753
1983-02-25 14:30:00+00:00,0.00039561543220799643
1983-02-28 14:30:00+00:00,-0.0068443567947194086
1983-03-01 14:30:00+00:00,0.004311684648196745
1983-03-02 14:30:00+00:00,0.005934628859776569
1983-03-03 14:30:00+00:00,0.006771668946602405
1983-03-04 14:30:00+00:00,0.0026525772401066908
1983-03-07 14:30:00+00:00,-0.0021680897492656445
1983-03-08 14:30:00+00:00,-0.008502768993709952
1983-03-09 14:30:00+00:00,0.007119918946816506
1983-03-10 14:30:00+00:00,0.0037481439035189526
1983-03-11 14:30:00+00:00,0.00027584977661775377
1983-03-14 14:30:00+00:00,-0.007012601955518905
1983-03-15 14:30:00+00:00,-0.00044045675696992016
1983-03-16 14:30:00+00:00,0.001451574880262585
1983-03-17 14:30:00+00:00,-0.0025559581632674908
1983-03-18 14:30:00+00:00,0.0036877351729496135
1983-03-21 14:30:00+00:00,0.004880856412963419
1983-03-22 14:30:00+00:00,0.004368150420168237
1983-03-23 14:30:00+00:00,0.0064042644415787
1983-03-24 14:30:00+00:00,0.004022355014874568
1983-03-25 14:30:00+00:00,0.0018233625795813669
1983-03-28 14:30:00+00:00,-0.006523347697815052
1983-03-29 14:30:00+00:00,-0.0015118703006869016
1983-03-30 14:30:00+00:00,0.007378549867123485
1983-03-31 14:30:00+00:00,-2.617987383858314e-05
1983-04-04 14:30:00+00:00,-0.007743932422268685
1983-04-05 14:30:00+00:00,0.00027202985096662645
1983-04-06 14:30:00+00:00,-0.008878728078863706
1983-04-07 14:30:00+00:00,0.0009132060360830141
1983-04-08 14:30:00+00:00,0.004998657565165254
1983-04-11 14:30:00+00:00,0.010008136491544074
1983-04-12 14:30:00+00:00,0.0069898912338674955
1983-04-13 14:30:00+00:00,0.011633148390528748
1983-04-14 14:30:00+00:00,0.010337447755802687
1983-04-15 14:30:00+00:00,0.009906845412118049
1983-04-18 14:30:00+00:00,0.004267828274470575
1983-04-19 14:30:00+00:00,-0.0035296265132950364
1983-04-20 14:30:00+00:00,0.010366232740882653
1983-04-21 14:30:00+00:00,0.007027554498431054
1983-04-22 14:30:00+00:00,0.005861481930378376
1983-04-25 13:30:00+00:00,-0.006927244165806601
1983-04-26 13:30:00+00:00,0.0052388193557999395
1983-04-27 13:30:00+00:00,0.0027461607230243493
1983-04-28 13:30:00+00:00,0.006510610564935948
1983-04-29 13:30:00+00:00,0.007533067145702998
1983-05-02 13:30:00+00:00,-0.00869888430582556
1983-05-03 13:30:00+00:00,-0.0031633118409228997
1983-05-04 13:30:00+00:00,0.012190687497359399
1983-05-05 13:30:00+00:00,0.01391731178649257
1983-05-06 13:30:00+00:00,0.01442982381877832
1983-05-09 13:30:00+00:00,0.003248293326480567
1983-05-10 13:30:00+00:00,0.005484016109328793
1983-05-11 13:30:00+00:00,-0.004864348120196771
1983-05-12 13:30:00+00:00,-0.0025431995647399283
1983-05-13 13:30:00+00:00,0.005824238229622958
1983-05-16 13:30:00+00:00,-0.014379121876125233
1983-05-17 13:30:00+00:00,0.004639595731735768
1983-05-18 13:30:00+00:00,0.008171944863568637
1983-05-19 13:30:00+00:00,-0.0023734091766498652
1983-05-20 13:30:00+00:00,0.0023436636169244965
1983-05-23 13:30:00+00:00,0.0008882322947074584
1983-05-24 13:30:00+00:00,0.01141846300509285
1983-05-25 13:30:00+00:00,0.005756384683542881
1983-05-26 13:30:00+00:00,0.007113128994413509
1983-05-27 13:30:00+00:00,0.0020194422219235067
1983-05-31 13:30:00+00:00,-0.010739246712111027
1983-06-01 13:30:00+00:00,-0.0026264754042049196
1983-06-02 13:30:00+00:00,0.00801820068485436
1983-06-03 13:30:00+00:00,0.010851824006426581
1983-06-06 13:30:00+00:00,0.0050935792611548234
1983-06-07 13:30:00+00:00,-0.00425239480466012
1983-06-08 13:30:00+00:00,-0.0054474969651927664
1983-06-09 13:30:00+00:00,0.0007000256258209326
1983-06-10 13:30:00+00:00,0.007893860964587319
1983-06-13 13:30:00+00:00,0.008813835952426564
1983-06-14 13:30:00+00:00,0.006156943336996778
1983-06-15 13:30:00+00:00,0.006149218680792756
1983-06-16 13:30:00+00:00,0.013749184376903301
1983-06-17 13:30:00+00:00,-0.0012945318482006196
1983-06-20 13:30:00+00:00,-0.0046382862691386586
1983-06-21 13:30:00+00:00,0.0039969305124636255
1983-06-22 13:30:00+00:00,0.00674136410843994
1983-06-23 13:30:00+00:00,-0.0027204816196195855
1983-06-24 13:30:00+00:00,0.004726985472334399
1983-06-27 13:30:00+00:00,-0.0139944005148397
1983-06-28 13:30:00+00:00,-0.02621457518757343
1983-06-29 13:30:00+00:00,0.0010713525276442204
1983-06-30 13:30:00+00:00,0.007678971820840974
1983-07-01 13:30:00+00:00,0.008936630859504014
1983-07-05 13:30:00+00:00,-0.01387571012114509
1983-07-06 13:30:00+00:00,0.006174699007570161
1983-07-07 13:30:00+00:00,0.0026886948988198325
1983-07-08 13:30:00+00:00,-0.0015373385521129212
1983-07-11 13:30:00+00:00,0.0024346482461727772
1983-07-12 13:30:00+00:00,-0.010868500388447121
1983-07-13 13:30:00+00:00,-0.0074833224748925955
1983-07-14 13:30:00+00:00,0.0027608471564928186
1983-07-15 13:30:00+00:00,-0.008404526920936971
1983-07-18 13:30:00+00:00,-0.008346193666795242
1983-07-19 13:30:00+00:00,0.002736072250405941
1983-07-20 13:30:00+00:00,0.01786444418378651
1983-07-21 13:30:00+00:00,0.007887115485849517
1983-07-22 13:30:00+00:00,0.004347313953316101
1983-07-25 13:30:00+00:00,0.00030536586410255816
1983-07-26 13:30:00+00:00,-0.0015337098252353853
1983-07-27 13:30:00+00:00,-0.016767695413276062
1983-07-28 13:30:00+00:00,-0.020954517350236578
1983-07-29 13:30:00+00:00,-0.014720578168955233
1983-08-01 13:30:00+00:00,-0.006285040583179369
1983-08-02 13:30:00+00:00,0.003541439858355078
1983-08-03 13:30:00+00:00,0.0021428679075416904
1983-08-04 13:30:00+00:00,-0.013790427647846448
1983-08-05 13:30:00+00:00,0.0015683349337156538
1983-08-08 13:30:00+00:00,-0.017655027704714287
1983-08-09 13:30:00+00:00,-0.002371667605175609
1983-08-10 13:30:00+00:00,0.008022014720121085
1983-08-11 13:30:00+00:00,0.002967600474742971
1983-08-12 13:30:00+00:00,0.006688509982004864
1983-08-15 13:30:00+00:00,0.007243655469790766
1983-08-16 13:30:00+00:00,-0.006495363124090725
1983-08-17 13:30:00+00:00,0.0032016181898399834
1983-08-18 13:30:00+00:00,-0.0036234595515790666
1983-08-19 13:30:00+00:00,-0.0023683056860036686
1983-08-22 13:30:00+00:00,-0.0012367312970663735
1983-08-23 13:30:00+00:00,-0.017170578179176454
1983-08-24 13:30:00+00:00,-0.009634898439109928
1983-08-25 13:30:00+00:00,-0.004672600698779739
1983-08-26 13:30:00+00:00,0.002594017140142613
1983-08-29 13:30:00+00:00,-0.003372406100446101
1983-08-30 13:30:00+00:00,0.0016279514283652375
1983-08-31 13:30:00+00:00,0.008731947166032306
1983-09-01 13:30:00+00:00,0.007183955500401395
1983-09-02 13:30:00+00:00,0.01110359343849775
1983-09-06 13:30:00+00:00,0.011248010117675723
1983-09-07 13:30:00+00:00,-0.00166027355695465
1983-09-08 13:30:00+00:00,0.003324653364320296
1983-09-09 13:30:00+00:00,0.0013579755092878343
1983-09-12 13:30:00+00:00,-0.004963849277925048
1983-09-13 13:30:00+00:00,-0.009509552460279302
1983-09-14 13:30:00+00:00,0.0012761745114246881
1983-09-15 13:30:00+00:00,-0.003954642054704316
1983-09-16 13:30:00+00:00,0.0035339936182023804
1983-09-19 13:30:00+00:00,0.011835486940426233
1983-09-20 13:30:00+00:00,0.0049690748015871365
1983-09-21 13:30:00+00:00,-0.0004295608872793121
1983-09-22 13:30:00+00:00,0.004186710252279668
1983-09-23 13:30:00+00:00,-0.0032192941116584548
1983-09-26 13:30:00+00:00,0.0004270039518763259
1983-09-27 13:30:00+00:00,-0.00994294151006615
1983-09-28 13:30:00+00:00,-0.00349114641203353
1983-09-29 13:30:00+00:00,-0.0016679250246576349
1983-09-30 13:30:00+00:00,-0.008920924765489568
1983-10-03 13:30:00+00:00,-0.00687559173909259
1983-10-04 13:30:00+00:00,0.0004769172607430484
1983-10-05 13:30:00+00:00,-0.0009140505286877709
1983-10-06 13:30:00+00:00,0.004007653274239675
1983-10-07 13:30:00+00:00,0.005241762724952126
1983-10-10 13:30:00+00:00,0.00010187005356797627
1983-10-11 13:30:00+00:00,-0.006858152359889414
1983-10-12 13:30:00+00:00,-0.013031205026448844
1983-10-13 13:30:00+00:00,-0.004043872941209459
1983-10-14 13:30:00+00:00,-0.0028200404155114375
1983-10-17 13:30:00+00:00,3.812720788863863e-05
1983-10-18 13:30:00+00:00,-0.021053458086446996
1983-10-19 13:30:00+00:00,-0.013392395030590764
1983-10-20 13:30:00+00:00,0.004902658088084866
1983-10-21 13:30:00+00:00,-0.006357812500000015
1983-10-24 13:30:00+00:00,-0.009688868186420018
1983-10-25 13:30:00+00:00,0.006366560314690062
1983-10-26 13:30:00+00:00,-0.002792031527527394
1983-10-27 13:30:00+00:00,-0.0013596944244270825
1983-10-28 13:30:00+00:00,-0.005000848113738699
1983-10-31 14:30:00+00:00,-0.0058580458141608395
1983-11-01 14:30:00+00:00,-0.0055998336011055085
1983-11-02 14:30:00+00:00,0.007737621095398095
1983-11-03 14:30:00+00:00,-0.0012629018560073146
1983-11-04 14:30:00+00:00,-0.006248482914552056
1983-11-07 14:30:00+00:00,-0.007604551047983865
1983-11-08 14:30:00+00:00,-0.005816980749792322
1983-11-09 14:30:00+00:00,0.0052047172791049754
1983-11-10 14:30:00+00:00,0.007575227203932211
1983-11-11 14:30:00+00:00,0.014730886588882653
1983-11-14 14:30:00+00:00,0.008488044747514401
1983-11-15 14:30:00+00:00,-0.0022108236459415062
1983-11-16 14:30:00+00:00,0.0035569230050469416
1983-11-17 14:30:00+00:00,0.004615322257293541
1983-11-18 14:30:00+00:00,-2.893048077280405e-05
1983-11-21 14:30:00+00:00,0.006192623085015991
1983-11-22 14:30:00+00:00,0.0051994172926696945
1983-11-23 14:30:00+00:00,0.00039205642046756815
1983-11-25 14:30:00+00:00,0.00271003121327883
1983-11-28 14:30:00+00:00,-0.0036727662915063794
1983-11-29 14:30:00+00:00,0.00042727491770920843
1983-11-30 14:30:00+00:00,0.003589193762070442
1983-12-01 14:30:00+00:00,0.0013001956022084982
1983-12-02 14:30:00+00:00,-0.00765061211174557
1983-12-05 14:30:00+00:00,-0.0051016322405616045
1983-12-06 14:30:00+00:00,-0.0016575859556694605
1983-12-07 14:30:00+00:00,0.0002545687213042381
1983-12-08 14:30:00+00:00,-0.005699810761808155
1983-12-09 14:30:00+00:00,-0.00031384166884386157
1983-12-12 14:30:00+00:00,-0.0021320391585847418
1983-12-13 14:30:00+00:00,-0.003743598645339585
1983-12-14 14:30:00+00:00,-0.009063143122204586
1983-12-15 14:30:00+00:00,-0.003970947370815059
1983-12-16 14:30:00+00:00,0.0022969625839095345
1983-12-19 14:30:00+00:00,-0.0016579985440546951
1983-12-20 14:30:00+00:00,-0.003982636108482607
1983-12-21 14:30:00+00:00,0.003979979153196467
1983-12-22 14:30:00+00:00,0.002004221463523848
1983-12-23 14:30:00+00:00,0.0010948050398364884
1983-12-27 14:30:00+00:00,0.00040619847593091905
1983-12-28 14:30:00+00:00,-0.00049751826830281
1983-12-29 14:30:00+00:00,0.0016716680095416492
1983-12-30 14:30:00+00:00,0.005458393699892416
1984-01-03 14:30:00+00:00,-0.0035816984904971758
1984-01-04 14:30:00+00:00,0.011930386770696567
1984-01-05 14:30:00+00:00,0.012285702997504522
1984-01-06 14:30:00+00:00,0.012028604469674454
1984-01-09 14:30:00+00:00,-0.0022882768189256384
1984-01-10 14:30:00+00:00,0.0011532317433391337
1984-01-11 14:30:00+00:00,7.379199708011938e-05
1984-01-12 14:30:00+00:00,-0.0002737617986701245
1984-01-13 14:30:00+00:00,-0.0028118129751959595
1984-01-16 14:30:00+00:00,-0.0020522312939803664
1984-01-17 14:30:00+00:00,0.0018909070859216448
1984-01-18 14:30:00+00:00,0.0011201287087381107
1984-01-19 14:30:00+00:00,-0.00260688082630901
1984-01-20 14:30:00+00:00,-0.0073602416948809314
1984-01-23 14:30:00+00:00,-0.014902543514185861
1984-01-24 14:30:00+00:00,-0.005025070744796645
1984-01-25 14:30:00+00:00,-0.005372222875289501
1984-01-26 14:30:00+00:00,-0.006373736122809681
1984-01-27 14:30:00+00:00,-0.00891678025083743
1984-01-30 14:30:00+00:00,-0.014559264204392474
1984-01-31 14:30:00+00:00,-0.0030715049507891276
1984-02-01 14:30:00+00:00,-0.007550732237718527
1984-02-02 14:30:00+00:00,-0.0011133581844909978
1984-02-03 14:30:00+00:00,-0.008177824868133798
1984-02-06 14:30:00+00:00,-0.020440119383938204
1984-02-07 14:30:00+00:00,-0.0033091596150424227
1984-02-08 14:30:00+00:00,-0.01503344277252695
1984-02-09 14:30:00+00:00,-0.009038432085562664
1984-02-10 14:30:00+00:00,0.009236846207364414
1984-02-13 14:30:00+00:00,-0.013759211358920564
1984-02-14 14:30:00+00:00,0.007323016710678354
1984-02-15 14:30:00+00:00,0.00108846040669629
1984-02-16 14:30:00+00:00,-0.0036215423760300844
1984-02-17 14:30:00+00:00,-0.0021250735159306197
1984-02-21 14:30:00+00:00,-0.0055509812087950585
1984-02-22 14:30:00+00:00,-0.003300524204952426
1984-02-23 14:30:00+00:00,-0.0084079438665683
1984-02-24 14:30:00+00:00,0.01750494624625375
1984-02-27 14:30:00+00:00,0.011354044125232655
1984-02-28 14:30:00+00:00,-0.010991806356900568
1984-02-29 14:30:00+00:00,0.003954876804159946
1984-03-01 14:30:00+00:00,0.0035821184179143264
1984-03-02 14:30:00+00:00,0.007947310793423357
1984-03-05 14:30:00+00:00,-0.0066742847300622745
1984-03-06 14:30:00+00:00,-0.006481450852015136
1984-03-07 14:30:00+00:00,-0.01231060007920971
1984-03-08 14:30:00+00:00,0.0019067426258272291
1984-03-09 14:30:00+00:00,-0.002703577448285099
1984-03-12 14:30:00+00:00,0.0028316533570225014
1984-03-13 14:30:00+00:00,0.00362384341845744
1984-03-14 14:30:00+00:00,-0.0017755023417770465
1984-03-15 14:30:00+00:00,0.0030968153916395183
1984-03-16 14:30:00+00:00,0.009141155296665582
1984-03-19 14:30:00+00:00,-0.006888496088132257
1984-03-20 14:30:00+00:00,0.004231458863965132
1984-03-21 14:30:00+00:00,-0.0010891587978412276
1984-03-22 14:30:00+00:00,-0.006912155662730524
1984-03-23 14:30:00+00:00,-0.0032503311060422366
1984-03-26 14:30:00+00:00,-0.002820188364681797
1984-03-27 14:30:00+00:00,-0.0009022340384835625
1984-03-28 14:30:00+00:00,0.007567556629952887
1984-03-29 14:30:00+00:00,0.002370062505657289
1984-03-30 14:30:00+00:00,-0.00347799978945863
1984-04-02 14:30:00+00:00,-0.004007790622495022
1984-04-03 14:30:00+00:00,-0.0037829389820091095
1984-04-04 14:30:00+00:00,-0.0015867018993782733
1984-04-05 14:30:00+00:00,-0.011246388776712479
1984-04-06 14:30:00+00:00,-0.0074248270998670375
1984-04-09 14:30:00+00:00,-0.004609330542373236
1984-04-10 14:30:00+00:00,0.0024119445707073586
1984-04-11 14:30:00+00:00,-0.006918663721167684
1984-04-12 14:30:00+00:00,0.0030845994203314467
1984-04-13 14:30:00+00:00,0.005877889853383322
1984-04-16 14:30:00+00:00,-0.0006327225398540359
1984-04-17 14:30:00+00:00,0.00691160989356131
1984-04-18 14:30:00+00:00,-0.0005479034650916037
1984-04-19 14:30:00+00:00,-0.0006295324518732603
1984-04-23 14:30:00+00:00,-0.005887704880411804
1984-04-24 14:30:00+00:00,0.0004329598110770384
1984-04-25 14:30:00+00:00,-0.0007555915090958875
1984-04-26 14:30:00+00:00,0.008223078434181675
1984-04-27 14:30:00+00:00,0.0038442168486618636
1984-04-30 13:30:00+00:00,0.0020871549545209314
1984-05-01 13:30:00+00:00,0.011296670051753156
1984-05-02 13:30:00+00:00,0.01088857212643667
1984-05-03 13:30:00+00:00,-0.001918076222541043
1984-05-04 13:30:00+00:00,-0.006672970271432444
1984-05-07 13:30:00+00:00,0.0017334996013642523
1984-05-08 13:30:00+00:00,0.004156980463286819
1984-05-09 13:30:00+00:00,0.00061312865809392
1984-05-10 13:30:00+00:00,0.0011272270431645804
1984-05-11 13:30:00+00:00,-0.009352288576994671
1984-05-14 13:30:00+00:00,-0.006884579787442624
1984-05-15 13:30:00+00:00,0.0004223807022267657
1984-05-16 13:30:00+00:00,-0.0013851699767820746
1984-05-17 13:30:00+00:00,-0.01039434467585566
1984-05-18 13:30:00+00:00,-0.006235196395225751
1984-05-21 13:30:00+00:00,-0.006068712277601762
1984-05-22 13:30:00+00:00,-0.009764778547051944
1984-05-23 13:30:00+00:00,-0.005166450187880212
1984-05-24 13:30:00+00:00,-0.0175889490332375
1984-05-25 13:30:00+00:00,-0.0007797385722598915
1984-05-29 13:30:00+00:00,-0.011238014559257891
1984-05-30 13:30:00+00:00,-0.003023382196750035
1984-05-31 13:30:00+00:00,0.0037374280021715725
1984-06-01 13:30:00+00:00,0.013129045938378148
1984-06-04 13:30:00+00:00,0.011981416605573381
1984-06-05 13:30:00+00:00,-0.0014403448134816643
1984-06-06 13:30:00+00:00,0.004345803170510576
1984-06-07 13:30:00+00:00,0.0015701903516211924
1984-06-08 13:30:00+00:00,0.0018175735338596844
1984-06-11 13:30:00+00:00,-0.009378181525685824
1984-06-12 13:30:00+00:00,-0.0046355360876905284
1984-06-13 13:30:00+00:00,0.0030218592394692825
1984-06-14 13:30:00+00:00,-0.009184042699967542
1984-06-15 13:30:00+00:00,-1.5099427572062756e-05
1984-06-18 13:30:00+00:00,0.004907672456402767
1984-06-19 13:30:00+00:00,0.004333695467001897
1984-06-20 13:30:00+00:00,0.0019179551695522768
1984-06-21 13:30:00+00:00,0.005773689367041024
1984-06-22 13:30:00+00:00,0.005572578145366369
1984-06-25 13:30:00+00:00,-0.0011783231976184693
1984-06-26 13:30:00+00:00,-0.00827936961087906
1984-06-27 13:30:00+00:00,-0.007132852897815634
1984-06-28 13:30:00+00:00,0.004621797598593369
1984-06-29 13:30:00+00:00,0.005480675274385438
1984-07-02 13:30:00+00:00,-0.007360547793406458
1984-07-03 13:30:00+00:00,0.0014971990171674832
1984-07-05 13:30:00+00:00,-0.0020303851107409507
1984-07-06 13:30:00+00:00,-0.004767201790378273
1984-07-09 13:30:00+00:00,0.0010406060792016337
1984-07-10 13:30:00+00:00,-0.0032225177265351565
1984-07-11 13:30:00+00:00,-0.006152879050925886
1984-07-12 13:30:00+00:00,-0.002655174537096416
1984-07-13 13:30:00+00:00,0.00182125756082695
1984-07-16 13:30:00+00:00,-0.0042760588706935
1984-07-17 13:30:00+00:00,-0.0009130533588140976
1984-07-18 13:30:00+00:00,-0.0055389904602181185
1984-07-19 13:30:00+00:00,-0.0058701260067315466
1984-07-20 13:30:00+00:00,-0.00668323996915855
1984-07-23 13:30:00+00:00,-0.010171053789810435
1984-07-24 13:30:00+00:00,-0.005957490730887039
1984-07-25 13:30:00+00:00,-0.0020048982586269412
1984-07-26 13:30:00+00:00,0.007711781992881794
1984-07-27 13:30:00+00:00,0.00976525815753181
1984-07-30 13:30:00+00:00,-0.001626411246652315
1984-07-31 13:30:00+00:00,0.00317582445947594
1984-08-01 13:30:00+00:00,0.015790331753447562
1984-08-02 13:30:00+00:00,0.023555405482283066
1984-08-03 13:30:00+00:00,0.03075364644630606
1984-08-06 13:30:00+00:00,0.012205062994246053
1984-08-07 13:30:00+00:00,-0.000822140375837399
1984-08-08 13:30:00+00:00,-0.004395604324383362
1984-08-09 13:30:00+00:00,0.009213755014922487
1984-08-10 13:30:00+00:00,0.008288889982686943
1984-08-13 13:30:00+00:00,-0.004378360747935195
1984-08-14 13:30:00+00:00,-0.0029645363167669745
1984-08-15 13:30:00+00:00,-0.0038106807503162196
1984-08-16 13:30:00+00:00,0.0024230472187114385
1984-08-17 13:30:00+00:00,5.976225718161707e-05
1984-08-20 13:30:00+00:00,-0.0006990889459983606
1984-08-21 13:30:00+00:00,0.012329064803690216
1984-08-22 13:30:00+00:00,0.001992127957470824
1984-08-23 13:30:00+00:00,0.0009241649185016576
1984-08-24 13:30:00+00:00,0.0024972126349405046
1984-08-27 13:30:00+00:00,-0.005948204334339413
1984-08-28 13:30:00+00:00,0.004163894585976091
1984-08-29 13:30:00+00:00,0.0016297733610583954
1984-08-30 13:30:00+00:00,-0.0010811231992281622
1984-08-31 13:30:00+00:00,0.00021427495216052038
1984-09-04 13:30:00+00:00,-0.012863116587299672
1984-09-05 13:30:00+00:00,-0.003202743868851787
1984-09-06 13:30:00+00:00,0.006324327067676705
1984-09-07 13:30:00+00:00,-0.00224102189480736
1984-09-10 13:30:00+00:00,-0.004669270223898192
1984-09-11 13:30:00+00:00,0.0049692702616412785
1984-09-12 13:30:00+00:00,-0.001490016279879447
1984-09-13 13:30:00+00:00,0.007416402515755249
1984-09-14 13:30:00+00:00,0.008820856549673007
1984-09-17 13:30:00+00:00,-0.0009216224915977844
1984-09-18 13:30:00+00:00,-0.0055817882447636415
1984-09-19 13:30:00+00:00,-0.003958462794334217
1984-09-20 13:30:00+00:00,0.00037433057421497616
1984-09-21 13:30:00+00:00,-0.0018777908519363006
1984-09-24 13:30:00+00:00,-0.007540199772507095
1984-09-25 13:30:00+00:00,-0.0032499542875158547
1984-09-26 13:30:00+00:00,0.0007799697033596842
1984-09-27 13:30:00+00:00,0.00013976965039418375
1984-09-28 13:30:00+00:00,-0.0014983413405044276
1984-10-01 13:30:00+00:00,-0.008422004524034975
1984-10-02 13:30:00+00:00,-0.0072007605200595905
1984-10-03 13:30:00+00:00,-0.005341806228884261
1984-10-04 13:30:00+00:00,0.0014930697011468097
1984-10-05 13:30:00+00:00,0.0009603987310811025
1984-10-08 13:30:00+00:00,-0.00376662238513904
1984-10-09 13:30:00+00:00,-0.002021823787189525
1984-10-10 13:30:00+00:00,-0.003377492169938778
1984-10-11 13:30:00+00:00,0.003640407280290903
1984-10-12 13:30:00+00:00,0.0031693218705965867
1984-10-15 13:30:00+00:00,0.002337067875519672
1984-10-16 13:30:00+00:00,0.00030373881609911956
1984-10-17 13:30:00+00:00,-0.0009087219804858715
1984-10-18 13:30:00+00:00,0.0015187530821702989
1984-10-19 13:30:00+00:00,0.009507661597934803
1984-10-22 13:30:00+00:00,-0.0020904458840539483
1984-10-23 13:30:00+00:00,0.0018952114438235302
1984-10-24 13:30:00+00:00,0.000299005755352011
1984-10-25 13:30:00+00:00,-0.0020936203904145076
1984-10-26 13:30:00+00:00,-0.005320895790192026
1984-10-29 14:30:00+00:00,-0.0017167902439470084
1984-10-30 14:30:00+00:00,0.0015226932920258008
1984-10-31 14:30:00+00:00,-0.0001
1984-11-01 14:30:00+00:00,0.00030488301018482
1984-11-02 14:30:00+00:00,-0.0001
1984-11-05 14:30:00+00:00,-0.0009064393074281862
1984-11-06 14:30:00+00:00,0.0031206242810586263
1984-11-07 14:30:00+00:00,-0.0001
1984-11-08 14:30:00+00:00,-0.001701317655670953
1984-11-09 14:30:00+00:00,0.001904008016031955
1984-11-12 14:30:00+00:00,-0.0013024170411134572
1984-11-13 14:30:00+00:00,-0.0001
1984-11-14 14:30:00+00:00,-0.0025213321070472025
1984-11-15 14:30:00+00:00,-0.002124291497975672
1984-11-16 14:30:00+00:00,0.0003065288760797259
1984-11-19 14:30:00+00:00,-0.0037720078860109638
1984-11-20 14:30:00+00:00,-0.0001
1984-11-21 14:30:00+00:00,-0.0021559210784300007
1984-11-23 14:30:00+00:00,0.004838259046264104
1984-11-26 14:30:00+00:00,0.00193832039861207
1984-11-27 14:30:00+00:00,-0.0013249399773180958
1984-11-28 14:30:00+00:00,-0.02507028527766365
1984-11-29 14:30:00+00:00,-0.025628496108460973
1984-11-30 14:30:00+00:00,-0.0025640907741915184
1984-12-03 14:30:00+00:00,-0.002162706322565
1984-12-04 14:30:00+00:00,0.0007302707019460786
1984-12-05 14:30:00+00:00,-0.00217641193381769
1984-12-06 14:30:00+00:00,-0.0013568205093981267
1984-12-07 14:30:00+00:00,0.002830147446276399
1984-12-10 14:30:00+00:00,-0.004696765940189762
1984-12-11 14:30:00+00:00,-0.046462873645942496
1984-12-12 14:30:00+00:00,0.0003187221249947193
1984-12-13 14:30:00+00:00,-0.0017771232556996863
1984-12-14 14:30:00+00:00,-0.0005200172236541456
1984-12-17 14:30:00+00:00,-0.0013552428943841676
1984-12-18 14:30:00+00:00,0.007866431431800425
1984-12-19 14:30:00+00:00,0.008120304048144778
1984-12-20 14:30:00+00:00,-0.0021374898632268266
1984-12-21 14:30:00+00:00,-0.000917983428393454
1984-12-24 14:30:00+00:00,0.0011255026471319485
1984-12-26 14:30:00+00:00,0.0007136572244064055
1984-12-27 14:30:00+00:00,-0.002127574970091872
1984-12-28 14:30:00+00:00,-0.0005074606650916746
1984-12-31 14:30:00+00:00,0.001120020574234315
1985-01-02 14:30:00+00:00,-0.0001
1985-01-03 14:30:00+00:00,0.00030669420901950915
1985-01-04 14:30:00+00:00,-0.001317482956167526
1985-01-07 14:30:00+00:00,-0.0005063636775106794
1985-01-08 14:30:00+00:00,0.0007133884180390182
1985-01-09 14:30:00+00:00,0.0003065288760797259
1985-01-10 14:30:00+00:00,0.0023261659414577254
1985-01-11 14:30:00+00:00,0.003888831320993036
1985-01-14 14:30:00+00:00,0.0018825535529351956
1985-01-15 14:30:00+00:00,0.006944962007705546
1985-01-16 14:30:00+00:00,0.004942740000402501
1985-01-17 14:30:00+00:00,0.0014372554870063392
1985-01-18 14:30:00+00:00,0.0033456120000907477
1985-01-21 14:30:00+00:00,0.0029406224797046024
1985-01-22 14:30:00+00:00,0.0074075076795128035
1985-01-23 14:30:00+00:00,0.0013902902592413003
1985-01-24 14:30:00+00:00,0.004702318929984173
1985-01-25 14:30:00+00:00,0.001001793330872125
1985-01-28 14:30:00+00:00,0.0035496350364962906
1985-01-29 14:30:00+00:00,-0.0008273171164772219
1985-01-30 14:30:00+00:00,0.008951411620235817
1985-01-31 14:30:00+00:00,-0.0015357282402059913
1985-02-01 14:30:00+00:00,-0.002970535613585079
1985-02-04 14:30:00+00:00,0.0013367597171467405
1985-02-05 14:30:00+00:00,0.0034612537160696346
1985-02-06 14:30:00+00:00,0.004146219616193425
1985-02-07 14:30:00+00:00,0.0034149384885764247
1985-02-08 14:30:00+00:00,0.002338111022542877
1985-02-11 14:30:00+00:00,0.0005935236174208103
1985-02-12 14:30:00+00:00,-0.003927439550718404
1985-02-13 14:30:00+00:00,0.00024893964196047734
1985-02-14 14:30:00+00:00,0.002674950899829376
1985-02-15 14:30:00+00:00,-0.0011401796092840421
1985-02-19 14:30:00+00:00,-0.003923448233724936
1985-02-20 14:30:00+00:00,-0.0007970431987017856
1985-02-21 14:30:00+00:00,-0.0004479832585636666
1985-02-22 14:30:00+00:00,-0.0004484533223541142
1985-02-25 14:30:00+00:00,-0.005341089923207043
1985-02-26 14:30:00+00:00,-0.0001
1985-02-27 14:30:00+00:00,0.0009525887472587758
1985-02-28 14:30:00+00:00,-0.0015079334315065806
1985-03-01 14:30:00+00:00,0.003066762342813545
1985-03-04 14:30:00+00:00,0.0012927363491754718
1985-03-05 14:30:00+00:00,0.0005965575938755463
1985-03-06 14:30:00+00:00,-0.0007966638898612266
1985-03-07 14:30:00+00:00,-0.005704224530702751
1985-03-08 14:30:00+00:00,-0.002924923291182779
1985-03-11 14:30:00+00:00,-0.0018705382818927751
1985-03-12 14:30:00+00:00,-0.0011669213994414229
1985-03-13 14:30:00+00:00,-0.0015214424490410771
1985-03-14 14:30:00+00:00,-0.004413487255127147
1985-03-15 14:30:00+00:00,-0.0001
1985-03-18 14:30:00+00:00,0.0009790927804631422
1985-03-19 14:30:00+00:00,0.00026090256698972923
1985-03-20 14:30:00+00:00,0.0002585733442243999
1985-03-21 14:30:00+00:00,0.0009761058955628399
1985-03-22 14:30:00+00:00,0.0009752250644041616
1985-03-25 14:30:00+00:00,-0.004402551867026994
1985-03-26 14:30:00+00:00,-0.0001
1985-03-27 14:30:00+00:00,0.0031584860851119226
1985-03-28 14:30:00+00:00,0.0024215478172291307
1985-03-29 14:30:00+00:00,0.00025936585747919914
1985-04-01 14:30:00+00:00,0.0009744547988998931
1985-04-02 14:30:00+00:00,0.002040585549931462
1985-04-03 14:30:00+00:00,-0.0015301909067004904
1985-04-04 14:30:00+00:00,-0.0018992083878427545
1985-04-08 14:30:00+00:00,-0.0015419390961978307
1985-04-09 14:30:00+00:00,-0.0004616857270004603
1985-04-10 14:30:00+00:00,0.0038768838728946322
1985-04-11 14:30:00+00:00,0.004562906626496044
1985-04-12 14:30:00+00:00,0.0009710024506670468
1985-04-15 14:30:00+00:00,0.0002564009313625771
1985-04-16 14:30:00+00:00,0.0016787263932533825
1985-04-17 14:30:00+00:00,0.002025420224798891
1985-04-18 14:30:00+00:00,0.00201791785869786
1985-04-19 14:30:00+00:00,-0.0015129067038526344
1985-04-22 14:30:00+00:00,-0.0015144056356084623
1985-04-23 14:30:00+00:00,-0.0015194248183511116
1985-04-24 14:30:00+00:00,0.001669285170563073
1985-04-25 14:30:00+00:00,-0.0001
1985-04-26 14:30:00+00:00,0.002364831714898752
1985-04-29 13:30:00+00:00,-0.0018599436439921235
1985-04-30 13:30:00+00:00,-0.0036448421778234705
1985-05-01 13:30:00+00:00,-0.0004564009313625771
1985-05-02 13:30:00+00:00,-0.001173026838331992
1985-05-03 13:30:00+00:00,0.0009752250644041616
1985-05-06 13:30:00+00:00,0.00025678240410597085
1985-05-07 13:30:00+00:00,0.0009718768027477843
1985-05-08 13:30:00+00:00,-0.0001
1985-05-09 13:30:00+00:00,0.0027459188032681217
1985-05-10 13:30:00+00:00,0.006959654381141644
1985-05-13 13:30:00+00:00,0.0016391304347826874
1985-05-14 13:30:00+00:00,0.000941262709522428
1985-05-15 13:30:00+00:00,0.0002474994150001187
1985-05-16 13:30:00+00:00,0.0005932832132799937
1985-05-17 13:30:00+00:00,0.0009352599143697016
1985-05-20 13:30:00+00:00,0.007784770986352762
1985-05-21 13:30:00+00:00,-0.002137372168134599
1985-05-22 13:30:00+00:00,-0.0021415315276492983
1985-05-23 13:30:00+00:00,-0.0004413177594390193
1985-05-24 13:30:00+00:00,-0.001469008888949197
1985-05-28 13:30:00+00:00,-0.0001
1985-05-29 13:30:00+00:00,-0.0007874585549984103
1985-05-30 13:30:00+00:00,-0.0001
1985-05-31 13:30:00+00:00,-0.0001
1985-06-03 13:30:00+00:00,0.001963294802965299
1985-06-04 13:30:00+00:00,-0.001132409856316363
1985-06-05 13:30:00+00:00,0.0023055402303480024
1985-06-06 13:30:00+00:00,-0.0024988407084847284
1985-06-07 13:30:00+00:00,-0.0001
1985-06-10 13:30:00+00:00,-0.001818213058419238
1985-06-11 13:30:00+00:00,0.001963899417761972
1985-06-12 13:30:00+00:00,-0.0014769153063145634
1985-06-13 13:30:00+00:00,-0.003206746206897992
1985-06-14 13:30:00+00:00,-0.0001
1985-06-17 13:30:00+00:00,-0.0018361111111111605
1985-06-18 13:30:00+00:00,0.0016397355971415784
1985-06-19 13:30:00+00:00,0.001289350138813139
1985-06-20 13:30:00+00:00,-0.001488009705478921
1985-06-21 13:30:00+00:00,0.00024796835643513547
1985-06-24 13:30:00+00:00,-0.0011392043569840137
1985-06-25 13:30:00+00:00,0.0036931244948814504
1985-06-26 13:30:00+00:00,0.002294841725163133
1985-06-27 13:30:00+00:00,0.0033083163626541514
1985-06-28 13:30:00+00:00,0.0009159780662002404
1985-07-01 13:30:00+00:00,-0.0011128909459232727
1985-07-02 13:30:00+00:00,0.0015863406408094139
1985-07-03 13:30:00+00:00,0.00023683430640452095
1985-07-05 13:30:00+00:00,0.00158180296175513
1985-07-08 13:30:00+00:00,-0.001104749847335451
1985-07-09 13:30:00+00:00,-0.0004357138684875194
1985-07-10 13:30:00+00:00,0.0012458744281804602
1985-07-11 13:30:00+00:00,0.003250083752093891
1985-07-12 13:30:00+00:00,0.002229491537541584
1985-07-15 13:30:00+00:00,-0.001422731165865343
1985-07-16 13:30:00+00:00,0.0022102713103342333
1985-07-17 13:30:00+00:00,0.00612540570278729
1985-07-18 13:30:00+00:00,-0.002049238498154315
1985-07-19 13:30:00+00:00,-0.000425858929633438
1985-07-22 13:30:00+00:00,-0.003023956894662849
1985-07-23 13:30:00+00:00,0.001855691419129213
1985-07-24 13:30:00+00:00,-0.0040190468948115956
1985-07-25 13:30:00+00:00,-0.0001
1985-07-26 13:30:00+00:00,0.00022853516925368532
1985-07-29 13:30:00+00:00,-0.0033829940248266796
1985-07-30 13:30:00+00:00,-0.0010969684249044875
1985-07-31 13:30:00+00:00,0.0012306516578932559
1985-08-01 13:30:00+00:00,0.004214697521462074
1985-08-02 13:30:00+00:00,0.0008868019505550051
1985-08-05 13:30:00+00:00,-0.004369253835693765
1985-08-06 13:30:00+00:00,-0.0001
1985-08-07 13:30:00+00:00,-0.005429800261341111
1985-08-08 13:30:00+00:00,0.0005706293805054386
1985-08-09 13:30:00+00:00,0.001239115768790533
1985-08-12 13:30:00+00:00,-0.001771681677689274
1985-08-13 13:30:00+00:00,-0.0004351511566500598
1985-08-14 13:30:00+00:00,0.00023672088725800188
1985-08-15 13:30:00+00:00,0.0019161495000337037
1985-08-16 13:30:00+00:00,-0.0021161495000337036
1985-08-19 13:30:00+00:00,-0.0011117632140598243
1985-08-20 13:30:00+00:00,0.0015914749312451071
1985-08-21 13:30:00+00:00,0.001586909616383625
1985-08-22 13:30:00+00:00,0.0002358266101378682
1985-08-23 13:30:00+00:00,-0.00043683430640452094
1985-08-26 13:30:00+00:00,-0.0017852038403393222
1985-08-27 13:30:00+00:00,-0.0017874789760348286
1985-08-28 13:30:00+00:00,0.0012513307313661737
1985-08-29 13:30:00+00:00,0.00023672088725800188
1985-08-30 13:30:00+00:00,-0.0004362784730658319
1985-09-03 13:30:00+00:00,-0.0014437164852526662
1985-09-04 13:30:00+00:00,-0.0011115249641706737
1985-09-05 13:30:00+00:00,-0.0014531592971087747
1985-09-06 13:30:00+00:00,0.0005773187108002343
1985-09-09 13:30:00+00:00,-0.0017880485462320572
1985-09-10 13:30:00+00:00,0.00023774434803857113
1985-09-11 13:30:00+00:00,-0.003835165037404453
1985-09-12 13:30:00+00:00,-0.004561179890863476
1985-09-13 13:30:00+00:00,-0.0021697002971648002
1985-09-16 13:30:00+00:00,-0.0028855789573232313
1985-09-17 13:30:00+00:00,-0.001501520340009066
1985-09-18 13:30:00+00:00,-0.004368986769745409
1985-09-19 13:30:00+00:00,0.0023911466442392173
1985-09-20 13:30:00+00:00,0.004483877873734154
1985-09-23 13:30:00+00:00,0.005174261716566641
1985-09-24 13:30:00+00:00,-0.0021971901108541855
1985-09-25 13:30:00+00:00,-0.00291597428144853
1985-09-26 13:30:00+00:00,-0.005422924290195541
1985-09-30 13:30:00+00:00,0.000970620199499217
1985-10-01 13:30:00+00:00,0.0009703472123176904
1985-10-02 13:30:00+00:00,0.0009646498351423172
1985-10-03 13:30:00+00:00,-0.001878093806169112
1985-10-04 13:30:00+00:00,-0.002942884898082265
1985-10-07 13:30:00+00:00,-0.004378118385138141
1985-10-08 13:30:00+00:00,-0.0036932448575740626
1985-10-09 13:30:00+00:00,0.0031490754385716693
1985-10-10 13:30:00+00:00,-0.0015372760116034833
1985-10-11 13:30:00+00:00,0.0016895490727364293
1985-10-14 13:30:00+00:00,0.002384074653493318
1985-10-15 13:30:00+00:00,0.00341741133639516
1985-10-16 13:30:00+00:00,0.0023561831825657967
1985-10-17 13:30:00+00:00,0.0023415125903365366
1985-10-18 13:30:00+00:00,0.0009406462825185425
1985-10-21 13:30:00+00:00,-0.0004467618087104052
1985-10-22 13:30:00+00:00,0.0002474994150001187
1985-10-23 13:30:00+00:00,0.002672921292786057
1985-10-24 13:30:00+00:00,0.0019704145230823203
1985-10-25 13:30:00+00:00,-0.0021647146968809647
1985-10-28 14:30:00+00:00,-0.002863342980893757
1985-10-29 14:30:00+00:00,0.002666209402494946
1985-10-30 14:30:00+00:00,0.002304608982399692
1985-10-31 14:30:00+00:00,0.0016105714022613849
1985-11-01 14:30:00+00:00,0.0016094017094017033
1985-11-04 14:30:00+00:00,0.0019401431182033302
1985-11-05 14:30:00+00:00,0.0036388699534228744
1985-11-06 14:30:00+00:00,0.0032863868653496445
1985-11-07 14:30:00+00:00,0.0022592236624672138
1985-11-08 14:30:00+00:00,0.001580672268907557
1985-11-11 14:30:00+00:00,0.0015666666666667051
1985-11-12 14:30:00+00:00,0.003869607196455005
1985-11-13 14:30:00+00:00,-0.0014140404221572144
1985-11-14 14:30:00+00:00,-0.0004290757009678513
1985-11-15 14:30:00+00:00,0.0018658439119933923
1985-11-18 14:30:00+00:00,-0.0004266038521514414
1985-11-19 14:30:00+00:00,0.0028401956175720835
1985-11-20 14:30:00+00:00,0.0005517178592668759
1985-11-21 14:30:00+00:00,0.0034830817704092245
1985-11-22 14:30:00+00:00,0.0028098753623777453
1985-11-25 14:30:00+00:00,-0.00235219342646632
1985-11-26 14:30:00+00:00,-0.0007455187131472196
1985-11-27 14:30:00+00:00,0.0034426927649455655
1985-11-29 14:30:00+00:00,0.002136460725339562
1985-12-02 14:30:00+00:00,-0.00041849077552748017
1985-12-03 14:30:00+00:00,-0.0010584274535743287
1985-12-04 14:30:00+00:00,0.002455055181647781
1985-12-05 14:30:00+00:00,0.0046363433602252145
1985-12-06 14:30:00+00:00,-0.00512830308653357
1985-12-09 14:30:00+00:00,0.0005316540922230995
1985-12-10 14:30:00+00:00,-0.0004155762241772164
1985-12-11 14:30:00+00:00,0.0011607136131486118
1985-12-12 14:30:00+00:00,0.0046036689517370165
1985-12-13 14:30:00+00:00,0.0045787272970783
1985-12-16 14:30:00+00:00,0.002060531503182961
1985-12-17 14:30:00+00:00,-0.004097596130836723
1985-12-18 14:30:00+00:00,-0.00040923473464994355
1985-12-19 14:30:00+00:00,-0.0004100964450096777
1985-12-20 14:30:00+00:00,0.0002098096751026347
1985-12-23 14:30:00+00:00,-0.0019570290689607914
1985-12-24 14:30:00+00:00,-0.003831381169952419
1985-12-26 14:30:00+00:00,-0.0001
1985-12-27 14:30:00+00:00,0.004583109763243376
1985-12-30 14:30:00+00:00,0.0005196165260066166
1985-12-31 14:30:00+00:00,0.001447508482063531
1986-01-02 14:30:00+00:00,0.00020780580299882843
1986-01-03 14:30:00+00:00,0.0005154221754808286
1986-01-06 14:30:00+00:00,-0.0007140994766193897
1986-01-07 14:30:00+00:00,0.004501226993865115
1986-01-08 14:30:00+00:00,0.004449590368404743
1986-01-09 14:30:00+00:00,-0.008024431743824289
1986-01-10 14:30:00+00:00,0.0042343464287441955
1986-01-13 14:30:00+00:00,-0.0019495872836147287
1986-01-14 14:30:00+00:00,0.0029845156148895382
1986-01-15 14:30:00+00:00,0.0032867184262850182
1986-01-16 14:30:00+00:00,0.0020327899555700915
1986-01-17 14:30:00+00:00,0.0008090539180871548
1986-01-20 14:30:00+00:00,-0.004938240231191615
1986-01-21 14:30:00+00:00,-0.0001
1986-01-22 14:30:00+00:00,-0.0001
1986-01-23 14:30:00+00:00,-0.002853959394437122
1986-01-24 14:30:00+00:00,0.0026548021513816858
1986-01-27 14:30:00+00:00,0.00142021893973453
1986-01-28 14:30:00+00:00,0.0035341055272304247
1986-01-29 14:30:00+00:00,0.006514496840293027
1986-01-30 14:30:00+00:00,0.0004974953156842044
1986-01-31 14:30:00+00:00,0.0001991507842278196
1986-02-03 14:30:00+00:00,0.0007934434825882409
1986-02-04 14:30:00+00:00,0.003159277343750089
1986-02-05 14:30:00+00:00,0.0007878908433445076
1986-02-06 14:30:00+00:00,0.002260632413558772
1986-02-07 14:30:00+00:00,-0.00215393695576761
1986-02-10 14:30:00+00:00,0.0028222675754756457
1986-02-11 14:30:00+00:00,0.0010627729548964183
1986-02-12 14:30:00+00:00,0.001639652403982772
1986-02-13 14:30:00+00:00,0.0016326194763667146
1986-02-14 14:30:00+00:00,0.002486932774572448
1986-02-18 14:30:00+00:00,0.0016132369075498754
1986-02-19 14:30:00+00:00,0.0021701995584650804
1986-02-20 14:30:00+00:00,-0.0001
1986-02-21 14:30:00+00:00,0.0071217155165417155
1986-02-24 14:30:00+00:00,4.063914355477713e-05
1986-02-25 14:30:00+00:00,0.00018146948199125888
1986-02-26 14:30:00+00:00,0.00018178671523115818
1986-02-27 14:30:00+00:00,0.0015887309995214927
1986-02-28 14:30:00+00:00,0.0038095053689546246
1986-03-03 14:30:00+00:00,0.0012908205841446363
1986-03-04 14:30:00+00:00,0.002957271097375747
1986-03-05 14:30:00+00:00,-0.005624861878453025
1986-03-06 14:30:00+00:00,0.002957271097375747
1986-03-07 14:30:00+00:00,0.002389609672156057
1986-03-10 14:30:00+00:00,0.002660905483979892
1986-03-11 14:30:00+00:00,0.003747194064209303
1986-03-12 14:30:00+00:00,0.003982743671527167
1986-03-13 14:30:00+00:00,-0.0011820243463732782
1986-03-14 14:30:00+00:00,0.0017898817995847139
1986-03-17 14:30:00+00:00,-0.0044033233955576125
1986-03-18 14:30:00+00:00,0.0026027027027026753
1986-03-19 14:30:00+00:00,0.0023225946069564854
1986-03-20 14:30:00+00:00,0.0025903415850387804
1986-03-21 14:30:00+00:00,0.0009732328505054233
1986-03-24 14:30:00+00:00,-0.0009052021085139805
1986-03-25 14:30:00+00:00,-0.002527905002495234
1986-03-26 14:30:00+00:00,0.0009831963912405484
1986-03-27 14:30:00+00:00,0.004487106479912783
1986-03-31 14:30:00+00:00,0.0015073027675758133
1986-04-01 14:30:00+00:00,0.002835616626907667
1986-04-02 14:30:00+00:00,-0.004910310667630269
1986-04-03 14:30:00+00:00,0.0025730820200076
1986-04-04 14:30:00+00:00,-0.001969191474048737
1986-04-07 14:30:00+00:00,-0.006010833247924519
1986-04-08 14:30:00+00:00,0.004505748201955695
1986-04-09 14:30:00+00:00,0.003920369808259483
1986-04-10 14:30:00+00:00,0.001236183815310532
1986-04-11 14:30:00+00:00,0.005202226763721052
1986-04-14 14:30:00+00:00,0.001219609416875922
1986-04-15 14:30:00+00:00,0.0006878632357256609
1986-04-16 14:30:00+00:00,0.007497573496831433
1986-04-17 14:30:00+00:00,0.002995927942613708
1986-04-18 14:30:00+00:00,0.0001564259064503638
1986-04-21 14:30:00+00:00,0.0006690022770447946
1986-04-22 14:30:00+00:00,0.0029690849284686907
1986-04-23 14:30:00+00:00,-0.0029169170384523266
1986-04-24 14:30:00+00:00,0.002213014346869258
1986-04-25 14:30:00+00:00,0.0019433915529214363
1986-04-28 13:30:00+00:00,0.00040984505035667206
1986-04-29 13:30:00+00:00,0.00015550869973200997
1986-04-30 13:30:00+00:00,-0.004981871414361139
1986-05-01 13:30:00+00:00,-0.0001
1986-05-02 13:30:00+00:00,0.00330578399631708
1986-05-05 13:30:00+00:00,0.0027704998718611653
1986-05-06 13:30:00+00:00,0.001972507235670429
1986-05-07 13:30:00+00:00,-0.001394330871861038
1986-05-08 13:30:00+00:00,0.00301448804840353
1986-05-09 13:30:00+00:00,-0.0003581468897553396
1986-05-12 13:30:00+00:00,-0.0011279976618092768
1986-05-13 13:30:00+00:00,-0.002161371548480406
1986-05-14 13:30:00+00:00,0.0019687555410277005
1986-05-15 13:30:00+00:00,0.0004164270935587023
1986-05-16 13:30:00+00:00,-0.002434009030702022
1986-05-19 13:30:00+00:00,-0.001399714021664511
1986-05-20 13:30:00+00:00,-0.0006212723499298245
1986-05-21 13:30:00+00:00,0.003274041919890658
1986-05-22 13:30:00+00:00,0.0017129543599785247
1986-05-23 13:30:00+00:00,0.003236724262328117
1986-05-27 13:30:00+00:00,0.0034723243640932713
1986-05-28 13:30:00+00:00,0.004204918291482273
1986-05-29 13:30:00+00:00,-0.0008553330849106033
1986-05-30 13:30:00+00:00,0.00191001958032343
1986-06-02 13:30:00+00:00,0.001149375274235076
1986-06-03 13:30:00+00:00,-0.002102973973945776
1986-06-04 13:30:00+00:00,0.0011515644555695093
1986-06-05 13:30:00+00:00,0.0006516607075443992
1986-06-06 13:30:00+00:00,0.0014000152587889559
1986-06-09 13:30:00+00:00,-0.0038471897220635595
1986-06-10 13:30:00+00:00,-0.004660471889731521
1986-06-11 13:30:00+00:00,0.0021913045876591378
1986-06-12 13:30:00+00:00,0.001923313917289382
1986-06-13 13:30:00+00:00,0.00418754654988972
1986-06-16 13:30:00+00:00,-0.0001
1986-06-17 13:30:00+00:00,0.0009037487992080595
1986-06-18 13:30:00+00:00,-0.003885011471621913
1986-06-19 13:30:00+00:00,0.001671208673663871
1986-06-20 13:30:00+00:00,-0.0011090663537921652
1986-06-23 13:30:00+00:00,-0.0001
1986-06-24 13:30:00+00:00,0.0021682067584440803
1986-06-25 13:30:00+00:00,0.00641793969239911
1986-06-26 13:30:00+00:00,-0.0001
1986-06-27 13:30:00+00:00,0.000396431397521091
1986-06-30 13:30:00+00:00,0.001386635516456669
1986-07-01 13:30:00+00:00,0.0035991368680641125
1986-07-02 13:30:00+00:00,0.0016173250220103852
1986-07-03 13:30:00+00:00,0.0011210012210012166
1986-07-07 13:30:00+00:00,-0.005450224080060584
1986-07-08 13:30:00+00:00,-0.01705757554356292
1986-07-09 13:30:00+00:00,0.0016916090800689232
1986-07-10 13:30:00+00:00,-0.0006083418722821032
1986-07-11 13:30:00+00:00,0.0009203925930722945
1986-07-14 13:30:00+00:00,-0.00903769138265743
1986-07-15 13:30:00+00:00,-0.005037614232739085
1986-07-16 13:30:00+00:00,0.003332764064074112
1986-07-17 13:30:00+00:00,0.003060341456083016
1986-07-18 13:30:00+00:00,-0.0032446860268281583
1986-07-21 13:30:00+00:00,-0.0029863974964535853
1986-07-22 13:30:00+00:00,-0.0001
1986-07-23 13:30:00+00:00,-0.0006264061402107112
1986-07-24 13:30:00+00:00,0.0004264864707676953
1986-07-25 13:30:00+00:00,0.0009562288977844502
1986-07-28 13:30:00+00:00,-0.0001
1986-07-29 13:30:00+00:00,-0.005169354211222344
1986-07-30 13:30:00+00:00,-0.0035945908413138714
1986-07-31 13:30:00+00:00,0.0017878431231827974
1986-08-01 13:30:00+00:00,0.002861782772194166
1986-08-04 13:30:00+00:00,-0.007653326728737986
1986-08-05 13:30:00+00:00,0.000445355011715154
1986-08-06 13:30:00+00:00,-0.0025536366587677437
1986-08-07 13:30:00+00:00,0.00044834571636819263
1986-08-08 13:30:00+00:00,0.002091147027102325
1986-08-11 13:30:00+00:00,0.005094162048845818
1986-08-12 13:30:00+00:00,0.004225509948408967
1986-08-13 13:30:00+00:00,0.003382502954883282
1986-08-14 13:30:00+00:00,0.002553223709721431
1986-08-15 13:30:00+00:00,-0.0003635206943758517
1986-08-18 13:30:00+00:00,-0.00299323005838471
1986-08-19 13:30:00+00:00,-0.001681797008295638
1986-08-20 13:30:00+00:00,0.0009560306941749253
1986-08-21 13:30:00+00:00,0.0017377847683070935
1986-08-22 13:30:00+00:00,-0.000624690977508735
1986-08-25 13:30:00+00:00,-0.004556126361811919
1986-08-26 13:30:00+00:00,0.002009196773777855
1986-08-27 13:30:00+00:00,0.002790949023694134
1986-08-28 13:30:00+00:00,-0.0001
1986-08-29 13:30:00+00:00,0.0014690536430239543
1986-09-02 13:30:00+00:00,-0.00036118073938297125
1986-09-03 13:30:00+00:00,-0.002993991280852659
1986-09-04 13:30:00+00:00,0.0006918139756657449
1986-09-05 13:30:00+00:00,-0.001149852746678126
1986-09-08 13:30:00+00:00,-0.009613758355134793
1986-09-09 13:30:00+00:00,0.00016883361160123798
1986-09-10 13:30:00+00:00,-0.0041584414914210945
1986-09-11 13:30:00+00:00,-0.011005125771862644
1986-09-12 13:30:00+00:00,-0.019347064896457
1986-09-15 13:30:00+00:00,0.0016301214666529674
1986-09-16 13:30:00+00:00,-0.0093511759060937
1986-09-17 13:30:00+00:00,0.004846120538480203
1986-09-18 13:30:00+00:00,0.0033592453967852156
1986-09-19 13:30:00+00:00,-0.0009606377088180573
1986-09-22 13:30:00+00:00,0.002762049277242651
1986-09-23 13:30:00+00:00,0.002736074823284074
1986-09-24 13:30:00+00:00,0.002729654830987183
1986-09-25 13:30:00+00:00,-0.0001
1986-09-26 13:30:00+00:00,-0.0015224751066855835
1986-09-29 13:30:00+00:00,-0.0077792154725854325
1986-09-30 13:30:00+00:00,0.003637833111485678
1986-10-01 13:30:00+00:00,0.005032556972670343
1986-10-02 13:30:00+00:00,-0.00038377970309856337
1986-10-03 13:30:00+00:00,0.0024524500309286326
1986-10-06 13:30:00+00:00,0.0004669280440809832
1986-10-07 13:30:00+00:00,-0.002365057426096395
1986-10-08 13:30:00+00:00,-0.0015188422493187636
1986-10-09 13:30:00+00:00,0.0018835993741519342
1986-10-10 13:30:00+00:00,-0.0001
1986-10-13 13:30:00+00:00,-0.0003829026973567572
1986-10-14 13:30:00+00:00,0.00018242333180417135
1986-10-15 13:30:00+00:00,0.001878553508150016
1986-10-16 13:30:00+00:00,0.0015867460369618392
1986-10-17 13:30:00+00:00,-0.002064033954659494
1986-10-20 13:30:00+00:00,-0.004598189622170634
1986-10-21 13:30:00+00:00,-0.0015144271570014633
1986-10-22 13:30:00+00:00,0.0013160294289358166
1986-10-23 13:30:00+00:00,0.0024430740661374076
1986-10-24 13:30:00+00:00,0.0010229474530503047
1986-10-27 14:30:00+00:00,-0.0017821028398714688
1986-10-28 14:30:00+00:00,0.0013021312154852694
1986-10-29 14:30:00+00:00,0.00017988684916269158
1986-10-30 14:30:00+00:00,0.0063155865912656204
1986-10-31 14:30:00+00:00,0.0007307609745172861
1986-11-03 14:30:00+00:00,0.00045435757704636047
1986-11-04 14:30:00+00:00,0.0001769484957774182
1986-11-05 14:30:00+00:00,0.00045267259023072946
1986-11-06 14:30:00+00:00,-0.0003761836559788122
1986-11-07 14:30:00+00:00,-0.0006537436330887991
1986-11-10 14:30:00+00:00,-0.003978099436244842
1986-11-11 14:30:00+00:00,0.002122188313802054
1986-11-12 14:30:00+00:00,0.00017679520313994566
1986-11-13 14:30:00+00:00,-0.0017611464098503781
1986-11-14 14:30:00+00:00,0.0001793466578647763
1986-11-17 14:30:00+00:00,-0.0034473143850244467
1986-11-18 14:30:00+00:00,-0.0009401520734220292
1986-11-19 14:30:00+00:00,-0.005772149646568148
1986-11-20 14:30:00+00:00,0.003330566749309083
1986-11-21 14:30:00+00:00,0.002739295756219773
1986-11-24 14:30:00+00:00,0.00328308894320738
1986-11-25 14:30:00+00:00,0.00018083712946225249
1986-11-26 14:30:00+00:00,0.0010204310825891905
1986-11-28 14:30:00+00:00,0.0010166775065691858
1986-12-01 14:30:00+00:00,-0.006217942629839557
1986-12-02 14:30:00+00:00,0.0038116901937956696
1986-12-03 14:30:00+00:00,0.002949557939316383
1986-12-04 14:30:00+00:00,0.0026548209366390354
1986-12-05 14:30:00+00:00,0.0009985825041998076
1986-12-08 14:30:00+00:00,-0.002854820936639146
1986-12-09 14:30:00+00:00,-0.0025930578849983174
1986-12-10 14:30:00+00:00,-0.0017713261936368574
1986-12-11 14:30:00+00:00,-0.0006569819093057538
1986-12-12 14:30:00+00:00,-0.002895638708061321
1986-12-15 14:30:00+00:00,-0.006562455275112245
1986-12-16 14:30:00+00:00,0.0013164305949009303
1986-12-17 14:30:00+00:00,-0.0006652393904833631
1986-12-18 14:30:00+00:00,-0.0012353786839169989
1986-12-19 14:30:00+00:00,0.0004691867117396665
1986-12-22 14:30:00+00:00,-0.002655435499341896
1986-12-23 14:30:00+00:00,-0.0020925468652894905
1986-12-24 14:30:00+00:00,0.00047342951270400456
1986-12-26 14:30:00+00:00,0.00018605864350583766
1986-12-29 14:30:00+00:00,-0.0023863326862629927
1986-12-30 14:30:00+00:00,-0.0018241554698724793
1986-12-31 14:30:00+00:00,0.0016276306495965787
1987-01-02 14:30:00+00:00,0.007067431443500849
1987-01-05 14:30:00+00:00,0.00839377094087278
1987-01-06 14:30:00+00:00,0.008205647559835761
1987-01-07 14:30:00+00:00,0.005910962314292989
1987-01-08 14:30:00+00:00,0.00768730919445314
1987-01-09 14:30:00+00:00,0.0006946696502483252
1987-01-12 14:30:00+00:00,0.0033147301058182757
1987-01-13 14:30:00+00:00,-0.0001
1987-01-14 14:30:00+00:00,0.0022291767875273097
1987-01-15 14:30:00+00:00,0.00502820512820511
1987-01-16 14:30:00+00:00,-0.006977259717411599
1987-01-19 14:30:00+00:00,-0.003434156997483517
1987-01-20 14:30:00+00:00,0.002192393995141806
1987-01-21 14:30:00+00:00,-0.0057108446130715975
1987-01-22 14:30:00+00:00,-0.0016400567097429985
1987-01-23 14:30:00+00:00,0.003969113774836541
1987-01-26 14:30:00+00:00,-0.009024018080224915
1987-01-27 14:30:00+00:00,0.004281474760389858
1987-01-28 14:30:00+00:00,-0.0001
1987-01-29 14:30:00+00:00,0.0024510204081633516
1987-01-30 14:30:00+00:00,-0.002401774671315537
1987-02-02 14:30:00+00:00,0.004235581900002161
1987-02-03 14:30:00+00:00,0.0034246572342868545
1987-02-04 14:30:00+00:00,0.0011518778358558968
1987-02-05 14:30:00+00:00,0.005357657296309204
1987-02-06 14:30:00+00:00,0.0023654831976131943
1987-02-09 14:30:00+00:00,-0.0013288031641681796
1987-02-10 14:30:00+00:00,-0.002564268186499252
1987-02-11 14:30:00+00:00,0.0026261613470028758
1987-02-12 14:30:00+00:00,0.0030839783233253984
1987-02-13 14:30:00+00:00,-0.0001
1987-02-17 14:30:00+00:00,0.00547572798295447
1987-02-18 14:30:00+00:00,0.0013346618087626161
1987-02-19 14:30:00+00:00,0.00037945741195576375
1987-02-20 14:30:00+00:00,-0.0015388635575913745
1987-02-23 14:30:00+00:00,-0.00729079557100133
1987-02-24 14:30:00+00:00,-0.0005817249546021918
1987-02-25 14:30:00+00:00,0.004691566912422995
1987-02-26 14:30:00+00:00,0.0008501042671837822
1987-02-27 14:30:00+00:00,0.0022646252410323145
1987-03-02 14:30:00+00:00,-0.0001
1987-03-03 14:30:00+00:00,-0.0012795234895004559
1987-03-04 14:30:00+00:00,0.004149262906122153
1987-03-05 14:30:00+00:00,0.005290175128124452
1987-03-06 14:30:00+00:00,-0.0017317300863198936
1987-03-09 14:30:00+00:00,-0.006386407932552418
1987-03-10 14:30:00+00:00,0.0024773339619896697
1987-03-11 14:30:00+00:00,0.004557661919953648
1987-03-12 14:30:00+00:00,-0.0003318175821292012
1987-03-13 14:30:00+00:00,-0.0001
1987-03-16 14:30:00+00:00,-0.004035213442201935
1987-03-17 14:30:00+00:00,0.0033810861481708867
1987-03-18 14:30:00+00:00,0.0033498621023748567
1987-03-19 14:30:00+00:00,0.0008197376456611117
1987-03-20 14:30:00+00:00,0.004705505957701683
1987-03-23 14:30:00+00:00,-0.0001
1987-03-24 14:30:00+00:00,-0.0021547805855807287
1987-03-25 14:30:00+00:00,-0.0037521480968378926
1987-03-26 14:30:00+00:00,0.0015000279017858165
1987-03-27 14:30:00+00:00,0.0014955816502752906
1987-03-30 14:30:00+00:00,-0.02002673404811751
1987-03-31 14:30:00+00:00,0.0015389175355888685
1987-04-01 14:30:00+00:00,-0.008935197062592725
1987-04-02 14:30:00+00:00,0.006437516671376586
1987-04-03 14:30:00+00:00,0.002677092507528556
1987-04-06 13:30:00+00:00,0.0015003937283934899
1987-04-07 13:30:00+00:00,-0.00032853314012971636
1987-04-08 13:30:00+00:00,0.0012825025426628112
1987-04-09 13:30:00+00:00,-0.0023993791998948685
1987-04-10 13:30:00+00:00,-0.0021833192048249625
1987-04-13 13:30:00+00:00,-0.0072942588707957225
1987-04-14 13:30:00+00:00,-0.015677073196520685
1987-04-15 13:30:00+00:00,0.00570831032328688
1987-04-16 13:30:00+00:00,0.006390413959209684
1987-04-20 13:30:00+00:00,-0.0017686822575238125
1987-04-21 13:30:00+00:00,-0.007761029718728285
1987-04-22 13:30:00+00:00,0.003005560855265033
1987-04-23 13:30:00+00:00,-0.0012956001563970809
1987-04-24 13:30:00+00:00,-0.003693675184317302
1987-04-27 13:30:00+00:00,-0.011491207313390272
1987-04-28 13:30:00+00:00,0.006002025690779555
1987-04-29 13:30:00+00:00,0.005241131924328612
1987-04-30 13:30:00+00:00,0.003279994821884669
1987-05-01 13:30:00+00:00,0.0018148356484475215
1987-05-04 13:30:00+00:00,0.0003780406547537641
1987-05-05 13:30:00+00:00,0.004678972520907976
1987-05-06 13:30:00+00:00,0.0006102706318229401
1987-05-07 13:30:00+00:00,0.0008469552610419373
1987-05-08 13:30:00+00:00,0.0015563693311486549
1987-05-11 13:30:00+00:00,0.003208114026706388
1987-05-12 13:30:00+00:00,-0.004126556508476942
1987-05-13 13:30:00+00:00,0.0020402946408666247
1987-05-14 13:30:00+00:00,0.0006111123841838651
1987-05-15 13:30:00+00:00,-0.00246574395817668
1987-05-18 13:30:00+00:00,-0.008932613376374087
1987-05-19 13:30:00+00:00,0.0003837054583586298
1987-05-20 13:30:00+00:00,-0.008674228063042976
1987-05-21 13:30:00+00:00,0.0040809681847873034
1987-05-22 13:30:00+00:00,-0.00034481298290235375
1987-05-26 13:30:00+00:00,0.004563706246807564
1987-05-27 13:30:00+00:00,0.001115362195960079
1987-05-28 13:30:00+00:00,0.001838894282924597
1987-05-29 13:30:00+00:00,0.005208909844194742
1987-06-01 13:30:00+00:00,-0.002500960384153716
1987-06-02 13:30:00+00:00,-0.0017867764024849353
1987-06-03 13:30:00+00:00,0.004010207118874331
1987-06-04 13:30:00+00:00,-0.0001
1987-06-05 13:30:00+00:00,0.00013959296832298805
1987-06-08 13:30:00+00:00,-0.0001
1987-06-09 13:30:00+00:00,0.003476537963351001
1987-06-10 13:30:00+00:00,0.0034570309617718456
1987-06-11 13:30:00+00:00,0.0013191251675470528
1987-06-12 13:30:00+00:00,0.0036789469215410156
1987-06-15 13:30:00+00:00,0.0024858159833056506
1987-06-16 13:30:00+00:00,-0.0005701027087973265
1987-06-17 13:30:00+00:00,0.0008356582373902799
1987-06-18 13:30:00+00:00,-0.0008002516275507187
1987-06-19 13:30:00+00:00,0.0005992722446823584
1987-06-22 13:30:00+00:00,0.0005991092722017366
1987-06-23 13:30:00+00:00,-0.0001
1987-06-24 13:30:00+00:00,0.0008345651787018294
1987-06-25 13:30:00+00:00,0.0013041800155779604
1987-06-26 13:30:00+00:00,-0.001738605306715224
1987-06-29 13:30:00+00:00,-0.0003343709881759137
1987-06-30 13:30:00+00:00,-0.0010378520433397375
1987-07-01 13:30:00+00:00,-0.0005709493790495678
1987-07-02 13:30:00+00:00,0.0020201269646276
1987-07-06 13:30:00+00:00,-0.0001
1987-07-07 13:30:00+00:00,0.0006056875762445624
1987-07-08 13:30:00+00:00,-0.0012775788808587873
1987-07-09 13:30:00+00:00,0.002018131111820354
1987-07-10 13:30:00+00:00,-0.0008049302308371753
1987-07-13 13:30:00+00:00,-0.001273708920187755
1987-07-14 13:30:00+00:00,0.004120369971790649
1987-07-15 13:30:00+00:00,-0.0005639577921583538
1987-07-16 13:30:00+00:00,0.001291409018906664
1987-07-17 13:30:00+00:00,0.0019775481789558905
1987-07-20 13:30:00+00:00,-0.0030947438200147445
1987-07-21 13:30:00+00:00,-0.0005634203063085263
1987-07-22 13:30:00+00:00,-0.0005657235498268797
1987-07-23 13:30:00+00:00,-0.001497567209405204
1987-07-24 13:30:00+00:00,0.0022386342042237553
1987-07-27 13:30:00+00:00,-0.001265229533647172
1987-07-28 13:30:00+00:00,0.002231545848054617
1987-07-29 13:30:00+00:00,0.0005976460301599818
1987-07-30 13:30:00+00:00,0.003146739000118959
1987-07-31 13:30:00+00:00,0.0008224951357331701
1987-08-03 13:30:00+00:00,-0.0037790207541287366
1987-08-04 13:30:00+00:00,-0.0017162830689592234
1987-08-05 13:30:00+00:00,0.003827939590988361
1987-08-06 13:30:00+00:00,0.001733642752533171
1987-08-07 13:30:00+00:00,0.00443720520731804
1987-08-10 13:30:00+00:00,0.0003508153442326357
1987-08-11 13:30:00+00:00,0.003933202688282111
1987-08-12 13:30:00+00:00,-0.0014351270842558716
1987-08-13 13:30:00+00:00,0.0032392697222560665
1987-08-14 13:30:00+00:00,-0.002757245772393013
1987-08-17 13:30:00+00:00,-0.0005428968209212459
1987-08-18 13:30:00+00:00,-0.004084986189732198
1987-08-19 13:30:00+00:00,-0.0005475866045586808
1987-08-20 13:30:00+00:00,0.003917829895019531
1987-08-21 13:30:00+00:00,0.0029919267928573026
1987-08-24 13:30:00+00:00,-0.0031756247287307968
1987-08-25 13:30:00+00:00,0.0014425566898661369
1987-08-26 13:30:00+00:00,-0.0001
1987-08-27 13:30:00+00:00,0.0009981770555797965
1987-08-28 13:30:00+00:00,-0.004487889542700974
1987-08-31 13:30:00+00:00,-0.0012030223107536541
1987-09-01 13:30:00+00:00,0.000998901098901095
1987-09-02 13:30:00+00:00,-0.005182845951312143
1987-09-03 13:30:00+00:00,0.003241501493417054
1987-09-04 13:30:00+00:00,-0.002330151680668535
1987-09-08 13:30:00+00:00,-0.009058566629339359
1987-09-09 13:30:00+00:00,0.0028707216061172216
1987-09-10 13:30:00+00:00,0.006275199715725088
1987-09-11 13:30:00+00:00,0.0008019028105623494
1987-09-14 13:30:00+00:00,-0.0012205737030952623
1987-09-15 13:30:00+00:00,-0.005038299005681768
1987-09-16 13:30:00+00:00,-0.0007788590113423477
1987-09-17 13:30:00+00:00,-0.0010072213699742316
1987-09-18 13:30:00+00:00,-0.0001
1987-09-21 13:30:00+00:00,0.0012608666632380916
1987-09-22 13:30:00+00:00,-0.0023935779816514177
1987-09-23 13:30:00+00:00,0.0037821928082353187
1987-09-24 13:30:00+00:00,0.0026228991518370995
1987-09-25 13:30:00+00:00,-0.0007800052181460404
1987-09-28 13:30:00+00:00,0.0032944331765511928
1987-09-29 13:30:00+00:00,0.00012610469427020164
1987-09-30 13:30:00+00:00,-0.001683021681834551
1987-10-01 13:30:00+00:00,0.00417644489368717
1987-10-02 13:30:00+00:00,0.0025756125017419754
1987-10-05 13:30:00+00:00,0.001892900541011311
1987-10-06 13:30:00+00:00,-0.0040682942820244984
1987-10-07 13:30:00+00:00,-0.0059100695050627984
1987-10-08 13:30:00+00:00,-0.000324935002570259
1987-10-09 13:30:00+00:00,0.0014909368341620044
1987-10-12 13:30:00+00:00,-0.00922408771826878
1987-10-13 13:30:00+00:00,0.002902281277064034
1987-10-14 13:30:00+00:00,-0.0056197653262748505
1987-10-15 13:30:00+00:00,-0.00920575299472005
1987-10-16 13:30:00+00:00,-0.009804156458025137
1987-10-19 13:30:00+00:00,-0.02914255020303237
1987-10-20 13:30:00+00:00,-0.024530921744358235
1987-10-21 13:30:00+00:00,0.04840526237391017
1987-10-22 13:30:00+00:00,-0.034200597351899745
1987-10-23 13:30:00+00:00,-0.017654280837076885
1987-10-26 14:30:00+00:00,-0.04789303563784243
1987-10-27 14:30:00+00:00,0.018300803319871484
1987-10-28 14:30:00+00:00,-0.02304967287585592
1987-10-29 14:30:00+00:00,0.017714362164307874
1987-10-30 14:30:00+00:00,0.04320832799946504
1987-11-02 14:30:00+00:00,0.006395534125600999
1987-11-03 14:30:00+00:00,-0.01258850361981435
1987-11-04 14:30:00+00:00,-0.008830957916955994
1987-11-05 14:30:00+00:00,0.00833480674155317
1987-11-06 14:30:00+00:00,0.0035786684382204006
1987-11-09 14:30:00+00:00,-0.016337708002683426
1987-11-10 14:30:00+00:00,-0.01726604277394884
1987-11-11 14:30:00+00:00,0.012273076603571898
1987-11-12 14:30:00+00:00,0.017521165256821004
1987-11-13 14:30:00+00:00,-0.0025690981264468
1987-11-16 14:30:00+00:00,0.006711183303502277
1987-11-17 14:30:00+00:00,-0.012196755491058042
1987-11-18 14:30:00+00:00,0.001793958733065748
1987-11-19 14:30:00+00:00,-0.00041428692545287794
1987-11-20 14:30:00+00:00,-0.009019999513896437
1987-11-23 14:30:00+00:00,-0.0010599609374999485
1987-11-24 14:30:00+00:00,0.007884669279033741
1987-11-25 14:30:00+00:00,0.001794460255168262
1987-11-27 14:30:00+00:00,-0.0019879031119672927
1987-11-30 14:30:00+00:00,-0.02916796905855058
1987-12-01 14:30:00+00:00,0.0038317878160474164
1987-12-02 14:30:00+00:00,-0.0023936178867397626
1987-12-03 14:30:00+00:00,-0.005997831712162072
1987-12-04 14:30:00+00:00,-0.010140161052746188
1987-12-07 14:30:00+00:00,0.0026313701851070517
1987-12-08 14:30:00+00:00,0.0015960651991313469
1987-12-09 14:30:00+00:00,0.0045979660955852595
1987-12-10 14:30:00+00:00,-0.011358257935378712
1987-12-11 14:30:00+00:00,0.0015622341100098747
1987-12-14 14:30:00+00:00,0.009483588360841944
1987-12-15 14:30:00+00:00,0.008949833115005513
1987-12-16 14:30:00+00:00,-0.00233860626704353
1987-12-17 14:30:00+00:00,0.00459777656544279
1987-12-18 14:30:00+00:00,0.007098709837147987
1987-12-21 14:30:00+00:00,0.002959039518723994
1987-12-22 14:30:00+00:00,-0.007401564724466303
1987-12-23 14:30:00+00:00,0.005399597854202953
1987-12-24 14:30:00+00:00,0.002011650699943457
1987-12-28 14:30:00+00:00,-0.020208079116360477
1987-12-29 14:30:00+00:00,-0.0016356265068405817
1987-12-30 14:30:00+00:00,0.008809351448492809
1987-12-31 14:30:00+00:00,-0.00616612049120614
1988-01-04 14:30:00+00:00,0.013818324065100186
1988-01-05 14:30:00+00:00,0.016739031630816015
1988-01-06 14:30:00+00:00,0.0025155009605366432
1988-01-07 14:30:00+00:00,-0.002695974566984016
1988-01-08 14:30:00+00:00,-0.006105164513040895
1988-01-11 14:30:00+00:00,-0.01575727560699781
1988-01-12 14:30:00+00:00,-0.010510469580366066
1988-01-13 14:30:00+00:00,-0.005220518695877263
1988-01-14 14:30:00+00:00,0.00531024264179657
1988-01-15 14:30:00+00:00,0.01905019049287081
1988-01-18 14:30:00+00:00,0.0007820575936050456
1988-01-19 14:30:00+00:00,-0.0027431538810113285
1988-01-20 14:30:00+00:00,-0.006856721017063705
1988-01-21 14:30:00+00:00,-0.003696080800520762
1988-01-22 14:30:00+00:00,0.006480952101002513
1988-01-25 14:30:00+00:00,0.0025658586499208605
1988-01-26 14:30:00+00:00,-0.002449450199614522
1988-01-27 14:30:00+00:00,0.00402734034817741
1988-01-28 14:30:00+00:00,0.004608670279560012
1988-01-29 14:30:00+00:00,0.003988767293925821
1988-02-01 14:30:00+00:00,0.004251609941629641
1988-02-02 14:30:00+00:00,-0.002121987817298565
1988-02-03 14:30:00+00:00,0.0007640201106613343
1988-02-04 14:30:00+00:00,0.002518544848762561
1988-02-05 14:30:00+00:00,0.0054120215526514024
1988-02-08 14:30:00+00:00,-0.006172804106617702
1988-02-09 14:30:00+00:00,-0.0003902934790003364
1988-02-10 14:30:00+00:00,0.004247826086956496
1988-02-11 14:30:00+00:00,0.0016177386901920943
1988-02-12 14:30:00+00:00,0.003603668925836956
1988-02-16 14:30:00+00:00,-0.0015152279005823499
1988-02-17 14:30:00+00:00,0.00497467643366799
1988-02-18 14:30:00+00:00,-0.001225792035538864
1988-02-19 14:30:00+00:00,0.0001812320073091179
1988-02-22 14:30:00+00:00,0.0007400666139496415
1988-02-23 14:30:00+00:00,0.002122188313802054
1988-02-24 14:30:00+00:00,0.0010077094702947043
1988-02-25 14:30:00+00:00,0.004581855303986015
1988-02-26 14:30:00+00:00,-0.0025752306968558456
1988-02-29 14:30:00+00:00,0.0007255869994107101
1988-03-01 14:30:00+00:00,0.0009899016252980953
1988-03-02 14:30:00+00:00,0.005889687667159238
1988-03-03 14:30:00+00:00,0.0025997840617661863
1988-03-04 14:30:00+00:00,-0.00036883361160112695
1988-03-07 14:30:00+00:00,0.0007034770097775645
1988-03-08 14:30:00+00:00,0.003104304958694948
1988-03-09 14:30:00+00:00,0.00732907496919698
1988-03-10 14:30:00+00:00,0.0035813685485170835
1988-03-11 14:30:00+00:00,-0.0035500738723033384
1988-03-14 14:30:00+00:00,0.0022967880066162463
1988-03-15 14:30:00+00:00,0.00043087784171146347
1988-03-16 14:30:00+00:00,0.0009621186670252136
1988-03-17 14:30:00+00:00,0.00491979893390847
1988-03-18 14:30:00+00:00,0.002526740131167038
1988-03-21 14:30:00+00:00,-0.007961635094382535
1988-03-22 14:30:00+00:00,0.001220655023611561
1988-03-23 14:30:00+00:00,0.0006899376518949452
1988-03-24 14:30:00+00:00,-0.006677216416353227
1988-03-25 14:30:00+00:00,0.0006986895316665076
1988-03-28 14:30:00+00:00,-0.009495973154362469
1988-03-29 14:30:00+00:00,0.004219670976999923
1988-03-30 14:30:00+00:00,0.0017767083298425468
1988-03-31 14:30:00+00:00,-0.001175830848889403
1988-04-04 13:30:00+00:00,-0.0025025464010154483
1988-04-05 13:30:00+00:00,0.0028578008108863687
1988-04-06 13:30:00+00:00,0.0009712209507834913
1988-04-07 13:30:00+00:00,0.001753274203945432
1988-04-08 13:30:00+00:00,0.0022752808418631146
1988-04-11 13:30:00+00:00,0.00016193322868794945
1988-04-12 13:30:00+00:00,0.00016145386540021854
1988-04-13 13:30:00+00:00,-0.001404121043191775
1988-04-14 13:30:00+00:00,-0.012097929516810556
1988-04-15 13:30:00+00:00,-0.008377719902578417
1988-04-18 13:30:00+00:00,-0.0038443003994056532
1988-04-19 13:30:00+00:00,0.0049652995616322635
1988-04-20 13:30:00+00:00,-0.005937043579409951
1988-04-21 13:30:00+00:00,0.002305114556721211
1988-04-22 13:30:00+00:00,-0.0003679691860785205
1988-04-25 13:30:00+00:00,0.0009695023970170858
1988-04-26 13:30:00+00:00,0.004429742239077983
1988-04-27 13:30:00+00:00,0.0022822775096427053
1988-04-28 13:30:00+00:00,-0.0001
1988-04-29 13:30:00+00:00,-0.0030038427174888913
1988-05-02 13:30:00+00:00,-0.0006274583348959805
1988-05-03 13:30:00+00:00,0.002533658066502065
1988-05-04 13:30:00+00:00,-0.0001
1988-05-05 13:30:00+00:00,-0.004554958542558507
1988-05-06 13:30:00+00:00,0.0017445644454050391
1988-05-09 13:30:00+00:00,-0.004580710903535079
1988-05-10 13:30:00+00:00,-0.0024916926007968574
1988-05-11 13:30:00+00:00,-0.015017437918392173
1988-05-12 13:30:00+00:00,0.0015250692472921102
1988-05-13 13:30:00+00:00,0.0053024849650236015
1988-05-16 13:30:00+00:00,0.0004369455222314912
1988-05-17 13:30:00+00:00,0.002042523630486837
1988-05-18 13:30:00+00:00,-0.002517389003474435
1988-05-19 13:30:00+00:00,-0.010454190171577015
1988-05-20 13:30:00+00:00,-0.001191984465777407
1988-05-23 13:30:00+00:00,-0.005017999434340792
1988-05-24 13:30:00+00:00,0.001276273098816938
1988-05-25 13:30:00+00:00,0.0023643862716362543
1988-05-26 13:30:00+00:00,0.0012672408622096288
1988-05-27 13:30:00+00:00,-0.002278022922831313
1988-05-31 13:30:00+00:00,0.002627024725146299
1988-06-01 13:30:00+00:00,0.006381297578125655
1988-06-02 13:30:00+00:00,-0.0003667438345614892
1988-06-03 13:30:00+00:00,0.0012344008105442561
1988-06-06 13:30:00+00:00,0.0028185622746858987
1988-06-07 13:30:00+00:00,0.0012182178119997
1988-06-08 13:30:00+00:00,0.002800095277925674
1988-06-09 13:30:00+00:00,0.0012041210431916638
1988-06-10 13:30:00+00:00,0.00041997318325391896
1988-06-13 13:30:00+00:00,-0.001394330871861038
1988-06-14 13:30:00+00:00,0.00662183605369514
1988-06-15 13:30:00+00:00,-0.0024165866061374272
1988-06-16 13:30:00+00:00,-0.0036980310319294604
1988-06-17 13:30:00+00:00,0.0017082709336511015
1988-06-20 13:30:00+00:00,-0.003976970854647555
1988-06-21 13:30:00+00:00,0.0011953367875647714
1988-06-22 13:30:00+00:00,0.005573058989898116
1988-06-23 13:30:00+00:00,-0.0003560975762243567
1988-06-24 13:30:00+00:00,-0.0008672322070811922
1988-06-27 13:30:00+00:00,-0.003419760700420504
1988-06-28 13:30:00+00:00,0.0016995172417255567
1988-06-29 13:30:00+00:00,0.0027082092204686495
1988-06-30 13:30:00+00:00,0.00015523508506974935
1988-07-01 13:30:00+00:00,-0.0013667848607457178
1988-07-05 13:30:00+00:00,-0.00086011730749459
1988-07-06 13:30:00+00:00,0.001919661147795393
1988-07-07 13:30:00+00:00,-0.0016170824361963043
1988-07-08 13:30:00+00:00,-0.0016174661425835235
1988-07-11 13:30:00+00:00,-0.0001
1988-07-12 13:30:00+00:00,-0.0003536938113109066
1988-07-13 13:30:00+00:00,0.00015414511693933052
1988-07-14 13:30:00+00:00,0.00040808355272358164
1988-07-15 13:30:00+00:00,-0.0018735297324087407
1988-07-18 13:30:00+00:00,-0.0001
1988-07-19 13:30:00+00:00,-0.003899392214739905
1988-07-20 13:30:00+00:00,-0.0008666440131030017
1988-07-21 13:30:00+00:00,-0.005462630415691294
1988-07-22 13:30:00+00:00,-0.002928506353251381
1988-07-25 13:30:00+00:00,-0.0011325087836507985
1988-07-26 13:30:00+00:00,-0.0021666967138537327
1988-07-27 13:30:00+00:00,-0.0006183558729412452
1988-07-28 13:30:00+00:00,-0.0024480144146794666
1988-07-29 13:30:00+00:00,0.0030241386888438695
1988-08-01 13:30:00+00:00,0.0006746406403381644
1988-08-02 13:30:00+00:00,-0.0006154953789465733
1988-08-03 13:30:00+00:00,-0.0006156825573700008
1988-08-04 13:30:00+00:00,0.0006721693512710015
1988-08-05 13:30:00+00:00,-0.0018999015182279532
1988-08-08 13:30:00+00:00,0.00041581553561153016
1988-08-09 13:30:00+00:00,-0.0065482845532256586
1988-08-10 13:30:00+00:00,-0.005045404356308636
1988-08-11 13:30:00+00:00,0.000692570126733727
1988-08-12 13:30:00+00:00,-0.0016827119331456308
1988-08-15 13:30:00+00:00,-0.0043216519881679296
1988-08-16 13:30:00+00:00,-0.001703865527202375
1988-08-17 13:30:00+00:00,0.0033601750085980766
1988-08-18 13:30:00+00:00,0.0006974156917456287
1988-08-19 13:30:00+00:00,0.001225556690930263
1988-08-22 13:30:00+00:00,-0.0038095758323418824
1988-08-23 13:30:00+00:00,-0.0011704426036809434
1988-08-24 13:30:00+00:00,0.0025773761713521084
1988-08-25 13:30:00+00:00,-0.005153175256607423
1988-08-26 13:30:00+00:00,0.0007021063983121301
1988-08-29 13:30:00+00:00,0.0028380505380556256
1988-08-30 13:30:00+00:00,-0.0011633290831536524
1988-08-31 13:30:00+00:00,0.00016562046086486824
1988-09-01 13:30:00+00:00,-0.006472793036611646
1988-09-02 13:30:00+00:00,0.0044576734772956315
1988-09-06 13:30:00+00:00,0.0012280212483399722
1988-09-07 13:30:00+00:00,0.0017553199832471722
1988-09-08 13:30:00+00:00,-0.0008936184999173257
1988-09-09 13:30:00+00:00,-0.0032604218289488227
1988-09-12 13:30:00+00:00,0.0012102725157303485
1988-09-13 13:30:00+00:00,-0.002455388333180386
1988-09-14 13:30:00+00:00,0.002776585044646829
1988-09-15 13:30:00+00:00,-0.0008814217185156958
1988-09-16 13:30:00+00:00,0.0004225546983911311
1988-09-19 13:30:00+00:00,-0.0037467671756772456
1988-09-20 13:30:00+00:00,0.00042168025616938785
1988-09-21 13:30:00+00:00,0.0004206500553900373
1988-09-22 13:30:00+00:00,-0.0008793915243590189
1988-09-23 13:30:00+00:00,-0.0016588623357499776
1988-09-26 13:30:00+00:00,-0.0021778903713474238
1988-09-27 13:30:00+00:00,-0.0008836671957549557
1988-09-28 13:30:00+00:00,0.0019931129445789233
1988-09-29 13:30:00+00:00,0.0030307389649055663
1988-09-30 13:30:00+00:00,0.001195001274529861
1988-10-03 13:30:00+00:00,-0.007837941463870745
1988-10-04 13:30:00+00:00,0.0009402962197253451
1988-10-05 13:30:00+00:00,-0.0016617024582297301
1988-10-06 13:30:00+00:00,-0.0001
1988-10-07 13:30:00+00:00,-0.002176890667690012
1988-10-10 13:30:00+00:00,0.00015920555554415082
1988-10-11 13:30:00+00:00,0.00015941920496919125
1988-10-12 13:30:00+00:00,-0.007107479301826214
1988-10-13 13:30:00+00:00,0.0022523101989728625
1988-10-14 13:30:00+00:00,0.0040721150026483575
1988-10-17 13:30:00+00:00,0.0006799994493187245
1988-10-18 13:30:00+00:00,0.00041951222605528536
1988-10-19 13:30:00+00:00,0.0035241896409605625
1988-10-20 13:30:00+00:00,0.0019736607979785495
1988-10-21 13:30:00+00:00,-0.0019013695214528225
1988-10-24 13:30:00+00:00,-0.0029306898770933396
1988-10-25 13:30:00+00:00,-0.0016496024912179385
1988-10-26 13:30:00+00:00,-0.002949018612086529
1988-10-27 13:30:00+00:00,-0.0076286197356189136
1988-10-28 13:30:00+00:00,0.001471519441328384
1988-10-31 14:30:00+00:00,-0.003234748505013274
1988-11-01 14:30:00+00:00,0.0004229077308006591
1988-11-02 14:30:00+00:00,-0.002715062803245527
1988-11-03 14:30:00+00:00,-0.0003618532978888588
1988-11-04 14:30:00+00:00,-0.00218983233667559
1988-11-07 14:30:00+00:00,-0.006661679790026198
1988-11-08 14:30:00+00:00,0.0036184432841550487
1988-11-09 14:30:00+00:00,-0.0016838849136009526
1988-11-10 14:30:00+00:00,-0.0008943296289395497
1988-11-11 14:30:00+00:00,-0.00617819193992365
1988-11-14 14:30:00+00:00,-0.005450454963384599
1988-11-15 14:30:00+00:00,0.0025852846841827207
1988-11-16 14:30:00+00:00,-0.005743660491989944
1988-11-17 14:30:00+00:00,0.001531338019111972
1988-11-18 14:30:00+00:00,-0.0017331140813373724
1988-11-21 14:30:00+00:00,-0.006356850577687989
1988-11-22 14:30:00+00:00,0.0001739142751131407
1988-11-23 14:30:00+00:00,0.0009946740644930397
1988-11-25 14:30:00+00:00,-0.004722027585302724
1988-11-28 14:30:00+00:00,-0.0001
1988-11-29 14:30:00+00:00,0.0007194148810911627
1988-11-30 14:30:00+00:00,0.002615915173402417
1988-12-01 14:30:00+00:00,0.0015150904536087473
1988-12-02 14:30:00+00:00,-0.002239576908338325
1988-12-05 14:30:00+00:00,0.002574511945236491
1988-12-06 14:30:00+00:00,0.00016625692729109752
1988-12-07 14:30:00+00:00,-0.0001
1988-12-08 14:30:00+00:00,-0.0032880491735160053
1988-12-09 14:30:00+00:00,-0.0006330815578995507
1988-12-12 14:30:00+00:00,-0.0001
1988-12-13 14:30:00+00:00,-0.0022379430370094264
1988-12-14 14:30:00+00:00,-0.0003681128780579467
1988-12-15 14:30:00+00:00,0.0012412017606546644
1988-12-16 14:30:00+00:00,0.0001681128780579467
1988-12-19 14:30:00+00:00,-0.0006321492707532905
1988-12-20 14:30:00+00:00,0.002291057149517151
1988-12-21 14:30:00+00:00,-0.0001
1988-12-22 14:30:00+00:00,0.00016625692729109752
1988-12-23 14:30:00+00:00,0.0004312409217297365
1988-12-27 14:30:00+00:00,0.0009602290670680414
1988-12-28 14:30:00+00:00,-0.00036554992537131116
1988-12-29 14:30:00+00:00,0.0012269639495707696
1988-12-30 14:30:00+00:00,0.0012189131942759058
1989-01-03 14:30:00+00:00,-0.006654798217114133
1989-01-04 14:30:00+00:00,0.0017488686692248457
1989-01-05 14:30:00+00:00,0.0017286630860862018
1989-01-06 14:30:00+00:00,0.001463330178736999
1989-01-09 14:30:00+00:00,0.0004198380117168444
1989-01-10 14:30:00+00:00,0.00041910774297425633
1989-01-11 14:30:00+00:00,-0.0003600262660649166
1989-01-12 14:30:00+00:00,0.0011976901527146367
1989-01-13 14:30:00+00:00,0.00041682740834957387
1989-01-16 14:30:00+00:00,-0.0003583469437840158
1989-01-17 14:30:00+00:00,-0.0016488025631614777
1989-01-18 14:30:00+00:00,-0.00035901606302702883
1989-01-19 14:30:00+00:00,0.004785559080235246
1989-01-20 14:30:00+00:00,-0.0001
1989-01-23 14:30:00+00:00,0.00015523508506974935
1989-01-24 14:30:00+00:00,0.0001564259064503638
1989-01-25 14:30:00+00:00,0.0027061380191726217
1989-01-26 14:30:00+00:00,-0.00035382259775541537
1989-01-27 14:30:00+00:00,-0.0003518411029426293
1989-01-30 14:30:00+00:00,0.0011562814070351535
1989-01-31 14:30:00+00:00,0.0004009561205859825
1989-02-01 14:30:00+00:00,0.0011459506982540613
1989-02-02 14:30:00+00:00,0.0011400793275355592
1989-02-03 14:30:00+00:00,0.0003935382118176346
1989-02-06 14:30:00+00:00,-0.0001
1989-02-07 14:30:00+00:00,0.001870413283174155
1989-02-08 14:30:00+00:00,0.0011218963467358623
1989-02-09 14:30:00+00:00,-0.003776470588235281
1989-02-10 14:30:00+00:00,-0.006743655831699791
1989-02-13 14:30:00+00:00,-0.004573130766079914
1989-02-14 14:30:00+00:00,0.0033887227925477495
1989-02-15 14:30:00+00:00,0.0011437810945273852
1989-02-16 14:30:00+00:00,0.0023740226862927097
1989-02-17 14:30:00+00:00,0.00014642736733881955
1989-02-21 14:30:00+00:00,-0.0010823781976192603
1989-02-22 14:30:00+00:00,-0.0035448669230072724
1989-02-23 14:30:00+00:00,-0.0033297833365683147
1989-02-24 14:30:00+00:00,-0.0005961850756705078
1989-02-27 14:30:00+00:00,-0.004100015258789014
1989-02-28 14:30:00+00:00,0.0006521141016229027
1989-03-01 14:30:00+00:00,0.0031524086896834616
1989-03-02 14:30:00+00:00,0.0016509060240235019
1989-03-03 14:30:00+00:00,0.0006453112868789357
1989-03-06 14:30:00+00:00,0.0028703272451269138
1989-03-07 14:30:00+00:00,-0.0018228198633612025
1989-03-08 14:30:00+00:00,-0.000592398328460153
1989-03-09 14:30:00+00:00,0.00014607801431497657
1989-03-10 14:30:00+00:00,-0.0035508858070925184
1989-03-13 14:30:00+00:00,0.0016245928000919619
1989-03-14 14:30:00+00:00,0.0003918388746955049
1989-03-15 14:30:00+00:00,0.0011315270935960853
1989-03-16 14:30:00+00:00,0.0008827859864481869
1989-03-17 14:30:00+00:00,-0.014019443729013991
1989-03-20 14:30:00+00:00,-0.004326783081637931
1989-03-21 14:30:00+00:00,0.005169776922247393
1989-03-22 14:30:00+00:00,-0.0020910099981907957
1989-03-23 14:30:00+00:00,0.0011481277892710807
1989-03-27 14:30:00+00:00,-0.0013471938329066124
1989-03-28 14:30:00+00:00,0.002645896372331469
1989-03-29 14:30:00+00:00,0.0013903281033764592
1989-03-30 14:30:00+00:00,-0.0013385434354249548
1989-03-31 14:30:00+00:00,0.002371576828755984
1989-04-03 13:30:00+00:00,0.000637614418403476
1989-04-04 13:30:00+00:00,-0.0018169786266176823
1989-04-05 13:30:00+00:00,0.00039111415387548264
1989-04-06 13:30:00+00:00,-0.0010796568906271786
1989-04-07 13:30:00+00:00,0.001124889723291822
1989-04-10 13:30:00+00:00,0.0011174336136809849
1989-04-11 13:30:00+00:00,0.00233249813951163
1989-04-12 13:30:00+00:00,0.002560232414789965
1989-04-13 13:30:00+00:00,-0.0010622910808655405
1989-04-14 13:30:00+00:00,0.0047320851159524556
1989-04-17 13:30:00+00:00,-0.00033942087764661223
1989-04-18 13:30:00+00:00,0.004447689012868172
1989-04-19 13:30:00+00:00,0.0006130681822302698
1989-04-20 13:30:00+00:00,-0.000811040050506262
1989-04-21 13:30:00+00:00,0.002035216836261833
1989-04-24 13:30:00+00:00,-0.001987654119894777
1989-04-25 13:30:00+00:00,0.0010814744460720838
1989-04-26 13:30:00+00:00,-0.0005731776703457147
1989-04-27 13:30:00+00:00,0.0017895094994793026
1989-04-28 13:30:00+00:00,0.00013457433851259425
1989-05-01 13:30:00+00:00,-0.004075706694961279
1989-05-02 13:30:00+00:00,0.00013393240588442944
1989-05-03 13:30:00+00:00,0.0015355425397927003
1989-05-04 13:30:00+00:00,0.00036644639161663727
1989-05-05 13:30:00+00:00,0.0031618682587759464
1989-05-08 13:30:00+00:00,-0.0005643886727709879
1989-05-09 13:30:00+00:00,0.001064686732395559
1989-05-10 13:30:00+00:00,-0.0003331144604094115
1989-05-11 13:30:00+00:00,0.001529380073343123
1989-05-12 13:30:00+00:00,0.008492618757566007
1989-05-15 13:30:00+00:00,0.0010499540341248781
1989-05-16 13:30:00+00:00,-0.0010170664898391357
1989-05-17 13:30:00+00:00,0.0015065679821934963
1989-05-18 13:30:00+00:00,-0.0001
1989-05-19 13:30:00+00:00,0.002855930756321168
1989-05-22 13:30:00+00:00,0.0010309658292175672
1989-05-23 13:30:00+00:00,-0.0016843859411357464
1989-05-24 13:30:00+00:00,-0.0007815499823424887
1989-05-25 13:30:00+00:00,0.002165005662514197
1989-05-26 13:30:00+00:00,0.001480519793809021
1989-05-30 13:30:00+00:00,0.0014722858721027854
1989-05-31 13:30:00+00:00,0.0003502064024256569
1989-06-01 13:30:00+00:00,0.001244633728201483
1989-06-02 13:30:00+00:00,0.003245973769449895
1989-06-05 13:30:00+00:00,-0.0005428968209212459
1989-06-06 13:30:00+00:00,-0.0001
1989-06-07 13:30:00+00:00,0.008158955819266279
1989-06-08 13:30:00+00:00,0.001885864678382354
1989-06-09 13:30:00+00:00,-0.0029634092356140116
1989-06-12 13:30:00+00:00,-0.0016428966017126955
1989-06-13 13:30:00+00:00,-0.004069977541242953
1989-06-14 13:30:00+00:00,0.0005656041376607024
1989-06-15 13:30:00+00:00,-0.002097323311792476
1989-06-16 13:30:00+00:00,-0.001889349809048435
1989-06-19 13:30:00+00:00,-0.0007708817136793499
1989-06-20 13:30:00+00:00,0.0010208249118113133
1989-06-21 13:30:00+00:00,0.000124935002570259
1989-06-22 13:30:00+00:00,-0.0005505106830431372
1989-06-23 13:30:00+00:00,0.002594839972888552
1989-06-26 13:30:00+00:00,0.00034605755966498074
1989-06-27 13:30:00+00:00,0.0012413953049186133
1989-06-28 13:30:00+00:00,-0.0023291573481816316
1989-06-29 13:30:00+00:00,-0.006843088426964583
1989-06-30 13:30:00+00:00,-0.004210499698692039
1989-07-03 13:30:00+00:00,-0.0019377850112626382
1989-07-05 13:30:00+00:00,-0.0012467889908256535
1989-07-06 13:30:00+00:00,0.0021888533164797666
1989-07-07 13:30:00+00:00,0.0008099042104885324
1989-07-10 13:30:00+00:00,0.00012605358249405683
1989-07-11 13:30:00+00:00,0.0035141304310362
1989-07-12 13:30:00+00:00,-0.0001
1989-07-13 13:30:00+00:00,-0.0007714140581126627
1989-07-14 13:30:00+00:00,0.0012395983739492578
1989-07-17 13:30:00+00:00,0.0001227803628320757
1989-07-18 13:30:00+00:00,-0.00165586063336155
1989-07-19 13:30:00+00:00,0.0021326412449809043
1989-07-20 13:30:00+00:00,0.0007865112714155909
1989-07-21 13:30:00+00:00,-0.0023261798148374144
1989-07-24 13:30:00+00:00,-0.0029933626269488364
1989-07-25 13:30:00+00:00,0.0028147708362529114
1989-07-26 13:30:00+00:00,0.00012397783542138506
1989-07-27 13:30:00+00:00,0.003017332169801035
1989-07-28 13:30:00+00:00,0.00012100796357049645
1989-07-31 13:30:00+00:00,-0.0012042403124547074
1989-08-01 13:30:00+00:00,0.002985113379732496
1989-08-02 13:30:00+00:00,-0.0007617864571965005
1989-08-03 13:30:00+00:00,0.0018819288359119724
1989-08-04 13:30:00+00:00,-0.0007565721098186206
1989-08-07 13:30:00+00:00,0.002304910621324863
1989-08-08 13:30:00+00:00,0.001632700393800357
1989-08-09 13:30:00+00:00,-0.000531646222150306
1989-08-10 13:30:00+00:00,-0.002046353608053619
1989-08-11 13:30:00+00:00,0.004429780146393491
1989-08-14 13:30:00+00:00,-0.0029107844172297057
1989-08-15 13:30:00+00:00,0.0018565084706181235
1989-08-16 13:30:00+00:00,0.002286648119076851
1989-08-17 13:30:00+00:00,0.0007681085604589355
1989-08-18 13:30:00+00:00,0.001202096613303716
1989-08-21 13:30:00+00:00,0.00011646342752301706
1989-08-22 13:30:00+00:00,-0.0027183323618048647
1989-08-23 13:30:00+00:00,0.0025178277116255534
1989-08-24 13:30:00+00:00,0.0027156546644964033
1989-08-25 13:30:00+00:00,0.0011878431237948184
1989-08-28 13:30:00+00:00,-0.0013852947764077083
1989-08-29 13:30:00+00:00,0.0009702054514897252
1989-08-30 13:30:00+00:00,0.0003285934137102654
1989-08-31 13:30:00+00:00,0.001394794416566858
1989-09-01 13:30:00+00:00,0.0011785129322874233
1989-09-05 13:30:00+00:00,0.0018096635632798175
1989-09-06 13:30:00+00:00,-0.003706240372218683
1989-09-07 13:30:00+00:00,0.0020308332111893426
1989-09-08 13:30:00+00:00,0.0005386795511441611
1989-09-11 13:30:00+00:00,-0.0009487033881700024
1989-09-12 13:30:00+00:00,0.0005377940357986666
1989-09-13 13:30:00+00:00,0.0030786395833881544
1989-09-14 13:30:00+00:00,-0.0015836407536328311
1989-09-15 13:30:00+00:00,0.001819847349612036
1989-09-18 13:30:00+00:00,-0.0011692899774883414
1989-09-19 13:30:00+00:00,0.00032838340039819124
1989-09-20 13:30:00+00:00,0.00032813463249835594
1989-09-21 13:30:00+00:00,0.0007570685365805186
1989-09-22 13:30:00+00:00,0.00011414583193934966
1989-09-25 13:30:00+00:00,-0.0011681478177324566
1989-09-26 13:30:00+00:00,0.0003285015732212738
1989-09-27 13:30:00+00:00,-0.004375331449741571
1989-09-28 13:30:00+00:00,0.0022514453446340513
1989-09-29 13:30:00+00:00,0.0013858452141461864
1989-10-02 13:30:00+00:00,-0.0003114741061669534
1989-10-03 13:30:00+00:00,0.001583475952059199
1989-10-04 13:30:00+00:00,0.0005285738910956073
1989-10-05 13:30:00+00:00,0.0011518383450799142
1989-10-06 13:30:00+00:00,0.003228428427932684
1989-10-09 13:30:00+00:00,-0.00030679508323706574
1989-10-10 13:30:00+00:00,0.002576524110142742
1989-10-11 13:30:00+00:00,-0.0021656888812063954
1989-10-12 13:30:00+00:00,0.0009369141172590357
1989-10-13 13:30:00+00:00,0.0005221231550693762
1989-10-16 13:30:00+00:00,-0.039475121714396946
1989-10-17 13:30:00+00:00,-0.0018353314381101104
1989-10-18 13:30:00+00:00,-0.0027092231036716205
1989-10-19 13:30:00+00:00,0.005296071802007407
1989-10-20 13:30:00+00:00,0.00011241738765631623
1989-10-23 13:30:00+00:00,-0.0001
1989-10-24 13:30:00+00:00,-0.005237038423275953
1989-10-25 13:30:00+00:00,0.002499050590700536
1989-10-26 13:30:00+00:00,-0.002260293828441073
1989-10-27 13:30:00+00:00,-0.0027189702642108735
1989-10-30 14:30:00+00:00,0.001887686480402484
1989-10-31 14:30:00+00:00,0.0032229951712050456
1989-11-01 14:30:00+00:00,0.0012169580673344505
1989-11-02 14:30:00+00:00,-0.004261177991867216
1989-11-03 14:30:00+00:00,-0.000762145898268518
1989-11-06 14:30:00+00:00,-0.0005415280508416331
1989-11-07 14:30:00+00:00,-0.0023321428571429046
1989-11-08 14:30:00+00:00,0.006798100012501684
1989-11-09 14:30:00+00:00,0.001221308292118406
1989-11-10 14:30:00+00:00,0.002322387334795273
1989-11-13 14:30:00+00:00,0.0012151590747113584
1989-11-14 14:30:00+00:00,0.0001193597386586088
1989-11-15 14:30:00+00:00,0.001662087649710864
1989-11-16 14:30:00+00:00,0.0014357881214976831
1989-11-17 14:30:00+00:00,-0.0007588794223846284
1989-11-20 14:30:00+00:00,0.0009948105685035791
1989-11-21 14:30:00+00:00,-0.0001
1989-11-22 14:30:00+00:00,-0.0003202292494416502
1989-11-24 14:30:00+00:00,0.0025367428551081764
1989-11-27 14:30:00+00:00,0.0018710772765086925
1989-11-28 14:30:00+00:00,0.00011914858233751388
1989-11-29 14:30:00+00:00,-0.0011948105685036902
1989-11-30 14:30:00+00:00,-0.0016357211676167993
1989-12-01 14:30:00+00:00,0.0009962508075180732
1989-12-04 14:30:00+00:00,0.0007750686745644387
1989-12-05 14:30:00+00:00,0.0014274104858746806
1989-12-06 14:30:00+00:00,-0.0007542047678890218
1989-12-07 14:30:00+00:00,-0.00031897547808757966
1989-12-08 14:30:00+00:00,0.0007766697890949526
1989-12-11 14:30:00+00:00,-0.0036072469546307826
1989-12-12 14:30:00+00:00,-0.001426273456256799
1989-12-13 14:30:00+00:00,0.000122038421116455
1989-12-14 14:30:00+00:00,-0.0038685927378177107
1989-12-15 14:30:00+00:00,-0.002781591524092197
1989-12-18 14:30:00+00:00,-0.0005506122013379077
1989-12-19 14:30:00+00:00,-0.003999110566585429
1989-12-20 14:30:00+00:00,0.002892675710894899
1989-12-21 14:30:00+00:00,0.0028755512215796644
1989-12-22 14:30:00+00:00,0.001486900203508268
1989-12-26 14:30:00+00:00,0.0005747363671850692
1989-12-27 14:30:00+00:00,0.00214567713319801
1989-12-28 14:30:00+00:00,-0.0005455920117925061
1989-12-29 14:30:00+00:00,0.0018999864366320174
1990-01-02 14:30:00+00:00,-0.004277647202025181
1990-01-03 14:30:00+00:00,0.0038190471552075225
1990-01-04 14:30:00+00:00,-0.0011848340347608954
1990-01-05 14:30:00+00:00,-0.0033651284717648553
1990-01-08 14:30:00+00:00,-0.002500711641663111
1990-01-09 14:30:00+00:00,0.000990037032251745
1990-01-10 14:30:00+00:00,-0.003821501170931729
1990-01-11 14:30:00+00:00,0.002118770740881837
1990-01-12 14:30:00+00:00,-0.013911498716310599
1990-01-15 14:30:00+00:00,-0.0035114167804337734
1990-01-16 14:30:00+00:00,-0.008574604112016392
1990-01-17 14:30:00+00:00,0.0005814806557244867
1990-01-18 14:30:00+00:00,-0.005798654958824601
1990-01-19 14:30:00+00:00,0.006757142857142895
1990-01-22 14:30:00+00:00,-0.0028216641099225834
1990-01-23 14:30:00+00:00,0.0012892246167974686
1990-01-24 14:30:00+00:00,-0.02449591112662831
1990-01-25 14:30:00+00:00,0.006007529977408266
1990-01-26 14:30:00+00:00,-0.0024518343633374126
1990-01-29 14:30:00+00:00,0.0034604083633089536
1990-01-30 14:30:00+00:00,-0.004644352711666755
1990-01-31 14:30:00+00:00,0.003552300841042733
1990-02-01 14:30:00+00:00,0.0023050024756083756
1990-02-02 14:30:00+00:00,0.0022934897779258614
1990-02-05 14:30:00+00:00,0.0015579385817494518
1990-02-06 14:30:00+00:00,0.0006063522117878307
1990-02-07 14:30:00+00:00,-0.004816981132075526
1990-02-08 14:30:00+00:00,0.004586035747897277
1990-02-09 14:30:00+00:00,0.0031764438428696254
1990-02-12 14:30:00+00:00,-0.0001
1990-02-13 14:30:00+00:00,-0.002679751686822673
1990-02-14 14:30:00+00:00,0.0022485204994562194
1990-02-15 14:30:00+00:00,-0.000803277792438839
1990-02-16 14:30:00+00:00,0.0008310844757948189
1990-02-20 14:30:00+00:00,-0.00849162261891757
1990-02-21 14:30:00+00:00,-0.011662043505480401
1990-02-22 14:30:00+00:00,0.002509741645351438
1990-02-23 14:30:00+00:00,-0.004120770431728438
1990-02-26 14:30:00+00:00,-0.0001
1990-02-27 14:30:00+00:00,0.00251284110098714
1990-02-28 14:30:00+00:00,0.0015563693311486549
1990-03-01 14:30:00+00:00,-0.0012742602497281097
1990-03-02 14:30:00+00:00,0.0022408239031494917
1990-03-05 14:30:00+00:00,-0.000564065445548112
1990-03-06 14:30:00+00:00,-0.0021921069003349
1990-03-07 14:30:00+00:00,0.0017506091444305816
1990-03-08 14:30:00+00:00,0.002443366713330997
1990-03-09 14:30:00+00:00,0.0010454753722794919
1990-03-12 14:30:00+00:00,-0.0035340660300360424
1990-03-13 14:30:00+00:00,-0.0012452129936101452
1990-03-14 14:30:00+00:00,0.002431077054917619
1990-03-15 14:30:00+00:00,0.0010462631499485898
1990-03-16 14:30:00+00:00,0.00514991499868932
1990-03-19 14:30:00+00:00,-0.004170597604832527
1990-03-20 14:30:00+00:00,0.0005773951562009106
1990-03-21 14:30:00+00:00,-0.0012361054148278927
1990-03-22 14:30:00+00:00,-0.0003275793050661168
1990-03-23 14:30:00+00:00,0.0035824076030279597
1990-03-26 14:30:00+00:00,0.003330139588090242
1990-03-27 14:30:00+00:00,-0.0026067812592020065
1990-03-28 14:30:00+00:00,-0.005788282138794132
1990-03-29 14:30:00+00:00,-0.0012449507351123378
1990-03-30 14:30:00+00:00,-0.0017076750097969717
1990-04-02 13:30:00+00:00,-0.009055209865635804
1990-04-03 13:30:00+00:00,0.0033626037805445266
1990-04-04 13:30:00+00:00,0.0010423349007435579
1990-04-05 13:30:00+00:00,-0.004647497695235881
1990-04-06 13:30:00+00:00,-0.0010690679126990176
1990-04-09 13:30:00+00:00,-0.0007961889004826194
1990-04-10 13:30:00+00:00,-0.0005649284085445072
1990-04-11 13:30:00+00:00,0.001520773829413391
1990-04-12 13:30:00+00:00,0.003590902199574575
1990-04-16 13:30:00+00:00,0.004713216049210922
1990-04-17 13:30:00+00:00,-0.006282761922505331
1990-04-18 13:30:00+00:00,0.00012968788451427359
1990-04-19 13:30:00+00:00,-0.0031127179443076855
1990-04-20 13:30:00+00:00,0.0015317300863200046
1990-04-23 13:30:00+00:00,-0.0057364348644634135
1990-04-24 13:30:00+00:00,0.0037086314693397407
1990-04-25 13:30:00+00:00,0.0018083677711670965
1990-04-26 13:30:00+00:00,0.0025153259333165925
1990-04-27 13:30:00+00:00,-0.0012873664040676913
1990-04-30 13:30:00+00:00,-0.0012961722488038618
1990-05-01 13:30:00+00:00,0.004422718088264543
1990-05-02 13:30:00+00:00,0.002033192485196389
1990-05-03 13:30:00+00:00,0.003204990265137642
1990-05-04 13:30:00+00:00,0.004601457519265206
1990-05-07 13:30:00+00:00,0.0015331817066845832
1990-05-08 13:30:00+00:00,-0.00033192509435188135
1990-05-09 13:30:00+00:00,-0.0010263406850213985
1990-05-10 13:30:00+00:00,0.0010592859127091959
1990-05-11 13:30:00+00:00,0.002900895097730272
1990-05-14 13:30:00+00:00,0.004693440023416639
1990-05-15 13:30:00+00:00,-0.0014587094547615753
1990-05-16 13:30:00+00:00,-0.0005520049876411969
1990-05-17 13:30:00+00:00,0.004641490477433663
1990-05-18 13:30:00+00:00,0.0005730710898643632
1990-05-21 13:30:00+00:00,0.0012384031225820436
1990-05-22 13:30:00+00:00,0.004978424247169533
1990-05-23 13:30:00+00:00,-0.0003203262940303485
1990-05-24 13:30:00+00:00,0.001213211012323956
1990-05-25 13:30:00+00:00,-0.00817327468471275
1990-05-29 13:30:00+00:00,0.0007816263736441953
1990-05-30 13:30:00+00:00,0.004052992123463095
1990-05-31 13:30:00+00:00,-0.0014077061942038393
1990-06-01 13:30:00+00:00,0.0009893246187364535
1990-06-04 13:30:00+00:00,0.0014147839865994328
1990-06-05 13:30:00+00:00,0.003336439180715789
1990-06-06 13:30:00+00:00,-0.002682893222700222
1990-06-07 13:30:00+00:00,0.0016204038558467083
1990-06-08 13:30:00+00:00,-0.002254708008723749
1990-06-11 13:30:00+00:00,-0.003354502104282686
1990-06-12 13:30:00+00:00,0.004005497977913597
1990-06-13 13:30:00+00:00,0.0016145044631465822
1990-06-14 13:30:00+00:00,-0.002445929020759363
1990-06-15 13:30:00+00:00,-0.0007422999499605675
1990-06-18 13:30:00+00:00,-0.004163288861599679
1990-06-19 13:30:00+00:00,-0.002270138946377964
1990-06-20 13:30:00+00:00,0.0031573289902280146
1990-06-21 13:30:00+00:00,-0.001185069473188982
1990-06-22 13:30:00+00:00,0.0029349543704970562
1990-06-25 13:30:00+00:00,-0.000535405388130028
1990-06-26 13:30:00+00:00,0.004289815568934807
1990-06-27 13:30:00+00:00,-0.0025154723721091507
1990-06-28 13:30:00+00:00,0.0031829941344665327
1990-06-29 13:30:00+00:00,0.0014204435627960144
1990-07-02 13:30:00+00:00,-0.001614128721471164
1990-07-03 13:30:00+00:00,-0.0018315753094562237
1990-07-05 13:30:00+00:00,-0.003997764921067304
1990-07-06 13:30:00+00:00,-0.0011888501452708255
1990-07-09 13:30:00+00:00,0.0016372156199104704
1990-07-10 13:30:00+00:00,0.0003331420493084437
1990-07-11 13:30:00+00:00,-0.0011845986984815426
1990-07-12 13:30:00+00:00,0.0020556370190924936
1990-07-13 13:30:00+00:00,0.0007561512971603235
1990-07-16 13:30:00+00:00,0.0005405173237751249
1990-07-17 13:30:00+00:00,-0.00031296018359417967
1990-07-18 13:30:00+00:00,-0.002898682008544162
1990-07-19 13:30:00+00:00,-0.007912447225052698
1990-07-20 13:30:00+00:00,0.002955420906125539
1990-07-23 13:30:00+00:00,-0.007787239389058576
1990-07-24 13:30:00+00:00,-0.000324935002570259
1990-07-25 13:30:00+00:00,0.003966849905437486
1990-07-26 13:30:00+00:00,0.0010223344556678949
1990-07-27 13:30:00+00:00,-0.002794166380550089
1990-07-30 13:30:00+00:00,-0.007555983427562485
1990-07-31 13:30:00+00:00,-0.0003275969615492812
1990-08-01 13:30:00+00:00,-0.0012410314606832284
1990-08-02 13:30:00+00:00,-0.01317635184506728
1990-08-03 13:30:00+00:00,-0.012690333348868387
1990-08-06 13:30:00+00:00,-0.033153862977170614
1990-08-07 13:30:00+00:00,0.0026500152587891515
1990-08-08 13:30:00+00:00,0.004873887017263978
1990-08-09 13:30:00+00:00,0.004805567672596422
1990-08-10 13:30:00+00:00,-0.001068508223933129
1990-08-13 13:30:00+00:00,-0.007943167174096166
1990-08-14 13:30:00+00:00,0.0023491795980827737
1990-08-15 13:30:00+00:00,0.0059931027891266695
1990-08-16 13:30:00+00:00,-0.007147372773959615
1990-08-17 13:30:00+00:00,-0.014765657657242148
1990-08-20 13:30:00+00:00,0.00015414511693933052
1990-08-21 13:30:00+00:00,-0.020686721241247052
1990-08-22 13:30:00+00:00,0.004903934251780917
1990-08-23 13:30:00+00:00,-0.029448987081814326
1990-08-24 13:30:00+00:00,0.013781176653392613
1990-08-27 13:30:00+00:00,0.027670249240467005
1990-08-28 13:30:00+00:00,-0.0001
1990-08-29 13:30:00+00:00,-0.003495110508463972
1990-08-30 13:30:00+00:00,-0.0008857197552646467
1990-08-31 13:30:00+00:00,-0.0011563094828838216
1990-09-04 13:30:00+00:00,-0.005871280526183254
1990-09-05 13:30:00+00:00,0.00330578399631708
1990-09-06 13:30:00+00:00,-0.00454555888228726
1990-09-07 13:30:00+00:00,-0.005379831215551867
1990-09-10 13:30:00+00:00,0.009100841367396074
1990-09-11 13:30:00+00:00,-0.002981860278587056
1990-09-12 13:30:00+00:00,0.0017445644454050391
1990-09-13 13:30:00+00:00,-0.0001
1990-09-14 13:30:00+00:00,-0.005682153204077956
1990-09-17 13:30:00+00:00,-0.0022367195673350768
1990-09-18 13:30:00+00:00,-0.005446164040014978
1990-09-19 13:30:00+00:00,0.002586727477708262
1990-09-20 13:30:00+00:00,-0.005749733749123365
1990-09-21 13:30:00+00:00,-0.00421635572207536
1990-09-24 13:30:00+00:00,-0.01141652145757278
1990-09-25 13:30:00+00:00,0.003023156013097761
1990-09-26 13:30:00+00:00,-0.0026366232453467584
1990-09-27 13:30:00+00:00,0.003614250837053568
1990-09-28 13:30:00+00:00,-0.019443510748501713
1990-10-01 13:30:00+00:00,0.012962409288824295
1990-10-02 13:30:00+00:00,0.015406060926746557
1990-10-03 13:30:00+00:00,-0.003747552792456876
1990-10-04 13:30:00+00:00,-0.004082912934521688
1990-10-05 13:30:00+00:00,-0.01581877706756164
1990-10-08 13:30:00+00:00,0.006808445419257836
1990-10-09 13:30:00+00:00,-0.009292795607362524
1990-10-10 13:30:00+00:00,-0.009241863897723756
1990-10-11 13:30:00+00:00,-0.0055005036270412535
1990-10-12 13:30:00+00:00,0.002664108966872181
1990-10-15 13:30:00+00:00,0.0056997370607008045
1990-10-16 13:30:00+00:00,-0.003134901365705611
1990-10-17 13:30:00+00:00,-0.001021904728320877
1990-10-18 13:30:00+00:00,0.006019951268991563
1990-10-19 13:30:00+00:00,0.013073634420611924
1990-10-22 13:30:00+00:00,0.0016783228048893207
1990-10-23 13:30:00+00:00,-0.002152219860760762
1990-10-24 13:30:00+00:00,-0.004497537300379839
1990-10-25 13:30:00+00:00,0.0019528217214992317
1990-10-26 13:30:00+00:00,-0.005987547624758627
1990-10-29 14:30:00+00:00,0.00019906131979950957
1990-10-30 14:30:00+00:00,-0.0025183428733057786
1990-10-31 14:30:00+00:00,0.0017193029888535772
1990-11-01 14:30:00+00:00,-0.003738513444113367
1990-11-02 14:30:00+00:00,0.002924803331935999
1990-11-05 14:30:00+00:00,0.007329420505200568
1990-11-06 14:30:00+00:00,0.002540916802524318
1990-11-07 14:30:00+00:00,-0.0036242649252018586
1990-11-08 14:30:00+00:00,-0.002772191000902324
1990-11-09 14:30:00+00:00,0.006737153246960659
1990-11-12 14:30:00+00:00,0.008087098809850247
1990-11-13 14:30:00+00:00,0.0010379627211505205
1990-11-14 14:30:00+00:00,0.00046676738591820986
1990-11-15 14:30:00+00:00,-0.00402265037945172
1990-11-16 14:30:00+00:00,-0.007434290842075153
1990-11-19 14:30:00+00:00,0.004744719967515232
1990-11-20 14:30:00+00:00,-0.0018011797072562507
1990-11-21 14:30:00+00:00,-0.0001
1990-11-23 14:30:00+00:00,-0.0001
1990-11-26 14:30:00+00:00,-0.008122887658936217
1990-11-27 14:30:00+00:00,0.003052783384232416
1990-11-28 14:30:00+00:00,0.0018767909556276386
1990-11-29 14:30:00+00:00,-0.0034793640844980153
1990-11-30 14:30:00+00:00,-0.004877913849851823
1990-12-03 14:30:00+00:00,0.005469479159027057
1990-12-04 14:30:00+00:00,-0.0020373974899058453
1990-12-05 14:30:00+00:00,0.0020971650083996154
1990-12-06 14:30:00+00:00,0.017424939625138237
1990-12-07 14:30:00+00:00,-0.0017115380220510512
1990-12-10 14:30:00+00:00,-0.003060985473797084
1990-12-11 14:30:00+00:00,-0.004676075927405832
1990-12-12 14:30:00+00:00,0.0007151842200236902
1990-12-13 14:30:00+00:00,0.000979897146532227
1990-12-14 14:30:00+00:00,-0.004945189213913193
1990-12-17 14:30:00+00:00,-0.011217070828752573
1990-12-18 14:30:00+00:00,0.002634481724419258
1990-12-19 14:30:00+00:00,0.001250621241255956
1990-12-20 14:30:00+00:00,-0.006026756828348978
1990-12-21 14:30:00+00:00,-0.0003685350234099548
1990-12-24 14:30:00+00:00,-0.004650353798870699
1990-12-26 14:30:00+00:00,0.0007056345742859516
1990-12-27 14:30:00+00:00,-0.0006370077678055197
1990-12-28 14:30:00+00:00,-0.00414203712026241
1990-12-31 14:30:00+00:00,-0.00252463465642484
1991-01-02 14:30:00+00:00,-0.0022401493287683813
1991-01-03 14:30:00+00:00,-0.0027867274777082615
1991-01-04 14:30:00+00:00,-0.002821088435374108
1991-01-07 14:30:00+00:00,-0.010176285631889225
1991-01-08 14:30:00+00:00,-0.0031538758085421057
1991-01-09 14:30:00+00:00,0.009370735087700133
1991-01-10 14:30:00+00:00,0.0038160668433129155
1991-01-11 14:30:00+00:00,0.00045267259023072946
1991-01-14 14:30:00+00:00,-0.01834205585577343
1991-01-15 14:30:00+00:00,-0.0026294938936536447
1991-01-16 14:30:00+00:00,0.0035384504756830084
1991-01-17 14:30:00+00:00,0.037961318269081876
1991-01-18 14:30:00+00:00,-0.00728462420744026
1991-01-21 14:30:00+00:00,-0.006731299734747964
1991-01-22 14:30:00+00:00,0.0009534471520275978
1991-01-23 14:30:00+00:00,-0.0001
1991-01-24 14:30:00+00:00,0.0071936138449168905
1991-01-25 14:30:00+00:00,0.001177792015328405
1991-01-28 14:30:00+00:00,0.00040725897342984717
1991-01-29 14:30:00+00:00,-0.002116098330593019
1991-01-30 14:30:00+00:00,0.0031451017802352934
1991-01-31 14:30:00+00:00,0.0030823446584302585
1991-02-01 14:30:00+00:00,0.002072848551328599
1991-02-04 14:30:00+00:00,0.0025334104711309704
1991-02-05 14:30:00+00:00,0.005549775148374392
1991-02-06 14:30:00+00:00,0.0001313178693054141
1991-02-07 14:30:00+00:00,-0.00032770059366139516
1991-02-08 14:30:00+00:00,-0.0021689514861709222
1991-02-11 14:30:00+00:00,0.01661249659926022
1991-02-12 14:30:00+00:00,-0.0012258725357536914
1991-02-13 14:30:00+00:00,-0.0005504779437640716
1991-02-14 14:30:00+00:00,0.0030249863760811626
1991-02-15 14:30:00+00:00,0.008002647315833656
1991-02-19 14:30:00+00:00,-0.0012143302571814396
1991-02-20 14:30:00+00:00,-0.006762225363815222
1991-02-21 14:30:00+00:00,0.002590610329666443
1991-02-22 14:30:00+00:00,0.003036187086976161
1991-02-25 14:30:00+00:00,0.010145002457718533
1991-02-26 14:30:00+00:00,-0.006085396077364813
1991-02-27 14:30:00+00:00,-0.001663574241556065
1991-02-28 14:30:00+00:00,0.004336557351723991
1991-03-01 14:30:00+00:00,-0.005617545721305584
1991-03-04 14:30:00+00:00,0.002965456227423269
1991-03-05 14:30:00+00:00,0.005321817321422439
1991-03-06 14:30:00+00:00,0.010257205312341967
1991-03-07 14:30:00+00:00,0.0017995872462026497
1991-03-08 14:30:00+00:00,0.0050709379559290444
1991-03-11 14:30:00+00:00,-0.004541046108515701
1991-03-12 14:30:00+00:00,-0.003417965992122418
1991-03-13 14:30:00+00:00,-0.0002517280562306489
1991-03-14 14:30:00+00:00,0.005944720265958814
1991-03-15 14:30:00+00:00,-0.0018315409559799378
1991-03-18 14:30:00+00:00,-0.0012580958953141263
1991-03-19 14:30:00+00:00,-0.01318249668575312
1991-03-20 14:30:00+00:00,-0.0013964415347135328
1991-03-21 14:30:00+00:00,0.004663031256078909
1991-03-22 14:30:00+00:00,-0.0007242112378648246
1991-03-25 14:30:00+00:00,0.0023776341949943605
1991-03-26 14:30:00+00:00,0.0037208042481897577
1991-03-27 14:30:00+00:00,0.005771654127062919
1991-03-28 14:30:00+00:00,-0.0001621903924384881
1991-04-01 14:30:00+00:00,-0.004495594382841872
1991-04-02 14:30:00+00:00,0.005702122509491081
1991-04-03 14:30:00+00:00,0.004236266922437826
1991-04-04 14:30:00+00:00,-0.0009281449442287814
1991-04-05 14:30:00+00:00,0.001929823408123521
1991-04-08 13:30:00+00:00,-0.002762432282757754
1991-04-09 13:30:00+00:00,0.0035114366326325255
1991-04-10 13:30:00+00:00,0.00044830754972035046
1991-04-11 13:30:00+00:00,0.008356259299665315
1991-04-12 13:30:00+00:00,0.004085769057518884
1991-04-15 13:30:00+00:00,-0.0032896776824892335
1991-04-16 13:30:00+00:00,0.00057885220904218
1991-04-17 13:30:00+00:00,0.005563532545017169
1991-04-18 13:30:00+00:00,-0.0039137572438289305
1991-04-19 13:30:00+00:00,-0.0066927053217037515
1991-04-22 13:30:00+00:00,-0.007043496417279316
1991-04-23 13:30:00+00:00,0.006676176363179731
1991-04-24 13:30:00+00:00,0.000585427480794365
1991-04-25 13:30:00+00:00,-0.001604664422976254
1991-04-26 13:30:00+00:00,-0.005926228530474875
1991-04-29 13:30:00+00:00,0.0011938381689848732
1991-04-30 13:30:00+00:00,-0.0008380681485427143
1991-05-01 13:30:00+00:00,-0.005835267313698223
1991-05-02 13:30:00+00:00,0.005618988439102013
1991-05-03 13:30:00+00:00,-0.0012402226559693585
1991-05-06 13:30:00+00:00,-0.002782396480078619
1991-05-07 13:30:00+00:00,0.004396604959870032
1991-05-08 13:30:00+00:00,-0.0026025146220616355
1991-05-09 13:30:00+00:00,0.004915128975507599
1991-05-10 13:30:00+00:00,0.002230213671477788
1991-05-13 13:30:00+00:00,0.0016631938176640993
1991-05-14 13:30:00+00:00,-0.004311095910571561
1991-05-15 13:30:00+00:00,-0.005562495920656618
1991-05-16 13:30:00+00:00,0.006760774078441878
1991-05-17 13:30:00+00:00,-0.003400322506899711
1991-05-20 13:30:00+00:00,-0.0018865633396010328
1991-05-21 13:30:00+00:00,0.0037741623160101215
1991-05-22 13:30:00+00:00,0.004697368269102486
1991-05-23 13:30:00+00:00,0.0036759779712802645
1991-05-24 13:30:00+00:00,0.0026164758081812403
1991-05-28 13:30:00+00:00,0.0036347439213701874
1991-05-29 13:30:00+00:00,0.0010867094192243854
1991-05-30 13:30:00+00:00,0.0004009518206895436
1991-05-31 13:30:00+00:00,0.0019668306998865573
1991-06-03 13:30:00+00:00,-0.0006334591718919591
1991-06-04 13:30:00+00:00,-0.0031960506908340733
1991-06-05 13:30:00+00:00,-0.0009476937915845584
1991-06-06 13:30:00+00:00,0.0005531800560021228
1991-06-07 13:30:00+00:00,-0.004792440167185841
1991-06-10 13:30:00+00:00,-0.00038084937224226446
1991-06-11 13:30:00+00:00,0.0025419230462211287
1991-06-12 13:30:00+00:00,-0.00612068032655323
1991-06-13 13:30:00+00:00,-0.0016884305033844193
1991-06-14 13:30:00+00:00,0.0056213777635389815
1991-06-17 13:30:00+00:00,-0.0007261691356930222
1991-06-18 13:30:00+00:00,-0.00034274784635369694
1991-06-19 13:30:00+00:00,-0.008277524041617756
1991-06-20 13:30:00+00:00,-0.003355288074729079
1991-06-21 13:30:00+00:00,0.002966580677124842
1991-06-24 13:30:00+00:00,-0.006336875249303498
1991-06-25 13:30:00+00:00,0.004024300674972492
1991-06-26 13:30:00+00:00,-0.0020015295155216936
1991-06-27 13:30:00+00:00,0.0027325587501132345
1991-06-28 13:30:00+00:00,-0.001128872510546286
1991-07-01 13:30:00+00:00,0.004396520571695361
1991-07-02 13:30:00+00:00,-0.00120115888301765
1991-07-03 13:30:00+00:00,-0.00768178055070724
1991-07-05 13:30:00+00:00,-0.00041622932654795654
1991-07-08 13:30:00+00:00,-0.0047830530067910606
1991-07-09 13:30:00+00:00,0.004237733373454
1991-07-10 13:30:00+00:00,0.001471373800820286
1991-07-11 13:30:00+00:00,-0.0009621495908156529
1991-07-12 13:30:00+00:00,0.003483348726369007
1991-07-15 13:30:00+00:00,0.001787567147994762
1991-07-16 13:30:00+00:00,0.0009278517566166822
1991-07-17 13:30:00+00:00,-0.0014168433720562867
1991-07-18 13:30:00+00:00,0.0013997167002497313
1991-07-19 13:30:00+00:00,0.001570726872460504
1991-07-22 13:30:00+00:00,-0.00032105387249704566
1991-07-23 13:30:00+00:00,-0.001211108919007342
1991-07-24 13:30:00+00:00,-0.0036739814598465534
1991-07-25 13:30:00+00:00,0.0008847368912379028
1991-07-26 13:30:00+00:00,0.000593473808307754
1991-07-29 13:30:00+00:00,-0.0007900816663740761
1991-07-30 13:30:00+00:00,0.0033660817551896985
1991-07-31 13:30:00+00:00,0.0026093867447003374
1991-08-01 13:30:00+00:00,0.0003580919146595086
1991-08-02 13:30:00+00:00,0.004600972222314803
1991-08-05 13:30:00+00:00,-0.002829062127805437
1991-08-06 13:30:00+00:00,-4.828554851620529e-07
1991-08-07 13:30:00+00:00,0.003027447613002321
1991-08-08 13:30:00+00:00,0.0018509336078187278
1991-08-09 13:30:00+00:00,-0.0005711924950447921
1991-08-12 13:30:00+00:00,-0.001418059674950689
1991-08-13 13:30:00+00:00,0.00288037061504286
1991-08-14 13:30:00+00:00,0.0034574571691980862
1991-08-15 13:30:00+00:00,7.390445206011406e-05
1991-08-16 13:30:00+00:00,-0.001922876010935115
1991-08-19 13:30:00+00:00,-0.045195296647050145
1991-08-20 13:30:00+00:00,0.00922397716075406
1991-08-21 13:30:00+00:00,0.017069656098707576
1991-08-22 13:30:00+00:00,-0.00033166423533127477
1991-08-23 13:30:00+00:00,0.0016558059060789332
1991-08-26 13:30:00+00:00,-0.0013090831876643283
1991-08-27 13:30:00+00:00,0.0014727632754214404
1991-08-28 13:30:00+00:00,0.0012416621121824512
1991-08-29 13:30:00+00:00,0.001306166372966311
1991-08-30 13:30:00+00:00,-0.0015247990636769848
1991-09-03 13:30:00+00:00,0.001079415472960299
1991-09-04 13:30:00+00:00,-0.0005030656895135377
1991-09-05 13:30:00+00:00,-0.00019651644002584002
1991-09-06 13:30:00+00:00,-0.00023542902367957853
1991-09-09 13:30:00+00:00,-0.0009898943213596633
1991-09-10 13:30:00+00:00,-0.0032269810919080097
1991-09-11 13:30:00+00:00,0.0011126332316300114
1991-09-12 13:30:00+00:00,0.0068935028316916445
1991-09-13 13:30:00+00:00,-0.0017119333901291056
1991-09-16 13:30:00+00:00,-0.0008741758376106356
1991-09-17 13:30:00+00:00,0.0006757221915607459
1991-09-18 13:30:00+00:00,-0.001924645209521414
1991-09-19 13:30:00+00:00,0.0021948654313368346
1991-09-20 13:30:00+00:00,0.00449185431062914
1991-09-23 13:30:00+00:00,-0.0018640559788206778
1991-09-24 13:30:00+00:00,0.0014437640412907516
1991-09-25 13:30:00+00:00,-4.2961045176215156e-05
1991-09-26 13:30:00+00:00,-0.005007026674867643
1991-09-27 13:30:00+00:00,0.00407507153914709
1991-09-30 13:30:00+00:00,0.0001669589949122475
1991-10-01 13:30:00+00:00,0.00039348952933381264
1991-10-02 13:30:00+00:00,-0.00019458249048288624
1991-10-03 13:30:00+00:00,-0.0035198843587168735
1991-10-04 13:30:00+00:00,-0.00042656991598067896
1991-10-07 13:30:00+00:00,-0.004827174975493243
1991-10-08 13:30:00+00:00,-0.001010561269209631
1991-10-09 13:30:00+00:00,-0.0016853210714716904
1991-10-10 13:30:00+00:00,0.001203950708121171
1991-10-11 13:30:00+00:00,0.0038345045007423975
1991-10-14 13:30:00+00:00,0.0036954566700943994
1991-10-15 13:30:00+00:00,0.001992677162602419
1991-10-16 13:30:00+00:00,0.001978196218016526
1991-10-17 13:30:00+00:00,-0.005239256265626502
1991-10-18 13:30:00+00:00,0.001783397782534768
1991-10-21 13:30:00+00:00,-0.00119487257142038
1991-10-22 13:30:00+00:00,0.0043695382909316625
1991-10-23 13:30:00+00:00,0.0012962839847090347
1991-10-24 13:30:00+00:00,-0.00236089088726622
1991-10-25 13:30:00+00:00,-0.003769035350177263
1991-10-28 14:30:00+00:00,0.002642182750969713
1991-10-29 14:30:00+00:00,0.0030922376364921236
1991-10-30 14:30:00+00:00,0.0055874108469489035
1991-10-31 14:30:00+00:00,0.0007681938534806921
1991-11-01 14:30:00+00:00,-0.0015917632099336054
1991-11-04 14:30:00+00:00,-0.0035384955109658664
1991-11-05 14:30:00+00:00,0.0005139852834301518
1991-11-06 14:30:00+00:00,0.0007351809526636611
1991-11-07 14:30:00+00:00,0.001197568459209586
1991-11-08 14:30:00+00:00,0.006795445511395426
1991-11-11 14:30:00+00:00,0.0018886983402530589
1991-11-12 14:30:00+00:00,0.00485720135793265
1991-11-13 14:30:00+00:00,-0.00702840418349161
1991-11-14 14:30:00+00:00,0.002669007874969809
1991-11-15 14:30:00+00:00,-0.005885490983498232
1991-11-18 14:30:00+00:00,-0.002640939302017153
1991-11-19 14:30:00+00:00,-0.010142442566022047
1991-11-20 14:30:00+00:00,0.006318794916173587
1991-11-21 14:30:00+00:00,0.0015155546145859567
1991-11-22 14:30:00+00:00,-0.0002508816911455213
1991-11-25 14:30:00+00:00,-0.004924752035268332
1991-11-26 14:30:00+00:00,0.0006076099941332181
1991-11-27 14:30:00+00:00,-0.0003489418219455697
1991-11-29 14:30:00+00:00,-0.0015920793702164481
1991-12-02 14:30:00+00:00,-0.008536808053704392
1991-12-03 14:30:00+00:00,0.0009171951739790241
1991-12-04 14:30:00+00:00,0.000668689998664529
1991-12-05 14:30:00+00:00,0.0006472039998048796
1991-12-06 14:30:00+00:00,-0.003002549937436771
1991-12-09 14:30:00+00:00,0.0017274128775190856
1991-12-10 14:30:00+00:00,-0.000828408762612598
1991-12-11 14:30:00+00:00,0.001247793580677603
1991-12-12 14:30:00+00:00,0.003116388703605633
1991-12-13 14:30:00+00:00,0.005478131647004047
1991-12-16 14:30:00+00:00,0.00032518110255063136
1991-12-17 14:30:00+00:00,-0.0013873139187057348
1991-12-18 14:30:00+00:00,-0.0031572991972243056
1991-12-19 14:30:00+00:00,-0.007102128610013259
1991-12-20 14:30:00+00:00,0.006878055982479469
1991-12-23 14:30:00+00:00,0.0001239717690761811
1991-12-24 14:30:00+00:00,0.002694554932648019
1991-12-26 14:30:00+00:00,0.003302713307909755
1991-12-27 14:30:00+00:00,0.004816860468478834
1991-12-30 14:30:00+00:00,0.004672676931655173
1991-12-31 14:30:00+00:00,0.008558938389392024
1992-01-02 14:30:00+00:00,-0.010844701946943768
1992-01-03 14:30:00+00:00,0.004555094913334601
1992-01-06 14:30:00+00:00,0.004000215263103557
1992-01-07 14:30:00+00:00,-0.004348267199836953
1992-01-08 14:30:00+00:00,-0.002108934203857948
1992-01-09 14:30:00+00:00,0.006634148155459696
1992-01-10 14:30:00+00:00,-0.0018585767050330992
1992-01-13 14:30:00+00:00,-0.002633697462505757
1992-01-14 14:30:00+00:00,0.0008714158658002958
1992-01-15 14:30:00+00:00,0.0033678112827106757
1992-01-16 14:30:00+00:00,0.0014535025163624371
1992-01-17 14:30:00+00:00,0.001222976406985532
1992-01-20 14:30:00+00:00,-0.00285979985024799
1992-01-21 14:30:00+00:00,-0.01692324716331085
1992-01-22 14:30:00+00:00,0.005851651784678269
1992-01-23 14:30:00+00:00,0.006425081911387342
1992-01-24 14:30:00+00:00,0.0005583087520963815
1992-01-27 14:30:00+00:00,0.0010205932881455105
1992-01-28 14:30:00+00:00,0.0022188445111210767
1992-01-29 14:30:00+00:00,0.0008819028284596687
1992-01-30 14:30:00+00:00,-0.0008787971485962997
1992-01-31 14:30:00+00:00,0.0002862275878476762
1992-02-03 14:30:00+00:00,0.000480424918671163
1992-02-04 14:30:00+00:00,0.004198786884279648
1992-02-05 14:30:00+00:00,0.003687661883419169
1992-02-06 14:30:00+00:00,0.003024246606687864
1992-02-07 14:30:00+00:00,0.0023621000929880845
1992-02-10 14:30:00+00:00,-0.002194679997281523
1992-02-11 14:30:00+00:00,0.0004204249716976861
1992-02-12 14:30:00+00:00,0.002962984442525174
1992-02-13 14:30:00+00:00,0.0017142466915551658
1992-02-14 14:30:00+00:00,-0.0026504693241743535
1992-02-18 14:30:00+00:00,-0.0004456322072442619
1992-02-19 14:30:00+00:00,-0.007794555475971643
1992-02-20 14:30:00+00:00,0.006182087929814661
1992-02-21 14:30:00+00:00,0.0015924336986130494
1992-02-24 14:30:00+00:00,-0.0014021156398869139
1992-02-25 14:30:00+00:00,-0.0023082551629561962
1992-02-26 14:30:00+00:00,0.007978465237955524
1992-02-27 14:30:00+00:00,0.005687433591455615
1992-02-28 14:30:00+00:00,0.003670036442016789
1992-03-02 14:30:00+00:00,0.0007998174350491883
1992-03-03 14:30:00+00:00,-0.0009182266984518849
1992-03-04 14:30:00+00:00,-0.0036001508918013345
1992-03-05 14:30:00+00:00,-0.004082212660788798
1992-03-06 14:30:00+00:00,-0.0022865771912188412
1992-03-09 14:30:00+00:00,0.0018968835853136912
1992-03-10 14:30:00+00:00,0.00456044474530447
1992-03-11 14:30:00+00:00,-0.001030319618583586
1992-03-12 14:30:00+00:00,-0.0017852562430139662
1992-03-13 14:30:00+00:00,0.0053877337586001215
1992-03-16 14:30:00+00:00,-0.0009244314274522547
1992-03-17 14:30:00+00:00,0.003573527401173882
1992-03-18 14:30:00+00:00,0.003493932267205169
1992-03-19 14:30:00+00:00,0.003212329689461491
1992-03-20 14:30:00+00:00,-0.00032367985737536954
1992-03-23 14:30:00+00:00,-0.0018781225325580464
1992-03-24 14:30:00+00:00,0.0015724474514930864
1992-03-25 14:30:00+00:00,-0.0033811280237771133
1992-03-26 14:30:00+00:00,0.0004165741174986138
1992-03-27 14:30:00+00:00,-0.004357385461890473
1992-03-30 14:30:00+00:00,0.0004954427983771992
1992-03-31 14:30:00+00:00,-0.0029568633503694983
1992-04-01 14:30:00+00:00,-0.008629778305423007
1992-04-02 14:30:00+00:00,-0.0006979942710546693
1992-04-03 14:30:00+00:00,-0.0017671554042713144
1992-04-06 13:30:00+00:00,0.004425317987769117
1992-04-07 13:30:00+00:00,-0.0003347073042284764
1992-04-08 13:30:00+00:00,-0.011654084132622044
1992-04-09 13:30:00+00:00,0.0037349118587348576
1992-04-10 13:30:00+00:00,0.006444570695302454
1992-04-13 13:30:00+00:00,-0.0004593744711241076
1992-04-14 13:30:00+00:00,0.007024036840057135
1992-04-15 13:30:00+00:00,0.008020268841594225
1992-04-16 13:30:00+00:00,-0.003099931237165465
1992-04-20 13:30:00+00:00,-0.009072470185531156
1992-04-21 13:30:00+00:00,-0.0010701967199420292
1992-04-22 13:30:00+00:00,9.126224484344867e-05
1992-04-23 13:30:00+00:00,0.004119778503058879
1992-04-24 13:30:00+00:00,0.0005249203353718701
1992-04-27 13:30:00+00:00,-0.0029801765991244286
1992-04-28 13:30:00+00:00,-0.00174037230002545
1992-04-29 13:30:00+00:00,0.004718610684207414
1992-04-30 13:30:00+00:00,0.003303871342765985
1992-05-01 13:30:00+00:00,0.00171445324921925
1992-05-04 13:30:00+00:00,0.005331235633027276
1992-05-05 13:30:00+00:00,0.001442352620132359
1992-05-06 13:30:00+00:00,0.002943817921421166
1992-05-07 13:30:00+00:00,-1.5182920097844748e-05
1992-05-08 13:30:00+00:00,-0.00032130910416173765
1992-05-11 13:30:00+00:00,0.0010779609906834576
1992-05-12 13:30:00+00:00,-0.0007983703375359474
1992-05-13 13:30:00+00:00,-0.0012474140696293711
1992-05-14 13:30:00+00:00,-0.0031907444930753368
1992-05-15 13:30:00+00:00,-0.006796121568863678
1992-05-18 13:30:00+00:00,0.004060671759676937
1992-05-19 13:30:00+00:00,-0.0001
1992-05-20 13:30:00+00:00,0.0015088447286921603
1992-05-21 13:30:00+00:00,-0.002116203888499879
1992-05-22 13:30:00+00:00,0.0008325489298348532
1992-05-26 13:30:00+00:00,-0.0013406870899019929
1992-05-27 13:30:00+00:00,0.000994423444963466
1992-05-28 13:30:00+00:00,-0.0015548642172540483
1992-05-29 13:30:00+00:00,0.0046373771232295245
1992-06-01 13:30:00+00:00,-0.00290195905636027
1992-06-02 13:30:00+00:00,0.001310706012767493
1992-06-03 13:30:00+00:00,-0.00181426351570092
1992-06-04 13:30:00+00:00,-0.0003711730993801842
1992-06-05 13:30:00+00:00,-0.00018497567765763935
1992-06-08 13:30:00+00:00,-0.0013298151993106466
1992-06-09 13:30:00+00:00,-0.0012683522007723824
1992-06-10 13:30:00+00:00,-0.001058500879521096
1992-06-11 13:30:00+00:00,-0.003645697729268604
1992-06-12 13:30:00+00:00,0.004286256811057087
1992-06-15 13:30:00+00:00,-0.0019261676970653396
1992-06-16 13:30:00+00:00,-1.214953672025168e-05
1992-06-17 13:30:00+00:00,-0.003450673894900291
1992-06-18 13:30:00+00:00,-0.002015981449830961
1992-06-19 13:30:00+00:00,0.0039970921026615145
1992-06-22 13:30:00+00:00,-0.003347902838905636
1992-06-23 13:30:00+00:00,0.006212247578933894
1992-06-24 13:30:00+00:00,-0.0014372673376533806
1992-06-25 13:30:00+00:00,0.0011695409572796023
1992-06-26 13:30:00+00:00,-0.0019424110600777644
1992-06-29 13:30:00+00:00,0.005521998948061701
1992-06-30 13:30:00+00:00,0.0014568989552481316
1992-07-01 13:30:00+00:00,0.0001306687161888199
1992-07-02 13:30:00+00:00,0.0017102766560985639
1992-07-06 13:30:00+00:00,-0.004750741511903811
1992-07-07 13:30:00+00:00,0.0019776035314709064
1992-07-08 13:30:00+00:00,-0.0024679990539391403
1992-07-09 13:30:00+00:00,0.004993469489044988
1992-07-10 13:30:00+00:00,0.003281979892928211
1992-07-13 13:30:00+00:00,0.001238516699479264
1992-07-14 13:30:00+00:00,0.0015660451331786951
1992-07-15 13:30:00+00:00,0.0009952606156824362
1992-07-16 13:30:00+00:00,-0.0037143607148538813
1992-07-17 13:30:00+00:00,-0.008152924606079647
1992-07-20 13:30:00+00:00,-0.017049526071420972
1992-07-21 13:30:00+00:00,0.0034974483524574554
1992-07-22 13:30:00+00:00,-0.004426226107542852
1992-07-23 13:30:00+00:00,0.0016379237785770662
1992-07-24 13:30:00+00:00,-0.0016921792414812508
1992-07-27 13:30:00+00:00,0.0005188657027972333
1992-07-28 13:30:00+00:00,0.002591586393179124
1992-07-29 13:30:00+00:00,0.005025680336500071
1992-07-30 13:30:00+00:00,-0.0015372839423708595
1992-07-31 13:30:00+00:00,0.0013167369411073327
1992-08-03 13:30:00+00:00,-0.0021832634971568174
1992-08-04 13:30:00+00:00,0.002441454669164445
1992-08-05 13:30:00+00:00,-0.0038845114210979245
1992-08-06 13:30:00+00:00,-0.002942953633087397
1992-08-07 13:30:00+00:00,-0.0016156180753033155
1992-08-10 13:30:00+00:00,-0.0006228636631137152
1992-08-11 13:30:00+00:00,0.0008945341620727354
1992-08-12 13:30:00+00:00,0.0014046298520868806
1992-08-13 13:30:00+00:00,0.001686843435007679
1992-08-14 13:30:00+00:00,-8.246945516355844e-05
1992-08-17 13:30:00+00:00,0.0003186996012449651
1992-08-18 13:30:00+00:00,-0.002527993928789118
1992-08-19 13:30:00+00:00,0.0006882919243966668
1992-08-20 13:30:00+00:00,0.000446145357893435
1992-08-21 13:30:00+00:00,0.0038622443173330526
1992-08-24 13:30:00+00:00,-0.007958776973299508
1992-08-25 13:30:00+00:00,-0.0014504023843041724
1992-08-26 13:30:00+00:00,0.001361619278573245
1992-08-27 13:30:00+00:00,0.006628721989553987
1992-08-28 13:30:00+00:00,-0.0009166988419499033
1992-08-31 13:30:00+00:00,-0.0013243637667602725
1992-09-01 13:30:00+00:00,-0.001183224458111376
1992-09-02 13:30:00+00:00,0.0014558510380002665
1992-09-03 13:30:00+00:00,0.002053138676148858
1992-09-04 13:30:00+00:00,-0.0027440640104709033
1992-09-08 13:30:00+00:00,-0.0013556356989671392
1992-09-09 13:30:00+00:00,0.0005828346378608962
1992-09-10 13:30:00+00:00,0.0012741376736675636
1992-09-11 13:30:00+00:00,0.0015689005481025365
1992-09-14 13:30:00+00:00,0.008441843854022347
1992-09-15 13:30:00+00:00,-0.006427745454616452
1992-09-16 13:30:00+00:00,-0.007686774144582753
1992-09-17 13:30:00+00:00,0.0031088017133056203
1992-09-18 13:30:00+00:00,-0.0005933109178500983
1992-09-21 13:30:00+00:00,-0.0015937616955904565
1992-09-22 13:30:00+00:00,-0.0003378854945327413
1992-09-23 13:30:00+00:00,-0.0019353470398263517
1992-09-24 13:30:00+00:00,0.002490141130706103
1992-09-25 13:30:00+00:00,-0.0008851142259427402
1992-09-28 13:30:00+00:00,-0.003928866815518306
1992-09-29 13:30:00+00:00,-0.0005172337371401991
1992-09-30 13:30:00+00:00,0.0014753564337708247
1992-10-01 13:30:00+00:00,-0.0038546974267017584
1992-10-02 13:30:00+00:00,-0.003091443384889214
1992-10-05 13:30:00+00:00,-0.010543873987169616
1992-10-06 13:30:00+00:00,0.0014392421991229365
1992-10-07 13:30:00+00:00,0.002844514436464818
1992-10-08 13:30:00+00:00,0.004397536021947024
1992-10-09 13:30:00+00:00,-0.0038290280724704415
1992-10-12 13:30:00+00:00,0.0014424610051992804
1992-10-13 13:30:00+00:00,0.0010849864839639234
1992-10-14 13:30:00+00:00,-0.0025287426412686884
1992-10-15 13:30:00+00:00,-0.00044700493221540007
1992-10-16 13:30:00+00:00,-0.0017936981181671085
1992-10-19 13:30:00+00:00,0.0007582070554425946
1992-10-20 13:30:00+00:00,0.005317597473406754
1992-10-21 13:30:00+00:00,0.0025151303543879846
1992-10-22 13:30:00+00:00,-0.001238832258450906
1992-10-23 13:30:00+00:00,0.001792425127366204
1992-10-26 14:30:00+00:00,-0.0012384441481303576
1992-10-27 14:30:00+00:00,-0.000801233757664177
1992-10-28 14:30:00+00:00,-0.0003345500386536914
1992-10-29 14:30:00+00:00,0.0030094548822541148
1992-10-30 14:30:00+00:00,0.0001805831898933242
1992-11-02 14:30:00+00:00,-0.00242987951211816
1992-11-03 14:30:00+00:00,-0.0015484007969519653
1992-11-04 14:30:00+00:00,-0.00033158993760907797
1992-11-05 14:30:00+00:00,0.0005935904620979371
1992-11-06 14:30:00+00:00,-0.00014890127677059652
1992-11-09 14:30:00+00:00,-6.754396580489477e-05
1992-11-10 14:30:00+00:00,0.0031955354604893296
1992-11-11 14:30:00+00:00,0.0021619837008834855
1992-11-12 14:30:00+00:00,0.0016325594574164604
1992-11-13 14:30:00+00:00,-0.000604449022939113
1992-11-16 14:30:00+00:00,-0.0025012309721340717
1992-11-17 14:30:00+00:00,-0.0020085218750781728
1992-11-18 14:30:00+00:00,-2.0283553056510333e-05
1992-11-19 14:30:00+00:00,0.002719580858460791
1992-11-20 14:30:00+00:00,0.0006829995055594896
1992-11-23 14:30:00+00:00,-0.006682602909209534
1992-11-24 14:30:00+00:00,0.0015435848550959697
1992-11-25 14:30:00+00:00,0.0020209324581377144
1992-11-27 14:30:00+00:00,0.0006403335586781967
1992-11-30 14:30:00+00:00,0.0018245870125710329
1992-12-01 14:30:00+00:00,-0.00339380209771013
1992-12-02 14:30:00+00:00,-0.00017643977679583357
1992-12-03 14:30:00+00:00,-0.0010954869823414203
1992-12-04 14:30:00+00:00,0.0024900607059716753
1992-12-07 14:30:00+00:00,0.0017743218187591281
1992-12-08 14:30:00+00:00,0.0011752247439387076
1992-12-09 14:30:00+00:00,-0.0034877110297495515
1992-12-10 14:30:00+00:00,-0.002931673893248232
1992-12-11 14:30:00+00:00,-0.004151997844739197
1992-12-14 14:30:00+00:00,0.0008149829079406757
1992-12-15 14:30:00+00:00,-0.003093540842740616
1992-12-16 14:30:00+00:00,0.0006221985449481493
1992-12-17 14:30:00+00:00,0.00276314569459889
1992-12-18 14:30:00+00:00,0.0020413192866397425
1992-12-21 14:30:00+00:00,-0.0008711423844497523
1992-12-22 14:30:00+00:00,0.0018321441585369303
1992-12-23 14:30:00+00:00,0.0018368806514479253
1992-12-24 14:30:00+00:00,0.00023180085651385306
1992-12-28 14:30:00+00:00,-0.00043043752127681624
1992-12-29 14:30:00+00:00,0.0014759666686210316
1992-12-30 14:30:00+00:00,0.0017684324326296852
1992-12-31 14:30:00+00:00,0.0016117279985900957
1993-01-04 14:30:00+00:00,-0.0025226525132787778
1993-01-05 14:30:00+00:00,-0.0020052817579288115
1993-01-06 14:30:00+00:00,0.005979982535007078
1993-01-07 14:30:00+00:00,-0.0005252812755394242
1993-01-08 14:30:00+00:00,-0.0016039877002748226
1993-01-11 14:30:00+00:00,0.0002691616956167376
1993-01-12 14:30:00+00:00,-0.001506831679820919
1993-01-13 14:30:00+00:00,-0.0004532124954939153
1993-01-14 14:30:00+00:00,0.005054456851297784
1993-01-15 14:30:00+00:00,-0.004757165700050037
1993-01-18 14:30:00+00:00,-0.0036286837646227863
1993-01-19 14:30:00+00:00,0.00025809949185883206
1993-01-20 14:30:00+00:00,-8.563487082559043e-05
1993-01-21 14:30:00+00:00,-0.0014764939913049057
1993-01-22 14:30:00+00:00,-0.0003568498519694984
1993-01-25 14:30:00+00:00,0.0027932175756335445
1993-01-26 14:30:00+00:00,0.0040445542473845795
1993-01-27 14:30:00+00:00,-0.001994855296113662
1993-01-28 14:30:00+00:00,-0.0036965176641630235
1993-01-29 14:30:00+00:00,0.0031965856001239137
1993-02-01 14:30:00+00:00,0.0022551046184819848
1993-02-02 14:30:00+00:00,0.000583956930891183
1993-02-03 14:30:00+00:00,0.0035305842641268795
1993-02-04 14:30:00+00:00,0.0018191533711273578
1993-02-05 14:30:00+00:00,-0.0029496276584111245
1993-02-08 14:30:00+00:00,0.0005705351812856807
1993-02-09 14:30:00+00:00,-0.0015747570203231808
1993-02-10 14:30:00+00:00,0.003944997477773204
1993-02-11 14:30:00+00:00,0.0027344085749554273
1993-02-12 14:30:00+00:00,0.00012988610595042759
1993-02-16 14:30:00+00:00,-0.010961065598874008
1993-02-17 14:30:00+00:00,-0.0037670259362029388
1993-02-18 14:30:00+00:00,0.012896083616767296
1993-02-19 14:30:00+00:00,0.0034322904025869574
1993-02-22 14:30:00+00:00,-0.0034302104945410747
1993-02-23 14:30:00+00:00,-0.0010808921094456303
1993-02-24 14:30:00+00:00,-0.00022283863500883728
1993-02-25 14:30:00+00:00,-0.002258609770176123
1993-02-26 14:30:00+00:00,0.0007094772983568976
1993-03-01 14:30:00+00:00,6.396879460911506e-05
1993-03-02 14:30:00+00:00,-0.00044350564651075554
1993-03-03 14:30:00+00:00,0.0009476627565210172
1993-03-04 14:30:00+00:00,-0.006270269634714454
1993-03-05 14:30:00+00:00,-0.0029351809544986393
1993-03-08 14:30:00+00:00,0.0021895014012547234
1993-03-09 14:30:00+00:00,0.0029412335242464563
1993-03-10 14:30:00+00:00,-0.0006660918427760065
1993-03-11 14:30:00+00:00,0.0012566793886741201
1993-03-12 14:30:00+00:00,-0.00944788701340583
1993-03-15 14:30:00+00:00,0.0015022190372448896
1993-03-16 14:30:00+00:00,0.002546633049235403
1993-03-17 14:30:00+00:00,-0.003105112957212952
1993-03-18 14:30:00+00:00,0.0027803904545067207
1993-03-19 14:30:00+00:00,0.000729210146037429
1993-03-22 14:30:00+00:00,-0.007438219102202448
1993-03-23 14:30:00+00:00,0.0036392174560799686
1993-03-24 14:30:00+00:00,-0.00030732640708220894
1993-03-25 14:30:00+00:00,0.0018425790186984315
1993-03-26 14:30:00+00:00,0.002734015136496282
1993-03-29 14:30:00+00:00,-0.0004814137671295237
1993-03-30 14:30:00+00:00,0.0025293818697722406
1993-03-31 14:30:00+00:00,0.004606711065573854
1993-04-01 14:30:00+00:00,0.0008998151602224059
1993-04-02 14:30:00+00:00,-0.012901524634419303
1993-04-05 13:30:00+00:00,-0.0002641940069734282
1993-04-06 13:30:00+00:00,0.0027178401266805155
1993-04-07 13:30:00+00:00,0.0009689928657223735
1993-04-08 13:30:00+00:00,-0.0011465437775403208
1993-04-12 13:30:00+00:00,0.005872986908397537
1993-04-13 13:30:00+00:00,0.0047282624548008355
1993-04-14 13:30:00+00:00,-0.0015395792910364414
1993-04-15 13:30:00+00:00,-0.004076604246776816
1993-04-16 13:30:00+00:00,-0.0014128130940404104
1993-04-19 13:30:00+00:00,-0.003969367672220792
1993-04-20 13:30:00+00:00,0.0009255835267407587
1993-04-21 13:30:00+00:00,0.0016221546276888766
1993-04-22 13:30:00+00:00,-0.0011390977414582725
1993-04-23 13:30:00+00:00,-0.003174616859541579
1993-04-26 13:30:00+00:00,-0.002560465641871301
1993-04-27 13:30:00+00:00,7.029023239034657e-05
1993-04-28 13:30:00+00:00,0.0045281468854598715
1993-04-29 13:30:00+00:00,-0.0009356445475422581
1993-04-30 13:30:00+00:00,0.0032867118648467366
1993-05-03 13:30:00+00:00,0.001910851084347065
1993-05-04 13:30:00+00:00,0.006964481982083093
1993-05-05 13:30:00+00:00,0.0008143213650144588
1993-05-06 13:30:00+00:00,0.0006317858397295484
1993-05-07 13:30:00+00:00,0.000311783580264391
1993-05-10 13:30:00+00:00,0.0014261476045107524
1993-05-11 13:30:00+00:00,-0.002721449295778788
1993-05-12 13:30:00+00:00,-0.0019446545986129382
1993-05-13 13:30:00+00:00,-0.005645085424954466
1993-05-14 13:30:00+00:00,-0.0013284901306143237
1993-05-17 13:30:00+00:00,0.0029900644182281224
1993-05-18 13:30:00+00:00,0.003351480536424523
1993-05-19 13:30:00+00:00,0.00133949649898234
1993-05-20 13:30:00+00:00,0.004896903731920188
1993-05-21 13:30:00+00:00,-0.0022076964262538576
1993-05-24 13:30:00+00:00,-0.0026061433830843026
1993-05-25 13:30:00+00:00,-0.0026335182015570055
1993-05-26 13:30:00+00:00,0.0009071538748288588
1993-05-27 13:30:00+00:00,0.003138177185808544
1993-05-28 13:30:00+00:00,-0.004953948842528877
1993-06-01 13:30:00+00:00,0.0005138104832034141
1993-06-02 13:30:00+00:00,0.001149423256449278
1993-06-03 13:30:00+00:00,-0.0015733488920267713
1993-06-04 13:30:00+00:00,-0.0042063174353721535
1993-06-07 13:30:00+00:00,-0.00024250027734952208
1993-06-08 13:30:00+00:00,-0.004634866249168546
1993-06-09 13:30:00+00:00,-0.0011759738344179315
1993-06-10 13:30:00+00:00,-0.0003031435355193123
1993-06-11 13:30:00+00:00,0.00800990071774076
1993-06-14 13:30:00+00:00,0.0020927891716506666
1993-06-15 13:30:00+00:00,0.003561706360422512
1993-06-16 13:30:00+00:00,0.0007747315915782483
1993-06-17 13:30:00+00:00,8.672155520649269e-05
1993-06-18 13:30:00+00:00,0.00017301554838010667
1993-06-21 13:30:00+00:00,-0.0015791680440932043
1993-06-22 13:30:00+00:00,-0.00021617895138704703
1993-06-23 13:30:00+00:00,-0.00023108734060662818
1993-06-24 13:30:00+00:00,-0.002275835339569665
1993-06-25 13:30:00+00:00,0.001685982048190693
1993-06-28 13:30:00+00:00,0.004088156697163547
1993-06-29 13:30:00+00:00,0.0009386153902133266
1993-06-30 13:30:00+00:00,0.0035943041254862143
1993-07-01 13:30:00+00:00,-0.0028558809684851136
1993-07-02 13:30:00+00:00,-0.0018055560215860633
1993-07-06 13:30:00+00:00,0.0013336751119614632
1993-07-07 13:30:00+00:00,-0.0066648736064093385
1993-07-08 13:30:00+00:00,0.00010036728178718377
1993-07-09 13:30:00+00:00,-0.001537306618723988
1993-07-12 13:30:00+00:00,0.0013593577597907803
1993-07-13 13:30:00+00:00,-7.17106395162869e-05
1993-07-14 13:30:00+00:00,0.0003235166493045117
1993-07-15 13:30:00+00:00,-0.0031175348543479695
1993-07-16 13:30:00+00:00,-0.004700050451388338
1993-07-19 13:30:00+00:00,-0.0005858528715387945
1993-07-20 13:30:00+00:00,0.002817333561160085
1993-07-21 13:30:00+00:00,-0.0027214942177908982
1993-07-22 13:30:00+00:00,0.0009713061102896048
1993-07-23 13:30:00+00:00,0.0028762009231795174
1993-07-26 13:30:00+00:00,0.0027704584051992834
1993-07-27 13:30:00+00:00,-0.0010651583969516598
1993-07-28 13:30:00+00:00,0.0009984586751070502
1993-07-29 13:30:00+00:00,0.0015014169767846198
1993-07-30 13:30:00+00:00,-0.005628495558113855
1993-08-02 13:30:00+00:00,0.0022839827539093862
1993-08-03 13:30:00+00:00,0.0021751694992220186
1993-08-04 13:30:00+00:00,-0.00017050364914495954
1993-08-05 13:30:00+00:00,0.0020154818813764466
1993-08-06 13:30:00+00:00,0.0014513422104298513
1993-08-09 13:30:00+00:00,-0.0008520597282300035
1993-08-10 13:30:00+00:00,0.00024795195952330716
1993-08-11 13:30:00+00:00,0.00176864197631742
1993-08-12 13:30:00+00:00,0.003656349177774343
1993-08-13 13:30:00+00:00,0.0006808979841681384
1993-08-16 13:30:00+00:00,0.003965356375762885
1993-08-17 13:30:00+00:00,0.00047778054684010095
1993-08-18 13:30:00+00:00,0.007204914774046045
1993-08-19 13:30:00+00:00,-0.0030531237086728444
1993-08-20 13:30:00+00:00,-0.0008666158875899721
1993-08-23 13:30:00+00:00,-0.0014954518723161558
1993-08-24 13:30:00+00:00,0.001377734602372882
1993-08-25 13:30:00+00:00,0.0007433701129491044
1993-08-26 13:30:00+00:00,-0.004461627032969717
1993-08-27 13:30:00+00:00,0.00010503886558853601
1993-08-30 13:30:00+00:00,0.0019706737996156745
1993-08-31 13:30:00+00:00,0.002775037434090011
1993-09-01 13:30:00+00:00,0.0009904064526822132
1993-09-02 13:30:00+00:00,0.0027009994664996986
1993-09-03 13:30:00+00:00,-0.001155284895126185
1993-09-07 13:30:00+00:00,-0.0008069790736962123
1993-09-08 13:30:00+00:00,-0.006497485121983682
1993-09-09 13:30:00+00:00,0.0018980321208659113
1993-09-10 13:30:00+00:00,0.0035328538259720046
1993-09-13 13:30:00+00:00,-0.0002343198213988872
1993-09-14 13:30:00+00:00,-0.008272125206821756
1993-09-15 13:30:00+00:00,-0.002024593458581536
1993-09-16 13:30:00+00:00,-0.00037045123430824435
1993-09-17 13:30:00+00:00,-0.0009785663552729473
1993-09-20 13:30:00+00:00,0.0028454982623233763
1993-09-21 13:30:00+00:00,4.858668255990359e-05
1993-09-22 13:30:00+00:00,0.005802744293929229
1993-09-23 13:30:00+00:00,0.0037898308602253186
1993-09-24 13:30:00+00:00,0.0002987820555053645
1993-09-27 13:30:00+00:00,0.004272871776597398
1993-09-28 13:30:00+00:00,-3.4222261772642786e-05
1993-09-29 13:30:00+00:00,0.002414265527635784
1993-09-30 13:30:00+00:00,-0.0038998918246862077
1993-10-01 13:30:00+00:00,-0.0016207977859053035
1993-10-04 13:30:00+00:00,0.0003192803380471677
1993-10-05 13:30:00+00:00,0.001965734008696252
1993-10-06 13:30:00+00:00,0.0026680287791720383
1993-10-07 13:30:00+00:00,6.99921276885341e-05
1993-10-08 13:30:00+00:00,0.0012640035617783485
1993-10-11 13:30:00+00:00,0.0027392882812375843
1993-10-12 13:30:00+00:00,0.0058010852832011016
1993-10-13 13:30:00+00:00,0.003498850662354547
1993-10-14 13:30:00+00:00,0.004136426245220137
1993-10-15 13:30:00+00:00,0.003363199897234759
1993-10-18 13:30:00+00:00,0.0007762826145916058
1993-10-19 13:30:00+00:00,-0.002322465282165742
1993-10-20 13:30:00+00:00,0.0028529451044083556
1993-10-21 13:30:00+00:00,0.0007200519138463757
1993-10-22 13:30:00+00:00,0.0036729139015618697
1993-10-25 13:30:00+00:00,0.0017636466002175389
1993-10-26 13:30:00+00:00,-0.0018927962102143314
1993-10-27 13:30:00+00:00,0.0023690428749116757
1993-10-28 13:30:00+00:00,0.0007032273323126393
1993-10-29 13:30:00+00:00,0.0015678161046519424
1993-11-01 14:30:00+00:00,0.0013244094880428992
1993-11-02 14:30:00+00:00,-8.7228695439212e-05
1993-11-03 14:30:00+00:00,-0.0022764643687472994
1993-11-04 14:30:00+00:00,-0.0039036126463231177
1993-11-05 14:30:00+00:00,-0.0001
1993-11-08 14:30:00+00:00,0.0011582366544040546
1993-11-09 14:30:00+00:00,0.008827011686303166
1993-11-10 14:30:00+00:00,0.0010820288797508293
1993-11-11 14:30:00+00:00,0.003454423394237061
1993-11-12 14:30:00+00:00,0.000849947691761821
1993-11-15 14:30:00+00:00,-0.0008185720286028153
1993-11-16 14:30:00+00:00,-0.0009544684694892224
1993-11-17 14:30:00+00:00,-0.002315944183864282
1993-11-18 14:30:00+00:00,-0.003405470571008051
1993-11-19 14:30:00+00:00,-0.0029634754922017834
1993-11-22 14:30:00+00:00,-0.007138663639001519
1993-11-23 14:30:00+00:00,0.006430024917472454
1993-11-24 14:30:00+00:00,0.005416717651886438
1993-11-26 14:30:00+00:00,0.0006833809463957397
1993-11-29 14:30:00+00:00,0.001926877881982081
1993-11-30 14:30:00+00:00,-0.0008051764073946476
1993-12-01 14:30:00+00:00,0.007203927224159734
1993-12-02 14:30:00+00:00,0.0019947298294753393
1993-12-03 14:30:00+00:00,0.0025084802354764404
1993-12-06 14:30:00+00:00,-0.006199247774195016
1993-12-07 14:30:00+00:00,-0.00037237023608350785
1993-12-08 14:30:00+00:00,-0.004246360619530443
1993-12-09 14:30:00+00:00,-0.00461891764717105
1993-12-10 14:30:00+00:00,-0.0015839392471392987
1993-12-13 14:30:00+00:00,-0.0013618778423942878
1993-12-14 14:30:00+00:00,-0.001231976760814335
1993-12-15 14:30:00+00:00,-0.00037940030298689854
1993-12-16 14:30:00+00:00,0.0023569859264986784
1993-12-17 14:30:00+00:00,0.004108956034137623
1993-12-20 14:30:00+00:00,0.0004532499454949935
1993-12-21 14:30:00+00:00,-0.0025600342789292682
1993-12-22 14:30:00+00:00,-0.004308399157302423
1993-12-23 14:30:00+00:00,0.0019500585632992063
1993-12-27 14:30:00+00:00,-3.4113889331177565e-05
1993-12-28 14:30:00+00:00,-0.00017883420332988055
1993-12-29 14:30:00+00:00,-0.0007016819793412953
1993-12-30 14:30:00+00:00,0.00010824768862537368
1993-12-31 14:30:00+00:00,0.00034089564348404054
1994-01-03 14:30:00+00:00,-0.0035629280170935804
1994-01-04 14:30:00+00:00,0.0007692497037565694
1994-01-05 14:30:00+00:00,0.0011268832152853015
1994-01-06 14:30:00+00:00,0.0028689577724258955
1994-01-07 14:30:00+00:00,-0.001535136858483066
1994-01-10 14:30:00+00:00,4.047736891664719e-05
1994-01-11 14:30:00+00:00,-0.0010660854507701489
1994-01-12 14:30:00+00:00,0.0033117433154414735
1994-01-13 14:30:00+00:00,-0.003289865900594113
1994-01-14 14:30:00+00:00,0.0026671553833246156
1994-01-17 14:30:00+00:00,-0.0008951494803217774
1994-01-18 14:30:00+00:00,-0.000402949123423768
1994-01-19 14:30:00+00:00,-0.004362193638958079
1994-01-20 14:30:00+00:00,0.0012176287106493322
1994-01-21 14:30:00+00:00,0.0015140224385370327
1994-01-24 14:30:00+00:00,-0.0005910291509944154
1994-01-25 14:30:00+00:00,-0.0009474595897332016
1994-01-26 14:30:00+00:00,-0.0017022708098453187
1994-01-27 14:30:00+00:00,0.00031837867006955244
1994-01-28 14:30:00+00:00,0.0026116643134168507
1994-01-31 14:30:00+00:00,0.0014567400961262745
1994-02-01 14:30:00+00:00,-0.0026609802590945694
1994-02-02 14:30:00+00:00,-0.0004511718744019232
1994-02-03 14:30:00+00:00,-0.0015132657209017241
1994-02-04 14:30:00+00:00,-0.0007893891978044798
1994-02-07 14:30:00+00:00,-0.008642628651406425
1994-02-08 14:30:00+00:00,0.0012732126635728203
1994-02-09 14:30:00+00:00,0.0008965098371718106
1994-02-10 14:30:00+00:00,0.0019596735748739105
1994-02-11 14:30:00+00:00,-0.0031506671586335575
1994-02-14 14:30:00+00:00,0.00274105332997342
1994-02-15 14:30:00+00:00,0.0010840252865591427
1994-02-16 14:30:00+00:00,0.0030894136926331475
1994-02-17 14:30:00+00:00,0.004340992597883664
1994-02-18 14:30:00+00:00,0.0014564644714893827
1994-02-22 14:30:00+00:00,-0.0019254452506468733
1994-02-23 14:30:00+00:00,0.0017833219849527793
1994-02-24 14:30:00+00:00,-0.010681510487688738
1994-02-25 14:30:00+00:00,0.002812372375217798
1994-02-28 14:30:00+00:00,0.005590322247048129
1994-03-01 14:30:00+00:00,-0.0006047626675867001
1994-03-02 14:30:00+00:00,-0.019918934612112037
1994-03-03 14:30:00+00:00,0.0013423078421224033
1994-03-04 14:30:00+00:00,0.002857005370623822
1994-03-07 14:30:00+00:00,0.003796043434827412
1994-03-08 14:30:00+00:00,-0.0013074221146330944
1994-03-09 14:30:00+00:00,0.0009604792968829102
1994-03-10 14:30:00+00:00,0.0009339919763453497
1994-03-11 14:30:00+00:00,-0.0031795645974912576
1994-03-14 14:30:00+00:00,0.0015091719164350593
1994-03-15 14:30:00+00:00,0.0019938877462759466
1994-03-16 14:30:00+00:00,0.0015256401799488173
1994-03-17 14:30:00+00:00,0.0016522427454339517
1994-03-18 14:30:00+00:00,-0.005872163655163532
1994-03-21 14:30:00+00:00,-0.004789487350387212
1994-03-22 14:30:00+00:00,-0.0018434023199790483
1994-03-23 14:30:00+00:00,0.003089564685544433
1994-03-24 14:30:00+00:00,-0.004940046274399601
1994-03-25 14:30:00+00:00,-0.001205907262530348
1994-03-28 14:30:00+00:00,-0.00449083845530297
1994-03-29 14:30:00+00:00,-0.0028055363824838306
1994-03-30 14:30:00+00:00,-0.012227756770260789
1994-03-31 14:30:00+00:00,-0.0014290065512157057
1994-04-04 13:30:00+00:00,-0.027539302465698367
1994-04-05 13:30:00+00:00,0.016589370639169532
1994-04-06 13:30:00+00:00,0.0006989554247083141
1994-04-07 13:30:00+00:00,0.0002330136532346817
1994-04-08 13:30:00+00:00,-0.002668961274030168
1994-04-11 13:30:00+00:00,-0.0017161423476984683
1994-04-12 13:30:00+00:00,-0.0026932048487423696
1994-04-13 13:30:00+00:00,0.0016045126154080492
1994-04-14 13:30:00+00:00,-0.0001
1994-04-15 13:30:00+00:00,0.0011511489565465439
1994-04-18 13:30:00+00:00,0.004227135102866863
1994-04-19 13:30:00+00:00,0.002537189737960899
1994-04-20 13:30:00+00:00,0.004767828936136353
1994-04-21 13:30:00+00:00,0.005711281710562221
1994-04-22 13:30:00+00:00,0.0042131544970564925
1994-04-25 13:30:00+00:00,0.0016852884628299925
1994-04-26 13:30:00+00:00,0.003635689038735446
1994-04-28 13:30:00+00:00,0.0023788647250126862
1994-04-29 13:30:00+00:00,-0.002778760084347642
1994-05-02 13:30:00+00:00,7.707380750686674e-05
1994-05-03 13:30:00+00:00,0.0014796064720603464
1994-05-04 13:30:00+00:00,-8.646176381100759e-05
1994-05-05 13:30:00+00:00,0.0013318486776609962
1994-05-06 13:30:00+00:00,-0.011388887299124028
1994-05-09 13:30:00+00:00,-0.004057049691442949
1994-05-10 13:30:00+00:00,0.006041421802676294
1994-05-11 13:30:00+00:00,-0.0007345130657328113
1994-05-12 13:30:00+00:00,0.005715875746382426
1994-05-13 13:30:00+00:00,-0.0032822488208317344
1994-05-16 13:30:00+00:00,-0.0024573097161361243
1994-05-17 13:30:00+00:00,-0.005016351971500532
1994-05-18 13:30:00+00:00,0.0054936310426965005
1994-05-19 13:30:00+00:00,0.0017838970848717995
1994-05-20 13:30:00+00:00,-0.00023745938633191733
1994-05-23 13:30:00+00:00,0.0011384248848062995
1994-05-24 13:30:00+00:00,0.003955455399546437
1994-05-25 13:30:00+00:00,-0.003394698676713503
1994-05-26 13:30:00+00:00,0.002358764564809757
1994-05-27 13:30:00+00:00,-0.0016444820679408889
1994-05-31 13:30:00+00:00,-0.0032508272805180758
1994-06-01 13:30:00+00:00,-0.002834000406629855
1994-06-02 13:30:00+00:00,0.002795916938018939
1994-06-03 13:30:00+00:00,-0.0013170715538371014
1994-06-06 13:30:00+00:00,0.0011257511497428819
1994-06-07 13:30:00+00:00,-0.0013913414606813279
1994-06-08 13:30:00+00:00,-0.0019124791592553092
1994-06-09 13:30:00+00:00,0.0003384923523939044
1994-06-10 13:30:00+00:00,0.0015189121225391733
1994-06-13 13:30:00+00:00,-0.0016253593696799018
1994-06-14 13:30:00+00:00,0.0028930332169880726
1994-06-15 13:30:00+00:00,0.002644666410577468
1994-06-16 13:30:00+00:00,-0.0033480084817496644
1994-06-17 13:30:00+00:00,0.0005531443773778455
1994-06-20 13:30:00+00:00,-0.004076093063657871
1994-06-21 13:30:00+00:00,-0.0034803891748074298
1994-06-22 13:30:00+00:00,0.0023408379880329624
1994-06-23 13:30:00+00:00,0.00013849217454507966
1994-06-24 13:30:00+00:00,-0.0016266409735806841
1994-06-27 13:30:00+00:00,0.00043329556336279006
1994-06-28 13:30:00+00:00,0.0019635455999105103
1994-06-29 13:30:00+00:00,0.0006549737284964219
1994-06-30 13:30:00+00:00,0.002371541896051033
1994-07-01 13:30:00+00:00,0.0003673863170969739
1994-07-05 13:30:00+00:00,-0.00026976037537252963
1994-07-06 13:30:00+00:00,-0.0016919159021476892
1994-07-07 13:30:00+00:00,0.0005847082293153228
1994-07-08 13:30:00+00:00,-0.0014163682679745437
1994-07-11 13:30:00+00:00,0.0013135074335530628
1994-07-12 13:30:00+00:00,0.0005932221644921909
1994-07-13 13:30:00+00:00,0.001717920177176413
1994-07-14 13:30:00+00:00,0.0012901439270718185
1994-07-15 13:30:00+00:00,1.0894575800379864e-05
1994-07-18 13:30:00+00:00,0.0012030975663947952
1994-07-19 13:30:00+00:00,1.0731906651340135e-05
1994-07-20 13:30:00+00:00,0.00024755046078860375
1994-07-21 13:30:00+00:00,0.0006716202672642946
1994-07-22 13:30:00+00:00,0.0023194514885635955
1994-07-25 13:30:00+00:00,-0.00012793371023968038
1994-07-26 13:30:00+00:00,0.00020684452296991794
1994-07-27 13:30:00+00:00,9.564409592764953e-05
1994-07-28 13:30:00+00:00,-0.00019830694359003188
1994-07-29 13:30:00+00:00,0.0020054700327343136
1994-08-01 13:30:00+00:00,0.0008416939961048864
1994-08-02 13:30:00+00:00,0.0005622632545696394
1994-08-03 13:30:00+00:00,0.0005623089293475992
1994-08-04 13:30:00+00:00,0.0008948606457130804
1994-08-05 13:30:00+00:00,-0.0022106106066658413
1994-08-08 13:30:00+00:00,-0.0014079750981108696
1994-08-09 13:30:00+00:00,-0.0001138086677770044
1994-08-10 13:30:00+00:00,0.0002598203330923422
1994-08-11 13:30:00+00:00,-0.0008690161345871305
1994-08-12 13:30:00+00:00,0.0015890695525013654
1994-08-15 13:30:00+00:00,0.0005834242424393899
1994-08-16 13:30:00+00:00,0.0005822306076033068
1994-08-17 13:30:00+00:00,0.001939401204720459
1994-08-18 13:30:00+00:00,-0.0006250769226596841
1994-08-19 13:30:00+00:00,0.0016381989196620928
1994-08-22 13:30:00+00:00,-0.0010024189711700493
1994-08-23 13:30:00+00:00,0.0012876373484287274
1994-08-24 13:30:00+00:00,0.00010057276662477363
1994-08-25 13:30:00+00:00,0.0005252750446973376
1994-08-26 13:30:00+00:00,0.002152268461214513
1994-08-29 13:30:00+00:00,0.0005553595281411084
1994-08-30 13:30:00+00:00,-0.000768243014297465
1994-08-31 13:30:00+00:00,-0.0010524847780414403
1994-09-01 13:30:00+00:00,-0.0035220568087259816
1994-09-02 13:30:00+00:00,0.0006510472561442771
1994-09-06 13:30:00+00:00,-0.00038972868404009144
1994-09-07 13:30:00+00:00,0.0012562296878968371
1994-09-08 13:30:00+00:00,0.0005018225256037013
1994-09-09 13:30:00+00:00,-0.004116594136673879
1994-09-12 13:30:00+00:00,-0.00032256938250864166
1994-09-13 13:30:00+00:00,0.002334146343030408
1994-09-14 13:30:00+00:00,0.0004876136962368328
1994-09-15 13:30:00+00:00,-0.00036022587637830607
1994-09-16 13:30:00+00:00,-0.0012943501757584186
1994-09-19 13:30:00+00:00,0.00018284987450644118
1994-09-20 13:30:00+00:00,-0.00125867160991312
1994-09-21 13:30:00+00:00,0.00040866611029154464
1994-09-22 13:30:00+00:00,0.0013328269495991197
1994-09-23 13:30:00+00:00,-0.0008364125464150995
1994-09-26 13:30:00+00:00,-0.0007733157537434087
1994-09-27 13:30:00+00:00,-0.0007484525908297956
1994-09-28 13:30:00+00:00,0.0008928909075660463
1994-09-29 13:30:00+00:00,-0.0005078861523012512
1994-09-30 13:30:00+00:00,0.0012169330795601563
1994-10-03 13:30:00+00:00,0.0001355031217939896
1994-10-04 13:30:00+00:00,0.00011024753378284799
1994-10-05 13:30:00+00:00,-0.0015853276725463882
1994-10-06 13:30:00+00:00,0.002137742998066894
1994-10-07 13:30:00+00:00,0.0012974630456361492
1994-10-10 13:30:00+00:00,0.0017267575297998828
1994-10-11 13:30:00+00:00,0.0019612803261401693
1994-10-12 13:30:00+00:00,-0.00042655406769888095
1994-10-13 13:30:00+00:00,0.003941689160283468
1994-10-14 13:30:00+00:00,0.0004989932525827246
1994-10-17 13:30:00+00:00,-0.00011304918053135485
1994-10-18 13:30:00+00:00,0.0011535726981304229
1994-10-19 13:30:00+00:00,0.0007368282978523655
1994-10-20 13:30:00+00:00,0.0014701928062121783
1994-10-21 13:30:00+00:00,-0.00114132537115742
1994-10-24 13:30:00+00:00,0.0009974493910917981
1994-10-25 13:30:00+00:00,-0.005328572127298215
1994-10-26 13:30:00+00:00,0.0009682319364885284
1994-10-27 13:30:00+00:00,0.0006075612774616324
1994-10-28 13:30:00+00:00,0.0003040009454258087
1994-10-31 14:30:00+00:00,-0.000460792743756444
1994-11-01 14:30:00+00:00,-0.0016948632779198002
1994-11-02 14:30:00+00:00,-9.339250705908602e-06
1994-11-03 14:30:00+00:00,0.0009235262364892694
1994-11-04 14:30:00+00:00,0.0006771488668140147
1994-11-07 14:30:00+00:00,8.26879831861028e-05
1994-11-08 14:30:00+00:00,0.0002935246735966569
1994-11-09 14:30:00+00:00,0.004108303927318191
1994-11-10 14:30:00+00:00,-0.0010775171065493638
1994-11-11 14:30:00+00:00,-0.0006756331125821302
1994-11-14 14:30:00+00:00,0.0018550598907274174
1994-11-15 14:30:00+00:00,0.0006680446390785356
1994-11-16 14:30:00+00:00,0.0008232021526992539
1994-11-17 14:30:00+00:00,0.0008224584532865343
1994-11-18 14:30:00+00:00,0.0008531761766843338
1994-11-21 14:30:00+00:00,0.0029863593961631965
1994-11-22 14:30:00+00:00,-0.0016440427128498025
1994-11-23 14:30:00+00:00,-0.003985544983792344
1994-11-25 14:30:00+00:00,0.0006057940647183791
1994-11-28 14:30:00+00:00,0.0006541851315298053
1994-11-29 14:30:00+00:00,0.0008923031844714103
1994-11-30 14:30:00+00:00,-0.000153199058368536
1994-12-01 14:30:00+00:00,-0.002085806349065089
1994-12-02 14:30:00+00:00,0.0017633355073620627
1994-12-05 14:30:00+00:00,0.0005845584712553698
1994-12-06 14:30:00+00:00,-0.0015751533286139207
1994-12-07 14:30:00+00:00,-0.0014356046847281533
1994-12-08 14:30:00+00:00,0.0005400516031215275
1994-12-09 14:30:00+00:00,9.470276085797877e-05
1994-12-12 14:30:00+00:00,0.00016424093544519246
1994-12-13 14:30:00+00:00,0.0010124538302378361
1994-12-14 14:30:00+00:00,-0.0006420709860194384
1994-12-15 14:30:00+00:00,0.0017879037984917967
1994-12-16 14:30:00+00:00,0.00010532163952258208
1994-12-19 14:30:00+00:00,-0.0005389253720548103
1994-12-20 14:30:00+00:00,0.0022080309414502677
1994-12-21 14:30:00+00:00,0.0015608707104646125
1994-12-22 14:30:00+00:00,8.994824365781148e-05
1994-12-23 14:30:00+00:00,-0.0005192895654685503
1994-12-27 14:30:00+00:00,0.0017997468840771247
1994-12-28 14:30:00+00:00,0.00016804460844664924
1994-12-29 14:30:00+00:00,0.0005868366179688667
1994-12-30 14:30:00+00:00,-0.00046025178537979484
1995-01-03 14:30:00+00:00,-0.0009644401232358323
1995-01-04 14:30:00+00:00,0.0015003690444286178
1995-01-05 14:30:00+00:00,0.0012809506390547454
1995-01-06 14:30:00+00:00,0.000718129454027261
1995-01-09 14:30:00+00:00,0.0005669423339937807
1995-01-10 14:30:00+00:00,0.00279857942259375
1995-01-11 14:30:00+00:00,0.0020413777234755573
1995-01-12 14:30:00+00:00,-0.00020587912625736883
1995-01-13 14:30:00+00:00,0.002345407941807254
1995-01-16 14:30:00+00:00,8.370769047315604e-05
1995-01-17 14:30:00+00:00,0.001214843002676147
1995-01-18 14:30:00+00:00,0.0010267323292183384
1995-01-19 14:30:00+00:00,-0.00015175953169556101
1995-01-20 14:30:00+00:00,-0.0008286416856265854
1995-01-23 14:30:00+00:00,-0.00368241652448088
1995-01-24 14:30:00+00:00,0.0012298175832292535
1995-01-25 14:30:00+00:00,-0.004699069325843863
1995-01-26 14:30:00+00:00,-8.00372412480535e-06
1995-01-27 14:30:00+00:00,0.0016160195854561965
1995-01-30 14:30:00+00:00,0.0008487709527624677
1995-01-31 14:30:00+00:00,0.0012566344425057774
1995-02-01 14:30:00+00:00,0.0018597198686807093
1995-02-02 14:30:00+00:00,-0.0002978404802066569
1995-02-03 14:30:00+00:00,0.003658308970370994
1995-02-06 14:30:00+00:00,0.0008843921042773651
1995-02-07 14:30:00+00:00,0.0011069107926711009
1995-02-08 14:30:00+00:00,0.0014662115154195799
1995-02-09 14:30:00+00:00,0.0015203203292379786
1995-02-10 14:30:00+00:00,0.0011349392698487449
1995-02-13 14:30:00+00:00,-0.0010235232411650696
1995-02-14 14:30:00+00:00,0.0008121022445199855
1995-02-15 14:30:00+00:00,7.709474754279419e-05
1995-02-16 14:30:00+00:00,0.0003901960032226427
1995-02-17 14:30:00+00:00,-0.001763923722480587
1995-02-21 14:30:00+00:00,0.0008657417613355701
1995-02-22 14:30:00+00:00,-0.0009411373003981427
1995-02-23 14:30:00+00:00,0.0015879889104450818
1995-02-24 14:30:00+00:00,-0.0007949994439079399
1995-02-27 14:30:00+00:00,-0.0020341018150142995
1995-02-28 14:30:00+00:00,0.001212975521829296
1995-03-01 14:30:00+00:00,0.0006559707153046435
1995-03-02 14:30:00+00:00,0.0005693387805363215
1995-03-03 14:30:00+00:00,-0.0006921413006022558
1995-03-06 14:30:00+00:00,-0.0029292151787505658
1995-03-07 14:30:00+00:00,2.5318805532792505e-05
1995-03-08 14:30:00+00:00,0.0020735188429352627
1995-03-09 14:30:00+00:00,0.0007418880288154628
1995-03-10 14:30:00+00:00,-0.0004516129121275968
1995-03-13 14:30:00+00:00,-0.0001
1995-03-14 14:30:00+00:00,0.002579792624552757
1995-03-15 14:30:00+00:00,-0.0004216987142019567
1995-03-16 14:30:00+00:00,-0.0003477299485020845
1995-03-17 14:30:00+00:00,0.0019881241324148815
1995-03-20 14:30:00+00:00,-7.530897570086062e-05
1995-03-21 14:30:00+00:00,0.0006032873090189184
1995-03-22 14:30:00+00:00,-0.0014954467163059814
1995-03-23 14:30:00+00:00,0.00014720332847172345
1995-03-24 14:30:00+00:00,0.001834960125062668
1995-03-27 14:30:00+00:00,-0.0010527377510870628
1995-03-28 14:30:00+00:00,0.00024033315106052343
1995-03-29 14:30:00+00:00,-0.00014846522597867774
1995-03-30 14:30:00+00:00,0.0017189991190749044
1995-03-31 14:30:00+00:00,-0.004531598048751928
1995-04-03 13:30:00+00:00,-0.0015072568656052776
1995-04-04 13:30:00+00:00,-0.0013101830562285532
1995-04-05 13:30:00+00:00,-0.0001491299572127346
1995-04-06 13:30:00+00:00,0.0006472380268638279
1995-04-07 13:30:00+00:00,0.001178003290858365
1995-04-10 13:30:00+00:00,-0.00040686518706601883
1995-04-11 13:30:00+00:00,0.003382435912566473
1995-04-12 13:30:00+00:00,0.0007001323070900845
1995-04-13 13:30:00+00:00,0.0005396488274160727
1995-04-17 13:30:00+00:00,0.0029145197461892705
1995-04-18 13:30:00+00:00,0.0029692421589380016
1995-04-19 13:30:00+00:00,-0.0009113727300116392
1995-04-20 13:30:00+00:00,0.0015410836758331548
1995-04-21 13:30:00+00:00,0.002805953351526991
1995-04-24 13:30:00+00:00,-0.000330742301616238
1995-04-25 13:30:00+00:00,0.0007565730847256425
1995-04-26 13:30:00+00:00,-0.0010744713757109392
1995-04-27 13:30:00+00:00,0.0001868304563623525
1995-04-28 13:30:00+00:00,0.0007442367883874091
1995-05-01 13:30:00+00:00,0.0007767864777599054
1995-05-02 13:30:00+00:00,0.00025643666602713787
1995-05-03 13:30:00+00:00,0.0010404530794081324
1995-05-04 13:30:00+00:00,0.0013583659352822575
1995-05-05 13:30:00+00:00,0.00263989645611894
1995-05-08 13:30:00+00:00,-0.0001593325979950654
1995-05-09 13:30:00+00:00,0.0012305289265712616
1995-05-10 13:30:00+00:00,0.0026235077934117948
1995-05-11 13:30:00+00:00,-0.0006898869810532226
1995-05-12 13:30:00+00:00,-0.0002054388504349024
1995-05-15 13:30:00+00:00,0.0008313663244172598
1995-05-16 13:30:00+00:00,0.0002823802409765875
1995-05-17 13:30:00+00:00,0.0013396775122371696
1995-05-18 13:30:00+00:00,0.0005881706399985976
1995-05-19 13:30:00+00:00,-0.002160005400953746
1995-05-22 13:30:00+00:00,0.001056644333632384
1995-05-23 13:30:00+00:00,0.0008527504038453482
1995-05-24 13:30:00+00:00,0.0036060726107689403
1995-05-25 13:30:00+00:00,-0.0003733436293693714
1995-05-26 13:30:00+00:00,-0.0013082222561260459
1995-05-30 13:30:00+00:00,0.0009322919920435769
1995-05-31 13:30:00+00:00,0.0004473048753279475
1995-06-01 13:30:00+00:00,0.0011606881939989378
1995-06-02 13:30:00+00:00,-0.0020566909057112667
1995-06-05 13:30:00+00:00,0.0025118072481216005
1995-06-06 13:30:00+00:00,-0.00012260689431465845
1995-06-07 13:30:00+00:00,0.0010484520154996236
1995-06-08 13:30:00+00:00,0.0005805684955497604
1995-06-09 13:30:00+00:00,-0.0005627246311806888
1995-06-12 13:30:00+00:00,0.0012229413868434125
1995-06-13 13:30:00+00:00,0.0027491963248309384
1995-06-14 13:30:00+00:00,-0.0023029799337440757
1995-06-15 13:30:00+00:00,0.0005810681984013022
1995-06-16 13:30:00+00:00,0.0017722054937725385
1995-06-19 13:30:00+00:00,0.0012756671616291793
1995-06-20 13:30:00+00:00,0.0020906304560979086
1995-06-21 13:30:00+00:00,0.0018142942570187226
1995-06-22 13:30:00+00:00,0.01279292871993153
1995-06-23 13:30:00+00:00,-0.0016317707881903342
1995-06-26 13:30:00+00:00,-0.0006751360999414202
1995-06-27 13:30:00+00:00,-0.002030978084811019
1995-06-28 13:30:00+00:00,-0.001709444160989293
1995-06-29 13:30:00+00:00,0.00046485300163111597
1995-06-30 13:30:00+00:00,0.0012055771688303963
1995-07-03 13:30:00+00:00,0.0004784755694275834
1995-07-05 13:30:00+00:00,0.0025964981510435583
1995-07-06 13:30:00+00:00,0.0014926610056433698
1995-07-07 13:30:00+00:00,-0.0001314485449603996
1995-07-10 13:30:00+00:00,0.0005702311627218016
1995-07-11 13:30:00+00:00,-0.0013696622345980125
1995-07-12 13:30:00+00:00,0.005754397850439063
1995-07-13 13:30:00+00:00,0.0005473753024656137
1995-07-14 13:30:00+00:00,-0.005320542487503477
1995-07-17 13:30:00+00:00,0.0013009019592777782
1995-07-18 13:30:00+00:00,-0.0003385849654337191
1995-07-19 13:30:00+00:00,-0.0001
1995-07-20 13:30:00+00:00,0.0031533038104072267
1995-07-21 13:30:00+00:00,-0.0014741916925927856
1995-07-24 13:30:00+00:00,0.002343386192348518
1995-07-25 13:30:00+00:00,0.005459134656376141
1995-07-26 13:30:00+00:00,0.0029390133647799635
1995-07-27 13:30:00+00:00,0.0021495950893604013
1995-07-28 13:30:00+00:00,-0.0007629162408319234
1995-07-31 13:30:00+00:00,0.0010439234296841682
1995-08-01 13:30:00+00:00,0.00025955028781398114
1995-08-02 13:30:00+00:00,0.0039358790236394435
1995-08-03 13:30:00+00:00,-0.003739153331480349
1995-08-04 13:30:00+00:00,0.0010193401569895566
1995-08-07 13:30:00+00:00,0.0016051956892031316
1995-08-08 13:30:00+00:00,0.0020000652287876955
1995-08-09 13:30:00+00:00,0.006198168051616537
1995-08-10 13:30:00+00:00,0.0006561534017368476
1995-08-11 13:30:00+00:00,0.003367916360101242
1995-08-14 13:30:00+00:00,-2.0310433108916475e-05
1995-08-15 13:30:00+00:00,0.002023606741019524
1995-08-16 13:30:00+00:00,0.0036733312352630223
1995-08-17 13:30:00+00:00,0.000523947987752782
1995-08-18 13:30:00+00:00,0.0031937066967884123
1995-08-21 13:30:00+00:00,0.0015872141270507512
1995-08-22 13:30:00+00:00,0.0016455803083361587
1995-08-23 13:30:00+00:00,0.0018895999321837276
1995-08-24 13:30:00+00:00,-3.185270877171789e-05
1995-08-25 13:30:00+00:00,0.0004877353250451911
1995-08-28 13:30:00+00:00,0.0006157480365849178
1995-08-29 13:30:00+00:00,-0.00038769434655184777
1995-08-30 13:30:00+00:00,0.0032079662785084897
1995-08-31 13:30:00+00:00,0.0011542040367191642
1995-09-01 13:30:00+00:00,-0.0007764000463816978
1995-09-05 13:30:00+00:00,0.0021168478038311347
1995-09-06 13:30:00+00:00,0.0012181901787959748
1995-09-07 13:30:00+00:00,0.003921862962085842
1995-09-08 13:30:00+00:00,0.0013271036103004064
1995-09-11 13:30:00+00:00,0.00031502730497344765
1995-09-12 13:30:00+00:00,0.0019063498167617321
1995-09-13 13:30:00+00:00,0.00021921673268775486
1995-09-14 13:30:00+00:00,0.0006775492183852428
1995-09-15 13:30:00+00:00,-0.003867732322136785
1995-09-18 13:30:00+00:00,0.0007562690847373488
1995-09-19 13:30:00+00:00,-0.0012141365151413619
1995-09-20 13:30:00+00:00,0.0028237379407034416
1995-09-21 13:30:00+00:00,-0.002315761510573344
1995-09-22 13:30:00+00:00,-0.002773527910533546
1995-09-25 13:30:00+00:00,3.291814664118106e-05
1995-09-26 13:30:00+00:00,0.0017066382491326304
1995-09-27 13:30:00+00:00,-0.0030382483354903897
1995-09-28 13:30:00+00:00,0.0017995373757226818
1995-09-29 13:30:00+00:00,0.0006067381690142315
1995-10-02 13:30:00+00:00,-0.002160318084195489
1995-10-03 13:30:00+00:00,0.0003087740662612749
1995-10-04 13:30:00+00:00,-0.0034416964465631248
1995-10-05 13:30:00+00:00,-0.00029955920374115087
1995-10-06 13:30:00+00:00,0.0035876259015579118
1995-10-09 13:30:00+00:00,-0.00526776074295422
1995-10-10 13:30:00+00:00,-0.006294503774022309
1995-10-11 13:30:00+00:00,0.009213994786377178
1995-10-12 13:30:00+00:00,0.0019068589823241112
1995-10-13 13:30:00+00:00,0.004527681522242577
1995-10-16 13:30:00+00:00,-0.00014908559941185774
1995-10-17 13:30:00+00:00,0.003239479632027853
1995-10-18 13:30:00+00:00,0.009441842542208912
1995-10-19 13:30:00+00:00,-0.002558408315779481
1995-10-20 13:30:00+00:00,-0.00041515331281750657
1995-10-23 13:30:00+00:00,-0.00418838598234107
1995-10-24 13:30:00+00:00,0.0024170555500422244
1995-10-25 13:30:00+00:00,0.0007275137212228056
1995-10-26 13:30:00+00:00,-0.00036305643511914666
1995-10-27 13:30:00+00:00,-0.001240004295859587
1995-10-30 14:30:00+00:00,0.0024547218491981384
1995-10-31 14:30:00+00:00,0.0036318865252891078
1995-11-01 14:30:00+00:00,0.0010968323883251308
1995-11-02 14:30:00+00:00,0.0014473189347068316
1995-11-03 14:30:00+00:00,0.0016308650342056086
1995-11-06 14:30:00+00:00,-0.00012817905890417637
1995-11-07 14:30:00+00:00,-0.0030657336797589416
1995-11-08 14:30:00+00:00,0.0019116635087887857
1995-11-09 14:30:00+00:00,0.008574245089300481
1995-11-10 14:30:00+00:00,-0.0018548918225294142
1995-11-13 14:30:00+00:00,-0.0007204086803056619
1995-11-14 14:30:00+00:00,-0.004181350687310082
1995-11-15 14:30:00+00:00,0.0033018557005541796
1995-11-16 14:30:00+00:00,-0.0034786241913288382
1995-11-17 14:30:00+00:00,0.0006563946435291679
1995-11-20 14:30:00+00:00,0.002808927884333501
1995-11-21 14:30:00+00:00,-0.00032339696668660646
1995-11-22 14:30:00+00:00,0.002212212938436087
1995-11-24 14:30:00+00:00,0.0014667586819887446
1995-11-27 14:30:00+00:00,0.0036177901621170408
1995-11-28 14:30:00+00:00,0.0011921911498899874
1995-11-29 14:30:00+00:00,0.0024046471696730245
1995-11-30 14:30:00+00:00,-0.0008563818928661981
1995-12-01 14:30:00+00:00,0.0012784772234903819
1995-12-04 14:30:00+00:00,0.0024015326601196543
1995-12-05 14:30:00+00:00,0.0012553605090075304
1995-12-06 14:30:00+00:00,0.0017481932244902576
1995-12-07 14:30:00+00:00,5.072964184059678e-05
1995-12-08 14:30:00+00:00,0.002995425837799759
1995-12-11 14:30:00+00:00,0.0020366698903617644
1995-12-12 14:30:00+00:00,0.0003521718970795785
1995-12-13 14:30:00+00:00,0.002171725997751162
1995-12-14 14:30:00+00:00,0.00036376873214359905
1995-12-15 14:30:00+00:00,0.0027126297788604317
1995-12-18 14:30:00+00:00,-0.001419759119380315
1995-12-19 14:30:00+00:00,0.00276266669743096
1995-12-20 14:30:00+00:00,0.0058430202188277545
1995-12-21 14:30:00+00:00,0.004747474917287986
1995-12-22 14:30:00+00:00,0.0007071627157217875
1995-12-26 14:30:00+00:00,0.0005400327980371489
1995-12-27 14:30:00+00:00,0.00040509286461530857
1995-12-28 14:30:00+00:00,-0.003677800447015389
1995-12-29 14:30:00+00:00,-6.158290607972675e-05
1996-01-02 14:30:00+00:00,0.0005652706116416773
1996-01-03 14:30:00+00:00,-0.002263169139647869
1996-01-04 14:30:00+00:00,0.0007983822352730541
1996-01-05 14:30:00+00:00,-0.007295406508907598
1996-01-08 14:30:00+00:00,0.0013223642145352322
1996-01-09 14:30:00+00:00,-0.000836179634452383
1996-01-10 14:30:00+00:00,-0.0069882018598426245
1996-01-11 14:30:00+00:00,0.009705961081020165
1996-01-12 14:30:00+00:00,0.002036321067989
1996-01-15 14:30:00+00:00,0.0016159195197726795
1996-01-16 14:30:00+00:00,0.005706356850651006
1996-01-17 14:30:00+00:00,-0.008725589547259782
1996-01-18 14:30:00+00:00,0.004978641076043055
1996-01-19 14:30:00+00:00,0.0022430218959170636
1996-01-22 14:30:00+00:00,0.001146952212550667
1996-01-23 14:30:00+00:00,-1.248844444302613e-05
1996-01-24 14:30:00+00:00,0.004423075140137944
1996-01-25 14:30:00+00:00,0.0015388582905242365
1996-01-26 14:30:00+00:00,-0.001296959595366809
1996-01-29 14:30:00+00:00,0.0014082889047537406
1996-01-30 14:30:00+00:00,0.002624161680664361
1996-01-31 14:30:00+00:00,0.0007655113355975352
1996-02-01 14:30:00+00:00,-0.0015437098297588325
1996-02-02 14:30:00+00:00,0.001947821850799103
1996-02-05 14:30:00+00:00,0.0006834698228625924
1996-02-06 14:30:00+00:00,0.0005830637267356554
1996-02-07 14:30:00+00:00,-0.00029278744075013065
1996-02-08 14:30:00+00:00,-5.3866945745284416e-05
1996-02-09 14:30:00+00:00,0.00010122276890344181
1996-02-12 14:30:00+00:00,0.00011924925975502773
1996-02-13 14:30:00+00:00,-0.010078321369949472
1996-02-14 14:30:00+00:00,0.0020890739196717137
1996-02-15 14:30:00+00:00,-0.0005044589438830793
1996-02-16 14:30:00+00:00,0.0006794079588936408
1996-02-20 14:30:00+00:00,-0.0048583148519053656
1996-02-21 14:30:00+00:00,0.0016355386615718337
1996-02-22 14:30:00+00:00,0.002926912005537952
1996-02-23 14:30:00+00:00,0.0012337900957943738
1996-02-26 14:30:00+00:00,-0.0012272329521577751
1996-02-27 14:30:00+00:00,0.0008702672901588105
1996-02-28 14:30:00+00:00,0.0030007272881768968
1996-02-29 14:30:00+00:00,-0.004957572701572277
1996-03-01 14:30:00+00:00,-0.0011091426504253987
1996-03-04 14:30:00+00:00,0.0025057732759203757
1996-03-05 14:30:00+00:00,-0.0006899404962363964
1996-03-06 14:30:00+00:00,-2.71012751378418e-05
1996-03-07 14:30:00+00:00,0.0007701739196252944
1996-03-08 14:30:00+00:00,-0.011352240269199686
1996-03-11 14:30:00+00:00,0.0010939303719636917
1996-03-12 14:30:00+00:00,-0.0017474125838732423
1996-03-13 14:30:00+00:00,0.006292977996743321
1996-03-14 14:30:00+00:00,0.0019484094271238095
1996-03-15 14:30:00+00:00,0.0013847765926442324
1996-03-18 14:30:00+00:00,0.002801139129787067
1996-03-19 14:30:00+00:00,0.0031303578937729062
1996-03-20 14:30:00+00:00,-0.0016820312500000045
1996-03-21 14:30:00+00:00,0.0006442852728678506
1996-03-22 14:30:00+00:00,0.0017457225056274229
1996-03-25 14:30:00+00:00,0.0017962529678097084
1996-03-26 14:30:00+00:00,-0.0019121505717684228
1996-03-27 14:30:00+00:00,0.0026472690783727495
1996-03-28 14:30:00+00:00,-0.002650589689953142
1996-03-29 14:30:00+00:00,0.002503233169213404
1996-04-01 14:30:00+00:00,0.0038676729801347845
1996-04-02 14:30:00+00:00,0.0011742386366231262
1996-04-03 14:30:00+00:00,-0.0015218413460567181
1996-04-04 14:30:00+00:00,7.93012022808238e-05
1996-04-08 13:30:00+00:00,-0.010733078816852048
1996-04-09 13:30:00+00:00,0.004964825907442838
1996-04-10 13:30:00+00:00,-0.00025331013980934837
1996-04-11 13:30:00+00:00,-0.00021762166995377132
1996-04-12 13:30:00+00:00,0.0012398205183465794
1996-04-15 13:30:00+00:00,0.0015895630287507845
1996-04-16 13:30:00+00:00,0.0069962909284704165
1996-04-17 13:30:00+00:00,-0.0006067634472719629
1996-04-18 13:30:00+00:00,0.0034151832895219394
1996-04-19 13:30:00+00:00,0.004907428638340805
1996-04-22 13:30:00+00:00,0.003746496066241878
1996-04-23 13:30:00+00:00,0.0014691882043780136
1996-04-24 13:30:00+00:00,0.003911049060179017
1996-04-25 13:30:00+00:00,0.0008857279496661153
1996-04-26 13:30:00+00:00,0.0004151163506300627
1996-04-29 13:30:00+00:00,-0.0002853336875449196
1996-04-30 13:30:00+00:00,0.0009099926708495576
1996-05-01 13:30:00+00:00,-0.00013363157430624763
1996-05-02 13:30:00+00:00,-1.666340205642705e-05
1996-05-03 13:30:00+00:00,0.005085292387897888
1996-05-06 13:30:00+00:00,0.0017824755315793861
1996-05-07 13:30:00+00:00,0.0016870497698557752
1996-05-08 13:30:00+00:00,-0.0017319460536085018
1996-05-09 13:30:00+00:00,0.0010998359096487831
1996-05-10 13:30:00+00:00,0.004395704847614634
1996-05-13 13:30:00+00:00,0.001205286404865047
1996-05-14 13:30:00+00:00,0.003337314271288017
1996-05-15 13:30:00+00:00,0.0013419147266937493
1996-05-16 13:30:00+00:00,-0.0038210088464258993
1996-05-17 13:30:00+00:00,0.00215118562771387
1996-05-20 13:30:00+00:00,0.003217546865227339
1996-05-21 13:30:00+00:00,0.0017988672032136388
1996-05-22 13:30:00+00:00,-0.0008795541209396629
1996-05-23 13:30:00+00:00,0.001350990489147319
1996-05-24 13:30:00+00:00,0.0009010811480876125
1996-05-28 13:30:00+00:00,0.0013424801149053312
1996-05-29 13:30:00+00:00,0.0004742626461697764
1996-05-30 13:30:00+00:00,0.0009198836476098538
1996-05-31 13:30:00+00:00,0.004350814217745735
1996-06-03 13:30:00+00:00,-0.0008157737950609367
1996-06-04 13:30:00+00:00,0.0025883002571229666
1996-06-05 13:30:00+00:00,-0.0008639209452243723
1996-06-06 13:30:00+00:00,0.002181531865857556
1996-06-07 13:30:00+00:00,-0.008554259387425944
1996-06-10 13:30:00+00:00,0.0013149022740677086
1996-06-11 13:30:00+00:00,0.0026721960270283843
1996-06-12 13:30:00+00:00,0.004035628213401077
1996-06-13 13:30:00+00:00,0.0005232604187148549
1996-06-14 13:30:00+00:00,-0.0005079467956107364
1996-06-17 13:30:00+00:00,0.001647469479656205
1996-06-18 13:30:00+00:00,-0.0004146673497094188
1996-06-19 13:30:00+00:00,0.0018018156706021027
1996-06-20 13:30:00+00:00,0.0017062062526267297
1996-06-21 13:30:00+00:00,0.005870919335859026
1996-06-24 13:30:00+00:00,0.0020184513278564855
1996-06-25 13:30:00+00:00,0.00205565703371734
1996-06-26 13:30:00+00:00,-0.0011318792601325955
1996-06-27 13:30:00+00:00,0.0002554284659461615
1996-06-28 13:30:00+00:00,0.004702682257473156
1996-07-01 13:30:00+00:00,0.0004231937916396756
1996-07-02 13:30:00+00:00,-0.0005592482193299663
1996-07-03 13:30:00+00:00,2.594921797215441e-05
1996-07-05 13:30:00+00:00,-0.007538995577017216
1996-07-08 13:30:00+00:00,-0.0006698054936752462
1996-07-09 13:30:00+00:00,0.00508800446237444
1996-07-10 13:30:00+00:00,-0.00040337953372250314
1996-07-11 13:30:00+00:00,-0.0001
1996-07-12 13:30:00+00:00,0.004744702829576164
1996-07-15 13:30:00+00:00,-0.0009790027201959206
1996-07-16 13:30:00+00:00,-0.0039105596312570936
1996-07-17 13:30:00+00:00,0.016321966747261153
1996-07-18 13:30:00+00:00,0.0064246083476926395
1996-07-19 13:30:00+00:00,-0.0027760833710510744
1996-07-22 13:30:00+00:00,-0.0013754394227438848
1996-07-23 13:30:00+00:00,0.002877622004556535
1996-07-24 13:30:00+00:00,-0.017801342369735306
1996-07-25 13:30:00+00:00,0.007018435852979665
1996-07-26 13:30:00+00:00,0.0031473490190103595
1996-07-29 13:30:00+00:00,-0.0003130553631825016
1996-07-30 13:30:00+00:00,0.005526037455179533
1996-07-31 13:30:00+00:00,0.001495301166759766
1996-08-01 13:30:00+00:00,0.0005940653011067166
1996-08-02 13:30:00+00:00,0.009155170561285775
1996-08-05 13:30:00+00:00,0.002557958003742689
1996-08-06 13:30:00+00:00,-0.0022686645135805536
1996-08-07 13:30:00+00:00,0.003452233457324583
1996-08-08 13:30:00+00:00,-0.0018175916105021117
1996-08-09 13:30:00+00:00,-0.003097805865805225
1996-08-12 13:30:00+00:00,-0.0006100619158492359
1996-08-13 13:30:00+00:00,-0.0025687100121526527
1996-08-14 13:30:00+00:00,0.0014894125590583119
1996-08-15 13:30:00+00:00,-0.0013968308091332315
1996-08-16 13:30:00+00:00,0.000851870714268832
1996-08-19 13:30:00+00:00,0.0001381859704803091
1996-08-20 13:30:00+00:00,0.0008637953394789899
1996-08-21 13:30:00+00:00,-0.002322874178483547
1996-08-22 13:30:00+00:00,0.002686566632069665
1996-08-23 13:30:00+00:00,-0.0010878010781831926
1996-08-26 13:30:00+00:00,0.0010460010213730775
1996-08-27 13:30:00+00:00,0.002085697493380712
1996-08-28 13:30:00+00:00,0.0008486047255793383
1996-08-29 13:30:00+00:00,-0.0009839909929400092
1996-08-30 13:30:00+00:00,0.0022404902684260877
1996-09-03 13:30:00+00:00,-0.00728348766699517
1996-09-04 13:30:00+00:00,0.0010818150730311671
1996-09-05 13:30:00+00:00,-0.004007932116087976
1996-09-06 13:30:00+00:00,0.002653918138522771
1996-09-09 13:30:00+00:00,0.001128749064028367
1996-09-10 13:30:00+00:00,0.00029180755586043504
1996-09-11 13:30:00+00:00,-0.003284216532246653
1996-09-12 13:30:00+00:00,0.0019192193973695982
1996-09-13 13:30:00+00:00,0.008511966347501055
1996-09-16 13:30:00+00:00,0.0010525444964024522
1996-09-17 13:30:00+00:00,0.008342559595620792
1996-09-18 13:30:00+00:00,-0.0018701213977233677
1996-09-19 13:30:00+00:00,-0.0009624934900420822
1996-09-20 13:30:00+00:00,0.0013108548507414386
1996-09-23 13:30:00+00:00,-0.0025596415024470407
1996-09-24 13:30:00+00:00,-0.0005209842405989984
1996-09-25 13:30:00+00:00,0.003512377971877301
1996-09-26 13:30:00+00:00,0.0028640918961186815
1996-09-27 13:30:00+00:00,0.0012924990347540244
1996-09-30 13:30:00+00:00,-0.0008398350827712008
1996-10-01 13:30:00+00:00,-0.0027000581637777296
1996-10-02 13:30:00+00:00,0.0019466471662230478
1996-10-03 13:30:00+00:00,0.0008222598813594107
1996-10-04 13:30:00+00:00,0.005601148733457062
1996-10-07 13:30:00+00:00,-0.0004366923639620545
1996-10-08 13:30:00+00:00,0.0019306179478404295
1996-10-09 13:30:00+00:00,0.005867039687443387
1996-10-10 13:30:00+00:00,-0.0024021176682181952
1996-10-11 13:30:00+00:00,0.0039421353132427115
1996-10-14 13:30:00+00:00,0.0018226804910077444
1996-10-15 13:30:00+00:00,0.008814700701052159
1996-10-16 13:30:00+00:00,-0.0011889397852101857
1996-10-17 13:30:00+00:00,0.0019703329687132845
1996-10-18 13:30:00+00:00,0.0006730386147777323
1996-10-21 13:30:00+00:00,-0.000526589808453115
1996-10-22 13:30:00+00:00,-0.0027204819961078705
1996-10-23 13:30:00+00:00,-0.0009032626793033071
1996-10-24 13:30:00+00:00,0.002375843771712949
1996-10-25 13:30:00+00:00,5.953449724971444e-06
1996-10-28 14:30:00+00:00,0.0021820539164192246
1996-10-29 14:30:00+00:00,0.0032308331419956707
1996-10-30 14:30:00+00:00,0.0023520602237192437
1996-10-31 14:30:00+00:00,0.0022296209174457074
1996-11-01 14:30:00+00:00,0.0017092041160793215
1996-11-04 14:30:00+00:00,0.0012831797588168548
1996-11-05 14:30:00+00:00,0.0020466924153734636
1996-11-06 14:30:00+00:00,0.0013076518137036142
1996-11-07 14:30:00+00:00,2.849094006561756e-05
1996-11-08 14:30:00+00:00,4.347013772253447e-05
1996-11-11 14:30:00+00:00,0.0004804967460147914
1996-11-12 14:30:00+00:00,0.003630159719940174
1996-11-13 14:30:00+00:00,0.002446657140908515
1996-11-14 14:30:00+00:00,8.241994582002263e-05
1996-11-15 14:30:00+00:00,0.0020254394607213014
1996-11-18 14:30:00+00:00,0.0009143502750306066
1996-11-19 14:30:00+00:00,-0.0006658998444845187
1996-11-20 14:30:00+00:00,0.0016028277885484666
1996-11-21 14:30:00+00:00,0.002121495662968698
1996-11-22 14:30:00+00:00,0.0036994638368337165
1996-11-25 14:30:00+00:00,0.0007239813241117666
1996-11-26 14:30:00+00:00,0.0009387279143992955
1996-11-27 14:30:00+00:00,0.0005088271359685482
1996-11-29 14:30:00+00:00,0.00040494394648059605
1996-12-02 14:30:00+00:00,0.001578807969847318
1996-12-03 14:30:00+00:00,0.002869724716792799
1996-12-04 14:30:00+00:00,0.000322994094135154
1996-12-05 14:30:00+00:00,0.001850647837948738
1996-12-06 14:30:00+00:00,-0.01872902716217507
1996-12-09 14:30:00+00:00,0.006501018611342102
1996-12-10 14:30:00+00:00,0.006646339847484295
1996-12-11 14:30:00+00:00,-0.009014001605221488
1996-12-12 14:30:00+00:00,0.00863109703737618
1996-12-13 14:30:00+00:00,-0.005437573556173148
1996-12-16 14:30:00+00:00,0.00364340334769685
1996-12-17 14:30:00+00:00,-0.004620255087440917
1996-12-18 14:30:00+00:00,0.006367609943729746
1996-12-19 14:30:00+00:00,0.005695913382481865
1996-12-20 14:30:00+00:00,0.005433039083205571
1996-12-23 14:30:00+00:00,0.0015452435437903645
1996-12-24 14:30:00+00:00,0.0007128353184195802
1996-12-26 14:30:00+00:00,0.0015386581110732212
1996-12-27 14:30:00+00:00,0.0011437392251307688
1996-12-30 14:30:00+00:00,0.0028426263483689487
1996-12-31 14:30:00+00:00,0.0010570492986798797
1997-01-02 14:30:00+00:00,0.0011548082387129344
1997-01-03 14:30:00+00:00,0.005615677862466517
1997-01-06 14:30:00+00:00,0.0026923764453519075
1997-01-07 14:30:00+00:00,0.00028742764825761
1997-01-08 14:30:00+00:00,0.0013084152234985492
1997-01-09 14:30:00+00:00,0.0035959934661617845
1997-01-10 14:30:00+00:00,-0.006750540351226031
1997-01-13 14:30:00+00:00,0.0024749850530265574
1997-01-14 14:30:00+00:00,0.004761313339719952
1997-01-15 14:30:00+00:00,0.0008952507760861983
1997-01-16 14:30:00+00:00,0.004856757782985654
1997-01-17 14:30:00+00:00,1.192010088656445e-05
1997-01-20 14:30:00+00:00,0.0014492129607259652
1997-01-21 14:30:00+00:00,-0.000715773794664376
1997-01-22 14:30:00+00:00,0.000539087926052051
1997-01-23 14:30:00+00:00,0.0035669636798492
1997-01-24 14:30:00+00:00,-0.002109634235410451
1997-01-27 14:30:00+00:00,0.002525017957045506
1997-01-28 14:30:00+00:00,0.009583529112398004
1997-01-29 14:30:00+00:00,0.003554799788625596
1997-01-30 14:30:00+00:00,0.004976857264924905
1997-01-31 14:30:00+00:00,0.0027883319580219615
1997-02-03 14:30:00+00:00,0.0028858283074852833
1997-02-04 14:30:00+00:00,0.00037229557115557875
1997-02-05 14:30:00+00:00,4.555135350313719e-05
1997-02-06 14:30:00+00:00,0.001880098529659413
1997-02-07 14:30:00+00:00,0.006220565664968969
1997-02-10 14:30:00+00:00,0.001925469414764558
1997-02-11 14:30:00+00:00,0.0049698846020766905
1997-02-12 14:30:00+00:00,0.004383609330264038
1997-02-13 14:30:00+00:00,0.00399140721843948
1997-02-14 14:30:00+00:00,-0.000508560318214013
1997-02-18 14:30:00+00:00,0.001340979569679257
1997-02-19 14:30:00+00:00,0.000302643702241301
1997-02-20 14:30:00+00:00,-0.002267548611398562
1997-02-21 14:30:00+00:00,-0.0007976869968302602
1997-02-24 14:30:00+00:00,-0.004536658457714127
1997-02-25 14:30:00+00:00,0.0034165958111045283
1997-02-26 14:30:00+00:00,0.001740261964465295
1997-02-27 14:30:00+00:00,-0.0007937851456948474
1997-02-28 14:30:00+00:00,-0.0013875104235336999
1997-03-03 14:30:00+00:00,-0.0022314278552330144
1997-03-04 14:30:00+00:00,0.0037285340344601517
1997-03-05 14:30:00+00:00,0.003703039225270366
1997-03-06 14:30:00+00:00,0.0016831713263478654
1997-03-07 14:30:00+00:00,0.003176446749318929
1997-03-10 14:30:00+00:00,0.0006012668400354638
1997-03-11 14:30:00+00:00,0.0007997093133249478
1997-03-12 14:30:00+00:00,-0.0014594269640817558
1997-03-13 14:30:00+00:00,-0.001365230006122553
1997-03-14 14:30:00+00:00,0.004887281196464188
1997-03-17 14:30:00+00:00,-0.0028920102039178383
1997-03-18 14:30:00+00:00,0.0023776046692085442
1997-03-19 14:30:00+00:00,-0.004031169244442923
1997-03-20 14:30:00+00:00,0.002493465194684841
1997-03-21 14:30:00+00:00,0.0033543903182846504
1997-03-24 14:30:00+00:00,-0.002492211063567351
1997-03-25 14:30:00+00:00,0.0034971565782786376
1997-03-26 14:30:00+00:00,0.0037539303379816483
1997-03-27 14:30:00+00:00,0.004430841396215512
1997-03-31 14:30:00+00:00,-0.002629018699322205
1997-04-01 14:30:00+00:00,-0.00862903518986392
1997-04-02 14:30:00+00:00,0.00031899507186760055
1997-04-03 14:30:00+00:00,-0.0016653662637905575
1997-04-04 14:30:00+00:00,-0.004310045899064707
1997-04-07 13:30:00+00:00,0.007258094110800461
1997-04-08 13:30:00+00:00,0.0012585913416360728
1997-04-09 13:30:00+00:00,0.005133110445008071
1997-04-10 13:30:00+00:00,-0.0009964048158286442
1997-04-11 13:30:00+00:00,-0.009341237256786938
1997-04-14 13:30:00+00:00,0.0016731498924085098
1997-04-15 13:30:00+00:00,0.004454317077730685
1997-04-16 13:30:00+00:00,-0.00302695799570708
1997-04-17 13:30:00+00:00,0.003064546748147146
1997-04-18 13:30:00+00:00,0.012545135717435752
1997-04-21 13:30:00+00:00,-0.0005825620179059742
1997-04-22 13:30:00+00:00,0.0009631914521272989
1997-04-23 13:30:00+00:00,0.0014667203434888143
1997-04-24 13:30:00+00:00,0.008749833940647534
1997-04-25 13:30:00+00:00,-0.003096443053318365
1997-04-28 13:30:00+00:00,0.00203344687490169
1997-04-29 13:30:00+00:00,0.013227502454886676
1997-04-30 13:30:00+00:00,-0.0030615039846753176
1997-05-01 13:30:00+00:00,0.0024143912566689687
1997-05-02 13:30:00+00:00,0.0038433370843171557
1997-05-05 13:30:00+00:00,0.004779988456283124
1997-05-06 13:30:00+00:00,-0.0036766846102480708
1997-05-07 13:30:00+00:00,-0.00497095726537512
1997-05-08 13:30:00+00:00,-0.003992951357993058
1997-05-09 13:30:00+00:00,0.005888813775326562
1997-05-12 13:30:00+00:00,0.0028961423569933034
1997-05-13 13:30:00+00:00,-0.00036780839557982715
1997-05-14 13:30:00+00:00,0.0027119587700206063
1997-05-15 13:30:00+00:00,-9.25051362665851e-05
1997-05-16 13:30:00+00:00,-0.00456957472349574
1997-05-19 13:30:00+00:00,0.0018317579662141426
1997-05-20 13:30:00+00:00,0.0005934282587078843
1997-05-21 13:30:00+00:00,0.0066967999369904494
1997-05-22 13:30:00+00:00,0.0016689198987715926
1997-05-23 13:30:00+00:00,0.003637436233468339
1997-05-27 13:30:00+00:00,-0.0013376383295800153
1997-05-28 13:30:00+00:00,0.0016315116584466494
1997-05-29 13:30:00+00:00,0.0015380436791449959
1997-05-30 13:30:00+00:00,-0.0337697377973193
1997-06-02 13:30:00+00:00,0.004720326967339028
1997-06-03 13:30:00+00:00,-0.005296540853177445
1997-06-04 13:30:00+00:00,0.0017412219529644335
1997-06-05 13:30:00+00:00,0.004299563733155309
1997-06-06 13:30:00+00:00,-4.247972959326987e-05
1997-06-09 13:30:00+00:00,0.004064158002524898
1997-06-10 13:30:00+00:00,-0.001325163891173109
1997-06-11 13:30:00+00:00,-0.0004923312435707427
1997-06-12 13:30:00+00:00,-0.0024581676646198256
1997-06-13 13:30:00+00:00,0.00017634743593263345
1997-06-16 13:30:00+00:00,0.0003989079098005611
1997-06-17 13:30:00+00:00,-0.0017131405441559555
1997-06-18 13:30:00+00:00,-0.006780027680696199
1997-06-19 13:30:00+00:00,0.0005491986385066539
1997-06-20 13:30:00+00:00,0.00011417175967775037
1997-06-23 13:30:00+00:00,-0.0016617509527701135
1997-06-24 13:30:00+00:00,0.006600114187729644
1997-06-25 13:30:00+00:00,0.0008982932865995053
1997-06-26 13:30:00+00:00,-0.0026860094172674984
1997-06-27 13:30:00+00:00,0.003318339271638704
1997-06-30 13:30:00+00:00,0.0008178084807948128
1997-07-01 13:30:00+00:00,0.0003022538064070158
1997-07-02 13:30:00+00:00,0.0033694873870155797
1997-07-03 13:30:00+00:00,0.005711969567834918
1997-07-07 13:30:00+00:00,0.00330689968718233
1997-07-08 13:30:00+00:00,0.00038272362362755673
1997-07-09 13:30:00+00:00,0.0044384084204269645
1997-07-10 13:30:00+00:00,-0.0007457295590341916
1997-07-11 13:30:00+00:00,-0.0009183434027644321
1997-07-14 13:30:00+00:00,0.002794927260433722
1997-07-15 13:30:00+00:00,0.006914949583954877
1997-07-16 13:30:00+00:00,0.012415351700887357
1997-07-17 13:30:00+00:00,0.00029224556997674576
1997-07-18 13:30:00+00:00,-0.006059763987277045
1997-07-21 13:30:00+00:00,-2.8949571859959638e-05
1997-07-22 13:30:00+00:00,0.0017031281555934697
1997-07-23 13:30:00+00:00,0.004676623721493678
1997-07-24 13:30:00+00:00,-0.0012354762026940524
1997-07-25 13:30:00+00:00,0.001531436857030044
1997-07-28 13:30:00+00:00,0.0021362733112670787
1997-07-29 13:30:00+00:00,-0.002057147311795526
1997-07-30 13:30:00+00:00,0.0004151995913184049
1997-07-31 13:30:00+00:00,0.0021102639449022023
1997-08-01 13:30:00+00:00,0.0004395783185866421
1997-08-04 13:30:00+00:00,-0.0008777500696553031
1997-08-05 13:30:00+00:00,0.002864906979598059
1997-08-06 13:30:00+00:00,0.0009545354736608558
1997-08-07 13:30:00+00:00,0.004009365252919827
1997-08-08 13:30:00+00:00,-0.007371397384031597
1997-08-11 13:30:00+00:00,0.00030037950142490787
1997-08-12 13:30:00+00:00,0.0036246393335146346
1997-08-13 13:30:00+00:00,0.011325931252351474
1997-08-14 13:30:00+00:00,0.002249356224433219
1997-08-15 13:30:00+00:00,-0.0022553813292400912
1997-08-18 13:30:00+00:00,0.0008090234171997835
1997-08-19 13:30:00+00:00,0.006182166030929126
1997-08-20 13:30:00+00:00,0.0015118336163091218
1997-08-21 13:30:00+00:00,-0.0012174226951704558
1997-08-22 13:30:00+00:00,-0.0160764656795337
1997-08-25 13:30:00+00:00,0.0014137669179201562
1997-08-26 13:30:00+00:00,-0.0035528040685176674
1997-08-27 13:30:00+00:00,0.001427010347554869
1997-08-28 13:30:00+00:00,-0.006016531860967411
1997-08-29 13:30:00+00:00,-0.0009347117179923203
1997-09-02 13:30:00+00:00,0.0047824435288665755
1997-09-03 13:30:00+00:00,0.0010556805596031338
1997-09-04 13:30:00+00:00,-0.0002483032404484552
1997-09-05 13:30:00+00:00,0.005058100526043707
1997-09-08 13:30:00+00:00,0.00353740079646413
1997-09-09 13:30:00+00:00,0.000653633119259911
1997-09-10 13:30:00+00:00,-0.00043203727013331185
1997-09-11 13:30:00+00:00,-0.0025035024592039543
1997-09-12 13:30:00+00:00,0.0018025984810030482
1997-09-15 13:30:00+00:00,0.00016074449770274733
1997-09-16 13:30:00+00:00,0.005325338780349786
1997-09-17 13:30:00+00:00,0.002932517480394459
1997-09-18 13:30:00+00:00,0.0029603465262477593
1997-09-19 13:30:00+00:00,-0.0007886291185810301
1997-09-22 13:30:00+00:00,0.0022507303652918756
1997-09-23 13:30:00+00:00,0.0013975461659103572
1997-09-24 13:30:00+00:00,0.0018618443249667105
1997-09-25 13:30:00+00:00,-0.0010659803188292182
1997-09-26 13:30:00+00:00,0.004134932181100159
1997-09-29 13:30:00+00:00,0.0017190380751343937
1997-09-30 13:30:00+00:00,-0.0023418711734646378
1997-10-01 13:30:00+00:00,0.0029255253537285755
1997-10-02 13:30:00+00:00,0.0016984481478865443
1997-10-03 13:30:00+00:00,0.009157469968578347
1997-10-06 13:30:00+00:00,0.003699833058334201
1997-10-07 13:30:00+00:00,0.0021881226823949776
1997-10-08 13:30:00+00:00,0.0014196340342935599
1997-10-09 13:30:00+00:00,-0.003992608794988761
1997-10-10 13:30:00+00:00,-0.003909046886649403
1997-10-13 13:30:00+00:00,0.003263930172213703
1997-10-14 13:30:00+00:00,0.0014555535468827486
1997-10-15 13:30:00+00:00,-0.010193542691322121
1997-10-16 13:30:00+00:00,0.004240321863524954
1997-10-17 13:30:00+00:00,-0.0001
1997-10-20 13:30:00+00:00,0.004885486825728857
1997-10-21 13:30:00+00:00,0.008390349169846479
1997-10-22 13:30:00+00:00,0.0022064869035338555
1997-10-23 13:30:00+00:00,-0.0001
1997-10-24 13:30:00+00:00,0.008767581923148738
1997-10-27 14:30:00+00:00,-0.0001
1997-10-28 14:30:00+00:00,-0.03143585339871148
1997-10-29 14:30:00+00:00,0.0071175931355153986
1997-10-30 14:30:00+00:00,-0.01873046972488691
1997-10-31 14:30:00+00:00,0.014997942843879553
1997-11-03 14:30:00+00:00,0.009946378921309885
1997-11-04 14:30:00+00:00,-0.001780996249774247
1997-11-05 14:30:00+00:00,0.005288785127441009
1997-11-06 14:30:00+00:00,0.00039474364696888707
1997-11-07 14:30:00+00:00,-0.01622004313034898
1997-11-10 14:30:00+00:00,0.004499347856277358
1997-11-11 14:30:00+00:00,0.00224483789569917
1997-11-12 14:30:00+00:00,-0.0001
1997-11-13 14:30:00+00:00,0.008384136741937043
1997-11-14 14:30:00+00:00,0.004023811903759877
1997-11-17 14:30:00+00:00,0.011544979376530307
1997-11-18 14:30:00+00:00,0.0002469767232919807
1997-11-19 14:30:00+00:00,-0.002692975991403734
1997-11-20 14:30:00+00:00,0.003921972992089617
1997-11-21 14:30:00+00:00,0.006060176753387203
1997-11-24 14:30:00+00:00,-0.004918792900663227
1997-11-25 14:30:00+00:00,0.003876117450380512
1997-11-26 14:30:00+00:00,0.0027507193747207006
1997-11-28 14:30:00+00:00,0.0007403674006349781
1997-12-01 14:30:00+00:00,0.004904535641662588
1997-12-02 14:30:00+00:00,-0.0033132986217834334
1997-12-03 14:30:00+00:00,-0.0015816044186873878
1997-12-04 14:30:00+00:00,0.003980145747023422
1997-12-05 14:30:00+00:00,-0.0034407386183558206
1997-12-08 14:30:00+00:00,0.003260052728038632
1997-12-09 14:30:00+00:00,-0.008922110281774153
1997-12-10 14:30:00+00:00,-0.005450062438109871
1997-12-11 14:30:00+00:00,-0.012037753551779617
1997-12-12 14:30:00+00:00,0.003441788720789141
1997-12-15 14:30:00+00:00,0.0023925993013953375
1997-12-16 14:30:00+00:00,0.0029522343594836522
1997-12-17 14:30:00+00:00,0.0066804438485994376
1997-12-18 14:30:00+00:00,0.000740166755351035
1997-12-19 14:30:00+00:00,-0.01082089278610333
1997-12-22 14:30:00+00:00,0.005618988653130807
1997-12-23 14:30:00+00:00,-0.00040030350653142967
1997-12-24 14:30:00+00:00,0.004370465025863124
1997-12-26 14:30:00+00:00,0.0009803352287296341
1997-12-29 14:30:00+00:00,0.006787767567425706
1997-12-30 14:30:00+00:00,0.0012659616396939355
1997-12-31 14:30:00+00:00,0.0004367090756014381
1998-01-02 14:30:00+00:00,0.0022880027116889304
1998-01-05 14:30:00+00:00,0.0025809419712758855
1998-01-06 14:30:00+00:00,-0.003895227992030914
1998-01-07 14:30:00+00:00,-0.003979406145015807
1998-01-08 14:30:00+00:00,-0.003807445202801529
1998-01-09 14:30:00+00:00,-0.0001
1998-01-12 14:30:00+00:00,-0.014209685442496577
1998-01-13 14:30:00+00:00,0.007886335327784922
1998-01-14 14:30:00+00:00,0.005199613992615359
1998-01-15 14:30:00+00:00,-0.0019983338012500404
1998-01-16 14:30:00+00:00,0.006771021427676371
1998-01-20 14:30:00+00:00,0.003048062506360683
1998-01-21 14:30:00+00:00,-0.00433861431841599
1998-01-22 14:30:00+00:00,-0.006422761086606566
1998-01-23 14:30:00+00:00,0.0037122242982259193
1998-01-26 14:30:00+00:00,0.0014228482622682282
1998-01-27 14:30:00+00:00,0.0003931407468096172
1998-01-28 14:30:00+00:00,0.00470712249221038
1998-01-29 14:30:00+00:00,-0.0011801891535944242
1998-01-30 14:30:00+00:00,0.003012114982427583
1998-02-02 14:30:00+00:00,0.012682873128542427
1998-02-03 14:30:00+00:00,0.0007106805706593611
1998-02-04 14:30:00+00:00,-0.0018283417201091611
1998-02-05 14:30:00+00:00,0.006910086469985355
1998-02-06 14:30:00+00:00,-0.0009289192129525836
1998-02-09 14:30:00+00:00,0.00318743673953702
1998-02-10 14:30:00+00:00,0.0010003030545271297
1998-02-11 14:30:00+00:00,-0.0001292847604392854
1998-02-12 14:30:00+00:00,-0.003412770488385519
1998-02-13 14:30:00+00:00,-0.0029815412956241236
1998-02-17 14:30:00+00:00,0.006097293830518591
1998-02-18 14:30:00+00:00,-0.00047572112047878913
1998-02-19 14:30:00+00:00,0.0046618471661143855
1998-02-20 14:30:00+00:00,0.002696715726820276
1998-02-23 14:30:00+00:00,0.009204830081795724
1998-02-24 14:30:00+00:00,0.0021777036877950076
1998-02-25 14:30:00+00:00,0.004575883307431405
1998-02-26 14:30:00+00:00,3.019138133052443e-05
1998-02-27 14:30:00+00:00,0.0004120865828163179
1998-03-02 14:30:00+00:00,0.004537059882302896
1998-03-03 14:30:00+00:00,-0.005547745238776225
1998-03-04 14:30:00+00:00,-0.0038902694857359085
1998-03-05 14:30:00+00:00,-0.025735043816146896
1998-03-06 14:30:00+00:00,0.0061327220904605515
1998-03-09 14:30:00+00:00,-0.003265144288838073
1998-03-10 14:30:00+00:00,0.009417912280414987
1998-03-11 14:30:00+00:00,0.004200815831336235
1998-03-12 14:30:00+00:00,0.0038047075429845536
1998-03-13 14:30:00+00:00,0.0061072439759244255
1998-03-16 14:30:00+00:00,0.004274428417689202
1998-03-17 14:30:00+00:00,-0.00023427747624694674
1998-03-18 14:30:00+00:00,-0.00378687597017181
1998-03-19 14:30:00+00:00,0.0006101905241033712
1998-03-20 14:30:00+00:00,0.0017333808508612659
1998-03-23 14:30:00+00:00,-0.002453105886217066
1998-03-24 14:30:00+00:00,0.002315582636134728
1998-03-25 14:30:00+00:00,0.013792903778869759
1998-03-26 14:30:00+00:00,-0.0013441803657419204
1998-03-27 14:30:00+00:00,0.004586769830567261
1998-03-30 14:30:00+00:00,-6.7547264408606415e-06
1998-03-31 14:30:00+00:00,0.0025282671277331195
1998-04-01 14:30:00+00:00,0.0012455344236767974
1998-04-02 14:30:00+00:00,6.232789163828087e-05
1998-04-03 14:30:00+00:00,0.002269190236693797
1998-04-06 13:30:00+00:00,0.0019696161311763996
1998-04-07 13:30:00+00:00,-0.0031615346780951123
1998-04-08 13:30:00+00:00,0.0012343031762673707
1998-04-09 13:30:00+00:00,0.004050502741804285
1998-04-13 13:30:00+00:00,0.002004094006963431
1998-04-14 13:30:00+00:00,0.0001466222385433259
1998-04-15 13:30:00+00:00,0.00524987775284601
1998-04-16 13:30:00+00:00,-0.0033147903153507683
1998-04-17 13:30:00+00:00,-0.0021126518932053193
1998-04-20 13:30:00+00:00,0.001191135868000337
1998-04-21 13:30:00+00:00,0.0040597208076793454
1998-04-22 13:30:00+00:00,0.0017856149997215077
1998-04-23 13:30:00+00:00,-0.0024310113825389943
1998-04-24 13:30:00+00:00,-0.0015989280996593469
1998-04-27 13:30:00+00:00,-0.0001
1998-04-28 13:30:00+00:00,0.012084699818535095
1998-04-29 13:30:00+00:00,0.0028479816551667428
1998-04-30 13:30:00+00:00,0.008800207566468588
1998-05-01 13:30:00+00:00,0.0017197421079229059
1998-05-04 13:30:00+00:00,0.0034656620547563913
1998-05-05 13:30:00+00:00,-0.001483804863698268
1998-05-06 13:30:00+00:00,0.004018124467062056
1998-05-07 13:30:00+00:00,0.0008317601410605558
1998-05-08 13:30:00+00:00,-0.001718389158003275
1998-05-11 13:30:00+00:00,0.0029251584520286647
1998-05-12 13:30:00+00:00,-0.00044089883019716715
1998-05-13 13:30:00+00:00,0.005109197718583969
1998-05-14 13:30:00+00:00,-0.004606550245762187
1998-05-15 13:30:00+00:00,0.002044358210432129
1998-05-18 13:30:00+00:00,-0.004561838857697354
1998-05-19 13:30:00+00:00,0.004813682982274014
1998-05-20 13:30:00+00:00,0.0022241284997579383
1998-05-21 13:30:00+00:00,0.001395831982735174
1998-05-22 13:30:00+00:00,-0.005684898324456744
1998-05-26 13:30:00+00:00,0.0046257780038088
1998-05-27 13:30:00+00:00,-0.010481904904898098
1998-05-28 13:30:00+00:00,0.0008264075215764666
1998-05-29 13:30:00+00:00,0.0030817103080515887
1998-06-01 13:30:00+00:00,-0.004878314336253642
1998-06-02 13:30:00+00:00,0.006254460103247028
1998-06-03 13:30:00+00:00,0.005235427114091295
1998-06-04 13:30:00+00:00,0.006224877369893622
1998-06-05 13:30:00+00:00,0.0015667551758930976
1998-06-08 13:30:00+00:00,0.00020844162624110717
1998-06-09 13:30:00+00:00,-0.00016152097325773375
1998-06-10 13:30:00+00:00,-0.005381108928481104
1998-06-11 13:30:00+00:00,0.0017948176238897662
1998-06-12 13:30:00+00:00,-0.0008372705029290439
1998-06-15 13:30:00+00:00,-0.010690012906204426
1998-06-16 13:30:00+00:00,0.007471027384161377
1998-06-17 13:30:00+00:00,0.005073602670852206
1998-06-18 13:30:00+00:00,-0.00012817430051627045
1998-06-19 13:30:00+00:00,0.006065766351892809
1998-06-22 13:30:00+00:00,0.0006129773946967787
1998-06-23 13:30:00+00:00,0.004008961117945675
1998-06-24 13:30:00+00:00,0.007376018510571114
1998-06-25 13:30:00+00:00,0.004463919906959812
1998-06-26 13:30:00+00:00,0.0010270498247351046
1998-06-29 13:30:00+00:00,0.005815891347087365
1998-06-30 13:30:00+00:00,-0.004515453486883658
1998-07-01 13:30:00+00:00,0.004913880558263128
1998-07-02 13:30:00+00:00,-0.0030825439309286715
1998-07-06 13:30:00+00:00,0.002344564352065637
1998-07-07 13:30:00+00:00,0.0013611589107487166
1998-07-08 13:30:00+00:00,0.0005813280356505746
1998-07-09 13:30:00+00:00,-1.7311664069607962e-05
1998-07-10 13:30:00+00:00,-0.0005433325645546438
1998-07-13 13:30:00+00:00,0.0026173435031786488
1998-07-14 13:30:00+00:00,0.0035427386011173015
1998-07-15 13:30:00+00:00,0.0030243614426226253
1998-07-16 13:30:00+00:00,0.003088697758382375
1998-07-17 13:30:00+00:00,0.002409246068056692
1998-07-20 13:30:00+00:00,0.0022496936817632987
1998-07-21 13:30:00+00:00,0.0019900885875636545
1998-07-22 13:30:00+00:00,-0.005172930155617828
1998-07-23 13:30:00+00:00,0.00044827062047846376
1998-07-24 13:30:00+00:00,0.006431564803894163
1998-07-27 13:30:00+00:00,-0.007702282619208811
1998-07-28 13:30:00+00:00,-0.0008397110082005832
1998-07-29 13:30:00+00:00,0.006090247479881838
1998-07-30 13:30:00+00:00,0.008159432228265196
1998-07-31 13:30:00+00:00,0.0001656882116405246
1998-08-03 13:30:00+00:00,-0.0015260084300939946
1998-08-04 13:30:00+00:00,0.00674460272941334
1998-08-05 13:30:00+00:00,0.002425710517588875
1998-08-06 13:30:00+00:00,-0.005871136657452325
1998-08-07 13:30:00+00:00,0.006989313878521297
1998-08-10 13:30:00+00:00,0.00013822208591073314
1998-08-11 13:30:00+00:00,-0.020510892605786212
1998-08-12 13:30:00+00:00,0.00936622035792677
1998-08-13 13:30:00+00:00,-0.0028389305679763607
1998-08-14 13:30:00+00:00,0.007222972519789417
1998-08-17 13:30:00+00:00,-0.003049355878077875
1998-08-18 13:30:00+00:00,0.004762360360815332
1998-08-19 13:30:00+00:00,0.009203985624139922
1998-08-20 13:30:00+00:00,-0.004208095517841415
1998-08-21 13:30:00+00:00,-0.008815092432899473
1998-08-24 13:30:00+00:00,0.0033267912561036786
1998-08-25 13:30:00+00:00,0.009002003170057272
1998-08-26 13:30:00+00:00,-0.011923136436518
1998-08-27 13:30:00+00:00,-0.014804801076956597
1998-08-28 13:30:00+00:00,0.002070238574959127
1998-08-31 13:30:00+00:00,0.004211784041686417
1998-09-01 13:30:00+00:00,0.006409928141153809
1998-09-02 13:30:00+00:00,0.009378857738238312
1998-09-03 13:30:00+00:00,-0.012913532029078644
1998-09-04 13:30:00+00:00,0.009105635895037201
1998-09-08 13:30:00+00:00,-0.0001
1998-09-09 13:30:00+00:00,-0.0015209417846038353
1998-09-10 13:30:00+00:00,-0.00010616156186272754
1998-09-11 13:30:00+00:00,0.009027495962700572
1998-09-14 13:30:00+00:00,0.011272800235568637
1998-09-15 13:30:00+00:00,-0.0043264270301375364
1998-09-16 13:30:00+00:00,0.0034278044925477483
1998-09-17 13:30:00+00:00,-0.025971254616616323
1998-09-18 13:30:00+00:00,0.007086002159263571
1998-09-21 13:30:00+00:00,-0.020331182065157615
1998-09-22 13:30:00+00:00,0.007695608961532529
1998-09-23 13:30:00+00:00,0.008069392577624724
1998-09-24 13:30:00+00:00,-0.0041221545822187735
1998-09-25 13:30:00+00:00,-0.008732000581848098
1998-09-28 13:30:00+00:00,0.008107238441531928
1998-09-29 13:30:00+00:00,0.0034533479462284136
1998-09-30 13:30:00+00:00,-0.01009976206127584
1998-10-01 13:30:00+00:00,-0.01812998961439506
1998-10-02 13:30:00+00:00,-0.0018862379049631283
1998-10-05 13:30:00+00:00,-0.014843177507703042
1998-10-06 13:30:00+00:00,0.021901874081904794
1998-10-07 13:30:00+00:00,-0.0042763851323209924
1998-10-08 13:30:00+00:00,-0.028590195173456633
1998-10-09 13:30:00+00:00,0.01978554230806572
1998-10-12 13:30:00+00:00,0.024020764786065064
1998-10-13 13:30:00+00:00,-0.0033016139608370684
1998-10-14 13:30:00+00:00,-0.004916256050949819
1998-10-15 13:30:00+00:00,0.0004386724860194647
1998-10-16 13:30:00+00:00,0.008732955960851097
1998-10-19 13:30:00+00:00,-0.0018335122046218121
1998-10-20 13:30:00+00:00,0.007845494860361003
1998-10-21 13:30:00+00:00,0.011222701613107445
1998-10-22 13:30:00+00:00,-0.0017241055101507973
1998-10-23 13:30:00+00:00,-0.002126308093610707
1998-10-26 14:30:00+00:00,0.007173368794303181
1998-10-27 14:30:00+00:00,0.00909430111139774
1998-10-28 14:30:00+00:00,-0.00437913786149714
1998-10-29 14:30:00+00:00,-0.0014756667810304047
1998-10-30 14:30:00+00:00,0.0064502365421086226
1998-11-02 14:30:00+00:00,0.006854959770114621
1998-11-03 14:30:00+00:00,-0.0015603754951093562
1998-11-04 14:30:00+00:00,0.010775432970675503
1998-11-05 14:30:00+00:00,-0.006066321667536301
1998-11-06 14:30:00+00:00,-0.0013519333669246402
1998-11-09 14:30:00+00:00,0.0004870889095491716
1998-11-10 14:30:00+00:00,-0.0010779792652653275
1998-11-11 14:30:00+00:00,0.012013922259135102
1998-11-12 14:30:00+00:00,-0.004863410962276171
1998-11-13 14:30:00+00:00,-0.004092314897687144
1998-11-16 14:30:00+00:00,0.010966050833576924
1998-11-17 14:30:00+00:00,-0.0022916108070595406
1998-11-18 14:30:00+00:00,-0.00023841202804421026
1998-11-19 14:30:00+00:00,0.003357320809262754
1998-11-20 14:30:00+00:00,0.008219079355048498
1998-11-23 14:30:00+00:00,0.004883889486231074
1998-11-24 14:30:00+00:00,-0.0023807545515857173
1998-11-25 14:30:00+00:00,0.0038473466062784903
1998-11-27 14:30:00+00:00,0.00478616994325719
1998-11-30 14:30:00+00:00,0.0034806138458069904
1998-12-01 14:30:00+00:00,-0.010887174859454573
1998-12-02 14:30:00+00:00,-0.003987730037429815
1998-12-03 14:30:00+00:00,-5.98648129430778e-05
1998-12-04 14:30:00+00:00,0.015281260723462465
1998-12-07 14:30:00+00:00,0.0033045938280988787
1998-12-08 14:30:00+00:00,0.0008604638365565687
1998-12-09 14:30:00+00:00,0.005016124427908763
1998-12-10 14:30:00+00:00,0.0004706957892581688
1998-12-11 14:30:00+00:00,-0.0016327515824646865
1998-12-14 14:30:00+00:00,-0.007925322116530974
1998-12-15 14:30:00+00:00,0.00904627429302617
1998-12-16 14:30:00+00:00,0.005226428914421477
1998-12-17 14:30:00+00:00,0.002597398168981735
1998-12-18 14:30:00+00:00,0.0066959051486654595
1998-12-21 14:30:00+00:00,0.010014421248219153
1998-12-22 14:30:00+00:00,0.0027951611162757464
1998-12-23 14:30:00+00:00,0.013242911809035796
1998-12-24 14:30:00+00:00,-0.0006707559870381518
1998-12-28 14:30:00+00:00,0.006927124277580565
1998-12-29 14:30:00+00:00,0.0017941809475809812
1998-12-30 14:30:00+00:00,-0.0002970563518501889
1998-12-31 14:30:00+00:00,0.0010213602969053493
1999-01-04 14:30:00+00:00,0.006672547899191794
1999-01-05 14:30:00+00:00,-0.00023588859921187523
1999-01-06 14:30:00+00:00,0.01538453227681157
1999-01-07 14:30:00+00:00,-0.011987872001588806
1999-01-08 14:30:00+00:00,0.016111737083535072
1999-01-11 14:30:00+00:00,0.01250874151788305
1999-01-12 14:30:00+00:00,0.004642875729693896
1999-01-13 14:30:00+00:00,-0.04253023621808684
1999-01-14 14:30:00+00:00,0.008748373186208792
1999-01-15 14:30:00+00:00,0.006698947656809995
1999-01-19 14:30:00+00:00,0.01809690884816927
1999-01-20 14:30:00+00:00,0.0178638527051873
1999-01-21 14:30:00+00:00,-0.005055504163345115
1999-01-22 14:30:00+00:00,-0.015189171949983604
1999-01-25 14:30:00+00:00,0.010417896980099862
1999-01-26 14:30:00+00:00,0.008197737156885088
1999-01-27 14:30:00+00:00,0.008875096132362249
1999-01-28 14:30:00+00:00,0.014597993690442113
1999-01-29 14:30:00+00:00,0.0035086855615622417
1999-02-01 14:30:00+00:00,0.0064804927356203355
1999-02-02 14:30:00+00:00,0.0007087475850642178
1999-02-03 14:30:00+00:00,-0.004236501988866837
1999-02-04 14:30:00+00:00,0.0011352875113079697
1999-02-05 14:30:00+00:00,0.003991110632298722
1999-02-08 14:30:00+00:00,0.013250890134769867
1999-02-09 14:30:00+00:00,-0.0005033276510798656
1999-02-10 14:30:00+00:00,-0.0029302177835045626
1999-02-11 14:30:00+00:00,0.012681995900086552
1999-02-12 14:30:00+00:00,-0.0123882741966438
1999-02-16 14:30:00+00:00,0.016838821367334268
1999-02-17 14:30:00+00:00,-0.01578369753900034
1999-02-18 14:30:00+00:00,0.008846608789957456
1999-02-19 14:30:00+00:00,0.007004491494039466
1999-02-22 14:30:00+00:00,0.004160807519992804
1999-02-23 14:30:00+00:00,0.007871751528452531
1999-02-24 14:30:00+00:00,0.005538858666896729
1999-02-25 14:30:00+00:00,-0.004370358272195019
1999-02-26 14:30:00+00:00,-0.0028204845836933387
1999-03-01 14:30:00+00:00,-0.0006244473003021
1999-03-02 14:30:00+00:00,0.0035773524508999513
1999-03-03 14:30:00+00:00,0.006544448976314443
1999-03-04 14:30:00+00:00,0.00921047516565342
1999-03-05 14:30:00+00:00,0.015901721524281587
1999-03-08 14:30:00+00:00,0.008547414973440793
1999-03-09 14:30:00+00:00,-0.0005588290064651002
1999-03-10 14:30:00+00:00,0.00581747248018204
1999-03-11 14:30:00+00:00,0.005353082787822083
1999-03-12 14:30:00+00:00,-0.00041921215929109347
1999-03-15 14:30:00+00:00,0.004523082484866092
1999-03-16 14:30:00+00:00,0.0025897802208174506
1999-03-17 14:30:00+00:00,0.0002894407606654937
1999-03-18 14:30:00+00:00,-0.001586170403417919
1999-03-19 14:30:00+00:00,0.006976822976038288
1999-03-22 14:30:00+00:00,0.0028405530938071413
1999-03-23 14:30:00+00:00,-0.0033972038268677116
1999-03-24 14:30:00+00:00,0.0015315350082134472
1999-03-25 14:30:00+00:00,0.014460619030165257
1999-03-26 14:30:00+00:00,-0.0041044356022962416
1999-03-29 14:30:00+00:00,0.009581075233224146
1999-03-30 14:30:00+00:00,-0.0003688363440881414
1999-03-31 14:30:00+00:00,0.0112091809370518
1999-04-01 14:30:00+00:00,0.0127667292078255
1999-04-05 13:30:00+00:00,0.012176502020396985
1999-04-06 13:30:00+00:00,-0.0018890510457461151
1999-04-07 13:30:00+00:00,0.012232427574193617
1999-04-08 13:30:00+00:00,0.0034450060617050473
1999-04-09 13:30:00+00:00,0.0005178962213270189
1999-04-12 13:30:00+00:00,-0.024033228215859858
1999-04-13 13:30:00+00:00,0.010689568467990618
1999-04-14 13:30:00+00:00,0.01461647746516358
1999-04-15 13:30:00+00:00,0.011031549640748251
1999-04-16 13:30:00+00:00,0.002572722009609663
1999-04-19 13:30:00+00:00,0.007013380459708107
1999-04-20 13:30:00+00:00,0.004014026586607977
1999-04-21 13:30:00+00:00,0.007888745562891531
1999-04-22 13:30:00+00:00,0.02482881013866044
1999-04-23 13:30:00+00:00,0.0007822614179562204
1999-04-26 13:30:00+00:00,0.010090392166360419
1999-04-27 13:30:00+00:00,0.00726035111399036
1999-04-28 13:30:00+00:00,-0.0005918630577446237
1999-04-29 13:30:00+00:00,-0.0022330964906671744
1999-04-30 13:30:00+00:00,0.014703664175796927
1999-05-03 13:30:00+00:00,0.001264593629432198
1999-05-04 13:30:00+00:00,-9.298676569413549e-06
1999-05-05 13:30:00+00:00,0.005143120872159723
1999-05-06 13:30:00+00:00,-0.0009049237908828167
1999-05-07 13:30:00+00:00,0.010922214181679813
1999-05-10 13:30:00+00:00,0.005180342098375579
1999-05-11 13:30:00+00:00,0.010440782731658816
1999-05-12 13:30:00+00:00,0.006870147114258473
1999-05-13 13:30:00+00:00,0.005731466597129964
1999-05-14 13:30:00+00:00,-0.012752951926800937
1999-05-17 13:30:00+00:00,-0.004293308650715211
1999-05-18 13:30:00+00:00,0.002925169305700626
1999-05-19 13:30:00+00:00,0.003839959021067141
1999-05-20 13:30:00+00:00,0.0030272052840618516
1999-05-21 13:30:00+00:00,0.0035149134723661993
1999-05-24 13:30:00+00:00,0.0035347808615613266
1999-05-25 13:30:00+00:00,0.0002953158701162085
1999-05-26 13:30:00+00:00,0.011223535715040079
1999-05-27 13:30:00+00:00,-0.002604896281119717
1999-05-28 13:30:00+00:00,0.003488109927723071
1999-06-01 13:30:00+00:00,-0.001318370926699075
1999-06-02 13:30:00+00:00,-0.0003943416660973197
1999-06-03 13:30:00+00:00,0.0033287345439207863
1999-06-04 13:30:00+00:00,0.00661566504628851
1999-06-07 13:30:00+00:00,0.004939659526713924
1999-06-08 13:30:00+00:00,0.0006527687925252823
1999-06-09 13:30:00+00:00,0.008208571263949905
1999-06-10 13:30:00+00:00,-0.00609762114679181
1999-06-11 13:30:00+00:00,0.004315150077567098
1999-06-14 13:30:00+00:00,0.002085604650708273
1999-06-15 13:30:00+00:00,0.00205147832570084
1999-06-16 13:30:00+00:00,0.02074760630618021
1999-06-17 13:30:00+00:00,-0.007042478215911652
1999-06-18 13:30:00+00:00,-0.007701691917674902
1999-06-21 13:30:00+00:00,0.005657891779406332
1999-06-22 13:30:00+00:00,-0.004639418340731461
1999-06-23 13:30:00+00:00,-0.004308919791328092
1999-06-24 13:30:00+00:00,-0.0006427602213889938
1999-06-25 13:30:00+00:00,0.007343259307324368
1999-06-28 13:30:00+00:00,0.006097508065970858
1999-06-29 13:30:00+00:00,0.00010751259381923681
1999-06-30 13:30:00+00:00,-0.0009781119124663395
1999-07-01 13:30:00+00:00,0.002446365557606345
1999-07-02 13:30:00+00:00,0.002383194345119122
1999-07-06 13:30:00+00:00,0.006828074256685956
1999-07-07 13:30:00+00:00,0.0019279484535521419
1999-07-08 13:30:00+00:00,0.0004249436339771485
1999-07-09 13:30:00+00:00,0.004763153242350204
1999-07-12 13:30:00+00:00,0.004199931427312664
1999-07-13 13:30:00+00:00,-0.007847836721395118
1999-07-14 13:30:00+00:00,0.006519371631590764
1999-07-15 13:30:00+00:00,0.003618857911160445
1999-07-16 13:30:00+00:00,0.004179083684864959
1999-07-19 13:30:00+00:00,0.003436462821243758
1999-07-20 13:30:00+00:00,-0.008551403052290418
1999-07-21 13:30:00+00:00,0.0037980399354517916
1999-07-22 13:30:00+00:00,-0.004705731329245133
1999-07-23 13:30:00+00:00,0.006016793958528044
1999-07-26 13:30:00+00:00,-0.01350805780159171
1999-07-27 13:30:00+00:00,0.01481685186390046
1999-07-28 13:30:00+00:00,0.001657887531645963
1999-07-29 13:30:00+00:00,-0.01557767997841043
1999-07-30 13:30:00+00:00,0.006650000300550729
1999-08-02 13:30:00+00:00,-0.00016819493016496646
1999-08-03 13:30:00+00:00,0.00911630598113521
1999-08-04 13:30:00+00:00,0.0007539294764813298
1999-08-05 13:30:00+00:00,-0.0003992164431594446
1999-08-06 13:30:00+00:00,-0.0054783954540783665
1999-08-09 13:30:00+00:00,0.005425998456376912
1999-08-10 13:30:00+00:00,-0.0024184336262721537
1999-08-11 13:30:00+00:00,0.016939379710222847
1999-08-12 13:30:00+00:00,0.000769394882506036
1999-08-13 13:30:00+00:00,0.015856105651109276
1999-08-16 13:30:00+00:00,0.002500590311232276
1999-08-17 13:30:00+00:00,0.01093472641193637
1999-08-18 13:30:00+00:00,-0.00013747249655849937
1999-08-19 13:30:00+00:00,-0.007621452661210293
1999-08-20 13:30:00+00:00,0.005095682334707907
1999-08-23 13:30:00+00:00,0.008346784345972792
1999-08-24 13:30:00+00:00,-0.004060191964367033
1999-08-25 13:30:00+00:00,0.007329942304696846
1999-08-26 13:30:00+00:00,0.0009050699032644328
1999-08-27 13:30:00+00:00,0.006333260324558709
1999-08-30 13:30:00+00:00,0.0016870078494190977
1999-08-31 13:30:00+00:00,0.0015846998581068195
1999-09-01 13:30:00+00:00,0.004638343039780046
1999-09-02 13:30:00+00:00,-0.012696388639420141
1999-09-03 13:30:00+00:00,0.021631787292711858
1999-09-07 13:30:00+00:00,-0.0011516617793203676
1999-09-08 13:30:00+00:00,-0.0047664705345311755
1999-09-09 13:30:00+00:00,0.006258761396203283
1999-09-10 13:30:00+00:00,0.009966535557565537
1999-09-13 13:30:00+00:00,-0.002621606460941128
1999-09-14 13:30:00+00:00,-0.0005358841754734666
1999-09-15 13:30:00+00:00,0.006503216950974877
1999-09-16 13:30:00+00:00,0.002270207272765157
1999-09-17 13:30:00+00:00,0.006719396633271912
1999-09-20 13:30:00+00:00,0.0026564317876080937
1999-09-21 13:30:00+00:00,-0.007926982143808835
1999-09-22 13:30:00+00:00,0.003799188124922848
1999-09-23 13:30:00+00:00,0.007506288977137998
1999-09-24 13:30:00+00:00,-0.007955066328672277
1999-09-27 13:30:00+00:00,0.01486491805273692
1999-09-28 13:30:00+00:00,-0.0035434723510907704
1999-09-29 13:30:00+00:00,-0.0001
1999-09-30 13:30:00+00:00,0.005057027702123562
1999-10-01 13:30:00+00:00,-0.006334113669558617
1999-10-04 13:30:00+00:00,0.005267462916156862
1999-10-05 13:30:00+00:00,-0.0001
1999-10-06 13:30:00+00:00,0.008090314008836186
1999-10-07 13:30:00+00:00,0.0060388694923718565
1999-10-08 13:30:00+00:00,0.0002565629211941257
1999-10-11 13:30:00+00:00,0.001341126323235009
1999-10-12 13:30:00+00:00,0.0017724467253992127
1999-10-13 13:30:00+00:00,-0.013151663966251125
1999-10-14 13:30:00+00:00,0.005165468839904308
1999-10-15 13:30:00+00:00,-0.021027444526602445
1999-10-18 13:30:00+00:00,-0.0021242947543320787
1999-10-19 13:30:00+00:00,0.013443375169931205
1999-10-20 13:30:00+00:00,0.021267686318459534
1999-10-21 13:30:00+00:00,-0.021759641091471448
1999-10-22 13:30:00+00:00,0.008922298662509032
1999-10-25 13:30:00+00:00,-0.0012467983349493505
1999-10-26 13:30:00+00:00,0.012698536794839555
1999-10-27 13:30:00+00:00,6.716191459353879e-05
1999-10-28 13:30:00+00:00,0.010708143689038153
1999-10-29 13:30:00+00:00,0.01525539782494566
1999-11-01 14:30:00+00:00,0.0014169749846446478
1999-11-02 14:30:00+00:00,0.005554315653481401
1999-11-03 14:30:00+00:00,0.01328199174698973
1999-11-04 14:30:00+00:00,0.012635658206511902
1999-11-05 14:30:00+00:00,0.014357020679832456
1999-11-08 14:30:00+00:00,-0.009850861337627036
1999-11-09 14:30:00+00:00,0.00913037427255058
1999-11-10 14:30:00+00:00,0.00023601131985494526
1999-11-11 14:30:00+00:00,0.009548395907668528
1999-11-12 14:30:00+00:00,0.007309381418895799
1999-11-15 14:30:00+00:00,0.0027282159160759603
1999-11-16 14:30:00+00:00,0.007161870493558975
1999-11-17 14:30:00+00:00,0.003953946934648111
1999-11-18 14:30:00+00:00,0.009718375510709521
1999-11-19 14:30:00+00:00,0.0012862384054341703
1999-11-22 14:30:00+00:00,0.008747683785337957
1999-11-23 14:30:00+00:00,0.0046515365294834575
1999-11-24 14:30:00+00:00,0.002529415626016041
1999-11-26 14:30:00+00:00,0.010027142984395655
1999-11-29 14:30:00+00:00,0.002893153347594646
1999-11-30 14:30:00+00:00,0.0008469861848909744
1999-12-01 14:30:00+00:00,0.0013807999847199493
1999-12-02 14:30:00+00:00,0.005308976008670407
1999-12-03 14:30:00+00:00,0.015690180396274112
1999-12-06 14:30:00+00:00,0.002913695780312853
1999-12-07 14:30:00+00:00,0.007595984779327647
1999-12-08 14:30:00+00:00,0.00042974321305221395
1999-12-09 14:30:00+00:00,0.01593142957823578
1999-12-10 14:30:00+00:00,0.010856668106715695
1999-12-13 14:30:00+00:00,0.0011236568991488283
1999-12-14 14:30:00+00:00,0.0029179131364245217
1999-12-15 14:30:00+00:00,-0.007079928731764895
1999-12-16 14:30:00+00:00,0.01295375003361875
1999-12-17 14:30:00+00:00,0.020672186898160295
1999-12-20 14:30:00+00:00,0.007627027957785015
1999-12-21 14:30:00+00:00,0.0037003108899489215
1999-12-22 14:30:00+00:00,0.00612325620300046
1999-12-23 14:30:00+00:00,0.00730606805367916
1999-12-27 14:30:00+00:00,0.008077466195898875
1999-12-28 14:30:00+00:00,0.0005288707176913543
1999-12-29 14:30:00+00:00,0.004539834028313805
1999-12-30 14:30:00+00:00,0.009196162456762236
1999-12-31 14:30:00+00:00,0.0048840278390953505
2000-01-03 14:30:00+00:00,0.02862228489094053
2000-01-04 14:30:00+00:00,-0.027005318124789134
2000-01-05 14:30:00+00:00,-0.012233163952268821
2000-01-06 14:30:00+00:00,-0.011215319821860758
2000-01-07 14:30:00+00:00,-0.004403524541991899
2000-01-10 14:30:00+00:00,0.03070648110582951
2000-01-11 14:30:00+00:00,-0.004616427120072941
2000-01-12 14:30:00+00:00,0.007489535373272893
2000-01-13 14:30:00+00:00,0.016814164787850572
2000-01-14 14:30:00+00:00,0.022266771194686886
2000-01-18 14:30:00+00:00,-0.0012367643304449615
2000-01-19 14:30:00+00:00,-0.003619900178477253
2000-01-20 14:30:00+00:00,0.01285260485904115
2000-01-21 14:30:00+00:00,0.011151945777889239
2000-01-24 14:30:00+00:00,0.012881060050156313
2000-01-25 14:30:00+00:00,0.00689935580559341
2000-01-26 14:30:00+00:00,0.001654101065091218
2000-01-27 14:30:00+00:00,0.012330272164035472
2000-01-28 14:30:00+00:00,-0.007383012404540546
2000-01-31 14:30:00+00:00,-0.0035035868240301912
2000-02-01 14:30:00+00:00,0.005158408565129713
2000-02-02 14:30:00+00:00,0.001639902186611797
2000-02-03 14:30:00+00:00,0.014797039241466681
2000-02-04 14:30:00+00:00,0.00730205890780099
2000-02-07 14:30:00+00:00,0.0069425686887447545
2000-02-08 14:30:00+00:00,0.011062034508023667
2000-02-09 14:30:00+00:00,0.007281180300677581
2000-02-10 14:30:00+00:00,0.006069708846860189
2000-02-11 14:30:00+00:00,0.0007248998265947271
2000-02-14 14:30:00+00:00,0.008756814608322994
2000-02-15 14:30:00+00:00,-0.0007856967308676021
2000-02-16 14:30:00+00:00,0.0013522180178195842
2000-02-17 14:30:00+00:00,0.012403216040623544
2000-02-18 14:30:00+00:00,0.003153583976622121
2000-02-22 14:30:00+00:00,0.004680391099565184
2000-02-23 14:30:00+00:00,0.00555017958496572
2000-02-24 14:30:00+00:00,0.007275302014920759
2000-02-25 14:30:00+00:00,0.0001555793111667093
2000-02-28 14:30:00+00:00,-0.003461327912264511
2000-02-29 14:30:00+00:00,0.014926712888156491
2000-03-01 14:30:00+00:00,0.007592626778271538
2000-03-02 14:30:00+00:00,0.006741436584309468
2000-03-03 14:30:00+00:00,0.019144886331192924
2000-03-06 14:30:00+00:00,0.0041443040527584405
2000-03-07 14:30:00+00:00,0.01766203460919823
2000-03-08 14:30:00+00:00,0.014962382810642872
2000-03-09 14:30:00+00:00,0.003130441768894199
2000-03-10 14:30:00+00:00,0.0025709638931772252
2000-03-13 14:30:00+00:00,-0.03369142262534221
2000-03-14 14:30:00+00:00,0.018254476226334793
2000-03-15 14:30:00+00:00,0.010907888846953585
2000-03-16 14:30:00+00:00,0.01644508169559632
2000-03-17 14:30:00+00:00,-0.003356112197068339
2000-03-20 14:30:00+00:00,0.0028199405285873505
2000-03-21 14:30:00+00:00,-0.004542512032266866
2000-03-22 14:30:00+00:00,0.008147559645706782
2000-03-23 14:30:00+00:00,0.0018363629939872506
2000-03-24 14:30:00+00:00,0.00919645874745222
2000-03-27 14:30:00+00:00,0.006224793135965789
2000-03-28 14:30:00+00:00,-0.004034661207226187
2000-03-29 14:30:00+00:00,0.005305559926572323
2000-03-30 14:30:00+00:00,-0.02254077237391151
2000-03-31 14:30:00+00:00,0.020609308975187524
2000-04-03 13:30:00+00:00,-0.017144136798148423
2000-04-04 13:30:00+00:00,0.014051170790339008
2000-04-05 13:30:00+00:00,-0.02974412898922164
2000-04-06 13:30:00+00:00,0.02330475792003871
2000-04-07 13:30:00+00:00,0.020185554984614818
2000-04-10 13:30:00+00:00,0.006365832009162842
2000-04-11 13:30:00+00:00,-0.022446135219460716
2000-04-12 13:30:00+00:00,-0.0014757326656781422
2000-04-13 13:30:00+00:00,0.01845093947023656
2000-04-14 13:30:00+00:00,-0.021678687671940377
2000-04-17 13:30:00+00:00,-0.026701138899988607
2000-04-18 13:30:00+00:00,0.01600268867461495
2000-04-19 13:30:00+00:00,0.010201598040938887
2000-04-20 13:30:00+00:00,0.007635292829310403
2000-04-24 13:30:00+00:00,-0.04872672401525137
2000-04-25 13:30:00+00:00,0.031558473449475585
2000-04-26 13:30:00+00:00,0.004685478091924089
2000-04-27 13:30:00+00:00,-0.030666791013884153
2000-04-28 13:30:00+00:00,0.014891952285960287
2000-05-01 13:30:00+00:00,0.017907289197681687
2000-05-02 13:30:00+00:00,-0.007719895417650846
2000-05-03 13:30:00+00:00,-0.00806468127505323
2000-05-04 13:30:00+00:00,0.00420499760884695
2000-05-05 13:30:00+00:00,-0.007078033945563955
2000-05-08 13:30:00+00:00,-0.015390243285416504
2000-05-09 13:30:00+00:00,0.00956654202523265
2000-05-10 13:30:00+00:00,-0.016833562827150105
2000-05-11 13:30:00+00:00,0.01920141503221261
2000-05-12 13:30:00+00:00,0.013233003122584453
2000-05-15 13:30:00+00:00,0.0010759228448504632
2000-05-16 13:30:00+00:00,0.018538169460593047
2000-05-17 13:30:00+00:00,-0.018399595715998928
2000-05-18 13:30:00+00:00,0.004092097982043341
2000-05-19 13:30:00+00:00,-0.01651278284067482
2000-05-22 13:30:00+00:00,6.223715312890796e-05
2000-05-23 13:30:00+00:00,-0.005316692487062913
2000-05-24 13:30:00+00:00,-0.003073615871072921
2000-05-25 13:30:00+00:00,0.011488022142335231
2000-05-26 13:30:00+00:00,0.00299792420113042
2000-05-30 13:30:00+00:00,0.025306282128050073
2000-05-31 13:30:00+00:00,-0.009127362680248396
2000-06-01 13:30:00+00:00,0.02078853891999687
2000-06-02 13:30:00+00:00,0.040779260620202415
2000-06-05 13:30:00+00:00,-0.010626067114121406
2000-06-06 13:30:00+00:00,0.0010041956303750044
2000-06-07 13:30:00+00:00,0.002610044889891572
2000-06-08 13:30:00+00:00,0.01208464734815683
2000-06-09 13:30:00+00:00,0.017463426106803393
2000-06-12 13:30:00+00:00,0.004341463530658662
2000-06-13 13:30:00+00:00,-0.006469579039792961
2000-06-14 13:30:00+00:00,0.006126851854786774
2000-06-15 13:30:00+00:00,0.0011587604202622948
2000-06-16 13:30:00+00:00,0.008046696917773256
2000-06-19 13:30:00+00:00,-0.010955978307268254
2000-06-20 13:30:00+00:00,0.0032234522538505564
2000-06-21 13:30:00+00:00,-0.01205755899043982
2000-06-22 13:30:00+00:00,0.0022917191837048437
2000-06-23 13:30:00+00:00,0.0032554730805889223
2000-06-26 13:30:00+00:00,0.010122714650627519
2000-06-27 13:30:00+00:00,-0.0020734094589355376
2000-06-28 13:30:00+00:00,0.004774385529820335
2000-06-29 13:30:00+00:00,-0.010264109679569488
2000-06-30 13:30:00+00:00,0.0030672171521253125
2000-07-03 13:30:00+00:00,-0.004013159017498558
2000-07-05 13:30:00+00:00,-0.010663793101866614
2000-07-06 13:30:00+00:00,0.002439363258818206
2000-07-07 13:30:00+00:00,0.004396780550710566
2000-07-10 13:30:00+00:00,-0.007452315157927669
2000-07-11 13:30:00+00:00,-0.0025797482320721985
2000-07-12 13:30:00+00:00,0.017130265583972227
2000-07-13 13:30:00+00:00,0.007027594700308215
2000-07-14 13:30:00+00:00,0.011143477132992342
2000-07-17 13:30:00+00:00,-0.0007194676120322429
2000-07-18 13:30:00+00:00,-0.009733419247008778
2000-07-19 13:30:00+00:00,-0.005558194211373058
2000-07-20 13:30:00+00:00,0.012475111998295086
2000-07-21 13:30:00+00:00,-0.007403051734432464
2000-07-24 13:30:00+00:00,0.003612330435868383
2000-07-25 13:30:00+00:00,0.00839912048990853
2000-07-26 13:30:00+00:00,-0.007927147444377735
2000-07-27 13:30:00+00:00,-0.012533189514121756
2000-07-28 13:30:00+00:00,0.0032496477964418682
2000-07-31 13:30:00+00:00,0.007934379372269918
2000-08-01 13:30:00+00:00,-0.0017034125596718907
2000-08-02 13:30:00+00:00,-0.0004798384858395565
2000-08-03 13:30:00+00:00,-0.0284671354627264
2000-08-04 13:30:00+00:00,0.01384464116285299
2000-08-07 13:30:00+00:00,0.008354378375026384
2000-08-08 13:30:00+00:00,-0.003237433200063655
2000-08-09 13:30:00+00:00,0.01723379067210339
2000-08-10 13:30:00+00:00,-0.002674262845465136
2000-08-11 13:30:00+00:00,-0.004985617540096199
2000-08-14 13:30:00+00:00,0.003916385093638996
2000-08-15 13:30:00+00:00,-0.0008428814592287392
2000-08-16 13:30:00+00:00,0.00688923753132763
2000-08-17 13:30:00+00:00,-0.0007008671886238437
2000-08-18 13:30:00+00:00,0.0044243394108862575
2000-08-21 13:30:00+00:00,0.009031497981231141
2000-08-22 13:30:00+00:00,0.00420290026582103
2000-08-23 13:30:00+00:00,-0.005834903250685153
2000-08-24 13:30:00+00:00,0.0023881464879049632
2000-08-25 13:30:00+00:00,-0.0009486809155514586
2000-08-28 13:30:00+00:00,0.0015078443284928134
2000-08-29 13:30:00+00:00,0.000789274765750514
2000-08-30 13:30:00+00:00,-0.0014889480309520197
2000-08-31 13:30:00+00:00,0.005597116211200059
2000-09-01 13:30:00+00:00,0.01078825314683617
2000-09-05 13:30:00+00:00,-0.00680475286407557
2000-09-06 13:30:00+00:00,-0.0016303056498271462
2000-09-07 13:30:00+00:00,0.00829199542103275
2000-09-08 13:30:00+00:00,-0.0040992036620110086
2000-09-11 13:30:00+00:00,-0.004435903132428598
2000-09-12 13:30:00+00:00,0.0073607834229876155
2000-09-13 13:30:00+00:00,-0.014281048432693521
2000-09-14 13:30:00+00:00,0.017674052936124774
2000-09-15 13:30:00+00:00,-0.002340759580195317
2000-09-18 13:30:00+00:00,0.0007864924296754228
2000-09-19 13:30:00+00:00,0.010505073721359216
2000-09-20 13:30:00+00:00,-0.0007621968223268216
2000-09-21 13:30:00+00:00,-0.008526003798316594
2000-09-22 13:30:00+00:00,-0.0556543015479385
2000-09-25 13:30:00+00:00,0.01272152906756462
2000-09-26 13:30:00+00:00,0.0056280597795477115
2000-09-27 13:30:00+00:00,0.013865470756399868
2000-09-28 13:30:00+00:00,-0.0048479985750729095
2000-09-29 13:30:00+00:00,-0.007788615125912013
2000-10-02 13:30:00+00:00,0.011242758788612351
2000-10-03 13:30:00+00:00,0.015599523895326806
2000-10-04 13:30:00+00:00,-0.004507039734144913
2000-10-05 13:30:00+00:00,-0.006668117872706503
2000-10-06 13:30:00+00:00,0.0015128145382112713
2000-10-09 13:30:00+00:00,-0.002736144312611832
2000-10-10 13:30:00+00:00,-0.00864407774410093
2000-10-11 13:30:00+00:00,-0.027320759464221755
2000-10-12 13:30:00+00:00,0.02286678220715065
2000-10-13 13:30:00+00:00,-0.006646984811443113
2000-10-16 13:30:00+00:00,-0.0004889443811007088
2000-10-17 13:30:00+00:00,0.013613079933964423
2000-10-18 13:30:00+00:00,-0.033395377374399696
2000-10-19 13:30:00+00:00,0.04993529445272825
2000-10-20 13:30:00+00:00,-0.004675012072770002
2000-10-23 13:30:00+00:00,-3.109945572777875e-05
2000-10-24 13:30:00+00:00,0.007614730984221818
2000-10-25 13:30:00+00:00,-0.021314766988447597
2000-10-26 13:30:00+00:00,0.004801529816448979
2000-10-27 13:30:00+00:00,0.014724982360093664
2000-10-30 14:30:00+00:00,-0.010617522016972868
2000-10-31 14:30:00+00:00,0.009939493652603593
2000-11-01 14:30:00+00:00,-0.015864304951657703
2000-11-02 14:30:00+00:00,0.01606676670159034
2000-11-03 14:30:00+00:00,0.005236815977710962
2000-11-06 14:30:00+00:00,0.005048372377008048
2000-11-07 14:30:00+00:00,-0.005055764380471184
2000-11-08 14:30:00+00:00,0.0029739594295678964
2000-11-09 14:30:00+00:00,-0.017675904225739846
2000-11-10 14:30:00+00:00,-0.024547322276295202
2000-11-13 14:30:00+00:00,-0.02416739625379517
2000-11-14 14:30:00+00:00,0.03464884347314799
2000-11-15 14:30:00+00:00,-0.0003102789451730036
2000-11-16 14:30:00+00:00,-0.013901952159392283
2000-11-17 14:30:00+00:00,0.004045965158657505
2000-11-20 14:30:00+00:00,-0.02787487888497565
2000-11-21 14:30:00+00:00,0.005599648541200197
2000-11-22 14:30:00+00:00,-0.015182992679734674
2000-11-24 14:30:00+00:00,0.024630120567544978
2000-11-27 14:30:00+00:00,0.02591245425063503
2000-11-28 14:30:00+00:00,-0.0024468263345969296
2000-11-29 14:30:00+00:00,0.004726342885922097
2000-11-30 14:30:00+00:00,-0.039956921051788954
2000-12-01 14:30:00+00:00,0.01766805282075067
2000-12-04 14:30:00+00:00,0.006428592054643178
2000-12-05 14:30:00+00:00,0.033148579070295434
2000-12-06 14:30:00+00:00,-0.003882244949804503
2000-12-07 14:30:00+00:00,-0.01733939243250494
2000-12-08 14:30:00+00:00,0.03814301689727494
2000-12-11 14:30:00+00:00,0.0064709088015164505
2000-12-12 14:30:00+00:00,-0.007078222407559631
2000-12-13 14:30:00+00:00,0.022002705326963346
2000-12-14 14:30:00+00:00,-0.00091127369451095
2000-12-15 14:30:00+00:00,-0.014705076585250675
2000-12-18 14:30:00+00:00,0.01702978733310555
2000-12-19 14:30:00+00:00,-0.0029424096147044995
2000-12-20 14:30:00+00:00,-0.04021211547785354
2000-12-21 14:30:00+00:00,-0.009775180718251352
2000-12-22 14:30:00+00:00,0.024492671232905206
2000-12-26 14:30:00+00:00,0.00040457267776771176
2000-12-27 14:30:00+00:00,-0.008999042811944757
2000-12-28 14:30:00+00:00,-0.008547120124278284
2000-12-29 14:30:00+00:00,-0.0020861433854638786
2001-01-02 14:30:00+00:00,0.001373330533389383
2001-01-03 14:30:00+00:00,-0.01637501116116725
2001-01-04 14:30:00+00:00,-0.008786539474575538
2001-01-05 14:30:00+00:00,0.0023466088933563503
2001-01-08 14:30:00+00:00,-0.007962410403687625
2001-01-09 14:30:00+00:00,0.011907921996297411
2001-01-10 14:30:00+00:00,-0.020003365796412164
2001-01-11 14:30:00+00:00,-0.011426388975534617
2001-01-12 14:30:00+00:00,-0.00048249686222202594
2001-01-16 14:30:00+00:00,0.0017998630247002434
2001-01-17 14:30:00+00:00,0.03502630224880131
2001-01-18 14:30:00+00:00,0.005103542886502932
2001-01-19 14:30:00+00:00,0.02513762680521191
2001-01-22 14:30:00+00:00,-0.004171566223184831
2001-01-23 14:30:00+00:00,0.00038953653283678734
2001-01-24 14:30:00+00:00,0.003543900326252503
2001-01-25 14:30:00+00:00,-0.008074329946397795
2001-01-26 14:30:00+00:00,-0.017850604948920445
2001-01-29 14:30:00+00:00,-0.008732657154607037
2001-01-30 14:30:00+00:00,0.002249937522799328
2001-01-31 14:30:00+00:00,0.0033386208289400868
2001-02-01 14:30:00+00:00,-0.0005183285489555156
2001-02-02 14:30:00+00:00,-4.972938088699799e-05
2001-02-05 14:30:00+00:00,-0.007936909474252973
2001-02-06 14:30:00+00:00,-0.0005918447067534526
2001-02-07 14:30:00+00:00,-0.018321141383929273
2001-02-08 14:30:00+00:00,0.006786963236232279
2001-02-09 14:30:00+00:00,-0.007835988972192075
2001-02-12 14:30:00+00:00,-0.005085923951098981
2001-02-13 14:30:00+00:00,0.008407256624984195
2001-02-14 14:30:00+00:00,0.004002598758379594
2001-02-15 14:30:00+00:00,0.018054444184653285
2001-02-16 14:30:00+00:00,-0.04252602292363407
2001-02-20 14:30:00+00:00,0.0057507063769408505
2001-02-21 14:30:00+00:00,-0.015869860915618605
2001-02-22 14:30:00+00:00,0.0013059170752105387
2001-02-23 14:30:00+00:00,-0.010652500631840655
2001-02-26 14:30:00+00:00,0.011113153947329025
2001-02-27 14:30:00+00:00,-0.009569398926521543
2001-02-28 14:30:00+00:00,0.007174059459500659
2001-03-01 14:30:00+00:00,-0.011964333320928732
2001-03-02 14:30:00+00:00,-0.03314072733745989
2001-03-05 14:30:00+00:00,0.011762373775221258
2001-03-06 14:30:00+00:00,0.02854322008795317
2001-03-07 14:30:00+00:00,0.01659368043861441
2001-03-08 14:30:00+00:00,-0.0057746076703315665
2001-03-09 14:30:00+00:00,-0.020674194781607046
2001-03-12 14:30:00+00:00,-0.024993059585853638
2001-03-13 14:30:00+00:00,0.01306429734362612
2001-03-14 14:30:00+00:00,-0.032967097023110084
2001-03-15 14:30:00+00:00,0.026115879669912568
2001-03-16 14:30:00+00:00,-0.013564147352647115
2001-03-19 14:30:00+00:00,0.0054739917826180816
2001-03-20 14:30:00+00:00,0.006700959980961085
2001-03-21 14:30:00+00:00,0.0027534159893818247
2001-03-22 14:30:00+00:00,0.008155785072263323
2001-03-23 14:30:00+00:00,0.02161580548461538
2001-03-26 14:30:00+00:00,0.01495169671387785
2001-03-27 14:30:00+00:00,0.002094413814473828
2001-03-28 14:30:00+00:00,-0.02389536469142962
2001-03-29 14:30:00+00:00,-0.008562224027033227
2001-03-30 14:30:00+00:00,0.005310447248306971
2001-04-02 13:30:00+00:00,-0.002838764650513703
2001-04-03 13:30:00+00:00,-0.014003720982138323
2001-04-04 13:30:00+00:00,-0.002867486481059511
2001-04-05 13:30:00+00:00,0.04329149574861922
2001-04-06 13:30:00+00:00,-0.016284882155987345
2001-04-09 13:30:00+00:00,0.01111861063525076
2001-04-10 13:30:00+00:00,0.014776522076720412
2001-04-11 13:30:00+00:00,0.04196196615701607
2001-04-12 13:30:00+00:00,-0.009452542311431122
2001-04-16 13:30:00+00:00,-0.013727864265916778
2001-04-17 13:30:00+00:00,-0.019591284294380517
2001-04-18 13:30:00+00:00,0.04245368035758522
2001-04-19 13:30:00+00:00,0.010210440315843384
2001-04-20 13:30:00+00:00,-0.004792636924517602
2001-04-23 13:30:00+00:00,-0.020923517741755836
2001-04-24 13:30:00+00:00,-0.002042388685206575
2001-04-25 13:30:00+00:00,-0.001681833586772552
2001-04-26 13:30:00+00:00,0.012639095840542226
2001-04-27 13:30:00+00:00,0.017276938820330424
2001-04-30 13:30:00+00:00,0.017932730003640252
2001-05-01 13:30:00+00:00,-0.0001
2001-05-02 13:30:00+00:00,0.016969148218055164
2001-05-03 13:30:00+00:00,-0.017000850061425498
2001-05-04 13:30:00+00:00,-0.020410243566168617
2001-05-07 13:30:00+00:00,0.0010453230081590604
2001-05-08 13:30:00+00:00,0.016204945454553633
2001-05-09 13:30:00+00:00,-0.016686532642872686
2001-05-10 13:30:00+00:00,0.017932828455494033
2001-05-11 13:30:00+00:00,0.000783046662364606
2001-05-14 13:30:00+00:00,-0.0010821556520925868
2001-05-15 13:30:00+00:00,0.0023304770517749043
2001-05-16 13:30:00+00:00,-0.008721093314678418
2001-05-17 13:30:00+00:00,0.0015478962980426281
2001-05-18 13:30:00+00:00,-0.0051690499039933726
2001-05-21 13:30:00+00:00,0.0010688079824021535
2001-05-22 13:30:00+00:00,0.005794301776094623
2001-05-23 13:30:00+00:00,-0.006193781818680588
2001-05-24 13:30:00+00:00,0.0028240548838680437
2001-05-25 13:30:00+00:00,-0.0004681334446827833
2001-05-29 13:30:00+00:00,-0.005035566064103281
2001-05-30 13:30:00+00:00,-0.017838164868367323
2001-05-31 13:30:00+00:00,0.0037522567986927216
2001-06-01 13:30:00+00:00,0.009675041364130877
2001-06-04 13:30:00+00:00,0.006999528333711635
2001-06-05 13:30:00+00:00,0.0051785235670738115
2001-06-06 13:30:00+00:00,0.0026758009529055274
2001-06-07 13:30:00+00:00,-0.0044738197423948136
2001-06-08 13:30:00+00:00,-0.000210424028268552
2001-06-11 13:30:00+00:00,-0.004474603909379937
2001-06-12 13:30:00+00:00,-0.017245896959067208
2001-06-13 13:30:00+00:00,0.0025130399977948306
2001-06-14 13:30:00+00:00,-0.00996016738856188
2001-06-15 13:30:00+00:00,-0.012951760532279987
2001-06-18 13:30:00+00:00,0.003306532109270222
2001-06-19 13:30:00+00:00,0.02876913806928626
2001-06-20 13:30:00+00:00,-0.009409188978521065
2001-06-21 13:30:00+00:00,-0.002531983138378446
2001-06-22 13:30:00+00:00,0.0014737580966244113
2001-06-25 13:30:00+00:00,0.009483123192909771
2001-06-26 13:30:00+00:00,-0.013757681976638191
2001-06-27 13:30:00+00:00,0.0016775288753842932
2001-06-28 13:30:00+00:00,0.010571164908535814
2001-06-29 13:30:00+00:00,0.0019842225786605885
2001-07-02 13:30:00+00:00,-0.0018495761376934427
2001-07-03 13:30:00+00:00,-0.005507811722935918
2001-07-05 13:30:00+00:00,-0.008466104186051437
2001-07-06 13:30:00+00:00,-0.009416875526913848
2001-07-09 13:30:00+00:00,0.00329790057046252
2001-07-10 13:30:00+00:00,0.00823864970311038
2001-07-11 13:30:00+00:00,-0.004211529098257294
2001-07-12 13:30:00+00:00,0.030923676207765805
2001-07-13 13:30:00+00:00,-0.003722813823806914
2001-07-16 13:30:00+00:00,-0.0031027051397655267
2001-07-17 13:30:00+00:00,-0.005841417186808429
2001-07-18 13:30:00+00:00,-0.01569028184960265
2001-07-19 13:30:00+00:00,0.012870087727609992
2001-07-20 13:30:00+00:00,-0.015423042658910379
2001-07-23 13:30:00+00:00,0.007030277247589633
2001-07-24 13:30:00+00:00,-0.004218589952145757
2001-07-25 13:30:00+00:00,0.0016558152618919464
2001-07-26 13:30:00+00:00,-0.002261907912184291
2001-07-27 13:30:00+00:00,-0.0012764962870097762
2001-07-30 13:30:00+00:00,0.002383915880631793
2001-07-31 13:30:00+00:00,0.0029379043861987755
2001-08-01 13:30:00+00:00,0.01195154758308158
2001-08-02 13:30:00+00:00,0.011571036311726946
2001-08-03 13:30:00+00:00,-0.004042732483203315
2001-08-06 13:30:00+00:00,-0.009038597453025165
2001-08-07 13:30:00+00:00,-0.0037475396014727933
2001-08-08 13:30:00+00:00,-0.006037517608118004
2001-08-09 13:30:00+00:00,-0.002073191537519403
2001-08-10 13:30:00+00:00,-0.003145851227688523
2001-08-13 13:30:00+00:00,0.0032581237932385212
2001-08-14 13:30:00+00:00,0.0042283925108776875
2001-08-15 13:30:00+00:00,-0.0002680188747830158
2001-08-16 13:30:00+00:00,-0.009996341160467336
2001-08-17 13:30:00+00:00,-0.01817985376250354
2001-08-20 13:30:00+00:00,-0.0004856276609975895
2001-08-21 13:30:00+00:00,0.0010108862505295746
2001-08-22 13:30:00+00:00,0.011066903634912906
2001-08-23 13:30:00+00:00,-0.001438697222757812
2001-08-24 13:30:00+00:00,0.010941946374293677
2001-08-27 13:30:00+00:00,-0.002239032529113627
2001-08-28 13:30:00+00:00,3.59592142782251e-05
2001-08-29 13:30:00+00:00,0.00550861834820936
2001-08-30 13:30:00+00:00,-0.014195336794565094
2001-08-31 13:30:00+00:00,-0.004241388932663581
2001-09-04 13:30:00+00:00,-0.0018392059260249449
2001-09-05 13:30:00+00:00,0.00044776465008488096
2001-09-06 13:30:00+00:00,-0.013067554742220776
2001-09-07 13:30:00+00:00,-0.006912689088783297
2001-09-10 13:30:00+00:00,-0.008347865306469037
2001-09-17 13:30:00+00:00,-0.04820133928278926
2001-09-18 13:30:00+00:00,0.007636361827971771
2001-09-19 13:30:00+00:00,0.0033982532283189817
2001-09-20 13:30:00+00:00,-0.021608120416071307
2001-09-21 13:30:00+00:00,-0.05118333632783591
2001-09-24 13:30:00+00:00,0.025392050106134646
2001-09-25 13:30:00+00:00,0.00398162933009093
2001-09-26 13:30:00+00:00,0.00863711075171313
2001-09-27 13:30:00+00:00,-0.005045213273682803
2001-09-28 13:30:00+00:00,0.008012560311866802
2001-10-01 13:30:00+00:00,-0.005003988135039672
2001-10-02 13:30:00+00:00,-0.0010793923578701458
2001-10-03 13:30:00+00:00,-0.008851373294123454
2001-10-04 13:30:00+00:00,0.013684019701627682
2001-10-05 13:30:00+00:00,-0.00693025447751362
2001-10-08 13:30:00+00:00,-0.01403508654878428
2001-10-09 13:30:00+00:00,-0.0012457180337219875
2001-10-10 13:30:00+00:00,-0.004067660411307028
2001-10-11 13:30:00+00:00,0.014221227185471131
2001-10-12 13:30:00+00:00,-0.0067178128086338275
2001-10-15 13:30:00+00:00,-0.01146549552312116
2001-10-16 13:30:00+00:00,0.004875470942645277
2001-10-17 13:30:00+00:00,0.01782609828869618
2001-10-18 13:30:00+00:00,0.001327393876553662
2001-10-19 13:30:00+00:00,-0.005079658148166921
2001-10-22 13:30:00+00:00,-0.003229343063646206
2001-10-23 13:30:00+00:00,0.007194789078019947
2001-10-24 13:30:00+00:00,0.0017070910274836649
2001-10-25 13:30:00+00:00,-0.013411877466376631
2001-10-26 13:30:00+00:00,-0.006684139185198734
2001-10-29 14:30:00+00:00,-0.0032317367914034387
2001-10-30 14:30:00+00:00,-0.010232255286921853
2001-10-31 14:30:00+00:00,0.013519901806979585
2001-11-01 14:30:00+00:00,0.00896405679916933
2001-11-02 14:30:00+00:00,-0.002923142399982159
2001-11-05 14:30:00+00:00,0.012822994303902869
2001-11-06 14:30:00+00:00,-0.0038521146138576043
2001-11-07 14:30:00+00:00,-0.007750847553461682
2001-11-08 14:30:00+00:00,0.009777402885767995
2001-11-09 14:30:00+00:00,-0.0017632503159668133
2001-11-12 14:30:00+00:00,-0.0013195815609522543
2001-11-13 14:30:00+00:00,0.016931386770038682
2001-11-14 14:30:00+00:00,0.009592864559828874
2001-11-15 14:30:00+00:00,-0.006315856755709015
2001-11-16 14:30:00+00:00,0.0014311376386695219
2001-11-19 14:30:00+00:00,0.0072212741816506274
2001-11-20 14:30:00+00:00,-0.004209796766773033
2001-11-21 14:30:00+00:00,-0.003774553256192814
2001-11-23 14:30:00+00:00,0.001958603904453005
2001-11-26 14:30:00+00:00,0.00585317276990448
2001-11-27 14:30:00+00:00,-0.005065931262873702
2001-11-28 14:30:00+00:00,-0.007522633271511159
2001-11-29 14:30:00+00:00,0.005546294350602154
2001-11-30 14:30:00+00:00,-0.0021535110037300795
2001-12-03 14:30:00+00:00,-0.008102751257942364
2001-12-04 14:30:00+00:00,0.00659851939843924
2001-12-05 14:30:00+00:00,0.008661689906829018
2001-12-06 14:30:00+00:00,-0.0008914615427876415
2001-12-07 14:30:00+00:00,-0.005255099241884953
2001-12-10 14:30:00+00:00,-0.006823511945347594
2001-12-11 14:30:00+00:00,0.008840253919143216
2001-12-12 14:30:00+00:00,0.0026722880464902124
2001-12-13 14:30:00+00:00,-0.015780795765063648
2001-12-14 14:30:00+00:00,-0.0007832515877212009
2001-12-17 14:30:00+00:00,-0.0012417861675565578
2001-12-18 14:30:00+00:00,0.0053894636080040635
2001-12-19 14:30:00+00:00,-0.011627557033753965
2001-12-20 14:30:00+00:00,-0.007104934487453207
2001-12-21 14:30:00+00:00,0.011893499899469962
2001-12-24 14:30:00+00:00,0.00041906373549348573
2001-12-26 14:30:00+00:00,0.0021062654825922847
2001-12-27 14:30:00+00:00,0.0032763427765838296
2001-12-28 14:30:00+00:00,0.004600375823776248
2001-12-31 14:30:00+00:00,-0.001584431406750253
2002-01-02 14:30:00+00:00,0.007477947657847916
2002-01-03 14:30:00+00:00,0.0038459687223695196
2002-01-04 14:30:00+00:00,0.008489891954574825
2002-01-07 14:30:00+00:00,0.00760139960783478
2002-01-08 14:30:00+00:00,0.0010389074602035087
2002-01-09 14:30:00+00:00,0.008938145978218726
2002-01-10 14:30:00+00:00,1.7360949809519605e-05
2002-01-11 14:30:00+00:00,0.0010039300601813906
2002-01-14 14:30:00+00:00,-0.004980193085559204
2002-01-15 14:30:00+00:00,0.0019796360492814083
2002-01-16 14:30:00+00:00,-0.012339425969201689
2002-01-17 14:30:00+00:00,0.012376605344817094
2002-01-18 14:30:00+00:00,-0.02138082547175758
2002-01-22 14:30:00+00:00,0.008463273614785594
2002-01-23 14:30:00+00:00,0.0036184001801100488
2002-01-24 14:30:00+00:00,0.007853702714168732
2002-01-25 14:30:00+00:00,-0.0070134511548758495
2002-01-28 14:30:00+00:00,0.006825759551780208
2002-01-29 14:30:00+00:00,0.0015358430095593234
2002-01-30 14:30:00+00:00,0.0024039700467661687
2002-01-31 14:30:00+00:00,0.005711584124938651
2002-02-01 14:30:00+00:00,-0.0027887241477207
2002-02-04 14:30:00+00:00,-0.0020150050220739788
2002-02-05 14:30:00+00:00,-0.005979740024375524
2002-02-06 14:30:00+00:00,0.00784660117722712
2002-02-07 14:30:00+00:00,-0.0019093943858874529
2002-02-08 14:30:00+00:00,0.00659995879867491
2002-02-11 14:30:00+00:00,-0.0011666253251200298
2002-02-12 14:30:00+00:00,-0.0093762092457489
2002-02-13 14:30:00+00:00,0.005668193582152525
2002-02-14 14:30:00+00:00,0.002218217068031592
2002-02-15 14:30:00+00:00,0.0007245873239101086
2002-02-19 14:30:00+00:00,-0.007999407351727338
2002-02-20 14:30:00+00:00,0.006651971289025382
2002-02-21 14:30:00+00:00,-0.006717593423766555
2002-02-22 14:30:00+00:00,0.001333343210446969
2002-02-25 14:30:00+00:00,0.0038952767070476904
2002-02-26 14:30:00+00:00,0.004227996337918138
2002-02-27 14:30:00+00:00,0.00919901285169943
2002-02-28 14:30:00+00:00,0.00415254649354434
2002-03-01 14:30:00+00:00,0.007985521763891324
2002-03-04 14:30:00+00:00,-0.0017973809534450713
2002-03-05 14:30:00+00:00,-0.0025793932645983395
2002-03-06 14:30:00+00:00,-0.0038561202272431425
2002-03-07 14:30:00+00:00,0.00669219511980933
2002-03-08 14:30:00+00:00,0.01396225499637892
2002-03-11 14:30:00+00:00,-0.00525117260992426
2002-03-12 14:30:00+00:00,-0.021250633965445142
2002-03-13 14:30:00+00:00,-0.009140031446720941
2002-03-14 14:30:00+00:00,0.0004746128001311579
2002-03-15 14:30:00+00:00,7.840384380608607e-06
2002-03-18 14:30:00+00:00,0.007623562202803569
2002-03-19 14:30:00+00:00,0.0020682557627440426
2002-03-20 14:30:00+00:00,-0.01104704358821441
2002-03-21 14:30:00+00:00,0.001176667645029983
2002-03-22 14:30:00+00:00,-0.002053041437464664
2002-03-25 14:30:00+00:00,0.0022009791194288367
2002-03-26 14:30:00+00:00,-0.002097249715414595
2002-03-27 14:30:00+00:00,-0.003909991982521521
2002-03-28 14:30:00+00:00,0.005100492678253621
2002-04-01 14:30:00+00:00,-0.005930877561427639
2002-04-02 14:30:00+00:00,-0.014375571984633139
2002-04-03 14:30:00+00:00,0.0027762698603572725
2002-04-04 14:30:00+00:00,-0.00448251822571667
2002-04-05 14:30:00+00:00,0.003906170663675146
2002-04-08 13:30:00+00:00,-0.016444385819504814
2002-04-09 13:30:00+00:00,0.0017310512748356266
2002-04-10 13:30:00+00:00,0.005064785504975677
2002-04-11 13:30:00+00:00,-0.005793004142005798
2002-04-12 13:30:00+00:00,0.007852499814974257
2002-04-15 13:30:00+00:00,0.0031798330236494257
2002-04-16 13:30:00+00:00,0.014445729418445009
2002-04-17 13:30:00+00:00,0.006939843194421857
2002-04-18 13:30:00+00:00,-0.002524524922758464
2002-04-19 13:30:00+00:00,0.007622863833933946
2002-04-22 13:30:00+00:00,-0.009922800585150503
2002-04-23 13:30:00+00:00,-0.0005321478281517078
2002-04-24 13:30:00+00:00,0.005008950303558401
2002-04-25 13:30:00+00:00,-0.004500712726372214
2002-04-26 13:30:00+00:00,0.005227656616065823
2002-04-29 13:30:00+00:00,0.002682638781440694
2002-04-30 13:30:00+00:00,-0.0012527548645821062
2002-05-01 13:30:00+00:00,-0.0027477261716936205
2002-05-02 13:30:00+00:00,-0.0023712312311613523
2002-05-03 13:30:00+00:00,-0.0011030899415297557
2002-05-06 13:30:00+00:00,-0.0013274913875056637
2002-05-07 13:30:00+00:00,0.006932066116316127
2002-05-08 13:30:00+00:00,0.032883464405878846
2002-05-09 13:30:00+00:00,-0.007085891199832395
2002-05-10 13:30:00+00:00,0.0039533802180844345
2002-05-13 13:30:00+00:00,0.00640281684008358
2002-05-14 13:30:00+00:00,0.025079411311067713
2002-05-15 13:30:00+00:00,-0.008011402966726432
2002-05-16 13:30:00+00:00,-0.0011837740350945202
2002-05-17 13:30:00+00:00,0.008412345436902047
2002-05-20 13:30:00+00:00,-0.00848984100555562
2002-05-21 13:30:00+00:00,0.004002034337858162
2002-05-22 13:30:00+00:00,-0.006012874552655989
2002-05-23 13:30:00+00:00,0.0028699679813890436
2002-05-24 13:30:00+00:00,-0.010096271657731758
2002-05-28 13:30:00+00:00,0.005232554155389468
2002-05-29 13:30:00+00:00,-0.007907927798556213
2002-05-30 13:30:00+00:00,-0.0068532862207966285
2002-05-31 13:30:00+00:00,0.005525233708406174
2002-06-03 13:30:00+00:00,-0.0014801690231081132
2002-06-04 13:30:00+00:00,-0.0022183560756883322
2002-06-05 13:30:00+00:00,0.0011293510522427553
2002-06-06 13:30:00+00:00,-0.0073778012866180355
2002-06-07 13:30:00+00:00,-0.035298845117874414
2002-06-10 13:30:00+00:00,0.0008768932314846434
2002-06-11 13:30:00+00:00,0.007393413566760587
2002-06-12 13:30:00+00:00,-0.003987353658599269
2002-06-13 13:30:00+00:00,-0.004635530221828177
2002-06-14 13:30:00+00:00,-0.016741303309838595
2002-06-17 13:30:00+00:00,0.009808711323186826
2002-06-18 13:30:00+00:00,-0.005958595257420496
2002-06-19 13:30:00+00:00,-0.007818873082188437
2002-06-20 13:30:00+00:00,-0.0014561374946776672
2002-06-21 13:30:00+00:00,-0.005657272332095909
2002-06-24 13:30:00+00:00,-0.008011324847869605
2002-06-25 13:30:00+00:00,0.00801453213860447
2002-06-26 13:30:00+00:00,-0.03108336043073291
2002-06-27 13:30:00+00:00,0.011821697289221323
2002-06-28 13:30:00+00:00,-0.002991975633453114
2002-07-01 13:30:00+00:00,-0.004316703029445546
2002-07-02 13:30:00+00:00,-0.006105166987972932
2002-07-03 13:30:00+00:00,-0.006882902963438531
2002-07-05 13:30:00+00:00,0.015014069054804836
2002-07-08 13:30:00+00:00,-0.005975617837895031
2002-07-09 13:30:00+00:00,-0.0002707374285014884
2002-07-10 13:30:00+00:00,0.011159013614385972
2002-07-11 13:30:00+00:00,-0.0048250654195877265
2002-07-12 13:30:00+00:00,0.01217417508198303
2002-07-15 13:30:00+00:00,-0.005713367992355345
2002-07-16 13:30:00+00:00,-0.00784613485652087
2002-07-17 13:30:00+00:00,0.023779096016111934
2002-07-18 13:30:00+00:00,-0.004995305650608362
2002-07-19 13:30:00+00:00,-0.01525158057648458
2002-07-22 13:30:00+00:00,-0.007157619240757207
2002-07-23 13:30:00+00:00,0.003751355640449583
2002-07-24 13:30:00+00:00,-0.020579266869003143
2002-07-25 13:30:00+00:00,-0.010229935350218777
2002-07-26 13:30:00+00:00,0.00848010372354423
2002-07-29 13:30:00+00:00,0.01946237407859951
2002-07-30 13:30:00+00:00,-0.009281808474536645
2002-07-31 13:30:00+00:00,-0.00930256485794435
2002-08-01 13:30:00+00:00,-0.0044591157001871
2002-08-02 13:30:00+00:00,-0.0008031440734863726
2002-08-05 13:30:00+00:00,-0.003738084895364435
2002-08-06 13:30:00+00:00,0.015480334251248607
2002-08-07 13:30:00+00:00,0.02425785038408711
2002-08-08 13:30:00+00:00,-0.002098640444183852
2002-08-09 13:30:00+00:00,-0.011258253014483587
2002-08-12 13:30:00+00:00,-0.009471260129339642
2002-08-13 13:30:00+00:00,-0.004775389115244233
2002-08-14 13:30:00+00:00,0.0035713034175417382
2002-08-15 13:30:00+00:00,0.003872065175645634
2002-08-16 13:30:00+00:00,-0.008835994464492913
2002-08-19 13:30:00+00:00,0.0008404995464328269
2002-08-20 13:30:00+00:00,-0.007321067934445769
2002-08-21 13:30:00+00:00,0.009321899836171255
2002-08-22 13:30:00+00:00,0.0009643959552953941
2002-08-23 13:30:00+00:00,-0.007970938231278823
2002-08-26 13:30:00+00:00,0.004665942893742547
2002-08-27 13:30:00+00:00,0.002271167639990901
2002-08-28 13:30:00+00:00,-0.0063027817372570795
2002-08-29 13:30:00+00:00,-0.007837521803079516
2002-08-30 13:30:00+00:00,-0.0073766797884383785
2002-09-03 13:30:00+00:00,-0.009363362259407048
2002-09-04 13:30:00+00:00,0.003705907966067501
2002-09-05 13:30:00+00:00,-0.013680370060125024
2002-09-06 13:30:00+00:00,0.02329729778677069
2002-09-09 13:30:00+00:00,-0.006700824909919756
2002-09-10 13:30:00+00:00,0.0010727957423790513
2002-09-11 13:30:00+00:00,0.006157156693477483
2002-09-12 13:30:00+00:00,-0.007496693777731334
2002-09-13 13:30:00+00:00,-0.0053670292743423055
2002-09-16 13:30:00+00:00,-0.003623345781404563
2002-09-17 13:30:00+00:00,0.013247673160250873
2002-09-18 13:30:00+00:00,-0.01233861659452552
2002-09-19 13:30:00+00:00,-0.014627296211757967
2002-09-20 13:30:00+00:00,0.010603292411419874
2002-09-23 13:30:00+00:00,-0.009894496124178264
2002-09-24 13:30:00+00:00,-0.01189825129363532
2002-09-25 13:30:00+00:00,0.011260405983393607
2002-09-26 13:30:00+00:00,0.007721332268051595
2002-09-27 13:30:00+00:00,-0.006517732266699061
2002-09-30 13:30:00+00:00,-0.009840195952183783
2002-10-01 13:30:00+00:00,0.006896186852159525
2002-10-02 13:30:00+00:00,-0.004788018277357431
2002-10-03 13:30:00+00:00,-0.0036290687309397216
2002-10-04 13:30:00+00:00,0.007638680983818247
2002-10-07 13:30:00+00:00,-0.0037055665089358422
2002-10-08 13:30:00+00:00,0.009208488161284601
2002-10-09 13:30:00+00:00,-0.010797611066128875
2002-10-10 13:30:00+00:00,0.00227860215679353
2002-10-11 13:30:00+00:00,0.014108746457492927
2002-10-14 13:30:00+00:00,-0.009988696946502517
2002-10-15 13:30:00+00:00,0.03213187047923392
2002-10-16 13:30:00+00:00,-0.033551782776438235
2002-10-17 13:30:00+00:00,0.03222661300507078
2002-10-18 13:30:00+00:00,-0.001797752959914034
2002-10-21 13:30:00+00:00,-0.008718930405627445
2002-10-22 13:30:00+00:00,-0.018524491721687474
2002-10-23 13:30:00+00:00,-0.0036272729126855083
2002-10-24 13:30:00+00:00,0.003573583888933907
2002-10-25 13:30:00+00:00,-0.001162596672328886
2002-10-28 14:30:00+00:00,0.01086058669460831
2002-10-29 14:30:00+00:00,-0.0021442925728149096
2002-10-30 14:30:00+00:00,0.005243896353152466
2002-10-31 14:30:00+00:00,0.0029149314923799688
2002-11-01 14:30:00+00:00,-0.006717822017766506
2002-11-04 14:30:00+00:00,0.024791597216577966
2002-11-05 14:30:00+00:00,-0.007024286934017365
2002-11-06 14:30:00+00:00,0.004931456951478885
2002-11-07 14:30:00+00:00,-0.01521635129176081
2002-11-08 14:30:00+00:00,-0.0003469407718100891
2002-11-11 14:30:00+00:00,-0.003175196884265052
2002-11-12 14:30:00+00:00,0.006638995173781292
2002-11-13 14:30:00+00:00,-0.005538874575373398
2002-11-14 14:30:00+00:00,0.012835868540348894
2002-11-15 14:30:00+00:00,-0.011017333063972356
2002-11-18 14:30:00+00:00,0.007978591986425022
2002-11-19 14:30:00+00:00,-0.0048212481479548265
2002-11-20 14:30:00+00:00,0.0007584380122675927
2002-11-21 14:30:00+00:00,0.008199594532357624
2002-11-22 14:30:00+00:00,-0.009980412604380106
2002-11-25 14:30:00+00:00,0.0011936424599967466
2002-11-26 14:30:00+00:00,-0.005950626764609568
2002-11-27 14:30:00+00:00,0.01294318320704434
2002-11-29 14:30:00+00:00,0.005189270734988083
2002-12-02 14:30:00+00:00,0.019618897693823845
2002-12-03 14:30:00+00:00,-0.006895678613352063
2002-12-04 14:30:00+00:00,-0.015221130120944736
2002-12-05 14:30:00+00:00,0.009960485121861751
2002-12-06 14:30:00+00:00,-0.011136644543017892
2002-12-09 14:30:00+00:00,-0.007861253512941434
2002-12-10 14:30:00+00:00,0.005327420648806524
2002-12-11 14:30:00+00:00,-0.006326835772439876
2002-12-12 14:30:00+00:00,0.007368229019396588
2002-12-13 14:30:00+00:00,-0.00855992460258138
2002-12-16 14:30:00+00:00,0.003804776880452321
2002-12-17 14:30:00+00:00,-0.0029564696361060847
2002-12-18 14:30:00+00:00,-0.008303759595372561
2002-12-19 14:30:00+00:00,-0.002230005944327773
2002-12-20 14:30:00+00:00,0.007351418656104991
2002-12-23 14:30:00+00:00,-0.002396324251265358
2002-12-24 14:30:00+00:00,-0.004247081264062935
2002-12-26 14:30:00+00:00,0.0018454297742811377
2002-12-27 14:30:00+00:00,-0.0032069749427861114
2002-12-30 14:30:00+00:00,0.000730665847257439
2002-12-31 14:30:00+00:00,-0.0021231444591303214
2003-01-02 14:30:00+00:00,0.008451073269242427
2003-01-03 14:30:00+00:00,-0.0018980216473062472
2003-01-06 14:30:00+00:00,0.0021421096476719084
2003-01-07 14:30:00+00:00,0.0019685444429586754
2003-01-08 14:30:00+00:00,-0.005883795090156696
2003-01-09 14:30:00+00:00,0.009464136643965827
2003-01-10 14:30:00+00:00,-0.01041656509274037
2003-01-13 14:30:00+00:00,0.009577292604329147
2003-01-14 14:30:00+00:00,-0.0007708616270864054
2003-01-15 14:30:00+00:00,-6.574320942688275e-05
2003-01-16 14:30:00+00:00,0.0011232483360412604
2003-01-17 14:30:00+00:00,-0.015819055229367895
2003-01-21 14:30:00+00:00,0.0029810516609027784
2003-01-22 14:30:00+00:00,-0.0024749241226864724
2003-01-23 14:30:00+00:00,0.013155082671417285
2003-01-24 14:30:00+00:00,-0.004364331766893115
2003-01-27 14:30:00+00:00,-0.009286788203999096
2003-01-28 14:30:00+00:00,0.007566388003918722
2003-01-29 14:30:00+00:00,-0.0047789767732813295
2003-01-30 14:30:00+00:00,0.001733490513632574
2003-01-31 14:30:00+00:00,-0.010876269719130704
2003-02-03 14:30:00+00:00,0.0027994828985957623
2003-02-04 14:30:00+00:00,-0.010154508797464611
2003-02-05 14:30:00+00:00,0.006423002237106778
2003-02-06 14:30:00+00:00,-0.0022514013277948994
2003-02-07 14:30:00+00:00,0.006959884626190449
2003-02-10 14:30:00+00:00,0.0030502016848667937
2003-02-11 14:30:00+00:00,0.0036480219871153244
2003-02-12 14:30:00+00:00,-0.002709115669129913
2003-02-13 14:30:00+00:00,0.0014247216798337515
2003-02-14 14:30:00+00:00,0.0045734821574980765
2003-02-18 14:30:00+00:00,0.007395169298400217
2003-02-19 14:30:00+00:00,-0.002454214396416698
2003-02-20 14:30:00+00:00,0.0039320201296362154
2003-02-21 14:30:00+00:00,-2.4899838942726764e-05
2003-02-24 14:30:00+00:00,-0.004933152538029406
2003-02-25 14:30:00+00:00,-0.011435614709104269
2003-02-26 14:30:00+00:00,-0.004592144946396604
2003-02-27 14:30:00+00:00,0.0063816142180146305
2003-02-28 14:30:00+00:00,0.00286845316620864
2003-03-03 14:30:00+00:00,0.004901750484897149
2003-03-04 14:30:00+00:00,-0.00010758148992174857
2003-03-05 14:30:00+00:00,-0.002003997030966886
2003-03-06 14:30:00+00:00,-0.006437551712016554
2003-03-07 14:30:00+00:00,-0.013600729626098828
2003-03-10 14:30:00+00:00,-0.00763095314514185
2003-03-11 14:30:00+00:00,0.0017460894424747742
2003-03-12 14:30:00+00:00,-0.0036234654156027776
2003-03-13 14:30:00+00:00,0.014361711751686757
2003-03-14 14:30:00+00:00,0.0025029745471152223
2003-03-17 14:30:00+00:00,-0.007844365360128568
2003-03-18 14:30:00+00:00,-0.0002939419275442944
2003-03-19 14:30:00+00:00,-0.0031559631199585933
2003-03-20 14:30:00+00:00,-0.008267029961300364
2003-03-21 14:30:00+00:00,0.013651391029119598
2003-03-24 14:30:00+00:00,-0.022465334722790675
2003-03-25 14:30:00+00:00,0.0031340460116788707
2003-03-26 14:30:00+00:00,-0.0006319805243527709
2003-03-27 14:30:00+00:00,-0.00842457181468571
2003-03-28 14:30:00+00:00,-0.006594484547137414
2003-03-31 14:30:00+00:00,-0.01323521506648585
2003-04-01 14:30:00+00:00,0.004649580521832275
2003-04-02 14:30:00+00:00,0.019487562970370787
2003-04-03 14:30:00+00:00,0.005821029057160742
2003-04-04 14:30:00+00:00,0.003043403733817829
2003-04-07 13:30:00+00:00,0.03005516361185755
2003-04-08 13:30:00+00:00,-0.0008052705355575784
2003-04-09 13:30:00+00:00,0.0015921110024816776
2003-04-10 13:30:00+00:00,0.001882740610526168
2003-04-11 13:30:00+00:00,0.010056629832797304
2003-04-14 13:30:00+00:00,0.001739791032797411
2003-04-15 13:30:00+00:00,-0.0024682496423695907
2003-04-16 13:30:00+00:00,0.014774042070866179
2003-04-17 13:30:00+00:00,0.0005453083292474737
2003-04-21 13:30:00+00:00,0.00022266638898637013
2003-04-22 13:30:00+00:00,-0.005274213962981678
2003-04-23 13:30:00+00:00,0.0016845095954502898
2003-04-24 13:30:00+00:00,-0.008918992067378128
2003-04-25 13:30:00+00:00,-0.004286007471500997
2003-04-28 13:30:00+00:00,0.0022142932219808456
2003-04-29 13:30:00+00:00,0.0038597050423794135
2003-04-30 13:30:00+00:00,-0.0024517181356504933
2003-05-01 13:30:00+00:00,-0.000994659287533739
2003-05-02 13:30:00+00:00,-0.0017774139424889923
2003-05-05 13:30:00+00:00,0.0035130986461297978
2003-05-06 13:30:00+00:00,-0.0005122198220029017
2003-05-07 13:30:00+00:00,-0.006813863353925764
2003-05-08 13:30:00+00:00,-0.00957066516151418
2003-05-09 13:30:00+00:00,0.0072572914088861904
2003-05-12 13:30:00+00:00,-0.0011722658005026809
2003-05-13 13:30:00+00:00,-0.005458771009988051
2003-05-14 13:30:00+00:00,0.0039267789122370165
2003-05-15 13:30:00+00:00,0.004154367836998174
2003-05-16 13:30:00+00:00,-0.004315626759347058
2003-05-19 13:30:00+00:00,-0.005397280039302965
2003-05-20 13:30:00+00:00,0.0034370681536952555
2003-05-21 13:30:00+00:00,-0.0019911979516347264
2003-05-22 13:30:00+00:00,0.0022626353593173556
2003-05-23 13:30:00+00:00,-0.0007036510564905174
2003-05-27 13:30:00+00:00,-0.0035567282885622495
2003-05-28 13:30:00+00:00,0.0020969975229767515
2003-05-29 13:30:00+00:00,0.001268961043605843
2003-05-30 13:30:00+00:00,0.005157328520638982
2003-06-02 13:30:00+00:00,0.010044645412027754
2003-06-03 13:30:00+00:00,-0.0007475117377808815
2003-06-04 13:30:00+00:00,0.0006981660678708646
2003-06-05 13:30:00+00:00,-0.008578870182949793
2003-06-06 13:30:00+00:00,0.014492875735105704
2003-06-09 13:30:00+00:00,-0.0028159822454915215
2003-06-10 13:30:00+00:00,0.0043889077561915955
2003-06-11 13:30:00+00:00,-0.001740408604461685
2003-06-12 13:30:00+00:00,0.00417092575634469
2003-06-13 13:30:00+00:00,0.0017081483310579127
2003-06-16 13:30:00+00:00,0.004394376625518992
2003-06-17 13:30:00+00:00,0.0038122152570973958
2003-06-18 13:30:00+00:00,-0.0033424973624254337
2003-06-19 13:30:00+00:00,-0.00015364240285643528
2003-06-20 13:30:00+00:00,0.005158906655351003
2003-06-23 13:30:00+00:00,-0.0015531438123267515
2003-06-24 13:30:00+00:00,-0.0032414301373583474
2003-06-25 13:30:00+00:00,0.0016999481037138664
2003-06-26 13:30:00+00:00,0.005297292145298937
2003-06-27 13:30:00+00:00,0.00113623449010557
2003-06-30 13:30:00+00:00,0.005806732171009343
2003-07-01 13:30:00+00:00,-0.003489203743228708
2003-07-02 13:30:00+00:00,0.00477766212201679
2003-07-03 13:30:00+00:00,-0.0077129153857765755
2003-07-07 13:30:00+00:00,0.013095432266260632
2003-07-08 13:30:00+00:00,-0.002843036775676777
2003-07-09 13:30:00+00:00,-0.0017032012301671062
2003-07-10 13:30:00+00:00,-0.009319086967188427
2003-07-11 13:30:00+00:00,0.002883923607344119
2003-07-14 13:30:00+00:00,0.013453026518979606
2003-07-15 13:30:00+00:00,0.008521969971795763
2003-07-16 13:30:00+00:00,0.0073948323025789684
2003-07-17 13:30:00+00:00,-0.011661961175666213
2003-07-18 13:30:00+00:00,0.006419326133809899
2003-07-21 13:30:00+00:00,-0.0014754612735952243
2003-07-22 13:30:00+00:00,0.00799438808791363
2003-07-23 13:30:00+00:00,0.0026665264466720798
2003-07-24 13:30:00+00:00,0.007467495718223238
2003-07-25 13:30:00+00:00,0.0011694761161780032
2003-07-28 13:30:00+00:00,0.0021997068535002276
2003-07-29 13:30:00+00:00,0.002729403824643695
2003-07-30 13:30:00+00:00,1.5487257165591823e-05
2003-07-31 13:30:00+00:00,0.008360602956724462
2003-08-01 13:30:00+00:00,-0.002053876387751019
2003-08-04 13:30:00+00:00,-0.0005546632116056993
2003-08-05 13:30:00+00:00,-0.0020661605033052252
2003-08-06 13:30:00+00:00,-0.005621356578652492
2003-08-07 13:30:00+00:00,-0.000838251043024274
2003-08-08 13:30:00+00:00,0.004064198004545261
2003-08-11 13:30:00+00:00,0.0016760757546800842
2003-08-12 13:30:00+00:00,0.0029694823118502247
2003-08-13 13:30:00+00:00,0.0036640414396946655
2003-08-14 13:30:00+00:00,0.0008012276367692528
2003-08-15 13:30:00+00:00,-0.0016232046957520673
2003-08-18 13:30:00+00:00,0.0029317296314832378
2003-08-19 13:30:00+00:00,0.004217363024672005
2003-08-20 13:30:00+00:00,-0.00693093582850447
2003-08-21 13:30:00+00:00,0.006062867838958696
2003-08-22 13:30:00+00:00,0.015235719961075967
2003-08-25 13:30:00+00:00,-0.000972316089457148
2003-08-26 13:30:00+00:00,-0.004764771080896246
2003-08-27 13:30:00+00:00,-0.0017208709104653663
2003-08-28 13:30:00+00:00,0.003064760501750408
2003-08-29 13:30:00+00:00,-0.0023664833534785654
2003-09-02 13:30:00+00:00,0.004026097365244607
2003-09-03 13:30:00+00:00,0.005868020478603009
2003-09-04 13:30:00+00:00,1.8716984309319424e-05
2003-09-05 13:30:00+00:00,-0.004209178724651108
2003-09-08 13:30:00+00:00,0.002935137914412234
2003-09-09 13:30:00+00:00,-0.0030757151421235804
2003-09-10 13:30:00+00:00,-0.0076904049608204185
2003-09-11 13:30:00+00:00,0.003535182721610786
2003-09-12 13:30:00+00:00,-0.006665224524039848
2003-09-15 13:30:00+00:00,0.0010266479718954336
2003-09-16 13:30:00+00:00,0.0013683226307135033
2003-09-17 13:30:00+00:00,-0.0017266770640150919
2003-09-18 13:30:00+00:00,-0.001262944843418945
2003-09-19 13:30:00+00:00,0.002094203502977832
2003-09-22 13:30:00+00:00,-0.012840676837207254
2003-09-23 13:30:00+00:00,0.0014042762247323704
2003-09-24 13:30:00+00:00,0.000999051344479518
2003-09-25 13:30:00+00:00,0.0029862198987127167
2003-09-26 13:30:00+00:00,-0.00036963430092230566
2003-09-29 13:30:00+00:00,0.005190029308673727
2003-09-30 13:30:00+00:00,-0.00653990859311927
2003-10-01 13:30:00+00:00,0.005568911779340924
2003-10-02 13:30:00+00:00,-0.001906554014872397
2003-10-03 13:30:00+00:00,0.015323026005174423
2003-10-06 13:30:00+00:00,0.0020642738508111938
2003-10-07 13:30:00+00:00,-0.005666485275436684
2003-10-08 13:30:00+00:00,0.0029348502956694114
2003-10-09 13:30:00+00:00,0.012134748237155425
2003-10-10 13:30:00+00:00,0.0017934018886771486
2003-10-13 13:30:00+00:00,0.004468450920382272
2003-10-14 13:30:00+00:00,-0.0021739319818493527
2003-10-15 13:30:00+00:00,0.011834017865376623
2003-10-16 13:30:00+00:00,-0.003766641968480322
2003-10-17 13:30:00+00:00,-0.0016076166093092036
2003-10-20 13:30:00+00:00,0.0006477952487457972
2003-10-21 13:30:00+00:00,0.0020660990440084406
2003-10-22 13:30:00+00:00,-0.009152536523450838
2003-10-23 13:30:00+00:00,-0.01008380023292833
2003-10-24 13:30:00+00:00,-0.01186873278934265
2003-10-27 14:30:00+00:00,0.0054961190121280866
2003-10-28 14:30:00+00:00,0.0054074299509509925
2003-10-29 14:30:00+00:00,-0.003541578452409777
2003-10-30 14:30:00+00:00,0.00972665481615963
2003-10-31 14:30:00+00:00,0.0027613121941594157
2003-11-03 14:30:00+00:00,0.004609683647337481
2003-11-04 14:30:00+00:00,-0.0032762972785955855
2003-11-05 14:30:00+00:00,-0.0005953961080295111
2003-11-06 14:30:00+00:00,0.005973393204814703
2003-11-07 14:30:00+00:00,0.005055949291751005
2003-11-10 14:30:00+00:00,0.0005900886764877878
2003-11-11 14:30:00+00:00,-0.0015369497133613907
2003-11-12 14:30:00+00:00,0.002603597411951364
2003-11-13 14:30:00+00:00,-0.004499111912192
2003-11-14 14:30:00+00:00,-0.0003439730981810273
2003-11-17 14:30:00+00:00,-0.005928230364346654
2003-11-18 14:30:00+00:00,0.005052866761167995
2003-11-19 14:30:00+00:00,0.002254220120067696
2003-11-20 14:30:00+00:00,-0.006953904331807659
2003-11-21 14:30:00+00:00,0.0051711707423040985
2003-11-24 14:30:00+00:00,0.006980720080001823
2003-11-25 14:30:00+00:00,0.0005265449294591274
2003-11-26 14:30:00+00:00,0.005684744528372298
2003-11-28 14:30:00+00:00,-0.0016870996223107392
2003-12-01 14:30:00+00:00,0.00638381381764751
2003-12-02 14:30:00+00:00,-0.0016176737305149235
2003-12-03 14:30:00+00:00,0.004480680786743674
2003-12-04 14:30:00+00:00,0.0033026496341346137
2003-12-05 14:30:00+00:00,-0.010024846900593475
2003-12-08 14:30:00+00:00,-0.00027543725925805997
2003-12-09 14:30:00+00:00,0.0033122813440593537
2003-12-10 14:30:00+00:00,0.0019541859099336703
2003-12-11 14:30:00+00:00,-0.00018927831524574436
2003-12-12 14:30:00+00:00,0.0024433829714824887
2003-12-15 14:30:00+00:00,0.015174509764622968
2003-12-16 14:30:00+00:00,-0.0002042356984231052
2003-12-17 14:30:00+00:00,-0.0011809587342734961
2003-12-18 14:30:00+00:00,0.0016123758738741834
2003-12-19 14:30:00+00:00,0.0035295102654118063
2003-12-22 14:30:00+00:00,-0.002575668151350141
2003-12-23 14:30:00+00:00,-0.0010050104750281119
2003-12-24 14:30:00+00:00,-0.0026674091717345913
2003-12-26 14:30:00+00:00,0.00047891392053965874
2003-12-29 14:30:00+00:00,0.0018208160770969318
2003-12-30 14:30:00+00:00,-0.0013459630917502907
2003-12-31 14:30:00+00:00,0.0002781368856741185
2004-01-02 14:30:00+00:00,0.0037484957627853424
2004-01-05 14:30:00+00:00,0.006926519030705724
2004-01-06 14:30:00+00:00,-0.0014724682242214348
2004-01-07 14:30:00+00:00,-0.0004014125568945314
2004-01-08 14:30:00+00:00,0.005637248473210332
2004-01-09 14:30:00+00:00,-0.008008633458814429
2004-01-12 14:30:00+00:00,0.0030721951178425025
2004-01-13 14:30:00+00:00,0.0005298374388182814
2004-01-14 14:30:00+00:00,0.003644489647046212
2004-01-15 14:30:00+00:00,-0.004490907194338767
2004-01-16 14:30:00+00:00,0.007979370356411043
2004-01-20 14:30:00+00:00,0.003903844274490076
2004-01-21 14:30:00+00:00,-0.004126993930298373
2004-01-22 14:30:00+00:00,0.0017063979442708433
2004-01-23 14:30:00+00:00,0.0026135313063650914
2004-01-26 14:30:00+00:00,-0.0016585033034568597
2004-01-27 14:30:00+00:00,-0.002783605060389338
2004-01-28 14:30:00+00:00,0.004143766801656834
2004-01-29 14:30:00+00:00,0.0038328195815491187
2004-01-30 14:30:00+00:00,-3.708293838023949e-05
2004-02-02 14:30:00+00:00,0.002794262638914347
2004-02-03 14:30:00+00:00,-0.0010063195285765602
2004-02-04 14:30:00+00:00,-0.011415406142076822
2004-02-05 14:30:00+00:00,0.005033687700513478
2004-02-06 14:30:00+00:00,0.003068958663307242
2004-02-09 14:30:00+00:00,0.002458141322906993
2004-02-10 14:30:00+00:00,0.0001572245928511574
2004-02-11 14:30:00+00:00,-0.0012709827785301164
2004-02-12 14:30:00+00:00,-0.0027989523727963814
2004-02-13 14:30:00+00:00,0.003063475346520617
2004-02-17 14:30:00+00:00,0.007136147401223691
2004-02-18 14:30:00+00:00,0.0017650143631455673
2004-02-19 14:30:00+00:00,0.007239374250239894
2004-02-20 14:30:00+00:00,0.0029156611042244654
2004-02-23 14:30:00+00:00,0.003079687377861784
2004-02-24 14:30:00+00:00,-0.003472329772746596
2004-02-25 14:30:00+00:00,0.0024680272481514168
2004-02-26 14:30:00+00:00,-0.0021118569280747066
2004-02-27 14:30:00+00:00,0.0019171987998423013
2004-03-01 14:30:00+00:00,0.0033978953030935235
2004-03-02 14:30:00+00:00,-0.0007901380026858029
2004-03-03 14:30:00+00:00,-0.0013453308322979418
2004-03-04 14:30:00+00:00,0.000573759259086859
2004-03-05 14:30:00+00:00,-0.008751678225403025
2004-03-08 14:30:00+00:00,0.0020683914896610814
2004-03-09 14:30:00+00:00,-0.00011494902201193416
2004-03-10 14:30:00+00:00,0.0008773407338107276
2004-03-11 14:30:00+00:00,-0.005476401223170402
2004-03-12 14:30:00+00:00,0.008701930779328116
2004-03-15 14:30:00+00:00,-0.0036017111850316194
2004-03-16 14:30:00+00:00,0.006902928252341167
2004-03-17 14:30:00+00:00,0.006811699379430258
2004-03-18 14:30:00+00:00,-0.0028823306687856373
2004-03-19 14:30:00+00:00,0.0011892263571959716
2004-03-22 14:30:00+00:00,-0.006000607247081524
2004-03-23 14:30:00+00:00,0.006879399908001449
2004-03-24 14:30:00+00:00,0.0031810968946077603
2004-03-25 14:30:00+00:00,0.007095671269097037
2004-03-26 14:30:00+00:00,-0.0019554697014102615
2004-03-29 14:30:00+00:00,0.007762182031882048
2004-03-30 14:30:00+00:00,-0.003562815624917126
2004-03-31 14:30:00+00:00,0.0001299080471539483
2004-04-01 14:30:00+00:00,0.0010182219120811076
2004-04-02 14:30:00+00:00,0.015304409363758199
2004-04-05 13:30:00+00:00,-0.0006735703347001798
2004-04-06 13:30:00+00:00,-0.007309893382820965
2004-04-07 13:30:00+00:00,-0.002182525911571764
2004-04-08 13:30:00+00:00,0.011771823789683545
2004-04-12 13:30:00+00:00,0.0022186986269765343
2004-04-13 13:30:00+00:00,0.003516578603405252
2004-04-14 13:30:00+00:00,-0.005873157194213119
2004-04-15 13:30:00+00:00,0.0007247741637397165
2004-04-16 13:30:00+00:00,2.9863977543331894e-05
2004-04-19 13:30:00+00:00,-0.00028539244540771715
2004-04-20 13:30:00+00:00,0.0009838986493135749
2004-04-21 13:30:00+00:00,0.004241370442737746
2004-04-22 13:30:00+00:00,-0.0015932529885092194
2004-04-23 13:30:00+00:00,0.006299697747015542
2004-04-26 13:30:00+00:00,0.0011098823014872195
2004-04-27 13:30:00+00:00,0.0017460649604858936
2004-04-28 13:30:00+00:00,-0.0030963089365679927
2004-04-29 13:30:00+00:00,-0.0011354446521824157
2004-04-30 13:30:00+00:00,0.001794016113096475
2004-05-03 13:30:00+00:00,0.004363164950706311
2004-05-04 13:30:00+00:00,0.0017826981045327873
2004-05-05 13:30:00+00:00,0.0022122563731934333
2004-05-06 13:30:00+00:00,-0.005919367172275381
2004-05-07 13:30:00+00:00,-0.0031344653629722494
2004-05-10 13:30:00+00:00,-0.006997944033348425
2004-05-11 13:30:00+00:00,0.006983100355671279
2004-05-12 13:30:00+00:00,-0.0037399561890599895
2004-05-13 13:30:00+00:00,-0.0037144563801437933
2004-05-14 13:30:00+00:00,-0.0019483920497592843
2004-05-17 13:30:00+00:00,-0.012277992073651
2004-05-18 13:30:00+00:00,0.008239385439883885
2004-05-19 13:30:00+00:00,0.010311951778809714
2004-05-20 13:30:00+00:00,0.002328647194316014
2004-05-21 13:30:00+00:00,0.006991713804554533
2004-05-24 13:30:00+00:00,0.006583801246450294
2004-05-25 13:30:00+00:00,-0.001160873791313588
2004-05-26 13:30:00+00:00,-0.0018763928389311623
2004-05-27 13:30:00+00:00,0.003249945619209871
2004-05-28 13:30:00+00:00,0.0004240811602418294
2004-06-01 13:30:00+00:00,-0.0042374164427803175
2004-06-02 13:30:00+00:00,0.002115240402668961
2004-06-03 13:30:00+00:00,-0.002674181322820945
2004-06-04 13:30:00+00:00,0.011321961646360668
2004-06-07 13:30:00+00:00,0.006495530652843795
2004-06-08 13:30:00+00:00,-0.00499949839058601
2004-06-09 13:30:00+00:00,-0.004295633428442425
2004-06-10 13:30:00+00:00,0.0030096314808594096
2004-06-14 13:30:00+00:00,-0.006160391498837081
2004-06-15 13:30:00+00:00,0.006204622869598875
2004-06-16 13:30:00+00:00,0.0006516536471992019
2004-06-17 13:30:00+00:00,-0.002372030300253469
2004-06-18 13:30:00+00:00,-0.0030742972789607023
2004-06-21 13:30:00+00:00,0.0019586420200632284
2004-06-22 13:30:00+00:00,0.00047233403904910497
2004-06-23 13:30:00+00:00,-0.0011530680040257146
2004-06-24 13:30:00+00:00,-0.0005304818086251494
2004-06-25 13:30:00+00:00,0.00048050277414922747
2004-06-28 13:30:00+00:00,0.006570061744205924
2004-06-29 13:30:00+00:00,-0.0013228667746662092
2004-06-30 13:30:00+00:00,0.0015756900823970966
2004-07-01 13:30:00+00:00,-0.001203633537869797
2004-07-02 13:30:00+00:00,-0.0008244092046543305
2004-07-06 13:30:00+00:00,-0.006060193956173421
2004-07-07 13:30:00+00:00,-0.00122562349936296
2004-07-08 13:30:00+00:00,-0.007368227799271721
2004-07-09 13:30:00+00:00,0.0056716782006669296
2004-07-12 13:30:00+00:00,-0.005320035830908021
2004-07-13 13:30:00+00:00,0.0016502088736365273
2004-07-14 13:30:00+00:00,-0.009382199452116168
2004-07-15 13:30:00+00:00,0.0026469135153181947
2004-07-16 13:30:00+00:00,0.006947582092448046
2004-07-19 13:30:00+00:00,0.00303837671086592
2004-07-20 13:30:00+00:00,0.0014181759597624466
2004-07-21 13:30:00+00:00,0.00822002675388166
2004-07-22 13:30:00+00:00,-0.0011349831737083149
2004-07-23 13:30:00+00:00,-0.007828763090316226
2004-07-26 13:30:00+00:00,0.0017009281249453668
2004-07-27 13:30:00+00:00,0.0027602243095567916
2004-07-28 13:30:00+00:00,-0.004235669878400528
2004-07-29 13:30:00+00:00,0.007046486082187042
2004-07-30 13:30:00+00:00,-0.0014396805273373503
2004-08-02 13:30:00+00:00,-0.006685882787119468
2004-08-03 13:30:00+00:00,-0.0027161288634755085
2004-08-04 13:30:00+00:00,-0.004746618001441505
2004-08-05 13:30:00+00:00,0.0009403607320874641
2004-08-06 13:30:00+00:00,-0.008707705005356569
2004-08-09 13:30:00+00:00,0.002972762462779766
2004-08-10 13:30:00+00:00,0.0042163876146481425
2004-08-11 13:30:00+00:00,-0.01683572083712682
2004-08-12 13:30:00+00:00,-0.006686545227795449
2004-08-13 13:30:00+00:00,0.0055890314687569885
2004-08-16 13:30:00+00:00,0.0012430221548291765
2004-08-17 13:30:00+00:00,0.005183729401353243
2004-08-18 13:30:00+00:00,-0.00432780438396464
2004-08-19 13:30:00+00:00,-0.0030813532776322703
2004-08-20 13:30:00+00:00,-0.00029230589932384134
2004-08-23 13:30:00+00:00,0.0030392582615730193
2004-08-24 13:30:00+00:00,0.004376044356131803
2004-08-25 13:30:00+00:00,-0.00019257165315090798
2004-08-26 13:30:00+00:00,-0.002760234344668444
2004-08-27 13:30:00+00:00,0.0010387352403344763
2004-08-30 13:30:00+00:00,-0.003488631397655217
2004-08-31 13:30:00+00:00,0.0004717694263016604
2004-09-01 13:30:00+00:00,-0.0026732988039686154
2004-09-02 13:30:00+00:00,-0.0013862040514537432
2004-09-03 13:30:00+00:00,-0.008544440361164429
2004-09-07 13:30:00+00:00,0.006145673389375872
2004-09-08 13:30:00+00:00,-0.001880980161735779
2004-09-09 13:30:00+00:00,0.004152580218137458
2004-09-10 13:30:00+00:00,0.0002636678692515716
2004-09-13 13:30:00+00:00,0.0029934668403295175
2004-09-14 13:30:00+00:00,-0.0007177062720094107
2004-09-15 13:30:00+00:00,-0.003765040953206411
2004-09-16 13:30:00+00:00,0.0011179868915955793
2004-09-17 13:30:00+00:00,0.001438829134575037
2004-09-20 13:30:00+00:00,-0.003801368215934364
2004-09-21 13:30:00+00:00,0.002551925105571218
2004-09-22 13:30:00+00:00,-0.005799660071442292
2004-09-23 13:30:00+00:00,0.0005947296354624654
2004-09-24 13:30:00+00:00,0.0012040297638711173
2004-09-27 13:30:00+00:00,-0.00452672780530895
2004-09-28 13:30:00+00:00,0.0031260145731164426
2004-09-29 13:30:00+00:00,0.00029574421553756346
2004-09-30 13:30:00+00:00,-0.0008075017486127822
2004-10-01 13:30:00+00:00,0.006621705694600288
2004-10-04 13:30:00+00:00,0.006279371310848647
2004-10-05 13:30:00+00:00,-0.001211475065650902
2004-10-06 13:30:00+00:00,-0.000913073802256481
2004-10-07 13:30:00+00:00,-0.0019569144687222703
2004-10-08 13:30:00+00:00,-0.004128686134734172
2004-10-11 13:30:00+00:00,0.002212569229890871
2004-10-12 13:30:00+00:00,-0.007908155767176083
2004-10-13 13:30:00+00:00,0.010179568318875
2004-10-14 13:30:00+00:00,-7.400365677657775e-05
2004-10-15 13:30:00+00:00,0.0024801274444274826
2004-10-18 13:30:00+00:00,-0.0009998015710829366
2004-10-19 13:30:00+00:00,0.003974326404509554
2004-10-20 13:30:00+00:00,-0.001576918084276302
2004-10-21 13:30:00+00:00,0.0035938052616721785
2004-10-22 13:30:00+00:00,-0.0007449615425591082
2004-10-25 13:30:00+00:00,-0.002219980034198887
2004-10-26 13:30:00+00:00,0.00047991751944030946
2004-10-27 13:30:00+00:00,-0.0005096034542381278
2004-10-28 13:30:00+00:00,-0.0034655018125364753
2004-10-29 13:30:00+00:00,-0.0007022763178007429
2004-11-01 14:30:00+00:00,0.00014809757861965488
2004-11-02 14:30:00+00:00,0.0007081215382238493
2004-11-03 14:30:00+00:00,0.014843601854926936
2004-11-04 14:30:00+00:00,-0.0031832905639895934
2004-11-05 14:30:00+00:00,0.005538399387317028
2004-11-08 14:30:00+00:00,-0.00045311030428308853
2004-11-09 14:30:00+00:00,-0.00020786843355403696
2004-11-10 14:30:00+00:00,-0.0019352395749341444
2004-11-11 14:30:00+00:00,0.0032323701593004353
2004-11-12 14:30:00+00:00,0.0018648317734937137
2004-11-15 14:30:00+00:00,-0.001418729743876812
2004-11-16 14:30:00+00:00,-0.0034523006349365224
2004-11-17 14:30:00+00:00,0.005826924365294628
2004-11-18 14:30:00+00:00,-0.0017621534462388788
2004-11-19 14:30:00+00:00,-0.001920137088066054
2004-11-22 14:30:00+00:00,-0.002171734286017479
2004-11-23 14:30:00+00:00,-0.0014044234719886694
2004-11-24 14:30:00+00:00,0.003503167357583148
2004-11-26 14:30:00+00:00,-0.0004471898062286094
2004-11-29 14:30:00+00:00,0.004153125178215411
2004-11-30 14:30:00+00:00,-0.0011442956566478756
2004-12-01 14:30:00+00:00,0.0036056382381439603
2004-12-02 14:30:00+00:00,-0.0021016692946830393
2004-12-03 14:30:00+00:00,0.004434477713884266
2004-12-06 14:30:00+00:00,-0.0012778754459513819
2004-12-07 14:30:00+00:00,0.0012387020627542156
2004-12-08 14:30:00+00:00,0.001545645452879707
2004-12-09 14:30:00+00:00,-0.00788889980153985
2004-12-10 14:30:00+00:00,-0.0037919072178248634
2004-12-13 14:30:00+00:00,0.006069854558699894
2004-12-14 14:30:00+00:00,-0.0017057487418548178
2004-12-15 14:30:00+00:00,-0.00017415190175330543
2004-12-16 14:30:00+00:00,-0.0012977007847880917
2004-12-17 14:30:00+00:00,-0.001702843027177836
2004-12-20 14:30:00+00:00,0.0031830694669965245
2004-12-21 14:30:00+00:00,0.0031426637343250244
2004-12-22 14:30:00+00:00,-0.002387367707639154
2004-12-23 14:30:00+00:00,-0.0018245799328707845
2004-12-27 14:30:00+00:00,0.0036951841263743626
2004-12-28 14:30:00+00:00,0.0010744526238186558
2004-12-29 14:30:00+00:00,-0.002947685015424206
2004-12-30 14:30:00+00:00,0.00011587997387451096
2004-12-31 14:30:00+00:00,0.00019375237672124578
2005-01-03 14:30:00+00:00,0.004179621062639682
2005-01-04 14:30:00+00:00,0.002762326756742917
2005-01-05 14:30:00+00:00,-0.0024531946264649937
2005-01-06 14:30:00+00:00,0.003376415698437041
2005-01-07 14:30:00+00:00,0.0046607421875
2005-01-10 14:30:00+00:00,-0.0005739947541463341
2005-01-11 14:30:00+00:00,-0.0039005810831767127
2005-01-12 14:30:00+00:00,0.004746959260043748
2005-01-13 14:30:00+00:00,0.0003826739647623146
2005-01-14 14:30:00+00:00,0.004203141110249209
2005-01-18 14:30:00+00:00,-0.002997541054052488
2005-01-19 14:30:00+00:00,-0.0002424706190574776
2005-01-20 14:30:00+00:00,-0.00839971419068276
2005-01-21 14:30:00+00:00,0.0034534329694737467
2005-01-24 14:30:00+00:00,0.002780633001175026
2005-01-25 14:30:00+00:00,0.006561027135987485
2005-01-26 14:30:00+00:00,0.0071972056687956585
2005-01-27 14:30:00+00:00,-0.0017225807977761076
2005-01-28 14:30:00+00:00,0.002532935829888883
2005-01-31 14:30:00+00:00,0.008564778016442388
2005-02-01 14:30:00+00:00,0.000317039996183588
2005-02-02 14:30:00+00:00,0.0024910511666220605
2005-02-03 14:30:00+00:00,-0.004736066868358269
2005-02-04 14:30:00+00:00,-0.0006685746467202213
2005-02-07 14:30:00+00:00,-0.0001526503052138416
2005-02-08 14:30:00+00:00,-6.153843898838432e-05
2005-02-09 14:30:00+00:00,0.0007818256517080236
2005-02-10 14:30:00+00:00,0.0028134395393497494
2005-02-11 14:30:00+00:00,-0.002116529405203471
2005-02-14 14:30:00+00:00,-5.661885217712595e-05
2005-02-15 14:30:00+00:00,0.0002504618536338544
2005-02-16 14:30:00+00:00,-0.003330886376288877
2005-02-17 14:30:00+00:00,0.0004940272368329946
2005-02-18 14:30:00+00:00,0.001748222171346503
2005-02-22 14:30:00+00:00,-0.006142913586970178
2005-02-23 14:30:00+00:00,0.004446132030044392
2005-02-24 14:30:00+00:00,-0.001488281250000012
2005-02-25 14:30:00+00:00,-0.0006897358123974073
2005-02-28 14:30:00+00:00,-0.003547212832147217
2005-03-01 14:30:00+00:00,0.0027025267005757916
2005-03-02 14:30:00+00:00,-0.005386639069100763
2005-03-03 14:30:00+00:00,0.002719868500604672
2005-03-04 14:30:00+00:00,0.006094131658033175
2005-03-07 14:30:00+00:00,0.0014888046282026557
2005-03-08 14:30:00+00:00,-0.0015830345149798863
2005-03-09 14:30:00+00:00,-0.00140209115203217
2005-03-10 14:30:00+00:00,0.0017435294190104478
2005-03-11 14:30:00+00:00,0.0017643737717967123
2005-03-14 14:30:00+00:00,0.0008992354461674235
2005-03-15 14:30:00+00:00,0.0028886704772970065
2005-03-16 14:30:00+00:00,-0.0033874728353391445
2005-03-17 14:30:00+00:00,0.000475485144332033
2005-03-18 14:30:00+00:00,0.0008868927063834132
2005-03-21 14:30:00+00:00,8.427978523116728e-05
2005-03-22 14:30:00+00:00,4.587741270867336e-06
2005-03-23 14:30:00+00:00,-0.002035302990984766
2005-03-24 14:30:00+00:00,0.003547842887969821
2005-03-28 14:30:00+00:00,0.003767262134379379
2005-03-29 14:30:00+00:00,-0.0012292232840548478
2005-03-30 14:30:00+00:00,0.003035925887560509
2005-03-31 14:30:00+00:00,-8.00979267212675e-05
2005-04-01 14:30:00+00:00,0.004831891502172547
2005-04-04 13:30:00+00:00,-0.0006038265478705118
2005-04-05 13:30:00+00:00,0.001562452190551722
2005-04-06 13:30:00+00:00,0.002365865315898208
2005-04-07 13:30:00+00:00,0.00013508643700864696
2005-04-08 13:30:00+00:00,-0.0002832756800005386
2005-04-11 13:30:00+00:00,0.002305811214887699
2005-04-12 13:30:00+00:00,-0.002002515446755015
2005-04-13 13:30:00+00:00,-0.002563380580642993
2005-04-14 13:30:00+00:00,-0.0001962035518772275
2005-04-15 13:30:00+00:00,-0.007163199077369631
2005-04-18 13:30:00+00:00,-0.0010013812756432094
2005-04-19 13:30:00+00:00,0.005075282874516851
2005-04-20 13:30:00+00:00,0.006254938722580083
2005-04-21 13:30:00+00:00,0.009352578028594117
2005-04-22 13:30:00+00:00,-0.00459960913937697
2005-04-25 13:30:00+00:00,0.004987531983447579
2005-04-26 13:30:00+00:00,-0.0037037016943467613
2005-04-27 13:30:00+00:00,-0.004260906541703313
2005-04-28 13:30:00+00:00,-0.004451374657639018
2005-04-29 13:30:00+00:00,0.0069686387620060295
2005-05-02 13:30:00+00:00,0.0007221872009026576
2005-05-03 13:30:00+00:00,-0.002106582359784681
2005-05-04 13:30:00+00:00,0.0023417599489861
2005-05-05 13:30:00+00:00,-0.0010427924373551777
2005-05-06 13:30:00+00:00,0.00543572488595333
2005-05-09 13:30:00+00:00,9.824365429510493e-05
2005-05-10 13:30:00+00:00,-0.005954555372029058
2005-05-11 13:30:00+00:00,0.0015762223947590637
2005-05-12 13:30:00+00:00,-0.000480411342053355
2005-05-13 13:30:00+00:00,0.007232435982982499
2005-05-16 13:30:00+00:00,-0.0003023616225041991
2005-05-17 13:30:00+00:00,-0.004246557817789831
2005-05-18 13:30:00+00:00,0.0021353518519950823
2005-05-19 13:30:00+00:00,0.0006091036805642048
2005-05-20 13:30:00+00:00,-0.0010546510853075674
2005-05-23 13:30:00+00:00,-0.00045677061570160705
2005-05-24 13:30:00+00:00,-0.0022247529985025658
2005-05-25 13:30:00+00:00,-0.002932766251132712
2005-05-26 13:30:00+00:00,0.0037387375358628352
2005-05-27 13:30:00+00:00,-0.0014083761178217524
2005-05-31 13:30:00+00:00,-0.0009720106231453473
2005-06-01 13:30:00+00:00,-0.0005786677666778206
2005-06-02 13:30:00+00:00,-0.0030552583497770566
2005-06-03 13:30:00+00:00,-0.0018256731353030297
2005-06-06 13:30:00+00:00,0.00034905008228468547
2005-06-07 13:30:00+00:00,0.0014898026807528165
2005-06-08 13:30:00+00:00,0.0028267444635918684
2005-06-09 13:30:00+00:00,-0.000391165595010634
2005-06-10 13:30:00+00:00,-0.00041773747408470054
2005-06-13 13:30:00+00:00,-0.0015736010967038027
2005-06-14 13:30:00+00:00,-0.0005446301003250275
2005-06-15 13:30:00+00:00,0.003616671142688144
2005-06-16 13:30:00+00:00,0.0005506745836387661
2005-06-17 13:30:00+00:00,0.00429421593010203
2005-06-20 13:30:00+00:00,-0.004434727898582136
2005-06-21 13:30:00+00:00,-0.00033944870676650964
2005-06-22 13:30:00+00:00,0.002759770487481539
2005-06-23 13:30:00+00:00,0.0007985926521962728
2005-06-24 13:30:00+00:00,-0.0002592893079380708
2005-06-27 13:30:00+00:00,-0.0015464589045151133
2005-06-28 13:30:00+00:00,0.003112433266297721
2005-06-29 13:30:00+00:00,0.002098208148385117
2005-06-30 13:30:00+00:00,0.0014274646859344542
2005-07-01 13:30:00+00:00,0.001849483627186055
2005-07-05 13:30:00+00:00,-0.0026615320681600105
2005-07-06 13:30:00+00:00,-0.000990004885748641
2005-07-07 13:30:00+00:00,-0.008772294613952913
2005-07-08 13:30:00+00:00,0.0009791701575518786
2005-07-11 13:30:00+00:00,0.001367238001302551
2005-07-12 13:30:00+00:00,-0.0014673695548308551
2005-07-13 13:30:00+00:00,-0.0003565404719934161
2005-07-14 13:30:00+00:00,0.005706582007509497
2005-07-15 13:30:00+00:00,-0.000155795274888637
2005-07-18 13:30:00+00:00,-0.002390424308064698
2005-07-19 13:30:00+00:00,0.005448075964317167
2005-07-20 13:30:00+00:00,-0.00663878711587963
2005-07-21 13:30:00+00:00,0.0013621195903834483
2005-07-22 13:30:00+00:00,-0.0012292596015082257
2005-07-25 13:30:00+00:00,-0.0004211168189833913
2005-07-26 13:30:00+00:00,0.0016815277510326854
2005-07-27 13:30:00+00:00,0.0011591924809726151
2005-07-28 13:30:00+00:00,0.0008468710317879214
2005-07-29 13:30:00+00:00,-0.0014509446617974153
2005-08-01 13:30:00+00:00,0.002948251750127129
2005-08-02 13:30:00+00:00,0.0009978310719109707
2005-08-03 13:30:00+00:00,-0.0032827490313731664
2005-08-04 13:30:00+00:00,-0.0039253076468487415
2005-08-05 13:30:00+00:00,-0.0009671241192974577
2005-08-08 13:30:00+00:00,0.002232547410135888
2005-08-09 13:30:00+00:00,0.002695267548084235
2005-08-10 13:30:00+00:00,0.0016846310845386348
2005-08-11 13:30:00+00:00,0.0001270775559802818
2005-08-12 13:30:00+00:00,-0.007278545938865577
2005-08-15 13:30:00+00:00,-0.0015789473553147304
2005-08-16 13:30:00+00:00,-0.00290108731262807
2005-08-17 13:30:00+00:00,0.0009762677533913134
2005-08-18 13:30:00+00:00,-0.002780465357557393
2005-08-19 13:30:00+00:00,0.0011452305213714876
2005-08-22 13:30:00+00:00,0.0024238777792435664
2005-08-23 13:30:00+00:00,0.0003110034926745332
2005-08-24 13:30:00+00:00,-0.00200903175810031
2005-08-25 13:30:00+00:00,0.0010227044907606842
2005-08-26 13:30:00+00:00,-0.0007559998535867751
2005-08-29 13:30:00+00:00,-0.004027855471495767
2005-08-30 13:30:00+00:00,-0.0032670384957925844
2005-08-31 13:30:00+00:00,0.00039303622159779793
2005-09-01 13:30:00+00:00,-0.0010572362260026335
2005-09-02 13:30:00+00:00,0.0011198506944578468
2005-09-06 13:30:00+00:00,0.0028144259810032215
2005-09-07 13:30:00+00:00,-0.0013553716940160165
2005-09-08 13:30:00+00:00,-0.0030051433491427135
2005-09-09 13:30:00+00:00,0.0012249461032665
2005-09-12 13:30:00+00:00,0.00034125788122828525
2005-09-13 13:30:00+00:00,-0.002335687973164091
2005-09-14 13:30:00+00:00,0.0007611107114078198
2005-09-15 13:30:00+00:00,0.001956418378909797
2005-09-16 13:30:00+00:00,0.0034412706484063696
2005-09-19 13:30:00+00:00,-0.0014793970116153798
2005-09-20 13:30:00+00:00,0.0018484498949298156
2005-09-21 13:30:00+00:00,-0.0008883226528329069
2005-09-22 13:30:00+00:00,-0.0011680515487848652
2005-09-23 13:30:00+00:00,-0.002662991896022937
2005-09-26 13:30:00+00:00,0.00512468112560448
2005-09-27 13:30:00+00:00,0.000932280338339353
2005-09-28 13:30:00+00:00,0.002626311291824324
2005-09-29 13:30:00+00:00,-0.00030323894321294666
2005-09-30 13:30:00+00:00,-0.0005903974568200021
2005-10-03 13:30:00+00:00,0.00036940302419451464
2005-10-04 13:30:00+00:00,0.00028511023384013577
2005-10-05 13:30:00+00:00,-0.00019357719245373096
2005-10-06 13:30:00+00:00,0.0008034161948555663
2005-10-07 13:30:00+00:00,0.0032780079452772062
2005-10-10 13:30:00+00:00,0.0005361776363996707
2005-10-11 13:30:00+00:00,0.0025263449977310673
2005-10-12 13:30:00+00:00,-0.002841338924276526
2005-10-13 13:30:00+00:00,-0.0018717980649877286
2005-10-14 13:30:00+00:00,0.003456056213331438
2005-10-17 13:30:00+00:00,0.0002438350424189718
2005-10-18 13:30:00+00:00,-0.000573351903413577
2005-10-19 13:30:00+00:00,-0.003670081658864299
2005-10-20 13:30:00+00:00,-0.001630169271254378
2005-10-21 13:30:00+00:00,0.007505968566325005
2005-10-24 13:30:00+00:00,0.003405913892006385
2005-10-25 13:30:00+00:00,-0.003068116089190009
2005-10-26 13:30:00+00:00,-0.0026740983509034974
2005-10-27 13:30:00+00:00,-0.0020999290846514082
2005-10-28 13:30:00+00:00,0.004764807699086926
2005-10-31 14:30:00+00:00,0.0020485609828242326
2005-11-01 14:30:00+00:00,-0.005009756171421864
2005-11-02 14:30:00+00:00,-0.0015664258577834489
2005-11-03 14:30:00+00:00,0.005957888028979219
2005-11-04 14:30:00+00:00,0.0021590879722015346
2005-11-07 14:30:00+00:00,0.002121813338645129
2005-11-08 14:30:00+00:00,-0.0027947779276806914
2005-11-09 14:30:00+00:00,-0.00048676831970685387
2005-11-10 14:30:00+00:00,-0.00046310111692861024
2005-11-11 14:30:00+00:00,0.000619302845280545
2005-11-14 14:30:00+00:00,0.000499358164667052
2005-11-15 14:30:00+00:00,-0.0008088114806605983
2005-11-16 14:30:00+00:00,0.0011438473322260446
2005-11-17 14:30:00+00:00,0.0033507726773789217
2005-11-18 14:30:00+00:00,0.0052593159497236084
2005-11-21 14:30:00+00:00,-0.00030203727680934146
2005-11-22 14:30:00+00:00,-0.002941574928010404
2005-11-23 14:30:00+00:00,-0.001071769710728987
2005-11-25 14:30:00+00:00,0.0009840587939042745
2005-11-28 14:30:00+00:00,0.00013863750499097947
2005-11-29 14:30:00+00:00,0.0036197218630553587
2005-11-30 14:30:00+00:00,-0.00019403860831602716
2005-12-01 14:30:00+00:00,0.005287818511374487
2005-12-02 14:30:00+00:00,-0.00054107854040909
2005-12-05 14:30:00+00:00,-0.0019914864744702385
2005-12-06 14:30:00+00:00,0.0043826091268006516
2005-12-07 14:30:00+00:00,0.0010191056485191364
2005-12-08 14:30:00+00:00,0.001138910595601883
2005-12-09 14:30:00+00:00,0.00026504917676460914
2005-12-12 14:30:00+00:00,0.0031081774501313555
2005-12-13 14:30:00+00:00,-0.0020239052652936238
2005-12-14 14:30:00+00:00,-0.0014510192466887894
2005-12-15 14:30:00+00:00,0.0014292036131588915
2005-12-16 14:30:00+00:00,0.0005415005497033554
2005-12-19 14:30:00+00:00,0.0008589040205033594
2005-12-20 14:30:00+00:00,0.00026894479920190904
2005-12-21 14:30:00+00:00,0.002199343779083696
2005-12-22 14:30:00+00:00,0.0008545033907569777
2005-12-23 14:30:00+00:00,0.0011997707034942962
2005-12-27 14:30:00+00:00,0.001513805816256475
2005-12-28 14:30:00+00:00,0.0014583234965121928
2005-12-29 14:30:00+00:00,0.00019617498333478488
2005-12-30 14:30:00+00:00,-0.0042159714241783
2006-01-03 14:30:00+00:00,0.004983144663821759
2006-01-04 14:30:00+00:00,0.0013350908381273175
2006-01-05 14:30:00+00:00,0.0005494352577441908
2006-01-06 14:30:00+00:00,0.00531965202883099
2006-01-09 14:30:00+00:00,0.00014280428894241092
2006-01-10 14:30:00+00:00,-0.005478024237066459
2006-01-11 14:30:00+00:00,0.0003696954376517404
2006-01-12 14:30:00+00:00,-0.0018973137369622361
2006-01-13 14:30:00+00:00,0.000353253933276665
2006-01-17 14:30:00+00:00,-0.00634934408755784
2006-01-18 14:30:00+00:00,-0.016250650913747455
2006-01-19 14:30:00+00:00,0.005185944006927057
2006-01-20 14:30:00+00:00,-0.0007299178190057875
2006-01-23 14:30:00+00:00,0.0032857310082279215
2006-01-24 14:30:00+00:00,0.0033067219972608866
2006-01-25 14:30:00+00:00,0.004336617957455091
2006-01-26 14:30:00+00:00,0.006181465917291173
2006-01-27 14:30:00+00:00,0.0044423202748575695
2006-01-30 14:30:00+00:00,0.0007723129994239187
2006-01-31 14:30:00+00:00,-0.0005161475846453655
2006-02-01 14:30:00+00:00,-0.005178436560677413
2006-02-02 14:30:00+00:00,-0.001826849825666621
2006-02-03 14:30:00+00:00,-0.0058592518857852995
2006-02-06 14:30:00+00:00,0.00013868285048611605
2006-02-07 14:30:00+00:00,-0.0013662065521730215
2006-02-08 14:30:00+00:00,0.006697452975175755
2006-02-09 14:30:00+00:00,0.002895191453387225
2006-02-10 14:30:00+00:00,-0.00014437208307661588
2006-02-13 14:30:00+00:00,-0.004450294560188983
2006-02-14 14:30:00+00:00,0.0015653110626227984
2006-02-15 14:30:00+00:00,-0.0014835754698329206
2006-02-16 14:30:00+00:00,0.00229407815550341
2006-02-17 14:30:00+00:00,-0.001363777816837175
2006-02-21 14:30:00+00:00,0.000408207318206777
2006-02-22 14:30:00+00:00,0.0006644768350356656
2006-02-23 14:30:00+00:00,-0.0016679227157281428
2006-02-24 14:30:00+00:00,-0.0005606851151364167
2006-02-27 14:30:00+00:00,0.001841348350013916
2006-02-28 14:30:00+00:00,-0.002795919211945452
2006-03-01 14:30:00+00:00,0.0028631102459148908
2006-03-02 14:30:00+00:00,-0.00403575834861426
2006-03-03 14:30:00+00:00,-0.005296641097737431
2006-03-06 14:30:00+00:00,0.0016631435251206362
2006-03-07 14:30:00+00:00,-0.0027027441003061423
2006-03-08 14:30:00+00:00,-0.0034106296180377413
2006-03-09 14:30:00+00:00,0.002016927712425998
2006-03-10 14:30:00+00:00,0.0008290435777977723
2006-03-13 14:30:00+00:00,0.0031713401248267717
2006-03-14 14:30:00+00:00,-0.0013262869308957703
2006-03-15 14:30:00+00:00,0.0021954047455945316
2006-03-16 14:30:00+00:00,0.0030446896216265065
2006-03-17 14:30:00+00:00,0.002774403413186899
2006-03-20 14:30:00+00:00,0.0022628868310261454
2006-03-21 14:30:00+00:00,-0.0006229678027175444
2006-03-22 14:30:00+00:00,-0.0048249351559821576
2006-03-23 14:30:00+00:00,-0.00148067408184539
2006-03-24 14:30:00+00:00,0.0018955603267194366
2006-03-27 14:30:00+00:00,-0.00025137262990727595
2006-03-28 14:30:00+00:00,-8.703163101176906e-05
2006-03-29 14:30:00+00:00,0.0022779890133219796
2006-03-30 14:30:00+00:00,0.0009479819064121986
2006-03-31 14:30:00+00:00,0.0019120986662597317
2006-04-03 13:30:00+00:00,0.005220969387861529
2006-04-04 13:30:00+00:00,0.00041779870355983527
2006-04-05 13:30:00+00:00,0.0018016103000073503
2006-04-06 13:30:00+00:00,-0.00045176528233926695
2006-04-07 13:30:00+00:00,0.0025047030446207932
2006-04-10 13:30:00+00:00,0.0004856611039820603
2006-04-11 13:30:00+00:00,0.001875709301821782
2006-04-12 13:30:00+00:00,-0.0005156102051802169
2006-04-13 13:30:00+00:00,-0.0002554699966638262
2006-04-17 13:30:00+00:00,-0.00033646723616821407
2006-04-18 13:30:00+00:00,0.002976423827110153
2006-04-19 13:30:00+00:00,0.0010587701638493541
2006-04-20 13:30:00+00:00,-0.001002573172786192
2006-04-21 13:30:00+00:00,0.003751708250641517
2006-04-24 13:30:00+00:00,-0.0018414945570479734
2006-04-25 13:30:00+00:00,0.0021114514177520308
2006-04-26 13:30:00+00:00,0.0013032611520968796
2006-04-27 13:30:00+00:00,-0.0039566527049924695
2006-04-28 13:30:00+00:00,-0.010053237483101062
2006-05-01 13:30:00+00:00,0.003008612653492493
2006-05-02 13:30:00+00:00,0.0029110948453565546
2006-05-03 13:30:00+00:00,0.0004887261583081837
2006-05-04 13:30:00+00:00,0.00138001586510893
2006-05-05 13:30:00+00:00,0.005089577477750617
2006-05-08 13:30:00+00:00,-0.00016836775222363033
2006-05-09 13:30:00+00:00,-0.0023516212516315857
2006-05-10 13:30:00+00:00,-0.002422220310328249
2006-05-11 13:30:00+00:00,-0.000815251220024582
2006-05-12 13:30:00+00:00,-0.003941237583627644
2006-05-15 13:30:00+00:00,-0.004454267978002979
2006-05-16 13:30:00+00:00,0.0001144186625816502
2006-05-17 13:30:00+00:00,-0.0064836479778360824
2006-05-18 13:30:00+00:00,0.0042583514648715124
2006-05-19 13:30:00+00:00,0.0012851266954225671
2006-05-22 13:30:00+00:00,-0.007269936965092383
2006-05-23 13:30:00+00:00,0.007042556180958825
2006-05-24 13:30:00+00:00,0.000395686576800658
2006-05-25 13:30:00+00:00,0.006012941928571036
2006-05-26 13:30:00+00:00,0.0033845658997215702
2006-05-30 13:30:00+00:00,-0.0036288428700120942
2006-05-31 13:30:00+00:00,0.003004285379971872
2006-06-01 13:30:00+00:00,0.00033149948480025736
2006-06-02 13:30:00+00:00,0.004395769997119536
2006-06-05 13:30:00+00:00,-0.0032809421119576296
2006-06-06 13:30:00+00:00,0.0020478009318127713
2006-06-07 13:30:00+00:00,0.0016570204905954511
2006-06-08 13:30:00+00:00,-0.004844846503307976
2006-06-09 13:30:00+00:00,0.0029763957383161957
2006-06-12 13:30:00+00:00,0.001028732702237123
2006-06-13 13:30:00+00:00,-0.0007886490349632402
2006-06-14 13:30:00+00:00,0.0013861870948870148
2006-06-15 13:30:00+00:00,0.0058300657658196696
2006-06-16 13:30:00+00:00,-0.0017975923997414322
2006-06-19 13:30:00+00:00,0.0030222078625443574
2006-06-20 13:30:00+00:00,0.00013691967405037318
2006-06-21 13:30:00+00:00,0.0009250833148137683
2006-06-22 13:30:00+00:00,-0.0011414629738476622
2006-06-23 13:30:00+00:00,-0.0013623442826970033
2006-06-26 13:30:00+00:00,0.002252138047337693
2006-06-27 13:30:00+00:00,0.0003265684399769043
2006-06-28 13:30:00+00:00,0.002609173387096753
2006-06-29 13:30:00+00:00,0.00447416835903679
2006-06-30 13:30:00+00:00,0.003160740198467227
2006-07-03 13:30:00+00:00,0.0025793659485835343
2006-07-05 13:30:00+00:00,-0.007285799466585041
2006-07-06 13:30:00+00:00,0.00127459055081246
2006-07-07 13:30:00+00:00,-0.003905035974401516
2006-07-10 13:30:00+00:00,0.0026698291040887392
2006-07-11 13:30:00+00:00,-0.003175212678664174
2006-07-12 13:30:00+00:00,-0.003458673714372928
2006-07-13 13:30:00+00:00,-0.006726080125228584
2006-07-14 13:30:00+00:00,-0.00021207997494544485
2006-07-17 13:30:00+00:00,-0.0013712424725004335
2006-07-18 13:30:00+00:00,0.0025795060588862276
2006-07-19 13:30:00+00:00,-0.002811365918316222
2006-07-20 13:30:00+00:00,0.0013995445045566935
2006-07-21 13:30:00+00:00,-0.0021398123437287417
2006-07-24 13:30:00+00:00,0.004899022719727186
2006-07-25 13:30:00+00:00,-0.0008082048150586218
2006-07-26 13:30:00+00:00,-0.00368741586218414
2006-07-27 13:30:00+00:00,0.0057489937745000995
2006-07-28 13:30:00+00:00,0.005161726259279564
2006-07-31 13:30:00+00:00,-0.00309874195535188
2006-08-01 13:30:00+00:00,-0.005421559940331455
2006-08-02 13:30:00+00:00,0.003740911892156962
2006-08-03 13:30:00+00:00,-0.006954883129457035
2006-08-04 13:30:00+00:00,0.007303189531196563
2006-08-07 13:30:00+00:00,-0.0027858336850942298
2006-08-08 13:30:00+00:00,0.003287222934258194
2006-08-09 13:30:00+00:00,0.01189017869645247
2006-08-10 13:30:00+00:00,-0.0036432313687068227
2006-08-11 13:30:00+00:00,-0.0027596048691427397
2006-08-14 13:30:00+00:00,0.007335473958222083
2006-08-15 13:30:00+00:00,0.011233734837968735
2006-08-16 13:30:00+00:00,0.005597395649423065
2006-08-17 13:30:00+00:00,-0.0025377262759247563
2006-08-18 13:30:00+00:00,-0.00031793318548724016
2006-08-21 13:30:00+00:00,-0.0056639175277505395
2006-08-22 13:30:00+00:00,-0.0012360453526946257
2006-08-23 13:30:00+00:00,0.0012441235671634022
2006-08-24 13:30:00+00:00,0.0034978451357439047
2006-08-25 13:30:00+00:00,-0.0024116195696789575
2006-08-28 13:30:00+00:00,7.452945419916896e-06
2006-08-29 13:30:00+00:00,0.0004831488842038546
2006-08-30 13:30:00+00:00,0.0011751551208334266
2006-08-31 13:30:00+00:00,0.001473818100583546
2006-09-01 13:30:00+00:00,0.004850227175157362
2006-09-05 13:30:00+00:00,-0.00020029852447623887
2006-09-06 13:30:00+00:00,-0.007353933152376102
2006-09-07 13:30:00+00:00,-0.003693456503556025
2006-09-08 13:30:00+00:00,0.002094591160829207
2006-09-11 13:30:00+00:00,-0.006411748428262765
2006-09-12 13:30:00+00:00,0.0005258402953525088
2006-09-13 13:30:00+00:00,-0.0005603350000369489
2006-09-14 13:30:00+00:00,-0.002766436956355933
2006-09-15 13:30:00+00:00,0.006428403600091881
2006-09-18 13:30:00+00:00,-0.0012630475865561652
2006-09-19 13:30:00+00:00,0.0017383573395392982
2006-09-20 13:30:00+00:00,0.008782404457164262
2006-09-21 13:30:00+00:00,0.0019640806724263607
2006-09-22 13:30:00+00:00,-0.001976863444028598
2006-09-25 13:30:00+00:00,0.0037037188225381604
2006-09-26 13:30:00+00:00,-0.0007002915050284941
2006-09-27 13:30:00+00:00,-0.002386328378164337
2006-09-28 13:30:00+00:00,0.0014640429755863216
2006-09-29 13:30:00+00:00,0.0013449340836881763
2006-10-02 13:30:00+00:00,-0.0007331529796836933
2006-10-03 13:30:00+00:00,-0.002151344159053614
2006-10-04 13:30:00+00:00,-0.0017803065074064705
2006-10-05 13:30:00+00:00,-0.0007197961130812724
2006-10-06 13:30:00+00:00,-0.004518336046959515
2006-10-09 13:30:00+00:00,-0.0010434483994336107
2006-10-10 13:30:00+00:00,0.0009165793467320494
2006-10-11 13:30:00+00:00,-0.004747089345519939
2006-10-12 13:30:00+00:00,0.004236585269888671
2006-10-13 13:30:00+00:00,-0.0007308043337984737
2006-10-16 13:30:00+00:00,0.0007059688507848772
2006-10-17 13:30:00+00:00,-0.0042331135643647435
2006-10-18 13:30:00+00:00,0.004364901563418388
2006-10-19 13:30:00+00:00,-0.002072429443497403
2006-10-20 13:30:00+00:00,-0.0001
2006-10-23 13:30:00+00:00,-0.0018718252990053252
2006-10-24 13:30:00+00:00,-0.0014033284157517589
2006-10-25 13:30:00+00:00,0.0007230546938325922
2006-10-26 13:30:00+00:00,0.001809538711515113
2006-10-27 13:30:00+00:00,-0.0017519589844588012
2006-10-30 14:30:00+00:00,-0.0015507474964011724
2006-10-31 14:30:00+00:00,0.0020067956813063395
2006-11-01 14:30:00+00:00,0.0027647487054938027
2006-11-02 14:30:00+00:00,-0.004328207755730296
2006-11-03 14:30:00+00:00,0.00205080397307732
2006-11-06 14:30:00+00:00,0.004563600266305856
2006-11-07 14:30:00+00:00,-7.461544200438866e-05
2006-11-08 14:30:00+00:00,-0.0051339080792847215
2006-11-09 14:30:00+00:00,0.005912766880062248
2006-11-10 14:30:00+00:00,0.0008469657075316106
2006-11-13 14:30:00+00:00,-0.00018367138172105103
2006-11-14 14:30:00+00:00,0.000594057504201373
2006-11-15 14:30:00+00:00,-0.0003139417072126726
2006-11-16 14:30:00+00:00,0.0016767220921605098
2006-11-17 14:30:00+00:00,-0.003950528592861391
2006-11-20 14:30:00+00:00,-0.0020216942531739
2006-11-21 14:30:00+00:00,0.000686853641539631
2006-11-22 14:30:00+00:00,0.0033095390115886916
2006-11-24 14:30:00+00:00,-0.006689672312307671
2006-11-27 14:30:00+00:00,-0.002575383848231982
2006-11-28 14:30:00+00:00,-0.003674455424485978
2006-11-29 14:30:00+00:00,0.0041691542474331265
2006-11-30 14:30:00+00:00,-0.0007084870594617043
2006-12-01 14:30:00+00:00,-0.0005194555912185872
2006-12-04 14:30:00+00:00,0.003094898522010492
2006-12-05 14:30:00+00:00,0.0028856595209403204
2006-12-06 14:30:00+00:00,-0.002073529380142169
2006-12-07 14:30:00+00:00,0.0014453807618761583
2006-12-08 14:30:00+00:00,-0.0017559031953320425
2006-12-11 14:30:00+00:00,-0.0001
2006-12-12 14:30:00+00:00,-3.0441422133053924e-05
2006-12-13 14:30:00+00:00,0.005048880995406113
2006-12-14 14:30:00+00:00,0.0012731599571260577
2006-12-15 14:30:00+00:00,0.00540563776431523
2006-12-18 14:30:00+00:00,0.002028430967229811
2006-12-19 14:30:00+00:00,-0.0064599033489556425
2006-12-20 14:30:00+00:00,0.0009083970787333473
2006-12-21 14:30:00+00:00,0.0009420887392565969
2006-12-22 14:30:00+00:00,-4.623722199227345e-05
2006-12-26 14:30:00+00:00,-0.0013327110094900729
2006-12-27 14:30:00+00:00,0.0020835498961786383
2006-12-28 14:30:00+00:00,-0.002526725024821108
2006-12-29 14:30:00+00:00,-0.0011471926148964972
2007-01-03 14:30:00+00:00,0.005874409452798479
2007-01-04 14:30:00+00:00,0.00017243610572336153
2007-01-05 14:30:00+00:00,-0.0035074188031364415
2007-01-08 14:30:00+00:00,0.0003108041491219794
2007-01-09 14:30:00+00:00,0.0019753255250121063
2007-01-10 14:30:00+00:00,-0.004106022820543742
2007-01-11 14:30:00+00:00,0.0021607028241461437
2007-01-12 14:30:00+00:00,-0.001359684419626539
2007-01-16 14:30:00+00:00,0.0005952118757443948
2007-01-17 14:30:00+00:00,-0.004059570739915819
2007-01-18 14:30:00+00:00,-0.0017495163703077465
2007-01-19 14:30:00+00:00,-0.002383912645337671
2007-01-22 14:30:00+00:00,0.0012013210609840175
2007-01-23 14:30:00+00:00,-0.0012558937071881604
2007-01-24 14:30:00+00:00,0.00467093459168576
2007-01-25 14:30:00+00:00,0.0011123482325028245
2007-01-26 14:30:00+00:00,0.00271817218080227
2007-01-29 14:30:00+00:00,-0.0004490458427908294
2007-01-30 14:30:00+00:00,0.002181695479564583
2007-01-31 14:30:00+00:00,-0.0022684750253474492
2007-02-01 14:30:00+00:00,0.004019494777035548
2007-02-02 14:30:00+00:00,0.002253794338629145
2007-02-05 14:30:00+00:00,-0.00044325312852401257
2007-02-06 14:30:00+00:00,0.0019966289305739407
2007-02-07 14:30:00+00:00,0.004852474128051998
2007-02-08 14:30:00+00:00,-0.0025091547881951446
2007-02-09 14:30:00+00:00,0.0010974189274988056
2007-02-12 14:30:00+00:00,0.00022921694702059413
2007-02-13 14:30:00+00:00,0.001887494764244646
2007-02-14 14:30:00+00:00,0.003217298664465618
2007-02-15 14:30:00+00:00,0.00048680954954293264
2007-02-16 14:30:00+00:00,-0.0023506575498415502
2007-02-20 14:30:00+00:00,-0.0019267196328644042
2007-02-21 14:30:00+00:00,-0.0038802819900728533
2007-02-22 14:30:00+00:00,0.0018616210561093083
2007-02-23 14:30:00+00:00,-0.0010544433393662289
2007-02-26 14:30:00+00:00,0.0038521056897546815
2007-02-27 14:30:00+00:00,-0.014386182189740204
2007-02-28 14:30:00+00:00,0.0015735960464766552
2007-03-01 14:30:00+00:00,-0.016228954029434483
2007-03-02 14:30:00+00:00,-0.006068635746783746
2007-03-05 14:30:00+00:00,-0.0001
2007-03-06 14:30:00+00:00,0.00949976218849179
2007-03-07 14:30:00+00:00,-0.0011439598289907482
2007-03-08 14:30:00+00:00,0.009126727942404978
2007-03-09 14:30:00+00:00,0.00634959960704039
2007-03-12 13:30:00+00:00,-0.001109468367451749
2007-03-13 13:30:00+00:00,-0.005690470518649804
2007-03-14 13:30:00+00:00,5.7354614463089954e-05
2007-03-15 13:30:00+00:00,-0.0004035622395749504
2007-03-16 13:30:00+00:00,-0.0008902984197624142
2007-03-19 13:30:00+00:00,0.004957614847688629
2007-03-20 13:30:00+00:00,7.12974240231091e-05
2007-03-21 13:30:00+00:00,0.002943786980329033
2007-03-22 13:30:00+00:00,0.00036424018494861664
2007-03-23 13:30:00+00:00,-6.325552832532325e-05
2007-03-26 13:30:00+00:00,0.000990339899531667
2007-03-27 13:30:00+00:00,-0.0028324805682096274
2007-03-28 13:30:00+00:00,-0.0043011424006278555
2007-03-29 13:30:00+00:00,0.006271230698589025
2007-03-30 13:30:00+00:00,0.0007395906311580159
2007-04-02 13:30:00+00:00,0.0014362378424437217
2007-04-03 13:30:00+00:00,0.0040449055931330745
2007-04-04 13:30:00+00:00,0.000556998538940412
2007-04-05 13:30:00+00:00,-0.0005230053757429131
2007-04-09 13:30:00+00:00,0.0026029592864844522
2007-04-10 13:30:00+00:00,-0.0005252621749712971
2007-04-11 13:30:00+00:00,-3.949720204122756e-05
2007-04-12 13:30:00+00:00,-0.00155979474124458
2007-04-13 13:30:00+00:00,-0.00035405066110750773
2007-04-16 13:30:00+00:00,0.0033551825582986863
2007-04-17 13:30:00+00:00,0.00021371545349134778
2007-04-18 13:30:00+00:00,-0.003918058947408054
2007-04-19 13:30:00+00:00,-0.00538979458150769
2007-04-20 13:30:00+00:00,0.007834971975013694
2007-04-23 13:30:00+00:00,-0.00034535921739399224
2007-04-24 13:30:00+00:00,0.0017702805236978647
2007-04-25 13:30:00+00:00,0.0034650058469036685
2007-04-26 13:30:00+00:00,0.0013129722272289146
2007-04-27 13:30:00+00:00,-9.216291053438788e-05
2007-04-30 13:30:00+00:00,0.00022851736989059078
2007-05-01 13:30:00+00:00,0.0018246296615538227
2007-05-02 13:30:00+00:00,6.98307488551265e-05
2007-05-03 13:30:00+00:00,0.0010767779306748327
2007-05-04 13:30:00+00:00,0.0034237498149052195
2007-05-07 13:30:00+00:00,9.049831968520614e-05
2007-05-08 13:30:00+00:00,-0.003122236791388466
2007-05-09 13:30:00+00:00,-0.005590470375230872
2007-05-10 13:30:00+00:00,-0.004579237472079345
2007-05-11 13:30:00+00:00,0.0030257831922475445
2007-05-14 13:30:00+00:00,0.0006142548828458217
2007-05-15 13:30:00+00:00,-0.0007950957305015271
2007-05-16 13:30:00+00:00,0.002838245413486973
2007-05-17 13:30:00+00:00,-0.0013168600429816046
2007-05-18 13:30:00+00:00,0.0033221683827984075
2007-05-21 13:30:00+00:00,0.0008693292876860049
2007-05-22 13:30:00+00:00,0.00038472344823169423
2007-05-23 13:30:00+00:00,0.0016774582968965724
2007-05-24 13:30:00+00:00,-3.794761205823108e-05
2007-05-25 13:30:00+00:00,0.003639278829319348
2007-05-29 13:30:00+00:00,0.0014055970594552992
2007-05-30 13:30:00+00:00,-0.006277980434655117
2007-05-31 13:30:00+00:00,0.002553671648531919
2007-06-01 13:30:00+00:00,0.003543661850632585
2007-06-04 13:30:00+00:00,-0.003110755219015948
2007-06-05 13:30:00+00:00,-0.0028231998161968416
2007-06-06 13:30:00+00:00,-0.004569128327373562
2007-06-07 13:30:00+00:00,-0.0038917016644853916
2007-06-08 13:30:00+00:00,-0.0001944330424578199
2007-06-11 13:30:00+00:00,-0.0016154792329540312
2007-06-12 13:30:00+00:00,-0.00466427139945359
2007-06-13 13:30:00+00:00,0.003312053285289707
2007-06-14 13:30:00+00:00,0.0006086035150138947
2007-06-15 13:30:00+00:00,0.009871557735036552
2007-06-18 13:30:00+00:00,0.0016627096337169412
2007-06-19 13:30:00+00:00,-0.0024947456135834376
2007-06-20 13:30:00+00:00,0.001970970087113322
2007-06-21 13:30:00+00:00,-0.0009884977570643438
2007-06-22 13:30:00+00:00,-0.0026219543340895266
2007-06-25 13:30:00+00:00,0.0005296454861105527
2007-06-26 13:30:00+00:00,0.004610716085686295
2007-06-27 13:30:00+00:00,-0.004112895211280898
2007-06-28 13:30:00+00:00,0.00020314349023008448
2007-06-29 13:30:00+00:00,0.0043356528019211525
2007-07-02 13:30:00+00:00,0.005339362720778717
2007-07-03 13:30:00+00:00,0.001575307536212811
2007-07-05 13:30:00+00:00,0.0004104435551424036
2007-07-06 13:30:00+00:00,-0.00023168973274058081
2007-07-09 13:30:00+00:00,0.0008300473126550024
2007-07-10 13:30:00+00:00,-0.00465049110301542
2007-07-11 13:30:00+00:00,-0.0008728955386582248
2007-07-12 13:30:00+00:00,0.004036817222152089
2007-07-13 13:30:00+00:00,-0.0018655426581240086
2007-07-16 13:30:00+00:00,-0.0014299215575359736
2007-07-17 13:30:00+00:00,0.001668422622775878
2007-07-18 13:30:00+00:00,-0.006371456783989216
2007-07-19 13:30:00+00:00,0.006260431761967433
2007-07-20 13:30:00+00:00,-0.0037948165040940893
2007-07-23 13:30:00+00:00,0.003951902136639196
2007-07-24 13:30:00+00:00,-0.006373787236575568
2007-07-25 13:30:00+00:00,0.007601102769505974
2007-07-26 13:30:00+00:00,-0.0104542909571247
2007-07-27 13:30:00+00:00,0.0001039091765422274
2007-07-30 13:30:00+00:00,0.0022026345565742014
2007-07-31 13:30:00+00:00,0.008818908829551598
2007-08-01 13:30:00+00:00,-0.0031515300701221547
2007-08-02 13:30:00+00:00,0.0013566013667216548
2007-08-03 13:30:00+00:00,-0.0012879201767682757
2007-08-06 13:30:00+00:00,0.005323640492782544
2007-08-07 13:30:00+00:00,-0.005811882002678914
2007-08-08 13:30:00+00:00,0.008098000936685546
2007-08-09 13:30:00+00:00,-0.015389038366343765
2007-08-10 13:30:00+00:00,-0.010641778483319719
2007-08-13 13:30:00+00:00,0.008430901529940627
2007-08-14 13:30:00+00:00,0.0026613520195639564
2007-08-15 13:30:00+00:00,-0.0026449386678670914
2007-08-16 13:30:00+00:00,-0.007388086385086934
2007-08-17 13:30:00+00:00,0.024097518960697773
2007-08-20 13:30:00+00:00,0.0023111643341040436
2007-08-21 13:30:00+00:00,-0.0026034099142740017
2007-08-22 13:30:00+00:00,0.008502681547692504
2007-08-23 13:30:00+00:00,0.0036644402606704654
2007-08-24 13:30:00+00:00,-0.0009065660256946217
2007-08-27 13:30:00+00:00,-0.0025372467932434192
2007-08-28 13:30:00+00:00,-0.0059018965043923345
2007-08-29 13:30:00+00:00,0.0071702094512722135
2007-08-30 13:30:00+00:00,-0.007153728446266172
2007-08-31 13:30:00+00:00,0.011941434526240292
2007-09-04 13:30:00+00:00,-9.238341762830551e-05
2007-09-05 13:30:00+00:00,-0.004647098736961353
2007-09-06 13:30:00+00:00,0.0036568024121481526
2007-09-07 13:30:00+00:00,-0.01266161718225801
2007-09-10 13:30:00+00:00,0.006167326043973176
2007-09-11 13:30:00+00:00,0.005437050490287409
2007-09-12 13:30:00+00:00,-0.0018863123079220334
2007-09-13 13:30:00+00:00,0.005709956542824901
2007-09-14 13:30:00+00:00,-0.007370172861838398
2007-09-17 13:30:00+00:00,-0.0032281052010084796
2007-09-18 13:30:00+00:00,0.0042770477959244045
2007-09-19 13:30:00+00:00,0.005266442507866775
2007-09-20 13:30:00+00:00,-0.0026876445329759966
2007-09-21 13:30:00+00:00,0.0061012668906799015
2007-09-24 13:30:00+00:00,0.0018466577926587902
2007-09-25 13:30:00+00:00,-0.0036307715839505425
2007-09-26 13:30:00+00:00,0.004774351436771951
2007-09-27 13:30:00+00:00,0.004638753894424796
2007-09-28 13:30:00+00:00,-7.792490702108737e-05
2007-10-01 13:30:00+00:00,0.0009179529890801397
2007-10-02 13:30:00+00:00,-0.0002240748385935575
2007-10-03 13:30:00+00:00,-0.0047558159528972134
2007-10-04 13:30:00+00:00,0.002083591844000077
2007-10-05 13:30:00+00:00,0.007622451868197311
2007-10-08 13:30:00+00:00,-0.0010351792571796747
2007-10-09 13:30:00+00:00,0.0022605885504054404
2007-10-10 13:30:00+00:00,0.0004456770526994781
2007-10-11 13:30:00+00:00,0.004502324259715962
2007-10-12 13:30:00+00:00,0.0026379294510905263
2007-10-15 13:30:00+00:00,0.0011439017704823918
2007-10-16 13:30:00+00:00,-0.0037042586842901512
2007-10-17 13:30:00+00:00,0.013558187567766822
2007-10-18 13:30:00+00:00,-0.005241983722734001
2007-10-19 13:30:00+00:00,-9.642420260159704e-05
2007-10-22 13:30:00+00:00,-0.007182081532808538
2007-10-23 13:30:00+00:00,0.007739737548356096
2007-10-24 13:30:00+00:00,-0.00864866341716809
2007-10-25 13:30:00+00:00,0.0009199361800802275
2007-10-26 13:30:00+00:00,0.020133639638454593
2007-10-29 13:30:00+00:00,0.003811992743838022
2007-10-30 13:30:00+00:00,-0.003691868241146545
2007-10-31 13:30:00+00:00,0.003837248791825887
2007-11-01 13:30:00+00:00,-0.008536202817259319
2007-11-02 13:30:00+00:00,0.006326136987028874
2007-11-05 14:30:00+00:00,-0.009913560847430457
2007-11-06 14:30:00+00:00,0.005134055520904501
2007-11-07 14:30:00+00:00,-0.00956133737160859
2007-11-08 14:30:00+00:00,-0.0002310072252926897
2007-11-09 14:30:00+00:00,-0.01754808570567502
2007-11-12 14:30:00+00:00,-0.0033458996350999135
2007-11-13 14:30:00+00:00,0.011215311420483143
2007-11-14 14:30:00+00:00,0.009018668428410582
2007-11-15 14:30:00+00:00,-0.0031442792929826766
2007-11-16 14:30:00+00:00,0.004979243072786843
2007-11-19 14:30:00+00:00,-0.005711946156940273
2007-11-20 14:30:00+00:00,0.00381386798040827
2007-11-21 14:30:00+00:00,-0.0102201199563693
2007-11-23 14:30:00+00:00,0.0064726395927188094
2007-11-26 14:30:00+00:00,0.0011400718562828316
2007-11-27 14:30:00+00:00,0.006586366455464831
2007-11-28 14:30:00+00:00,0.01017976937187436
2007-11-29 14:30:00+00:00,-0.0036862289760810738
2007-11-30 14:30:00+00:00,0.009449844171197642
2007-12-03 14:30:00+00:00,-0.0023736339204417753
2007-12-04 14:30:00+00:00,-0.0064666924527694404
2007-12-05 14:30:00+00:00,0.01101899701271768
2007-12-06 14:30:00+00:00,-0.00028376746374626495
2007-12-07 14:30:00+00:00,0.00037989458000308184
2007-12-10 14:30:00+00:00,0.001588765079596699
2007-12-11 14:30:00+00:00,0.0014226969209072294
2007-12-12 14:30:00+00:00,0.019094265551279122
2007-12-13 14:30:00+00:00,-0.007471362863083042
2007-12-14 14:30:00+00:00,-0.007898439817989444
2007-12-17 14:30:00+00:00,-0.0048462988807605025
2007-12-18 14:30:00+00:00,0.008884457829634308
2007-12-19 14:30:00+00:00,-0.001140030793713953
2007-12-20 14:30:00+00:00,0.010322915452108495
2007-12-21 14:30:00+00:00,0.013528132036690888
2007-12-24 14:30:00+00:00,0.0007767147836494793
2007-12-26 14:30:00+00:00,-0.004035850982356715
2007-12-27 14:30:00+00:00,-0.0035465784815966847
2007-12-28 14:30:00+00:00,0.00609027570992392
2007-12-31 14:30:00+00:00,-0.0040933039928110595
2008-01-02 14:30:00+00:00,0.0005145213908397284
2008-01-03 14:30:00+00:00,0.0007928768559657296
2008-01-04 14:30:00+00:00,-0.012241275279940244
2008-01-07 14:30:00+00:00,0.00369294526995988
2008-01-08 14:30:00+00:00,0.002904652958236598
2008-01-09 14:30:00+00:00,0.0012686024139460961
2008-01-10 14:30:00+00:00,-0.009164246508672213
2008-01-11 14:30:00+00:00,-0.006794706885465696
2008-01-14 14:30:00+00:00,0.01257661357411254
2008-01-15 14:30:00+00:00,-0.011906483956396163
2008-01-16 14:30:00+00:00,-0.011280567554551434
2008-01-17 14:30:00+00:00,0.004556288523089857
2008-01-18 14:30:00+00:00,0.007850980879655179
2008-01-22 14:30:00+00:00,-0.050877372572725635
2008-01-23 14:30:00+00:00,-0.028674295105684876
2008-01-24 14:30:00+00:00,0.005274780710190707
2008-01-25 14:30:00+00:00,0.017638901927628615
2008-01-28 14:30:00+00:00,-0.0006802826687125729
2008-01-29 14:30:00+00:00,0.004376775674266964
2008-01-30 14:30:00+00:00,-0.005061684978817882
2008-01-31 14:30:00+00:00,-0.013675944051990251
2008-02-01 14:30:00+00:00,0.001038129673229793
2008-02-04 14:30:00+00:00,-7.521528057875529e-05
2008-02-05 14:30:00+00:00,-0.016064092369853965
2008-02-06 14:30:00+00:00,0.007524736535384313
2008-02-07 14:30:00+00:00,-0.008494901947339494
2008-02-08 14:30:00+00:00,-0.001203356373248543
2008-02-11 14:30:00+00:00,0.0024597770326797333
2008-02-12 14:30:00+00:00,0.0056110590525104585
2008-02-13 14:30:00+00:00,0.01161528559119528
2008-02-14 14:30:00+00:00,0.0008646616068896829
2008-02-15 14:30:00+00:00,-0.005227440788672111
2008-02-19 14:30:00+00:00,0.011606404974167973
2008-02-20 14:30:00+00:00,-0.005901701108223978
2008-02-21 14:30:00+00:00,0.007196626597992794
2008-02-22 14:30:00+00:00,0.002869883222739389
2008-02-25 14:30:00+00:00,-7.40315407605884e-05
2008-02-26 14:30:00+00:00,-0.005711244222654799
2008-02-27 14:30:00+00:00,-0.006850595179904284
2008-02-28 14:30:00+00:00,-0.004866788129507815
2008-02-29 14:30:00+00:00,-0.009754442759879921
2008-03-03 14:30:00+00:00,-0.00019684025613976298
2008-03-04 14:30:00+00:00,-0.006471263657379056
2008-03-05 14:30:00+00:00,0.0026474299011667204
2008-03-06 14:30:00+00:00,-0.0032415457229927444
2008-03-07 14:30:00+00:00,-0.00731460010414321
2008-03-10 13:30:00+00:00,-0.0007102163906770431
2008-03-11 13:30:00+00:00,0.018481602155483435
2008-03-12 13:30:00+00:00,0.0017663159730087919
2008-03-13 13:30:00+00:00,-0.01105878397874761
2008-03-14 13:30:00+00:00,0.003257403949870497
2008-03-17 13:30:00+00:00,-0.020687685833236113
2008-03-18 13:30:00+00:00,0.017630785565108987
2008-03-19 13:30:00+00:00,0.0016017923012598856
2008-03-20 13:30:00+00:00,0.004669334851672413
2008-03-24 13:30:00+00:00,0.004368269158725668
2008-03-25 13:30:00+00:00,0.0009357417468034313
2008-03-26 13:30:00+00:00,-0.005409553995587191
2008-03-27 13:30:00+00:00,-0.004109735122202152
2008-03-28 13:30:00+00:00,0.004499198482597488
2008-03-31 13:30:00+00:00,0.001655707561160058
2008-04-01 13:30:00+00:00,0.011926638118072253
2008-04-02 13:30:00+00:00,0.00018353481113119195
2008-04-03 13:30:00+00:00,-0.005812708898219954
2008-04-04 13:30:00+00:00,0.0014274671885356916
2008-04-07 13:30:00+00:00,0.0064964861987817256
2008-04-08 13:30:00+00:00,-0.004857212834894165
2008-04-09 13:30:00+00:00,0.0012538767806857698
2008-04-10 13:30:00+00:00,0.0019067489510486868
2008-04-11 13:30:00+00:00,-0.010305383551605162
2008-04-14 13:30:00+00:00,-0.0015059534008903363
2008-04-15 13:30:00+00:00,0.005001397708308086
2008-04-16 13:30:00+00:00,0.011876991804451665
2008-04-17 13:30:00+00:00,-0.0012871950397935871
2008-04-18 13:30:00+00:00,0.022399472484543537
2008-04-21 13:30:00+00:00,-0.0042198610321597775
2008-04-22 13:30:00+00:00,-0.004634775874927455
2008-04-23 13:30:00+00:00,0.006084401597954636
2008-04-24 13:30:00+00:00,0.0011639391620159479
2008-04-25 13:30:00+00:00,-0.001845627839019881
2008-04-28 13:30:00+00:00,-0.00022383718745090365
2008-04-29 13:30:00+00:00,-0.0019148418251858756
2008-04-30 13:30:00+00:00,0.0032386312145364807
2008-05-01 13:30:00+00:00,0.001429319185832323
2008-05-02 13:30:00+00:00,0.007329297229757603
2008-05-05 13:30:00+00:00,-0.0007782149492925438
2008-05-06 13:30:00+00:00,-0.0037564815581753283
2008-05-07 13:30:00+00:00,-0.00021276453212349934
2008-05-08 13:30:00+00:00,0.004624243108392922
2008-05-09 13:30:00+00:00,-0.007724688517121836
2008-05-12 13:30:00+00:00,0.003633309373705307
2008-05-13 13:30:00+00:00,0.0009166925753383182
2008-05-14 13:30:00+00:00,0.0031703484105498505
2008-05-15 13:30:00+00:00,-0.00020414137489889174
2008-05-16 13:30:00+00:00,0.001352377194488763
2008-05-19 13:30:00+00:00,0.0006789986068966747
2008-05-20 13:30:00+00:00,-0.0041658243987306
2008-05-21 13:30:00+00:00,0.001958325693306218
2008-05-22 13:30:00+00:00,0.0025426703964474997
2008-05-23 13:30:00+00:00,-0.004336091024000244
2008-05-27 13:30:00+00:00,0.0022930010362147593
2008-05-28 13:30:00+00:00,0.004035033211622563
2008-05-29 13:30:00+00:00,-0.0003452500475429442
2008-05-30 13:30:00+00:00,0.004213573995294417
2008-06-02 13:30:00+00:00,-0.003207768792918519
2008-06-03 13:30:00+00:00,0.003500185668103828
2008-06-04 13:30:00+00:00,-0.0031034312836773045
2008-06-05 13:30:00+00:00,0.0024368528842828477
2008-06-06 13:30:00+00:00,-0.008500167206756736
2008-06-09 13:30:00+00:00,0.003399576451701181
2008-06-10 13:30:00+00:00,-0.009333718498447673
2008-06-11 13:30:00+00:00,-0.0017333597783958487
2008-06-12 13:30:00+00:00,0.008442132693036165
2008-06-13 13:30:00+00:00,0.007677549197225397
2008-06-16 13:30:00+00:00,-0.004732355749643491
2008-06-17 13:30:00+00:00,0.0024941383876546544
2008-06-18 13:30:00+00:00,-0.005295859444581674
2008-06-19 13:30:00+00:00,-0.0011454083422862804
2008-06-20 13:30:00+00:00,-0.008263934744845557
2008-06-23 13:30:00+00:00,0.004247285660725175
2008-06-24 13:30:00+00:00,-0.004266397615388729
2008-06-25 13:30:00+00:00,0.003506008984096132
2008-06-26 13:30:00+00:00,-0.014842219584627624
2008-06-27 13:30:00+00:00,-0.0008538651363877547
2008-06-30 13:30:00+00:00,-0.0014862150256936934
2008-07-01 13:30:00+00:00,-0.008272766615495707
2008-07-02 13:30:00+00:00,0.002763420235464709
2008-07-03 13:30:00+00:00,0.004465939201776725
2008-07-07 13:30:00+00:00,0.008054548249900362
2008-07-08 13:30:00+00:00,0.000604239224111447
2008-07-09 13:30:00+00:00,-0.0017605614838690608
2008-07-10 13:30:00+00:00,0.0021641198613650994
2008-07-11 13:30:00+00:00,-0.01093783855675413
2008-07-14 13:30:00+00:00,0.010520446106058168
2008-07-15 13:30:00+00:00,-0.007190423168087612
2008-07-16 13:30:00+00:00,0.0015067349321495783
2008-07-17 13:30:00+00:00,0.005029426527870295
2008-07-18 13:30:00+00:00,-0.011076139089729164
2008-07-21 13:30:00+00:00,0.0033913441509210054
2008-07-22 13:30:00+00:00,-0.010281906199612233
2008-07-23 13:30:00+00:00,0.0003992041979352546
2008-07-24 13:30:00+00:00,0.0013317498292186758
2008-07-25 13:30:00+00:00,0.006294355227371306
2008-07-28 13:30:00+00:00,-0.0015455938024061644
2008-07-29 13:30:00+00:00,0.004488837150625302
2008-07-30 13:30:00+00:00,0.003948030325547458
2008-07-31 13:30:00+00:00,-0.007993606446003342
2008-08-01 13:30:00+00:00,0.0004504200167698592
2008-08-04 13:30:00+00:00,-0.0006235750328660416
2008-08-05 13:30:00+00:00,0.009779343970627508
2008-08-06 13:30:00+00:00,-0.0003809378670166618
2008-08-07 13:30:00+00:00,-0.006650737419886543
2008-08-08 13:30:00+00:00,0.00037123712440688693
2008-08-11 13:30:00+00:00,-0.0028132465776726898
2008-08-12 13:30:00+00:00,-0.002431991032651026
2008-08-13 13:30:00+00:00,-0.0026878437036418454
2008-08-14 13:30:00+00:00,-0.005951143609310716
2008-08-15 13:30:00+00:00,0.0037432943637520813
2008-08-18 13:30:00+00:00,0.0017103588842870443
2008-08-19 13:30:00+00:00,-0.005077297865140784
2008-08-20 13:30:00+00:00,0.005025052488962334
2008-08-21 13:30:00+00:00,-0.007441754352690355
2008-08-22 13:30:00+00:00,0.004084292242613185
2008-08-25 13:30:00+00:00,-0.006303635513614248
2008-08-26 13:30:00+00:00,-0.0006411035933179376
2008-08-27 13:30:00+00:00,0.00027686199646524977
2008-08-28 13:30:00+00:00,0.003111028352965384
2008-08-29 13:30:00+00:00,-0.009624627111127004
2008-09-02 13:30:00+00:00,0.014510262048585954
2008-09-03 13:30:00+00:00,-0.001134347980932604
2008-09-04 13:30:00+00:00,-0.008048669719021639
2008-09-05 13:30:00+00:00,-0.007811205456203074
2008-09-08 13:30:00+00:00,0.01776444798553788
2008-09-09 13:30:00+00:00,-2.5136633710742733e-05
2008-09-10 13:30:00+00:00,0.010036573619365486
2008-09-11 13:30:00+00:00,-0.01341265873604892
2008-09-12 13:30:00+00:00,-0.008500408706516926
2008-09-15 13:30:00+00:00,-0.026187105796681164
2008-09-16 13:30:00+00:00,-0.013981312065939454
2008-09-17 13:30:00+00:00,-0.01383242699388888
2008-09-18 13:30:00+00:00,0.01827664550785223
2008-09-19 13:30:00+00:00,0.04755576828412365
2008-09-22 13:30:00+00:00,-0.003675303734399404
2008-09-23 13:30:00+00:00,0.005283243799342629
2008-09-24 13:30:00+00:00,0.006503711547793489
2008-09-25 13:30:00+00:00,0.007591345028378871
2008-09-26 13:30:00+00:00,-0.01954141209136785
2008-09-29 13:30:00+00:00,-0.01667102161129853
2008-09-30 13:30:00+00:00,0.025084859547111583
2008-10-01 13:30:00+00:00,-0.008121390374331582
2008-10-02 13:30:00+00:00,-0.008261734500420125
2008-10-03 13:30:00+00:00,0.014671982716297983
2008-10-06 13:30:00+00:00,-0.025138646290084676
2008-10-07 13:30:00+00:00,0.002589273989068264
2008-10-08 13:30:00+00:00,-0.025127377269732697
2008-10-09 13:30:00+00:00,0.014793752678988071
2008-10-10 13:30:00+00:00,-0.033137088934090744
2008-10-13 13:30:00+00:00,0.05148499512979775
2008-10-14 13:30:00+00:00,0.02734746922444752
2008-10-15 13:30:00+00:00,-0.013809880503511517
2008-10-16 13:30:00+00:00,0.009861183059444157
2008-10-17 13:30:00+00:00,-0.022763856253926417
2008-10-20 13:30:00+00:00,0.013830990817531353
2008-10-21 13:30:00+00:00,-0.01602631933355426
2008-10-22 13:30:00+00:00,-0.01509992481583301
2008-10-23 13:30:00+00:00,0.0032173358202460703
2008-10-24 13:30:00+00:00,-0.06875721441384199
2008-10-27 13:30:00+00:00,-0.015505651777575246
2008-10-28 13:30:00+00:00,0.030672272441089266
2008-10-29 13:30:00+00:00,-0.003428335969665863
2008-10-30 13:30:00+00:00,0.024773186708411322
2008-10-31 13:30:00+00:00,-0.008230642226731765
2008-11-03 14:30:00+00:00,-0.0012969764269058603
2008-11-04 14:30:00+00:00,0.02003520627601495
2008-11-05 14:30:00+00:00,-0.013082262664849808
2008-11-06 14:30:00+00:00,-0.013224133683265703
2008-11-07 14:30:00+00:00,0.012947796899033016
2008-11-10 14:30:00+00:00,0.020095471068469307
2008-11-11 14:30:00+00:00,-0.011326310058323862
2008-11-12 14:30:00+00:00,-0.016375526643935944
2008-11-13 14:30:00+00:00,0.0024680843621411766
2008-11-14 14:30:00+00:00,-0.022715385768039897
2008-11-17 14:30:00+00:00,-0.014676250589991124
2008-11-18 14:30:00+00:00,0.004542221690321912
2008-11-19 14:30:00+00:00,-0.002891140246835022
2008-11-20 14:30:00+00:00,-0.00922423653228822
2008-11-21 14:30:00+00:00,0.02318816865314276
2008-11-24 14:30:00+00:00,0.018226287112801377
2008-11-25 14:30:00+00:00,-0.0001
2008-11-26 14:30:00+00:00,-0.016157580472083276
2008-11-28 14:30:00+00:00,-0.009335705658601656
2008-12-01 14:30:00+00:00,-0.02581031073130814
2008-12-02 14:30:00+00:00,0.018339727830001474
2008-12-03 14:30:00+00:00,-0.02339288066899038
2008-12-04 14:30:00+00:00,-0.017930569469236556
2008-12-05 14:30:00+00:00,-0.012987741863133572
2008-12-08 14:30:00+00:00,0.02118779479707177
2008-12-09 14:30:00+00:00,-0.016133155183712843
2008-12-10 14:30:00+00:00,0.010447176909970757
2008-12-11 14:30:00+00:00,-0.01096568335452731
2008-12-12 14:30:00+00:00,-0.01689838977416248
2008-12-15 14:30:00+00:00,0.0021327636053114388
2008-12-16 14:30:00+00:00,0.011648076146613551
2008-12-17 14:30:00+00:00,-0.01331475672659711
2008-12-18 14:30:00+00:00,0.002344095971249283
2008-12-19 14:30:00+00:00,0.013028316668652219
2008-12-22 14:30:00+00:00,-0.0014743367198315593
2008-12-23 14:30:00+00:00,0.004481211631217385
2008-12-24 14:30:00+00:00,0.002272586497156437
2008-12-26 14:30:00+00:00,0.004031370356711183
2008-12-29 14:30:00+00:00,-0.0005574126779733901
2008-12-30 14:30:00+00:00,0.007090600540341707
2008-12-31 14:30:00+00:00,9.65625244518939e-06
2009-01-02 14:30:00+00:00,0.0010667284618117612
2009-01-05 14:30:00+00:00,-0.006673897185743749
2009-01-06 14:30:00+00:00,0.008708170342230027
2009-01-07 14:30:00+00:00,-0.01870952075741251
2009-01-08 14:30:00+00:00,-0.0056095232642466965
2009-01-09 14:30:00+00:00,-7.523882829542075e-05
2009-01-12 14:30:00+00:00,0.0010835054893543084
2009-01-13 14:30:00+00:00,-0.0009903067230811024
2009-01-14 14:30:00+00:00,-0.01610429408142967
2009-01-15 14:30:00+00:00,-0.00022087061918786278
2009-01-16 14:30:00+00:00,0.013545627413757966
2009-01-20 14:30:00+00:00,-0.005703726164608025
2009-01-21 14:30:00+00:00,0.01762555232441153
2009-01-22 14:30:00+00:00,-0.02413337070871281
2009-01-23 14:30:00+00:00,-0.016961228054889765
2009-01-26 14:30:00+00:00,0.0017208620752340198
2009-01-27 14:30:00+00:00,0.0030286736816706908
2009-01-28 14:30:00+00:00,0.016897777686027505
2009-01-29 14:30:00+00:00,-0.013492453235454015
2009-01-30 14:30:00+00:00,0.007606384882075978
2009-02-02 14:30:00+00:00,-0.010645825643065942
2009-02-03 14:30:00+00:00,0.003352762540850918
2009-02-04 14:30:00+00:00,0.00048688422440722477
2009-02-05 14:30:00+00:00,-0.010964382348651946
2009-02-06 14:30:00+00:00,0.0003915212194904761
2009-02-09 14:30:00+00:00,-0.0007093891016135667
2009-02-10 14:30:00+00:00,-0.008607400640892948
2009-02-11 14:30:00+00:00,0.004392582735096118
2009-02-12 14:30:00+00:00,-0.013383212057946802
2009-02-13 14:30:00+00:00,-0.0013907682280037803
2009-02-17 14:30:00+00:00,-0.029584599876351213
2009-02-18 14:30:00+00:00,0.006692861709842501
2009-02-19 14:30:00+00:00,0.007107285119008588
2009-02-20 14:30:00+00:00,-0.01104378895495529
2009-02-23 14:30:00+00:00,0.007775200862978104
2009-02-24 14:30:00+00:00,0.008295083057109565
2009-02-25 14:30:00+00:00,-0.009164831975627796
2009-02-26 14:30:00+00:00,0.00791156243708312
2009-02-27 14:30:00+00:00,-0.010815223772914672
2009-03-02 14:30:00+00:00,-0.01585651851887949
2009-03-03 14:30:00+00:00,0.013937924709602523
2009-03-04 14:30:00+00:00,0.014563019185315652
2009-03-05 14:30:00+00:00,-0.01587849919899643
2009-03-06 14:30:00+00:00,0.008364208165116727
2009-03-09 13:30:00+00:00,-0.00706372062885009
2009-03-10 13:30:00+00:00,0.015909219549223853
2009-03-11 13:30:00+00:00,0.004700202749520865
2009-03-12 13:30:00+00:00,-0.0029141387757281143
2009-03-13 13:30:00+00:00,0.0005521658557321341
2009-03-16 13:30:00+00:00,0.009519294118931255
2009-03-17 13:30:00+00:00,0.003924176532716916
2009-03-18 13:30:00+00:00,-0.005345873444649441
2009-03-19 13:30:00+00:00,0.011863418034304674
2009-03-20 13:30:00+00:00,0.003048033008060436
2009-03-23 13:30:00+00:00,0.02322442840298632
2009-03-24 13:30:00+00:00,-0.013013197688669719
2009-03-25 13:30:00+00:00,0.007199571483721179
2009-03-26 13:30:00+00:00,0.013275240456048543
2009-03-27 13:30:00+00:00,-0.014517142333215226
2009-03-30 13:30:00+00:00,-0.018485913155012034
2009-03-31 13:30:00+00:00,0.011153097479213104
2009-04-01 13:30:00+00:00,-0.015617549659169516
2009-04-02 13:30:00+00:00,0.018184348777766635
2009-04-03 13:30:00+00:00,0.0039059426853060744
2009-04-06 13:30:00+00:00,-0.012203315889627874
2009-04-07 13:30:00+00:00,-0.013251100943248894
2009-04-08 13:30:00+00:00,0.009710431863962466
2009-04-09 13:30:00+00:00,0.017609580469548625
2009-04-13 13:30:00+00:00,-0.006714093124871046
2009-04-14 13:30:00+00:00,-0.009662670057906452
2009-04-15 13:30:00+00:00,-0.0075797088849907214
2009-04-16 13:30:00+00:00,0.011407235149525564
2009-04-17 13:30:00+00:00,-0.0029974198355422585
2009-04-20 13:30:00+00:00,-0.019059142009263407
2009-04-21 13:30:00+00:00,-0.005808167380877094
2009-04-22 13:30:00+00:00,-0.008440153384504111
2009-04-23 13:30:00+00:00,0.00315005200216677
2009-04-24 13:30:00+00:00,0.008506710472420121
2009-04-27 13:30:00+00:00,-0.012742489450722882
2009-04-28 13:30:00+00:00,-0.006739250800659191
2009-04-29 13:30:00+00:00,0.008771959819869658
2009-04-30 13:30:00+00:00,0.011892260242500664
2009-05-01 13:30:00+00:00,0.0010587900645160242
2009-05-04 13:30:00+00:00,0.008339978000077453
2009-05-05 13:30:00+00:00,-0.0036723471947695094
2009-05-06 13:30:00+00:00,0.008206128616981657
2009-05-07 13:30:00+00:00,0.007290142789166942
2009-05-08 13:30:00+00:00,0.00995687425059243
2009-05-11 13:30:00+00:00,-0.014677329261608706
2009-05-12 13:30:00+00:00,0.006611949344246903
2009-05-13 13:30:00+00:00,-0.011242707484916414
2009-05-14 13:30:00+00:00,0.004881426011681611
2009-05-15 13:30:00+00:00,-0.0011182101354472284
2009-05-18 13:30:00+00:00,0.009827703343292516
2009-05-19 13:30:00+00:00,-0.0031940366880355395
2009-05-20 13:30:00+00:00,0.005123250152434744
2009-05-21 13:30:00+00:00,-0.010523424693197569
2009-05-22 13:30:00+00:00,0.003917141184928574
2009-05-26 13:30:00+00:00,-0.008545599600489073
2009-05-27 13:30:00+00:00,-0.002882170648214732
2009-05-28 13:30:00+00:00,0.0074964280956917205
2009-05-29 13:30:00+00:00,0.0024516589336911368
2009-06-01 13:30:00+00:00,0.012163789883821597
2009-06-02 13:30:00+00:00,-0.0041794905553181995
2009-06-03 13:30:00+00:00,-0.006197600688399929
2009-06-04 13:30:00+00:00,0.002046820112960857
2009-06-05 13:30:00+00:00,0.0074674856770184815
2009-06-08 13:30:00+00:00,-0.006885937499278028
2009-06-09 13:30:00+00:00,0.004285560110517827
2009-06-10 13:30:00+00:00,0.006286653003622067
2009-06-11 13:30:00+00:00,0.0008012260587331066
2009-06-12 13:30:00+00:00,-0.00543725383909256
2009-06-15 13:30:00+00:00,-0.01132235144927297
2009-06-16 13:30:00+00:00,0.00475578252642771
2009-06-17 13:30:00+00:00,0.0015924344449249506
2009-06-18 13:30:00+00:00,0.00044200659103775807
2009-06-19 13:30:00+00:00,0.009453481629421157
2009-06-22 13:30:00+00:00,-0.009916818713222152
2009-06-23 13:30:00+00:00,0.002861234472266483
2009-06-24 13:30:00+00:00,0.008942880436568091
2009-06-25 13:30:00+00:00,-0.005205071910771586
2009-06-26 13:30:00+00:00,-0.005773559835362441
2009-06-29 13:30:00+00:00,0.0020052948933566464
2009-06-30 13:30:00+00:00,0.0006645695175730882
2009-07-01 13:30:00+00:00,0.005937991443689661
2009-07-02 13:30:00+00:00,-0.012035737623558706
2009-07-06 13:30:00+00:00,-0.007347355659664279
2009-07-07 13:30:00+00:00,-7.766756649753007e-05
2009-07-08 13:30:00+00:00,0.00552943803140592
2009-07-09 13:30:00+00:00,0.005509028607016952
2009-07-10 13:30:00+00:00,-0.004630577304694861
2009-07-13 13:30:00+00:00,0.002747331717898971
2009-07-14 13:30:00+00:00,-0.0014997299927515084
2009-07-15 13:30:00+00:00,0.01539121545197063
2009-07-16 13:30:00+00:00,-0.0037770494906681604
2009-07-17 13:30:00+00:00,-0.002603923348576853
2009-07-20 13:30:00+00:00,0.005401934667688113
2009-07-21 13:30:00+00:00,0.004142401845826915
2009-07-22 13:30:00+00:00,-0.003946151395985764
2009-07-23 13:30:00+00:00,-0.0008371567093268361
2009-07-24 13:30:00+00:00,-0.01548812094288311
2009-07-27 13:30:00+00:00,-0.0007815834741993321
2009-07-28 13:30:00+00:00,-0.005501727130929901
2009-07-29 13:30:00+00:00,-0.005258193796128363
2009-07-30 13:30:00+00:00,0.009276118571528647
2009-07-31 13:30:00+00:00,-0.0019042020041849627
2009-08-03 13:30:00+00:00,0.009932840831911694
2009-08-04 13:30:00+00:00,-0.006188778089296088
2009-08-05 13:30:00+00:00,0.0014611181203560864
2009-08-06 13:30:00+00:00,0.0029906961483465613
2009-08-07 13:30:00+00:00,0.011982124818742158
2009-08-10 13:30:00+00:00,-0.004504478737032869
2009-08-11 13:30:00+00:00,-0.003703949160653208
2009-08-12 13:30:00+00:00,0.0005193593615479997
2009-08-13 13:30:00+00:00,0.005178402669091075
2009-08-14 13:30:00+00:00,-0.001871685652918409
2009-08-17 13:30:00+00:00,-0.018377347347556593
2009-08-18 13:30:00+00:00,0.004928942418688231
2009-08-19 13:30:00+00:00,-0.011618890747409748
2009-08-20 13:30:00+00:00,-0.0009480652198789019
2009-08-21 13:30:00+00:00,0.005394643062061266
2009-08-24 13:30:00+00:00,0.0024780399201145167
2009-08-25 13:30:00+00:00,0.0036710906080419273
2009-08-26 13:30:00+00:00,-0.001547430217364154
2009-08-27 13:30:00+00:00,-0.001641172100003263
2009-08-28 13:30:00+00:00,0.011144124734425487
2009-08-31 13:30:00+00:00,-0.008789996753247552
2009-09-01 13:30:00+00:00,-0.003962507610179034
2009-09-02 13:30:00+00:00,-0.004579716131299494
2009-09-03 13:30:00+00:00,0.004363506401202854
2009-09-04 13:30:00+00:00,0.0018060253075546818
2009-09-08 13:30:00+00:00,0.007805745403603337
2009-09-09 13:30:00+00:00,0.00046435436925661443
2009-09-10 13:30:00+00:00,-0.0005416213225723054
2009-09-11 13:30:00+00:00,-0.0004262596492609182
2009-09-14 13:30:00+00:00,-0.0071882794426521126
2009-09-15 13:30:00+00:00,-0.0007931661797929812
2009-09-16 13:30:00+00:00,0.0034289761417618417
2009-09-17 13:30:00+00:00,-0.0018485786932516235
2009-09-18 13:30:00+00:00,0.0037086741066181153
2009-09-21 13:30:00+00:00,-0.005501207276165443
2009-09-22 13:30:00+00:00,0.005503253563952526
2009-09-23 13:30:00+00:00,0.0027560232367542683
2009-09-24 13:30:00+00:00,0.003953699897460516
2009-09-25 13:30:00+00:00,-0.005684533633522737
2009-09-28 13:30:00+00:00,0.005160842313911329
2009-09-29 13:30:00+00:00,0.0003364360010546964
2009-09-30 13:30:00+00:00,0.0033180192614585715
2009-10-01 13:30:00+00:00,-0.005117811147542184
2009-10-02 13:30:00+00:00,-0.008187570623480089
2009-10-05 13:30:00+00:00,0.004006181634912831
2009-10-06 13:30:00+00:00,0.005823168328425987
2009-10-07 13:30:00+00:00,-0.0022439788640568168
2009-10-08 13:30:00+00:00,0.006704557936267663
2009-10-09 13:30:00+00:00,-0.0019503113412924322
2009-10-12 13:30:00+00:00,0.002868219881766432
2009-10-13 13:30:00+00:00,-0.0003056627562210256
2009-10-14 13:30:00+00:00,0.012022205743783532
2009-10-15 13:30:00+00:00,-0.0037367706986740743
2009-10-16 13:30:00+00:00,-0.0040387557297426714
2009-10-19 13:30:00+00:00,0.0025010122191428843
2009-10-20 13:30:00+00:00,0.0017884461624011361
2009-10-21 13:30:00+00:00,-0.0013433458484176763
2009-10-22 13:30:00+00:00,-0.0019644877795170876
2009-10-23 13:30:00+00:00,0.009760043287719834
2009-10-26 13:30:00+00:00,0.0019144573605769267
2009-10-27 13:30:00+00:00,0.0009737467995620697
2009-10-28 13:30:00+00:00,-0.0061158027021617324
2009-10-29 13:30:00+00:00,0.008362733591088734
2009-10-30 13:30:00+00:00,-0.0029557078948945323
2009-11-02 14:30:00+00:00,0.001029552254057753
2009-11-03 14:30:00+00:00,-0.007473602240680066
2009-11-04 14:30:00+00:00,0.004877344260555849
2009-11-05 14:30:00+00:00,0.011240224552551793
2009-11-06 14:30:00+00:00,-0.007619083849961139
2009-11-09 14:30:00+00:00,0.007483656802373051
2009-11-10 14:30:00+00:00,-0.003266145870522885
2009-11-11 14:30:00+00:00,0.007082415628776528
2009-11-12 14:30:00+00:00,-6.30448435050667e-05
2009-11-13 14:30:00+00:00,0.0034643744775564203
2009-11-16 14:30:00+00:00,0.004249953083662372
2009-11-17 14:30:00+00:00,-0.003617064460853425
2009-11-18 14:30:00+00:00,-0.0018741843820149317
2009-11-19 14:30:00+00:00,-0.007746468630376102
2009-11-20 14:30:00+00:00,-0.005547835066250018
2009-11-23 14:30:00+00:00,0.010575435542844448
2009-11-24 14:30:00+00:00,-0.0007066462715937915
2009-11-25 14:30:00+00:00,0.0021220694046941604
2009-11-27 14:30:00+00:00,-0.02771429495750134
2009-11-30 14:30:00+00:00,-0.0012737574280316077
2009-12-01 14:30:00+00:00,0.008120592189549514
2009-12-02 14:30:00+00:00,0.0011408947009006077
2009-12-03 14:30:00+00:00,0.0023667361573329495
2009-12-04 14:30:00+00:00,0.013985658970421911
2009-12-07 14:30:00+00:00,-0.0014671473860092931
2009-12-08 14:30:00+00:00,-0.006900359876070417
2009-12-09 14:30:00+00:00,-0.001466766858785562
2009-12-10 14:30:00+00:00,0.005015065495690185
2009-12-11 14:30:00+00:00,0.0045099947145918915
2009-12-14 14:30:00+00:00,0.005378676387809855
2009-12-15 14:30:00+00:00,-0.00396965246410842
2009-12-16 14:30:00+00:00,0.004125278218038086
2009-12-17 14:30:00+00:00,-0.0061763296389193536
2009-12-18 14:30:00+00:00,0.00793652170309932
2009-12-21 14:30:00+00:00,0.005484009505599008
2009-12-22 14:30:00+00:00,0.0021122196879479363
2009-12-23 14:30:00+00:00,0.0019154035966002403
2009-12-24 14:30:00+00:00,0.0017990054800518407
2009-12-28 14:30:00+00:00,0.0018031879947695173
2009-12-29 14:30:00+00:00,0.0011482598528771315
2009-12-30 14:30:00+00:00,-0.0017779601091868602
2009-12-31 14:30:00+00:00,0.0006157102393233749
2010-01-04 14:30:00+00:00,0.011031926427396577
2010-01-05 14:30:00+00:00,-0.0005981339542486918
2010-01-06 14:30:00+00:00,-0.0005331423248998823
2010-01-07 14:30:00+00:00,-0.0014037299216520637
2010-01-08 14:30:00+00:00,-0.003495603759896115
2010-01-11 14:30:00+00:00,0.0031842250151932097
2010-01-12 14:30:00+00:00,-0.006642906918565517
2010-01-13 14:30:00+00:00,0.0030327480316829527
2010-01-14 14:30:00+00:00,-0.0020887533880211803
2010-01-15 14:30:00+00:00,3.58962826506612e-06
2010-01-19 14:30:00+00:00,0.0012243192976402085
2010-01-20 14:30:00+00:00,-0.00703408223890557
2010-01-21 14:30:00+00:00,0.002946363543371511
2010-01-22 14:30:00+00:00,-0.004487139347868607
2010-01-25 14:30:00+00:00,0.006701826396666044
2010-01-26 14:30:00+00:00,-0.003429160149863508
2010-01-27 14:30:00+00:00,-0.001656421009390352
2010-01-28 14:30:00+00:00,-0.0005951150661701709
2010-01-29 14:30:00+00:00,0.008738921416073787
2010-02-01 14:30:00+00:00,0.0038397213089442664
2010-02-02 14:30:00+00:00,0.00011184642034088874
2010-02-03 14:30:00+00:00,-0.004232329062215834
2010-02-04 14:30:00+00:00,-0.006727392322704151
2010-02-05 14:30:00+00:00,0.0029534952659508898
2010-02-08 14:30:00+00:00,-0.0005763952863092725
2010-02-09 14:30:00+00:00,0.012623147718481487
2010-02-10 14:30:00+00:00,-0.0016854775343009387
2010-02-11 14:30:00+00:00,-0.0013943190906326008
2010-02-12 14:30:00+00:00,-0.009156618413214256
2010-02-16 14:30:00+00:00,0.0076167949556666835
2010-02-17 14:30:00+00:00,0.003820248944739191
2010-02-18 14:30:00+00:00,-0.0014790064661420854
2010-02-19 14:30:00+00:00,-0.0038381654890784597
2010-02-22 14:30:00+00:00,0.003041806040153572
2010-02-23 14:30:00+00:00,-0.0018930266226232617
2010-02-24 14:30:00+00:00,0.003947980146146379
2010-02-25 14:30:00+00:00,-0.012300807883955055
2010-02-26 14:30:00+00:00,-1.5447422323621444e-06
2010-03-01 14:30:00+00:00,0.0039834811586889505
2010-03-02 14:30:00+00:00,0.0023191029238738173
2010-03-03 14:30:00+00:00,0.0016669444481314133
2010-03-04 14:30:00+00:00,0.0007287601835432756
2010-03-05 14:30:00+00:00,0.005004000276058951
2010-03-08 14:30:00+00:00,-0.00014302776970277477
2010-03-09 14:30:00+00:00,-0.002857012339506648
2010-03-10 14:30:00+00:00,1.5359442185880563e-05
2010-03-11 14:30:00+00:00,-0.0034234464114447746
2010-03-12 14:30:00+00:00,0.003113103682302876
2010-03-15 13:30:00+00:00,-0.0025243305404707536
2010-03-16 13:30:00+00:00,0.002063274013054606
2010-03-17 13:30:00+00:00,0.0014306464494166949
2010-03-18 13:30:00+00:00,-0.000748803004952181
2010-03-19 13:30:00+00:00,-0.00013348755646304102
2010-03-22 13:30:00+00:00,-0.006021393092835681
2010-03-23 13:30:00+00:00,0.0009436670710196605
2010-03-24 13:30:00+00:00,-0.0036276078425743316
2010-03-25 13:30:00+00:00,0.006770208108213482
2010-03-26 13:30:00+00:00,0.0037875572810053162
2010-03-29 13:30:00+00:00,0.0035073771116764687
2010-03-30 13:30:00+00:00,0.0008690037599539014
2010-03-31 13:30:00+00:00,-0.0032982383155432224
2010-04-01 13:30:00+00:00,0.005621517842925516
2010-04-05 13:30:00+00:00,0.0027718719540599126
2010-04-06 13:30:00+00:00,-0.0038867205018814463
2010-04-07 13:30:00+00:00,-0.0016224661948584073
2010-04-08 13:30:00+00:00,-0.003049177402641112
2010-04-09 13:30:00+00:00,0.0017466765532791917
2010-04-12 13:30:00+00:00,0.0004500513391198947
2010-04-13 13:30:00+00:00,-0.0012880880096978297
2010-04-14 13:30:00+00:00,0.006311241998694139
2010-04-15 13:30:00+00:00,-0.0006789526162371939
2010-04-16 13:30:00+00:00,-0.004198302586520997
2010-04-19 13:30:00+00:00,-0.001494437069828447
2010-04-20 13:30:00+00:00,0.004984396553005632
2010-04-21 13:30:00+00:00,0.0024197070285227776
2010-04-22 13:30:00+00:00,-0.008520507378824715
2010-04-23 13:30:00+00:00,-0.0017752097355804408
2010-04-26 13:30:00+00:00,-0.00021849285578779955
2010-04-27 13:30:00+00:00,-0.004210217502356073
2010-04-28 13:30:00+00:00,0.004577402003982811
2010-04-29 13:30:00+00:00,0.00621140851934453
2010-04-30 13:30:00+00:00,-0.0008683093811304831
2010-05-03 13:30:00+00:00,0.004422254363986899
2010-05-04 13:30:00+00:00,-0.013382671080610097
2010-05-05 13:30:00+00:00,-0.012078978678972906
2010-05-06 13:30:00+00:00,-0.0047122982424403605
2010-05-07 13:30:00+00:00,-0.004811908807740417
2010-05-10 13:30:00+00:00,0.04418332960311354
2010-05-11 13:30:00+00:00,-0.011457355586426032
2010-05-12 13:30:00+00:00,0.005511829047811323
2010-05-13 13:30:00+00:00,-0.0036710682961903604
2010-05-14 13:30:00+00:00,-0.008653527326942922
2010-05-17 13:30:00+00:00,0.002422496805787533
2010-05-18 13:30:00+00:00,0.0078049657749110655
2010-05-19 13:30:00+00:00,-0.004191030108316907
2010-05-20 13:30:00+00:00,-0.023077177695981065
2010-05-21 13:30:00+00:00,-0.0157214951329946
2010-05-24 13:30:00+00:00,-0.0038863570229091923
2010-05-25 13:30:00+00:00,-0.025443948146078765
2010-05-26 13:30:00+00:00,0.006815597096350367
2010-05-27 13:30:00+00:00,0.022187278065588945
2010-05-28 13:30:00+00:00,-0.0011932134053538434
2010-06-01 13:30:00+00:00,-0.005527462423346352
2010-06-02 13:30:00+00:00,0.005416736638856434
2010-06-03 13:30:00+00:00,0.001956026893388241
2010-06-04 13:30:00+00:00,-0.020064993892323645
2010-06-07 13:30:00+00:00,0.003248177941674857
2010-06-08 13:30:00+00:00,0.0008982824017267244
2010-06-09 13:30:00+00:00,0.006446649262624715
2010-06-10 13:30:00+00:00,0.013731374079037451
2010-06-11 13:30:00+00:00,-0.008803282057466732
2010-06-14 13:30:00+00:00,0.00884090460866015
2010-06-15 13:30:00+00:00,0.005479430894131931
2010-06-16 13:30:00+00:00,-0.0054427866345420186
2010-06-17 13:30:00+00:00,0.004522931557341614
2010-06-18 13:30:00+00:00,0.0006715240229047015
2010-06-21 13:30:00+00:00,0.01345531125286591
2010-06-22 13:30:00+00:00,0.0032812519111064978
2010-06-23 13:30:00+00:00,0.001053887711074386
2010-06-24 13:30:00+00:00,-0.0036622049952530597
2010-06-25 13:30:00+00:00,0.003196650544913016
2010-06-28 13:30:00+00:00,0.001676472559488651
2010-06-29 13:30:00+00:00,-0.01664019412514507
2010-06-30 13:30:00+00:00,-0.0006385505580629558
2010-07-01 13:30:00+00:00,0.0006159023025431476
2010-07-02 13:30:00+00:00,0.0018701014421580342
2010-07-06 13:30:00+00:00,0.014476028026235477
2010-07-07 13:30:00+00:00,0.0026604397674958482
2010-07-08 13:30:00+00:00,0.007073051926872231
2010-07-09 13:30:00+00:00,-0.0006516002692572686
2010-07-12 13:30:00+00:00,-0.0011607270988041151
2010-07-13 13:30:00+00:00,0.010312257983051232
2010-07-14 13:30:00+00:00,0.0021122633830445883
2010-07-15 13:30:00+00:00,-0.00102454487596505
2010-07-16 13:30:00+00:00,-0.007823209749819548
2010-07-19 13:30:00+00:00,0.003002273749637119
2010-07-20 13:30:00+00:00,-0.01505743534781957
2010-07-21 13:30:00+00:00,0.006037212153062066
2010-07-22 13:30:00+00:00,0.013025573147199754
2010-07-23 13:30:00+00:00,-0.0052426406635819435
2010-07-26 13:30:00+00:00,0.0008474223109939838
2010-07-27 13:30:00+00:00,0.004337403208551238
2010-07-28 13:30:00+00:00,-0.0016863139134709714
2010-07-29 13:30:00+00:00,0.006307429871670311
2010-07-30 13:30:00+00:00,-0.0109362620870045
2010-08-02 13:30:00+00:00,0.012593536970462383
2010-08-03 13:30:00+00:00,-0.001672784771418645
2010-08-04 13:30:00+00:00,0.0032150873627676438
2010-08-05 13:30:00+00:00,-0.00546128586921858
2010-08-06 13:30:00+00:00,-0.011281624581815041
2010-08-09 13:30:00+00:00,0.004418341085091082
2010-08-10 13:30:00+00:00,-0.011215927754305143
2010-08-11 13:30:00+00:00,-0.017771052936287567
2010-08-12 13:30:00+00:00,-0.020017320949383143
2010-08-13 13:30:00+00:00,-0.003378103419486866
2010-08-16 13:30:00+00:00,-0.005699279489280296
2010-08-17 13:30:00+00:00,0.006875653859150998
2010-08-18 13:30:00+00:00,-0.0019737294010762183
2010-08-19 13:30:00+00:00,-0.005019394585889303
2010-08-20 13:30:00+00:00,-0.0031702593249799513
2010-08-23 13:30:00+00:00,0.003836248984548696
2010-08-24 13:30:00+00:00,-0.013356846944169509
2010-08-25 13:30:00+00:00,-0.006979358945781844
2010-08-26 13:30:00+00:00,0.003145305268687604
2010-08-27 13:30:00+00:00,0.00720166807364796
2010-08-30 13:30:00+00:00,-0.0037542365564677935
2010-08-31 13:30:00+00:00,-0.00491608752887841
2010-09-01 13:30:00+00:00,0.013485412839512535
2010-09-02 13:30:00+00:00,0.0008876252994924783
2010-09-03 13:30:00+00:00,0.01260446545597892
2010-09-07 13:30:00+00:00,-0.0030054237199216402
2010-09-08 13:30:00+00:00,0.003150581120125329
2010-09-09 13:30:00+00:00,0.009869163537964843
2010-09-10 13:30:00+00:00,0.0011879559145038133
2010-09-13 13:30:00+00:00,0.009407361735696885
2010-09-14 13:30:00+00:00,-0.0020249609175896463
2010-09-15 13:30:00+00:00,-0.002982428191457009
2010-09-16 13:30:00+00:00,-0.0017555969967559925
2010-09-17 13:30:00+00:00,0.006486311462064564
2010-09-20 13:30:00+00:00,0.0030049879179596564
2010-09-21 13:30:00+00:00,-0.00033773301773777344
2010-09-22 13:30:00+00:00,-0.004118211485930845
2010-09-23 13:30:00+00:00,-0.007741767157478663
2010-09-24 13:30:00+00:00,0.012439289865837411
2010-09-27 13:30:00+00:00,-0.0007257255745822921
2010-09-28 13:30:00+00:00,0.0013178014126091653
2010-09-29 13:30:00+00:00,-0.003134123708896885
2010-09-30 13:30:00+00:00,0.005959136730704129
2010-10-01 13:30:00+00:00,0.007583778010585174
2010-10-04 13:30:00+00:00,-0.003685363281661924
2010-10-05 13:30:00+00:00,0.010136636838272029
2010-10-06 13:30:00+00:00,-0.0020460402876830816
2010-10-07 13:30:00+00:00,0.004507953722127966
2010-10-08 13:30:00+00:00,0.00035731494978440424
2010-10-11 13:30:00+00:00,0.0005453401188406537
2010-10-12 13:30:00+00:00,-0.0020273483670232404
2010-10-13 13:30:00+00:00,0.005950707809123867
2010-10-14 13:30:00+00:00,-0.00010820059208272995
2010-10-15 13:30:00+00:00,0.010707376929212076
2010-10-18 13:30:00+00:00,0.0004468705653297601
2010-10-19 13:30:00+00:00,-0.015599888148383877
2010-10-20 13:30:00+00:00,0.002464681312800188
2010-10-21 13:30:00+00:00,0.005324486429792763
2010-10-22 13:30:00+00:00,0.0006847295948468779
2010-10-25 13:30:00+00:00,0.0048327556936427095
2010-10-26 13:30:00+00:00,-0.005857105939100171
2010-10-27 13:30:00+00:00,-0.005385710095904728
2010-10-28 13:30:00+00:00,0.005053241090987581
2010-10-29 13:30:00+00:00,-0.0006504280934292006
2010-11-01 13:30:00+00:00,0.0051006012258003495
2010-11-02 13:30:00+00:00,0.008323632956702454
2010-11-03 13:30:00+00:00,-0.0003723252237720741
2010-11-04 13:30:00+00:00,0.011316109223440386
2010-11-05 13:30:00+00:00,1.2439535332020663e-05
2010-11-08 14:30:00+00:00,-0.0032484823877535593
2010-11-09 14:30:00+00:00,0.002624764699842952
2010-11-10 14:30:00+00:00,0.00041895767237186697
2010-11-11 14:30:00+00:00,-0.017371748096577388
2010-11-12 14:30:00+00:00,-0.005989231433563791
2010-11-15 14:30:00+00:00,0.0041927550765963216
2010-11-16 14:30:00+00:00,-0.007900919273698636
2010-11-17 14:30:00+00:00,0.00047895717525835445
2010-11-18 14:30:00+00:00,0.011370027274420592
2010-11-19 14:30:00+00:00,-0.0015356758755379451
2010-11-22 14:30:00+00:00,-0.003566961146843861
2010-11-23 14:30:00+00:00,-0.011083348622535138
2010-11-24 14:30:00+00:00,0.009896169019156343
2010-11-26 14:30:00+00:00,-0.006867358317765315
2010-11-29 14:30:00+00:00,-0.004960831100688357
2010-11-30 14:30:00+00:00,-0.011227685445874613
2010-12-01 14:30:00+00:00,0.014694458967530622
2010-12-02 14:30:00+00:00,0.0015670393436799546
2010-12-03 14:30:00+00:00,-0.004104915088644423
2010-12-06 14:30:00+00:00,-0.00016943253738711518
2010-12-07 14:30:00+00:00,0.01077894089939856
2010-12-08 14:30:00+00:00,0.0022398505085068246
2010-12-09 14:30:00+00:00,0.005261875356679313
2010-12-10 14:30:00+00:00,0.002426152560021089
2010-12-13 14:30:00+00:00,0.0028611147046419985
2010-12-14 14:30:00+00:00,0.0023496748446816154
2010-12-15 14:30:00+00:00,-0.000826832436739433
2010-12-16 14:30:00+00:00,0.0011761968531547207
2010-12-17 14:30:00+00:00,0.0021902271360996098
2010-12-20 14:30:00+00:00,0.0033090473465455686
2010-12-21 14:30:00+00:00,0.003440166142706136
2010-12-22 14:30:00+00:00,0.00042102538307896574
2010-12-23 14:30:00+00:00,-0.0016197787830839582
2010-12-27 14:30:00+00:00,-0.003292530557418416
2010-12-28 14:30:00+00:00,0.0016171407811964467
2010-12-29 14:30:00+00:00,0.001514811413717776
2010-12-30 14:30:00+00:00,-0.0005687037275220574
2010-12-31 14:30:00+00:00,-0.0010012093073743622
2011-01-03 14:30:00+00:00,0.008863795476523596
2011-01-04 14:30:00+00:00,0.002998653485801517
2011-01-05 14:30:00+00:00,-0.002837561917249387
2011-01-06 14:30:00+00:00,0.0007067247724135029
2011-01-07 14:30:00+00:00,0.000955433074867107
2011-01-10 14:30:00+00:00,-0.004428233707098783
2011-01-11 14:30:00+00:00,0.004257799178426047
2011-01-12 14:30:00+00:00,0.005281224672308171
2011-01-13 14:30:00+00:00,-0.0009768202649565016
2011-01-14 14:30:00+00:00,-0.00112733478118211
2011-01-18 14:30:00+00:00,-0.003910837227860464
2011-01-19 14:30:00+00:00,-0.0011991337039835126
2011-01-20 14:30:00+00:00,-0.004855410135648064
2011-01-21 14:30:00+00:00,0.004570313697889616
2011-01-24 14:30:00+00:00,0.0011976160174924533
2011-01-25 14:30:00+00:00,-0.004994132063496093
2011-01-26 14:30:00+00:00,0.0018380415670682271
2011-01-27 14:30:00+00:00,0.0019660383680872753
2011-01-28 14:30:00+00:00,-0.0001
2011-01-31 14:30:00+00:00,0.0022857160160178916
2011-02-01 14:30:00+00:00,0.00639241088769803
2011-02-02 14:30:00+00:00,-0.002466252386884482
2011-02-03 14:30:00+00:00,-0.0011256434845133944
2011-02-04 14:30:00+00:00,0.0006154323817994967
2011-02-07 14:30:00+00:00,0.0013299501201306963
2011-02-08 14:30:00+00:00,-0.000667558838409088
2011-02-09 14:30:00+00:00,-0.0022165749315444902
2011-02-10 14:30:00+00:00,-0.00881618783247352
2011-02-11 14:30:00+00:00,-0.0027124959021173176
2011-02-14 14:30:00+00:00,0.00016695712157653873
2011-02-15 14:30:00+00:00,-0.0029964824070086824
2011-02-16 14:30:00+00:00,0.00372976085737341
2011-02-17 14:30:00+00:00,-0.003440909841055728
2011-02-18 14:30:00+00:00,0.0005250995848304796
2011-02-22 14:30:00+00:00,-0.013688810822047325
2011-02-23 14:30:00+00:00,-0.0005425924705605544
2011-02-24 14:30:00+00:00,0.0012221119685202786
2011-02-25 14:30:00+00:00,0.005108375132128795
2011-02-28 14:30:00+00:00,0.003578459678588153
2011-03-01 14:30:00+00:00,0.0030665002073502093
2011-03-02 14:30:00+00:00,-0.0009620788836961602
2011-03-03 14:30:00+00:00,0.009510348882094444
2011-03-04 14:30:00+00:00,-0.0004930689024662648
2011-03-07 14:30:00+00:00,0.0029596155990771924
2011-03-08 14:30:00+00:00,-0.00024565049217063474
2011-03-09 14:30:00+00:00,-0.0035095140138308276
2011-03-10 14:30:00+00:00,-0.011885331351263361
2011-03-11 14:30:00+00:00,-0.004309564203627503
2011-03-14 13:30:00+00:00,-0.007446487353974474
2011-03-15 13:30:00+00:00,-0.030300287024346406
2011-03-16 13:30:00+00:00,-0.005502464572412336
2011-03-17 13:30:00+00:00,0.014902945842676586
2011-03-18 13:30:00+00:00,0.01108718904729632
2011-03-21 13:30:00+00:00,0.011928751609645339
2011-03-22 13:30:00+00:00,-8.521783425675658e-05
2011-03-23 13:30:00+00:00,-0.002451104307671381
2011-03-24 13:30:00+00:00,0.006415151638532446
2011-03-25 13:30:00+00:00,0.0035252352704797543
2011-03-28 13:30:00+00:00,0.00327944461048445
2011-03-29 13:30:00+00:00,-0.0011436424579107762
2011-03-30 13:30:00+00:00,0.00551147359762093
2011-03-31 13:30:00+00:00,-0.0010219489258230907
2011-04-01 13:30:00+00:00,0.005509298986424926
2011-04-04 13:30:00+00:00,0.0022874074692535887
2011-04-05 13:30:00+00:00,-0.0006054916083141459
2011-04-06 13:30:00+00:00,0.005961990180109555
2011-04-07 13:30:00+00:00,-0.00018214116019422678
2011-04-08 13:30:00+00:00,0.003530056747631505
2011-04-11 13:30:00+00:00,0.003162121770893689
2011-04-12 13:30:00+00:00,-0.005735959145902869
2011-04-13 13:30:00+00:00,0.0064214104135498105
2011-04-14 13:30:00+00:00,-0.006762961779604682
2011-04-15 13:30:00+00:00,-0.00276277818204208
2011-04-18 13:30:00+00:00,-0.012191922240239027
2011-04-19 13:30:00+00:00,0.002082590755040348
2011-04-20 13:30:00+00:00,0.015882002592277
2011-04-21 13:30:00+00:00,0.006415591274249166
2011-04-25 13:30:00+00:00,-5.740766791829657e-05
2011-04-26 13:30:00+00:00,0.0022355903045960693
2011-04-27 13:30:00+00:00,0.002126428307602335
2011-04-28 13:30:00+00:00,-0.0025599686193856883
2011-04-29 13:30:00+00:00,-0.0010712828182976141
2011-05-02 13:30:00+00:00,0.0025935383287369776
2011-05-03 13:30:00+00:00,-0.001768957978299357
2011-05-04 13:30:00+00:00,0.00035741676715982394
2011-05-05 13:30:00+00:00,-0.005541527981955075
2011-05-06 13:30:00+00:00,0.009133597126851124
2011-05-09 13:30:00+00:00,0.00014046585272641253
2011-05-10 13:30:00+00:00,0.0029457793403235735
2011-05-11 13:30:00+00:00,-0.0017469922753562516
2011-05-12 13:30:00+00:00,-0.004103478479951639
2011-05-13 13:30:00+00:00,-0.0012666228362348097
2011-05-16 13:30:00+00:00,-0.004544122967390163
2011-05-17 13:30:00+00:00,-0.004822743490850001
2011-05-18 13:30:00+00:00,-0.00030122757593221684
2011-05-19 13:30:00+00:00,0.0031149374167407265
2011-05-20 13:30:00+00:00,-0.00270336183547305
2011-05-23 13:30:00+00:00,-0.014853972580120233
2011-05-24 13:30:00+00:00,0.002727231543086617
2011-05-25 13:30:00+00:00,-0.0023467452997887437
2011-05-26 13:30:00+00:00,-0.0019359749233728407
2011-05-27 13:30:00+00:00,0.0020919774292822327
2011-05-31 13:30:00+00:00,0.009693086363326432
2011-06-01 13:30:00+00:00,-0.002184490582378695
2011-06-02 13:30:00+00:00,0.0015503267945044974
2011-06-03 13:30:00+00:00,-0.011934258581248202
2011-06-06 13:30:00+00:00,-0.0017356862444852905
2011-06-07 13:30:00+00:00,0.0036852925548205187
2011-06-08 13:30:00+00:00,-0.0030131749866025956
2011-06-09 13:30:00+00:00,0.0010737162034159975
2011-06-10 13:30:00+00:00,-0.00373891700708574
2011-06-13 13:30:00+00:00,0.0020068976032065924
2011-06-14 13:30:00+00:00,0.008628312632894309
2011-06-15 13:30:00+00:00,-0.009638155950440163
2011-06-16 13:30:00+00:00,9.761635706760927e-05
2011-06-17 13:30:00+00:00,0.008510011933923856
2011-06-20 13:30:00+00:00,-0.0033218597900812716
2011-06-21 13:30:00+00:00,0.003957622039446817
2011-06-22 13:30:00+00:00,-0.0038510617090897867
2011-06-23 13:30:00+00:00,-0.011560347304427464
2011-06-24 13:30:00+00:00,-0.002202876093328376
2011-06-27 13:30:00+00:00,-3.2083204148725036e-05
2011-06-28 13:30:00+00:00,0.002124463375682717
2011-06-29 13:30:00+00:00,0.002629609685941492
2011-06-30 13:30:00+00:00,0.003140342779856409
2011-07-01 13:30:00+00:00,0.0004624832641422106
2011-07-05 13:30:00+00:00,0.0005534333339778264
2011-07-06 13:30:00+00:00,-0.0016394379677691195
2011-07-07 13:30:00+00:00,0.007743974395222108
2011-07-08 13:30:00+00:00,-0.011020148575415677
2011-07-11 13:30:00+00:00,-0.011188135326404402
2011-07-12 13:30:00+00:00,-0.0014808925311589171
2011-07-13 13:30:00+00:00,0.006719045656565103
2011-07-14 13:30:00+00:00,0.0027245880129020852
2011-07-15 13:30:00+00:00,0.008826204341220601
2011-07-18 13:30:00+00:00,-0.004469467772921798
2011-07-19 13:30:00+00:00,0.009255820217588074
2011-07-20 13:30:00+00:00,0.004453257347531314
2011-07-21 13:30:00+00:00,0.0015203574780304652
2011-07-22 13:30:00+00:00,-8.940552506176971e-05
2011-07-25 13:30:00+00:00,-0.009446470399755113
2011-07-26 13:30:00+00:00,-0.00012112656279673609
2011-07-27 13:30:00+00:00,-0.005853547224167877
2011-07-28 13:30:00+00:00,0.00019661144166048815
2011-07-29 13:30:00+00:00,-0.010793204925440569
2011-08-01 13:30:00+00:00,0.012623234768202918
2011-08-02 13:30:00+00:00,-0.006046224680599577
2011-08-03 13:30:00+00:00,0.0016720326707433287
2011-08-04 13:30:00+00:00,-0.016694512735459754
2011-08-05 13:30:00+00:00,0.009253094502297044
2011-08-08 13:30:00+00:00,-0.03370824915203309
2011-08-09 13:30:00+00:00,0.01874893370658558
2011-08-10 13:30:00+00:00,-0.023048443619754565
2011-08-11 13:30:00+00:00,0.014385201708107632
2011-08-12 13:30:00+00:00,0.005648864081225324
2011-08-15 13:30:00+00:00,0.005506128718428582
2011-08-16 13:30:00+00:00,-0.011339813420453992
2011-08-17 13:30:00+00:00,0.0016199025043510562
2011-08-18 13:30:00+00:00,-0.03000272597842214
2011-08-19 13:30:00+00:00,-0.011488641573064739
2011-08-22 13:30:00+00:00,0.023402798165630168
2011-08-23 13:30:00+00:00,0.006538612564845436
2011-08-24 13:30:00+00:00,-0.0036077135963426096
2011-08-25 13:30:00+00:00,0.0012251338737421125
2011-08-26 13:30:00+00:00,-0.004579959446276993
2011-08-29 13:30:00+00:00,0.012457167309248163
2011-08-30 13:30:00+00:00,-0.005970176702762464
2011-08-31 13:30:00+00:00,0.005194763037817285
2011-09-01 13:30:00+00:00,0.0014042400393432409
2011-09-02 13:30:00+00:00,-0.019251313026318006
2011-09-06 13:30:00+00:00,-0.0253869451756752
2011-09-07 13:30:00+00:00,0.015127368366202088
2011-09-08 13:30:00+00:00,-0.0060357549256938705
2011-09-09 13:30:00+00:00,-0.008411037065331316
2011-09-12 13:30:00+00:00,-0.010282327688498249
2011-09-13 13:30:00+00:00,0.0029059034887757187
2011-09-14 13:30:00+00:00,0.006337236915965316
2011-09-15 13:30:00+00:00,0.008801635307029921
2011-09-16 13:30:00+00:00,-8.080265324196248e-05
2011-09-19 13:30:00+00:00,-0.014575771395948688
2011-09-20 13:30:00+00:00,0.00413288699319535
2011-09-21 13:30:00+00:00,0.004077245506272964
2011-09-22 13:30:00+00:00,-0.02851784282406279
2011-09-23 13:30:00+00:00,-0.0070390592402944764
2011-09-26 13:30:00+00:00,0.0054371431998434415
2011-09-27 13:30:00+00:00,0.01741907820078502
2011-09-28 13:30:00+00:00,0.004230885437396459
2011-09-29 13:30:00+00:00,0.017535371944102474
2011-09-30 13:30:00+00:00,-0.014607646887525926
2011-10-03 13:30:00+00:00,-0.00598306761282531
2011-10-04 13:30:00+00:00,-0.010010886370192661
2011-10-05 13:30:00+00:00,-0.002782093041694977
2011-10-06 13:30:00+00:00,-0.0006933570404937916
2011-10-07 13:30:00+00:00,0.0010129793867998838
2011-10-10 13:30:00+00:00,0.01739243605728479
2011-10-11 13:30:00+00:00,-0.00452317859756225
2011-10-12 13:30:00+00:00,0.009028843976861756
2011-10-13 13:30:00+00:00,-0.003816289870047462
2011-10-14 13:30:00+00:00,0.01325373491160441
2011-10-17 13:30:00+00:00,-0.005546343971739598
2011-10-18 13:30:00+00:00,-0.00043265762350809246
2011-10-19 13:30:00+00:00,-0.005571466581067453
2011-10-20 13:30:00+00:00,0.00042990076642478457
2011-10-21 13:30:00+00:00,0.012091059182175668
2011-10-24 13:30:00+00:00,0.0026943996483952295
2011-10-25 13:30:00+00:00,-0.00513061163764984
2011-10-26 13:30:00+00:00,0.008238323940627835
2011-10-27 13:30:00+00:00,0.0262782998549158
2011-10-28 13:30:00+00:00,-0.005431079459569566
2011-10-31 13:30:00+00:00,-0.01152064223039374
2011-11-01 13:30:00+00:00,-0.028821341389713828
2011-11-02 13:30:00+00:00,0.011637847191656048
2011-11-03 13:30:00+00:00,0.009835674006169127
2011-11-04 13:30:00+00:00,-0.007442579349979617
2011-11-07 14:30:00+00:00,-0.0011312229890196978
2011-11-08 14:30:00+00:00,0.0061443476950189145
2011-11-09 14:30:00+00:00,-0.023905745162439828
2011-11-10 14:30:00+00:00,0.011480534607131599
2011-11-11 14:30:00+00:00,0.010710859573309407
2011-11-14 14:30:00+00:00,-0.002952036426738258
2011-11-15 14:30:00+00:00,-0.003603683811049485
2011-11-16 14:30:00+00:00,-0.00944772680280027
2011-11-17 14:30:00+00:00,-0.0009486064771751068
2011-11-18 14:30:00+00:00,0.0026164051342556396
2011-11-21 14:30:00+00:00,-0.014545058157191437
2011-11-22 14:30:00+00:00,-0.002279823645997003
2011-11-23 14:30:00+00:00,-0.008072179774832666
2011-11-25 14:30:00+00:00,-0.0029657802202513015
2011-11-28 14:30:00+00:00,0.027800714219645684
2011-11-29 14:30:00+00:00,0.0006003487736894076
2011-11-30 14:30:00+00:00,0.028077142025805014
2011-12-01 14:30:00+00:00,-0.0018822747654807625
2011-12-02 14:30:00+00:00,0.009267183806881397
2011-12-05 14:30:00+00:00,0.014951805754790593
2011-12-06 14:30:00+00:00,-0.0003786359579382003
2011-12-07 14:30:00+00:00,-0.004232743145926932
2011-12-08 14:30:00+00:00,-0.006105530835217266
2011-12-09 14:30:00+00:00,0.0025190500369918103
2011-12-12 14:30:00+00:00,-0.011256668571077554
2011-12-13 14:30:00+00:00,0.006564693424195844
2011-12-14 14:30:00+00:00,-0.005163470863792552
2011-12-15 14:30:00+00:00,0.010383112511914695
2011-12-16 14:30:00+00:00,0.005256180168345936
2011-12-19 14:30:00+00:00,0.0033202979525792545
2011-12-20 14:30:00+00:00,0.017382228215576213
2011-12-21 14:30:00+00:00,-0.005461524060565892
2011-12-22 14:30:00+00:00,0.0023670991105999464
2011-12-23 14:30:00+00:00,0.002969872711014332
2011-12-27 14:30:00+00:00,-0.002058987498448805
2011-12-28 14:30:00+00:00,0.00027711041169763427
2011-12-29 14:30:00+00:00,0.0023517941081152463
2011-12-30 14:30:00+00:00,-0.0014429070139873156
2012-01-03 14:30:00+00:00,0.019952585145820868
2012-01-04 14:30:00+00:00,-0.003429936141582279
2012-01-05 14:30:00+00:00,-0.0022862733267555832
2012-01-06 14:30:00+00:00,0.0003905929151433064
2012-01-09 14:30:00+00:00,0.003175725206450364
2012-01-10 14:30:00+00:00,0.010308831736018476
2012-01-11 14:30:00+00:00,-0.002590279544403284
2012-01-12 14:30:00+00:00,0.0021540200533662793
2012-01-13 14:30:00+00:00,-0.006445667182569459
2012-01-17 14:30:00+00:00,0.009370044954004831
2012-01-18 14:30:00+00:00,0.0010289382628723032
2012-01-19 14:30:00+00:00,0.0035213283839583445
2012-01-20 14:30:00+00:00,-0.00450767008142895
2012-01-23 14:30:00+00:00,-0.0002758317159940015
2012-01-24 14:30:00+00:00,-0.004621937993468894
2012-01-25 14:30:00+00:00,0.005853438022189727
2012-01-26 14:30:00+00:00,0.0036149818456629903
2012-01-27 14:30:00+00:00,-0.002816348139194524
2012-01-30 14:30:00+00:00,-0.009384460077411127
2012-01-31 14:30:00+00:00,0.004814780773185301
2012-02-01 14:30:00+00:00,0.005678583450992913
2012-02-02 14:30:00+00:00,0.0019468839277953954
2012-02-03 14:30:00+00:00,0.010135418029617583
2012-02-06 14:30:00+00:00,-0.004622171546423648
2012-02-07 14:30:00+00:00,-0.002195140970665099
2012-02-08 14:30:00+00:00,0.0007643045983929287
2012-02-09 14:30:00+00:00,0.0021634328371331504
2012-02-10 14:30:00+00:00,-0.008719063290923878
2012-02-13 14:30:00+00:00,0.007589738910058752
2012-02-14 14:30:00+00:00,-0.0034055791830297608
2012-02-15 14:30:00+00:00,0.0038531089596476223
2012-02-16 14:30:00+00:00,-0.00015492646886440244
2012-02-17 14:30:00+00:00,-0.0006507464565235321
2012-02-21 14:30:00+00:00,0.001770064664867721
2012-02-22 14:30:00+00:00,-0.0020670717309262507
2012-02-23 14:30:00+00:00,-0.00010341261021064021
2012-02-24 14:30:00+00:00,0.0019797916740631363
2012-02-27 14:30:00+00:00,-0.006132857971320138
2012-02-28 14:30:00+00:00,0.0009417806127072104
2012-02-29 14:30:00+00:00,0.0015438924096082718
2012-03-01 14:30:00+00:00,0.004018863620223845
2012-03-02 14:30:00+00:00,-0.0010668523292140075
2012-03-05 14:30:00+00:00,-0.002270547265020195
2012-03-06 14:30:00+00:00,-0.011271050525909165
2012-03-07 14:30:00+00:00,0.004109159031400178
2012-03-08 14:30:00+00:00,0.006273275553935853
2012-03-09 14:30:00+00:00,0.0014722241765323552
2012-03-12 13:30:00+00:00,0.00013757702156346206
2012-03-13 13:30:00+00:00,0.006619951140125024
2012-03-14 13:30:00+00:00,0.0006665033536932153
2012-03-15 13:30:00+00:00,0.002481649046996315
2012-03-16 13:30:00+00:00,0.0005935917331980512
2012-03-19 13:30:00+00:00,0.0005480562906008291
2012-03-20 13:30:00+00:00,-0.005749229557866731
2012-03-21 13:30:00+00:00,0.000970227271608104
2012-03-22 13:30:00+00:00,-0.006707464559035381
2012-03-23 13:30:00+00:00,0.0008956676938946973
2012-03-26 13:30:00+00:00,0.007266586557590926
2012-03-27 13:30:00+00:00,0.00037716791032903495
2012-03-28 13:30:00+00:00,0.0010184611101799912
2012-03-29 13:30:00+00:00,-0.005803764673394618
2012-03-30 13:30:00+00:00,0.004942987807402976
2012-04-02 13:30:00+00:00,-0.0019211222222476176
2012-04-03 13:30:00+00:00,-0.0001160428338970009
2012-04-04 13:30:00+00:00,-0.009128255926383232
2012-04-05 13:30:00+00:00,-0.0021664607977609604
2012-04-09 13:30:00+00:00,-0.014130180393807878
2012-04-10 13:30:00+00:00,-0.000890972402498591
2012-04-11 13:30:00+00:00,0.009571616238181358
2012-04-12 13:30:00+00:00,0.0021046195111133928
2012-04-13 13:30:00+00:00,-0.0035265420417971535
2012-04-16 13:30:00+00:00,0.005292962515914812
2012-04-17 13:30:00+00:00,0.00445766217125686
2012-04-18 13:30:00+00:00,-0.0037150675205487424
2012-04-19 13:30:00+00:00,-0.0011720942296090775
2012-04-20 13:30:00+00:00,0.005276425261665707
2012-04-23 13:30:00+00:00,-0.010581744966148065
2012-04-24 13:30:00+00:00,-0.0011368240620112213
2012-04-25 13:30:00+00:00,0.017474892953539312
2012-04-26 13:30:00+00:00,-0.0001032233722856434
2012-04-27 13:30:00+00:00,0.003089519514499084
2012-04-30 13:30:00+00:00,-0.0030779397639555503
2012-05-01 13:30:00+00:00,-0.0006153915834014145
2012-05-02 13:30:00+00:00,-0.005138575858598793
2012-05-03 13:30:00+00:00,0.00031825093236758094
2012-05-04 13:30:00+00:00,-0.007754712201372149
2012-05-07 13:30:00+00:00,-0.005488478763489024
2012-05-08 13:30:00+00:00,-0.006320890904941268
2012-05-09 13:30:00+00:00,-0.011592533677297522
2012-05-10 13:30:00+00:00,0.005181612222779452
2012-05-11 13:30:00+00:00,-0.004971011932318981
2012-05-14 13:30:00+00:00,-0.008975813259080267
2012-05-15 13:30:00+00:00,-0.00019647599354289937
2012-05-16 13:30:00+00:00,0.00367015097055633
2012-05-17 13:30:00+00:00,0.0001330941343526849
2012-05-18 13:30:00+00:00,0.0001629963676825664
2012-05-21 13:30:00+00:00,0.0012531104231587765
2012-05-22 13:30:00+00:00,0.0022391869027484804
2012-05-23 13:30:00+00:00,-0.002533942002285305
2012-05-24 13:30:00+00:00,0.0021560212819977556
2012-05-25 13:30:00+00:00,2.6826080601105668e-05
2012-05-29 13:30:00+00:00,0.005447074417491027
2012-05-30 13:30:00+00:00,-0.008361948242177075
2012-05-31 13:30:00+00:00,-9.647215536757728e-05
2012-06-01 13:30:00+00:00,-0.006187065773175082
2012-06-04 13:30:00+00:00,-5.263770653464164e-05
2012-06-05 13:30:00+00:00,-0.003962272988741866
2012-06-06 13:30:00+00:00,0.006422373968715911
2012-06-07 13:30:00+00:00,0.009507299982586693
2012-06-08 13:30:00+00:00,-0.002643235696746193
2012-06-11 13:30:00+00:00,0.00832076007628223
2012-06-12 13:30:00+00:00,0.00207462441741656
2012-06-13 13:30:00+00:00,-0.0018410584519049755
2012-06-14 13:30:00+00:00,0.0006165855913546792
2012-06-15 13:30:00+00:00,0.0009823226261378327
2012-06-18 13:30:00+00:00,-0.00020792905474799052
2012-06-19 13:30:00+00:00,0.004921893418078349
2012-06-20 13:30:00+00:00,0.0009922229674814598
2012-06-21 13:30:00+00:00,-0.0005436345441098944
2012-06-22 13:30:00+00:00,0.0023762542510852194
2012-06-25 13:30:00+00:00,-0.009963723134080903
2012-06-26 13:30:00+00:00,0.003157922867791585
2012-06-27 13:30:00+00:00,0.0027274892795094876
2012-06-28 13:30:00+00:00,-0.007553144440186743
2012-06-29 13:30:00+00:00,0.018482255545147586
2012-07-02 13:30:00+00:00,0.0010447379858451345
2012-07-03 13:30:00+00:00,-0.00024228707277275098
2012-07-05 13:30:00+00:00,-0.0020186180437380516
2012-07-06 13:30:00+00:00,-0.007129341959287283
2012-07-09 13:30:00+00:00,-0.0010668943615754877
2012-07-10 13:30:00+00:00,0.004532040724385167
2012-07-11 13:30:00+00:00,-0.0013266208521843903
2012-07-12 13:30:00+00:00,-0.007336858456462603
2012-07-13 13:30:00+00:00,0.0026458463494707265
2012-07-16 13:30:00+00:00,-0.0019703790862708567
2012-07-17 13:30:00+00:00,0.0049121921147601165
2012-07-18 13:30:00+00:00,-0.002093116503645642
2012-07-19 13:30:00+00:00,0.006394210102307329
2012-07-20 13:30:00+00:00,-0.00309399275258172
2012-07-23 13:30:00+00:00,-0.016436799051312578
2012-07-24 13:30:00+00:00,0.0015608304033753906
2012-07-25 13:30:00+00:00,-0.002269047380075395
2012-07-26 13:30:00+00:00,0.014769086534929022
2012-07-27 13:30:00+00:00,0.004479624989198949
2012-07-30 13:30:00+00:00,0.0002312882433033071
2012-07-31 13:30:00+00:00,-0.00035799423694083944
2012-08-01 13:30:00+00:00,0.005751278799801296
2012-08-02 13:30:00+00:00,-0.006863212325205381
2012-08-03 13:30:00+00:00,0.014165735603500307
2012-08-06 13:30:00+00:00,0.003356993194926428
2012-08-07 13:30:00+00:00,0.004164342530308829
2012-08-08 13:30:00+00:00,-0.004108835774866326
2012-08-09 13:30:00+00:00,-0.0005615666511000871
2012-08-10 13:30:00+00:00,-0.003349746509096485
2012-08-13 13:30:00+00:00,-0.0009574008059034633
2012-08-14 13:30:00+00:00,0.0032580926770251375
2012-08-15 13:30:00+00:00,-0.0013097867295701726
2012-08-16 13:30:00+00:00,0.0019620734035303736
2012-08-17 13:30:00+00:00,0.0014413500596999085
2012-08-20 13:30:00+00:00,-0.0013774453758787053
2012-08-21 13:30:00+00:00,0.0028386937749025234
2012-08-22 13:30:00+00:00,-0.0024865170660685163
2012-08-23 13:30:00+00:00,-0.0026539025709163663
2012-08-24 13:30:00+00:00,-0.0027789585060070785
2012-08-27 13:30:00+00:00,0.004405219558671669
2012-08-28 13:30:00+00:00,-0.0013332589702430675
2012-08-29 13:30:00+00:00,0.0001957799390905791
2012-08-30 13:30:00+00:00,-0.004792979404866016
2012-08-31 13:30:00+00:00,0.006765176388963112
2012-09-04 13:30:00+00:00,-0.0013096541802801842
2012-09-05 13:30:00+00:00,-0.0009064819618137653
2012-09-06 13:30:00+00:00,0.005982854149747074
2012-09-07 13:30:00+00:00,-0.0009259709109379454
2012-09-10 13:30:00+00:00,-0.0017196281463924934
2012-09-11 13:30:00+00:00,0.0002221628706346902
2012-09-12 13:30:00+00:00,0.003378803144503884
2012-09-13 13:30:00+00:00,0.0009756326289289575
2012-09-14 13:30:00+00:00,0.0031986288398517695
2012-09-17 13:30:00+00:00,-0.0002727567444715916
2012-09-18 13:30:00+00:00,-0.0016886533712570206
2012-09-19 13:30:00+00:00,0.0002902039824161818
2012-09-20 13:30:00+00:00,-0.005058188132996533
2012-09-21 13:30:00+00:00,0.005851002757224932
2012-09-24 13:30:00+00:00,-0.007839048158956873
2012-09-25 13:30:00+00:00,0.0029340889912412463
2012-09-26 13:30:00+00:00,-0.0014888560433796826
2012-09-27 13:30:00+00:00,0.0038338546748901583
2012-09-28 13:30:00+00:00,-0.0036994512245715036
2012-10-01 13:30:00+00:00,0.0044183051999524435
2012-10-02 13:30:00+00:00,0.00446072401366292
2012-10-03 13:30:00+00:00,0.003364717906952908
2012-10-04 13:30:00+00:00,0.0021805033086219508
2012-10-05 13:30:00+00:00,0.0036307983418535253
2012-10-08 13:30:00+00:00,-0.004838189828702444
2012-10-09 13:30:00+00:00,-0.001494472907753297
2012-10-10 13:30:00+00:00,0.0003012960636186058
2012-10-11 13:30:00+00:00,0.007800262486089104
2012-10-12 13:30:00+00:00,-0.00020816321645223947
2012-10-15 13:30:00+00:00,0.002889331264148021
2012-10-16 13:30:00+00:00,0.0028469644401856067
2012-10-17 13:30:00+00:00,-0.0032568857267197934
2012-10-18 13:30:00+00:00,-0.002145699720539029
2012-10-19 13:30:00+00:00,-0.002153473903259384
2012-10-22 13:30:00+00:00,-2.5196937382113073e-07
2012-10-23 13:30:00+00:00,-0.009221771547375256
2012-10-24 13:30:00+00:00,0.007042749844802676
2012-10-25 13:30:00+00:00,0.00772777887542041
2012-10-26 13:30:00+00:00,-0.00012346468213776375
2012-10-31 13:30:00+00:00,-0.00046809636493195796
2012-11-01 13:30:00+00:00,0.0033629701640067624
2012-11-02 13:30:00+00:00,0.004466147293415534
2012-11-05 14:30:00+00:00,0.00020184684093170767
2012-11-06 14:30:00+00:00,0.0012501693347885979
2012-11-07 14:30:00+00:00,-0.011876492650280245
2012-11-08 14:30:00+00:00,0.0015341759799984867
2012-11-09 14:30:00+00:00,-0.0011395187438829723
2012-11-12 14:30:00+00:00,0.0038622307231221844
2012-11-13 14:30:00+00:00,-0.008184696726779694
2012-11-14 14:30:00+00:00,0.004380117652506665
2012-11-15 14:30:00+00:00,0.00026181876404639547
2012-11-16 14:30:00+00:00,0.0005908714946318728
2012-11-19 14:30:00+00:00,0.011420722342684975
2012-11-20 14:30:00+00:00,-0.001931261857719868
2012-11-21 14:30:00+00:00,0.000743411342744238
2012-11-23 14:30:00+00:00,0.005732829807988604
2012-11-26 14:30:00+00:00,-0.0020650733717910816
2012-11-27 14:30:00+00:00,-0.0008457624282870557
2012-11-28 14:30:00+00:00,-0.00541372479982839
2012-11-29 14:30:00+00:00,0.004455777055475385
2012-11-30 14:30:00+00:00,0.0003050327158955369
2012-12-03 14:30:00+00:00,0.006201813398488454
2012-12-04 14:30:00+00:00,-0.0006862400220671971
2012-12-05 14:30:00+00:00,-0.001264615059487062
2012-12-06 14:30:00+00:00,-0.0020201536911112036
2012-12-07 14:30:00+00:00,0.0033857747232328597
2012-12-10 14:30:00+00:00,-0.0017286207010758336
2012-12-11 14:30:00+00:00,0.006083534745918706
2012-12-12 14:30:00+00:00,0.003748023897233377
2012-12-13 14:30:00+00:00,-0.002084192882925173
2012-12-14 14:30:00+00:00,-0.005183271410710633
2012-12-17 14:30:00+00:00,0.0013033856102688702
2012-12-18 14:30:00+00:00,0.003294662317018238
2012-12-19 14:30:00+00:00,0.0013732217253845547
2012-12-20 14:30:00+00:00,0.0018511296944698663
2012-12-21 14:30:00+00:00,-0.017078090259177735
2012-12-24 14:30:00+00:00,-0.002456866466672991
2012-12-26 14:30:00+00:00,7.585644927198274e-05
2012-12-27 14:30:00+00:00,-0.00019691619525142857
2012-12-28 14:30:00+00:00,-0.0070626330109833215
2012-12-31 14:30:00+00:00,-0.0017417562098828276
2013-01-02 14:30:00+00:00,0.02368533872287103
2013-01-03 14:30:00+00:00,-0.001311344656108615
2013-01-04 14:30:00+00:00,-7.822874682475369e-08
2013-01-07 14:30:00+00:00,-0.004126872896545575
2013-01-08 14:30:00+00:00,-0.00021297809469767993
2013-01-09 14:30:00+00:00,0.0024356809122891734
2013-01-10 14:30:00+00:00,0.006284754254210145
2013-01-11 14:30:00+00:00,1.5353973639376046e-05
2013-01-14 14:30:00+00:00,-0.003932821196977476
2013-01-15 14:30:00+00:00,-0.005373437499999978
2013-01-16 14:30:00+00:00,-0.00011930660258342432
2013-01-17 14:30:00+00:00,0.004053900514384245
2013-01-18 14:30:00+00:00,-0.0026797474141023844
2013-01-22 14:30:00+00:00,0.00019346315495315523
2013-01-23 14:30:00+00:00,0.003921448658254822
2013-01-24 14:30:00+00:00,-0.008978544899636353
2013-01-25 14:30:00+00:00,0.003180758219677438
2013-01-28 14:30:00+00:00,0.0006810118925259956
2013-01-29 14:30:00+00:00,-0.001583667237796138
2013-01-30 14:30:00+00:00,0.0010954426400810902
2013-01-31 14:30:00+00:00,-0.000621952540699977
2013-02-01 14:30:00+00:00,0.0065229148284357994
2013-02-04 14:30:00+00:00,-0.005566995822477672
2013-02-05 14:30:00+00:00,0.003007458461699686
2013-02-06 14:30:00+00:00,-0.003946724664670176
2013-02-07 14:30:00+00:00,-0.00042824542648557386
2013-02-08 14:30:00+00:00,0.003985195950872089
2013-02-11 14:30:00+00:00,-0.000519581210711506
2013-02-12 14:30:00+00:00,-0.0004978757929981037
2013-02-13 14:30:00+00:00,0.0026773812826568102
2013-02-14 14:30:00+00:00,-0.004523029045960037
2013-02-15 14:30:00+00:00,0.0012068522118981906
2013-02-19 14:30:00+00:00,0.001601090400399785
2013-02-20 14:30:00+00:00,-0.0005979159172414649
2013-02-21 14:30:00+00:00,-0.003111629201515875
2013-02-22 14:30:00+00:00,0.0055203589061871726
2013-02-25 14:30:00+00:00,0.005836460369482477
2013-02-26 14:30:00+00:00,0.0031025609205776908
2013-02-27 14:30:00+00:00,-7.761143847996302e-05
2013-02-28 14:30:00+00:00,-0.0003624952162176841
2013-03-01 14:30:00+00:00,-0.005368639750287019
2013-03-04 14:30:00+00:00,-0.003343177462046276
2013-03-05 14:30:00+00:00,0.005666712867785184
2013-03-06 14:30:00+00:00,0.0027473343552901655
2013-03-07 14:30:00+00:00,0.0005609677768358857
2013-03-08 14:30:00+00:00,0.004157310097010691
2013-03-11 13:30:00+00:00,-0.0021435790966021326
2013-03-12 13:30:00+00:00,-0.0025655209837226575
2013-03-13 13:30:00+00:00,0.00012205417353804435
2013-03-14 13:30:00+00:00,0.0023282253130676336
2013-03-15 13:30:00+00:00,0.00036948824582582206
2013-03-18 13:30:00+00:00,-0.01036758633085445
2013-03-19 13:30:00+00:00,0.0027137790868965064
2013-03-20 13:30:00+00:00,0.0069638300960941256
2013-03-21 13:30:00+00:00,-0.008095851502142436
2013-03-22 13:30:00+00:00,0.003840902000565183
2013-03-25 13:30:00+00:00,0.003243635641371412
2013-03-26 13:30:00+00:00,0.004428143332194645
2013-03-27 13:30:00+00:00,-0.006777972142351108
2013-03-28 13:30:00+00:00,0.00014567600485392306
2013-04-01 13:30:00+00:00,0.00023966533475426886
2013-04-02 13:30:00+00:00,0.004030727092384267
2013-04-03 13:30:00+00:00,0.0006741578155322503
2013-04-04 13:30:00+00:00,5.845701551930879e-05
2013-04-05 13:30:00+00:00,-0.0159078440106596
2013-04-08 13:30:00+00:00,0.0009268222742477739
2013-04-09 13:30:00+00:00,0.0022462048549149907
2013-04-10 13:30:00+00:00,0.00243252175814489
2013-04-11 13:30:00+00:00,-0.0024231214222079187
2013-04-12 13:30:00+00:00,-0.0024544372812781543
2013-04-15 13:30:00+00:00,-0.005371665216249222
2013-04-16 13:30:00+00:00,0.006913874957560784
2013-04-17 13:30:00+00:00,-0.008793139446499964
2013-04-18 13:30:00+00:00,0.002262199085684802
2013-04-19 13:30:00+00:00,0.0008348150043204661
2013-04-22 13:30:00+00:00,0.003437002907853859
2013-04-23 13:30:00+00:00,0.00585320923112852
2013-04-24 13:30:00+00:00,-0.0022778520422702783
2013-04-25 13:30:00+00:00,0.003010475530831325
2013-04-26 13:30:00+00:00,-0.001899373825626227
2013-04-29 13:30:00+00:00,0.003269677547744976
2013-04-30 13:30:00+00:00,0.00021146751177546506
2013-05-01 13:30:00+00:00,-0.0011333909215910487
2013-05-02 13:30:00+00:00,0.002027839697316114
2013-05-03 13:30:00+00:00,0.009116790249050311
2013-05-06 13:30:00+00:00,0.00099517628175948
2013-05-07 13:30:00+00:00,0.0016300822695709428
2013-05-08 13:30:00+00:00,-0.0006122696008710293
2013-05-09 13:30:00+00:00,-0.0013686011069217296
2013-05-10 13:30:00+00:00,0.0015632101495563933
2013-05-13 13:30:00+00:00,-0.002151472297415979
2013-05-14 13:30:00+00:00,0.0001704240823259152
2013-05-15 13:30:00+00:00,-0.002104321980115242
2013-05-16 13:30:00+00:00,0.000343537849735165
2013-05-17 13:30:00+00:00,0.005143481526880034
2013-05-20 13:30:00+00:00,-0.002532147128120343
2013-05-21 13:30:00+00:00,-0.00037741745783249615
2013-05-22 13:30:00+00:00,0.00028829715593591275
2013-05-23 13:30:00+00:00,-0.010849857056522538
2013-05-24 13:30:00+00:00,-0.006210820037905973
2013-05-28 13:30:00+00:00,0.011105100391801893
2013-05-29 13:30:00+00:00,-0.005035658972717083
2013-05-30 13:30:00+00:00,0.0015409253224785036
2013-05-31 13:30:00+00:00,-0.0038464777996925045
2013-06-03 13:30:00+00:00,0.0013034213216194135
2013-06-04 13:30:00+00:00,0.00037611143628412123
2013-06-05 13:30:00+00:00,-0.0037020248324361013
2013-06-06 13:30:00+00:00,0.0007613696559875982
2013-06-07 13:30:00+00:00,0.003927405810618889
2013-06-10 13:30:00+00:00,0.001762078793519295
2013-06-11 13:30:00+00:00,-0.0107944046770151
2013-06-12 13:30:00+00:00,0.00606533313178591
2013-06-13 13:30:00+00:00,-0.0006557804795622845
2013-06-14 13:30:00+00:00,-0.00098526271072642
2013-06-17 13:30:00+00:00,0.007614166440013548
2013-06-18 13:30:00+00:00,0.001105098414956085
2013-06-19 13:30:00+00:00,0.00030496363705577743
2013-06-20 13:30:00+00:00,-0.011153688177707021
2013-06-21 13:30:00+00:00,0.0008422006862065401
2013-06-24 13:30:00+00:00,-0.00929506059647035
2013-06-25 13:30:00+00:00,0.008882906936146007
2013-06-26 13:30:00+00:00,0.008206742302189197
2013-06-27 13:30:00+00:00,0.005696443516474792
2013-06-28 13:30:00+00:00,-0.0037921149597972656
2013-07-01 13:30:00+00:00,0.007901169608095272
2013-07-02 13:30:00+00:00,-0.0012064375901312929
2013-07-03 13:30:00+00:00,-0.003924163565548267
2013-07-05 13:30:00+00:00,0.007104540259840408
2013-07-08 13:30:00+00:00,0.004047341269785665
2013-07-09 13:30:00+00:00,0.0046118285560237
2013-07-10 13:30:00+00:00,-0.0007135110801591682
2013-07-11 13:30:00+00:00,0.010417623806838295
2013-07-12 13:30:00+00:00,0.0002577199450599533
2013-07-15 13:30:00+00:00,0.00018055202765120414
2013-07-16 13:30:00+00:00,0.0008729783797396418
2013-07-17 13:30:00+00:00,0.002576082482284237
2013-07-18 13:30:00+00:00,-9.168163521479081e-05
2013-07-19 13:30:00+00:00,-0.008235654591938545
2013-07-22 13:30:00+00:00,0.0033173194406665887
2013-07-23 13:30:00+00:00,0.0016526042406568187
2013-07-24 13:30:00+00:00,0.007161254415719786
2013-07-25 13:30:00+00:00,0.002654459440233559
2013-07-26 13:30:00+00:00,-0.005741823060802742
2013-07-29 13:30:00+00:00,-0.0025548797348127314
2013-07-30 13:30:00+00:00,0.003573159487635358
2013-07-31 13:30:00+00:00,0.0029941612945494247
2013-08-01 13:30:00+00:00,0.007568774436817127
2013-08-02 13:30:00+00:00,-0.001359578431771713
2013-08-05 13:30:00+00:00,-0.0019755920985199513
2013-08-06 13:30:00+00:00,-0.0021471597757102387
2013-08-07 13:30:00+00:00,-0.0020750257642460188
2013-08-08 13:30:00+00:00,0.004880815904508828
2013-08-09 13:30:00+00:00,-0.0014218694131953424
2013-08-12 13:30:00+00:00,-0.00401520410709556
2013-08-13 13:30:00+00:00,0.0013769046138882746
2013-08-14 13:30:00+00:00,-0.00022755553370358274
2013-08-15 13:30:00+00:00,-0.012066933988407979
2013-08-16 13:30:00+00:00,-0.0007489212268531164
2013-08-19 13:30:00+00:00,-0.00034984775008607406
2013-08-20 13:30:00+00:00,0.002039799072343296
2013-08-21 13:30:00+00:00,-0.0028424682957841727
2013-08-22 13:30:00+00:00,0.0038863029120892348
2013-08-23 13:30:00+00:00,0.005533864809251765
2013-08-26 13:30:00+00:00,0.0009990296021147205
2013-08-27 13:30:00+00:00,-0.011449067547527402
2013-08-28 13:30:00+00:00,6.489718861545377e-05
2013-08-29 13:30:00+00:00,-0.0018476808900338537
2013-08-30 13:30:00+00:00,0.0002563348465875915
2013-09-03 13:30:00+00:00,0.009028401396398811
2013-09-04 13:30:00+00:00,0.0016826284084794252
2013-09-05 13:30:00+00:00,0.0008317251406819604
2013-09-06 13:30:00+00:00,0.003737355334312953
2013-09-09 13:30:00+00:00,0.004028433359897432
2013-09-10 13:30:00+00:00,0.004888961835479477
2013-09-11 13:30:00+00:00,-0.004988678626896126
2013-09-12 13:30:00+00:00,-0.00022885347086089015
2013-09-13 13:30:00+00:00,0.0018645069485703103
2013-09-16 13:30:00+00:00,0.008717431978606294
2013-09-17 13:30:00+00:00,0.001906525476162313
2013-09-18 13:30:00+00:00,0.0013924014105497374
2013-09-19 13:30:00+00:00,0.00282312664729133
2013-09-20 13:30:00+00:00,0.0017209170623595394
2013-09-23 13:30:00+00:00,0.003108204953608629
2013-09-24 13:30:00+00:00,0.0015758492780866163
2013-09-25 13:30:00+00:00,0.0010517515798116217
2013-09-26 13:30:00+00:00,0.0035823942878456696
2013-09-27 13:30:00+00:00,-0.0052591816654508185
2013-09-30 13:30:00+00:00,-0.011732670176294212
2013-10-01 13:30:00+00:00,0.0006158863856779884
2013-10-02 13:30:00+00:00,-0.006613882517482861
2013-10-03 13:30:00+00:00,-0.0014420944480729835
2013-10-04 13:30:00+00:00,6.488031427554782e-07
2013-10-07 13:30:00+00:00,-0.008270207451086652
2013-10-08 13:30:00+00:00,0.00038803779667228043
2013-10-09 13:30:00+00:00,0.0017377134858513777
2013-10-10 13:30:00+00:00,0.01180937154457794
2013-10-11 13:30:00+00:00,-0.0021022679776308115
2013-10-14 13:30:00+00:00,-0.006529578598332375
2013-10-15 13:30:00+00:00,-0.0012952094102488653
2013-10-16 13:30:00+00:00,0.005432402439726747
2013-10-17 13:30:00+00:00,-0.00441830617554474
2013-10-18 13:30:00+00:00,0.007720096512381358
2013-10-21 13:30:00+00:00,0.0020382918401928743
2013-10-22 13:30:00+00:00,0.0038514776702929135
2013-10-23 13:30:00+00:00,-0.00576729162321511
2013-10-24 13:30:00+00:00,0.001062006051354636
2013-10-25 13:30:00+00:00,0.006777143009826669
2013-10-28 13:30:00+00:00,-0.00030288505394661093
2013-10-29 13:30:00+00:00,0.003506532145072672
2013-10-30 13:30:00+00:00,0.0024452805754107024
2013-10-31 13:30:00+00:00,-0.0016977197260590437
2013-11-01 13:30:00+00:00,0.0031502379924375104
2013-11-04 14:30:00+00:00,0.002592491277135112
2013-11-05 14:30:00+00:00,-0.0030289382535262474
2013-11-06 14:30:00+00:00,0.003026969964121873
2013-11-07 14:30:00+00:00,0.0008817285239668294
2013-11-08 14:30:00+00:00,0.0035060984742420922
2013-11-11 14:30:00+00:00,-0.001526323006938346
2013-11-12 14:30:00+00:00,-0.0031537275169941756
2013-11-13 14:30:00+00:00,-0.005339912924719925
2013-11-14 14:30:00+00:00,-0.0023972950343704833
2013-11-15 14:30:00+00:00,0.0012919937651265534
2013-11-18 14:30:00+00:00,0.0009261210999298331
2013-11-19 14:30:00+00:00,-0.0008824849488955455
2013-11-20 14:30:00+00:00,0.0022985276859024298
2013-11-21 14:30:00+00:00,0.004194549420658988
2013-11-22 14:30:00+00:00,0.0019533681345289436
2013-11-25 14:30:00+00:00,0.0030867060375914137
2013-11-26 14:30:00+00:00,0.00043319450555400217
2013-11-27 14:30:00+00:00,0.0021823525294006776
2013-11-29 14:30:00+00:00,0.002968153064929913
2013-12-02 14:30:00+00:00,0.0013212256203791628
2013-12-03 14:30:00+00:00,-0.0016499670023962909
2013-12-04 14:30:00+00:00,-0.004278607265161172
2013-12-05 14:30:00+00:00,-0.00010247889193283335
2013-12-06 14:30:00+00:00,0.008997108789757558
2013-12-09 14:30:00+00:00,0.002664289262516817
2013-12-10 14:30:00+00:00,-0.001962999231950879
2013-12-11 14:30:00+00:00,0.00019058848647900427
2013-12-12 14:30:00+00:00,0.00013476173756864505
2013-12-13 14:30:00+00:00,0.004184245541093634
2013-12-16 14:30:00+00:00,0.004496408082150782
2013-12-17 14:30:00+00:00,-0.00025886177898294384
2013-12-18 14:30:00+00:00,0.00014604100007818986
2013-12-19 14:30:00+00:00,-0.0027338605693275728
2013-12-20 14:30:00+00:00,0.001563323635625602
2013-12-23 14:30:00+00:00,0.007552047675443807
2013-12-24 14:30:00+00:00,0.0003194447723400163
2013-12-26 14:30:00+00:00,0.002015319083933587
2013-12-27 14:30:00+00:00,0.001382942238954621
2013-12-30 14:30:00+00:00,-0.0008240949283282561
2013-12-31 14:30:00+00:00,0.0016595614002301474
2014-01-02 14:30:00+00:00,-0.004064971235691506
2014-01-03 14:30:00+00:00,0.0012251609574393974
2014-01-06 14:30:00+00:00,0.0011390465214995316
2014-01-07 14:30:00+00:00,0.003519544495743865
2014-01-08 14:30:00+00:00,0.00016476322443524936
2014-01-09 14:30:00+00:00,0.003124059914883837
2014-01-10 14:30:00+00:00,0.002967713501968994
2014-01-13 14:30:00+00:00,-0.0018390035046744857
2014-01-14 14:30:00+00:00,0.003862826378513418
2014-01-15 14:30:00+00:00,0.0031296679341530245
2014-01-16 14:30:00+00:00,-0.0013550865527798383
2014-01-17 14:30:00+00:00,-0.002676657051946429
2014-01-21 14:30:00+00:00,0.005951082259542317
2014-01-22 14:30:00+00:00,0.0019872725827316698
2014-01-23 14:30:00+00:00,-0.004493150299021875
2014-01-24 14:30:00+00:00,-0.00576730237240376
2014-01-27 14:30:00+00:00,0.0008811352355646452
2014-01-28 14:30:00+00:00,-0.003956881432283355
2014-01-29 14:30:00+00:00,-0.009214255354286226
2014-01-30 14:30:00+00:00,0.011594667747576882
2014-01-31 14:30:00+00:00,-0.013318113799224773
2014-02-03 14:30:00+00:00,0.0001875756150155784
2014-02-04 14:30:00+00:00,0.005524269617021005
2014-02-05 14:30:00+00:00,-0.004073692169117027
2014-02-06 14:30:00+00:00,0.002669468944927134
2014-02-07 14:30:00+00:00,0.005988050256938926
2014-02-10 14:30:00+00:00,-0.0002792950120127479
2014-02-11 14:30:00+00:00,0.0014646018599129174
2014-02-12 14:30:00+00:00,0.0012839713768761807
2014-02-13 14:30:00+00:00,-0.0071716281573670606
2014-02-14 14:30:00+00:00,-0.0009654108767270908
2014-02-18 14:30:00+00:00,0.002183198797756958
2014-02-19 14:30:00+00:00,-0.002917732573786258
2014-02-20 14:30:00+00:00,0.0007281752883463333
2014-02-21 14:30:00+00:00,0.0033258808582483537
2014-02-24 14:30:00+00:00,0.0022243524797216255
2014-02-25 14:30:00+00:00,0.0011834390525116035
2014-02-26 14:30:00+00:00,0.0028994360540914757
2014-02-27 14:30:00+00:00,-0.00023742672328620475
2014-02-28 14:30:00+00:00,0.0009627270095122654
2014-03-03 14:30:00+00:00,-0.010940040212942714
2014-03-04 14:30:00+00:00,0.011718272105535322
2014-03-05 14:30:00+00:00,8.142375574092817e-05
2014-03-06 14:30:00+00:00,0.0023873606783906156
2014-03-07 14:30:00+00:00,0.004231235088064211
2014-03-10 13:30:00+00:00,-0.0009302386589883471
2014-03-11 13:30:00+00:00,0.0018564143286086022
2014-03-12 13:30:00+00:00,-0.0044160027774235
2014-03-13 13:30:00+00:00,0.0033532842115249098
2014-03-14 13:30:00+00:00,-0.002440080730378391
2014-03-17 13:30:00+00:00,0.006688597814799235
2014-03-18 13:30:00+00:00,0.001364974881744352
2014-03-19 13:30:00+00:00,-0.0005269479061580484
2014-03-20 13:30:00+00:00,-0.0023309088734766556
2014-03-21 13:30:00+00:00,0.00467158586130133
2014-03-24 13:30:00+00:00,0.00286956249815894
2014-03-25 13:30:00+00:00,0.006113284807016661
2014-03-26 13:30:00+00:00,0.004791034544791006
2014-03-27 13:30:00+00:00,-0.0011135136716127314
2014-03-28 13:30:00+00:00,0.0027787119404911634
2014-03-31 13:30:00+00:00,0.007087642903368818
2014-04-01 13:30:00+00:00,0.004872596183141053
2014-04-02 13:30:00+00:00,0.003079404151449905
2014-04-03 13:30:00+00:00,0.0012376051444420333
2014-04-04 13:30:00+00:00,0.006082471218676211
2014-04-07 13:30:00+00:00,-0.004172470503955095
2014-04-08 13:30:00+00:00,0.0012309471513267556
2014-04-09 13:30:00+00:00,0.003945632858165282
2014-04-10 13:30:00+00:00,-0.000742926807293609
2014-04-11 13:30:00+00:00,-0.009729743156464698
2014-04-14 13:30:00+00:00,0.009483166441777591
2014-04-15 13:30:00+00:00,0.002370968817143149
2014-04-16 13:30:00+00:00,0.007995900252234279
2014-04-17 13:30:00+00:00,-0.0015511987012402195
2014-04-21 13:30:00+00:00,0.0023050908332216016
2014-04-22 13:30:00+00:00,0.0024500732501877456
2014-04-23 13:30:00+00:00,-0.00023458223772599975
2014-04-24 13:30:00+00:00,0.01144349218856754
2014-04-25 13:30:00+00:00,-0.005687702158713737
2014-04-28 13:30:00+00:00,0.0038871820722492403
2014-04-29 13:30:00+00:00,0.0036085479540639456
2014-04-30 13:30:00+00:00,-0.004571772538240493
2014-05-01 13:30:00+00:00,0.001525919007374188
2014-05-02 13:30:00+00:00,0.0026086183893136885
2014-05-05 13:30:00+00:00,-0.0060773279971564455
2014-05-06 13:30:00+00:00,-0.002477888095066449
2014-05-07 13:30:00+00:00,0.0010590930261595744
2014-05-08 13:30:00+00:00,-0.0036376254353234325
2014-05-09 13:30:00+00:00,-0.0020894011091571294
2014-05-12 13:30:00+00:00,0.005049960607685022
2014-05-13 13:30:00+00:00,0.0001509831646855254
2014-05-14 13:30:00+00:00,-0.002058719351267568
2014-05-15 13:30:00+00:00,-0.0010998702085831646
2014-05-16 13:30:00+00:00,0.00016050209829575622
2014-05-19 13:30:00+00:00,-0.0026081979727076263
2014-05-20 13:30:00+00:00,-0.0012392175707919395
2014-05-21 13:30:00+00:00,0.0021138314467994304
2014-05-22 13:30:00+00:00,0.0010012369829368484
2014-05-23 13:30:00+00:00,0.001209459892751441
2014-05-27 13:30:00+00:00,0.004828528175841551
2014-05-28 13:30:00+00:00,-0.000597953389672734
2014-05-29 13:30:00+00:00,0.0029673882382961095
2014-05-30 13:30:00+00:00,0.000733352299282275
2014-06-02 13:30:00+00:00,0.0011586193442980508
2014-06-03 13:30:00+00:00,-0.0036778711298020125
2014-06-04 13:30:00+00:00,-0.002903470167894506
2014-06-05 13:30:00+00:00,0.0016593164586415799
2014-06-06 13:30:00+00:00,0.0037475093818060026
2014-06-09 13:30:00+00:00,0.0005826943534894436
2014-06-10 13:30:00+00:00,-0.001723535293706957
2014-06-11 13:30:00+00:00,-0.0035762743487782853
2014-06-12 13:30:00+00:00,-0.00213611603652154
2014-06-13 13:30:00+00:00,0.004013936347091673
2014-06-16 13:30:00+00:00,-0.00165886623008894
2014-06-17 13:30:00+00:00,-0.0012780176150075761
2014-06-18 13:30:00+00:00,0.0008107645502517414
2014-06-19 13:30:00+00:00,0.0015732892405408872
2014-06-20 13:30:00+00:00,0.0012855429513833783
2014-06-23 13:30:00+00:00,0.00011060289438135093
2014-06-24 13:30:00+00:00,-0.0002786062165469726
2014-06-25 13:30:00+00:00,-0.002060824587909804
2014-06-26 13:30:00+00:00,-0.00017302323320568237
2014-06-27 13:30:00+00:00,-0.0017556103089394592
2014-06-30 13:30:00+00:00,3.3740570104607496e-08
2014-07-01 13:30:00+00:00,0.003649797988536363
2014-07-02 13:30:00+00:00,-0.0002771924416144044
2014-07-03 13:30:00+00:00,0.0033008691231688372
2014-07-07 13:30:00+00:00,-0.0019256952483268752
2014-07-08 13:30:00+00:00,-0.002045324054132058
2014-07-09 13:30:00+00:00,0.0025346190837818197
2014-07-10 13:30:00+00:00,-0.015259378721268601
2014-07-11 13:30:00+00:00,0.001003136608785693
2014-07-14 13:30:00+00:00,0.005765691229960612
2014-07-15 13:30:00+00:00,0.0009112184104209553
2014-07-16 13:30:00+00:00,0.006643015049475609
2014-07-17 13:30:00+00:00,-0.003364865015141116
2014-07-18 13:30:00+00:00,0.003679061374749704
2014-07-21 13:30:00+00:00,-0.002570518207306038
2014-07-22 13:30:00+00:00,0.004474263837172854
2014-07-23 13:30:00+00:00,0.0026244349588957386
2014-07-24 13:30:00+00:00,0.0016680371109887183
2014-07-25 13:30:00+00:00,-0.005477731187903856
2014-07-28 13:30:00+00:00,0.00025060962729049906
2014-07-29 13:30:00+00:00,0.0024106622128365787
2014-07-30 13:30:00+00:00,0.0056937166502723955
2014-07-31 13:30:00+00:00,-0.009423503594467319
2014-08-01 13:30:00+00:00,-0.0015600042528518653
2014-08-04 13:30:00+00:00,0.002882093639961381
2014-08-05 13:30:00+00:00,-0.004502549417717783
2014-08-06 13:30:00+00:00,-0.006201777126462871
2014-08-07 13:30:00+00:00,0.004079101532411966
2014-08-08 13:30:00+00:00,0.0012632545728952116
2014-08-11 13:30:00+00:00,0.0036703861531839246
2014-08-12 13:30:00+00:00,-0.0016086659261825953
2014-08-13 13:30:00+00:00,0.004142209303981337
2014-08-14 13:30:00+00:00,0.0008020935574091115
2014-08-15 13:30:00+00:00,0.005882514421457363
2014-08-18 13:30:00+00:00,0.005633484817715073
2014-08-19 13:30:00+00:00,0.001219720017905368
2014-08-20 13:30:00+00:00,-0.002255658657900794
2014-08-21 13:30:00+00:00,-4.692688887698573e-05
2014-08-22 13:30:00+00:00,0.0005111999893123609
2014-08-25 13:30:00+00:00,0.005445914717131284
2014-08-26 13:30:00+00:00,0.0013174818258581023
2014-08-27 13:30:00+00:00,0.0007116939480087292
2014-08-28 13:30:00+00:00,-0.00383560866379119
2014-08-29 13:30:00+00:00,0.0029847948987429154
2014-09-02 13:30:00+00:00,0.002552660714748345
2014-09-03 13:30:00+00:00,0.0024988911864840427
2014-09-04 13:30:00+00:00,0.0018595064521154004
2014-09-05 13:30:00+00:00,-0.00046388660865172006
2014-09-08 13:30:00+00:00,-0.0009378633249301882
2014-09-09 13:30:00+00:00,-0.000853428226019981
2014-09-10 13:30:00+00:00,0.00030855553255414457
2014-09-11 13:30:00+00:00,-0.004216385131232803
2014-09-12 13:30:00+00:00,-0.0007620567975825776
2014-09-15 13:30:00+00:00,-0.00013281862259063572
2014-09-16 13:30:00+00:00,-0.0038155147105143447
2014-09-17 13:30:00+00:00,0.00016361929341445212
2014-09-18 13:30:00+00:00,0.002870129070201111
2014-09-19 13:30:00+00:00,0.0026647545614624127
2014-09-22 13:30:00+00:00,-0.0025760619271361193
2014-09-23 13:30:00+00:00,-0.0037155561443802496
2014-09-24 13:30:00+00:00,0.001281771767345441
2014-09-25 13:30:00+00:00,-0.003261294063912523
2014-09-26 13:30:00+00:00,0.0020783131961157222
2014-09-29 13:30:00+00:00,-0.010372195598619804
2014-09-30 13:30:00+00:00,0.0014069385166701643
2014-10-01 13:30:00+00:00,-0.001600033197634143
2014-10-02 13:30:00+00:00,-0.0002899201010551188
2014-10-03 13:30:00+00:00,0.0059064697097448325
2014-10-06 13:30:00+00:00,0.003649153126694438
2014-10-07 13:30:00+00:00,-0.0047892451632774
2014-10-08 13:30:00+00:00,1.4019879989601942e-05
2014-10-09 13:30:00+00:00,-0.002404934005501913
2014-10-10 13:30:00+00:00,-0.005515285652470625
2014-10-13 13:30:00+00:00,-0.0004110391493695852
2014-10-14 13:30:00+00:00,0.007629580225030785
2014-10-15 13:30:00+00:00,-0.017385755143322756
2014-10-16 13:30:00+00:00,-0.019569418132219806
2014-10-17 13:30:00+00:00,0.013581377619985114
2014-10-20 13:30:00+00:00,-0.0011050124494268565
2014-10-21 13:30:00+00:00,0.009885959312892146
2014-10-22 13:30:00+00:00,0.0020903427154394974
2014-10-23 13:30:00+00:00,0.010073709516974939
2014-10-24 13:30:00+00:00,0.0013979196900117841
2014-10-27 13:30:00+00:00,-0.003378571054418977
2014-10-28 13:30:00+00:00,0.004313756770980548
2014-10-29 13:30:00+00:00,-0.002930653127743332
2014-10-30 13:30:00+00:00,-0.0038654466549380537
2014-10-31 13:30:00+00:00,0.015955148637297512
2014-11-03 14:30:00+00:00,0.0005413070939403908
2014-11-04 14:30:00+00:00,-0.0033637270843350883
2014-11-05 14:30:00+00:00,0.005486524331742337
2014-11-06 14:30:00+00:00,-0.0009527739192781825
2014-11-07 14:30:00+00:00,-0.00044064638810082925
2014-11-10 14:30:00+00:00,0.00045483992962890306
2014-11-11 14:30:00+00:00,-0.0006224364243052726
2014-11-12 14:30:00+00:00,-0.0035180818573243952
2014-11-13 14:30:00+00:00,0.0012732041580054588
2014-11-14 14:30:00+00:00,-0.00016197230297111388
2014-11-17 14:30:00+00:00,-0.0022542095347594213
2014-11-18 14:30:00+00:00,0.0007220603189894593
2014-11-19 14:30:00+00:00,-0.0017289748184873388
2014-11-20 14:30:00+00:00,-0.0044864495010053075
2014-11-21 14:30:00+00:00,0.010351085889819023
2014-11-24 14:30:00+00:00,0.0024885389627173795
2014-11-25 14:30:00+00:00,0.0014773235099760807
2014-11-26 14:30:00+00:00,0.0003161152669048818
2014-11-28 14:30:00+00:00,0.0019429538440323025
2014-12-01 14:30:00+00:00,-0.0030008714537006595
2014-12-02 14:30:00+00:00,0.0010888514858009457
2014-12-03 14:30:00+00:00,0.0010564801647327982
2014-12-04 14:30:00+00:00,-0.0006173798835460542
2014-12-05 14:30:00+00:00,0.0013970597819594644
2014-12-08 14:30:00+00:00,-0.002400889511138604
2014-12-09 14:30:00+00:00,-0.011804993741330826
2014-12-10 14:30:00+00:00,-0.002628137683777576
2014-12-11 14:30:00+00:00,0.0043043114091054656
2014-12-12 14:30:00+00:00,-0.00919273626491236
2014-12-15 14:30:00+00:00,0.0055020766012705445
2014-12-16 14:30:00+00:00,-0.007129096945427194
2014-12-17 14:30:00+00:00,0.0018943190627054185
2014-12-18 14:30:00+00:00,0.01455881417607462
2014-12-19 14:30:00+00:00,0.0007845496164775479
2014-12-22 14:30:00+00:00,-0.0014303962970226957
2014-12-23 14:30:00+00:00,0.0033738348759664197
2014-12-24 14:30:00+00:00,0.0008863129355975885
2014-12-26 14:30:00+00:00,0.002956443864388303
2014-12-29 14:30:00+00:00,-0.0012650220342448448
2014-12-30 14:30:00+00:00,-0.0028669110793462346
2014-12-31 14:30:00+00:00,0.0026399284785456503
2015-01-02 14:30:00+00:00,0.005007722824949423
2015-01-05 14:30:00+00:00,-0.005700016610700198
2015-01-06 14:30:00+00:00,0.002969330279185545
2015-01-07 14:30:00+00:00,0.007324676257493656
2015-01-08 14:30:00+00:00,0.00830126318711687
2015-01-09 14:30:00+00:00,0.0016482984297376713
2015-01-12 14:30:00+00:00,0.0020258187853665513
2015-01-13 14:30:00+00:00,0.009339016317458471
2015-01-14 14:30:00+00:00,-0.010984958570202773
2015-01-15 14:30:00+00:00,0.0038100854017548594
2015-01-16 14:30:00+00:00,-0.0010713665331380073
2015-01-20 14:30:00+00:00,0.004530600313342503
2015-01-21 14:30:00+00:00,-0.0028712820119052404
2015-01-22 14:30:00+00:00,0.004937098504049986
2015-01-23 14:30:00+00:00,-0.0005652157677103031
2015-01-26 14:30:00+00:00,-0.0012601847182377556
2015-01-27 14:30:00+00:00,-0.015509364420637228
2015-01-28 14:30:00+00:00,0.012543371014898986
2015-01-29 14:30:00+00:00,-0.0005873347704568154
2015-01-30 14:30:00+00:00,-0.0027049811794123244
2015-02-02 14:30:00+00:00,0.0032137146090813642
2015-02-03 14:30:00+00:00,0.003440978512843296
2015-02-04 14:30:00+00:00,-0.0060077221667493965
2015-02-05 14:30:00+00:00,0.0026455014088280107
2015-02-06 14:30:00+00:00,0.0006848200493394408
2015-02-09 14:30:00+00:00,-0.004456698908283163
2015-02-10 14:30:00+00:00,0.005955873476113138
2015-02-11 14:30:00+00:00,5.247187505829096e-05
2015-02-12 14:30:00+00:00,0.005502768769112698
2015-02-13 14:30:00+00:00,0.0023950783468875583
2015-02-17 14:30:00+00:00,-0.0008866234895113067
2015-02-18 14:30:00+00:00,-0.0018207003793713316
2015-02-19 14:30:00+00:00,-0.0010885328005692085
2015-02-20 14:30:00+00:00,-0.0010991288730496484
2015-02-23 14:30:00+00:00,-0.0006791231712619638
2015-02-24 14:30:00+00:00,-0.0010595409164132596
2015-02-25 14:30:00+00:00,-0.0016620101211729632
2015-02-26 14:30:00+00:00,0.00032879458881284195
2015-02-27 14:30:00+00:00,-0.0006734592150382634
2015-03-02 14:30:00+00:00,0.0018946270201918192
2015-03-03 14:30:00+00:00,-0.0035743519507314245
2015-03-04 14:30:00+00:00,-0.003846996593238294
2015-03-05 14:30:00+00:00,0.0024789605771444625
2015-03-06 14:30:00+00:00,-0.003224707551695027
2015-03-09 13:30:00+00:00,0.001667669310474229
2015-03-10 13:30:00+00:00,-0.008786028821836333
2015-03-11 13:30:00+00:00,0.001371236881898097
2015-03-12 13:30:00+00:00,0.0007330080601635092
2015-03-13 13:30:00+00:00,-0.0016838014787867838
2015-03-16 13:30:00+00:00,0.005136353008670535
2015-03-17 13:30:00+00:00,-0.0035201906645604517
2015-03-18 13:30:00+00:00,-0.0022468855819459785
2015-03-19 13:30:00+00:00,-0.000262569981526417
2015-03-20 13:30:00+00:00,0.00813061004886938
2015-03-23 13:30:00+00:00,-0.0012578467993536013
2015-03-24 13:30:00+00:00,-0.00027364245848483505
2015-03-25 13:30:00+00:00,0.001521728839781955
2015-03-26 13:30:00+00:00,-0.008468684724003871
2015-03-27 13:30:00+00:00,-2.1788412857948108e-05
2015-03-30 13:30:00+00:00,0.006147841841133805
2015-03-31 13:30:00+00:00,-0.004451702175515504
2015-04-01 13:30:00+00:00,-0.0014303773377747464
2015-04-02 13:30:00+00:00,0.0009614614069381911
2015-04-06 13:30:00+00:00,-0.00644343789194991
2015-04-07 13:30:00+00:00,-6.335894599286398e-05
2015-04-08 13:30:00+00:00,0.000698317368146062
2015-04-09 13:30:00+00:00,-9.595631997117984e-05
2015-04-10 13:30:00+00:00,0.0003964713529256315
2015-04-13 13:30:00+00:00,0.0010148611965068333
2015-04-14 13:30:00+00:00,1.4233291986121083e-05
2015-04-15 13:30:00+00:00,0.0029800049835728595
2015-04-16 13:30:00+00:00,-0.0024269027472555546
2015-04-17 13:30:00+00:00,-0.00842306775166891
2015-04-20 13:30:00+00:00,0.005224569542016766
2015-04-21 13:30:00+00:00,0.005778321128257591
2015-04-22 13:30:00+00:00,0.002386932115361773
2015-04-23 13:30:00+00:00,-0.0030690571049652
2015-04-24 13:30:00+00:00,0.007866635025979719
2015-04-27 13:30:00+00:00,0.0023115459631128823
2015-04-28 13:30:00+00:00,0.0004947859542512201
2015-04-29 13:30:00+00:00,-0.0054348143140000695
2015-04-30 13:30:00+00:00,-0.005404898762345856
2015-05-01 13:30:00+00:00,0.00493901767860726
2015-05-04 13:30:00+00:00,0.002489200958068805
2015-05-05 13:30:00+00:00,-0.0034347046665134215
2015-05-06 13:30:00+00:00,0.003416694959186495
2015-05-07 13:30:00+00:00,-0.00048420223150925636
2015-05-08 13:30:00+00:00,0.009219476414296091
2015-05-11 13:30:00+00:00,-0.00015796665843682546
2015-05-12 13:30:00+00:00,-0.005532963544620973
2015-05-13 13:30:00+00:00,0.0029605705666544305
2015-05-14 13:30:00+00:00,0.006923767995710139
2015-05-15 13:30:00+00:00,0.0015532228516561442
2015-05-18 13:30:00+00:00,-0.0015599234850755094
2015-05-19 13:30:00+00:00,0.0002938217293253388
2015-05-20 13:30:00+00:00,0.0003753731934783456
2015-05-21 13:30:00+00:00,-0.0012436494577220513
2015-05-22 13:30:00+00:00,-0.0011607199083669805
2015-05-26 13:30:00+00:00,-0.002546222583133095
2015-05-27 13:30:00+00:00,0.002902307541850824
2015-05-28 13:30:00+00:00,-0.0021072103524321204
2015-05-29 13:30:00+00:00,-0.001057218904584889
2015-06-01 13:30:00+00:00,0.004813216944588905
2015-06-02 13:30:00+00:00,-0.003928492673423112
2015-06-03 13:30:00+00:00,0.004225790276215269
2015-06-04 13:30:00+00:00,-0.004220183970025338
2015-06-05 13:30:00+00:00,-0.0005111541289429921
2015-06-08 13:30:00+00:00,-0.00045712200701987217
2015-06-09 13:30:00+00:00,-0.001792677516734742
2015-06-10 13:30:00+00:00,0.0029994099765826457
2015-06-11 13:30:00+00:00,0.0021790094239131255
2015-06-12 13:30:00+00:00,-0.004481601271210012
2015-06-15 13:30:00+00:00,-0.007882474675564254
2015-06-16 13:30:00+00:00,-0.0013704124370145343
2015-06-17 13:30:00+00:00,0.002299416791919018
2015-06-18 13:30:00+00:00,0.003292020379308525
2015-06-19 13:30:00+00:00,0.0012286363512698962
2015-06-22 13:30:00+00:00,0.005932854638948537
2015-06-23 13:30:00+00:00,0.0013959265607112914
2015-06-24 13:30:00+00:00,-0.0017879475360394026
2015-06-25 13:30:00+00:00,0.003232381378699845
2015-06-26 13:30:00+00:00,0.00010926926249065225
2015-06-29 13:30:00+00:00,-0.011772018640476955
2015-06-30 13:30:00+00:00,0.008305755342691502
2015-07-01 13:30:00+00:00,0.00835814839945902
2015-07-02 13:30:00+00:00,0.002130085702848106
2015-07-06 13:30:00+00:00,-0.009165332977478357
2015-07-07 13:30:00+00:00,0.0002645525066628963
2015-07-08 13:30:00+00:00,-0.008800415973036279
2015-07-09 13:30:00+00:00,0.013422074375934113
2015-07-10 13:30:00+00:00,0.011853586299080277
2015-07-13 13:30:00+00:00,0.007817606633519814
2015-07-14 13:30:00+00:00,0.0010062487941022602
2015-07-15 13:30:00+00:00,0.0011183859781353945
2015-07-16 13:30:00+00:00,0.0075957632029253095
2015-07-17 13:30:00+00:00,0.006277791666938526
2015-07-20 13:30:00+00:00,0.002402819256357425
2015-07-21 13:30:00+00:00,-3.4788049465561604e-05
2015-07-22 13:30:00+00:00,-0.01202183179998929
2015-07-23 13:30:00+00:00,0.0015551506662947357
2015-07-24 13:30:00+00:00,0.003883359152807564
2015-07-27 13:30:00+00:00,-0.00652804874608427
2015-07-28 13:30:00+00:00,0.004594680573085197
2015-07-29 13:30:00+00:00,0.001599655233355024
2015-07-30 13:30:00+00:00,-0.002336067989687118
2015-07-31 13:30:00+00:00,0.0036826522950252796
2015-08-03 13:30:00+00:00,0.0010816942225522097
2015-08-04 13:30:00+00:00,-0.0009640456772038841
2015-08-05 13:30:00+00:00,0.0052314953109964145
2015-08-06 13:30:00+00:00,0.0012015602288184435
2015-08-07 13:30:00+00:00,-0.002566107915252369
2015-08-10 13:30:00+00:00,0.007470114539696693
2015-08-11 13:30:00+00:00,-0.006497673308841112
2015-08-12 13:30:00+00:00,-0.008492253638414115
2015-08-13 13:30:00+00:00,0.0011984334101804329
2015-08-14 13:30:00+00:00,-0.0016178395866571881
2015-08-17 13:30:00+00:00,-0.0032496897704529346
2015-08-18 13:30:00+00:00,-0.001971727138662571
2015-08-19 13:30:00+00:00,-0.004116387897215035
2015-08-20 13:30:00+00:00,-0.009177329790581067
2015-08-21 13:30:00+00:00,-0.01577408475238008
2015-08-24 13:30:00+00:00,-0.07541388871307965
2015-08-25 13:30:00+00:00,0.03547470743579127
2015-08-26 13:30:00+00:00,0.028085910685240013
2015-08-27 13:30:00+00:00,0.01341979229487843
2015-08-28 13:30:00+00:00,-0.004380353028429107
2015-08-31 13:30:00+00:00,-0.006238708601867715
2015-09-01 13:30:00+00:00,-0.02164290630457567
2015-09-02 13:30:00+00:00,0.014636486007558059
2015-09-03 13:30:00+00:00,0.002662141575637811
2015-09-04 13:30:00+00:00,-0.013441058908577174
2015-09-08 13:30:00+00:00,0.01821805291291233
2015-09-09 13:30:00+00:00,0.009114565076851145
2015-09-10 13:30:00+00:00,-0.0014812221336766406
2015-09-11 13:30:00+00:00,-0.005420827632264824
2015-09-14 13:30:00+00:00,0.0018990579326847335
2015-09-15 13:30:00+00:00,0.0027216263931342135
2015-09-16 13:30:00+00:00,-0.00011848439048479645
2015-09-17 13:30:00+00:00,-0.001149318676893729
2015-09-18 13:30:00+00:00,-0.013430792462393325
2015-09-21 13:30:00+00:00,0.005027164046490495
2015-09-22 13:30:00+00:00,-0.013904274957051276
2015-09-23 13:30:00+00:00,0.0015754667507308251
2015-09-24 13:30:00+00:00,-0.007432632531479533
2015-09-25 13:30:00+00:00,0.010023641028999542
2015-09-28 13:30:00+00:00,-0.00467483013042781
2015-09-29 13:30:00+00:00,0.0014558694015322949
2015-09-30 13:30:00+00:00,0.012531396671945572
2015-10-01 13:30:00+00:00,0.0008306613931301388
2015-10-02 13:30:00+00:00,-0.013272496322388815
2015-10-05 13:30:00+00:00,0.0071964537900768176
2015-10-06 13:30:00+00:00,-0.002950688621959474
2015-10-07 13:30:00+00:00,0.005520875876034992
2015-10-08 13:30:00+00:00,-0.003458242609384665
2015-10-09 13:30:00+00:00,0.0012489979901544213
2015-10-12 13:30:00+00:00,0.0018293824005188753
2015-10-13 13:30:00+00:00,-0.006176067141394637
2015-10-14 13:30:00+00:00,0.0008882468055797399
2015-10-15 13:30:00+00:00,0.0033665686330259684
2015-10-16 13:30:00+00:00,0.0003640080449449524
2015-10-19 13:30:00+00:00,-0.002790963106197319
2015-10-20 13:30:00+00:00,-0.0012110444205751913
2015-10-21 13:30:00+00:00,0.0046141786596083255
2015-10-22 13:30:00+00:00,0.0073047426266821145
2015-10-23 13:30:00+00:00,0.021105085774863797
2015-10-26 13:30:00+00:00,-0.0003106693394793302
2015-10-27 13:30:00+00:00,-0.0032203369273361535
2015-10-28 13:30:00+00:00,0.001933732725138737
2015-10-29 13:30:00+00:00,-0.0049374023198412
2015-10-30 13:30:00+00:00,0.0009818789840940645
2015-11-02 14:30:00+00:00,0.002252735437793685
2015-11-03 14:30:00+00:00,-0.0026042848355438794
2015-11-04 14:30:00+00:00,0.0019388667757529344
2015-11-05 14:30:00+00:00,0.00022473084607853587
2015-11-06 14:30:00+00:00,-0.0008216035023955847
2015-11-09 14:30:00+00:00,-0.0036321063754742975
2015-11-10 14:30:00+00:00,-0.005349936416968249
2015-11-11 14:30:00+00:00,0.0028291648143658923
2015-11-12 14:30:00+00:00,-0.004820707986705875
2015-11-13 14:30:00+00:00,-0.004939126340776434
2015-11-16 14:30:00+00:00,-0.0024823117391104097
2015-11-17 14:30:00+00:00,0.0013223438463352167
2015-11-18 14:30:00+00:00,0.003626434721926131
2015-11-19 14:30:00+00:00,0.0005836629943591798
2015-11-20 14:30:00+00:00,0.004496270841122685
2015-11-23 14:30:00+00:00,0.00025265841507836627
2015-11-24 14:30:00+00:00,-0.006336148763062222
2015-11-25 14:30:00+00:00,0.0006956515228138005
2015-11-27 14:30:00+00:00,0.0010317201850951086
2015-11-30 14:30:00+00:00,0.0022520256474498515
2015-12-01 14:30:00+00:00,0.004004828686221529
2015-12-02 14:30:00+00:00,0.0003867367548655466
2015-12-03 14:30:00+00:00,0.0037920718942505596
2015-12-04 14:30:00+00:00,0.0025601114428119745
2015-12-07 14:30:00+00:00,-0.0006464626678639562
2015-12-08 14:30:00+00:00,-0.010153302352192483
2015-12-09 14:30:00+00:00,-0.004225006369002149
2015-12-10 14:30:00+00:00,0.0005828142914274693
2015-12-11 14:30:00+00:00,-0.013062874066973828
2015-12-14 14:30:00+00:00,-0.00027439074830361
2015-12-15 14:30:00+00:00,0.0077711975458498615
2015-12-16 14:30:00+00:00,0.007531105311892483
2015-12-17 14:30:00+00:00,0.003063010893659779
2015-12-18 14:30:00+00:00,-0.004091909594540766
2015-12-21 14:30:00+00:00,0.006897592256181795
2015-12-22 14:30:00+00:00,0.003876770448494982
2015-12-23 14:30:00+00:00,0.004786903522294261
2015-12-24 14:30:00+00:00,-4.85197741644349e-05
2015-12-28 14:30:00+00:00,-0.0033089188173908266
2015-12-29 14:30:00+00:00,0.0049644385268117095
2015-12-30 14:30:00+00:00,-0.0014233839282650318
2015-12-31 14:30:00+00:00,-0.003813109987690477
2016-01-04 14:30:00+00:00,-0.02201956530048822
2016-01-05 14:30:00+00:00,0.0029083071022657394
2016-01-06 14:30:00+00:00,-0.015978875372854483
2016-01-07 14:30:00+00:00,-0.020646898129131574
2016-01-08 14:30:00+00:00,0.006849638341628761
2016-01-11 14:30:00+00:00,0.0063195595570797345
2016-01-12 14:30:00+00:00,0.00928980085915775
2016-01-13 14:30:00+00:00,0.004189466741080661
2016-01-14 14:30:00+00:00,0.004166416782756854
2016-01-15 14:30:00+00:00,-0.032739194542253505
2016-01-19 14:30:00+00:00,0.013185272735263699
2016-01-20 14:30:00+00:00,-0.01612206353420088
2016-01-21 14:30:00+00:00,0.0019149549777184194
2016-01-22 14:30:00+00:00,0.018980709339094116
2016-01-25 14:30:00+00:00,-0.0037135223180229213
2016-01-26 14:30:00+00:00,0.0040053103415782386
2016-01-27 14:30:00+00:00,-0.004215841339030646
2016-01-28 14:30:00+00:00,0.014590608877113932
2016-01-29 14:30:00+00:00,0.0011003665132087615
2016-02-01 14:30:00+00:00,-0.005813185111811736
2016-02-02 14:30:00+00:00,-0.006956631606935948
2016-02-03 14:30:00+00:00,0.005848621911779028
2016-02-04 14:30:00+00:00,-0.0027109295451204327
2016-02-05 14:30:00+00:00,-0.0041092775991630305
2016-02-08 14:30:00+00:00,-0.017316984748052
2016-02-09 14:30:00+00:00,-0.013844939086664742
2016-02-10 14:30:00+00:00,0.011500563688315191
2016-02-11 14:30:00+00:00,-0.015222779612237513
2016-02-12 14:30:00+00:00,0.009380129743269173
2016-02-16 14:30:00+00:00,0.013834361639135418
2016-02-17 14:30:00+00:00,0.007947907471409044
2016-02-18 14:30:00+00:00,0.002996571038111673
2016-02-19 14:30:00+00:00,-0.005196359472767542
2016-02-22 14:30:00+00:00,0.009641494728551237
2016-02-23 14:30:00+00:00,-0.004598318432059279
2016-02-24 14:30:00+00:00,-0.011124540805860571
2016-02-25 14:30:00+00:00,0.002568095555700134
2016-02-26 14:30:00+00:00,0.007088673563400138
2016-02-29 14:30:00+00:00,-0.0012263356288711002
2016-03-01 14:30:00+00:00,0.00825015054610322
2016-03-02 14:30:00+00:00,-0.0013368417024830603
2016-03-03 14:30:00+00:00,-0.0011715690170591819
2016-03-04 14:30:00+00:00,0.0016716379435888107
2016-03-07 14:30:00+00:00,-0.005641663298123445
2016-03-08 14:30:00+00:00,-0.006902906633303296
2016-03-09 14:30:00+00:00,0.003685928111164738
2016-03-10 14:30:00+00:00,0.0034984051193287405
2016-03-11 14:30:00+00:00,0.01067177207118818
2016-03-14 13:30:00+00:00,-0.0032757760800225075
2016-03-15 13:30:00+00:00,-0.004129162344775572
2016-03-16 13:30:00+00:00,-0.002381833843505332
2016-03-17 13:30:00+00:00,-0.0024824871156593595
2016-03-18 13:30:00+00:00,0.0019187786706042931
2016-03-21 13:30:00+00:00,-0.0018390434914617004
2016-03-22 13:30:00+00:00,-0.005354876699815947
2016-03-23 13:30:00+00:00,-0.001715634202755345
2016-03-24 13:30:00+00:00,-0.005447190047739092
2016-03-28 13:30:00+00:00,0.002361506232324329
2016-03-29 13:30:00+00:00,-0.0022482453162576796
2016-03-30 13:30:00+00:00,0.005850506343116446
2016-03-31 13:30:00+00:00,-4.254087269274223e-05
2016-04-01 13:30:00+00:00,-0.005705982200948878
2016-04-04 13:30:00+00:00,-0.0007775971095018818
2016-04-05 13:30:00+00:00,-0.007438792219041657
2016-04-06 13:30:00+00:00,0.00106638806479874
2016-04-07 13:30:00+00:00,-0.00561756438886708
2016-04-08 13:30:00+00:00,0.00724682302022005
2016-04-11 13:30:00+00:00,0.004579786914172368
2016-04-12 13:30:00+00:00,0.0010213477023435114
2016-04-13 13:30:00+00:00,0.006611738978797399
2016-04-14 13:30:00+00:00,-5.9535411252486985e-05
2016-04-15 13:30:00+00:00,-0.0015274596480288171
2016-04-18 13:30:00+00:00,-0.0039192609365228505
2016-04-19 13:30:00+00:00,0.0015693047857965215
2016-04-20 13:30:00+00:00,0.0002360415647835069
2016-04-21 13:30:00+00:00,0.00010012295522797707
2016-04-22 13:30:00+00:00,-0.009734241971933965
2016-04-25 13:30:00+00:00,-0.003106381694033555
2016-04-26 13:30:00+00:00,0.0015381461352019677
2016-04-27 13:30:00+00:00,-0.006830364011416468
2016-04-28 13:30:00+00:00,-0.0012391896813069958
2016-04-29 13:30:00+00:00,4.051991853815191e-06
2016-05-02 13:30:00+00:00,0.0022432666284046723
2016-05-03 13:30:00+00:00,-0.007719984707731953
2016-05-04 13:30:00+00:00,-0.005965869816480185
2016-05-05 13:30:00+00:00,0.0034507962245937554
2016-05-06 13:30:00+00:00,-0.004592164047781744
2016-05-09 13:30:00+00:00,-5.9895484953342764e-05
2016-05-10 13:30:00+00:00,0.0038367092120723425
2016-05-11 13:30:00+00:00,-0.002299655372435938
2016-05-12 13:30:00+00:00,0.0035759377769581826
2016-05-13 13:30:00+00:00,-0.0014214730244694995
2016-05-16 13:30:00+00:00,0.002269742560632382
2016-05-17 13:30:00+00:00,-0.001484131232450403
2016-05-18 13:30:00+00:00,-0.0022100010716709193
2016-05-19 13:30:00+00:00,-0.004691623206031792
2016-05-20 13:30:00+00:00,0.0034883393890185912
2016-05-23 13:30:00+00:00,0.0003213733762254979
2016-05-24 13:30:00+00:00,0.005580143380588864
2016-05-25 13:30:00+00:00,0.003216173220078156
2016-05-26 13:30:00+00:00,0.0004903397945181687
2016-05-27 13:30:00+00:00,0.0003650942714909956
2016-05-31 13:30:00+00:00,0.0009094213983480315
2016-06-01 13:30:00+00:00,-0.003955981769964268
2016-06-02 13:30:00+00:00,-0.002321212580140297
2016-06-03 13:30:00+00:00,-0.002767231097659539
2016-06-06 13:30:00+00:00,0.0015064560942341543
2016-06-07 13:30:00+00:00,0.0005882917098978147
2016-06-08 13:30:00+00:00,0.001564687988109037
2016-06-09 13:30:00+00:00,-0.004218938015989837
2016-06-10 13:30:00+00:00,-0.008866595104366614
2016-06-13 13:30:00+00:00,-0.005420211276134468
2016-06-14 13:30:00+00:00,-0.0025275890128560016
2016-06-15 13:30:00+00:00,0.0022805419377211924
2016-06-16 13:30:00+00:00,-0.005320392737299795
2016-06-17 13:30:00+00:00,-0.0021433572697562406
2016-06-20 13:30:00+00:00,0.011638772564116929
2016-06-21 13:30:00+00:00,0.0015269951585841102
2016-06-22 13:30:00+00:00,0.0005029221715277977
2016-06-23 13:30:00+00:00,0.007942115688833507
2016-06-24 13:30:00+00:00,-0.0396617955158446
2016-06-27 13:30:00+00:00,-0.009350210253265333
2016-06-28 13:30:00+00:00,0.010671766527837512
2016-06-29 13:30:00+00:00,0.008651320383600714
2016-06-30 13:30:00+00:00,0.0029339488413453354
2016-07-01 13:30:00+00:00,-0.0012336197143959615
2016-07-05 13:30:00+00:00,-0.005346148959742403
2016-07-06 13:30:00+00:00,-0.004989190860780879
2016-07-07 13:30:00+00:00,0.001610184131935133
2016-07-08 13:30:00+00:00,0.006020824329348018
2016-07-11 13:30:00+00:00,0.0038905652831262463
2016-07-12 13:30:00+00:00,0.005783386424332171
2016-07-13 13:30:00+00:00,0.002587733279801652
2016-07-14 13:30:00+00:00,0.007135750826567466
2016-07-15 13:30:00+00:00,0.001316328516051113
2016-07-18 13:30:00+00:00,0.0009737238607458898
2016-07-19 13:30:00+00:00,-0.0035731675544996675
2016-07-20 13:30:00+00:00,0.00490955646262935
2016-07-21 13:30:00+00:00,0.0006937317257755705
2016-07-22 13:30:00+00:00,0.000731749724073294
2016-07-25 13:30:00+00:00,-0.0007215337906820829
2016-07-26 13:30:00+00:00,-0.000496266417469926
2016-07-27 13:30:00+00:00,0.006512467657654441
2016-07-28 13:30:00+00:00,0.0008746985915606298
2016-07-29 13:30:00+00:00,0.0012908728845049012
2016-08-01 13:30:00+00:00,0.0009247783729955273
2016-08-02 13:30:00+00:00,-0.0013866806652801488
2016-08-03 13:30:00+00:00,-0.0009738773954291013
2016-08-04 13:30:00+00:00,-0.00043339175338509274
2016-08-05 13:30:00+00:00,0.004634567807887835
2016-08-08 13:30:00+00:00,0.00036348711017651923
2016-08-09 13:30:00+00:00,0.0004888627848553706
2016-08-10 13:30:00+00:00,0.0003727249655500643
2016-08-11 13:30:00+00:00,0.003275838963953326
2016-08-12 13:30:00+00:00,-0.0017715909756314096
2016-08-15 13:30:00+00:00,0.0016753170465615308
2016-08-16 13:30:00+00:00,-0.0027719888068769125
2016-08-17 13:30:00+00:00,0.0001544576562937273
2016-08-18 13:30:00+00:00,-0.0005226629521634218
2016-08-19 13:30:00+00:00,-0.0020617349403787674
2016-08-22 13:30:00+00:00,-0.0014210042092793862
2016-08-23 13:30:00+00:00,0.003938379877517206
2016-08-24 13:30:00+00:00,-0.0011760589508016505
2016-08-25 13:30:00+00:00,-0.0020319043941279366
2016-08-26 13:30:00+00:00,0.001214149326259617
2016-08-29 13:30:00+00:00,0.0008350369205793907
2016-08-30 13:30:00+00:00,-0.0005682799586256392
2016-08-31 13:30:00+00:00,-0.0013579599434741074
2016-09-01 13:30:00+00:00,0.000870526872832611
2016-09-02 13:30:00+00:00,0.004194871543379486
2016-09-06 13:30:00+00:00,0.0018238648058301777
2016-09-07 13:30:00+00:00,-0.00041846178791716805
2016-09-08 13:30:00+00:00,-0.00274390602808906
2016-09-09 13:30:00+00:00,-0.00799617705751755
2016-09-12 13:30:00+00:00,-0.00553910646965895
2016-09-13 13:30:00+00:00,-0.00599997087301597
2016-09-14 13:30:00+00:00,0.0008621184108432601
2016-09-15 13:30:00+00:00,0.0007369289915581834
2016-09-16 13:30:00+00:00,-0.002191548375485308
2016-09-19 13:30:00+00:00,0.0035189775529544834
2016-09-20 13:30:00+00:00,0.003942031682417235
2016-09-21 13:30:00+00:00,0.004154591712442801
2016-09-22 13:30:00+00:00,0.005202858243082742
2016-09-23 13:30:00+00:00,-0.0023642192005605242
2016-09-26 13:30:00+00:00,-0.005758016214719841
2016-09-27 13:30:00+00:00,-0.0007295891092878981
2016-09-28 13:30:00+00:00,0.0012231065367187433
2016-09-29 13:30:00+00:00,-0.0014612255896089387
2016-09-30 13:30:00+00:00,0.0036425799624677404
2016-10-03 13:30:00+00:00,-0.002304435417451078
2016-10-04 13:30:00+00:00,0.0022807633291335064
2016-10-05 13:30:00+00:00,0.0028528605704081114
2016-10-06 13:30:00+00:00,-0.0018739165290204806
2016-10-07 13:30:00+00:00,0.001420642955849416
2016-10-10 13:30:00+00:00,0.004824053184682586
2016-10-11 13:30:00+00:00,-0.0013855173536137077
2016-10-12 13:30:00+00:00,0.00011348618472649683
2016-10-13 13:30:00+00:00,-0.007490736187187663
2016-10-14 13:30:00+00:00,0.005257360282479018
2016-10-17 13:30:00+00:00,-0.00019018036072139245
2016-10-18 13:30:00+00:00,0.010573446749347449
2016-10-19 13:30:00+00:00,-0.0007693121318690487
2016-10-20 13:30:00+00:00,-0.0016648721112129227
2016-10-21 13:30:00+00:00,-0.0007066918869654936
2016-10-24 13:30:00+00:00,0.006159778000781146
2016-10-25 13:30:00+00:00,-0.0007327628628064464
2016-10-26 13:30:00+00:00,-0.005210345705238495
2016-10-27 13:30:00+00:00,0.004075008484031739
2016-10-28 13:30:00+00:00,-0.0024523944780842186
2016-10-31 13:30:00+00:00,0.00278814200337284
2016-11-01 13:30:00+00:00,0.0019484863642979966
2016-11-02 13:30:00+00:00,-0.0013225080183564386
2016-11-03 13:30:00+00:00,-0.00027032945120543096
2016-11-04 13:30:00+00:00,-0.00484457374128634
2016-11-07 14:30:00+00:00,0.016272187387940996
2016-11-08 14:30:00+00:00,-0.002264018541601198
2016-11-09 14:30:00+00:00,-0.009656265411890696
2016-11-10 14:30:00+00:00,0.006072105368037472
2016-11-11 14:30:00+00:00,-0.0033598642884046345
2016-11-14 14:30:00+00:00,0.001660554023965577
2016-11-15 14:30:00+00:00,0.004297937249345895
2016-11-16 14:30:00+00:00,-0.004247357528874629
2016-11-17 14:30:00+00:00,-7.500484169986526e-06
2016-11-18 14:30:00+00:00,0.0012123432861548156
2016-11-21 14:30:00+00:00,0.00276949008905113
2016-11-22 14:30:00+00:00,0.0028596855055624706
2016-11-23 14:30:00+00:00,-0.003776012997626321
2016-11-25 14:30:00+00:00,0.0013515002450625758
2016-11-28 14:30:00+00:00,-0.002137444555425094
2016-11-29 14:30:00+00:00,0.0003041718465206401
2016-11-30 14:30:00+00:00,0.0020245996124912294
2016-12-01 14:30:00+00:00,-6.24870344092642e-05
2016-12-02 14:30:00+00:00,-0.0004979813419280332
2016-12-05 14:30:00+00:00,0.005214314366486661
2016-12-06 14:30:00+00:00,0.00156703349067987
2016-12-07 14:30:00+00:00,-0.002037010711607012
2016-12-08 14:30:00+00:00,-2.7668873716646308e-05
2016-12-09 14:30:00+00:00,0.003361095528670244
2016-12-12 14:30:00+00:00,-0.003090134108963205
2016-12-13 14:30:00+00:00,0.0037853819102449007
2016-12-14 14:30:00+00:00,0.0002403955201126685
2016-12-15 14:30:00+00:00,0.0011580943570768
2016-12-16 14:30:00+00:00,0.0019102671625910062
2016-12-19 14:30:00+00:00,0.0006430421297882627
2016-12-20 14:30:00+00:00,0.0028482401863782927
2016-12-21 14:30:00+00:00,-0.00033889003303234623
2016-12-22 14:30:00+00:00,5.930227587647247e-06
2016-12-23 14:30:00+00:00,-0.0011390526765287067
2016-12-27 14:30:00+00:00,0.001377261990943779
2016-12-28 14:30:00+00:00,0.0017223434072679456
2016-12-29 14:30:00+00:00,-0.0002931196782667399
2016-12-30 14:30:00+00:00,0.0013874713705805842
2017-01-03 14:30:00+00:00,0.007795049539077492
2017-01-04 14:30:00+00:00,0.0020790207465655078
2017-01-05 14:30:00+00:00,-0.0005765132885247159
2017-01-06 14:30:00+00:00,0.0019299305090236696
2017-01-09 14:30:00+00:00,0.001080936172049396
2017-01-10 14:30:00+00:00,0.0007532842705910592
2017-01-11 14:30:00+00:00,-0.0002980628712414667
2017-01-12 14:30:00+00:00,-0.0038906489660889385
2017-01-13 14:30:00+00:00,0.001716963963503948
2017-01-17 14:30:00+00:00,-0.0035014266895753263
2017-01-18 14:30:00+00:00,0.001382282213874031
2017-01-19 14:30:00+00:00,0.0007927778072207459
2017-01-20 14:30:00+00:00,0.0029306491649454427
2017-01-23 14:30:00+00:00,-0.0016642529397970062
2017-01-24 14:30:00+00:00,0.0026607138356906537
2017-01-25 14:30:00+00:00,0.006131057280743135
2017-01-26 14:30:00+00:00,0.0016573097941123716
2017-01-27 14:30:00+00:00,0.0016151897428113738
2017-01-30 14:30:00+00:00,-0.0045022065547126846
2017-01-31 14:30:00+00:00,-0.0038123121598751084
2017-02-01 14:30:00+00:00,0.006974124995978037
2017-02-02 14:30:00+00:00,-0.0028469363274801316
2017-02-03 14:30:00+00:00,0.0024779398624510287
2017-02-06 14:30:00+00:00,-0.0018328785507272349
2017-02-07 14:30:00+00:00,0.0018969911069537271
2017-02-08 14:30:00+00:00,-0.0020861794404396614
2017-02-09 14:30:00+00:00,0.0008801800327866594
2017-02-10 14:30:00+00:00,0.0018229045726887328
2017-02-13 14:30:00+00:00,0.0032239670156199887
2017-02-14 14:30:00+00:00,-0.001392548068166699
2017-02-15 14:30:00+00:00,-0.0009075859033195299
2017-02-16 14:30:00+00:00,0.000513430889345512
2017-02-17 14:30:00+00:00,-0.0014052406537454875
2017-02-21 14:30:00+00:00,0.0018902299929115407
2017-02-22 14:30:00+00:00,-0.0015303116186452636
2017-02-23 14:30:00+00:00,0.0009561904658752396
2017-02-24 14:30:00+00:00,-0.005785825032022085
2017-02-27 14:30:00+00:00,-0.0018569674539592573
2017-02-28 14:30:00+00:00,-0.0016540803208884402
2017-03-01 14:30:00+00:00,0.008383466033823773
2017-03-02 14:30:00+00:00,-0.0012890216998734493
2017-03-03 14:30:00+00:00,-0.0012857932406119654
2017-03-06 14:30:00+00:00,-0.004244287889111254
2017-03-07 14:30:00+00:00,-0.0023328015553061407
2017-03-08 14:30:00+00:00,0.000673023586007504
2017-03-09 14:30:00+00:00,-0.0005933376003383172
2017-03-10 14:30:00+00:00,0.004755458110770927
2017-03-13 13:30:00+00:00,0.00019854667578188555
2017-03-14 13:30:00+00:00,-0.0027736810282079746
2017-03-15 13:30:00+00:00,0.0021469798704718437
2017-03-16 13:30:00+00:00,0.0012237275704935935
2017-03-17 13:30:00+00:00,-0.0004693909914275206
2017-03-20 13:30:00+00:00,-0.00047111360892216893
2017-03-21 13:30:00+00:00,0.0036092309139588055
2017-03-22 13:30:00+00:00,-0.0006592560243066203
2017-03-23 13:30:00+00:00,-0.0017026545622689348
2017-03-24 13:30:00+00:00,0.0036197129679824583
2017-03-27 13:30:00+00:00,-0.009091678157299065
2017-03-28 13:30:00+00:00,-0.0007626493030142955
2017-03-29 13:30:00+00:00,-6.426282052608415e-05
2017-03-30 13:30:00+00:00,-0.00033737016050928704
2017-03-31 13:30:00+00:00,-0.0015726852307455074
2017-04-03 13:30:00+00:00,0.0008438151242346926
2017-04-04 13:30:00+00:00,-0.002800809828777517
2017-04-05 13:30:00+00:00,0.0021564737967507577
2017-04-06 13:30:00+00:00,0.0009299360015919578
2017-04-07 13:30:00+00:00,-0.0009522361543809032
2017-04-10 13:30:00+00:00,0.0008561583534472006
2017-04-11 13:30:00+00:00,-0.0017613051403815416
2017-04-12 13:30:00+00:00,-0.000642065867702779
2017-04-13 13:30:00+00:00,-0.0014347884317667092
2017-04-17 13:30:00+00:00,0.0027250609578797105
2017-04-18 13:30:00+00:00,-0.0032075376086749927
2017-04-19 13:30:00+00:00,0.004167046419718756
2017-04-20 13:30:00+00:00,0.004136773978897323
2017-04-21 13:30:00+00:00,0.00027862392320575645
2017-04-24 13:30:00+00:00,0.011648533323089339
2017-04-25 13:30:00+00:00,0.003299222006806646
2017-04-26 13:30:00+00:00,0.0003364595593395748
2017-04-27 13:30:00+00:00,0.0020974653943366286
2017-04-28 13:30:00+00:00,0.0038560941277401175
2017-05-01 13:30:00+00:00,0.003198856203279632
2017-05-02 13:30:00+00:00,0.0016909363375556708
2017-05-03 13:30:00+00:00,-0.0034353311996057176
2017-05-04 13:30:00+00:00,0.00031337724464818316
2017-05-05 13:30:00+00:00,0.002591223549094124
2017-05-08 13:30:00+00:00,-0.00011632737213508318
2017-05-09 13:30:00+00:00,0.001400930370400777
2017-05-10 13:30:00+00:00,7.159995940962957e-05
2017-05-11 13:30:00+00:00,-0.003214683561709186
2017-05-12 13:30:00+00:00,0.0004412165244527145
2017-05-15 13:30:00+00:00,0.0010239379723440023
2017-05-16 13:30:00+00:00,0.0016643382155609899
2017-05-17 13:30:00+00:00,-0.010027275426653614
2017-05-18 13:30:00+00:00,-0.002226062665806727
2017-05-19 13:30:00+00:00,0.00239376940684809
2017-05-22 13:30:00+00:00,0.0022916044874647826
2017-05-23 13:30:00+00:00,0.0024971102213131482
2017-05-24 13:30:00+00:00,0.0024201084498520656
2017-05-25 13:30:00+00:00,0.003145162264055246
2017-05-26 13:30:00+00:00,0.00018689748773480518
2017-05-30 13:30:00+00:00,-0.0010677265400418467
2017-05-31 13:30:00+00:00,0.002872654647113604
2017-06-01 13:30:00+00:00,0.00270553045952181
2017-06-02 13:30:00+00:00,0.002262760862774982
2017-06-05 13:30:00+00:00,-0.0001522677303369523
2017-06-06 13:30:00+00:00,-0.0022920257356525806
2017-06-07 13:30:00+00:00,0.002350953882335627
2017-06-08 13:30:00+00:00,0.002178740988044259
2017-06-09 13:30:00+00:00,0.001243017559946924
2017-06-12 13:30:00+00:00,-0.008856534228107626
2017-06-13 13:30:00+00:00,0.004864837671030064
2017-06-14 13:30:00+00:00,0.002647399821560359
2017-06-15 13:30:00+00:00,-0.01105101455135461
2017-06-16 13:30:00+00:00,-0.0019198385927743477
2017-06-19 13:30:00+00:00,0.007229663990327972
2017-06-20 13:30:00+00:00,-0.0016049901811716726
2017-06-21 13:30:00+00:00,0.002278820942177784
2017-06-22 13:30:00+00:00,0.0007340950550358439
2017-06-23 13:30:00+00:00,-0.00047517397401232166
2017-06-26 13:30:00+00:00,0.00428609480367913
2017-06-27 13:30:00+00:00,-0.0031814051689039832
2017-06-28 13:30:00+00:00,0.00420805547827906
2017-06-29 13:30:00+00:00,-0.00313475732279701
2017-06-30 13:30:00+00:00,0.0035602318774654476
2017-07-03 13:30:00+00:00,0.005253073178334444
2017-07-05 13:30:00+00:00,0.0018639741483592487
2017-07-06 13:30:00+00:00,-0.006807967104129353
2017-07-07 13:30:00+00:00,0.0034717453008183854
2017-07-10 13:30:00+00:00,0.00037938707018246874
2017-07-11 13:30:00+00:00,-0.0009322234517200711
2017-07-12 13:30:00+00:00,0.00726281127901095
2017-07-13 13:30:00+00:00,0.0011665645366920497
2017-07-14 13:30:00+00:00,0.002233297769277598
2017-07-17 13:30:00+00:00,0.0011483041573756459
2017-07-18 13:30:00+00:00,-0.0016219665583381393
2017-07-19 13:30:00+00:00,0.0028838036928235835
2017-07-20 13:30:00+00:00,0.0016885435024893592
2017-07-21 13:30:00+00:00,-0.0011876674980437873
2017-07-24 13:30:00+00:00,-8.90690432859941e-05
2017-07-25 13:30:00+00:00,-0.0006023101315305701
2017-07-26 13:30:00+00:00,0.002045959023841071
2017-07-27 13:30:00+00:00,0.00566229272897133
2017-07-28 13:30:00+00:00,-0.00510140581337305
2017-07-31 13:30:00+00:00,0.003038944240845376
2017-08-01 13:30:00+00:00,0.003686954030282397
2017-08-02 13:30:00+00:00,0.004639971856992708
2017-08-03 13:30:00+00:00,0.00046428250592999164
2017-08-04 13:30:00+00:00,0.0015482074415617997
2017-08-07 13:30:00+00:00,0.0013956955318632392
2017-08-08 13:30:00+00:00,-0.0017353880816991629
2017-08-09 13:30:00+00:00,-0.007562575599565313
2017-08-10 13:30:00+00:00,-0.00634655446005451
2017-08-11 13:30:00+00:00,0.0007541369682260047
2017-08-14 13:30:00+00:00,0.00781965620460089
2017-08-15 13:30:00+00:00,0.001521358403073314
2017-08-16 13:30:00+00:00,0.0022843477611880106
2017-08-17 13:30:00+00:00,-0.0036286462992654142
2017-08-18 13:30:00+00:00,-1.1634100510537953e-05
2017-08-21 13:30:00+00:00,-0.00013377462101139538
2017-08-22 13:30:00+00:00,0.004419473864964318
2017-08-23 13:30:00+00:00,-0.005500535727065337
2017-08-24 13:30:00+00:00,0.002513666128902903
2017-08-25 13:30:00+00:00,0.003484563432111887
2017-08-28 13:30:00+00:00,0.0031510052383758483
2017-08-29 13:30:00+00:00,-0.008713710766361304
2017-08-30 13:30:00+00:00,0.0009774607165773275
2017-08-31 13:30:00+00:00,0.002646371632792677
2017-09-01 13:30:00+00:00,0.002001490092280889
2017-09-05 13:30:00+00:00,-0.0032871331629077513
2017-09-06 13:30:00+00:00,0.0028456619494871996
2017-09-07 13:30:00+00:00,0.0014062436710004956
2017-09-08 13:30:00+00:00,-0.0013848361553428056
2017-09-11 13:30:00+00:00,0.007917093018408473
2017-09-12 13:30:00+00:00,0.0024730137730439752
2017-09-13 13:30:00+00:00,-0.0022008649708189607
2017-09-14 13:30:00+00:00,-0.003308880955013815
2017-09-15 13:30:00+00:00,-0.0005541741337046324
2017-09-18 13:30:00+00:00,0.0017035103559490561
2017-09-19 13:30:00+00:00,0.0015933070269593564
2017-09-20 13:30:00+00:00,-0.0003444686049790645
2017-09-21 13:30:00+00:00,-0.0012570892990984128
2017-09-22 13:30:00+00:00,-0.0034085825711441917
2017-09-25 13:30:00+00:00,-0.003804738643577787
2017-09-26 13:30:00+00:00,0.0032372504630961865
2017-09-27 13:30:00+00:00,0.0052619282431316415
2017-09-28 13:30:00+00:00,-0.0024708645309767904
2017-09-29 13:30:00+00:00,0.0011132409187006754
2017-10-02 13:30:00+00:00,0.001457909415753178
2017-10-03 13:30:00+00:00,0.0009772319970495658
2017-10-04 13:30:00+00:00,-0.0015927178423888022
2017-10-05 13:30:00+00:00,0.002691318667178855
2017-10-06 13:30:00+00:00,-0.0028955447159992984
2017-10-09 13:30:00+00:00,0.0009910083206332466
2017-10-10 13:30:00+00:00,0.003359147103879845
2017-10-11 13:30:00+00:00,-0.00017894334225211352
2017-10-12 13:30:00+00:00,-0.0014311081649237666
2017-10-13 13:30:00+00:00,0.0031921433911343724
2017-10-16 13:30:00+00:00,0.0024356505639353434
2017-10-17 13:30:00+00:00,-0.0004895045478562454
2017-10-18 13:30:00+00:00,0.0015002646761696937
2017-10-19 13:30:00+00:00,-0.0062169493490647045
2017-10-20 13:30:00+00:00,0.004184631914863501
2017-10-23 13:30:00+00:00,0.0017886597476455158
2017-10-24 13:30:00+00:00,0.0016883845516784013
2017-10-25 13:30:00+00:00,-0.0017988830129088806
2017-10-26 13:30:00+00:00,0.0004636454837283367
2017-10-27 13:30:00+00:00,0.011835719171463966
2017-10-30 13:30:00+00:00,-0.0012176624031453697
2017-10-31 13:30:00+00:00,0.002101834327419272
2017-11-01 13:30:00+00:00,0.004503408788390606
2017-11-02 13:30:00+00:00,-0.001162996616687184
2017-11-03 13:30:00+00:00,0.003198600216387282
2017-11-06 14:30:00+00:00,-0.00026854857588000093
2017-11-07 14:30:00+00:00,-0.0002473526633454236
2017-11-08 14:30:00+00:00,-0.0005328875337265004
2017-11-09 14:30:00+00:00,-0.007710694903481097
2017-11-10 14:30:00+00:00,-0.0021236395825203866
2017-11-13 14:30:00+00:00,-0.0035883741955782364
2017-11-14 14:30:00+00:00,-0.0036115988110897554
2017-11-15 14:30:00+00:00,-0.005619539670463925
2017-11-16 14:30:00+00:00,0.005287526340951076
2017-11-17 14:30:00+00:00,7.077973166590432e-05
2017-11-20 14:30:00+00:00,0.0008567959580607521
2017-11-21 14:30:00+00:00,0.0042942156153993214
2017-11-22 14:30:00+00:00,0.0009272969404012677
2017-11-24 14:30:00+00:00,0.0014653759543721168
2017-11-27 14:30:00+00:00,8.866680841979142e-06
2017-11-28 14:30:00+00:00,0.002109806073012688
2017-11-29 14:30:00+00:00,-0.0008349267436126406
2017-11-30 14:30:00+00:00,0.004062960704120921
2017-12-01 14:30:00+00:00,-0.00445413230575521
2017-12-04 14:30:00+00:00,0.007134667991646182
2017-12-05 14:30:00+00:00,-0.0024954382104645065
2017-12-06 14:30:00+00:00,-0.0030783364957745027
2017-12-07 14:30:00+00:00,0.0012813203693378017
2017-12-08 14:30:00+00:00,0.00681493600949955
2017-12-11 14:30:00+00:00,0.00100525878460499
2017-12-12 14:30:00+00:00,-0.0004447403027407869
2017-12-13 14:30:00+00:00,0.0025361831705081775
2017-12-14 14:30:00+00:00,0.0015841790706449977
2017-12-15 14:30:00+00:00,0.0020906153698576515
2017-12-18 14:30:00+00:00,0.006217208728972678
2017-12-19 14:30:00+00:00,-0.000601770717308725
2017-12-20 14:30:00+00:00,0.0038345910609092096
2017-12-21 14:30:00+00:00,0.0016123962703262662
2017-12-22 14:30:00+00:00,-0.0011537637529243194
2017-12-26 14:30:00+00:00,-0.004559801383443485
2017-12-27 14:30:00+00:00,0.0006497127860875973
2017-12-28 14:30:00+00:00,0.0019232528422923223
2017-12-29 14:30:00+00:00,0.00025246770954588947
2018-01-02 14:30:00+00:00,0.004862745107331301
2018-01-03 14:30:00+00:00,0.0013514153215743341
2018-01-04 14:30:00+00:00,0.003292557327280388
2018-01-05 14:30:00+00:00,0.0038319626147593658
2018-01-08 14:30:00+00:00,-0.0002653703985617927
2018-01-09 14:30:00+00:00,0.002247197004298307
2018-01-10 14:30:00+00:00,-0.004811331433714272
2018-01-11 14:30:00+00:00,0.0020192434857733035
2018-01-12 14:30:00+00:00,-0.0006005509581255119
2018-01-16 14:30:00+00:00,0.0062530507171474235
2018-01-17 14:30:00+00:00,0.00461782127990461
2018-01-18 14:30:00+00:00,-0.0007343800112893483
2018-01-19 14:30:00+00:00,0.0020861412325134834
2018-01-22 14:30:00+00:00,0.00012629093320114536
2018-01-23 14:30:00+00:00,0.0021840634618066515
2018-01-24 14:30:00+00:00,0.001759192754554595
2018-01-25 14:30:00+00:00,0.0056841927617352515
2018-01-26 14:30:00+00:00,0.004915398546427851
2018-01-29 14:30:00+00:00,-0.002937790743930868
2018-01-30 14:30:00+00:00,-0.01049570446470217
2018-01-31 14:30:00+00:00,0.005407616317615316
2018-02-01 14:30:00+00:00,-0.0047293127262255765
2018-02-02 14:30:00+00:00,-0.005281525271215737
2018-02-05 14:30:00+00:00,-0.010456407978547532
2018-02-06 14:30:00+00:00,-0.018753630564937073
2018-02-07 14:30:00+00:00,-0.00427090900756878
2018-02-08 14:30:00+00:00,0.0020724145929482576
2018-02-09 14:30:00+00:00,0.01261619461737572
2018-02-12 14:30:00+00:00,0.00894648043505496
2018-02-13 14:30:00+00:00,-0.005800377101869769
2018-02-14 14:30:00+00:00,-0.004986217086053524
2018-02-15 14:30:00+00:00,0.007897329347769533
2018-02-16 14:30:00+00:00,-0.0028452079981056253
2018-02-20 14:30:00+00:00,-0.004304786922817228
2018-02-21 14:30:00+00:00,0.0032410127129245295
2018-02-22 14:30:00+00:00,0.00464215708856196
2018-02-23 14:30:00+00:00,0.00700951666582682
2018-02-26 14:30:00+00:00,0.0047940655055325075
2018-02-27 14:30:00+00:00,-0.0008128030185898915
2018-02-28 14:30:00+00:00,0.005501377566792909
2018-03-01 14:30:00+00:00,0.0001392729325382259
2018-03-02 14:30:00+00:00,-0.011383245160561672
2018-03-05 14:30:00+00:00,-0.004919593062972194
2018-03-06 14:30:00+00:00,0.004797193114315801
2018-03-07 14:30:00+00:00,-0.008275454613615795
2018-03-08 14:30:00+00:00,0.0034313442615720893
2018-03-09 14:30:00+00:00,0.006366088744989218
2018-03-12 13:30:00+00:00,0.002575636646334745
2018-03-13 13:30:00+00:00,0.005065859665981598
2018-03-14 13:30:00+00:00,0.0037303797264276353
2018-03-15 13:30:00+00:00,0.001558061986911541
2018-03-16 13:30:00+00:00,0.002924681705537713
2018-03-19 13:30:00+00:00,-0.00849215731317311
2018-03-20 13:30:00+00:00,0.0011267798080500824
2018-03-21 13:30:00+00:00,-0.002381249423985554
2018-03-22 13:30:00+00:00,-0.012045101406260927
2018-03-23 13:30:00+00:00,0.00045813848279684387
2018-03-26 13:30:00+00:00,0.018852742645968357
2018-03-27 13:30:00+00:00,0.0047376126428606445
2018-03-28 13:30:00+00:00,-0.004453128940745133
2018-03-29 13:30:00+00:00,0.004998431895451449
2018-04-02 13:30:00+00:00,-0.006793651421068481
2018-04-03 13:30:00+00:00,0.0077936000453730945
2018-04-04 13:30:00+00:00,-0.018757908863139782
2018-04-05 13:30:00+00:00,0.00801406493623279
2018-04-06 13:30:00+00:00,-0.010978179705279378
2018-04-09 13:30:00+00:00,0.008047423995447101
2018-04-10 13:30:00+00:00,0.015820141045261405
2018-04-11 13:30:00+00:00,-0.005639631220763064
2018-04-12 13:30:00+00:00,0.005981490060386052
2018-04-13 13:30:00+00:00,0.005413828953818134
2018-04-16 13:30:00+00:00,0.006544511196221669
2018-04-17 13:30:00+00:00,0.008122195581746084
2018-04-18 13:30:00+00:00,0.0014491869367214583
2018-04-19 13:30:00+00:00,-0.005121132946540719
2018-04-20 13:30:00+00:00,-0.0025067114301320467
2018-04-23 13:30:00+00:00,0.0037986629153645593
2018-04-24 13:30:00+00:00,0.0044127965427007585
2018-04-25 13:30:00+00:00,0.00027676677801967707
2018-04-26 13:30:00+00:00,0.010858430414552468
2018-04-27 13:30:00+00:00,0.010694113775671522
2018-04-30 13:30:00+00:00,0.0018874702959603585
2018-05-01 13:30:00+00:00,-0.0018859658847761973
2018-05-02 13:30:00+00:00,0.0009868497886216133
2018-05-03 13:30:00+00:00,-0.005151488921236636
2018-05-04 13:30:00+00:00,-0.003271487733536371
2018-05-07 13:30:00+00:00,0.004366214101140675
2018-05-08 13:30:00+00:00,-0.0014585453470124076
2018-05-09 13:30:00+00:00,0.0019132220078856732
2018-05-10 13:30:00+00:00,0.002078466187373607
2018-05-11 13:30:00+00:00,-0.0015854887569905051
2018-05-14 13:30:00+00:00,0.0034891859547376727
2018-05-15 13:30:00+00:00,-0.006849137902238967
2018-05-16 13:30:00+00:00,0.0005243965085868108
2018-05-17 13:30:00+00:00,-0.0026302741246899794
2018-05-18 13:30:00+00:00,-0.00255586782826368
2018-05-21 13:30:00+00:00,0.006970655028838635
2018-05-22 13:30:00+00:00,0.0035259011923269748
2018-05-23 13:30:00+00:00,-0.00598607595774382
2018-05-24 13:30:00+00:00,-0.0006345741942296423
2018-05-25 13:30:00+00:00,-0.00040035712047293827
2018-05-29 13:30:00+00:00,-0.004853974261922811
2018-05-30 13:30:00+00:00,0.004202024740074905
2018-05-31 13:30:00+00:00,-0.001020624862838726
2018-06-01 13:30:00+00:00,0.006019229244543556
2018-06-04 13:30:00+00:00,0.0019848969845264078
2018-06-05 13:30:00+00:00,0.0018588484551640306
2018-06-06 13:30:00+00:00,0.0018560376432243842
2018-06-07 13:30:00+00:00,0.0009625135417769993
2018-06-08 13:30:00+00:00,-0.0036794813240684896
2018-06-11 13:30:00+00:00,0.0001263379163780499
2018-06-12 13:30:00+00:00,0.0017198522814638629
2018-06-13 13:30:00+00:00,0.0012123233148861768
2018-06-14 13:30:00+00:00,0.003516251820815597
2018-06-15 13:30:00+00:00,-0.004739874775159592
2018-06-18 13:30:00+00:00,-0.006996114402228926
2018-06-19 13:30:00+00:00,-0.011531422463637041
2018-06-20 13:30:00+00:00,0.004891212240570197
2018-06-21 13:30:00+00:00,0.0023147035252086725
2018-06-22 13:30:00+00:00,0.0033668635757562074
2018-06-25 13:30:00+00:00,-0.008120427936841212
2018-06-26 13:30:00+00:00,0.0027850823918438186
2018-06-27 13:30:00+00:00,0.003166517364020061
2018-06-28 13:30:00+00:00,-0.001036217578670462
2018-06-29 13:30:00+00:00,0.005290649132648972
2018-07-02 13:30:00+00:00,-0.007875974842881838
2018-07-03 13:30:00+00:00,0.0033277225424261816
2018-07-05 13:30:00+00:00,0.006296420857470719
2018-07-06 13:30:00+00:00,0.0011522358711384296
2018-07-09 13:30:00+00:00,0.0055383842241845
2018-07-10 13:30:00+00:00,0.0017604067889738118
2018-07-11 13:30:00+00:00,-0.007921737828618502
2018-07-12 13:30:00+00:00,0.004578232837457496
2018-07-13 13:30:00+00:00,0.0003729336891797775
2018-07-16 13:30:00+00:00,0.0006360425046609719
2018-07-17 13:30:00+00:00,-0.006985975735818284
2018-07-18 13:30:00+00:00,0.00044869416755565227
2018-07-19 13:30:00+00:00,-0.003237096585188015
2018-07-20 13:30:00+00:00,0.0021721523623732144
2018-07-23 13:30:00+00:00,-0.0017968900027910517
2018-07-24 13:30:00+00:00,0.009142690759426298
2018-07-25 13:30:00+00:00,-0.0003142870887763548
2018-07-26 13:30:00+00:00,-0.010714932582048042
2018-07-27 13:30:00+00:00,0.004684636034540712
2018-07-30 13:30:00+00:00,-0.00037785778275668526
2018-07-31 13:30:00+00:00,0.00312278423984268
2018-08-01 13:30:00+00:00,0.0038143126966909582
2018-08-02 13:30:00+00:00,-0.006298030603381866
2018-08-03 13:30:00+00:00,0.002019786789774647
2018-08-06 13:30:00+00:00,-0.0004161448380886167
2018-08-07 13:30:00+00:00,0.0023097598098979935
2018-08-08 13:30:00+00:00,-0.0005642711859031979
2018-08-09 13:30:00+00:00,-0.00032946030095383207
2018-08-10 13:30:00+00:00,-0.007331553055508933
2018-08-13 13:30:00+00:00,0.0010340747704522424
2018-08-14 13:30:00+00:00,0.003502425411648236
2018-08-15 13:30:00+00:00,-0.007833574745699023
2018-08-16 13:30:00+00:00,0.0066956344034612035
2018-08-17 13:30:00+00:00,-0.002646574243422417
2018-08-20 13:30:00+00:00,0.0022079935061836034
2018-08-21 13:30:00+00:00,0.0023395926736802133
2018-08-22 13:30:00+00:00,-0.00202512478581075
2018-08-23 13:30:00+00:00,-0.0004333565020021689
2018-08-24 13:30:00+00:00,0.00362535975327315
2018-08-27 13:30:00+00:00,0.005394621979581726
2018-08-28 13:30:00+00:00,0.0025328419584134012
2018-08-29 13:30:00+00:00,0.0016807887156151558
2018-08-30 13:30:00+00:00,-0.00201002938529905
2018-08-31 13:30:00+00:00,-0.0012188677111887424
2018-09-04 13:30:00+00:00,-0.002762277224849352
2018-09-05 13:30:00+00:00,-0.002290046636026621
2018-09-06 13:30:00+00:00,0.00028774631265403593
2018-09-07 13:30:00+00:00,-0.005646060703137901
2018-09-10 13:30:00+00:00,0.00458580797733531
2018-09-11 13:30:00+00:00,-0.0037962956937963696
2018-09-12 13:30:00+00:00,-0.001805882529473568
2018-09-13 13:30:00+00:00,0.005645395270782216
2018-09-14 13:30:00+00:00,0.0014536119192218755
2018-09-17 13:30:00+00:00,-0.0023259661672161533
2018-09-18 13:30:00+00:00,0.000885308008161434
2018-09-19 13:30:00+00:00,0.0007094334438455419
2018-09-20 13:30:00+00:00,0.0053703807628719845
2018-09-21 13:30:00+00:00,0.0015765788935102499
2018-09-24 13:30:00+00:00,-0.006057220063416369
2018-09-25 13:30:00+00:00,0.0009433608044286835
2018-09-26 13:30:00+00:00,0.0004257541801024779
2018-09-27 13:30:00+00:00,0.003760909720551087
2018-09-28 13:30:00+00:00,-0.002272379948821912
2018-10-01 13:30:00+00:00,0.005511227674135355
2018-10-02 13:30:00+00:00,-0.001696256224791759
2018-10-03 13:30:00+00:00,0.004287759125605184
2018-10-04 13:30:00+00:00,-0.004057558886363733
2018-10-05 13:30:00+00:00,-0.0007028293816859876
2018-10-08 13:30:00+00:00,-0.0054091560733272705
2018-10-09 13:30:00+00:00,-0.0010617990679423594
2018-10-10 13:30:00+00:00,-0.005778447625535044
2018-10-11 13:30:00+00:00,-0.004678247433382865
2018-10-12 13:30:00+00:00,0.024293276044534674
2018-10-15 13:30:00+00:00,-0.0032426442383564178
2018-10-16 13:30:00+00:00,0.009460225299307002
2018-10-17 13:30:00+00:00,0.0030089610373353784
2018-10-18 13:30:00+00:00,-0.003532030538740416
2018-10-19 13:30:00+00:00,0.005914586061041438
2018-10-22 13:30:00+00:00,0.0049624645499330875
2018-10-23 13:30:00+00:00,-0.018855793274395027
2018-10-24 13:30:00+00:00,-0.0020267228209511876
2018-10-25 13:30:00+00:00,0.01243310636081051
2018-10-26 13:30:00+00:00,-0.02649391885219866
2018-10-29 13:30:00+00:00,0.014579346846389497
2018-10-30 13:30:00+00:00,-0.004698381299971477
2018-10-31 13:30:00+00:00,0.01595359329365208
2018-11-01 13:30:00+00:00,0.002900304160746481
2018-11-02 13:30:00+00:00,-0.0014505458636823287
2018-11-05 14:30:00+00:00,-0.0018548149227761823
2018-11-06 14:30:00+00:00,-0.0004793601179520323
2018-11-07 14:30:00+00:00,0.009407899064515213
2018-11-08 14:30:00+00:00,-0.0036108910114586276
2018-11-09 14:30:00+00:00,-0.008381916344177186
2018-11-12 14:30:00+00:00,-0.005885159543291618
2018-11-13 14:30:00+00:00,0.004041141797235681
2018-11-14 14:30:00+00:00,0.008860031007537506
2018-11-15 14:30:00+00:00,-0.0034013972249816835
2018-11-16 14:30:00+00:00,-0.009113558207709104
2018-11-19 14:30:00+00:00,-0.004326052939313108
2018-11-20 14:30:00+00:00,-0.02301388822832774
2018-11-21 14:30:00+00:00,0.011000295471220046
2018-11-23 14:30:00+00:00,-0.007662835593782458
2018-11-26 14:30:00+00:00,0.012512807614028832
2018-11-27 14:30:00+00:00,-0.005835805845557662
2018-11-28 14:30:00+00:00,0.007295468023221774
2018-11-29 14:30:00+00:00,-0.003421597495402173
2018-11-30 14:30:00+00:00,0.0007551709173678645
2018-12-03 14:30:00+00:00,0.021124881512262873
2018-12-04 14:30:00+00:00,-0.0046097797852156066
2018-12-06 14:30:00+00:00,-0.019850192098272445
2018-12-07 14:30:00+00:00,-0.0035458314053215087
2018-12-10 14:30:00+00:00,-0.0014803662069089562
2018-12-11 14:30:00+00:00,0.01430635970517512
2018-12-12 14:30:00+00:00,0.013434161209477925
2018-12-13 14:30:00+00:00,0.005108243406857438
2018-12-14 14:30:00+00:00,-0.011974970476592694
2018-12-17 14:30:00+00:00,-0.003601864476813221
2018-12-18 14:30:00+00:00,0.00820501721451804
2018-12-19 14:30:00+00:00,-0.001031662176300696
2018-12-20 14:30:00+00:00,-0.004480150185826826
2018-12-21 14:30:00+00:00,0.006805215365772044
2018-12-24 14:30:00+00:00,-0.008705729360544045
2018-12-26 14:30:00+00:00,0.010386158746678687
2018-12-27 14:30:00+00:00,-0.01492523448542461
2018-12-28 14:30:00+00:00,0.005569102522962044
2018-12-31 14:30:00+00:00,0.009771638298189379
2019-01-02 14:30:00+00:00,-0.019446528415188357
2019-01-03 14:30:00+00:00,-0.012276815661179896
2019-01-04 14:30:00+00:00,0.015934677298483847
2019-01-07 14:30:00+00:00,0.0026704867371896038
2019-01-08 14:30:00+00:00,0.010154273025225303
2019-01-09 14:30:00+00:00,0.0036784628960055857
2019-01-10 14:30:00+00:00,-0.007061279047732694
2019-01-11 14:30:00+00:00,-0.005626693012342987
2019-01-14 14:30:00+00:00,-0.00920139532642451
2019-01-15 14:30:00+00:00,0.0035881711823897325
2019-01-16 14:30:00+00:00,0.0013123237271777
2019-01-17 14:30:00+00:00,-0.0035912780518142615
2019-01-18 14:30:00+00:00,0.006906904830072713
2019-01-22 14:30:00+00:00,-0.006759022607916621
2019-01-23 14:30:00+00:00,0.005781470446901238
2019-01-24 14:30:00+00:00,0.002245647583529953
2019-01-25 14:30:00+00:00,0.007635989903941975
2019-01-28 14:30:00+00:00,-0.01264038451145667
2019-01-29 14:30:00+00:00,0.00015545304739216236
2019-01-30 14:30:00+00:00,0.009361760916296803
2019-01-31 14:30:00+00:00,0.003392908818656604
2019-02-01 14:30:00+00:00,-0.003584073363086315
2019-02-04 14:30:00+00:00,0.0002317333501116071
2019-02-05 14:30:00+00:00,0.0010976531792567968
2019-02-06 14:30:00+00:00,-0.00032157781345777393
2019-02-07 14:30:00+00:00,-0.008069838008661356
2019-02-08 14:30:00+00:00,-0.007790395249642879
2019-02-11 14:30:00+00:00,0.003896865130355687
2019-02-12 14:30:00+00:00,0.0068719339335996275
2019-02-13 14:30:00+00:00,0.0029803794920060136
2019-02-14 14:30:00+00:00,-0.004160423224731214
2019-02-15 14:30:00+00:00,0.005503865356808013
2019-02-19 14:30:00+00:00,-0.0029986840653926203
2019-02-20 14:30:00+00:00,0.00037283929561947603
2019-02-21 14:30:00+00:00,-0.0019239472043077854
2019-02-22 14:30:00+00:00,0.002838441573436812
2019-02-25 14:30:00+00:00,0.007573126323509249
2019-02-26 14:30:00+00:00,-0.0026375635021065433
2019-02-27 14:30:00+00:00,-0.003130729127791898
2019-02-28 14:30:00+00:00,-0.0029062319977021353
2019-03-01 14:30:00+00:00,0.0071910976421862725
2019-03-04 14:30:00+00:00,0.005333590157218004
2019-03-05 14:30:00+00:00,0.0005229193466043003
2019-03-06 14:30:00+00:00,-0.00022934713852486012
2019-03-07 14:30:00+00:00,-0.0030483238620765516
2019-03-08 14:30:00+00:00,-0.011837564271686262
2019-03-11 13:30:00+00:00,0.004546229855236772
2019-03-12 13:30:00+00:00,0.0017245474309006581
2019-03-13 13:30:00+00:00,0.0038981528877146568
2019-03-14 13:30:00+00:00,8.053235195969463e-05
2019-03-15 13:30:00+00:00,0.003503764090640782
2019-03-18 13:30:00+00:00,0.0009210141438751207
2019-03-19 13:30:00+00:00,0.004167289818412401
2019-03-20 13:30:00+00:00,-0.00035893486485883964
2019-03-21 13:30:00+00:00,-0.003145688935026658
2019-03-22 13:30:00+00:00,-0.005038150102870354
2019-03-25 13:30:00+00:00,-0.0031996944324972462
2019-03-26 13:30:00+00:00,0.008078020752499738
2019-03-27 13:30:00+00:00,0.0012690122536913484
2019-03-28 13:30:00+00:00,0.0020835813033159736
2019-03-29 13:30:00+00:00,0.007402772744463204
2019-04-01 13:30:00+00:00,0.009075504671708801
2019-04-02 13:30:00+00:00,-0.0006492837295261177
2019-04-03 13:30:00+00:00,0.005313672178695705
2019-04-04 13:30:00+00:00,-0.000263388122982111
2019-04-05 13:30:00+00:00,0.0027802096722848615
2019-04-08 13:30:00+00:00,-0.0018382974759504455
2019-04-09 13:30:00+00:00,-0.0037598318946396978
2019-04-10 13:30:00+00:00,0.0016005587964840085
2019-04-11 13:30:00+00:00,0.0012761464515089638
2019-04-12 13:30:00+00:00,0.004529215197927472
2019-04-15 13:30:00+00:00,0.0002757439657132711
2019-04-16 13:30:00+00:00,0.0029792412892470812
2019-04-17 13:30:00+00:00,0.005492368529933056
2019-04-18 13:30:00+00:00,0.00019640988638712785
2019-04-22 13:30:00+00:00,-0.0036871125242955547
2019-04-23 13:30:00+00:00,0.0013322637217181188
2019-04-24 13:30:00+00:00,0.0001536761852056646
2019-04-25 13:30:00+00:00,0.005928174915126527
2019-04-26 13:30:00+00:00,-0.0023664263435194785
2019-04-29 13:30:00+00:00,5.3442013034466025e-05
2019-04-30 13:30:00+00:00,-0.007076352263882047
2019-05-01 13:30:00+00:00,0.004537211848781408
2019-05-02 13:30:00+00:00,-0.0004925835436524583
2019-05-03 13:30:00+00:00,0.006881643514109459
2019-05-06 13:30:00+00:00,-0.022411355015158018
2019-05-07 13:30:00+00:00,-0.009919915224946962
2019-05-08 13:30:00+00:00,-0.002299907049635241
2019-05-09 13:30:00+00:00,-0.011444106151499722
2019-05-10 13:30:00+00:00,-0.0038013403215921946
2019-05-13 13:30:00+00:00,-0.0249669458963372
2019-05-14 13:30:00+00:00,0.005476046173521476
2019-05-15 13:30:00+00:00,-0.006783107499155905
2019-05-16 13:30:00+00:00,0.0012334154818644972
2019-05-17 13:30:00+00:00,-0.008838868611626981
2019-05-20 13:30:00+00:00,-0.013177797797952927
2019-05-21 13:30:00+00:00,0.008103950255330162
2019-05-22 13:30:00+00:00,-0.004713627148811084
2019-05-23 13:30:00+00:00,-0.011727079222765623
2019-05-24 13:30:00+00:00,0.006099305792968124
2019-05-28 13:30:00+00:00,0.002342106426123303
2019-05-29 13:30:00+00:00,-0.007241787538046729
2019-05-30 13:30:00+00:00,0.0023048173723940637
2019-05-31 13:30:00+00:00,-0.01288720893267693
2019-06-03 13:30:00+00:00,-0.001701999364388873
2019-06-04 13:30:00+00:00,0.010935006267468673
2019-06-05 13:30:00+00:00,0.007679875660550939
2019-06-06 13:30:00+00:00,0.0007923862149565753
2019-06-07 13:30:00+00:00,0.004813684647327443
2019-06-10 13:30:00+00:00,0.007232638278396253
2019-06-11 13:30:00+00:00,0.009853780624112563
2019-06-12 13:30:00+00:00,-0.002585109349367964
2019-06-13 13:30:00+00:00,0.0037291948032678215
2019-06-14 13:30:00+00:00,-0.003920268625624124
2019-06-17 13:30:00+00:00,0.002820483780865624
2019-06-18 13:30:00+00:00,0.009582570694324211
2019-06-19 13:30:00+00:00,0.0019593575781671094
2019-06-20 13:30:00+00:00,0.012436166486051937
2019-06-21 13:30:00+00:00,-0.0029131842380659798
2019-06-24 13:30:00+00:00,0.0010043871393066062
2019-06-25 13:30:00+00:00,-0.0001537336860930715
2019-06-26 13:30:00+00:00,0.006139879880407972
2019-06-27 13:30:00+00:00,0.003615519482279106
2019-06-28 13:30:00+00:00,0.0025356216323939476
2019-07-01 13:30:00+00:00,0.017337631047071412
2019-07-02 13:30:00+00:00,-0.0006574298146558965
2019-07-03 13:30:00+00:00,0.002425558461352384
2019-07-05 13:30:00+00:00,-0.0058464961726581
2019-07-08 13:30:00+00:00,-0.006088867954034527
2019-07-09 13:30:00+00:00,-0.004665076854564754
2019-07-10 13:30:00+00:00,0.004992279041058578
2019-07-11 13:30:00+00:00,0.0019420528107334412
2019-07-12 13:30:00+00:00,0.001505672518347756
2019-07-15 13:30:00+00:00,0.002209524083099257
2019-07-16 13:30:00+00:00,-0.0008907632420323108
2019-07-17 13:30:00+00:00,4.595944702633367e-05
2019-07-18 13:30:00+00:00,-0.004186663075490438
2019-07-19 13:30:00+00:00,0.004054820426990557
2019-07-22 13:30:00+00:00,0.0030301823566178834
2019-07-23 13:30:00+00:00,0.004575731180393327
2019-07-24 13:30:00+00:00,-0.0030134495872741304
2019-07-25 13:30:00+00:00,-0.003323014180135819
2019-07-26 13:30:00+00:00,0.006668161028606778
2019-07-29 13:30:00+00:00,-0.0007134721197261773
2019-07-30 13:30:00+00:00,-0.007522898437067671
2019-07-31 13:30:00+00:00,0.0019776242044990846
2019-08-01 13:30:00+00:00,0.0017519093653206475
2019-08-02 13:30:00+00:00,-0.006843852208105028
2019-08-05 13:30:00+00:00,-0.02268098068395986
2019-08-06 13:30:00+00:00,0.010056526003717304
2019-08-07 13:30:00+00:00,-0.011078812141745453
2019-08-08 13:30:00+00:00,0.007373106380420757
2019-08-09 13:30:00+00:00,-0.005320721322627298
2019-08-12 13:30:00+00:00,-0.006589382201661176
2019-08-13 13:30:00+00:00,-0.0015039759904581617
2019-08-14 13:30:00+00:00,-0.01744325648142032
2019-08-15 13:30:00+00:00,0.0019916361624616632
2019-08-16 13:30:00+00:00,0.007848113791756307
2019-08-19 13:30:00+00:00,0.013855177012066278
2019-08-20 13:30:00+00:00,-0.0017806840614762564
2019-08-21 13:30:00+00:00,0.008519141721264212
2019-08-22 13:30:00+00:00,0.002216657321378646
2019-08-23 13:30:00+00:00,-0.006073958667797153
2019-08-26 13:30:00+00:00,0.009937715050588592
2019-08-27 13:30:00+00:00,0.006908068657573751
2019-08-28 13:30:00+00:00,-0.0037540538706095747
2019-08-29 13:30:00+00:00,0.011214911729556343
2019-08-30 13:30:00+00:00,0.005138677502922062
2019-09-03 13:30:00+00:00,-0.007187880545338044
2019-09-04 13:30:00+00:00,0.009507361400149284
2019-09-05 13:30:00+00:00,0.010481851236330487
2019-09-06 13:30:00+00:00,0.0009780070441023248
2019-09-09 13:30:00+00:00,0.003335775901626803
2019-09-10 13:30:00+00:00,-0.004731868824856667
2019-09-11 13:30:00+00:00,0.0008302165451825494
2019-09-12 13:30:00+00:00,0.004416688725849871
2019-09-13 13:30:00+00:00,-0.0005759188176762797
2019-09-16 13:30:00+00:00,-0.006834961186324884
2019-09-17 13:30:00+00:00,-0.0006997562648030197
2019-09-18 13:30:00+00:00,-0.0014926062135873885
2019-09-19 13:30:00+00:00,0.0018810363404955122
2019-09-20 13:30:00+00:00,0.00014441272860431519
2019-09-23 13:30:00+00:00,-0.0014772040015908039
2019-09-24 13:30:00+00:00,0.0041860019893684595
2019-09-25 13:30:00+00:00,-0.00047151164189941354
2019-09-26 13:30:00+00:00,-0.0009987772929248683
2019-09-27 13:30:00+00:00,0.0019483629877485753
2019-09-30 13:30:00+00:00,0.0029807432208459497
2019-10-01 13:30:00+00:00,0.0033365628804329253
2019-10-02 13:30:00+00:00,-0.007376851723627243
2019-10-03 13:30:00+00:00,0.00012735551603991767
2019-10-04 13:30:00+00:00,0.004495907256418785
2019-10-07 13:30:00+00:00,-0.0033646609247961587
2019-10-08 13:30:00+00:00,-0.007392345961043778
2019-10-09 13:30:00+00:00,0.00912574225800621
2019-10-10 13:30:00+00:00,3.726108708013238e-06
2019-10-11 13:30:00+00:00,0.01204472808994449
2019-10-14 13:30:00+00:00,-0.0016750128266368569
2019-10-15 13:30:00+00:00,0.0031552285949063455
2019-10-16 13:30:00+00:00,-0.003646561662187919
2019-10-17 13:30:00+00:00,0.00639049865067508
2019-10-18 13:30:00+00:00,-0.0009581744075463194
2019-10-21 13:30:00+00:00,0.005818739827146968
2019-10-22 13:30:00+00:00,0.0029785143790417193
2019-10-23 13:30:00+00:00,-0.0018348285047855683
2019-10-24 13:30:00+00:00,0.0073201426034603554
2019-10-25 13:30:00+00:00,-0.004401346450879207
2019-10-28 13:30:00+00:00,0.0050739406263864304
2019-10-29 13:30:00+00:00,-0.0016182128064252787
2019-10-30 13:30:00+00:00,0.0007977647792565157
2019-10-31 13:30:00+00:00,0.0011523408625100263
2019-11-01 13:30:00+00:00,0.005048046070737377
2019-11-04 14:30:00+00:00,0.006947077008279556
2019-11-05 14:30:00+00:00,0.0014913202063504439
2019-11-06 14:30:00+00:00,-0.0010614324788193019
2019-11-07 14:30:00+00:00,0.005188601373471202
2019-11-08 14:30:00+00:00,-0.0015048944140916398
2019-11-11 14:30:00+00:00,-0.005297427223401774
2019-11-12 14:30:00+00:00,0.0007021992234601427
2019-11-13 14:30:00+00:00,-0.0037613225963997296
2019-11-14 14:30:00+00:00,-0.002580522515822092
2019-11-15 14:30:00+00:00,0.005261579523723403
2019-11-18 14:30:00+00:00,-0.0014663685810690885
2019-11-19 14:30:00+00:00,0.0031841283273743473
2019-11-20 14:30:00+00:00,-0.0032607651284883962
2019-11-21 14:30:00+00:00,3.365597067682699e-05
2019-11-22 14:30:00+00:00,0.0027602724640856005
2019-11-25 14:30:00+00:00,0.00456796578819495
2019-11-26 14:30:00+00:00,0.00023711665706981365
2019-11-27 14:30:00+00:00,0.0024046637788126437
2019-11-29 14:30:00+00:00,-0.0027616247690177673
2019-12-02 14:30:00+00:00,0.0007505156004305902
2019-12-03 14:30:00+00:00,-0.01261991480827419
2019-12-04 14:30:00+00:00,0.0042201623814417276
2019-12-05 14:30:00+00:00,0.002381683760303666
2019-12-06 14:30:00+00:00,0.007314773967039156
2019-12-09 14:30:00+00:00,-0.0007549878179711311
2019-12-10 14:30:00+00:00,0.00010059455728405062
2019-12-11 14:30:00+00:00,0.0016339969951155609
2019-12-12 14:30:00+00:00,-0.0011040909540748322
2019-12-13 14:30:00+00:00,-0.0004911931795267388
2019-12-16 14:30:00+00:00,0.006360270576935656
2019-12-17 14:30:00+00:00,0.0016289379789340308
2019-12-18 14:30:00+00:00,0.0011795622770298553
2019-12-19 14:30:00+00:00,0.0011720687162692812
2019-12-20 14:30:00+00:00,0.002670283389518902
2019-12-23 14:30:00+00:00,0.002728050152098305
2019-12-24 14:30:00+00:00,0.0009462486897329093
2019-12-26 14:30:00+00:00,0.0018356987195002783
2019-12-27 14:30:00+00:00,0.002901430793857285
2019-12-30 14:30:00+00:00,-0.0003409252135392448
2019-12-31 14:30:00+00:00,-0.003146057427526727
2020-01-02 14:30:00+00:00,0.007351614300569176
2020-01-03 14:30:00+00:00,-0.012831887115949746
2020-01-06 14:30:00+00:00,-0.008665736102925658
2020-01-07 14:30:00+00:00,0.0004699100620775166
2020-01-08 14:30:00+00:00,-0.00016062742819312738
2020-01-09 14:30:00+00:00,0.007899493386099844
2020-01-10 14:30:00+00:00,0.0031075550979211444
2020-01-13 14:30:00+00:00,0.003697789013541886
2020-01-14 14:30:00+00:00,-0.00045792118868160915
2020-01-15 14:30:00+00:00,0.00016263115459967957
2020-01-16 14:30:00+00:00,0.005813357042030442
2020-01-17 14:30:00+00:00,0.003666137139950443
2020-01-21 14:30:00+00:00,-0.0030683985531930855
2020-01-22 14:30:00+00:00,0.0044674582253381055
2020-01-23 14:30:00+00:00,-0.0007447094280558341
2020-01-24 14:30:00+00:00,0.0045508463732350955
2020-01-27 14:30:00+00:00,-0.02398108866119798
2020-01-28 14:30:00+00:00,0.006739766363813337
2020-01-29 14:30:00+00:00,0.005140750464172938
2020-01-30 14:30:00+00:00,-0.007001203272686063
2020-01-31 14:30:00+00:00,0.0026315391640334587
2020-02-03 14:30:00+00:00,0.004247017356374438
2020-02-04 14:30:00+00:00,0.013378255283666974
2020-02-05 14:30:00+00:00,0.011109360177267148
2020-02-06 14:30:00+00:00,0.003296978582890231
2020-02-07 14:30:00+00:00,-0.004854495106143897
2020-02-10 14:30:00+00:00,-0.0029233659199167203
2020-02-11 14:30:00+00:00,0.005352625196625593
2020-02-12 14:30:00+00:00,0.0050519334567680095
2020-02-13 14:30:00+00:00,-0.007186181945206827
2020-02-14 14:30:00+00:00,0.0016432780928254842
2020-02-18 14:30:00+00:00,-0.005457998733131475
2020-02-19 14:30:00+00:00,0.005044423331125303
2020-02-20 14:30:00+00:00,-0.0019314315067893272
2020-02-21 14:30:00+00:00,-0.004505711651475408
2020-02-24 14:30:00+00:00,-0.04063106798928208
2020-02-25 14:30:00+00:00,0.008566900853801619
2020-02-26 14:30:00+00:00,0.005023962711249596
2020-02-27 14:30:00+00:00,-0.026461851954026405
2020-02-28 14:30:00+00:00,-0.03473969076419316
2020-03-02 14:30:00+00:00,0.011545292532634466
2020-03-03 14:30:00+00:00,0.001344307649747012
2020-03-04 14:30:00+00:00,0.017174091853501928
2020-03-05 14:30:00+00:00,-0.025382515915276193
2020-03-06 14:30:00+00:00,-0.03094826239931626
2020-03-09 13:30:00+00:00,-0.07212860352550578
2020-03-10 13:30:00+00:00,0.03374359374225609
2020-03-11 13:30:00+00:00,-0.025027345177817028
2020-03-12 13:30:00+00:00,-0.06970088784105023
2020-03-13 13:30:00+00:00,0.056634475146796856
2020-03-16 13:30:00+00:00,-0.0613263183081786
2020-03-17 13:30:00+00:00,0.024146213031978937
2020-03-18 13:30:00+00:00,-0.059060183346293496
2020-03-19 13:30:00+00:00,0.0008457085870729908
2020-03-20 13:30:00+00:00,0.013533823414129776
2020-03-23 13:30:00+00:00,-0.004786407523122105
2020-03-24 13:30:00+00:00,0.04879901194620716
2020-03-25 13:30:00+00:00,0.00037183420346419425
2020-03-26 13:30:00+00:00,0.01045078454433045
2020-03-27 13:30:00+00:00,-0.03130087076741074
2020-03-30 13:30:00+00:00,0.010707247752243177
2020-03-31 13:30:00+00:00,-0.004485025266842702
2020-04-01 13:30:00+00:00,-0.03134635973621737
2020-04-02 13:30:00+00:00,-0.005959576603300387
2020-04-03 13:30:00+00:00,-0.001440940736249685
2020-04-06 13:30:00+00:00,0.03883757299635991
2020-04-07 13:30:00+00:00,0.02729080245010639
2020-04-08 13:30:00+00:00,0.011115612500083517
2020-04-09 13:30:00+00:00,0.009554039009755034
2020-04-13 13:30:00+00:00,-0.0032753090630960433
2020-04-14 13:30:00+00:00,0.01952668425151959
2020-04-15 13:30:00+00:00,-0.01886293417130359
2020-04-16 13:30:00+00:00,0.010138153746485069
2020-04-17 13:30:00+00:00,0.015736194396402493
2020-04-20 13:30:00+00:00,-0.01128591948310088
2020-04-21 13:30:00+00:00,-0.01178592323139772
2020-04-22 13:30:00+00:00,0.0206327311740122
2020-04-23 13:30:00+00:00,0.0038386067955824446
2020-04-24 13:30:00+00:00,0.004059048603549209
2020-04-27 13:30:00+00:00,0.0095659619794639
2020-04-28 13:30:00+00:00,0.010842556806258442
2020-04-29 13:30:00+00:00,0.022550538056498082
2020-04-30 13:30:00+00:00,-0.0005139708082114835
2020-05-01 13:30:00+00:00,-0.023527481728622967
2020-05-04 13:30:00+00:00,-0.005867596753730842
2020-05-05 13:30:00+00:00,0.011259601657756402
2020-05-06 13:30:00+00:00,0.007344566228248739
2020-05-07 13:30:00+00:00,0.013383778073971387
2020-05-08 13:30:00+00:00,0.008500491649313425
2020-05-11 13:30:00+00:00,-0.007380761334407915
2020-05-12 13:30:00+00:00,0.0034693357113324444
2020-05-13 13:30:00+00:00,0.00028877874334874996
2020-05-14 13:30:00+00:00,-0.008576637983332979
2020-05-15 13:30:00+00:00,-0.011698025805686584
2020-05-18 13:30:00+00:00,0.01793646856447183
2020-05-19 13:30:00+00:00,-0.0008980782672935006
2020-05-20 13:30:00+00:00,0.01302130656585242
2020-05-21 13:30:00+00:00,-0.00016291143060077608
2020-05-22 13:30:00+00:00,-0.0007817619834498246
2020-05-26 13:30:00+00:00,0.018841328267203517
2020-05-27 13:30:00+00:00,0.0005317186102400285
2020-05-28 13:30:00+00:00,-0.002157944709297543
2020-05-29 13:30:00+00:00,0.0013259140703321016
2020-06-01 13:30:00+00:00,-0.0020441989284009196
2020-06-02 13:30:00+00:00,0.001415954067041525
2020-06-03 13:30:00+00:00,0.0044252653704688226
2020-06-04 13:30:00+00:00,-0.003534893548354578
2020-06-05 13:30:00+00:00,0.00902356553117033
2020-06-08 13:30:00+00:00,0.0008537675959423452
2020-06-09 13:30:00+00:00,-0.005899599013829093
2020-06-10 13:30:00+00:00,0.005784245887228356
2020-06-11 13:30:00+00:00,-0.022964409320174416
2020-06-12 13:30:00+00:00,0.02340637144624246
2020-06-15 13:30:00+00:00,-0.01698522214360999
2020-06-16 13:30:00+00:00,0.022906404775206324
2020-06-17 13:30:00+00:00,0.004693863759651184
2020-06-18 13:30:00+00:00,-0.0019212753696820184
2020-06-19 13:30:00+00:00,0.00986475729994728
2020-06-22 13:30:00+00:00,-0.0001633294998531042
2020-06-23 13:30:00+00:00,0.00729320377601671
2020-06-24 13:30:00+00:00,-0.0038951624378296243
2020-06-25 13:30:00+00:00,-0.0010899487434205101
2020-06-26 13:30:00+00:00,-0.002284275013726644
2020-06-29 13:30:00+00:00,0.0013860790682540425
2020-06-30 13:30:00+00:00,1.5417366802761374e-05
2020-07-01 13:30:00+00:00,0.0003871759522648844
2020-07-02 13:30:00+00:00,0.011130349148965147
2020-07-06 13:30:00+00:00,0.014864296487395057
2020-07-07 13:30:00+00:00,-0.0021309698805454078
2020-07-08 13:30:00+00:00,0.006228370000291627
2020-07-09 13:30:00+00:00,0.006687679443650329
2020-07-10 13:30:00+00:00,-0.00027442997321703845
2020-07-13 13:30:00+00:00,0.010493842549188715
2020-07-14 13:30:00+00:00,-0.007855854672177875
2020-07-15 13:30:00+00:00,0.008303391858667675
2020-07-16 13:30:00+00:00,-0.010205702656367232
2020-07-17 13:30:00+00:00,0.0024482037541111337
2020-07-20 13:30:00+00:00,0.0020735397177959916
2020-07-21 13:30:00+00:00,0.00647466781551852
2020-07-22 13:30:00+00:00,0.0005759815516377276
2020-07-23 13:30:00+00:00,-0.0016533047884275231
2020-07-24 13:30:00+00:00,-0.016064349664979948
2020-07-27 13:30:00+00:00,0.005546964500971352
2020-07-28 13:30:00+00:00,-0.0026691575046760116
2020-07-29 13:30:00+00:00,0.006880361893925257
2020-07-30 13:30:00+00:00,-0.008904025131227244
2020-07-31 13:30:00+00:00,0.0144129316153223
2020-08-03 13:30:00+00:00,0.009520058099694351
2020-08-04 13:30:00+00:00,-0.0005503573703966702
2020-08-05 13:30:00+00:00,0.0023403418924257016
2020-08-06 13:30:00+00:00,-0.000865558769998731
2020-08-07 13:30:00+00:00,-0.00329947912307561
2020-08-10 13:30:00+00:00,0.00196611936735035
2020-08-11 13:30:00+00:00,-0.0024431209851560995
2020-08-12 13:30:00+00:00,0.008738114883267024
2020-08-13 13:30:00+00:00,0.001227624250501147
2020-08-14 13:30:00+00:00,-0.00012352416798734324
2020-08-17 13:30:00+00:00,0.005703471767352741
2020-08-18 13:30:00+00:00,0.003585581727713494
2020-08-19 13:30:00+00:00,0.00025322607339782764
2020-08-20 13:30:00+00:00,-0.004591073442862814
2020-08-21 13:30:00+00:00,-0.0006778778877965074
2020-08-24 13:30:00+00:00,0.012051045605982347
2020-08-25 13:30:00+00:00,-0.0009338744749881722
2020-08-26 13:30:00+00:00,0.0042736556953379854
2020-08-27 13:30:00+00:00,0.0018829182384860644
2020-08-28 13:30:00+00:00,0.005400091227171877
2020-08-31 13:30:00+00:00,0.0018819101435540886
2020-09-01 13:30:00+00:00,0.006311639141949088
2020-09-02 13:30:00+00:00,0.008911123796050847
2020-09-03 13:30:00+00:00,-0.01623577740437133
2020-09-04 13:30:00+00:00,-0.005498746485794748
2020-09-08 13:30:00+00:00,-0.03655584305777172
2020-09-09 13:30:00+00:00,0.019910649948438264
2020-09-10 13:30:00+00:00,0.008334250387655995
2020-09-11 13:30:00+00:00,0.008186068437065586
2020-09-14 13:30:00+00:00,0.014327523397217979
2020-09-15 13:30:00+00:00,0.012318731303010633
2020-09-16 13:30:00+00:00,0.002738146249444007
2020-09-17 13:30:00+00:00,-0.023123448610825947
2020-09-18 13:30:00+00:00,0.005689944922752754
2020-09-21 13:30:00+00:00,-0.017068022728985676
2020-09-22 13:30:00+00:00,0.00866720986680768
2020-09-23 13:30:00+00:00,-0.0012692591464667057
2020-09-24 13:30:00+00:00,-0.007809092298420428
2020-09-25 13:30:00+00:00,0.0006674496660261542
2020-09-28 13:30:00+00:00,0.015552117111695896
2020-09-29 13:30:00+00:00,-0.0008672813320671601
2020-09-30 13:30:00+00:00,0.0005901414604993938
2020-10-01 13:30:00+00:00,0.011046663075519925
2020-10-02 13:30:00+00:00,-0.021640571388368623
2020-10-05 13:30:00+00:00,0.00839577014713221
2020-10-06 13:30:00+00:00,-0.0016848203321651156
2020-10-07 13:30:00+00:00,0.010396125564793735
2020-10-08 13:30:00+00:00,0.006829412624008035
2020-10-09 13:30:00+00:00,0.005733049168351367
2020-10-12 13:30:00+00:00,0.013059795541505482
2020-10-13 13:30:00+00:00,0.0020471406405078055
2020-10-14 13:30:00+00:00,0.0020215553946229983
2020-10-15 13:30:00+00:00,-0.017846228999981794
2020-10-16 13:30:00+00:00,0.003994288263204237
2020-10-19 13:30:00+00:00,0.005107553718193702
2020-10-20 13:30:00+00:00,0.0045128364311732725
2020-10-21 13:30:00+00:00,0.001106914066667064
2020-10-22 13:30:00+00:00,0.003581361472809952
2020-10-23 13:30:00+00:00,0.0025073330903670923
2020-10-26 13:30:00+00:00,-0.009420922462159764
2020-10-27 13:30:00+00:00,0.004336981985641575
2020-10-28 13:30:00+00:00,-0.017635044032386925
2020-10-29 13:30:00+00:00,0.005315748549536969
2020-10-30 13:30:00+00:00,-0.007441599176675096
2020-11-02 14:30:00+00:00,0.008960123499704754
2020-11-03 14:30:00+00:00,0.007296667894468578
2020-11-04 14:30:00+00:00,0.025274977337207617
2020-11-05 14:30:00+00:00,0.019359415101189537
2020-11-06 14:30:00+00:00,-0.0018685157870461766
2020-11-09 14:30:00+00:00,0.012630286134246872
2020-11-10 14:30:00+00:00,-0.007897640182574116
2020-11-11 14:30:00+00:00,0.0087965969757977
2020-11-12 14:30:00+00:00,0.001263458903678394
2020-11-13 14:30:00+00:00,0.007188947527317235
2020-11-16 14:30:00+00:00,0.0014064566378162336
2020-11-17 14:30:00+00:00,-0.0010040721246285078
2020-11-18 14:30:00+00:00,-0.00037566852284022224
2020-11-19 14:30:00+00:00,-0.0020115688600873646
2020-11-20 14:30:00+00:00,-0.001108824714285983
2020-11-23 14:30:00+00:00,0.0051121633785409125
2020-11-24 14:30:00+00:00,0.004840831916447452
2020-11-25 14:30:00+00:00,0.001320612083413264
2020-11-27 14:30:00+00:00,0.005256139600373621
2020-11-30 14:30:00+00:00,0.0014075059265736712
2020-12-01 14:30:00+00:00,0.009296061805178047
2020-12-02 14:30:00+00:00,-0.005713899802499822
2020-12-03 14:30:00+00:00,0.0015105799930490327
2020-12-04 14:30:00+00:00,0.001688826336775351
2020-12-07 14:30:00+00:00,-0.00035917915735751417
2020-12-08 14:30:00+00:00,-0.001440282762768652
2020-12-09 14:30:00+00:00,0.0006089773372503938
2020-12-10 14:30:00+00:00,-0.007507468964395592
2020-12-11 14:30:00+00:00,-0.005663484660861318
2020-12-14 14:30:00+00:00,0.005520539870053731
2020-12-15 14:30:00+00:00,0.008197378966497294
2020-12-16 14:30:00+00:00,0.0011687886596158826
2020-12-17 14:30:00+00:00,0.005634614608084332
2020-12-18 14:30:00+00:00,0.0030477065747469448
2020-12-21 14:30:00+00:00,-0.01260427296443246
2020-12-22 14:30:00+00:00,0.003251000970238438
2020-12-23 14:30:00+00:00,0.002009671826285409
2020-12-24 14:30:00+00:00,0.0014996798193431693
2020-12-28 14:30:00+00:00,0.00848348248373786
2020-12-29 14:30:00+00:00,0.005014162261717458
2020-12-30 14:30:00+00:00,0.004280472883754871
2020-12-31 14:30:00+00:00,0.0004508814102563875
2021-01-04 14:30:00+00:00,0.005349854931946385
2021-01-05 14:30:00+00:00,-0.0026829769919173405
2021-01-06 14:30:00+00:00,-0.012020590342597847
2021-01-07 14:30:00+00:00,0.009832649725763244
2021-01-08 14:30:00+00:00,0.006996950175994543
2021-01-11 14:30:00+00:00,-0.011704334340225341
2021-01-12 14:30:00+00:00,0.0018660201011229006
2021-01-13 14:30:00+00:00,0.0010918272652786665
2021-01-14 14:30:00+00:00,0.0033884590166128772
2021-01-15 14:30:00+00:00,-0.0010715250440835988
2021-01-19 14:30:00+00:00,0.010226612205254549
2021-01-20 14:30:00+00:00,0.010915241182567915
2021-01-21 14:30:00+00:00,0.004672926768098928
2021-01-22 14:30:00+00:00,-0.004246105863513272
2021-01-25 14:30:00+00:00,0.01010082573717951
2021-01-26 14:30:00+00:00,0.0032535879244193103
2021-01-27 14:30:00+00:00,-0.010336230912375243
2021-01-28 14:30:00+00:00,0.0038704633730548446
2021-01-29 14:30:00+00:00,-0.00403190372411667
2021-02-01 14:30:00+00:00,0.011796024823550012
2021-02-02 14:30:00+00:00,0.010323479776534573
2021-02-03 14:30:00+00:00,0.007652222158534216
2021-02-04 14:30:00+00:00,0.004566936878896743
2021-02-05 14:30:00+00:00,0.0033214354194230802
2021-02-08 14:30:00+00:00,0.005728378915248233
2021-02-09 14:30:00+00:00,-0.001588409514454836
2021-02-10 14:30:00+00:00,0.006014452256135605
2021-02-11 14:30:00+00:00,0.0051016124551304
2021-02-12 14:30:00+00:00,-0.003419573318865898
2021-02-16 14:30:00+00:00,0.003925423449924181
2021-02-17 14:30:00+00:00,-0.009770732114255175
2021-02-18 14:30:00+00:00,-0.010899500051116517
2021-02-19 14:30:00+00:00,0.004504268632860009
2021-02-22 14:30:00+00:00,-0.011650702951768854
2021-02-23 14:30:00+00:00,-0.020083629486926668
2021-02-24 14:30:00+00:00,-0.004923559573597036
2021-02-25 14:30:00+00:00,-0.006375207243498615
2021-02-26 14:30:00+00:00,0.00854905760599588
2021-03-01 14:30:00+00:00,0.016107161969317375
2021-03-02 14:30:00+00:00,0.0006815328565037305
2021-03-03 14:30:00+00:00,-0.0017872814825736882
2021-03-04 14:30:00+00:00,-0.0034667185185897173
2021-03-05 14:30:00+00:00,0.010633731869922548
2021-03-08 14:30:00+00:00,-0.0013299102192749878
2021-03-09 14:30:00+00:00,0.02479540559086345
2021-03-10 14:30:00+00:00,0.012207814579350707
2021-03-11 14:30:00+00:00,0.015546350206187432
2021-03-12 14:30:00+00:00,-0.013225209635576284
2021-03-15 13:30:00+00:00,0.00017097694005306928
2021-03-16 13:30:00+00:00,0.004614808946230775
2021-03-17 13:30:00+00:00,-0.010095876733468245
2021-03-18 13:30:00+00:00,-0.013112746388848084
2021-03-19 13:30:00+00:00,0.0001844175374534519
2021-03-22 13:30:00+00:00,0.004708088081306394
2021-03-23 13:30:00+00:00,0.00019075961844560184
2021-03-24 13:30:00+00:00,0.004552361193089982
2021-03-25 13:30:00+00:00,-0.009150344779523822
2021-03-26 13:30:00+00:00,0.0013140113163045864
2021-03-29 13:30:00+00:00,-0.0027456697829502216
2021-03-30 13:30:00+00:00,-0.00399371724483556
2021-03-31 13:30:00+00:00,0.00581631726935371
2021-04-01 13:30:00+00:00,0.012540736553704013
2021-04-05 13:30:00+00:00,0.008415511822141387
2021-04-06 13:30:00+00:00,-0.001845267598673106
2021-04-07 13:30:00+00:00,-0.0017848764833832242
2021-04-08 13:30:00+00:00,0.007793276999426213
2021-04-09 13:30:00+00:00,-0.003158000751771761
2021-04-12 13:30:00+00:00,-0.003391321815439896
2021-04-13 13:30:00+00:00,0.0036870177120937766
2021-04-14 13:30:00+00:00,0.00047019233734623143
2021-04-15 13:30:00+00:00,0.008948352875614452
2021-04-16 13:30:00+00:00,0.0013495999844181817
2021-04-19 13:30:00+00:00,-0.004921956085493962
2021-04-20 13:30:00+00:00,-0.0015595692919590065
2021-04-21 13:30:00+00:00,-0.00303770551258965
2021-04-22 13:30:00+00:00,6.849813003472213e-05
2021-04-23 13:30:00+00:00,0.0030088931687317524
2021-04-26 13:30:00+00:00,0.0024376896448203736
2021-04-27 13:30:00+00:00,0.002172464964524712
2021-04-28 13:30:00+00:00,-0.0006279870200303183
2021-04-29 13:30:00+00:00,0.010823006299234928
2021-04-30 13:30:00+00:00,-0.008040276263058598
2021-05-03 13:30:00+00:00,0.004848179382203488
2021-05-04 13:30:00+00:00,-0.008780051021171974
2021-05-05 13:30:00+00:00,0.007061028555580095
2021-05-06 13:30:00+00:00,-0.001910416986916863
2021-05-07 13:30:00+00:00,0.006520044028565086
2021-05-10 13:30:00+00:00,-0.004801080662000146
2021-05-11 13:30:00+00:00,-0.021441122402768086
2021-05-12 13:30:00+00:00,-0.013090803729854505
2021-05-13 13:30:00+00:00,0.009051601715770675
2021-05-14 13:30:00+00:00,0.009855066930853463
2021-05-17 13:30:00+00:00,-0.0046555288933487595
2021-05-18 13:30:00+00:00,0.00272909373162199
2021-05-19 13:30:00+00:00,-0.017046431556155272
2021-05-20 13:30:00+00:00,0.004177500720687888
2021-05-21 13:30:00+00:00,0.00584353865540298
2021-05-24 13:30:00+00:00,0.006300400049469734
2021-05-25 13:30:00+00:00,0.004319103014803527
2021-05-26 13:30:00+00:00,0.0025923958640658887
2021-05-27 13:30:00+00:00,0.00023409839496290062
2021-05-28 13:30:00+00:00,0.003960016987120107
2021-06-01 13:30:00+00:00,0.005741941484695745
2021-06-02 13:30:00+00:00,0.0003921031730347192
2021-06-03 13:30:00+00:00,-0.007411548760009723
2021-06-04 13:30:00+00:00,0.005977356864064853
2021-06-07 13:30:00+00:00,-0.000944759500858161
2021-06-08 13:30:00+00:00,0.004553644304162707
2021-06-09 13:30:00+00:00,0.0038727590253191282
2021-06-10 13:30:00+00:00,0.0014907332156270825
2021-06-11 13:30:00+00:00,0.000650305534276574
2021-06-14 13:30:00+00:00,0.0008986058249391582
2021-06-15 13:30:00+00:00,-0.0006291326448040313
2021-06-16 13:30:00+00:00,0.0008016967985182589
2021-06-17 13:30:00+00:00,-0.0029882286198881333
2021-06-18 13:30:00+00:00,-0.0046489959397904125
2021-06-21 13:30:00+00:00,0.0011145101704177374
2021-06-22 13:30:00+00:00,-0.00032560789830672333
2021-06-23 13:30:00+00:00,0.0006093356047420673
2021-06-24 13:30:00+00:00,0.005893601314661978
2021-06-25 13:30:00+00:00,0.002064247535930919
2021-06-28 13:30:00+00:00,0.0038984933055940976
2021-06-29 13:30:00+00:00,0.0004986454409401265
2021-06-30 13:30:00+00:00,-0.0013720297963099148
2021-07-01 13:30:00+00:00,-0.0008073773342324286
2021-07-02 13:30:00+00:00,0.00407291011710974
2021-07-06 13:30:00+00:00,0.0014178103399486886
2021-07-07 13:30:00+00:00,0.006021979942548927
2021-07-08 13:30:00+00:00,-0.017546869122710872
2021-07-09 13:30:00+00:00,0.0011808856804331636
2021-07-12 13:30:00+00:00,0.0027527178702080215
2021-07-13 13:30:00+00:00,-0.001329217149411932
2021-07-14 13:30:00+00:00,0.00693450465518296
2021-07-15 13:30:00+00:00,-0.0007261490652208491
2021-07-16 13:30:00+00:00,0.0036392145467096684
2021-07-19 13:30:00+00:00,-0.013356850410606979
2021-07-20 13:30:00+00:00,0.003786484630150733
2021-07-21 13:30:00+00:00,0.0005807503246648583
2021-07-22 13:30:00+00:00,0.0013194643210754254
2021-07-23 13:30:00+00:00,0.004562024349223248
2021-07-26 13:30:00+00:00,-0.001175687230724376
2021-07-27 13:30:00+00:00,-0.0023074257708174503
2021-07-28 13:30:00+00:00,0.003657019015037777
2021-07-29 13:30:00+00:00,0.0004818660223715355
2021-07-30 13:30:00+00:00,-0.011089802508937773
2021-08-02 13:30:00+00:00,0.005755775748188518
2021-08-03 13:30:00+00:00,0.0021423380022211782
2021-08-04 13:30:00+00:00,-0.001053851464725708
2021-08-05 13:30:00+00:00,0.0008167333266690835
2021-08-06 13:30:00+00:00,-0.0021745311472408766
2021-08-09 13:30:00+00:00,0.0012480940859085244
2021-08-10 13:30:00+00:00,0.0017553148804245633
2021-08-11 13:30:00+00:00,0.003030224359710887
2021-08-12 13:30:00+00:00,-0.0010332317338738295
2021-08-13 13:30:00+00:00,0.0004946539149808138
2021-08-16 13:30:00+00:00,-0.0035655914722323542
2021-08-17 13:30:00+00:00,-0.0084278488541344
2021-08-18 13:30:00+00:00,-0.0014604809404735852
2021-08-19 13:30:00+00:00,-0.00717356708769058
2021-08-20 13:30:00+00:00,0.0019451563593690824
2021-08-23 13:30:00+00:00,0.004135253267030447
2021-08-24 13:30:00+00:00,0.0022750309941512617
2021-08-25 13:30:00+00:00,0.0011803412162656346
2021-08-26 13:30:00+00:00,-0.0012095987662035345
2021-08-27 13:30:00+00:00,0.001503122321663486
2021-08-30 13:30:00+00:00,0.002308568008691603
2021-08-31 13:30:00+00:00,-0.00029715625451988127
2021-09-01 13:30:00+00:00,0.0031596796177930544
2021-09-02 13:30:00+00:00,0.003106520716434236
2021-09-03 13:30:00+00:00,-0.0012590452667179508
2021-09-07 13:30:00+00:00,0.0007110731056547582
2021-09-08 13:30:00+00:00,-0.0010093384023211027
2021-09-09 13:30:00+00:00,0.0005162192667349408
2021-09-10 13:30:00+00:00,0.005452763226927659
2021-09-13 13:30:00+00:00,0.006247095042066097
2021-09-14 13:30:00+00:00,0.0040620458706213
2021-09-15 13:30:00+00:00,0.002133050577238327
2021-09-16 13:30:00+00:00,-0.00283326167874377
2021-09-17 13:30:00+00:00,-0.0013224784749231832
2021-09-20 13:30:00+00:00,-0.019099644596487175
2021-09-21 13:30:00+00:00,0.0059799623867577865
2021-09-22 13:30:00+00:00,0.0035747580215881205
2021-09-23 13:30:00+00:00,0.0041391775631041015
2021-09-24 13:30:00+00:00,-0.006121022877745974
2021-09-27 13:30:00+00:00,-0.0063149369404390645
2021-09-28 13:30:00+00:00,-0.012308425866133465
2021-09-29 13:30:00+00:00,0.004588368533412035
2021-09-30 13:30:00+00:00,0.004734416377274442
2021-10-01 13:30:00+00:00,0.0031079006465952633
2021-10-04 13:30:00+00:00,-0.005151252317850086
2021-10-05 13:30:00+00:00,0.003925110408469645
2021-10-06 13:30:00+00:00,-0.010102880872992503
2021-10-07 13:30:00+00:00,0.008856726875150257
2021-10-08 13:30:00+00:00,0.0026774082889480136
2021-10-11 13:30:00+00:00,-0.0028065298926972623
2021-10-12 13:30:00+00:00,0.003551036691776133
2021-10-13 13:30:00+00:00,0.004825369446588501
2021-10-14 13:30:00+00:00,0.009909879126961608
2021-10-15 13:30:00+00:00,0.004474551794324755
2021-10-18 13:30:00+00:00,-0.003966435885811148
2021-10-19 13:30:00+00:00,0.003316386838069441
2021-10-20 13:30:00+00:00,0.0019430942356237658
2021-10-21 13:30:00+00:00,-0.0012162703589372436
2021-10-22 13:30:00+00:00,-0.0038875274928362844
2021-10-25 13:30:00+00:00,0.003393639970321594
2021-10-26 13:30:00+00:00,0.005862551286220918
2021-10-27 13:30:00+00:00,0.002544447758968882
2021-10-28 13:30:00+00:00,0.004422257475242819
2021-10-29 13:30:00+00:00,-0.008180599916239328
2021-11-01 13:30:00+00:00,0.002666101392464471
2021-11-02 13:30:00+00:00,-0.0008655497838414683
2021-11-03 13:30:00+00:00,0.00046997764145072517
2021-11-04 13:30:00+00:00,0.0023134309197088035
2021-11-05 13:30:00+00:00,0.003867927957798212
2021-11-08 14:30:00+00:00,0.0014108003053272423
2021-11-09 14:30:00+00:00,0.002513477004097087
2021-11-10 14:30:00+00:00,-0.008452995365020432
2021-11-11 14:30:00+00:00,0.008180901169577693
2021-11-12 14:30:00+00:00,0.0029781317518742137
2021-11-15 14:30:00+00:00,0.002034823594907909
2021-11-16 14:30:00+00:00,-0.000953376133137962
2021-11-17 14:30:00+00:00,-0.00011503921843015732
2021-11-18 14:30:00+00:00,0.003154662380683504
2021-11-19 14:30:00+00:00,0.002929328119043884
2021-11-22 14:30:00+00:00,0.0038532758950882043
2021-11-23 14:30:00+00:00,-0.002954648464817977
2021-11-24 14:30:00+00:00,-0.006265382227512173
2021-11-26 14:30:00+00:00,-0.011513566138667063
2021-11-29 14:30:00+00:00,0.014602088951590531
2021-11-30 14:30:00+00:00,-0.004302673271945901
2021-12-01 14:30:00+00:00,0.013710231484114866
2021-12-02 14:30:00+00:00,-0.004835102685013093
2021-12-03 14:30:00+00:00,0.002980987033277527
2021-12-06 14:30:00+00:00,0.002031863099587239
2021-12-07 14:30:00+00:00,0.018668928929658202
2021-12-08 14:30:00+00:00,0.00013780759821412368
2021-12-09 14:30:00+00:00,-0.004309174410446548
2021-12-10 14:30:00+00:00,0.007131877935179431
2021-12-13 14:30:00+00:00,-0.0006969110819910029
2021-12-14 14:30:00+00:00,-0.01290196745919504
2021-12-15 14:30:00+00:00,-0.0005547743390631576
2021-12-16 14:30:00+00:00,0.003979513881351637
2021-12-17 14:30:00+00:00,-0.009563510533453067
2021-12-20 14:30:00+00:00,-0.015702154585704686
2021-12-21 14:30:00+00:00,0.010546144583583262
2021-12-22 14:30:00+00:00,-0.0015294738980968891
2021-12-23 14:30:00+00:00,0.001375360999445341
2021-12-27 14:30:00+00:00,0.0026763964317040203
2021-12-28 14:30:00+00:00,0.0014084139533367846
2021-12-29 14:30:00+00:00,0.0007364231237918406
2021-12-30 14:30:00+00:00,-0.0005591625600842697
2021-12-31 14:30:00+00:00,-0.0012847246760525732
2022-01-03 14:30:00+00:00,0.005494787012523916
2022-01-04 14:30:00+00:00,0.0011215049762882568
2022-01-05 14:30:00+00:00,-0.004936518329393691
2022-01-06 14:30:00+00:00,-0.0051343493909875694
2022-01-07 14:30:00+00:00,0.0008853134803718965
2022-01-10 14:30:00+00:00,-0.012427353046828637
2022-01-11 14:30:00+00:00,-0.0016773660261656497
2022-01-12 14:30:00+00:00,0.0071359372056680635
2022-01-13 14:30:00+00:00,0.003629848386581747
2022-01-14 14:30:00+00:00,-0.006771932842343909
2022-01-18 14:30:00+00:00,-0.01432878199748212
2022-01-19 14:30:00+00:00,0.005091966161577577
2022-01-20 14:30:00+00:00,0.008448648752086053
2022-01-21 14:30:00+00:00,-0.007716197254037505
2022-01-24 14:30:00+00:00,-0.020974543791802424
2022-01-25 14:30:00+00:00,-0.017729554373792433
2022-01-26 14:30:00+00:00,0.024456641539420277
2022-01-27 14:30:00+00:00,0.012369991089000266
2022-01-28 14:30:00+00:00,0.0061855589458743475
2022-01-31 14:30:00+00:00,0.0029223960404689444
2022-02-01 14:30:00+00:00,0.0025369467296436523
2022-02-02 14:30:00+00:00,0.010249207204970013
2022-02-03 14:30:00+00:00,-0.025882447891502635
2022-02-04 14:30:00+00:00,0.005639692168091004
2022-02-07 14:30:00+00:00,0.001373986313172304
2022-02-08 14:30:00+00:00,-0.0023289504924942747
2022-02-09 14:30:00+00:00,0.012137878786940604
2022-02-10 14:30:00+00:00,-0.018159609766426953
2022-02-11 14:30:00+00:00,0.0018724502696698564
2022-02-14 14:30:00+00:00,-0.0017083258781354193
2022-02-15 14:30:00+00:00,0.014856200659089758
2022-02-16 14:30:00+00:00,-0.007231651840022846
2022-02-17 14:30:00+00:00,-0.008589001088842318
2022-02-18 14:30:00+00:00,0.001261890046227554
2022-02-22 14:30:00+00:00,-0.009231186809929636
2022-02-23 14:30:00+00:00,0.009632113639700835
2022-02-24 14:30:00+00:00,-0.03458595883715755
2022-02-25 14:30:00+00:00,0.0007661330803694244
2022-02-28 14:30:00+00:00,-0.009139318944461749
2022-03-01 14:30:00+00:00,-0.0026233935691493235
2022-03-02 14:30:00+00:00,0.004708461483561066
2022-03-03 14:30:00+00:00,0.006122381542256405
2022-03-04 14:30:00+00:00,-0.006209493638790431
2022-03-07 14:30:00+00:00,0.0010206661383882377
2022-03-08 14:30:00+00:00,-0.0025097902237347755
2022-03-09 14:30:00+00:00,0.024764143821975438
2022-03-10 14:30:00+00:00,-0.011959198420944405
2022-03-11 14:30:00+00:00,0.007501666007317709
2022-03-14 13:30:00+00:00,-0.0038908887435968984
2022-03-15 13:30:00+00:00,0.008167142967696817
2022-03-16 13:30:00+00:00,0.013086733293175657
2022-03-17 13:30:00+00:00,-0.005743567673789707
2022-03-18 13:30:00+00:00,-0.003783525522835129
2022-03-21 13:30:00+00:00,-0.002507555844077702
2022-03-22 13:30:00+00:00,0.0019211589036245314
2022-03-23 13:30:00+00:00,-0.008496924796046811
2022-03-24 13:30:00+00:00,0.005554166989905507
2022-03-25 13:30:00+00:00,0.00010292526157339452
2022-03-28 13:30:00+00:00,0.00045826020756399864
2022-03-29 13:30:00+00:00,0.010035163174487483
2022-03-30 13:30:00+00:00,-0.004275876160807057
2022-03-31 13:30:00+00:00,7.384678925069785e-05
2022-04-01 13:30:00+00:00,0.0033464804242768656
2022-04-04 13:30:00+00:00,0.002904565394593817
2022-04-05 13:30:00+00:00,-0.0030100219597292252
2022-04-06 13:30:00+00:00,-0.014292300208936803
2022-04-07 13:30:00+00:00,-0.002067775340890765
2022-04-08 13:30:00+00:00,-0.004908853450974593
2022-04-11 13:30:00+00:00,-0.012040045287542888
2022-04-12 13:30:00+00:00,0.012778838682271577
2022-04-13 13:30:00+00:00,1.590296810926048e-05
2022-04-14 13:30:00+00:00,0.00018143940077174357
2022-04-18 13:30:00+00:00,-0.0024736229205473245
2022-04-19 13:30:00+00:00,-0.0015941031707611519
2022-04-20 13:30:00+00:00,0.003256891878210311
2022-04-21 13:30:00+00:00,0.012583341337624388
2022-04-22 13:30:00+00:00,-0.0005440790278323892
2022-04-25 13:30:00+00:00,-0.007119088821369146
2022-04-26 13:30:00+00:00,-0.006775169103833367
2022-04-27 13:30:00+00:00,0.0007117732213817063
2022-04-28 13:30:00+00:00,0.017830332675876182
2022-04-29 13:30:00+00:00,-0.012616798557742347
2022-05-02 13:30:00+00:00,-0.0003391005196794582
2022-05-03 13:30:00+00:00,-0.00205912029741796
2022-05-04 13:30:00+00:00,0.0007732022364050795
2022-05-05 13:30:00+00:00,-0.01377857543418327
2022-05-06 13:30:00+00:00,-0.005852730348841717
2022-05-09 13:30:00+00:00,-0.01834916300341617
2022-05-10 13:30:00+00:00,0.023739274191813865
2022-05-11 13:30:00+00:00,-0.007946498494846754
2022-05-12 13:30:00+00:00,-0.01461836910979154
2022-05-13 13:30:00+00:00,0.016170373500615776
2022-05-16 13:30:00+00:00,-0.006695540157772084
2022-05-17 13:30:00+00:00,0.02071665473050176
2022-05-18 13:30:00+00:00,-0.016274185643784588
2022-05-19 13:30:00+00:00,-0.004807417415357518
2022-05-20 13:30:00+00:00,0.013437333439434419
2022-05-23 13:30:00+00:00,0.0035690048473695393
2022-05-24 13:30:00+00:00,-0.018203530307355564
2022-05-25 13:30:00+00:00,-0.003599498083928132
2022-05-26 13:30:00+00:00,-0.002277608770695505
2022-05-27 13:30:00+00:00,0.010890876550207141
2022-05-31 13:30:00+00:00,0.00042840554110966665
2022-06-01 13:30:00+00:00,0.007804719802854121
2022-06-02 13:30:00+00:00,-0.004176019145232035
2022-06-03 13:30:00+00:00,-0.01794379725964058
2022-06-06 13:30:00+00:00,0.015516733419851814
2022-06-07 13:30:00+00:00,-0.011339232819978406
2022-06-08 13:30:00+00:00,-0.0023956604710062665
2022-06-09 13:30:00+00:00,-0.005875132228106217
2022-06-10 13:30:00+00:00,-0.017995734348304825
2022-06-13 13:30:00+00:00,-0.031243678447974498
2022-06-14 13:30:00+00:00,0.00805962052108965
2022-06-15 13:30:00+00:00,0.012833714398059904
2022-06-16 13:30:00+00:00,-0.026510207003105035
2022-06-17 13:30:00+00:00,0.004732774180244525
2022-06-21 13:30:00+00:00,0.01617102304225825
2022-06-22 13:30:00+00:00,-0.01160475744825985
2022-06-23 13:30:00+00:00,0.007553939786650854
2022-06-24 13:30:00+00:00,0.010505156792049986
2022-06-27 13:30:00+00:00,0.0045003757465693515
2022-06-28 13:30:00+00:00,0.0014350213229416986
2022-06-29 13:30:00+00:00,-0.0020067420431817526
2022-06-30 13:30:00+00:00,-0.011697864401499235
2022-07-01 13:30:00+00:00,-0.0020866417908465104
2022-07-05 13:30:00+00:00,-0.014808135679431855
2022-07-06 13:30:00+00:00,0.001283132306489454
2022-07-07 13:30:00+00:00,0.005246840707156852
2022-07-08 13:30:00+00:00,-0.010231289546398192
2022-07-11 13:30:00+00:00,-0.00962439943843486
2022-07-12 13:30:00+00:00,0.004146174201252284
2022-07-13 13:30:00+00:00,-0.01858074968504776
2022-07-14 13:30:00+00:00,-0.008668075667665264
2022-07-15 13:30:00+00:00,0.0112916765231179
2022-07-18 13:30:00+00:00,0.009436825169489394
2022-07-19 13:30:00+00:00,0.013539922181376552
2022-07-20 13:30:00+00:00,0.0010046945265344998
2022-07-21 13:30:00+00:00,0.0012868284458082857
2022-07-22 13:30:00+00:00,-0.0029392488129239666
2022-07-25 13:30:00+00:00,0.00022529774192036066
2022-07-26 13:30:00+00:00,-0.006986355043084214
2022-07-27 13:30:00+00:00,0.016645421818380902
2022-07-28 13:30:00+00:00,0.00023746718460325732
2022-07-29 13:30:00+00:00,0.006239158594344862
2022-08-01 13:30:00+00:00,-0.0059697672387764135
2022-08-02 13:30:00+00:00,-0.00667374688887491
2022-08-03 13:30:00+00:00,0.00679221858533684
2022-08-04 13:30:00+00:00,0.00044308460957575023
2022-08-05 13:30:00+00:00,-0.014390250312570251
2022-08-08 13:30:00+00:00,0.0035476192144154764
2022-08-09 13:30:00+00:00,-0.00697808944242585
2022-08-10 13:30:00+00:00,0.02387250102080828
2022-08-11 13:30:00+00:00,0.006902871237222541
2022-08-12 13:30:00+00:00,0.006660565059234613
2022-08-15 13:30:00+00:00,-0.003975205711718177
2022-08-16 13:30:00+00:00,-0.0035590176702243845
2022-08-17 13:30:00+00:00,-0.010320905386453038
2022-08-18 13:30:00+00:00,-0.0001255120621860394
2022-08-19 13:30:00+00:00,-0.01036354219046155
2022-08-22 13:30:00+00:00,-0.014429509778714943
2022-08-23 13:30:00+00:00,-0.00019693401420074465
2022-08-24 13:30:00+00:00,-0.0005966695063931548
2022-08-25 13:30:00+00:00,0.005920163415433321
2022-08-26 13:30:00+00:00,-0.0007874964651648608
2022-08-29 13:30:00+00:00,-0.010037657598327542
2022-08-30 13:30:00+00:00,0.006173233407773526
2022-08-31 13:30:00+00:00,0.007424940758123488
2022-09-01 13:30:00+00:00,-0.009304292736013863
2022-09-02 13:30:00+00:00,0.00957403556504487
2022-09-06 13:30:00+00:00,0.0009463475191984095
2022-09-07 13:30:00+00:00,0.0011533425004321863
2022-09-08 13:30:00+00:00,-0.009601440425291884
2022-09-09 13:30:00+00:00,0.008033486119537015
2022-09-12 13:30:00+00:00,0.0050708436786084275
2022-09-13 13:30:00+00:00,-0.029252831299652515
2022-09-14 13:30:00+00:00,0.003926265582430133
2022-09-15 13:30:00+00:00,-0.007475581537198084
2022-09-16 13:30:00+00:00,-0.013183940080224065
2022-09-19 13:30:00+00:00,-0.009693486808422535
2022-09-20 13:30:00+00:00,-0.008325376866979439
2022-09-21 13:30:00+00:00,0.003502623791899129
2022-09-22 13:30:00+00:00,-0.004806742475178327
2022-09-23 13:30:00+00:00,-0.010411837381853261
2022-09-26 13:30:00+00:00,-0.0032790603804916493
2022-09-27 13:30:00+00:00,0.014004530838830343
2022-09-28 13:30:00+00:00,-0.0012062808763100396
2022-09-29 13:30:00+00:00,-0.014324063012425958
2022-09-30 13:30:00+00:00,-0.0038066140619415043
2022-10-03 13:30:00+00:00,0.007785083570841944
2022-10-04 13:30:00+00:00,0.022024875846501136
2022-10-05 13:30:00+00:00,-0.013855779559416647
2022-10-06 13:30:00+00:00,-0.0018580269874223343
2022-10-07 13:30:00+00:00,-0.01780286431804935
2022-10-10 13:30:00+00:00,0.0006087421060649745
2022-10-11 13:30:00+00:00,-0.005576090563227287
2022-10-12 13:30:00+00:00,0.0009367708498515426
2022-10-13 13:30:00+00:00,-0.027485674282912608
2022-10-14 13:30:00+00:00,0.00869499079757129
2022-10-17 13:30:00+00:00,0.02453435165690031
2022-10-18 13:30:00+00:00,0.02689473903219518
2022-10-19 13:30:00+00:00,-0.007813305976336681
2022-10-20 13:30:00+00:00,-0.002262781541508951
2022-10-21 13:30:00+00:00,-0.0037552416483556225
2022-10-24 13:30:00+00:00,0.0005768670023333811
2022-10-25 13:30:00+00:00,0.003950118974028072
2022-10-26 13:30:00+00:00,-0.020646309310885968
2022-10-27 13:30:00+00:00,-1.2500064534581772e-05
2022-10-28 13:30:00+00:00,-0.0025525651904585553
2022-10-31 13:30:00+00:00,-0.006767042545595137
2022-11-01 13:30:00+00:00,0.015060863095952327
2022-11-02 13:30:00+00:00,-0.0006362156268298169
2022-11-03 13:30:00+00:00,-0.012009928141262349
2022-11-04 13:30:00+00:00,0.01973954371051122
2022-11-07 14:30:00+00:00,0.0038798983019498914
2022-11-08 14:30:00+00:00,0.0043498703465349895
2022-11-09 14:30:00+00:00,-0.00836566929651018
2022-11-10 14:30:00+00:00,0.04973980789398168
2022-11-11 14:30:00+00:00,0.0008537039721849716
2022-11-14 14:30:00+00:00,-0.007997825717609774
2022-11-15 14:30:00+00:00,0.024783451088096643
2022-11-16 14:30:00+00:00,-0.008755308755592394
2022-11-17 14:30:00+00:00,-0.01574695564154872
2022-11-18 14:30:00+00:00,0.009953854395191131
2022-11-21 14:30:00+00:00,-0.005038947646944692
2022-11-22 14:30:00+00:00,0.0029885549934991376
2022-11-23 14:30:00+00:00,-8.208448502423629e-05
2022-11-25 14:30:00+00:00,-0.004913360276520684
2022-11-28 14:30:00+00:00,-0.007118306610078962
2022-11-29 14:30:00+00:00,0.0008520368568713966
2022-11-30 14:30:00+00:00,0.0009397077864545689
2022-12-01 14:30:00+00:00,0.0005252111854725406
2022-12-02 14:30:00+00:00,-0.015259683651060906
2022-12-05 14:30:00+00:00,-0.007124365538978339
2022-12-06 14:30:00+00:00,-0.001124961643219302
2022-12-07 14:30:00+00:00,-0.004724599496757198
2022-12-08 14:30:00+00:00,0.004716355665502758
2022-12-09 14:30:00+00:00,-0.004055069312849613
2022-12-12 14:30:00+00:00,0.000886890183109379
2022-12-13 14:30:00+00:00,0.03571379330288947
2022-12-14 14:30:00+00:00,-0.0008746179330861969
2022-12-15 14:30:00+00:00,-0.01426803282737089
2022-12-16 14:30:00+00:00,-0.004068389111347337
2022-12-19 14:30:00+00:00,8.964929020626186e-05
2022-12-20 14:30:00+00:00,-0.005328566917628075
2022-12-21 14:30:00+00:00,0.0041561087294255
2022-12-22 14:30:00+00:00,-0.011576880050372062
2022-12-23 14:30:00+00:00,-0.003762626693688664
2022-12-27 14:30:00+00:00,-0.0034978278125685877
2022-12-28 14:30:00+00:00,-0.001455158998908479
2022-12-29 14:30:00+00:00,0.01049109468753805
2022-12-30 14:30:00+00:00,-0.010571348136792846
2023-01-03 14:30:00+00:00,0.00903192374914118
2023-01-04 14:30:00+00:00,0.007682805021460559
2023-01-05 14:30:00+00:00,-0.006644771736461175
2023-01-06 14:30:00+00:00,0.005598045385359451
2023-01-09 14:30:00+00:00,0.008681060030474076
2023-01-10 14:30:00+00:00,-0.0027261359706897245
2023-01-11 14:30:00+00:00,0.0047740720041255956
2023-01-12 14:30:00+00:00,0.0033386186208184013
2023-01-13 14:30:00+00:00,-0.00871091123170743
2023-01-17 14:30:00+00:00,-0.0009267915727198095
2023-01-18 14:30:00+00:00,0.006735429423134975
2023-01-19 14:30:00+00:00,-0.006179156304941047
2023-01-20 14:30:00+00:00,0.0065705517027147995
2023-01-23 14:30:00+00:00,0.002728503304756369
2023-01-24 14:30:00+00:00,-0.0055099128687455924
2023-01-25 14:30:00+00:00,-0.01666386036125923
2023-01-26 14:30:00+00:00,0.012720243902375906
2023-01-27 14:30:00+00:00,-0.003743062496755389
2023-01-30 14:30:00+00:00,-0.009510845525754107
2023-01-31 14:30:00+00:00,0.0003186929562988162
2023-02-01 14:30:00+00:00,-0.0010849460222772777
2023-02-02 14:30:00+00:00,0.02095816967925045
2023-02-03 14:30:00+00:00,-0.020914990667251453
2023-02-06 14:30:00+00:00,-0.008640056999864264
2023-02-07 14:30:00+00:00,0.00021964842123999305
2023-02-08 14:30:00+00:00,-0.003787526507472505
2023-02-09 14:30:00+00:00,0.013214287232301548
2023-02-10 14:30:00+00:00,-0.006459893079578183
2023-02-13 14:30:00+00:00,0.0033962712579134083
2023-02-14 14:30:00+00:00,-0.00712920615613134
2023-02-15 14:30:00+00:00,-0.004701135574401783
2023-02-16 14:30:00+00:00,-0.014538422288678753
2023-02-17 14:30:00+00:00,-0.006706882656788882
2023-02-21 14:30:00+00:00,-0.012562548147647356
2023-02-22 14:30:00+00:00,0.0020667021438862568
2023-02-23 14:30:00+00:00,0.011185181325340066
2023-02-24 14:30:00+00:00,-0.01616680501526303
2023-02-27 14:30:00+00:00,0.010628445730308512
2023-02-28 14:30:00+00:00,-0.0014892640792328992
2023-03-01 14:30:00+00:00,-0.0007948568911074871
2023-03-02 14:30:00+00:00,-0.009389610170719164
2023-03-03 14:30:00+00:00,0.005279920348213218
2023-03-06 14:30:00+00:00,0.003994474427016603
2023-03-07 14:30:00+00:00,-0.0005076628572967645
2023-03-08 14:30:00+00:00,0.001873904083472755
2023-03-09 14:30:00+00:00,9.951367592430102e-05
2023-03-10 14:30:00+00:00,-0.001245603924733507
2023-03-13 13:30:00+00:00,-0.008846804266407948
2023-03-14 13:30:00+00:00,0.01499456095167372
2023-03-15 13:30:00+00:00,-0.012086232598266366
2023-03-16 13:30:00+00:00,-0.004401160860768483
2023-03-17 13:30:00+00:00,-0.0018871408039091819
2023-03-20 13:30:00+00:00,-0.0014860198316624218
2023-03-21 13:30:00+00:00,0.0075441860249203406
2023-03-22 13:30:00+00:00,-0.00032009504845421634
2023-03-23 13:30:00+00:00,0.012013182224760877
2023-03-24 13:30:00+00:00,-0.003474813115633146
2023-03-27 13:30:00+00:00,0.0036703170741678617
2023-03-28 13:30:00+00:00,-0.0014663265316282703
2023-03-29 13:30:00+00:00,0.011807546269291692
2023-03-30 13:30:00+00:00,0.006960897590741355
2023-03-31 13:30:00+00:00,0.00140417097735267
2023-04-03 13:30:00+00:00,-0.006303638509094001
2023-04-04 13:30:00+00:00,0.0014620096688053752
2023-04-05 13:30:00+00:00,-0.003775498870049809
2023-04-06 13:30:00+00:00,-0.004916282906050074
2023-04-10 13:30:00+00:00,-0.009434087678120495
2023-04-11 13:30:00+00:00,-0.00044094623692404457
2023-04-12 13:30:00+00:00,0.0064650783704911395
2023-04-13 13:30:00+00:00,0.0056069443084620805
2023-04-14 13:30:00+00:00,-0.0040748728955728565
2023-04-17 13:30:00+00:00,-0.001357004649346416
2023-04-18 13:30:00+00:00,0.006220251287099454
2023-04-19 13:30:00+00:00,-0.007483151526722309
2023-04-20 13:30:00+00:00,-0.009818528486294952
2023-04-21 13:30:00+00:00,-0.0012218732156940137
2023-04-24 13:30:00+00:00,-0.0016730211105645653
2023-04-25 13:30:00+00:00,-0.005781605679918156
2023-04-26 13:30:00+00:00,0.009567663714148179
2023-04-27 13:30:00+00:00,0.00983734663914725
2023-04-28 13:30:00+00:00,-0.002134237079461931
2023-05-01 13:30:00+00:00,-0.0014519948613492927
2023-05-02 13:30:00+00:00,-0.0012938554109157673
2023-05-03 13:30:00+00:00,0.0012683423761252644
2023-05-04 13:30:00+00:00,-0.002427606327074294
2023-05-05 13:30:00+00:00,0.008810773443285392
2023-05-08 13:30:00+00:00,-0.0004048911889639294
2023-05-09 13:30:00+00:00,-0.005088173931721907
2023-05-10 13:30:00+00:00,0.008694278383038146
2023-05-11 13:30:00+00:00,0.0011041935295725725
2023-05-12 13:30:00+00:00,0.0016852738119548128
2023-05-15 13:30:00+00:00,0.0012374061792552627
2023-05-16 13:30:00+00:00,-0.00318609044007746
2023-05-17 13:30:00+00:00,0.0035887377234926523
2023-05-18 13:30:00+00:00,0.0009639358329276316
2023-05-19 13:30:00+00:00,0.0015250592994644375
2023-05-22 13:30:00+00:00,0.0004166764519133338
2023-05-23 13:30:00+00:00,-0.005437753594155226
2023-05-24 13:30:00+00:00,-0.006338757314742993
2023-05-25 13:30:00+00:00,0.017704984128325208
2023-05-26 13:30:00+00:00,0.0029185703989065173
2023-05-30 13:30:00+00:00,0.010181470601538834
2023-05-31 13:30:00+00:00,-0.00386800995780302
2023-06-01 13:30:00+00:00,0.0006089073261834499
2023-06-02 13:30:00+00:00,0.006731549761751487
2023-06-05 13:30:00+00:00,-0.00027287986884728656
2023-06-06 13:30:00+00:00,-0.0023555653913179928
2023-06-07 13:30:00+00:00,0.0013190454852183176
2023-06-08 13:30:00+00:00,0.0005386268018478968
2023-06-09 13:30:00+00:00,0.005479937923808398
2023-06-12 13:30:00+00:00,0.0049705000876827275
2023-06-13 13:30:00+00:00,0.0076708344849469754
2023-06-14 13:30:00+00:00,-0.0003033947570631023
2023-06-15 13:30:00+00:00,-0.0040335605448834745
2023-06-16 13:30:00+00:00,0.005432249443232384
2023-06-20 13:30:00+00:00,-0.0035537441539950196
2023-06-21 13:30:00+00:00,-0.003496424729578906
2023-06-22 13:30:00+00:00,-0.004454108086984998
2023-06-23 13:30:00+00:00,-0.010848656032904979
2023-06-26 13:30:00+00:00,-0.0018624059627947553
2023-06-27 13:30:00+00:00,0.003909493667873398
2023-06-28 13:30:00+00:00,-0.0037627028329214715
2023-06-29 13:30:00+00:00,-5.509396784809653e-05
2023-06-30 13:30:00+00:00,0.009365621825494486
2023-07-03 13:30:00+00:00,0.0006818636530081413
2023-07-05 13:30:00+00:00,-0.003333022145586739
2023-07-06 13:30:00+00:00,-0.010140891758982928
2023-07-07 13:30:00+00:00,-0.0009019368706556618
2023-07-10 13:30:00+00:00,-0.0012236310884230605
2023-07-11 13:30:00+00:00,0.0016777309037891875
2023-07-12 13:30:00+00:00,0.011159561717490208
2023-07-13 13:30:00+00:00,0.007241815047553046
2023-07-14 13:30:00+00:00,0.001886752771258926
2023-07-17 13:30:00+00:00,0.002466281418853622
2023-07-18 13:30:00+00:00,-0.002395564032456898
2023-07-19 13:30:00+00:00,0.0030274733168382697
2023-07-20 13:30:00+00:00,-0.006001196331644987
2023-07-21 13:30:00+00:00,0.005934860909743367
2023-07-24 13:30:00+00:00,0.0033790119722911685
2023-07-25 13:30:00+00:00,0.0023447282677062533
2023-07-26 13:30:00+00:00,-0.0015875004737977538
2023-07-27 13:30:00+00:00,0.01348222383209018
2023-07-28 13:30:00+00:00,0.010556124600889605
2023-07-31 13:30:00+00:00,0.001383602610049317
2023-08-01 13:30:00+00:00,-0.005055370623547895
2023-08-02 13:30:00+00:00,-0.010683914757672285
2023-08-03 13:30:00+00:00,-0.005373603058478682
2023-08-04 13:30:00+00:00,0.00464509772921583
2023-08-07 13:30:00+00:00,0.004444458207090596
2023-08-08 13:30:00+00:00,-0.008599842222049469
2023-08-09 13:30:00+00:00,0.000857197670708787
2023-08-10 13:30:00+00:00,0.006912850297352324
2023-08-11 13:30:00+00:00,-0.007694986018327643
2023-08-14 13:30:00+00:00,-0.0034602136108189516
2023-08-15 13:30:00+00:00,-0.0021197956690334305
2023-08-16 13:30:00+00:00,-0.0028789409733851576
2023-08-17 13:30:00+00:00,0.0038088214172162685
2023-08-18 13:30:00+00:00,-0.009629986207641005
2023-08-21 13:30:00+00:00,0.004149524183345121
2023-08-22 13:30:00+00:00,0.007039078359765127
2023-08-23 13:30:00+00:00,0.0018665204893908327
2023-08-24 13:30:00+00:00,0.008155888560664282
2023-08-25 13:30:00+00:00,0.0036433529374004683
2023-08-28 13:30:00+00:00,0.007604558496312241
2023-08-29 13:30:00+00:00,-0.0014060375359847943
2023-08-30 13:30:00+00:00,0.0011916003952820887
2023-08-31 13:30:00+00:00,0.001485703535434746
2023-09-01 13:30:00+00:00,0.006668111098609752
2023-09-05 13:30:00+00:00,-0.0027560744758717945
2023-09-06 13:30:00+00:00,-0.002392328590593362
2023-09-07 13:30:00+00:00,-0.014326693508085585
2023-09-08 13:30:00+00:00,0.0003276642288172372
2023-09-11 13:30:00+00:00,0.008801626313786438
2023-09-12 13:30:00+00:00,-0.004335499794799536
2023-09-13 13:30:00+00:00,-9.567504009623243e-05
2023-09-14 13:30:00+00:00,0.0054141293998579585
2023-09-15 13:30:00+00:00,-0.0027460920283795096
2023-09-18 13:30:00+00:00,-0.00289903656892011
2023-09-19 13:30:00+00:00,-0.004534627231042932
2023-09-20 13:30:00+00:00,0.0022445598379663314
2023-09-21 13:30:00+00:00,-0.010573602506425816
2023-09-22 13:30:00+00:00,0.004678398854590415
2023-09-25 13:30:00+00:00,-0.003072305272870401
2023-09-26 13:30:00+00:00,-0.0069086934408019276
2023-09-27 13:30:00+00:00,0.003861385758402658
2023-09-28 13:30:00+00:00,-0.003879123236248738
2023-09-29 13:30:00+00:00,0.010234580031189367
2023-10-02 13:30:00+00:00,-0.00020135496518171027
2023-10-03 13:30:00+00:00,-0.005967988889244336
2023-10-04 13:30:00+00:00,0.0024613746968962127
2023-10-05 13:30:00+00:00,-0.0006960745403792434
2023-10-06 13:30:00+00:00,-0.007070618387711514
2023-10-09 13:30:00+00:00,-0.007926480337061458
2023-10-10 13:30:00+00:00,0.001499595940341869
2023-10-11 13:30:00+00:00,0.00405621785974829
2023-10-12 13:30:00+00:00,0.0008363352110081102
2023-10-13 13:30:00+00:00,0.0028003595035712594
2023-10-16 13:30:00+00:00,0.003374177733505002
2023-10-17 13:30:00+00:00,-0.011016167804311815
2023-10-18 13:30:00+00:00,-0.007050794310520037
2023-10-19 13:30:00+00:00,0.00294184227440496
2023-10-20 13:30:00+00:00,-0.0022545403538624218
2023-10-23 13:30:00+00:00,-0.004178923111949573
2023-10-24 13:30:00+00:00,0.005020484413128512
2023-10-25 13:30:00+00:00,-0.0077111685072277615
2023-10-26 13:30:00+00:00,-0.004175275294732728
2023-10-27 13:30:00+00:00,0.009671664467989272
2023-10-30 13:30:00+00:00,0.008399555321840547
2023-10-31 13:30:00+00:00,-0.0003236487689620814
2023-11-01 13:30:00+00:00,0.0026872279472054286
2023-11-02 13:30:00+00:00,0.01284038966141553
2023-11-03 13:30:00+00:00,0.005064600285413101
2023-11-06 14:30:00+00:00,0.002556110717481841
2023-11-07 14:30:00+00:00,0.002637655681682938
2023-11-08 14:30:00+00:00,0.0013926380824469287
2023-11-09 14:30:00+00:00,0.003071336140597836
2023-11-10 14:30:00+00:00,0.003578616838912907
2023-11-13 14:30:00+00:00,-0.003879531348587439
2023-11-14 14:30:00+00:00,0.017886240196065318
2023-11-15 14:30:00+00:00,0.003652534618567838
2023-11-16 14:30:00+00:00,-0.0027205601699227364
2023-11-17 14:30:00+00:00,-0.0009664998016245651
2023-11-20 14:30:00+00:00,0.000556227678096144
2023-11-21 14:30:00+00:00,-0.004811376811083912
2023-11-22 14:30:00+00:00,0.005804222469496067
2023-11-24 14:30:00+00:00,-0.002050132120629666
2023-11-27 14:30:00+00:00,-0.0009097790222211243
2023-11-28 14:30:00+00:00,-0.0012508760592270351
2023-11-29 14:30:00+00:00,0.005876195324537858
2023-11-30 14:30:00+00:00,0.0003600466251809543
2023-12-01 14:30:00+00:00,-0.003254043593444622
2023-12-04 14:30:00+00:00,-0.009633018426442718
2023-12-05 14:30:00+00:00,-0.004265512983598574
2023-12-06 14:30:00+00:00,0.006625970851998886
2023-12-07 14:30:00+00:00,0.0058179644449960375
2023-12-08 14:30:00+00:00,-0.0043210819148538195
2023-12-11 14:30:00+00:00,-0.004532100661269201
2023-12-12 14:30:00+00:00,-0.0007568837806950612
2023-12-13 14:30:00+00:00,0.0014329720695902437
2023-12-14 14:30:00+00:00,0.004295272268737704
2023-12-15 14:30:00+00:00,0.0023320188157624935
2023-12-18 14:30:00+00:00,-9.327596102016714e-05
2023-12-19 14:30:00+00:00,0.001121750660522991
2023-12-20 14:30:00+00:00,-0.0020901978071503732
2023-12-21 14:30:00+00:00,0.009725402899737546
2023-12-22 14:30:00+00:00,0.0027274483794070717
2023-12-26 14:30:00+00:00,0.0022824968486205746
2023-12-27 14:30:00+00:00,0.0009010131922293386
2023-12-28 14:30:00+00:00,0.0027418865884167756
2023-12-29 14:30:00+00:00,0.00016899697316951078
2024-01-02 14:30:00+00:00,-0.00926968944461427
2024-01-03 14:30:00+00:00,-0.008529581828377607
2024-01-04 14:30:00+00:00,-0.004210377547202338
2024-01-05 14:30:00+00:00,-0.0008022220947984215
2024-01-08 14:30:00+00:00,0.002681549055689281
2024-01-09 14:30:00+00:00,-0.006812556957161886
2024-01-10 14:30:00+00:00,0.001245445188225991
2024-01-11 14:30:00+00:00,0.003326920692792379
2024-01-12 14:30:00+00:00,0.001958713687194125
2024-01-16 14:30:00+00:00,-0.004407823074012118
2024-01-17 14:30:00+00:00,-0.00877084092061865
2024-01-18 14:30:00+00:00,0.009249957320313962
2024-01-19 14:30:00+00:00,0.004332189274868658
2024-01-22 14:30:00+00:00,0.005260867377498746
2024-01-23 14:30:00+00:00,0.0019260110393983676
2024-01-24 14:30:00+00:00,0.008630094770483144
2024-01-25 14:30:00+00:00,0.004660404115536465
2024-01-26 14:30:00+00:00,-0.002398468174784851
2024-01-29 14:30:00+00:00,0.0008899351642068676
2024-01-30 14:30:00+00:00,-0.001633139208602763
2024-01-31 14:30:00+00:00,-0.012073639821036718
2024-02-01 14:30:00+00:00,0.00583574964776411
2024-02-02 14:30:00+00:00,0.0026028695349406997
2024-02-05 14:30:00+00:00,-0.0010571955090104112
2024-02-06 14:30:00+00:00,0.002497228754477099
2024-02-07 14:30:00+00:00,0.005111711792875828
2024-02-08 14:30:00+00:00,0.0002548231372452193
2024-02-09 14:30:00+00:00,0.002981601599331352
2024-02-12 14:30:00+00:00,-0.0007278689537765337
2024-02-13 14:30:00+00:00,-0.021656772667189805
2024-02-14 14:30:00+00:00,0.007955287226877095
2024-02-15 14:30:00+00:00,0.00028775179697747576
2024-02-16 14:30:00+00:00,0.00016780586690078324
2024-02-20 14:30:00+00:00,-0.0061733183420403905
2024-02-21 14:30:00+00:00,-0.006411914985949852
2024-02-22 14:30:00+00:00,0.02066972268740751
2024-02-23 14:30:00+00:00,0.0032151070223276237
2024-02-26 14:30:00+00:00,0.0010020866939865925
2024-02-27 14:30:00+00:00,0.002261659885767864
2024-02-28 14:30:00+00:00,-0.004225907033597165
2024-02-29 14:30:00+00:00,0.00689783215269889
2024-03-01 14:30:00+00:00,0.0010129906398337219
2024-03-04 14:30:00+00:00,-0.0007593246099031447
2024-03-05 14:30:00+00:00,-0.00810675323517197
2024-03-06 14:30:00+00:00,0.00946173638995872
2024-03-07 14:30:00+00:00,0.007122030644304267
2024-03-08 14:30:00+00:00,0.0028938296108946718
2024-03-11 13:30:00+00:00,-0.002119287902917277
2024-03-12 13:30:00+00:00,0.005999587581655186
2024-03-13 13:30:00+00:00,-0.0028991089105047216
2024-03-14 13:30:00+00:00,0.0018422268549942334
2024-03-15 13:30:00+00:00,-0.00536707603682941
2024-03-18 13:30:00+00:00,0.011278455302794688
2024-03-19 13:30:00+00:00,-0.004541315801586354
2024-03-20 13:30:00+00:00,0.001073376193831066
2024-03-21 13:30:00+00:00,0.008930873850305322
2024-03-22 13:30:00+00:00,-0.0009541581772815166
2024-03-25 13:30:00+00:00,-0.005792466411684083
2024-03-26 13:30:00+00:00,0.0037071969110422545
2024-03-27 13:30:00+00:00,0.006584332820961813
2024-03-28 13:30:00+00:00,-0.0014591289950615205
2024-04-01 13:30:00+00:00,0.0009739560617047949
2024-04-02 13:30:00+00:00,-0.012150490418486714
2024-04-03 13:30:00+00:00,-0.0038961010860889653
2024-04-04 13:30:00+00:00,0.008569064577712771
2024-04-05 13:30:00+00:00,0.0027861662023318415
2024-04-08 13:30:00+00:00,0.002156215169603282
2024-04-09 13:30:00+00:00,0.00450194345668774
2024-04-10 13:30:00+00:00,-0.012526219453001485
2024-04-11 13:30:00+00:00,0.003971637385844484
2024-04-12 13:30:00+00:00,-0.0091723231927754
2024-04-15 13:30:00+00:00,0.006167655004814187
2024-04-16 13:30:00+00:00,-0.0019029344176226925
2024-04-17 13:30:00+00:00,0.004755898209136233
2024-04-18 13:30:00+00:00,0.0013231834314448743
2024-04-19 13:30:00+00:00,-0.0035868692513539966
2024-04-22 13:30:00+00:00,0.007367611848030575
2024-04-23 13:30:00+00:00,0.004704785900972552
2024-04-24 13:30:00+00:00,0.006841610649024987
2024-04-25 13:30:00+00:00,-0.021578750338101204
2024-04-26 13:30:00+00:00,0.013324500586184163
2024-04-29 13:30:00+00:00,0.004866103970712732
2024-04-30 13:30:00+00:00,-0.003991016586509921
2024-05-01 13:30:00+00:00,-0.0008491763550662168
2024-05-02 13:30:00+00:00,0.009680530828137125
2024-05-03 13:30:00+00:00,0.01924986948823525
2024-05-06 13:30:00+00:00,0.0031315482962428367
2024-05-07 13:30:00+00:00,0.0004559792498126548
2024-05-08 13:30:00+00:00,-0.006620059354693242
2024-05-09 13:30:00+00:00,0.0011869274314057932
2024-05-10 13:30:00+00:00,0.0025158745938273944
2024-05-13 13:30:00+00:00,0.0035375314938081884
2024-05-14 13:30:00+00:00,7.817177642265313e-05
2024-05-15 13:30:00+00:00,0.005348486371213423
2024-05-16 13:30:00+00:00,-0.0003557131831345538
2024-05-17 13:30:00+00:00,0.0005090386149431026
2024-05-20 13:30:00+00:00,0.0008618156720121451
2024-05-21 13:30:00+00:00,-0.003599255085462005
2024-05-22 13:30:00+00:00,0.00028023735768799583
2024-05-23 13:30:00+00:00,0.01149724485805569
2024-05-24 13:30:00+00:00,0.002932963478050155
2024-05-28 13:30:00+00:00,0.003890445370224638
2024-05-29 13:30:00+00:00,-0.008356887998284167
2024-05-30 13:30:00+00:00,-0.002579183252365735
2024-05-31 13:30:00+00:00,0.001980429342362411
2024-06-03 13:30:00+00:00,0.007708756198699251
2024-06-04 13:30:00+00:00,-0.0003845776001449973
2024-06-05 13:30:00+00:00,0.006866205952859683
2024-06-06 13:30:00+00:00,0.000887249728841455
2024-06-07 13:30:00+00:00,-0.0029520454102677338
2024-06-10 13:30:00+00:00,-0.002999740919086846
2024-06-11 13:30:00+00:00,-0.001967635322618688
2024-06-12 13:30:00+00:00,0.00904458702115728
2024-06-13 13:30:00+00:00,0.005966981597624865
2024-06-14 13:30:00+00:00,-0.002725198835568887
2024-06-17 13:30:00+00:00,0.0003760008245823233
2024-06-18 13:30:00+00:00,-0.00011454697546510176
2024-06-20 13:30:00+00:00,0.002794878356063391
2024-06-21 13:30:00+00:00,-0.0023898666814202827
2024-06-24 13:30:00+00:00,-0.0028756578592886825
2024-06-25 13:30:00+00:00,0.004205916298184442
2024-06-26 13:30:00+00:00,-0.001250313891834287
2024-06-27 13:30:00+00:00,-0.0007296454174866684
2024-06-28 13:30:00+00:00,0.0017153593906324871
2024-07-01 13:30:00+00:00,0.002229087790837292
2024-07-02 13:30:00+00:00,-0.004085710605905357
2024-07-03 13:30:00+00:00,-0.0008011366929466912
2024-07-05 13:30:00+00:00,0.0005761944544968479
2024-07-08 13:30:00+00:00,0.0009406941309597517
2024-07-09 13:30:00+00:00,0.0032297197251536128
2024-07-10 13:30:00+00:00,0.004392890689879347
2024-07-11 13:30:00+00:00,0.0005328362185930025
2024-07-12 13:30:00+00:00,0.0010064931857411863
2024-07-15 13:30:00+00:00,0.004653712471096127
2024-07-16 13:30:00+00:00,0.003240045142946391
2024-07-17 13:30:00+00:00,-0.017450720951479048
2024-07-18 13:30:00+00:00,0.006691743769523073
2024-07-19 13:30:00+00:00,-0.002093756328506957
2024-07-22 13:30:00+00:00,0.010996723042359314
2024-07-23 13:30:00+00:00,-0.0014788688698199714
2024-07-24 13:30:00+00:00,-0.014737680483117976
2024-07-25 13:30:00+00:00,0.0004899104367748098
2024-07-26 13:30:00+00:00,0.008643508186445981
2024-07-29 13:30:00+00:00,0.004883889814998754
2024-07-30 13:30:00+00:00,0.003003038137111103
2024-07-31 13:30:00+00:00,0.02041682110065989
2024-08-01 13:30:00+00:00,0.0026062800545960554
2024-08-02 13:30:00+00:00,-0.024160576561001134
2024-08-05 13:30:00+00:00,-0.06350127138189256
2024-08-06 13:30:00+00:00,0.0036827142299282636
2024-08-07 13:30:00+00:00,0.015508436785150782
2024-08-08 13:30:00+00:00,0.013018205670122674
2024-08-09 13:30:00+00:00,-0.0015105625720257642
2024-08-12 13:30:00+00:00,0.002786770705494035
2024-08-13 13:30:00+00:00,0.009680983259137344
2024-08-14 13:30:00+00:00,0.0022290760876977236
2024-08-15 13:30:00+00:00,0.01164571953707826
2024-08-16 13:30:00+00:00,-0.004538864950694788
2024-08-19 13:30:00+00:00,0.0009219950482091011
2024-08-20 13:30:00+00:00,-0.001648360706424834
2024-08-21 13:30:00+00:00,0.0012229159004559676
2024-08-22 13:30:00+00:00,0.004070462050179679
2024-08-23 13:30:00+00:00,0.008605250918761954
2024-08-26 13:30:00+00:00,-0.000655966573397404
2024-08-27 13:30:00+00:00,-0.004063156571349491
2024-08-28 13:30:00+00:00,-0.0010022637778385301
2024-08-29 13:30:00+00:00,0.003006682878155631
2024-08-30 13:30:00+00:00,0.007553417349693603
2024-09-03 13:30:00+00:00,-0.007335671087736706
2024-09-04 13:30:00+00:00,-0.007137098921719776
2024-09-05 13:30:00+00:00,-0.0013327426884285453
2024-09-06 13:30:00+00:00,0.00048145621083949274
2024-09-09 13:30:00+00:00,0.008577809496115297
2024-09-10 13:30:00+00:00,0.0037520910847590352
2024-09-11 13:30:00+00:00,0.0019867817159331283
2024-09-12 13:30:00+00:00,0.0009555199449031604
2024-09-13 13:30:00+00:00,0.000217597032174044
2024-09-16 13:30:00+00:00,-0.006336223241417927
2024-09-17 13:30:00+00:00,0.006430685383901335
2024-09-18 13:30:00+00:00,0.0019036414332751384
2024-09-19 13:30:00+00:00,0.023093698715091805
2024-09-20 13:30:00+00:00,-0.0009121946951358261
2024-09-23 13:30:00+00:00,0.0024957773729696766
2024-09-24 13:30:00+00:00,0.00391517968502274
2024-09-25 13:30:00+00:00,-0.0014366970119580435
2024-09-26 13:30:00+00:00,0.013456356968584816
2024-09-27 13:30:00+00:00,0.002015977060218821
2024-09-30 13:30:00+00:00,-0.002846186092184799
2024-10-01 13:30:00+00:00,-0.001981914837072007
2024-10-02 13:30:00+00:00,-0.002514258333384267
2024-10-03 13:30:00+00:00,-0.0037612814528669267
2024-10-04 13:30:00+00:00,0.011727981367874552
2024-10-07 13:30:00+00:00,-0.003282872831857697
2024-10-08 13:30:00+00:00,0.005146028756340504
2024-10-09 13:30:00+00:00,-0.0003034447033751885
2024-10-10 13:30:00+00:00,-0.005074955978494622
2024-10-11 13:30:00+00:00,-0.003618221958226153
2024-10-14 13:30:00+00:00,0.004464192306197423
2024-10-15 13:30:00+00:00,0.0006178010544708346
2024-10-16 13:30:00+00:00,0.0008663471884329144
2024-10-17 13:30:00+00:00,0.009162814701702427
2024-10-18 13:30:00+00:00,0.004928973281141269
2024-10-21 13:30:00+00:00,-0.0018885946982301171
2024-10-22 13:30:00+00:00,-0.004854603246673539
2024-10-23 13:30:00+00:00,-0.0042824514692875295
2024-10-24 13:30:00+00:00,0.0057823560842498066
2024-10-25 13:30:00+00:00,0.005172183499561045
2024-10-28 13:30:00+00:00,0.006900559403505413
2024-10-29 13:30:00+00:00,0.0003793612219808896
2024-10-30 13:30:00+00:00,0.0009121149016044661
2024-10-31 13:30:00+00:00,-0.009806568310301144
2024-11-01 13:30:00+00:00,0.005123473096911624
2024-11-04 14:30:00+00:00,-0.0011685482424528381
2024-11-05 14:30:00+00:00,0.0037905690174739773
2024-11-06 14:30:00+00:00,0.017991369902408117
2024-11-07 14:30:00+00:00,0.005218257443744478
2024-11-08 14:30:00+00:00,-0.000843161033224915
2024-11-11 14:30:00+00:00,0.003454795013707146
2024-11-12 14:30:00+00:00,-0.0005637198897071704
2024-11-13 14:30:00+00:00,0.00016245743423602975
2024-11-14 14:30:00+00:00,0.0012191986414153866
2024-11-15 14:30:00+00:00,-0.009401534470046668
2024-11-18 14:30:00+00:00,0.0019241063020187688
2024-11-19 14:30:00+00:00,-0.0050010503349458115
2024-11-20 14:30:00+00:00,-0.0009510957832493782
2024-11-21 14:30:00+00:00,0.005522581524806103
2024-11-22 14:30:00+00:00,-0.00042149875451403797
2024-11-25 14:30:00+00:00,0.007105955188091417
2024-11-26 14:30:00+00:00,0.002746533207299107
2024-11-27 14:30:00+00:00,-0.0022544747496292647
2024-11-29 14:30:00+00:00,0.0013160311655968538
2024-12-02 14:30:00+00:00,0.001838778030190491
2024-12-03 14:30:00+00:00,-0.0021413048165331958
2024-12-04 14:30:00+00:00,0.00537049966583879
2024-12-05 14:30:00+00:00,0.000978344136073328
2024-12-06 14:30:00+00:00,0.0021183043469941046
2024-12-09 14:30:00+00:00,-0.0018965811458112713
2024-12-10 14:30:00+00:00,0.002924882770577664
2024-12-11 14:30:00+00:00,0.007301784170366632
2024-12-12 14:30:00+00:00,-0.00446991560816169
2024-12-13 14:30:00+00:00,0.004539531065663282
2024-12-16 14:30:00+00:00,0.0043863597393614005
2024-12-17 14:30:00+00:00,-0.003979840821482628
2024-12-18 14:30:00+00:00,0.00019439077281612215
2024-12-19 14:30:00+00:00,0.008819376734366714
2024-12-20 14:30:00+00:00,-0.009532335859632212
2024-12-23 14:30:00+00:00,0.003397295874903328
2024-12-24 14:30:00+00:00,0.002611860990023407
2024-12-26 14:30:00+00:00,-0.002690011504553624
2024-12-27 14:30:00+00:00,-0.006273208054613189
2024-12-30 14:30:00+00:00,-0.013365325625819501
2024-12-31 14:30:00+00:00,0.0032135429491695236
2025-01-02 14:30:00+00:00,0.004721725711136926
2025-01-03 14:30:00+00:00,0.005850000425455792
2025-01-06 14:30:00+00:00,0.011637555119795352
2025-01-07 14:30:00+00:00,0.0035798228666770074
2025-01-08 14:30:00+00:00,-0.0011421180440449707
2025-01-10 14:30:00+00:00,-0.008653935667705791
2025-01-13 14:30:00+00:00,-0.013562878239238418
2025-01-14 14:30:00+00:00,0.006168323881033932
2025-01-15 14:30:00+00:00,0.015963518539333633
2025-01-16 14:30:00+00:00,0.003110390650416617
2025-01-17 14:30:00+00:00,0.016305883567291336
2025-01-21 14:30:00+00:00,0.0052077100791967255
2025-01-22 14:30:00+00:00,0.007303609777537845
2025-01-23 14:30:00+00:00,-0.005215091760859336
2025-01-24 14:30:00+00:00,0.001567010145815606
2025-01-27 14:30:00+00:00,-0.03619556288871785
2025-01-28 14:30:00+00:00,0.0038495034694982946
2025-01-29 14:30:00+00:00,-0.002021097810898664
2025-01-30 14:30:00+00:00,0.003221511840527647
2025-01-31 14:30:00+00:00,0.007550746408474962
2025-02-03 14:30:00+00:00,-0.021094006616812832
2025-02-04 14:30:00+00:00,0.0014578096754815806
2025-02-05 14:30:00+00:00,-0.006254911457560086
2025-02-06 14:30:00+00:00,0.0016011699411444425
2025-02-07 14:30:00+00:00,-0.0009650516470174452
2025-02-10 14:30:00+00:00,0.007315680361937404
2025-02-11 14:30:00+00:00,-0.005789287958258294
2025-02-12 14:30:00+00:00,-0.010655441546221122
2025-02-13 14:30:00+00:00,0.002290372748657388
2025-02-14 14:30:00+00:00,0.00046050781773264725
2025-02-18 14:30:00+00:00,0.0030847997202181235
2025-02-19 14:30:00+00:00,-0.0024331749686316126
2025-02-20 14:30:00+00:00,-0.0014492326269866073
2025-02-21 14:30:00+00:00,0.0021206833016200635
2025-02-24 14:30:00+00:00,0.0033234690799879177
2025-02-25 14:30:00+00:00,-0.0023979454593399227
2025-02-26 14:30:00+00:00,0.004258666293281743
2025-02-27 14:30:00+00:00,0.007087299730620822
2025-02-28 14:30:00+00:00,-0.003726427803259169
2025-03-03 14:30:00+00:00,0.003936661044101608
2025-03-04 14:30:00+00:00,-0.00956909927381756
2025-03-05 14:30:00+00:00,0.0014209353725837981
2025-03-06 14:30:00+00:00,-0.018868190076469126
2025-03-07 14:30:00+00:00,-0.0022810609156759362
2025-03-10 13:30:00+00:00,-0.019659028021894575
2025-03-11 13:30:00+00:00,-0.0015443557422029186
2025-03-12 13:30:00+00:00,0.01568968651492274
2025-03-13 13:30:00+00:00,-0.0029268020185023833
2025-03-14 13:30:00+00:00,0.0126313697795306
2025-03-17 13:30:00+00:00,-0.001877099334726362
2025-03-18 13:30:00+00:00,-0.008303303475288636
2025-03-19 13:30:00+00:00,0.004813129264551452
2025-03-20 13:30:00+00:00,-0.009380067215321818
2025-03-21 13:30:00+00:00,-0.009810298445095966
2025-03-24 13:30:00+00:00,0.014640099153977671
2025-03-25 13:30:00+00:00,0.0009655504105316904
2025-03-26 13:30:00+00:00,-0.003084332122739963
2025-03-27 13:30:00+00:00,-0.005004139957037646
2025-03-28 13:30:00+00:00,-0.0047022982639880586
2025-03-31 13:30:00+00:00,-0.016122105738952574
2025-04-01 13:30:00+00:00,-0.00459372693693606
2025-04-02 13:30:00+00:00,-0.014018761131203383
2025-04-03 13:30:00+00:00,-0.046149607744921176
2025-04-04 13:30:00+00:00,-0.030613061735831126
2025-04-07 13:30:00+00:00,-0.03921778155190449
2025-04-08 13:30:00+00:00,0.036929459364022574
2025-04-09 13:30:00+00:00,0.0017031461513565716
2025-04-10 13:30:00+00:00,-0.028685245070560705
2025-04-11 13:30:00+00:00,-0.0018562536180159017
2025-04-14 13:30:00+00:00,0.023576608597717364
2025-04-15 13:30:00+00:00,0.0005481994421261294
2025-04-16 13:30:00+00:00,-0.019328270905674027
2025-04-17 13:30:00+00:00,0.0055913985013773424
2025-04-21 13:30:00+00:00,-0.014448763965444044
2025-04-22 13:30:00+00:00,0.01307127786814032
2025-04-23 13:30:00+00:00,0.035473877446360755
2025-04-24 13:30:00+00:00,0.002695597462955879
2025-04-25 13:30:00+00:00,0.0008361689345741552
2025-04-28 13:30:00+00:00,0.0003596595642840651
2025-04-29 13:30:00+00:00,-0.005591787118402036
2025-04-30 13:30:00+00:00,-0.02079372975715522
2025-05-01 13:30:00+00:00,0.01977813973337449
2025-05-02 13:30:00+00:00,0.008822243178932643
2025-05-05 13:30:00+00:00,-0.009039988470979431
2025-05-06 13:30:00+00:00,-0.012486590517270201
2025-05-07 13:30:00+00:00,0.0008706190917937451
2025-05-08 13:30:00+00:00,0.010159814590233952
2025-05-09 13:30:00+00:00,0.005166031666348647
2025-05-12 13:30:00+00:00,0.04148870853621521
2025-05-13 13:30:00+00:00,0.0027271148290941463
2025-05-14 13:30:00+00:00,0.0032998187229109524
2025-05-15 13:30:00+00:00,-0.006136008567435358
2025-05-16 13:30:00+00:00,0.0019520140599751268
2025-05-19 13:30:00+00:00,-0.014345914760987687
2025-05-20 13:30:00+00:00,-0.004440275307278208
2025-05-21 13:30:00+00:00,-0.007401551218703906
2025-05-22 13:30:00+00:00,0.0007165341859784902
2025-05-23 13:30:00+00:00,-0.016128930506454153
2025-05-27 13:30:00+00:00,0.014695612674144865
2025-05-28 13:30:00+00:00,0.0016427316665259429
2025-05-29 13:30:00+00:00,0.015001412817043914
2025-05-30 13:30:00+00:00,-0.002428365779541652
2025-06-02 13:30:00+00:00,-0.0027530080470047455
2025-06-03 13:30:00+00:00,0.002293167181880651
2025-06-04 13:30:00+00:00,0.0017546619966355315
2025-06-05 13:30:00+00:00,0.0028654435052752783
2025-06-06 13:30:00+00:00,0.011742454957621929
2025-06-09 13:30:00+00:00,0.002111547289049376
2025-06-10 13:30:00+00:00,0.0013735739177118567
2025-06-11 13:30:00+00:00,0.003164984656840664
2025-06-12 13:30:00+00:00,-0.001986824202050108
2025-06-13 13:30:00+00:00,-0.010859600862007778
2025-06-16 13:30:00+00:00,0.007315941773882162
2025-06-17 13:30:00+00:00,-0.003862756492997954
2025-06-18 13:30:00+00:00,0.0001986553605186515
2025-06-20 13:30:00+00:00,0.004665135610715454
2025-06-23 13:30:00+00:00,-0.0011490029500634935
2025-06-24 13:30:00+00:00,0.009000336412379396
2025-06-25 13:30:00+00:00,0.004993271696575252
2025-06-26 13:30:00+00:00,0.004337802414090974
2025-06-27 13:30:00+00:00,0.0023469371884674464
2025-06-30 13:30:00+00:00,0.004176006617333294
2025-07-01 13:30:00+00:00,-0.0039842484377190625
2025-07-02 13:30:00+00:00,-0.0010167739764962546
2025-07-03 13:30:00+00:00,0.005025711083590056
2025-07-07 13:30:00+00:00,-0.005466161526382474
2025-07-08 13:30:00+00:00,0.0025655286804111446
2025-07-09 13:30:00+00:00,0.004975255503693698
2025-07-10 13:30:00+00:00,0.0011197472454766877
2025-07-11 13:30:00+00:00,-0.003385367330064126
2025-07-14 13:30:00+00:00,0.0002415627501532903
2025-07-15 13:30:00+00:00,0.00873850630341132
2025-07-16 13:30:00+00:00,0.001834913971183949
2025-07-17 13:30:00+00:00,0.001338947067230245
2025-07-18 13:30:00+00:00,0.0034392683729007503
2025-07-21 13:30:00+00:00,0.002995366082934703
2025-07-22 13:30:00+00:00,0.0002829112804247803
2025-07-23 13:30:00+00:00,0.003431438600355319
2025-07-24 13:30:00+00:00,0.002935238913795979
2025-07-25 13:30:00+00:00,-6.0442921861025004e-06
2025-07-28 13:30:00+00:00,0.0031252721731100832
2025-07-29 13:30:00+00:00,0.005006131978682482
2025-07-30 13:30:00+00:00,0.0018959593879983472
2025-07-31 13:30:00+00:00,0.015414229426538462
2025-08-01 13:30:00+00:00,-0.013915092687782026
2025-08-04 13:30:00+00:00,0.009768184287194826
2025-08-05 13:30:00+00:00,0.0017295953043170332
2025-08-06 13:30:00+00:00,0.001748771447999109
2025-08-07 13:30:00+00:00,0.0072497452610509215
2025-08-08 13:30:00+00:00,0.0033680113443386064
2025-08-11 13:30:00+00:00,0.00034899070422621535
2025-08-12 13:30:00+00:00,0.005606653149851748
2025-08-13 13:30:00+00:00,0.003711953248375577
2025-08-14 13:30:00+00:00,-0.003044285610456232
2025-08-15 13:30:00+00:00,-0.00016126379931092884
2025-08-18 13:30:00+00:00,-0.0003848893222144877
2025-08-19 13:30:00+00:00,-0.0011319255814423834
2025-08-20 13:30:00+00:00,-0.002224297665939023
2025-08-21 13:30:00+00:00,-0.0029498674969356095
2025-08-22 13:30:00+00:00,0.0017729360007383455
2025-08-25 13:30:00+00:00,-0.0014987535057423673
2025-08-26 13:30:00+00:00,-0.0003637944366600253
2025-08-27 13:30:00+00:00,-0.0009326786433384692
2025-08-28 13:30:00+00:00,0.001249176309498823
2025-08-29 13:30:00+00:00,-0.0035475708811322335
2025-09-02 13:30:00+00:00,-0.017297436342321847
2025-09-03 13:30:00+00:00,0.008452779942600176
2025-09-04 13:30:00+00:00,0.001862053043753409
2025-09-05 13:30:00+00:00,0.0069366770415544175
2025-09-08 13:30:00+00:00,0.0047768743362195274
2025-09-09 13:30:00+00:00,0.0026281766920224106
2025-09-10 13:30:00+00:00,0.004521194274496698
2025-09-11 13:30:00+00:00,0.0040788692021167415
2025-09-12 13:30:00+00:00,0.0015132302066302894
2025-09-15 13:30:00+00:00,0.004511316112401509
2025-09-16 13:30:00+00:00,0.0020813300520163727
2025-09-17 13:30:00+00:00,-0.0001421513341334334
2025-09-18 13:30:00+00:00,0.00788601414430733
2025-09-19 13:30:00+00:00,0.003619944938765263
2025-09-22 13:30:00+00:00,-0.0011998230997025793
2025-09-23 13:30:00+00:00,-0.000374683882132587
2025-09-24 13:30:00+00:00,0.0035568957078262356
2025-09-25 13:30:00+00:00,-0.008060305945774015
2025-09-26 13:30:00+00:00,0.0007295984823618596
2025-09-29 13:30:00+00:00,0.005291838179878094
2025-09-30 13:30:00+00:00,-0.0005776656096928678
2025-10-01 13:30:00+00:00,-0.005795520355458284
2025-10-02 13:30:00+00:00,0.005645520289783146
2025-10-03 13:30:00+00:00,0.0017433409820013402
2025-10-06 13:30:00+00:00,0.004897247424277651
2025-10-07 13:30:00+00:00,0.001238142291059885
2025-10-08 13:30:00+00:00,0.002706737266490833
2025-10-09 13:30:00+00:00,-1.5410904246515505e-05
2025-10-10 13:30:00+00:00,0.000720368065415078
2025-10-13 13:30:00+00:00,0.01675430518333364
2025-10-14 13:30:00+00:00,-0.013608508008853947
2025-10-15 13:30:00+00:00,0.009526306574128663
2025-10-16 13:30:00+00:00,0.004060563711065768
2025-10-17 13:30:00+00:00,-0.003323418934524047
2025-10-20 13:30:00+00:00,0.007168510684287799
2025-10-21 13:30:00+00:00,-0.0003604671962549432
2025-10-22 13:30:00+00:00,-0.0006611677530800164
2025-10-23 13:30:00+00:00,0.0003806286306422436
2025-10-24 13:30:00+00:00,0.008680029493788755
2025-10-27 13:30:00+00:00,0.014226785032067858
2025-10-28 13:30:00+00:00,0.005357438950024595
2025-10-29 13:30:00+00:00,0.006606490131909159
2025-10-30 13:30:00+00:00,-0.0070032212885953295
2025-10-31 13:30:00+00:00,0.015193521106975794
2025-11-03 14:30:00+00:00,0.009465841619207039
2025-11-04 14:30:00+00:00,-0.01589669299735642
2025-11-05 14:30:00+00:00,0.0003038645183439549
2025-11-06 14:30:00+00:00,-0.0017388104353942668
2025-11-07 14:30:00+00:00,-0.0070866565771262715
2025-11-10 14:30:00+00:00,0.01512788811039666
2025-11-11 14:30:00+00:00,-0.005177075532103792
2025-11-12 14:30:00+00:00,0.003970983382671311
2025-11-13 14:30:00+00:00,-0.006244470660644941
2025-11-14 14:30:00+00:00,-0.014338458895008076
2025-11-17 14:30:00+00:00,-0.00500247334308902
2025-11-18 14:30:00+00:00,-0.006360766323096134
2025-11-19 14:30:00+00:00,0.0010777336510987446
2025-11-20 14:30:00+00:00,0.021738525888682626
2025-11-21 14:30:00+00:00,0.003739981061507514
2025-11-24 14:30:00+00:00,0.009287120119517923
2025-11-25 14:30:00+00:00,-0.003123790080482702
2025-11-26 14:30:00+00:00,0.005875942866556005
2025-11-28 14:30:00+00:00,0.0032125745998143776
2025-12-01 14:30:00+00:00,-0.008374937050879116
2025-12-02 14:30:00+00:00,0.004360836713371607
2025-12-03 14:30:00+00:00,-0.004289426265822416
2025-12-04 14:30:00+00:00,0.0030214571952153937
2025-12-05 14:30:00+00:00,0.002564476986084852
2025-12-08 14:30:00+00:00,0.00244854144751282
2025-12-09 14:30:00+00:00,-0.0018536392722293793
2025-12-10 14:30:00+00:00,-0.0018173987295175941
2025-12-11 14:30:00+00:00,-0.006227029933716832
2025-12-12 14:30:00+00:00,-0.004549896589883373
2025-12-15 14:30:00+00:00,0.0057145355726757495
2025-12-16 14:30:00+00:00,-0.0033783319218316896
2025-12-17 14:30:00+00:00,0.0009448684990231882
2025-12-18 14:30:00+00:00,0.01394555305198918
2025-12-19 14:30:00+00:00,0.004922133825769659
2025-12-22 14:30:00+00:00,0.006031478096830012
2025-12-23 14:30:00+00:00,-0.001001916967451566
2025-12-24 14:30:00+00:00,-0.00035000700450661383
2025-12-26 14:30:00+00:00,0.0012805607354497873
2025-12-29 14:30:00+00:00,-0.007662377340368687
2025-12-30 14:30:00+00:00,-0.000469751990765832
2025-12-31 14:30:00+00:00,-2.4440616621224014e-05
2026-01-02 14:30:00+00:00,0.010204625274550672
2026-01-05 14:30:00+00:00,0.009111674251299318
2026-01-06 14:30:00+00:00,0.002085887236134887
2026-01-07 14:30:00+00:00,-0.00019679706234599904
2026-01-08 14:30:00+00:00,-0.0016009336115133776
2026-01-09 14:30:00+00:00,0.0005895823160815162
2026-01-12 14:30:00+00:00,-0.004090847651651697
2026-01-13 14:30:00+00:00,-4.8649401070088776e-05
2026-01-14 14:30:00+00:00,-0.0062556315593461755
2026-01-15 14:30:00+00:00,0.009367581374418277
2026-01-16 14:30:00+00:00,0.004560851289534529
2026-01-20 14:30:00+00:00,-0.015949244344627977
2026-01-21 14:30:00+00:00,0.002660237468913296
2026-01-22 14:30:00+00:00,0.00919568548195836
2026-01-23 14:30:00+00:00,0.00010909654126488597
2026-01-26 14:30:00+00:00,0.0010930886293816112
2026-01-27 14:30:00+00:00,0.005551819578718742
2026-01-28 14:30:00+00:00,0.006114432825680349
2026-01-29 14:30:00+00:00,-0.0012119921761858498
2026-01-30 14:30:00+00:00,-0.004582063294455441
2026-02-02 14:30:00+00:00,-0.003990629490132414
2026-02-03 14:30:00+00:00,0.0030930200444401093
2026-02-04 14:30:00+00:00,-0.00174135071666216
2026-02-05 14:30:00+00:00,-0.013222290207889464
2026-02-06 14:30:00+00:00,0.0036581508774708896
2026-02-09 14:30:00+00:00,-0.003528855883405468
2026-02-10 14:30:00+00:00,0.001300716192425433
2026-02-11 14:30:00+00:00,0.007510370407318267
2026-02-12 14:30:00+00:00,0.0032120991279194103
2026-02-13 14:30:00+00:00,-0.0016793784839263081
2026-02-17 14:30:00+00:00,-0.0068375872701544995
2026-02-18 14:30:00+00:00,0.002179558942714477
2026-02-19 14:30:00+00:00,-0.005099202136266146
2026-02-20 14:30:00+00:00,-0.006291986986244902
2026-02-23 14:30:00+00:00,-0.0020706139480996086
2026-02-24 14:30:00+00:00,0.0005333100909594602
2026-02-25 14:30:00+00:00,0.00608142311546932
2026-02-26 14:30:00+00:00,-0.0023244221610420166
2026-02-27 14:30:00+00:00,-0.011593434500075116
2026-03-02 14:30:00+00:00,-0.015367715561198547
2026-03-03 14:30:00+00:00,-0.020166510889625632
2026-03-04 14:30:00+00:00,0.004527730559233711
2026-03-05 14:30:00+00:00,-0.004484954566201693
2026-03-06 14:30:00+00:00,-0.014510323672505054
2026-03-09 13:30:00+00:00,-0.009195578867143405
2026-03-10 13:30:00+00:00,0.001089209321666107
2026-03-11 13:30:00+00:00,0.003167814969819538
2026-03-12 13:30:00+00:00,-0.008443895216943453
2026-03-13 13:30:00+00:00,0.004996757329958734
2026-03-16 13:30:00+00:00,0.010532319792358125
2026-03-17 13:30:00+00:00,0.0036476059701908595
2026-03-18 13:30:00+00:00,-0.0026609237015030704
2026-03-19 13:30:00+00:00,-0.012802037085218997
2026-03-20 13:30:00+00:00,-0.004688330084268178
2026-03-23 13:30:00+00:00,0.015983527554644928
2026-03-24 13:30:00+00:00,-0.006440806466928473
2026-03-25 13:30:00+00:00,0.011137032053597052
2026-03-26 13:30:00+00:00,-0.010890814590720287
2026-03-27 13:30:00+00:00,-0.0057469624814009525
2026-03-30 13:30:00+00:00,0.006959305061926757
2026-03-31 13:30:00+00:00,0.012869180760968203
2026-04-01 13:30:00+00:00,0.006947418119277893
2026-04-02 13:30:00+00:00,-0.016968758029239483
2026-04-06 13:30:00+00:00,0.0026707205944578208
2026-04-07 13:30:00+00:00,-0.003248251049579831
2026-04-08 13:30:00+00:00,0.03638682057410979
2026-04-09 13:30:00+00:00,0.0004018502275626613
2026-04-10 13:30:00+00:00,0.003908787617096887
2026-04-13 13:30:00+00:00,-0.002442942518855029
2026-04-14 13:30:00+00:00,0.006273422240381732
2026-04-15 13:30:00+00:00,0.0019744911535444112
2026-04-16 13:30:00+00:00,0.0018332798859355016
2026-04-17 13:30:00+00:00,0.009662829662328665
2026-04-20 13:30:00+00:00,-0.0021823185951441834
2026-04-21 13:30:00+00:00,0.0023974693974764152
2026-04-22 13:30:00+00:00,0.00824088768305552
2026-04-23 13:30:00+00:00,-0.004310484292824668
2026-04-24 13:30:00+00:00,0.007186066938437363
2026-04-27 13:30:00+00:00,-0.001588085525244376
2026-04-28 13:30:00+00:00,-0.011251532369423011
2026-04-29 13:30:00+00:00,-0.0024220867247086828
2026-04-30 13:30:00+00:00,0.007466870705935535
2026-05-01 13:30:00+00:00,0.003333932557768582
2026-05-04 13:30:00+00:00,-0.00018997874028671137
2026-05-05 13:30:00+00:00,0.007522530583852427
2026-05-06 13:30:00+00:00,0.00657449218511118
2026-05-07 13:30:00+00:00,0.0015394375706421104
2026-05-08 13:30:00+00:00,0.005786954548681489
2026-05-11 13:30:00+00:00,-0.004346156845571725
2026-05-12 13:30:00+00:00,-0.0072218756864503965
2026-05-13 13:30:00+00:00,0.0021788530314608037
2026-05-14 13:30:00+00:00,0.0007760912673606569
2026-05-15 13:30:00+00:00,-0.01310161110395337
2026-05-18 13:30:00+00:00,0.0023537374382525014
2026-05-19 13:30:00+00:00,-0.006509948336835947
2026-05-20 13:30:00+00:00,0.00456932773578721
2026-05-21 13:30:00+00:00,-0.004924457578437636
2026-05-22 13:30:00+00:00,0.003264416474825216
2026-05-26 13:30:00+00:00,0.009258091825001803
2026-05-27 13:30:00+00:00,0.0013728204148253265
2026-05-28 13:30:00+00:00,0.00034232229970697646
2026-05-29 13:30:00+00:00,0.0015111892942438643
2026-06-01 13:30:00+00:00,-0.0008429409207732052
2026-06-02 13:30:00+00:00,-0.0021947550940635383
2026-06-03 13:30:00+00:00,-0.0001387829450485544
2026-06-04 13:30:00+00:00,-0.010328639579880738
2026-06-05 13:30:00+00:00,-0.01107132131926648
2026-06-08 13:30:00+00:00,0.013733081064918096
2026-06-09 13:30:00+00:00,0.0068669401579663945
2026-06-10 13:30:00+00:00,-0.006593678368816203
2026-06-11 13:30:00+00:00,0.00547338432924781
2026-06-12 13:30:00+00:00,-0.0011190285765397933
2026-06-15 13:30:00+00:00,0.021468777448897736
2026-06-16 13:30:00+00:00,-0.0013730035630486026
2026-06-17 13:30:00+00:00,0.004354009519362367
2026-06-18 13:30:00+00:00,0.014847508423346135
2026-06-22 13:30:00+00:00,-0.0014054993746860478
2026-06-23 13:30:00+00:00,-0.023673557625309437
2026-06-24 13:30:00+00:00,-0.00042906980188029954
2026-06-25 13:30:00+00:00,0.009639850537103579
2026-06-26 13:30:00+00:00,-0.010084362584099293
2026-06-29 13:30:00+00:00,0.007982606587931585
2026-06-30 13:30:00+00:00,6.770157017687026e-05
2026-07-01 13:30:00+00:00,-0.00674579208243532
2026-07-02 13:30:00+00:00,0.0001823177507285113
2026-07-06 13:30:00+00:00,0.006362338334747075
2026-07-07 13:30:00+00:00,-0.006264706923879493
2026-07-08 13:30:00+00:00,-0.004516540858203755
2026-07-09 13:30:00+00:00,0.0017422480892583692
2026-07-10 13:30:00+00:00,-0.0012963098922576077
2026-07-13 13:30:00+00:00,-0.007454908345486355
2026-07-14 13:30:00+00:00,0.0054003114651483995
2026-07-15 13:30:00+00:00,0.005805307549928462
2026-07-16 13:30:00+00:00,-0.004433209465744115
2026-07-17 13:30:00+00:00,-0.018247375576517132
